ReTr(L*),ImTr(Lx),ImTr(Ly),ImTr(Lz),ImTr(L5)
0.953239,-0.00600645,null,null,null
-0.786634,null,-0.312059,null,null
-0.474903,null,null,0.614046,null
0.00399534,null,null,null,0.0064045
0.959472,-0.00398674,null,null,null
-0.588294,null,-0.248807,null,null
-0.639628,null,null,0.563776,null
0.000937659,null,null,null,-0.0165047
0.95856,-0.00410354,null,null,null
-0.75164,null,-0.281193,null,null
-0.598426,null,null,0.418642,null
-0.00273711,null,null,null,-0.0157309
0.956346,-0.00576905,null,null,null
-0.6716,null,-0.260408,null,null
-0.591851,null,null,0.2905,null
0.00861926,null,null,null,-0.0018648
0.957753,-0.00622306,null,null,null
-0.711181,null,-0.165366,null,null
-0.704936,null,null,0.238175,null
-0.00625881,null,null,null,-0.00521681
0.960341,-0.00337384,null,null,null
-0.646476,null,-0.261669,null,null
-0.645839,null,null,0.379241,null
-0.010456,null,null,null,-0.00806354
0.959607,-0.00361636,null,null,null
-0.531258,null,-0.113073,null,null
-0.860431,null,null,0.432226,null
-0.00731271,null,null,null,0.00262159
0.95901,-0.00111269,null,null,null
-0.906709,null,0.0373975,null,null
-0.736542,null,null,0.281524,null
0.00632996,null,null,null,-0.00476302
0.95773,0.00115346,null,null,null
-0.836448,null,0.042125,null,null
-0.763879,null,null,0.221078,null
0.00493529,null,null,null,-0.00350959
0.958504,-0.00365563,null,null,null
-0.707553,null,0.113956,null,null
-0.611299,null,null,0.213426,null
0.011109,null,null,null,-0.00240215
0.954351,-0.000899518,null,null,null
-0.770818,null,0.100384,null,null
-0.662324,null,null,0.175856,null
0.00175672,null,null,null,-0.0174156
0.96043,-0.00553009,null,null,null
-0.690762,null,0.0994109,null,null
-0.760997,null,null,0.479982,null
0.00134005,null,null,null,0.00414405
0.957759,-0.0018884,null,null,null
-0.645814,null,0.0251835,null,null
-0.783741,null,null,0.373791,null
-0.00250649,null,null,null,-0.00251569
0.959021,-0.00404626,null,null,null
-0.498449,null,0.215739,null,null
-0.680499,null,null,0.383493,null
-0.00148811,null,null,null,0.00958611
0.95988,0.000149824,null,null,null
-0.541011,null,0.145173,null,null
-0.468011,null,null,0.422039,null
-0.0103237,null,null,null,-0.00264248
0.960987,0.00647471,null,null,null
-0.529061,null,0.104325,null,null
-0.733383,null,null,0.266986,null
-0.00583321,null,null,null,0.00234637
0.962296,0.00291033,null,null,null
-0.460376,null,0.165742,null,null
-0.64769,null,null,0.367315,null
0.0019048,null,null,null,0.0147439
0.962791,0.00492488,null,null,null
-0.509382,null,0.256016,null,null
-0.62727,null,null,0.299623,null
0.00243895,null,null,null,0.00508069
0.961016,-0.000311715,null,null,null
-0.557245,null,0.23123,null,null
-0.4951,null,null,0.445952,null
-0.00375819,null,null,null,0.0112184
0.956945,0.00887349,null,null,null
-0.495169,null,0.0124928,null,null
-0.457365,null,null,0.308206,null
0.00458419,null,null,null,0.00222756
0.958185,0.00949227,null,null,null
-0.483189,null,-0.0421139,null,null
-0.399245,null,null,0.372871,null
-0.0066952,null,null,null,0.00197644
0.960348,0.00565388,null,null,null
-0.483575,null,-0.107259,null,null
-0.473115,null,null,0.255607,null
0.00686322,null,null,null,-0.000852964
0.962264,0.00447976,null,null,null
-0.522335,null,-0.0403683,null,null
-0.473676,null,null,0.27826,null
-0.00448136,null,null,null,-0.0134696
0.964928,0.00672281,null,null,null
-0.611905,null,0.0337399,null,null
-0.413645,null,null,0.242914,null
0.00166383,null,null,null,-0.00614866
0.967838,0.00576179,null,null,null
-0.632071,null,0.0715993,null,null
-0.520813,null,null,0.321356,null
0.00515179,null,null,null,-0.00639701
0.969073,0.00700019,null,null,null
-0.681906,null,0.073488,null,null
-0.574805,null,null,0.323105,null
0.0026864,null,null,null,0.00524764
0.971656,0.00775819,null,null,null
-0.587322,null,0.0774919,null,null
-0.574519,null,null,0.285463,null
0.00360407,null,null,null,0.00525139
0.96997,0.00418674,null,null,null
-0.539991,null,0.0774051,null,null
-0.560562,null,null,0.164172,null
-0.00132938,null,null,null,0.00658036
0.968609,0.00312235,null,null,null
-0.563856,null,0.037993,null,null
-0.531844,null,null,0.309777,null
-0.00963569,null,null,null,0.0107481
0.965986,0.00592826,null,null,null
-0.494049,null,0.0558222,null,null
-0.464661,null,null,0.305631,null
-0.0115683,null,null,null,0.00349005
0.967976,0.00644537,null,null,null
-0.44793,null,0.103154,null,null
-0.655452,null,null,0.368626,null
-6.42477e-05,null,null,null,-0.00192905
0.964762,0.00215337,null,null,null
-0.480839,null,0.0497112,null,null
-0.555536,null,null,0.32415,null
0.0018035,null,null,null,-0.00192508
0.96271,0.00201066,null,null,null
-0.480806,null,0.14721,null,null
-0.596583,null,null,0.315999,null
0.0021933,null,null,null,-0.00832936
0.959044,0.000533301,null,null,null
-0.534679,null,0.033198,null,null
-0.426484,null,null,0.557749,null
-0.00232305,null,null,null,2.41279e-05
0.954,0.00121837,null,null,null
-0.491793,null,0.0930551,null,null
-0.470356,null,null,0.405832,null
0.00179967,null,null,null,-0.00532821
0.958488,-0.0015043,null,null,null
-0.487165,null,0.0174289,null,null
-0.353696,null,null,0.391054,null
-0.00631791,null,null,null,-0.00179604
0.96276,0.00124354,null,null,null
-0.552767,null,0.017388,null,null
-0.294109,null,null,0.224637,null
-0.0155055,null,null,null,0.000312676
0.962788,-0.00131887,null,null,null
-0.473804,null,-0.0636401,null,null
-0.359556,null,null,0.274905,null
0.00371685,null,null,null,-0.000195843
0.963222,-0.00110379,null,null,null
-0.455863,null,-0.0915968,null,null
-0.462791,null,null,0.218,null
0.00187725,null,null,null,0.00614095
0.964695,0.00275124,null,null,null
-0.46407,null,-0.164442,null,null
-0.407579,null,null,0.16723,null
-0.00699136,null,null,null,-0.0124122
0.964776,5.56813e-05,null,null,null
-0.365056,null,-0.19127,null,null
-0.33244,null,null,0.233563,null
0.00901839,null,null,null,-0.0017751
0.963374,-0.00368651,null,null,null
-0.407776,null,-0.228475,null,null
-0.38361,null,null,0.260185,null
0.00488531,null,null,null,-0.00785589
0.960878,-0.00775992,null,null,null
-0.34788,null,-0.147358,null,null
-0.51101,null,null,0.185865,null
0.00365505,null,null,null,-0.00466654
0.96258,-0.0145871,null,null,null
-0.382835,null,-0.119364,null,null
-0.51562,null,null,0.14874,null
0.00656995,null,null,null,0.00478506
0.965664,-0.0137056,null,null,null
-0.417655,null,-0.123195,null,null
-0.532663,null,null,0.209011,null
-0.00235777,null,null,null,0.00472081
0.964056,-0.0132344,null,null,null
-0.315054,null,-0.187785,null,null
-0.546107,null,null,0.0758386,null
-0.0081635,null,null,null,-0.00765575
0.961904,-0.00835296,null,null,null
-0.341313,null,-0.0820014,null,null
-0.631364,null,null,0.0882702,null
0.00997673,null,null,null,0.00242545
0.960044,-0.00946993,null,null,null
-0.387746,null,0.0142985,null,null
-0.621069,null,null,0.0630219,null
0.00391791,null,null,null,-0.00602716
0.956198,-0.0108983,null,null,null
-0.346296,null,0.0342985,null,null
-0.533432,null,null,0.129183,null
-0.00228405,null,null,null,-0.00234378
0.956198,-0.0108983,null,null,null
-0.346296,null,0.0342985,null,null
-0.533432,null,null,0.129183,null
-0.00228405,null,null,null,-0.00234378
0.953214,-0.00836169,null,null,null
-0.375026,null,-0.0258167,null,null
-0.598788,null,null,0.0873095,null
-0.00301686,null,null,null,-0.00321304
0.95432,-0.00895794,null,null,null
-0.32055,null,-0.0308491,null,null
-0.559315,null,null,0.0278737,null
-0.00460024,null,null,null,-0.00115287
0.95432,-0.00895794,null,null,null
-0.32055,null,-0.0308491,null,null
-0.559315,null,null,0.0278737,null
-0.00460024,null,null,null,-0.00115287
0.95432,-0.00895794,null,null,null
-0.32055,null,-0.0308491,null,null
-0.559315,null,null,0.0278737,null
-0.00460024,null,null,null,-0.00115287
0.957855,-0.00712748,null,null,null
-0.33758,null,-0.0576434,null,null
-0.55541,null,null,0.0185482,null
0.00456151,null,null,null,0.00701939
0.95883,-0.0035373,null,null,null
-0.37166,null,-0.0895543,null,null
-0.499308,null,null,-0.0503772,null
0.000225688,null,null,null,0.000183596
0.958325,0.00156208,null,null,null
-0.364717,null,-0.0659587,null,null
-0.550419,null,null,-0.0934904,null
0.0134676,null,null,null,0.0153157
0.958325,0.00156208,null,null,null
-0.364717,null,-0.0659587,null,null
-0.550419,null,null,-0.0934904,null
0.0134676,null,null,null,0.0153157
0.95788,0.00286609,null,null,null
-0.432446,null,0.0516168,null,null
-0.585076,null,null,-0.156434,null
-0.00136513,null,null,null,0.0056815
0.957157,-0.00139506,null,null,null
-0.372042,null,0.0201547,null,null
-0.59491,null,null,-0.201306,null
0.0100084,null,null,null,0.00221278
0.957157,-0.00139506,null,null,null
-0.372042,null,0.0201547,null,null
-0.59491,null,null,-0.201306,null
0.0100084,null,null,null,0.00221279
0.956187,0.000421366,null,null,null
-0.312659,null,0.00669835,null,null
-0.559543,null,null,-0.170992,null
0.00107264,null,null,null,0.000891121
0.956187,0.000421366,null,null,null
-0.312659,null,0.00669835,null,null
-0.559543,null,null,-0.170992,null
0.00107264,null,null,null,0.000891121
0.95789,0.00225461,null,null,null
-0.26789,null,0.161909,null,null
-0.537687,null,null,-0.299095,null
0.00709474,null,null,null,-0.00432664
0.956395,0.00316617,null,null,null
-0.301045,null,0.0874535,null,null
-0.590786,null,null,-0.28552,null
-0.00188053,null,null,null,0.00597501
0.952746,0.00641596,null,null,null
-0.412013,null,0.111237,null,null
-0.660845,null,null,-0.193531,null
0.000197456,null,null,null,0.00787077
0.955274,0.00632903,null,null,null
-0.351367,null,0.139056,null,null
-0.846556,null,null,-0.154871,null
-0.00488243,null,null,null,-0.00585479
0.955274,0.00632903,null,null,null
-0.351367,null,0.139056,null,null
-0.846556,null,null,-0.154871,null
-0.00488243,null,null,null,-0.00585479
0.955736,0.00125636,null,null,null
-0.326848,null,0.121627,null,null
-0.818245,null,null,-0.287917,null
-0.00190155,null,null,null,-0.00261816
0.958326,-0.00288856,null,null,null
-0.438989,null,0.0317775,null,null
-0.787318,null,null,-0.317344,null
-0.00305821,null,null,null,0.00191554
0.955714,-0.00964805,null,null,null
-0.400109,null,0.0224978,null,null
-0.695409,null,null,-0.294619,null
-0.00741646,null,null,null,-0.00123055
0.955714,-0.00964805,null,null,null
-0.400109,null,0.0224978,null,null
-0.695409,null,null,-0.294619,null
-0.00741646,null,null,null,-0.00123055
0.955714,-0.00964805,null,null,null
-0.400109,null,0.0224978,null,null
-0.695409,null,null,-0.294619,null
-0.00741646,null,null,null,-0.00123055
0.955714,-0.00964805,null,null,null
-0.400109,null,0.0224978,null,null
-0.695409,null,null,-0.294619,null
-0.00741646,null,null,null,-0.00123055
0.954497,-0.00675474,null,null,null
-0.348321,null,0.0432689,null,null
-0.643259,null,null,-0.284821,null
0.00431356,null,null,null,0.00202127
0.954497,-0.00675474,null,null,null
-0.348321,null,0.0432689,null,null
-0.643259,null,null,-0.284821,null
0.00431356,null,null,null,0.00202127
0.956377,-0.00367076,null,null,null
-0.336852,null,0.0445105,null,null
-0.593151,null,null,-0.302455,null
-0.00444756,null,null,null,0.00311771
0.954696,-0.00981792,null,null,null
-0.296925,null,0.0549106,null,null
-0.485949,null,null,-0.279402,null
-0.00111125,null,null,null,0.00249239
0.95522,-0.00982207,null,null,null
-0.39801,null,0.0847283,null,null
-0.452609,null,null,-0.28341,null
-0.00276305,null,null,null,0.0069255
0.961486,-0.00673241,null,null,null
-0.380996,null,0.081545,null,null
-0.337779,null,null,-0.331529,null
-0.000172834,null,null,null,0.00259908
0.962991,-0.00998832,null,null,null
-0.310161,null,0.0265282,null,null
-0.355797,null,null,-0.29397,null
-0.00627549,null,null,null,-0.00380849
0.962991,-0.00998832,null,null,null
-0.310161,null,0.0265282,null,null
-0.355797,null,null,-0.29397,null
-0.00627549,null,null,null,-0.00380849
0.962991,-0.00998832,null,null,null
-0.310161,null,0.0265282,null,null
-0.355797,null,null,-0.29397,null
-0.00627549,null,null,null,-0.00380849
0.95948,-0.010763,null,null,null
-0.380726,null,-0.0100264,null,null
-0.381,null,null,-0.309301,null
-0.00422819,null,null,null,-0.00167564
0.958319,-0.0118999,null,null,null
-0.368249,null,0.0608731,null,null
-0.478301,null,null,-0.360709,null
0.00361586,null,null,null,0.00247741
0.960045,-0.0120947,null,null,null
-0.289013,null,0.0185319,null,null
-0.351099,null,null,-0.2696,null
0.00516006,null,null,null,0.00676545
0.957808,-0.016153,null,null,null
-0.298077,null,0.15943,null,null
-0.404649,null,null,-0.365208,null
-0.00673065,null,null,null,0.00126192
0.95646,-0.0156981,null,null,null
-0.337197,null,0.203381,null,null
-0.435623,null,null,-0.510574,null
-0.00868506,null,null,null,-0.00293555
0.960616,-0.017191,null,null,null
-0.334851,null,0.136151,null,null
-0.331049,null,null,-0.612261,null
0.00639869,null,null,null,-0.00105996
0.963292,-0.0159866,null,null,null
-0.321522,null,0.118297,null,null
-0.285099,null,null,-0.570299,null
0.0010692,null,null,null,-0.00489469
0.963292,-0.0159866,null,null,null
-0.321522,null,0.118297,null,null
-0.285099,null,null,-0.570299,null
0.0010692,null,null,null,-0.00489469
0.964978,-0.0165191,null,null,null
-0.256029,null,0.0446812,null,null
-0.253309,null,null,-0.540991,null
-0.00116153,null,null,null,0.000487901
0.965008,-0.0168251,null,null,null
-0.257132,null,0.0844594,null,null
-0.221449,null,null,-0.515739,null
0.00077045,null,null,null,-0.0033852
0.964186,-0.0190913,null,null,null
-0.266074,null,0.0843079,null,null
-0.22526,null,null,-0.36054,null
0.00406789,null,null,null,-0.00828121
0.964186,-0.0190913,null,null,null
-0.266074,null,0.0843079,null,null
-0.22526,null,null,-0.36054,null
0.00406789,null,null,null,-0.00828121
0.964186,-0.0190913,null,null,null
-0.266074,null,0.0843079,null,null
-0.22526,null,null,-0.36054,null
0.00406789,null,null,null,-0.00828121
0.964186,-0.0190913,null,null,null
-0.266074,null,0.0843079,null,null
-0.22526,null,null,-0.36054,null
0.00406789,null,null,null,-0.00828121
0.964186,-0.0190913,null,null,null
-0.266074,null,0.0843079,null,null
-0.22526,null,null,-0.36054,null
0.00406789,null,null,null,-0.00828121
0.966266,-0.0159728,null,null,null
-0.379323,null,0.123911,null,null
-0.264597,null,null,-0.485067,null
0.00100501,null,null,null,-0.00672245
0.965278,-0.0104738,null,null,null
-0.428969,null,0.164431,null,null
-0.23082,null,null,-0.538306,null
-0.00443817,null,null,null,0.00152812
0.9673,-0.0124353,null,null,null
-0.51024,null,0.0934308,null,null
-0.213659,null,null,-0.488406,null
0.00468411,null,null,null,0.00364643
0.964241,-0.00900211,null,null,null
-0.561802,null,0.0530627,null,null
-0.285285,null,null,-0.466512,null
0.0130265,null,null,null,0.0129549
0.964376,-0.00649064,null,null,null
-0.537955,null,-0.0669404,null,null
-0.306096,null,null,-0.477988,null
-0.00125159,null,null,null,0.00637108
0.964376,-0.00649064,null,null,null
-0.537955,null,-0.0669404,null,null
-0.306096,null,null,-0.477988,null
-0.00125159,null,null,null,0.00637108
0.964899,-0.00781366,null,null,null
-0.525406,null,0.027099,null,null
-0.457564,null,null,-0.393367,null
0.00770082,null,null,null,0.00766439
0.963858,-0.0110199,null,null,null
-0.545867,null,-0.151255,null,null
-0.367835,null,null,-0.413386,null
-0.00175844,null,null,null,0.00336639
0.962786,-0.0131861,null,null,null
-0.42678,null,-0.0718154,null,null
-0.296998,null,null,-0.337891,null
0.00531549,null,null,null,0.00512317
0.959457,-0.012629,null,null,null
-0.520718,null,-0.023038,null,null
-0.377858,null,null,-0.325399,null
0.000320458,null,null,null,-0.00126531
0.959457,-0.012629,null,null,null
-0.520718,null,-0.023038,null,null
-0.377858,null,null,-0.325399,null
0.000320458,null,null,null,-0.00126531
0.958174,-0.0156796,null,null,null
-0.364016,null,0.0404206,null,null
-0.359438,null,null,-0.311837,null
0.00572036,null,null,null,-0.010693
0.958527,-0.00857433,null,null,null
-0.346838,null,0.0145741,null,null
-0.300984,null,null,-0.337151,null
0.007624,null,null,null,-0.00479969
0.958527,-0.00857433,null,null,null
-0.346838,null,0.0145741,null,null
-0.300984,null,null,-0.337151,null
0.007624,null,null,null,-0.00479969
0.9531,-0.00544082,null,null,null
-0.321972,null,-0.0447485,null,null
-0.26712,null,null,-0.275838,null
-0.000782455,null,null,null,-0.00356804
0.953823,-0.0042471,null,null,null
-0.308969,null,0.000716856,null,null
-0.300503,null,null,-0.255221,null
0.01608,null,null,null,-0.00151616
0.95525,-0.00745794,null,null,null
-0.301183,null,0.0296737,null,null
-0.296974,null,null,-0.345552,null
-0.000676197,null,null,null,0.00567475
0.95525,-0.00745794,null,null,null
-0.301183,null,0.0296737,null,null
-0.296974,null,null,-0.345552,null
-0.000676197,null,null,null,0.00567475
0.953725,-0.00679442,null,null,null
-0.393951,null,0.0830906,null,null
-0.244665,null,null,-0.254055,null
0.00259742,null,null,null,0.00659205
0.953725,-0.00679442,null,null,null
-0.393951,null,0.0830906,null,null
-0.244665,null,null,-0.254055,null
0.00259742,null,null,null,0.00659205
0.952168,-0.0081633,null,null,null
-0.375769,null,0.0203694,null,null
-0.289556,null,null,-0.249535,null
0.000307165,null,null,null,0.00490996
0.955546,-0.0066048,null,null,null
-0.360304,null,-0.0487241,null,null
-0.308066,null,null,-0.32086,null
-0.00490555,null,null,null,0.000730524
0.955546,-0.0066048,null,null,null
-0.360304,null,-0.0487241,null,null
-0.308066,null,null,-0.32086,null
-0.00490555,null,null,null,0.000730524
0.959659,-0.000554941,null,null,null
-0.301481,null,-0.102973,null,null
-0.3334,null,null,-0.246961,null
0.000338084,null,null,null,-0.00637162
0.960732,-0.0104349,null,null,null
-0.345981,null,-0.039557,null,null
-0.371175,null,null,-0.240379,null
0.000794375,null,null,null,-0.0032139
0.960732,-0.0104349,null,null,null
-0.345981,null,-0.039557,null,null
-0.371175,null,null,-0.240379,null
0.000794375,null,null,null,-0.0032139
0.961949,-0.0097683,null,null,null
-0.295698,null,-0.0433318,null,null
-0.338145,null,null,-0.38236,null
-0.00772756,null,null,null,0.000539778
0.961949,-0.0097683,null,null,null
-0.295698,null,-0.0433318,null,null
-0.338145,null,null,-0.38236,null
-0.00772756,null,null,null,0.000539778
0.966586,-0.00752076,null,null,null
-0.322342,null,-0.155798,null,null
-0.202985,null,null,-0.47016,null
-0.00256915,null,null,null,-0.00360592
0.9674,-0.00448187,null,null,null
-0.376829,null,-0.16696,null,null
-0.225319,null,null,-0.333861,null
0.000449789,null,null,null,-0.00789455
0.9674,-0.00448187,null,null,null
-0.376829,null,-0.16696,null,null
-0.225319,null,null,-0.333861,null
0.000449789,null,null,null,-0.00789455
0.966344,-0.00479689,null,null,null
-0.304,null,-0.0303694,null,null
-0.379656,null,null,-0.372824,null
0.000142235,null,null,null,-0.0100579
0.9644,-0.00709976,null,null,null
-0.35514,null,-0.204006,null,null
-0.277483,null,null,-0.452834,null
-0.000953464,null,null,null,0.0041177
0.9644,-0.00709976,null,null,null
-0.35514,null,-0.204006,null,null
-0.277483,null,null,-0.452834,null
-0.000953464,null,null,null,0.0041177
0.96407,-0.00616406,null,null,null
-0.398205,null,-0.150652,null,null
-0.324946,null,null,-0.449349,null
0.000508272,null,null,null,-0.000218212
0.957767,-0.00718169,null,null,null
-0.511396,null,-0.130269,null,null
-0.305349,null,null,-0.445169,null
-0.00416516,null,null,null,0.0162224
0.960576,-0.00512025,null,null,null
-0.46514,null,-0.124142,null,null
-0.307566,null,null,-0.346306,null
0.00505072,null,null,null,0.0127984
0.960576,-0.00512025,null,null,null
-0.46514,null,-0.124142,null,null
-0.307566,null,null,-0.346306,null
0.00505072,null,null,null,0.0127984
0.962959,-0.00514129,null,null,null
-0.323354,null,-0.206081,null,null
-0.298938,null,null,-0.330927,null
-0.00184099,null,null,null,-0.00673845
0.962959,-0.00514129,null,null,null
-0.323354,null,-0.206081,null,null
-0.298938,null,null,-0.330927,null
-0.00184099,null,null,null,-0.00673845
0.962865,-0.0067259,null,null,null
-0.345618,null,-0.246122,null,null
-0.324004,null,null,-0.374931,null
0.00302587,null,null,null,-0.00906
0.965915,-0.000767886,null,null,null
-0.340315,null,-0.224719,null,null
-0.310781,null,null,-0.37155,null
0.00485718,null,null,null,-0.0014788
0.966553,0.000171145,null,null,null
-0.333534,null,-0.311468,null,null
-0.263028,null,null,-0.256605,null
0.00471932,null,null,null,-0.0119781
0.967761,0.00518314,null,null,null
-0.506124,null,-0.205649,null,null
-0.33036,null,null,-0.192612,null
0.00582281,null,null,null,-0.004127
0.970455,0.00949006,null,null,null
-0.441984,null,-0.259579,null,null
-0.324669,null,null,-0.258514,null
0.00315941,null,null,null,-0.00828917
0.970455,0.00949006,null,null,null
-0.441984,null,-0.259579,null,null
-0.324669,null,null,-0.258514,null
0.00315941,null,null,null,-0.00828917
0.973074,0.00672144,null,null,null
-0.472264,null,-0.277158,null,null
-0.310109,null,null,-0.31209,null
-0.000210449,null,null,null,-0.00331197
0.968392,0.00191714,null,null,null
-0.456166,null,-0.156235,null,null
-0.364131,null,null,-0.323174,null
-0.00154017,null,null,null,0.00448545
0.968553,-1.28138e-05,null,null,null
-0.47754,null,-0.0807704,null,null
-0.327706,null,null,-0.279011,null
-0.00504118,null,null,null,-0.00600114
0.968553,-1.28138e-05,null,null,null
-0.47754,null,-0.0807704,null,null
-0.327706,null,null,-0.279011,null
-0.00504118,null,null,null,-0.00600114
0.963692,0.000175237,null,null,null
-0.415626,null,-0.241592,null,null
-0.255435,null,null,-0.377095,null
-0.00108757,null,null,null,-0.00202379
0.963692,0.000175237,null,null,null
-0.415626,null,-0.241592,null,null
-0.255435,null,null,-0.377095,null
-0.00108757,null,null,null,-0.00202379
0.966051,-0.001132,null,null,null
-0.428652,null,-0.344791,null,null
-0.2771,null,null,-0.279844,null
-0.00511884,null,null,null,0.00232055
0.968821,0.00224199,null,null,null
-0.421222,null,-0.27337,null,null
-0.338451,null,null,-0.426102,null
-0.00406176,null,null,null,-0.00872286
0.968821,0.00224199,null,null,null
-0.421222,null,-0.27337,null,null
-0.338451,null,null,-0.426102,null
-0.00406176,null,null,null,-0.00872286
0.96719,0.0026023,null,null,null
-0.428059,null,-0.198719,null,null
-0.294812,null,null,-0.311211,null
-0.00320626,null,null,null,-0.00254369
0.96719,0.0026023,null,null,null
-0.428059,null,-0.198719,null,null
-0.294812,null,null,-0.311211,null
-0.00320626,null,null,null,-0.00254369
0.968394,0.00475099,null,null,null
-0.417049,null,-0.257811,null,null
-0.336927,null,null,-0.359385,null
0.0150375,null,null,null,-0.0109736
0.967028,0.00221638,null,null,null
-0.301756,null,-0.211182,null,null
-0.351658,null,null,-0.361554,null
0.00486373,null,null,null,-0.00987766
0.960565,0.00938709,null,null,null
-0.305731,null,-0.141723,null,null
-0.278523,null,null,-0.334275,null
0.000211035,null,null,null,-0.00929376
0.960565,0.00938709,null,null,null
-0.305731,null,-0.141723,null,null
-0.278523,null,null,-0.334275,null
0.000211035,null,null,null,-0.00929376
0.96325,0.00856246,null,null,null
-0.301148,null,-0.159761,null,null
-0.246995,null,null,-0.324116,null
-0.00226247,null,null,null,-0.0115972
0.960724,0.00760716,null,null,null
-0.236973,null,-0.134222,null,null
-0.34436,null,null,-0.22202,null
0.00345489,null,null,null,-0.0034329
0.960067,0.00751955,null,null,null
-0.332441,null,-0.319823,null,null
-0.234082,null,null,-0.223706,null
-0.00617329,null,null,null,-0.000673356
0.961067,0.00471784,null,null,null
-0.349405,null,-0.211129,null,null
-0.233031,null,null,-0.234533,null
0.000278421,null,null,null,-0.00324437
0.962516,0.00128766,null,null,null
-0.309045,null,-0.229527,null,null
-0.288202,null,null,-0.253171,null
-0.00128785,null,null,null,0.00084036
0.962516,0.00128766,null,null,null
-0.309045,null,-0.229527,null,null
-0.288202,null,null,-0.253171,null
-0.00128785,null,null,null,0.00084036
0.962516,0.00128766,null,null,null
-0.309045,null,-0.229527,null,null
-0.288202,null,null,-0.253171,null
-0.00128785,null,null,null,0.00084036
0.958674,-0.000250406,null,null,null
-0.281959,null,-0.197019,null,null
-0.271201,null,null,-0.229599,null
0.00478485,null,null,null,-0.000609221
0.954516,-0.00222433,null,null,null
-0.171775,null,-0.107573,null,null
-0.269135,null,null,-0.258991,null
-0.00461576,null,null,null,0.0032956
0.958967,-0.0015884,null,null,null
-0.0954664,null,-0.168051,null,null
-0.294432,null,null,-0.232015,null
0.00244244,null,null,null,-0.00456285
0.955205,-0.0073316,null,null,null
-0.239059,null,-0.128655,null,null
-0.304151,null,null,-0.245663,null
0.00365055,null,null,null,-0.00263866
0.955205,-0.0073316,null,null,null
-0.239059,null,-0.128655,null,null
-0.304151,null,null,-0.245663,null
0.00365055,null,null,null,-0.00263866
0.955969,-0.00707635,null,null,null
-0.204008,null,-0.169653,null,null
-0.325486,null,null,-0.253141,null
-0.00802433,null,null,null,-0.00365741
0.953805,-0.00308579,null,null,null
-0.194422,null,-0.206921,null,null
-0.257554,null,null,-0.334851,null
-0.00326424,null,null,null,-0.000454588
0.94777,-0.00336025,null,null,null
-0.167302,null,-0.120471,null,null
-0.269145,null,null,-0.35961,null
0.0012066,null,null,null,-0.00936375
0.955704,-0.00248078,null,null,null
-0.180455,null,-0.0943996,null,null
-0.332276,null,null,-0.31985,null
-0.0010889,null,null,null,-0.00213364
0.958805,-0.0011733,null,null,null
-0.207398,null,-0.105934,null,null
-0.33661,null,null,-0.35515,null
-0.00658779,null,null,null,0.000412379
0.964345,0.00306246,null,null,null
-0.318616,null,-0.104826,null,null
-0.283646,null,null,-0.33266,null
-0.0024243,null,null,null,0.0120219
0.960151,0.00113939,null,null,null
-0.230272,null,-0.0825152,null,null
-0.385533,null,null,-0.26007,null
-0.00162765,null,null,null,0.00325314
0.961089,0.000899856,null,null,null
-0.215072,null,-0.151643,null,null
-0.338119,null,null,-0.158186,null
0.00330111,null,null,null,-0.00113871
0.964146,-0.00203615,null,null,null
-0.190626,null,-0.155773,null,null
-0.357659,null,null,-0.136564,null
-0.00364859,null,null,null,-0.00187378
0.963921,-0.00497794,null,null,null
-0.330029,null,-0.26158,null,null
-0.35586,null,null,-0.149379,null
-0.0110647,null,null,null,-0.00666696
0.960659,0.0034788,null,null,null
-0.351892,null,-0.18345,null,null
-0.232978,null,null,-0.229013,null
-0.00534493,null,null,null,-0.00644976
0.959065,0.000373035,null,null,null
-0.427472,null,-0.267143,null,null
-0.303524,null,null,-0.178171,null
0.000110672,null,null,null,-0.00226071
0.959065,0.000373035,null,null,null
-0.427472,null,-0.267143,null,null
-0.303524,null,null,-0.178171,null
0.000110672,null,null,null,-0.00226071
0.959065,0.000373035,null,null,null
-0.427472,null,-0.267143,null,null
-0.303524,null,null,-0.178171,null
0.000110672,null,null,null,-0.00226071
0.951909,-0.00229722,null,null,null
-0.360891,null,-0.258824,null,null
-0.190844,null,null,-0.296501,null
-0.000842784,null,null,null,0.00694243
0.952004,-0.0018585,null,null,null
-0.302495,null,-0.227551,null,null
-0.12997,null,null,-0.221878,null
0.00757488,null,null,null,-0.00627629
0.956814,0.000955434,null,null,null
-0.294325,null,-0.169036,null,null
-0.0857854,null,null,-0.190095,null
-0.00145854,null,null,null,0.0031008
0.958631,0.00331235,null,null,null
-0.282364,null,-0.116363,null,null
-0.0927944,null,null,-0.279373,null
-0.00614823,null,null,null,-0.00325336
0.960603,0.00420815,null,null,null
-0.228552,null,-0.0905779,null,null
-0.166579,null,null,-0.285241,null
0.0043326,null,null,null,-0.00271216
0.960603,0.00420815,null,null,null
-0.228552,null,-0.0905779,null,null
-0.166579,null,null,-0.285241,null
0.0043326,null,null,null,-0.00271216
0.962621,0.010162,null,null,null
-0.245691,null,-0.153679,null,null
-0.259799,null,null,-0.33346,null
0.00286364,null,null,null,-0.0103474
0.959109,0.0115857,null,null,null
-0.291419,null,-0.130155,null,null
-0.244775,null,null,-0.260621,null
-0.000736669,null,null,null,-0.00952069
0.962075,0.0088046,null,null,null
-0.226514,null,-0.276996,null,null
-0.285221,null,null,-0.184065,null
-0.0022186,null,null,null,-0.00970147
0.960904,0.0109723,null,null,null
-0.161186,null,-0.28763,null,null
-0.213549,null,null,-0.136169,null
0.00248406,null,null,null,-0.00680005
0.960904,0.0109723,null,null,null
-0.161186,null,-0.28763,null,null
-0.213549,null,null,-0.136169,null
0.00248406,null,null,null,-0.00680005
0.960904,0.0109723,null,null,null
-0.161186,null,-0.28763,null,null
-0.213549,null,null,-0.136169,null
0.00248406,null,null,null,-0.00680005
0.96216,0.0156438,null,null,null
-0.230354,null,-0.300101,null,null
-0.276031,null,null,-0.185231,null
0.005639,null,null,null,0.00232096
0.96216,0.0156438,null,null,null
-0.230354,null,-0.300101,null,null
-0.276031,null,null,-0.185231,null
0.005639,null,null,null,0.00232096
0.963945,0.0190871,null,null,null
-0.338162,null,-0.168394,null,null
-0.300575,null,null,-0.213457,null
0.00119167,null,null,null,-0.000384793
0.965661,0.0198917,null,null,null
-0.208789,null,-0.181663,null,null
-0.268551,null,null,-0.235519,null
0.00345954,null,null,null,0.00104441
0.963835,0.0143264,null,null,null
-0.221755,null,-0.308609,null,null
-0.291853,null,null,-0.240941,null
-0.00222386,null,null,null,-0.00633736
0.963835,0.0143264,null,null,null
-0.221755,null,-0.308609,null,null
-0.291853,null,null,-0.240941,null
-0.00222386,null,null,null,-0.00633736
0.960584,0.013725,null,null,null
-0.199996,null,-0.306985,null,null
-0.40378,null,null,-0.243852,null
0.0031258,null,null,null,-0.0059842
0.960584,0.013725,null,null,null
-0.199996,null,-0.306985,null,null
-0.40378,null,null,-0.243852,null
0.0031258,null,null,null,-0.0059842
0.960584,0.013725,null,null,null
-0.199996,null,-0.306985,null,null
-0.40378,null,null,-0.243852,null
0.0031258,null,null,null,-0.0059842
0.965934,0.0140466,null,null,null
-0.215106,null,-0.256309,null,null
-0.335774,null,null,-0.187115,null
-0.00239876,null,null,null,-0.0113028
0.964995,0.00662046,null,null,null
-0.21922,null,-0.341774,null,null
-0.292155,null,null,-0.196739,null
-0.0055851,null,null,null,0.00349002
0.964995,0.00662046,null,null,null
-0.21922,null,-0.341774,null,null
-0.292155,null,null,-0.196739,null
-0.0055851,null,null,null,0.00349002
0.964995,0.00662046,null,null,null
-0.21922,null,-0.341774,null,null
-0.292155,null,null,-0.196739,null
-0.0055851,null,null,null,0.00349002
0.96262,0.0100613,null,null,null
-0.263429,null,-0.235066,null,null
-0.331388,null,null,-0.20288,null
-0.00434811,null,null,null,0.00226941
0.96262,0.0100613,null,null,null
-0.263429,null,-0.235066,null,null
-0.331388,null,null,-0.20288,null
-0.00434811,null,null,null,0.00226941
0.96262,0.0100613,null,null,null
-0.263429,null,-0.235066,null,null
-0.331388,null,null,-0.20288,null
-0.00434811,null,null,null,0.00226941
0.96262,0.0100613,null,null,null
-0.263429,null,-0.235066,null,null
-0.331388,null,null,-0.20288,null
-0.00434811,null,null,null,0.00226941
0.96262,0.0100613,null,null,null
-0.263429,null,-0.235066,null,null
-0.331388,null,null,-0.20288,null
-0.00434811,null,null,null,0.00226941
0.959156,0.00647735,null,null,null
-0.292411,null,-0.225314,null,null
-0.371605,null,null,-0.200167,null
-0.0021991,null,null,null,0.00536077
0.964081,0.00820251,null,null,null
-0.330409,null,-0.268495,null,null
-0.421318,null,null,-0.242329,null
0.0028687,null,null,null,0.011089
0.9642,0.0113166,null,null,null
-0.292793,null,-0.324241,null,null
-0.397937,null,null,-0.314989,null
0.00653256,null,null,null,-0.0012006
0.960394,0.0111202,null,null,null
-0.382981,null,-0.324911,null,null
-0.336871,null,null,-0.333711,null
0.00689778,null,null,null,0.002246
0.958167,0.0137874,null,null,null
-0.327739,null,-0.258664,null,null
-0.390654,null,null,-0.400548,null
-0.00155821,null,null,null,0.000317505
0.960629,0.0105734,null,null,null
-0.379723,null,-0.262735,null,null
-0.325796,null,null,-0.375962,null
0.00406393,null,null,null,-0.0129769
0.961001,0.00672181,null,null,null
-0.419513,null,-0.243133,null,null
-0.290456,null,null,-0.309185,null
-0.00177604,null,null,null,-0.00386409
0.958805,0.000197099,null,null,null
-0.361669,null,-0.257352,null,null
-0.281197,null,null,-0.299265,null
-0.00185989,null,null,null,-0.00427729
0.963971,0.00034162,null,null,null
-0.362113,null,-0.130995,null,null
-0.387087,null,null,-0.316191,null
0.0041511,null,null,null,0.00234485
0.966845,-0.00273204,null,null,null
-0.321572,null,-0.179957,null,null
-0.285232,null,null,-0.378951,null
-0.00384365,null,null,null,0.00124125
0.966845,-0.00273204,null,null,null
-0.321572,null,-0.179957,null,null
-0.285232,null,null,-0.378951,null
-0.00384365,null,null,null,0.00124125
0.971155,-0.0035156,null,null,null
-0.271703,null,-0.165885,null,null
-0.260504,null,null,-0.312513,null
-0.00793149,null,null,null,0.00421502
0.971155,-0.0035156,null,null,null
-0.271703,null,-0.165885,null,null
-0.260504,null,null,-0.312513,null
-0.00793149,null,null,null,0.00421502
0.965967,-0.00546429,null,null,null
-0.335852,null,-0.26584,null,null
-0.265547,null,null,-0.312699,null
-0.000303634,null,null,null,-0.0119793
0.965967,-0.00546429,null,null,null
-0.335852,null,-0.26584,null,null
-0.265547,null,null,-0.312699,null
-0.000303634,null,null,null,-0.0119793
0.965967,-0.00546429,null,null,null
-0.335852,null,-0.26584,null,null
-0.265547,null,null,-0.312699,null
-0.000303634,null,null,null,-0.0119793
0.964032,-0.0118738,null,null,null
-0.315319,null,-0.153644,null,null
-0.227022,null,null,-0.236416,null
-0.000314406,null,null,null,-0.0114749
0.964032,-0.0118738,null,null,null
-0.315319,null,-0.153644,null,null
-0.227022,null,null,-0.236416,null
-0.000314406,null,null,null,-0.0114749
0.960311,-0.0183038,null,null,null
-0.331661,null,-0.114168,null,null
-0.269601,null,null,-0.31105,null
-0.00159018,null,null,null,-0.00218879
0.958159,-0.020004,null,null,null
-0.337068,null,-0.174377,null,null
-0.25557,null,null,-0.270671,null
0.0045008,null,null,null,-0.0133331
0.960878,-0.0162311,null,null,null
-0.373354,null,-0.167002,null,null
-0.331267,null,null,-0.277058,null
-0.000379047,null,null,null,0.000539105
0.960878,-0.0162311,null,null,null
-0.373354,null,-0.167002,null,null
-0.331267,null,null,-0.277058,null
-0.000379047,null,null,null,0.000539105
0.957899,-0.0149528,null,null,null
-0.280714,null,-0.134514,null,null
-0.331499,null,null,-0.194669,null
0.00357917,null,null,null,-0.00191315
0.96121,-0.011941,null,null,null
-0.254366,null,-0.111245,null,null
-0.285431,null,null,-0.25936,null
0.00181684,null,null,null,0.00033812
0.958525,-0.00497346,null,null,null
-0.252501,null,-0.114169,null,null
-0.326823,null,null,-0.249769,null
0.00627154,null,null,null,0.00234805
0.959958,0.00103953,null,null,null
-0.257153,null,-0.0340626,null,null
-0.30417,null,null,-0.219576,null
0.00186181,null,null,null,0.00621049
0.959958,0.00103953,null,null,null
-0.257153,null,-0.0340626,null,null
-0.30417,null,null,-0.219576,null
0.00186181,null,null,null,0.00621049
0.959145,0.00121546,null,null,null
-0.324986,null,-0.037835,null,null
-0.292463,null,null,-0.230661,null
-0.000713857,null,null,null,0.00833647
0.95798,-0.00238224,null,null,null
-0.313129,null,-0.0293749,null,null
-0.324458,null,null,-0.277069,null
-0.00196074,null,null,null,-0.00385371
0.958636,-0.000898051,null,null,null
-0.346042,null,-0.0291698,null,null
-0.280197,null,null,-0.192174,null
-0.00122718,null,null,null,0.000153538
0.960418,-0.0034709,null,null,null
-0.391895,null,0.00970774,null,null
-0.292601,null,null,-0.133884,null
0.00402122,null,null,null,-0.0032606
0.95736,-0.00361577,null,null,null
-0.3505,null,-0.0539206,null,null
-0.363831,null,null,-0.184101,null
0.00426785,null,null,null,0.000430996
0.95736,-0.00361577,null,null,null
-0.3505,null,-0.0539206,null,null
-0.363831,null,null,-0.184101,null
0.00426785,null,null,null,0.000430996
0.95736,-0.00361577,null,null,null
-0.3505,null,-0.0539206,null,null
-0.363831,null,null,-0.184101,null
0.00426785,null,null,null,0.000430996
0.957612,-0.00740261,null,null,null
-0.362574,null,-0.0346521,null,null
-0.335056,null,null,-0.0828164,null
0.00336251,null,null,null,0.0045854
0.957626,-0.000939049,null,null,null
-0.377325,null,0.0234962,null,null
-0.363945,null,null,-0.183459,null
0.0103323,null,null,null,-0.00356506
0.957069,0.00344144,null,null,null
-0.2811,null,-0.0370059,null,null
-0.408417,null,null,-0.140241,null
0.00913794,null,null,null,0.00443356
0.955098,0.00811759,null,null,null
-0.304592,null,-0.0253631,null,null
-0.395631,null,null,-0.0528127,null
0.00504699,null,null,null,-0.00342994
0.951204,0.00805054,null,null,null
-0.278492,null,0.0392071,null,null
-0.397229,null,null,-0.098013,null
0.00716346,null,null,null,0.000807567
0.95482,0.00830321,null,null,null
-0.260663,null,0.0330206,null,null
-0.335049,null,null,-0.11737,null
-0.00664194,null,null,null,0.0141249
0.96183,0.0111823,null,null,null
-0.327495,null,0.118343,null,null
-0.384304,null,null,-0.164158,null
0.0011127,null,null,null,-0.00186176
0.961601,0.0145293,null,null,null
-0.281136,null,0.0919792,null,null
-0.343382,null,null,-0.180145,null
0.00410465,null,null,null,-0.000751782
0.96447,0.0154276,null,null,null
-0.244116,null,0.097086,null,null
-0.330825,null,null,-0.130298,null
0.00646148,null,null,null,-0.00588976
0.961839,0.0227508,null,null,null
-0.285305,null,0.0291735,null,null
-0.318549,null,null,-0.138209,null
-0.00283933,null,null,null,0.00317431
0.961839,0.0227508,null,null,null
-0.285305,null,0.0291735,null,null
-0.318549,null,null,-0.138209,null
-0.00283933,null,null,null,0.00317431
0.962255,0.0204532,null,null,null
-0.254525,null,-0.0118498,null,null
-0.258136,null,null,-0.0850131,null
0.00202192,null,null,null,0.0104319
0.962255,0.0204532,null,null,null
-0.254525,null,-0.0118498,null,null
-0.258136,null,null,-0.0850131,null
0.00202192,null,null,null,0.0104319
0.96521,0.0194285,null,null,null
-0.231395,null,-0.00763021,null,null
-0.29335,null,null,-0.174451,null
0.00972826,null,null,null,0.00549749
0.96521,0.0194285,null,null,null
-0.231395,null,-0.00763021,null,null
-0.29335,null,null,-0.174451,null
0.00972826,null,null,null,0.00549749
0.963078,0.0206949,null,null,null
-0.231991,null,0.00973382,null,null
-0.339671,null,null,-0.138104,null
-0.00128189,null,null,null,0.00627914
0.963078,0.0206949,null,null,null
-0.231991,null,0.00973382,null,null
-0.339671,null,null,-0.138104,null
-0.00128189,null,null,null,0.00627914
0.966202,0.0186761,null,null,null
-0.242259,null,0.0131881,null,null
-0.334238,null,null,-0.149906,null
-0.0022056,null,null,null,-0.00173656
0.96388,0.0187023,null,null,null
-0.237285,null,0.0139068,null,null
-0.335911,null,null,-0.106472,null
-0.00629987,null,null,null,0.00572966
0.96388,0.0187023,null,null,null
-0.237285,null,0.0139068,null,null
-0.335911,null,null,-0.106472,null
-0.00629987,null,null,null,0.00572966
0.96388,0.0187023,null,null,null
-0.237285,null,0.0139068,null,null
-0.335911,null,null,-0.106472,null
-0.00629987,null,null,null,0.00572966
0.963174,0.0167107,null,null,null
-0.232404,null,0.121177,null,null
-0.329674,null,null,-0.156136,null
-0.0048039,null,null,null,0.000222299
0.964195,0.0227661,null,null,null
-0.197234,null,0.0716787,null,null
-0.388274,null,null,0.00728996,null
-0.000160686,null,null,null,0.00234344
0.965623,0.0189334,null,null,null
-0.216225,null,0.0491171,null,null
-0.321014,null,null,0.0104515,null
-0.00137115,null,null,null,-0.00213298
0.961626,0.0231209,null,null,null
-0.253815,null,-0.0219781,null,null
-0.436063,null,null,-0.076626,null
-0.00473125,null,null,null,-0.00920665
0.957466,0.0193774,null,null,null
-0.273811,null,-0.030681,null,null
-0.34382,null,null,-0.166327,null
0.00798963,null,null,null,-0.00488627
0.95676,0.0167496,null,null,null
-0.364029,null,0.13355,null,null
-0.28079,null,null,-0.12664,null
-0.0058621,null,null,null,0.00760532
0.95676,0.0167496,null,null,null
-0.364029,null,0.13355,null,null
-0.28079,null,null,-0.12664,null
-0.0058621,null,null,null,0.00760532
0.95676,0.0167496,null,null,null
-0.364029,null,0.13355,null,null
-0.28079,null,null,-0.12664,null
-0.0058621,null,null,null,0.00760532
0.960104,0.0176039,null,null,null
-0.303007,null,0.183536,null,null
-0.332666,null,null,-0.111441,null
0.00124974,null,null,null,-0.00126027
0.960104,0.0176039,null,null,null
-0.303007,null,0.183536,null,null
-0.332666,null,null,-0.111441,null
0.00124974,null,null,null,-0.00126027
0.966239,0.0165415,null,null,null
-0.374086,null,0.153353,null,null
-0.28973,null,null,-0.146687,null
-0.00266695,null,null,null,0.0031877
0.968453,0.0143835,null,null,null
-0.340419,null,0.0826,null,null
-0.251761,null,null,-0.141571,null
0.0044389,null,null,null,-0.00512584
0.968453,0.0143835,null,null,null
-0.340419,null,0.0826,null,null
-0.251761,null,null,-0.141571,null
0.0044389,null,null,null,-0.00512584
0.968453,0.0143835,null,null,null
-0.340419,null,0.0826,null,null
-0.251761,null,null,-0.141571,null
0.0044389,null,null,null,-0.00512584
0.961451,0.0136856,null,null,null
-0.331431,null,0.166784,null,null
-0.227361,null,null,-0.113431,null
-0.0030635,null,null,null,0.0072396
0.961451,0.0136856,null,null,null
-0.331431,null,0.166784,null,null
-0.227361,null,null,-0.113431,null
-0.0030635,null,null,null,0.0072396
0.960743,0.0167384,null,null,null
-0.324147,null,0.279923,null,null
-0.118558,null,null,-0.0466985,null
-0.00310111,null,null,null,0.00177094
0.963231,0.01606,null,null,null
-0.258331,null,0.242023,null,null
-0.117801,null,null,-0.0558037,null
-0.00429661,null,null,null,-0.0126121
0.964261,0.0130732,null,null,null
-0.199832,null,0.274161,null,null
-0.148419,null,null,-0.0886836,null
-0.00609844,null,null,null,0.00481906
0.964261,0.0130732,null,null,null
-0.199832,null,0.274161,null,null
-0.148419,null,null,-0.0886836,null
-0.00609844,null,null,null,0.00481906
0.964131,0.0153665,null,null,null
-0.173723,null,0.381647,null,null
-0.183397,null,null,-0.0530321,null
-0.0066876,null,null,null,-0.0085379
0.964131,0.0153665,null,null,null
-0.173723,null,0.381647,null,null
-0.183397,null,null,-0.0530321,null
-0.0066876,null,null,null,-0.0085379
0.964131,0.0153665,null,null,null
-0.173723,null,0.381647,null,null
-0.183397,null,null,-0.0530321,null
-0.0066876,null,null,null,-0.0085379
0.964565,0.0132827,null,null,null
-0.0636427,null,0.239457,null,null
-0.0972405,null,null,-0.00546694,null
-0.000185815,null,null,null,-0.00405783
0.962888,0.0105168,null,null,null
-0.0781551,null,0.349321,null,null
-0.125234,null,null,-0.0240095,null
-0.000502706,null,null,null,-0.00657394
0.962888,0.0105168,null,null,null
-0.0781551,null,0.349321,null,null
-0.125234,null,null,-0.0240095,null
-0.000502706,null,null,null,-0.00657394
0.961321,0.0105941,null,null,null
-0.0787479,null,0.256516,null,null
-0.0964191,null,null,-0.0691558,null
-0.0151045,null,null,null,-0.000422281
0.960533,0.0100946,null,null,null
-0.197919,null,0.209981,null,null
-0.115892,null,null,-0.0396925,null
-0.00608941,null,null,null,-0.00307406
0.964315,0.010166,null,null,null
-0.128135,null,0.165359,null,null
-0.100348,null,null,0.0126159,null
0.00690161,null,null,null,-0.00126796
0.9634,0.0121024,null,null,null
-0.0904423,null,0.0447184,null,null
-0.151165,null,null,0.0255947,null
0.00177444,null,null,null,0.000548202
0.9629,0.0101891,null,null,null
-0.0967672,null,0.105077,null,null
-0.172004,null,null,0.0249884,null
-0.00036127,null,null,null,0.00302852
0.9629,0.0101891,null,null,null
-0.0967672,null,0.105077,null,null
-0.172004,null,null,0.0249884,null
-0.00036127,null,null,null,0.00302852
0.9629,0.0101891,null,null,null
-0.0967672,null,0.105077,null,null
-0.172004,null,null,0.0249884,null
-0.00036127,null,null,null,0.00302852
0.9629,0.0101891,null,null,null
-0.0967672,null,0.105077,null,null
-0.172004,null,null,0.0249884,null
-0.00036127,null,null,null,0.00302852
0.9656,0.0101433,null,null,null
-0.123258,null,0.0916684,null,null
-0.218775,null,null,-0.063076,null
0.00310687,null,null,null,0.00846403
0.9656,0.0101433,null,null,null
-0.123258,null,0.0916684,null,null
-0.218775,null,null,-0.063076,null
0.00310687,null,null,null,0.00846403
0.969455,0.0104956,null,null,null
-0.19876,null,0.120602,null,null
-0.177319,null,null,-0.0129066,null
-0.00322357,null,null,null,-0.000397255
0.970886,0.00851531,null,null,null
-0.196996,null,0.0474359,null,null
-0.114338,null,null,-0.0280652,null
0.00249423,null,null,null,-0.00112652
0.969169,0.00773896,null,null,null
-0.223054,null,0.0491379,null,null
-0.159709,null,null,-0.0480682,null
0.00545514,null,null,null,-0.0096176
0.961958,0.00891649,null,null,null
-0.366878,null,0.0903578,null,null
-0.161935,null,null,-0.044875,null
-0.000350198,null,null,null,9.10734e-05
0.961958,0.00891649,null,null,null
-0.366878,null,0.0903578,null,null
-0.161935,null,null,-0.044875,null
-0.000350198,null,null,null,9.10731e-05
0.961799,0.0110812,null,null,null
-0.21357,null,0.0158036,null,null
-0.205907,null,null,-0.0718159,null
0.000555924,null,null,null,0.0070855
0.961799,0.0110812,null,null,null
-0.21357,null,0.0158036,null,null
-0.205907,null,null,-0.0718159,null
0.000555924,null,null,null,0.0070855
0.962714,0.0109002,null,null,null
-0.173089,null,0.0232762,null,null
-0.194289,null,null,-0.106923,null
-0.0019994,null,null,null,0.00303014
0.964156,0.00983706,null,null,null
-0.177687,null,0.00840116,null,null
-0.160883,null,null,-0.0984065,null
0.00428079,null,null,null,-0.00806516
0.964816,0.00991149,null,null,null
-0.214072,null,0.0495437,null,null
-0.15403,null,null,-0.0464434,null
0.00392042,null,null,null,0.00230511
0.964971,0.0144292,null,null,null
-0.137107,null,0.000295564,null,null
-0.136173,null,null,-0.0263079,null
-0.00330654,null,null,null,-0.00715364
0.964971,0.0144292,null,null,null
-0.137107,null,0.000295564,null,null
-0.136173,null,null,-0.0263079,null
-0.00330654,null,null,null,-0.00715364
0.964971,0.0144292,null,null,null
-0.137107,null,0.000295564,null,null
-0.136173,null,null,-0.0263079,null
-0.00330654,null,null,null,-0.00715364
0.968526,0.00887337,null,null,null
-0.22017,null,-0.1084,null,null
0.0359244,null,null,-0.0084599,null
0.00761257,null,null,null,-0.013366
0.966712,0.0141459,null,null,null
-0.142668,null,0.0497069,null,null
-0.092862,null,null,-0.102989,null
0.00294787,null,null,null,0.00286905
0.963609,0.0134819,null,null,null
-0.158594,null,0.048122,null,null
-0.097502,null,null,-0.209308,null
0.000722599,null,null,null,-0.00470879
0.965773,0.018163,null,null,null
-0.211363,null,0.117048,null,null
-0.102988,null,null,-0.172877,null
-0.00652131,null,null,null,0.00297941
0.965773,0.018163,null,null,null
-0.211363,null,0.117048,null,null
-0.102988,null,null,-0.172877,null
-0.00652131,null,null,null,0.00297941
0.965581,0.019397,null,null,null
-0.195912,null,0.0525378,null,null
-0.115568,null,null,-0.183066,null
-0.00811182,null,null,null,-0.00349658
0.964996,0.0143554,null,null,null
-0.177321,null,0.124023,null,null
-0.158304,null,null,-0.195296,null
-0.001447,null,null,null,0.00170585
0.966681,0.0115634,null,null,null
-0.172272,null,0.0533871,null,null
-0.0984017,null,null,-0.222709,null
0.00738461,null,null,null,0.00333818
0.967244,0.0171733,null,null,null
-0.155259,null,0.0653669,null,null
-0.0764391,null,null,-0.264481,null
-0.00331091,null,null,null,0.0030689
0.967244,0.0171733,null,null,null
-0.155259,null,0.0653669,null,null
-0.0764391,null,null,-0.264481,null
-0.00331091,null,null,null,0.0030689
0.967865,0.0187996,null,null,null
-0.198264,null,0.15658,null,null
-0.0311981,null,null,-0.176308,null
-0.00603105,null,null,null,-0.00744831
0.972313,0.0174734,null,null,null
-0.210889,null,0.179785,null,null
-0.208071,null,null,-0.178301,null
-0.00291315,null,null,null,-1.89661e-07
0.972313,0.0174734,null,null,null
-0.210889,null,0.179785,null,null
-0.208071,null,null,-0.178301,null
-0.00291315,null,null,null,-1.89661e-07
0.972583,0.0175004,null,null,null
-0.183396,null,0.128497,null,null
-0.14555,null,null,-0.299649,null
0.00523929,null,null,null,-0.0116509
0.971213,0.0155109,null,null,null
-0.143813,null,0.0941979,null,null
-0.17707,null,null,-0.213999,null
0.00213605,null,null,null,-0.00250346
0.971213,0.0155109,null,null,null
-0.143813,null,0.0941979,null,null
-0.17707,null,null,-0.213999,null
0.00213605,null,null,null,-0.00250346
0.967055,0.0182145,null,null,null
-0.248269,null,-0.0223588,null,null
-0.169189,null,null,-0.242705,null
0.00406881,null,null,null,0.00202684
0.967496,0.0171911,null,null,null
-0.272672,null,-0.0707554,null,null
-0.148629,null,null,-0.243829,null
-0.0020407,null,null,null,0.00299717
0.967496,0.0171911,null,null,null
-0.272672,null,-0.0707554,null,null
-0.148629,null,null,-0.243829,null
-0.0020407,null,null,null,0.00299717
0.967496,0.0171911,null,null,null
-0.272672,null,-0.0707554,null,null
-0.148629,null,null,-0.243829,null
-0.0020407,null,null,null,0.00299717
0.961639,0.0199793,null,null,null
-0.20898,null,-0.0507867,null,null
-0.162609,null,null,-0.287935,null
-0.00559501,null,null,null,-0.00175639
0.95954,0.0175195,null,null,null
-0.20673,null,0.0690816,null,null
-0.0636244,null,null,-0.264688,null
-0.00330774,null,null,null,-0.00571029
0.960599,0.0119068,null,null,null
-0.243143,null,0.162824,null,null
-0.115059,null,null,-0.371776,null
-0.00543194,null,null,null,-0.0115049
0.960689,0.0130568,null,null,null
-0.26182,null,0.122155,null,null
-0.0886799,null,null,-0.393456,null
0.00435154,null,null,null,0.00180032
0.956311,0.0145456,null,null,null
-0.318086,null,0.0782358,null,null
-0.158516,null,null,-0.408079,null
-0.000851575,null,null,null,-0.00770614
0.956311,0.0145456,null,null,null
-0.318086,null,0.0782358,null,null
-0.158516,null,null,-0.408079,null
-0.000851575,null,null,null,-0.00770614
0.95524,0.01331,null,null,null
-0.218309,null,0.068702,null,null
-0.243294,null,null,-0.45933,null
-0.000219038,null,null,null,-0.00263439
0.958855,0.0136301,null,null,null
-0.245665,null,0.112278,null,null
-0.25857,null,null,-0.326795,null
-0.00174006,null,null,null,-0.0118207
0.958855,0.0136301,null,null,null
-0.245665,null,0.112278,null,null
-0.25857,null,null,-0.326795,null
-0.00174006,null,null,null,-0.0118207
0.957727,0.0109128,null,null,null
-0.276381,null,0.0515986,null,null
-0.292428,null,null,-0.263364,null
0.00128762,null,null,null,-0.0014367
0.957727,0.0109128,null,null,null
-0.276381,null,0.0515986,null,null
-0.292428,null,null,-0.263364,null
0.00128762,null,null,null,-0.0014367
0.957727,0.0109128,null,null,null
-0.276381,null,0.0515986,null,null
-0.292428,null,null,-0.263364,null
0.00128762,null,null,null,-0.0014367
0.958995,0.0120534,null,null,null
-0.298311,null,0.156974,null,null
-0.352384,null,null,-0.248864,null
0.00074705,null,null,null,-0.00080771
0.959739,0.00718213,null,null,null
-0.382302,null,0.120473,null,null
-0.345621,null,null,-0.312271,null
0.00834899,null,null,null,0.000918539
0.96172,0.00521523,null,null,null
-0.3478,null,0.105986,null,null
-0.384834,null,null,-0.367039,null
0.00640212,null,null,null,0.0013016
0.95934,0.00734814,null,null,null
-0.313078,null,0.0774855,null,null
-0.303893,null,null,-0.291336,null
0.00375579,null,null,null,-0.000342479
0.95934,0.00734814,null,null,null
-0.313078,null,0.0774855,null,null
-0.303893,null,null,-0.291336,null
0.00375579,null,null,null,-0.000342479
0.95934,0.00734814,null,null,null
-0.313078,null,0.0774855,null,null
-0.303893,null,null,-0.291336,null
0.00375579,null,null,null,-0.000342479
0.960066,0.00360041,null,null,null
-0.331136,null,0.124522,null,null
-0.194771,null,null,-0.245745,null
0.000544117,null,null,null,-0.0041905
0.958345,-7.98462e-07,null,null,null
-0.359939,null,0.015415,null,null
-0.271895,null,null,-0.143751,null
-0.00222095,null,null,null,0.00244972
0.963619,-0.000871346,null,null,null
-0.310564,null,0.0943655,null,null
-0.248526,null,null,-0.218684,null
-0.00454017,null,null,null,-0.00145729
0.963619,-0.000871346,null,null,null
-0.310564,null,0.0943655,null,null
-0.248526,null,null,-0.218684,null
-0.00454017,null,null,null,-0.00145729
0.963619,-0.000871346,null,null,null
-0.310564,null,0.0943655,null,null
-0.248526,null,null,-0.218684,null
-0.00454017,null,null,null,-0.00145729
0.963619,-0.000871346,null,null,null
-0.310564,null,0.0943655,null,null
-0.248526,null,null,-0.218684,null
-0.00454017,null,null,null,-0.00145729
0.963619,-0.000871346,null,null,null
-0.310564,null,0.0943655,null,null
-0.248526,null,null,-0.218684,null
-0.00454017,null,null,null,-0.00145729
0.958349,0.00204436,null,null,null
-0.336035,null,0.035655,null,null
-0.289793,null,null,-0.280026,null
-0.00584578,null,null,null,0.0037617
0.95986,0.00441523,null,null,null
-0.347689,null,0.029724,null,null
-0.273515,null,null,-0.280161,null
-0.00152494,null,null,null,0.00277059
0.95986,0.00441523,null,null,null
-0.347689,null,0.029724,null,null
-0.273515,null,null,-0.280161,null
-0.00152494,null,null,null,0.00277059
0.95986,0.00441523,null,null,null
-0.347689,null,0.029724,null,null
-0.273515,null,null,-0.280161,null
-0.00152494,null,null,null,0.00277059
0.959843,0.00599319,null,null,null
-0.349404,null,0.0776948,null,null
-0.227302,null,null,-0.205826,null
-0.00196921,null,null,null,0.00941704
0.959843,0.00599319,null,null,null
-0.349404,null,0.0776948,null,null
-0.227302,null,null,-0.205826,null
-0.00196921,null,null,null,0.00941704
0.957059,0.00891058,null,null,null
-0.420986,null,0.0947792,null,null
-0.208937,null,null,-0.178199,null
-0.00161571,null,null,null,-0.00039277
0.957016,0.0126055,null,null,null
-0.350431,null,0.0687134,null,null
-0.231644,null,null,-0.145485,null
-0.00872094,null,null,null,-0.0116806
0.957016,0.0126055,null,null,null
-0.350431,null,0.0687134,null,null
-0.231644,null,null,-0.145485,null
-0.00872094,null,null,null,-0.0116806
0.956985,0.00914168,null,null,null
-0.450774,null,0.096604,null,null
-0.366073,null,null,-0.121391,null
-0.00642383,null,null,null,-0.00537586
0.961178,0.00875244,null,null,null
-0.381545,null,0.0852767,null,null
-0.318804,null,null,-0.133208,null
-0.000996144,null,null,null,-0.00770361
0.96673,0.0058628,null,null,null
-0.441512,null,0.161781,null,null
-0.247756,null,null,-0.0553309,null
-0.00177882,null,null,null,-0.00442869
0.96673,0.0058628,null,null,null
-0.441512,null,0.161781,null,null
-0.247756,null,null,-0.0553309,null
-0.00177882,null,null,null,-0.00442869
0.963307,0.00528749,null,null,null
-0.422134,null,0.0601734,null,null
-0.289602,null,null,-0.014722,null
-0.00522985,null,null,null,-0.00771731
0.961534,0.00468972,null,null,null
-0.310152,null,0.0370914,null,null
-0.401153,null,null,-0.110766,null
0.00106441,null,null,null,-0.00373684
0.960715,0.000196324,null,null,null
-0.37029,null,0.0403633,null,null
-0.385821,null,null,-0.164727,null
-0.00207455,null,null,null,-0.00183859
0.960715,0.000196324,null,null,null
-0.37029,null,0.0403633,null,null
-0.385821,null,null,-0.164727,null
-0.00207455,null,null,null,-0.00183859
0.959654,0.0010056,null,null,null
-0.402536,null,0.0125671,null,null
-0.386714,null,null,-0.218411,null
-0.00182336,null,null,null,0.0121207
0.960682,-0.00256194,null,null,null
-0.278376,null,0.0932079,null,null
-0.422284,null,null,-0.19505,null
-0.00526331,null,null,null,0.00433723
0.962761,-0.00301091,null,null,null
-0.365868,null,0.0227003,null,null
-0.326153,null,null,-0.219595,null
0.00786242,null,null,null,0.0142129
0.965264,-0.00125027,null,null,null
-0.429464,null,0.0624827,null,null
-0.322394,null,null,-0.220765,null
-0.000766939,null,null,null,0.00027265
0.962589,-0.00296989,null,null,null
-0.478988,null,0.0875589,null,null
-0.240075,null,null,-0.15547,null
0.00196709,null,null,null,0.00295311
0.961982,-0.00565417,null,null,null
-0.375665,null,-0.0279639,null,null
-0.341499,null,null,-0.17692,null
0.00205456,null,null,null,-0.000928494
0.965684,-0.0121007,null,null,null
-0.383229,null,-0.0472638,null,null
-0.382196,null,null,-0.176333,null
0.00231954,null,null,null,0.00268735
0.963914,-0.0124995,null,null,null
-0.382301,null,-0.0164154,null,null
-0.413224,null,null,-0.197607,null
0.0036642,null,null,null,0.00270682
0.96196,-0.0119408,null,null,null
-0.486036,null,0.0426484,null,null
-0.369905,null,null,-0.277345,null
0.0034662,null,null,null,-0.00692143
0.96196,-0.0119408,null,null,null
-0.486036,null,0.0426484,null,null
-0.369905,null,null,-0.277345,null
0.0034662,null,null,null,-0.00692143
0.96196,-0.0119408,null,null,null
-0.486036,null,0.0426484,null,null
-0.369905,null,null,-0.277345,null
0.0034662,null,null,null,-0.00692143
0.967888,-0.00775312,null,null,null
-0.475048,null,0.0561894,null,null
-0.396921,null,null,-0.278815,null
0.00160088,null,null,null,-0.0015258
0.967888,-0.00775312,null,null,null
-0.475048,null,0.0561894,null,null
-0.396921,null,null,-0.278815,null
0.00160088,null,null,null,-0.0015258
0.964836,0.000899635,null,null,null
-0.519432,null,0.132265,null,null
-0.402969,null,null,-0.22412,null
-0.000818984,null,null,null,0.00392098
0.965876,-0.00230493,null,null,null
-0.576067,null,0.166175,null,null
-0.441817,null,null,-0.178287,null
0.000893077,null,null,null,0.000902184
0.965876,-0.00230493,null,null,null
-0.576067,null,0.166175,null,null
-0.441817,null,null,-0.178287,null
0.000893077,null,null,null,0.000902184
0.969545,0.000128174,null,null,null
-0.532796,null,0.158956,null,null
-0.403794,null,null,-0.161282,null
0.00497794,null,null,null,-0.00266155
0.970746,-0.00074552,null,null,null
-0.491573,null,0.161004,null,null
-0.424035,null,null,-0.16806,null
-0.00026066,null,null,null,-0.00204844
0.96508,-0.00193,null,null,null
-0.411354,null,0.19254,null,null
-0.370285,null,null,-0.180303,null
-0.00343844,null,null,null,-0.00664734
0.96681,0.00405126,null,null,null
-0.418504,null,0.0281453,null,null
-0.356161,null,null,-0.110206,null
-0.00274759,null,null,null,0.0131559
0.962256,0.000246531,null,null,null
-0.38825,null,-0.0293668,null,null
-0.319274,null,null,-0.130189,null
-0.00507883,null,null,null,0.00272861
0.963985,0.00212831,null,null,null
-0.378592,null,-0.196539,null,null
-0.339421,null,null,-0.166132,null
-0.00129323,null,null,null,0.0134136
0.963985,0.00212831,null,null,null
-0.378592,null,-0.196539,null,null
-0.339421,null,null,-0.166132,null
-0.00129323,null,null,null,0.0134136
0.963985,0.00212831,null,null,null
-0.378592,null,-0.196539,null,null
-0.339421,null,null,-0.166132,null
-0.00129323,null,null,null,0.0134136
0.963985,0.00212831,null,null,null
-0.378592,null,-0.196539,null,null
-0.339421,null,null,-0.166132,null
-0.00129323,null,null,null,0.0134136
0.963985,0.00212831,null,null,null
-0.378592,null,-0.196539,null,null
-0.339421,null,null,-0.166132,null
-0.00129323,null,null,null,0.0134136
0.964551,-0.000841225,null,null,null
-0.386207,null,-0.215193,null,null
-0.32444,null,null,-0.148244,null
0.00194947,null,null,null,0.00441211
0.96526,0.000249444,null,null,null
-0.415976,null,-0.171765,null,null
-0.352868,null,null,-0.171723,null
-0.00482353,null,null,null,-0.00031486
0.96526,0.000249444,null,null,null
-0.415976,null,-0.171765,null,null
-0.352868,null,null,-0.171723,null
-0.00482353,null,null,null,-0.00031486
0.964372,0.00262194,null,null,null
-0.328936,null,-0.223892,null,null
-0.33563,null,null,-0.137445,null
0.00219631,null,null,null,-0.00258814
0.964372,0.00262194,null,null,null
-0.328936,null,-0.223892,null,null
-0.33563,null,null,-0.137445,null
0.00219631,null,null,null,-0.00258814
0.964372,0.00262194,null,null,null
-0.328936,null,-0.223892,null,null
-0.33563,null,null,-0.137445,null
0.00219631,null,null,null,-0.00258814
0.96532,0.00524017,null,null,null
-0.341551,null,-0.213322,null,null
-0.359681,null,null,-0.149289,null
0.000410625,null,null,null,-0.00439931
0.96532,0.00524017,null,null,null
-0.341551,null,-0.213322,null,null
-0.359681,null,null,-0.149289,null
0.000410625,null,null,null,-0.00439931
0.966669,0.00475464,null,null,null
-0.319244,null,-0.218528,null,null
-0.408697,null,null,-0.141597,null
-0.007507,null,null,null,-0.0110718
0.966669,0.00475464,null,null,null
-0.319244,null,-0.218528,null,null
-0.408697,null,null,-0.141597,null
-0.007507,null,null,null,-0.0110718
0.962909,0.0053367,null,null,null
-0.301167,null,-0.296347,null,null
-0.439298,null,null,-0.112678,null
-0.00182959,null,null,null,-0.0128186
0.964761,0.00658734,null,null,null
-0.270799,null,-0.370922,null,null
-0.405036,null,null,-0.0692818,null
-0.00114613,null,null,null,0.00308411
0.962129,0.00892559,null,null,null
-0.314128,null,-0.334906,null,null
-0.371571,null,null,-0.13276,null
-0.00531636,null,null,null,0.000178416
0.962129,0.00892559,null,null,null
-0.314128,null,-0.334906,null,null
-0.371571,null,null,-0.13276,null
-0.00531636,null,null,null,0.000178416
0.962509,0.00656634,null,null,null
-0.365576,null,-0.387829,null,null
-0.35142,null,null,-0.127905,null
0.00204326,null,null,null,-0.00853865
0.96354,0.0107205,null,null,null
-0.252204,null,-0.316207,null,null
-0.285696,null,null,-0.250449,null
-0.00223966,null,null,null,-0.00161203
0.962795,0.011735,null,null,null
-0.408729,null,-0.471384,null,null
-0.314129,null,null,-0.2116,null
0.00351776,null,null,null,-0.00466044
0.962767,0.0107774,null,null,null
-0.364709,null,-0.245638,null,null
-0.27083,null,null,-0.262182,null
0.00101732,null,null,null,0.00395365
0.962767,0.0107774,null,null,null
-0.364709,null,-0.245638,null,null
-0.27083,null,null,-0.262182,null
0.00101732,null,null,null,0.00395365
0.963441,0.00873145,null,null,null
-0.208571,null,-0.309754,null,null
-0.178389,null,null,-0.224357,null
0.00270455,null,null,null,0.00106599
0.965063,0.00784535,null,null,null
-0.239187,null,-0.240673,null,null
-0.280366,null,null,-0.250553,null
-0.00523861,null,null,null,0.00878392
0.962846,0.0105085,null,null,null
-0.28929,null,-0.18392,null,null
-0.250358,null,null,-0.16926,null
0.00407516,null,null,null,0.00480072
0.962846,0.0105085,null,null,null
-0.28929,null,-0.18392,null,null
-0.250358,null,null,-0.16926,null
0.00407516,null,null,null,0.00480072
0.962846,0.0105085,null,null,null
-0.28929,null,-0.18392,null,null
-0.250358,null,null,-0.16926,null
0.00407516,null,null,null,0.00480072
0.964093,0.00616839,null,null,null
-0.305812,null,-0.15277,null,null
-0.18508,null,null,-0.272408,null
-0.00654695,null,null,null,0.0123822
0.956692,0.00858682,null,null,null
-0.311495,null,-0.15193,null,null
-0.19724,null,null,-0.172019,null
0.0100889,null,null,null,0.00586805
0.96339,0.00937888,null,null,null
-0.348554,null,-0.0521821,null,null
-0.209998,null,null,-0.170254,null
-0.00376755,null,null,null,0.00256923
0.961307,0.0101408,null,null,null
-0.429195,null,-0.123095,null,null
-0.293421,null,null,-0.158669,null
0.00386207,null,null,null,-0.00317948
0.961307,0.0101408,null,null,null
-0.429195,null,-0.123095,null,null
-0.293421,null,null,-0.158669,null
0.00386207,null,null,null,-0.00317948
0.961307,0.0101408,null,null,null
-0.429195,null,-0.123095,null,null
-0.293421,null,null,-0.158669,null
0.00386207,null,null,null,-0.00317948
0.957156,0.0117796,null,null,null
-0.409594,null,-0.204441,null,null
-0.316308,null,null,-0.212126,null
-0.00282271,null,null,null,-0.00226964
0.958779,0.0078342,null,null,null
-0.374919,null,-0.18484,null,null
-0.255252,null,null,-0.164417,null
0.000727666,null,null,null,0.00941646
0.958779,0.0078342,null,null,null
-0.374919,null,-0.18484,null,null
-0.255252,null,null,-0.164417,null
0.000727666,null,null,null,0.00941646
0.958779,0.0078342,null,null,null
-0.374919,null,-0.18484,null,null
-0.255252,null,null,-0.164417,null
0.000727666,null,null,null,0.00941646
0.958779,0.0078342,null,null,null
-0.374919,null,-0.18484,null,null
-0.255252,null,null,-0.164417,null
0.000727666,null,null,null,0.00941646
0.958779,0.0078342,null,null,null
-0.374919,null,-0.18484,null,null
-0.255252,null,null,-0.164417,null
0.000727666,null,null,null,0.00941646
0.964285,0.00481684,null,null,null
-0.323424,null,-0.222915,null,null
-0.238611,null,null,-0.197156,null
-0.000975354,null,null,null,-0.000340174
0.964285,0.00481684,null,null,null
-0.323424,null,-0.222915,null,null
-0.238611,null,null,-0.197156,null
-0.000975354,null,null,null,-0.000340174
0.96844,0.00245404,null,null,null
-0.258802,null,-0.287161,null,null
-0.215973,null,null,-0.116045,null
-0.00141034,null,null,null,0.00991741
0.970527,0.0118971,null,null,null
-0.328576,null,-0.273666,null,null
-0.246505,null,null,-0.0977563,null
-0.00217009,null,null,null,-0.00102407
0.968679,0.0113488,null,null,null
-0.463525,null,-0.257104,null,null
-0.298064,null,null,-0.0688979,null
0.00265419,null,null,null,0.00168024
0.965369,0.0088379,null,null,null
-0.456714,null,-0.341589,null,null
-0.28546,null,null,-0.0651159,null
0.00132971,null,null,null,-6.75546e-06
0.963413,0.00641463,null,null,null
-0.426733,null,-0.360299,null,null
-0.257269,null,null,-0.0810339,null
0.0104168,null,null,null,0.00266332
0.963413,0.00641463,null,null,null
-0.426733,null,-0.360299,null,null
-0.257269,null,null,-0.0810339,null
0.0104168,null,null,null,0.00266332
0.962975,0.00674656,null,null,null
-0.423596,null,-0.315954,null,null
-0.280413,null,null,-0.0871141,null
-0.0033561,null,null,null,-0.00456234
0.962299,0.00486824,null,null,null
-0.440547,null,-0.365964,null,null
-0.271415,null,null,-0.158832,null
0.00156997,null,null,null,-0.000610365
0.962299,0.00486824,null,null,null
-0.440547,null,-0.365964,null,null
-0.271415,null,null,-0.158832,null
0.00156997,null,null,null,-0.000610365
0.963454,0.00289839,null,null,null
-0.472515,null,-0.347926,null,null
-0.2621,null,null,-0.0905794,null
0.00201404,null,null,null,-0.00125349
0.963454,0.00289839,null,null,null
-0.472515,null,-0.347926,null,null
-0.2621,null,null,-0.0905794,null
0.00201404,null,null,null,-0.00125349
0.963454,0.00289839,null,null,null
-0.472515,null,-0.347926,null,null
-0.2621,null,null,-0.0905794,null
0.00201404,null,null,null,-0.00125349
0.966002,0.00200514,null,null,null
-0.473629,null,-0.325435,null,null
-0.326986,null,null,-0.18106,null
0.00673741,null,null,null,-0.000376148
0.966002,0.00200514,null,null,null
-0.473629,null,-0.325435,null,null
-0.326986,null,null,-0.18106,null
0.00673741,null,null,null,-0.000376148
0.96651,0.000500416,null,null,null
-0.517999,null,-0.239558,null,null
-0.305056,null,null,-0.22006,null
-0.000775265,null,null,null,0.0080251
0.964004,-0.000431128,null,null,null
-0.426399,null,-0.299349,null,null
-0.39816,null,null,-0.169284,null
-0.00325938,null,null,null,-0.00581464
0.9655,-0.0026363,null,null,null
-0.467019,null,-0.348701,null,null
-0.337095,null,null,-0.15322,null
0.00189409,null,null,null,0.00157362
0.9655,-0.0026363,null,null,null
-0.467019,null,-0.348701,null,null
-0.337095,null,null,-0.15322,null
0.00189409,null,null,null,0.00157362
0.963252,-0.00377029,null,null,null
-0.517169,null,-0.319724,null,null
-0.448949,null,null,-0.190806,null
0.00138311,null,null,null,0.0118959
0.962309,-0.00274175,null,null,null
-0.543397,null,-0.209132,null,null
-0.442823,null,null,-0.109152,null
0.00689665,null,null,null,0.00308916
0.962309,-0.00274175,null,null,null
-0.543397,null,-0.209132,null,null
-0.442823,null,null,-0.109152,null
0.00689665,null,null,null,0.00308916
0.960579,-0.00386885,null,null,null
-0.516073,null,-0.149884,null,null
-0.373536,null,null,-0.108203,null
0.00287316,null,null,null,0.0115183
0.960579,-0.00386885,null,null,null
-0.516073,null,-0.149884,null,null
-0.373536,null,null,-0.108203,null
0.00287316,null,null,null,0.0115183
0.960579,-0.00386885,null,null,null
-0.516073,null,-0.149884,null,null
-0.373536,null,null,-0.108203,null
0.00287316,null,null,null,0.0115183
0.955889,5.52493e-05,null,null,null
-0.582688,null,-0.170509,null,null
-0.334047,null,null,-0.140484,null
0.00633745,null,null,null,0.0134343
0.955166,-0.0025155,null,null,null
-0.527346,null,-0.212679,null,null
-0.422772,null,null,-0.148938,null
-0.00422202,null,null,null,0.0146686
0.955166,-0.0025155,null,null,null
-0.527346,null,-0.212679,null,null
-0.422772,null,null,-0.148938,null
-0.00422202,null,null,null,0.0146686
0.957214,-0.000978629,null,null,null
-0.422109,null,-0.0575825,null,null
-0.354706,null,null,-0.114589,null
-0.00677466,null,null,null,0.0104173
0.954005,0.0018399,null,null,null
-0.463934,null,-0.0905194,null,null
-0.3524,null,null,-0.0835991,null
-0.00540031,null,null,null,0.00851756
0.954005,0.0018399,null,null,null
-0.463934,null,-0.0905194,null,null
-0.3524,null,null,-0.0835991,null
-0.00540031,null,null,null,0.00851756
0.954005,0.0018399,null,null,null
-0.463934,null,-0.0905194,null,null
-0.3524,null,null,-0.0835991,null
-0.00540031,null,null,null,0.00851756
0.953322,0.00273267,null,null,null
-0.43413,null,-0.0928801,null,null
-0.366261,null,null,-0.124213,null
-0.00543269,null,null,null,0.000742878
0.955299,-0.000424075,null,null,null
-0.440056,null,-0.0103828,null,null
-0.323724,null,null,-0.167988,null
0.00495806,null,null,null,0.00365782
0.95678,-0.00125824,null,null,null
-0.457062,null,-0.0418035,null,null
-0.36848,null,null,-0.203384,null
0.00907563,null,null,null,0.0002803
0.95938,-0.000453661,null,null,null
-0.481979,null,-0.162716,null,null
-0.325181,null,null,-0.241011,null
0.0020509,null,null,null,-0.0045406
0.96009,0.000668394,null,null,null
-0.462109,null,-0.152921,null,null
-0.328089,null,null,-0.288434,null
-0.000663005,null,null,null,-0.00255818
0.96009,0.000668394,null,null,null
-0.462109,null,-0.152921,null,null
-0.328089,null,null,-0.288434,null
-0.000663005,null,null,null,-0.00255818
0.96009,0.000668394,null,null,null
-0.462109,null,-0.152921,null,null
-0.328089,null,null,-0.288434,null
-0.000663005,null,null,null,-0.00255818
0.961836,0.00155685,null,null,null
-0.371229,null,-0.161357,null,null
-0.40693,null,null,-0.267811,null
0.0114617,null,null,null,-0.00445744
0.961836,0.00155685,null,null,null
-0.371229,null,-0.161357,null,null
-0.40693,null,null,-0.267811,null
0.0114617,null,null,null,-0.00445744
0.960894,-0.00169956,null,null,null
-0.426304,null,-0.198254,null,null
-0.307095,null,null,-0.289102,null
-0.00738994,null,null,null,0.0010901
0.959529,-0.000568856,null,null,null
-0.391479,null,-0.19211,null,null
-0.326068,null,null,-0.3575,null
0.00360556,null,null,null,-0.0035302
0.959529,-0.000568856,null,null,null
-0.391479,null,-0.19211,null,null
-0.326068,null,null,-0.3575,null
0.00360556,null,null,null,-0.0035302
0.96106,-0.00343698,null,null,null
-0.35052,null,-0.123512,null,null
-0.339586,null,null,-0.421693,null
0.000287065,null,null,null,0.00420904
0.96106,-0.00343698,null,null,null
-0.35052,null,-0.123512,null,null
-0.339586,null,null,-0.421693,null
0.000287065,null,null,null,0.00420904
0.961811,-0.00368329,null,null,null
-0.390937,null,-0.139875,null,null
-0.334889,null,null,-0.380826,null
0.000269661,null,null,null,-0.00321906
0.958399,-0.00846911,null,null,null
-0.40703,null,-0.168008,null,null
-0.465721,null,null,-0.452917,null
0.00503157,null,null,null,0.00913069
0.960734,-0.00451966,null,null,null
-0.378619,null,-0.187385,null,null
-0.423463,null,null,-0.44657,null
-0.000174929,null,null,null,-0.00155745
0.957425,-0.002786,null,null,null
-0.378628,null,-0.21144,null,null
-0.396228,null,null,-0.401199,null
-0.000907464,null,null,null,-0.000236874
0.95439,-0.00280035,null,null,null
-0.405989,null,-0.179465,null,null
-0.407415,null,null,-0.354046,null
-0.00264056,null,null,null,0.0043722
0.957119,0.000363411,null,null,null
-0.352159,null,-0.210944,null,null
-0.51336,null,null,-0.355359,null
-0.00472284,null,null,null,0.00422961
0.956039,-0.00214351,null,null,null
-0.381499,null,-0.252861,null,null
-0.43202,null,null,-0.418291,null
0.003404,null,null,null,0.00755899
0.956039,-0.00214351,null,null,null
-0.381499,null,-0.252861,null,null
-0.43202,null,null,-0.418291,null
0.003404,null,null,null,0.00755899
0.955218,0.00319585,null,null,null
-0.264622,null,-0.166964,null,null
-0.413432,null,null,-0.446409,null
-0.0105253,null,null,null,0.000973666
0.955218,0.00319585,null,null,null
-0.264622,null,-0.166964,null,null
-0.413432,null,null,-0.446409,null
-0.0105253,null,null,null,0.000973666
0.951701,0.00327707,null,null,null
-0.345288,null,-0.0862129,null,null
-0.293499,null,null,-0.406654,null
-9.93803e-05,null,null,null,0.00281671
0.953581,-0.00121198,null,null,null
-0.358915,null,-0.116909,null,null
-0.373343,null,null,-0.325194,null
-0.00896019,null,null,null,-0.00261129
0.956799,-3.8534e-05,null,null,null
-0.37432,null,-0.0679321,null,null
-0.298731,null,null,-0.40167,null
-0.00311775,null,null,null,0.00242757
0.956107,-0.000743906,null,null,null
-0.349716,null,-0.062312,null,null
-0.273345,null,null,-0.405274,null
0.00854186,null,null,null,-0.00111764
0.956107,-0.000743906,null,null,null
-0.349716,null,-0.062312,null,null
-0.273345,null,null,-0.405274,null
0.00854186,null,null,null,-0.00111764
0.957196,0.00101726,null,null,null
-0.284977,null,-0.0472891,null,null
-0.38382,null,null,-0.423397,null
0.00338446,null,null,null,-0.000333905
0.956175,-0.000423985,null,null,null
-0.254214,null,-0.099792,null,null
-0.310164,null,null,-0.413671,null
0.0053353,null,null,null,-0.0012908
0.961505,-0.00207419,null,null,null
-0.316188,null,-0.110147,null,null
-0.280146,null,null,-0.392295,null
-0.00364284,null,null,null,0.00651065
0.961947,-0.000696407,null,null,null
-0.346565,null,-0.0700983,null,null
-0.261373,null,null,-0.456881,null
2.12531e-06,null,null,null,0.00141193
0.959015,-0.00591505,null,null,null
-0.34758,null,-0.00207024,null,null
-0.297006,null,null,-0.375196,null
0.00553771,null,null,null,-0.00382034
0.959015,-0.00591505,null,null,null
-0.34758,null,-0.00207024,null,null
-0.297006,null,null,-0.375196,null
0.00553771,null,null,null,-0.00382034
0.958736,-0.00232762,null,null,null
-0.401521,null,-0.0325754,null,null
-0.346693,null,null,-0.329785,null
-0.00468186,null,null,null,-0.000827973
0.958736,-0.00232762,null,null,null
-0.401521,null,-0.0325754,null,null
-0.346693,null,null,-0.329785,null
-0.00468186,null,null,null,-0.000827973
0.961064,-0.00534505,null,null,null
-0.276375,null,-0.00742665,null,null
-0.460568,null,null,-0.211943,null
0.00213684,null,null,null,-0.000468742
0.965905,-0.00241379,null,null,null
-0.323741,null,-0.0267007,null,null
-0.39891,null,null,-0.168008,null
-0.000392987,null,null,null,-0.000446819
0.965905,-0.00241379,null,null,null
-0.323741,null,-0.0267007,null,null
-0.39891,null,null,-0.168008,null
-0.000392987,null,null,null,-0.000446819
0.965905,-0.00241379,null,null,null
-0.323741,null,-0.0267007,null,null
-0.39891,null,null,-0.168008,null
-0.000392987,null,null,null,-0.000446819
0.962965,-0.0013462,null,null,null
-0.270671,null,-0.0338344,null,null
-0.436161,null,null,-0.274653,null
-0.00214121,null,null,null,0.00528185
0.965129,-0.00233954,null,null,null
-0.32256,null,-0.0349634,null,null
-0.39593,null,null,-0.268037,null
0.00669609,null,null,null,0.00155064
0.963795,-0.00337083,null,null,null
-0.299744,null,0.00114613,null,null
-0.45148,null,null,-0.348606,null
-0.00264585,null,null,null,0.00027455
0.966236,0.00050131,null,null,null
-0.323049,null,0.0079709,null,null
-0.350509,null,null,-0.32735,null
0.00224729,null,null,null,0.00211707
0.966245,0.00460274,null,null,null
-0.259225,null,0.0314991,null,null
-0.421772,null,null,-0.219761,null
-0.000599243,null,null,null,-0.00502897
0.96553,0.00598159,null,null,null
-0.159675,null,0.116655,null,null
-0.365225,null,null,-0.283856,null
0.0086381,null,null,null,-0.0116477
0.961379,0.0064842,null,null,null
-0.108727,null,0.106318,null,null
-0.367454,null,null,-0.296152,null
0.00547248,null,null,null,-0.000926501
0.961379,0.0064842,null,null,null
-0.108727,null,0.106318,null,null
-0.367454,null,null,-0.296152,null
0.00547248,null,null,null,-0.000926501
0.961198,0.0057837,null,null,null
-0.071775,null,0.108548,null,null
-0.366689,null,null,-0.203456,null
0.00121342,null,null,null,-0.00991008
0.961198,0.0057837,null,null,null
-0.071775,null,0.108548,null,null
-0.366689,null,null,-0.203456,null
0.00121342,null,null,null,-0.00991008
0.961198,0.0057837,null,null,null
-0.071775,null,0.108548,null,null
-0.366689,null,null,-0.203456,null
0.00121342,null,null,null,-0.00991008
0.961198,0.0057837,null,null,null
-0.071775,null,0.108548,null,null
-0.366689,null,null,-0.203456,null
0.00121342,null,null,null,-0.00991008
0.960248,0.00295929,null,null,null
-0.0840329,null,0.0321509,null,null
-0.335369,null,null,-0.159053,null
-0.00374338,null,null,null,-0.0113157
0.95859,0.00764342,null,null,null
-0.121939,null,0.0484212,null,null
-0.326675,null,null,-0.14627,null
-0.00799622,null,null,null,-0.00809528
0.95859,0.00764342,null,null,null
-0.121939,null,0.0484212,null,null
-0.326675,null,null,-0.14627,null
-0.00799622,null,null,null,-0.00809528
0.95859,0.00764342,null,null,null
-0.121939,null,0.0484212,null,null
-0.326675,null,null,-0.14627,null
-0.00799622,null,null,null,-0.00809528
0.95859,0.00764342,null,null,null
-0.121939,null,0.0484212,null,null
-0.326675,null,null,-0.14627,null
-0.00799622,null,null,null,-0.00809528
0.958971,0.012616,null,null,null
-0.16794,null,0.0887324,null,null
-0.394929,null,null,-0.0917206,null
-0.00378348,null,null,null,0.000214218
0.961475,0.00543704,null,null,null
-0.143941,null,0.0913205,null,null
-0.298334,null,null,-0.0779081,null
-0.000149555,null,null,null,0.00132797
0.963668,0.00291014,null,null,null
-0.136401,null,0.0306109,null,null
-0.476321,null,null,-0.161823,null
-0.0026938,null,null,null,-0.00212838
0.96366,0.00232218,null,null,null
-0.0388396,null,-0.0276736,null,null
-0.529279,null,null,-0.15925,null
-0.00451474,null,null,null,0.00613895
0.963261,0.00700014,null,null,null
-0.0507516,null,0.047481,null,null
-0.461674,null,null,-0.221461,null
0.00422841,null,null,null,0.0036555
0.96648,0.00933955,null,null,null
-0.101618,null,0.00688237,null,null
-0.474874,null,null,-0.170233,null
-0.00363274,null,null,null,-0.0052523
0.960375,0.00864554,null,null,null
-0.0274185,null,-0.15311,null,null
-0.412626,null,null,-0.169739,null
-0.00973215,null,null,null,0.000369396
0.960375,0.00864554,null,null,null
-0.0274185,null,-0.15311,null,null
-0.412626,null,null,-0.169739,null
-0.00973215,null,null,null,0.000369396
0.960375,0.00864554,null,null,null
-0.0274185,null,-0.15311,null,null
-0.412626,null,null,-0.169739,null
-0.00973215,null,null,null,0.000369396
0.960375,0.00864554,null,null,null
-0.0274185,null,-0.15311,null,null
-0.412626,null,null,-0.169739,null
-0.00973215,null,null,null,0.000369396
0.960375,0.00864554,null,null,null
-0.0274185,null,-0.15311,null,null
-0.412626,null,null,-0.169739,null
-0.00973215,null,null,null,0.000369396
0.957677,0.009846,null,null,null
-0.13253,null,-0.17039,null,null
-0.446792,null,null,-0.279779,null
-0.000299088,null,null,null,-0.00114083
0.956145,0.00632921,null,null,null
-0.151334,null,-0.134582,null,null
-0.375409,null,null,-0.289206,null
0.00538271,null,null,null,0.00422981
0.956145,0.00632921,null,null,null
-0.151334,null,-0.134582,null,null
-0.375409,null,null,-0.289206,null
0.00538271,null,null,null,0.00422981
0.956145,0.00632921,null,null,null
-0.151334,null,-0.134582,null,null
-0.375409,null,null,-0.289206,null
0.00538271,null,null,null,0.00422981
0.957726,0.00523543,null,null,null
-0.133837,null,-0.0799396,null,null
-0.475343,null,null,-0.27261,null
-0.00317054,null,null,null,0.00411954
0.96307,0.00590005,null,null,null
-0.0813716,null,-0.113865,null,null
-0.481974,null,null,-0.243395,null
0.00230449,null,null,null,0.00195974
0.96307,0.00590005,null,null,null
-0.0813716,null,-0.113865,null,null
-0.481974,null,null,-0.243395,null
0.00230449,null,null,null,0.00195974
0.96396,0.00541853,null,null,null
-0.0434086,null,-0.0691346,null,null
-0.533239,null,null,-0.290986,null
-0.0013654,null,null,null,-0.0016851
0.963119,0.00504319,null,null,null
-0.084376,null,-0.0918331,null,null
-0.567207,null,null,-0.0939196,null
-0.000755626,null,null,null,-0.0032637
0.96272,0.00715673,null,null,null
-0.139758,null,-0.0442295,null,null
-0.584947,null,null,-0.196623,null
-0.000540479,null,null,null,-0.00703025
0.96272,0.00715673,null,null,null
-0.139758,null,-0.0442295,null,null
-0.584947,null,null,-0.196623,null
-0.000540479,null,null,null,-0.00703025
0.965851,0.0111793,null,null,null
-0.135057,null,-0.0442012,null,null
-0.335725,null,null,-0.275309,null
-0.00288362,null,null,null,-0.00102632
0.965851,0.0111793,null,null,null
-0.135057,null,-0.0442012,null,null
-0.335725,null,null,-0.275309,null
-0.00288362,null,null,null,-0.00102632
0.965851,0.0111793,null,null,null
-0.135057,null,-0.0442012,null,null
-0.335725,null,null,-0.275309,null
-0.00288362,null,null,null,-0.00102632
0.965851,0.0111793,null,null,null
-0.135057,null,-0.0442012,null,null
-0.335725,null,null,-0.275309,null
-0.00288362,null,null,null,-0.00102632
0.966902,0.012991,null,null,null
-0.149673,null,-0.0260909,null,null
-0.545148,null,null,-0.214809,null
0.00196627,null,null,null,-0.00511117
0.966902,0.012991,null,null,null
-0.149673,null,-0.0260909,null,null
-0.545148,null,null,-0.214809,null
0.00196627,null,null,null,-0.00511117
0.966309,0.0100119,null,null,null
-0.250312,null,0.0232435,null,null
-0.600526,null,null,-0.0991436,null
0.00233135,null,null,null,-0.000726391
0.966309,0.0100119,null,null,null
-0.250312,null,0.0232435,null,null
-0.600526,null,null,-0.0991436,null
0.00233135,null,null,null,-0.000726391
0.966309,0.0100119,null,null,null
-0.250312,null,0.0232435,null,null
-0.600526,null,null,-0.0991436,null
0.00233135,null,null,null,-0.000726391
0.966309,0.0100119,null,null,null
-0.250312,null,0.0232435,null,null
-0.600526,null,null,-0.0991436,null
0.00233135,null,null,null,-0.000726391
0.965236,0.00325932,null,null,null
-0.214463,null,-0.105858,null,null
-0.659651,null,null,-0.219061,null
-0.000351121,null,null,null,-4.02631e-05
0.965236,0.00325932,null,null,null
-0.214463,null,-0.105858,null,null
-0.659651,null,null,-0.219061,null
-0.000351121,null,null,null,-4.02631e-05
0.965236,0.00325932,null,null,null
-0.214463,null,-0.105858,null,null
-0.659651,null,null,-0.219061,null
-0.000351121,null,null,null,-4.02631e-05
0.965236,0.00325932,null,null,null
-0.214463,null,-0.105858,null,null
-0.659651,null,null,-0.219061,null
-0.000351121,null,null,null,-4.02631e-05
0.961242,0.00748511,null,null,null
-0.24409,null,-0.0787636,null,null
-0.68321,null,null,-0.253016,null
-0.000657956,null,null,null,0.00616036
0.961242,0.00748511,null,null,null
-0.24409,null,-0.0787636,null,null
-0.68321,null,null,-0.253016,null
-0.000657956,null,null,null,0.00616036
0.961242,0.00748511,null,null,null
-0.24409,null,-0.0787636,null,null
-0.68321,null,null,-0.253016,null
-0.000657956,null,null,null,0.00616036
0.962615,0.00722744,null,null,null
-0.294689,null,-0.142453,null,null
-0.570376,null,null,-0.23619,null
-0.00151484,null,null,null,0.00466256
0.961152,0.00814726,null,null,null
-0.356956,null,-0.145574,null,null
-0.566559,null,null,-0.212471,null
-0.00115585,null,null,null,-0.00173335
0.961152,0.00814726,null,null,null
-0.356956,null,-0.145574,null,null
-0.566559,null,null,-0.212471,null
-0.00115585,null,null,null,-0.00173335
0.963371,0.00906791,null,null,null
-0.261561,null,-0.19598,null,null
-0.453636,null,null,-0.254016,null
-0.000789503,null,null,null,5.03101e-05
0.963371,0.00906791,null,null,null
-0.261561,null,-0.19598,null,null
-0.453636,null,null,-0.254016,null
-0.000789503,null,null,null,5.03101e-05
0.963371,0.00906791,null,null,null
-0.261561,null,-0.19598,null,null
-0.453636,null,null,-0.254016,null
-0.000789503,null,null,null,5.03101e-05
0.960851,0.0116238,null,null,null
-0.302596,null,-0.264045,null,null
-0.364922,null,null,-0.20001,null
-0.00887669,null,null,null,-0.0055819
0.960851,0.0116238,null,null,null
-0.302596,null,-0.264045,null,null
-0.364922,null,null,-0.20001,null
-0.00887669,null,null,null,-0.0055819
0.962516,0.015016,null,null,null
-0.372971,null,-0.139365,null,null
-0.377873,null,null,-0.176335,null
-0.00307576,null,null,null,0.00345131
0.966113,0.01499,null,null,null
-0.360835,null,-0.18279,null,null
-0.385259,null,null,-0.201819,null
0.00386351,null,null,null,-0.00408643
0.964067,0.0111837,null,null,null
-0.385865,null,-0.20953,null,null
-0.354641,null,null,-0.213965,null
-0.000303987,null,null,null,0.00179186
0.964067,0.0111837,null,null,null
-0.385865,null,-0.20953,null,null
-0.354641,null,null,-0.213965,null
-0.000303987,null,null,null,0.00179186
0.964067,0.0111837,null,null,null
-0.385865,null,-0.20953,null,null
-0.354641,null,null,-0.213965,null
-0.000303987,null,null,null,0.00179186
0.965691,0.00716999,null,null,null
-0.449015,null,-0.197075,null,null
-0.350602,null,null,-0.273319,null
0.000249304,null,null,null,-0.00218374
0.959518,0.012031,null,null,null
-0.44657,null,-0.139584,null,null
-0.332409,null,null,-0.262365,null
0.000594559,null,null,null,-0.00666045
0.959518,0.012031,null,null,null
-0.44657,null,-0.139584,null,null
-0.332409,null,null,-0.262365,null
0.000594559,null,null,null,-0.00666045
0.959518,0.012031,null,null,null
-0.44657,null,-0.139584,null,null
-0.332409,null,null,-0.262365,null
0.000594559,null,null,null,-0.00666045
0.961716,0.0150655,null,null,null
-0.500675,null,-0.126053,null,null
-0.410186,null,null,-0.257987,null
-0.000869374,null,null,null,-0.00375019
0.967989,0.0173202,null,null,null
-0.426671,null,-0.141836,null,null
-0.439584,null,null,-0.217281,null
-0.00260036,null,null,null,-0.00554286
0.967989,0.0173202,null,null,null
-0.426671,null,-0.141836,null,null
-0.439584,null,null,-0.217281,null
-0.00260036,null,null,null,-0.00554286
0.967471,0.0142505,null,null,null
-0.365376,null,-0.20412,null,null
-0.411175,null,null,-0.269306,null
-0.00429369,null,null,null,-0.0032094
0.965202,0.0107411,null,null,null
-0.34917,null,-0.241704,null,null
-0.421428,null,null,-0.235826,null
-0.00233715,null,null,null,0.000965672
0.9681,0.00640184,null,null,null
-0.343335,null,-0.220006,null,null
-0.396253,null,null,-0.235288,null
0.00322476,null,null,null,-0.000650634
0.967865,0.00716915,null,null,null
-0.35108,null,-0.302038,null,null
-0.313815,null,null,-0.239919,null
-0.0045192,null,null,null,-0.0025608
0.966845,0.0100774,null,null,null
-0.346544,null,-0.429021,null,null
-0.332444,null,null,-0.219903,null
0.00255962,null,null,null,-0.00432598
0.960754,0.0179137,null,null,null
-0.364074,null,-0.192994,null,null
-0.327426,null,null,-0.25283,null
0.00153565,null,null,null,-0.012043
0.961459,0.0164466,null,null,null
-0.381628,null,-0.226158,null,null
-0.225401,null,null,-0.32441,null
0.000309252,null,null,null,-0.00312461
0.961051,0.0188711,null,null,null
-0.437521,null,-0.156476,null,null
-0.263544,null,null,-0.2988,null
-0.00718023,null,null,null,-0.00718883
0.957313,0.0165,null,null,null
-0.386496,null,-0.16648,null,null
-0.247519,null,null,-0.2288,null
0.00151379,null,null,null,0.00860654
0.957313,0.0165,null,null,null
-0.386496,null,-0.16648,null,null
-0.247519,null,null,-0.2288,null
0.00151379,null,null,null,0.00860654
0.958592,0.0135835,null,null,null
-0.31377,null,-0.16611,null,null
-0.294293,null,null,-0.267732,null
0.00527201,null,null,null,0.00477434
0.964023,0.00905311,null,null,null
-0.373968,null,-0.109209,null,null
-0.222871,null,null,-0.26247,null
-0.000855176,null,null,null,-0.0065099
0.963093,0.00748596,null,null,null
-0.272424,null,-0.317061,null,null
-0.345152,null,null,-0.229132,null
0.00429461,null,null,null,0.00341847
0.963093,0.00748596,null,null,null
-0.272424,null,-0.317061,null,null
-0.345152,null,null,-0.229132,null
0.00429461,null,null,null,0.00341847
0.968186,-0.000457359,null,null,null
-0.277172,null,-0.283045,null,null
-0.406221,null,null,-0.1853,null
-0.00769661,null,null,null,0.000408954
0.968186,-0.000457359,null,null,null
-0.277172,null,-0.283045,null,null
-0.406221,null,null,-0.1853,null
-0.00769661,null,null,null,0.000408954
0.96487,-0.00091332,null,null,null
-0.299174,null,-0.236843,null,null
-0.423615,null,null,-0.197604,null
-0.000345026,null,null,null,-0.00420779
0.96487,-0.00091332,null,null,null
-0.299174,null,-0.236843,null,null
-0.423615,null,null,-0.197604,null
-0.000345026,null,null,null,-0.00420779
0.958374,-0.0030913,null,null,null
-0.166231,null,-0.344839,null,null
-0.357705,null,null,-0.180159,null
0.00515665,null,null,null,-0.00472619
0.958374,-0.0030913,null,null,null
-0.166231,null,-0.344839,null,null
-0.357705,null,null,-0.180159,null
0.00515665,null,null,null,-0.00472619
0.958374,-0.0030913,null,null,null
-0.166231,null,-0.344839,null,null
-0.357705,null,null,-0.180159,null
0.00515665,null,null,null,-0.00472619
0.958374,-0.0030913,null,null,null
-0.166231,null,-0.344839,null,null
-0.357705,null,null,-0.180159,null
0.00515665,null,null,null,-0.00472619
0.958374,-0.0030913,null,null,null
-0.166231,null,-0.344839,null,null
-0.357705,null,null,-0.180159,null
0.00515665,null,null,null,-0.00472619
0.954271,-0.000289031,null,null,null
-0.22182,null,-0.280703,null,null
-0.357932,null,null,-0.168485,null
0.00424401,null,null,null,-0.0146905
0.954271,-0.000289031,null,null,null
-0.22182,null,-0.280703,null,null
-0.357932,null,null,-0.168485,null
0.00424401,null,null,null,-0.0146905
0.955882,0.00132288,null,null,null
-0.120783,null,-0.320176,null,null
-0.302134,null,null,-0.245724,null
-0.00425848,null,null,null,-0.00407132
0.951954,0.00265915,null,null,null
-0.00772917,null,-0.38288,null,null
-0.310275,null,null,-0.119525,null
0.00320131,null,null,null,0.00169968
0.954076,0.0036919,null,null,null
-0.0862274,null,-0.34231,null,null
-0.297456,null,null,-0.0538672,null
-0.000460309,null,null,null,0.00671414
0.954076,0.0036919,null,null,null
-0.0862274,null,-0.34231,null,null
-0.297456,null,null,-0.0538672,null
-0.000460309,null,null,null,0.00671414
0.954076,0.0036919,null,null,null
-0.0862274,null,-0.34231,null,null
-0.297456,null,null,-0.0538672,null
-0.000460309,null,null,null,0.00671414
0.949205,0.00893151,null,null,null
-0.0637952,null,-0.331735,null,null
-0.302337,null,null,-0.0940165,null
-0.00529419,null,null,null,0.00116007
0.954407,0.0122831,null,null,null
-0.0712389,null,-0.330785,null,null
-0.35518,null,null,-0.209978,null
-7.69116e-05,null,null,null,-0.00540926
0.957407,0.0130014,null,null,null
-0.0688854,null,-0.457429,null,null
-0.293331,null,null,-0.217926,null
-0.00215052,null,null,null,-5.22872e-05
0.961477,0.0154784,null,null,null
-0.0695309,null,-0.355218,null,null
-0.241092,null,null,-0.0887661,null
0.000261412,null,null,null,0.00666933
0.962434,0.0185783,null,null,null
-0.109637,null,-0.344066,null,null
-0.305026,null,null,-0.255026,null
0.00154437,null,null,null,0.00585135
0.962434,0.0185783,null,null,null
-0.109637,null,-0.344066,null,null
-0.305026,null,null,-0.255026,null
0.00154437,null,null,null,0.00585135
0.959015,0.0161608,null,null,null
-0.159942,null,-0.415324,null,null
-0.252366,null,null,-0.230557,null
-0.00580212,null,null,null,-0.00414789
0.957577,0.0146266,null,null,null
-0.159821,null,-0.359241,null,null
-0.206034,null,null,-0.172476,null
-0.00451754,null,null,null,0.000796854
0.957526,0.010976,null,null,null
-0.246606,null,-0.341715,null,null
-0.280263,null,null,-0.20873,null
-0.00532483,null,null,null,0.00149951
0.960074,0.00703332,null,null,null
-0.252766,null,-0.406272,null,null
-0.240901,null,null,-0.18485,null
-0.000696618,null,null,null,0.00247413
0.962386,0.00652479,null,null,null
-0.27354,null,-0.394715,null,null
-0.260196,null,null,-0.239998,null
-0.00609668,null,null,null,-0.00342474
0.962386,0.00652479,null,null,null
-0.27354,null,-0.394715,null,null
-0.260196,null,null,-0.239998,null
-0.00609668,null,null,null,-0.00342474
0.965878,0.00383358,null,null,null
-0.277475,null,-0.299409,null,null
-0.197359,null,null,-0.243279,null
0.000419512,null,null,null,-0.00106269
0.967111,0.000754103,null,null,null
-0.279988,null,-0.3411,null,null
-0.213864,null,null,-0.221117,null
0.00176189,null,null,null,0.00105238
0.967111,0.000754103,null,null,null
-0.279988,null,-0.3411,null,null
-0.213864,null,null,-0.221117,null
0.00176189,null,null,null,0.00105238
0.963994,0.00447333,null,null,null
-0.234316,null,-0.370371,null,null
-0.200505,null,null,-0.166311,null
0.00394997,null,null,null,0.00391078
0.95942,0.00484795,null,null,null
-0.227417,null,-0.426625,null,null
-0.204891,null,null,-0.17908,null
-0.00407901,null,null,null,-0.00207014
0.962064,0.00280481,null,null,null
-0.195195,null,-0.412851,null,null
-0.167496,null,null,-0.219215,null
0.00681159,null,null,null,0.000921159
0.962064,0.00280481,null,null,null
-0.195195,null,-0.412851,null,null
-0.167496,null,null,-0.219215,null
0.00681159,null,null,null,0.000921159
0.963309,0.00558358,null,null,null
-0.103058,null,-0.337069,null,null
-0.232196,null,null,-0.276375,null
-0.00169929,null,null,null,0.000810342
0.963309,0.00558358,null,null,null
-0.103058,null,-0.337069,null,null
-0.232196,null,null,-0.276375,null
-0.00169929,null,null,null,0.000810342
0.965993,-0.00094412,null,null,null
-0.179602,null,-0.421424,null,null
-0.322595,null,null,-0.244691,null
0.000209039,null,null,null,0.00657829
0.961122,0.00222645,null,null,null
-0.168588,null,-0.372615,null,null
-0.239182,null,null,-0.17907,null
0.00270407,null,null,null,-0.00118637
0.954545,0.00268465,null,null,null
-0.156581,null,-0.259965,null,null
-0.268081,null,null,-0.206412,null
-0.00410761,null,null,null,0.00223706
0.954545,0.00268465,null,null,null
-0.156581,null,-0.259965,null,null
-0.268081,null,null,-0.206412,null
-0.00410761,null,null,null,0.00223706
0.954545,0.00268465,null,null,null
-0.156581,null,-0.259965,null,null
-0.268081,null,null,-0.206412,null
-0.00410761,null,null,null,0.00223706
0.95701,-0.00146055,null,null,null
-0.158188,null,-0.233679,null,null
-0.243537,null,null,-0.252458,null
-0.00177939,null,null,null,0.00599175
0.95701,-0.00146055,null,null,null
-0.158188,null,-0.233679,null,null
-0.243537,null,null,-0.252458,null
-0.00177939,null,null,null,0.00599175
0.958896,0.00274765,null,null,null
-0.125333,null,-0.301117,null,null
-0.226594,null,null,-0.212152,null
-0.00178751,null,null,null,0.00638529
0.960488,-0.000296058,null,null,null
-0.177634,null,-0.273529,null,null
-0.228953,null,null,-0.214025,null
-0.00336139,null,null,null,0.00295265
0.960488,-0.000296058,null,null,null
-0.177634,null,-0.273529,null,null
-0.228953,null,null,-0.214025,null
-0.00336139,null,null,null,0.00295265
0.960488,-0.000296058,null,null,null
-0.177634,null,-0.273529,null,null
-0.228953,null,null,-0.214025,null
-0.00336139,null,null,null,0.00295265
0.964099,0.00378375,null,null,null
-0.136886,null,-0.309233,null,null
-0.224178,null,null,-0.308383,null
0.000283256,null,null,null,-0.00359369
0.963534,0.0051806,null,null,null
-0.134019,null,-0.36674,null,null
-0.205627,null,null,-0.30816,null
1.28334e-05,null,null,null,0.00228896
0.966712,0.00122712,null,null,null
-0.183519,null,-0.330547,null,null
-0.21426,null,null,-0.312893,null
-0.00915812,null,null,null,0.0019173
0.966375,0.00121826,null,null,null
-0.170674,null,-0.455527,null,null
-0.188236,null,null,-0.3226,null
-0.00275509,null,null,null,0.000639586
0.964914,-0.000726669,null,null,null
-0.0475288,null,-0.400469,null,null
-0.208555,null,null,-0.265491,null
-0.00600891,null,null,null,-0.00261394
0.968739,-0.00494502,null,null,null
-0.141389,null,-0.408455,null,null
-0.215121,null,null,-0.266696,null
-0.00561992,null,null,null,-0.00148292
0.968739,-0.00494502,null,null,null
-0.141389,null,-0.408455,null,null
-0.215121,null,null,-0.266696,null
-0.00561992,null,null,null,-0.00148292
0.968739,-0.00494502,null,null,null
-0.141389,null,-0.408455,null,null
-0.215121,null,null,-0.266696,null
-0.00561992,null,null,null,-0.00148292
0.968739,-0.00494502,null,null,null
-0.141389,null,-0.408455,null,null
-0.215121,null,null,-0.266696,null
-0.00561992,null,null,null,-0.00148292
0.963425,-0.00922181,null,null,null
-0.188509,null,-0.358595,null,null
-0.246156,null,null,-0.236863,null
-0.00803552,null,null,null,0.00260245
0.963425,-0.00922181,null,null,null
-0.188509,null,-0.358595,null,null
-0.246156,null,null,-0.236863,null
-0.00803552,null,null,null,0.00260245
0.966548,-0.00855824,null,null,null
-0.163676,null,-0.30824,null,null
-0.262161,null,null,-0.307049,null
0.0082936,null,null,null,-0.00464669
0.966548,-0.00855824,null,null,null
-0.163676,null,-0.30824,null,null
-0.262161,null,null,-0.307049,null
0.0082936,null,null,null,-0.00464669
0.966548,-0.00855824,null,null,null
-0.163676,null,-0.30824,null,null
-0.262161,null,null,-0.307049,null
0.0082936,null,null,null,-0.00464669
0.967044,-0.010272,null,null,null
-0.13007,null,-0.288602,null,null
-0.225903,null,null,-0.268711,null
-0.00113828,null,null,null,-0.00429181
0.967044,-0.010272,null,null,null
-0.13007,null,-0.288602,null,null
-0.225903,null,null,-0.268711,null
-0.00113828,null,null,null,-0.00429181
0.967044,-0.010272,null,null,null
-0.13007,null,-0.288602,null,null
-0.225903,null,null,-0.268711,null
-0.00113828,null,null,null,-0.00429181
0.965406,-0.010027,null,null,null
-0.117279,null,-0.265124,null,null
-0.272026,null,null,-0.31692,null
-0.00248894,null,null,null,-0.00129475
0.965406,-0.010027,null,null,null
-0.117279,null,-0.265124,null,null
-0.272026,null,null,-0.31692,null
-0.00248894,null,null,null,-0.00129475
0.961971,-0.00554151,null,null,null
-0.142094,null,-0.252191,null,null
-0.285555,null,null,-0.35516,null
0.0038329,null,null,null,0.00353061
0.961971,-0.00554151,null,null,null
-0.142094,null,-0.252191,null,null
-0.285555,null,null,-0.35516,null
0.0038329,null,null,null,0.00353061
0.965132,-0.0029616,null,null,null
-0.0832225,null,-0.254132,null,null
-0.225944,null,null,-0.338756,null
0.0044931,null,null,null,-0.00710462
0.965132,-0.0029616,null,null,null
-0.0832225,null,-0.254132,null,null
-0.225944,null,null,-0.338756,null
0.0044931,null,null,null,-0.00710462
0.960758,-3.84627e-05,null,null,null
-0.193979,null,-0.305971,null,null
-0.266911,null,null,-0.352549,null
-0.00161097,null,null,null,0.00395225
0.961176,-0.000613377,null,null,null
-0.207827,null,-0.247666,null,null
-0.183921,null,null,-0.373655,null
-0.00332998,null,null,null,-0.0049021
0.963484,-0.00203418,null,null,null
-0.167865,null,-0.297812,null,null
-0.202818,null,null,-0.380636,null
-0.00248714,null,null,null,0.00391406
0.961134,-0.0032544,null,null,null
-0.222771,null,-0.283599,null,null
-0.126828,null,null,-0.43999,null
0.00284859,null,null,null,0.0093731
0.957476,-0.00432532,null,null,null
-0.216856,null,-0.369312,null,null
-0.0525366,null,null,-0.44538,null
-0.00536873,null,null,null,-0.000214998
0.957476,-0.00432532,null,null,null
-0.216856,null,-0.369312,null,null
-0.0525366,null,null,-0.44538,null
-0.00536873,null,null,null,-0.000214998
0.958021,-0.00443876,null,null,null
-0.240219,null,-0.333919,null,null
-0.0860426,null,null,-0.524247,null
-0.00285075,null,null,null,-0.00249789
0.9603,-0.00682631,null,null,null
-0.238602,null,-0.280569,null,null
-0.000508055,null,null,-0.509068,null
0.00384329,null,null,null,-0.00455349
0.9603,-0.00682631,null,null,null
-0.238602,null,-0.280569,null,null
-0.000508055,null,null,-0.509068,null
0.00384329,null,null,null,-0.00455349
0.960125,-0.00334401,null,null,null
-0.111456,null,-0.261525,null,null
-0.0723733,null,null,-0.511875,null
0.00265555,null,null,null,0.000787942
0.959796,-0.000413988,null,null,null
-0.0718528,null,-0.231265,null,null
-0.0770887,null,null,-0.521778,null
0.000870605,null,null,null,0.000653734
0.963644,-0.00172885,null,null,null
-0.0951422,null,-0.19433,null,null
-0.145845,null,null,-0.496366,null
0.00112802,null,null,null,0.000671982
0.965245,0.00308761,null,null,null
-0.167976,null,-0.18081,null,null
-0.0184314,null,null,-0.480949,null
0.00494379,null,null,null,-0.00203864
0.965245,0.00308761,null,null,null
-0.167976,null,-0.18081,null,null
-0.0184314,null,null,-0.480949,null
0.00494379,null,null,null,-0.00203864
0.965245,0.00308761,null,null,null
-0.167976,null,-0.18081,null,null
-0.0184314,null,null,-0.480949,null
0.00494379,null,null,null,-0.00203864
0.971055,0.00437611,null,null,null
-0.133674,null,-0.110571,null,null
-0.0161636,null,null,-0.445906,null
0.0017559,null,null,null,0.0048012
0.966436,0.00367103,null,null,null
-0.081739,null,-0.134609,null,null
-0.0358965,null,null,-0.364212,null
0.00520095,null,null,null,0.00986532
0.966289,0.00462769,null,null,null
-0.0723598,null,-0.0961728,null,null
0.0179773,null,null,-0.312835,null
0.00667265,null,null,null,-0.0020257
0.966289,0.00462769,null,null,null
-0.0723598,null,-0.0961728,null,null
0.0179773,null,null,-0.312835,null
0.00667265,null,null,null,-0.0020257
0.966289,0.00462769,null,null,null
-0.0723598,null,-0.0961728,null,null
0.0179773,null,null,-0.312835,null
0.00667265,null,null,null,-0.0020257
0.966289,0.00462769,null,null,null
-0.0723598,null,-0.0961728,null,null
0.0179773,null,null,-0.312835,null
0.00667265,null,null,null,-0.0020257
0.966289,0.00462769,null,null,null
-0.0723598,null,-0.0961728,null,null
0.0179773,null,null,-0.312835,null
0.00667265,null,null,null,-0.0020257
0.967585,2.27386e-05,null,null,null
-0.120954,null,-0.162139,null,null
0.0318312,null,null,-0.317198,null
1.39574e-05,null,null,null,-0.00110014
0.967585,2.27386e-05,null,null,null
-0.120954,null,-0.162139,null,null
0.0318312,null,null,-0.317198,null
1.39574e-05,null,null,null,-0.00110014
0.970701,0.00227589,null,null,null
-0.0957221,null,-0.0250315,null,null
0.0185789,null,null,-0.437113,null
0.00394568,null,null,null,0.000533509
0.968744,-0.000647844,null,null,null
-0.0672029,null,-0.128438,null,null
0.013962,null,null,-0.47697,null
0.00515901,null,null,null,-0.00890804
0.965356,-0.00153082,null,null,null
-0.0854221,null,-0.104946,null,null
0.12545,null,null,-0.390726,null
0.000641859,null,null,null,-0.000903779
0.964939,-0.00124679,null,null,null
-0.153697,null,-0.157656,null,null
0.210861,null,null,-0.362924,null
-2.57099e-05,null,null,null,0.00150738
0.964939,-0.00124679,null,null,null
-0.153697,null,-0.157656,null,null
0.210861,null,null,-0.362924,null
-2.57099e-05,null,null,null,0.00150738
0.964939,-0.00124679,null,null,null
-0.153697,null,-0.157656,null,null
0.210861,null,null,-0.362924,null
-2.57099e-05,null,null,null,0.00150738
0.963524,-0.0007201,null,null,null
-0.147385,null,-0.132346,null,null
0.244074,null,null,-0.336489,null
0.000117367,null,null,null,0.00236913
0.963524,-0.0007201,null,null,null
-0.147385,null,-0.132346,null,null
0.244074,null,null,-0.336489,null
0.000117367,null,null,null,0.00236913
0.963524,-0.0007201,null,null,null
-0.147385,null,-0.132346,null,null
0.244074,null,null,-0.336489,null
0.000117366,null,null,null,0.00236913
0.961902,0.00103614,null,null,null
-0.0641685,null,-0.133151,null,null
0.134099,null,null,-0.412336,null
0.00220404,null,null,null,0.00121519
0.95971,-0.00173147,null,null,null
-0.0720451,null,-0.194531,null,null
0.0940744,null,null,-0.385885,null
-0.00142012,null,null,null,0.000364934
0.963874,-0.00160986,null,null,null
-0.182879,null,-0.190925,null,null
0.0998785,null,null,-0.371254,null
-0.00721942,null,null,null,-0.00650351
0.963874,-0.00160986,null,null,null
-0.182879,null,-0.190925,null,null
0.0998785,null,null,-0.371254,null
-0.00721942,null,null,null,-0.00650351
0.963874,-0.00160986,null,null,null
-0.182879,null,-0.190925,null,null
0.0998785,null,null,-0.371254,null
-0.00721942,null,null,null,-0.00650351
0.963874,-0.00160986,null,null,null
-0.182879,null,-0.190925,null,null
0.0998785,null,null,-0.371254,null
-0.00721942,null,null,null,-0.00650351
0.960426,0.00253995,null,null,null
-0.106091,null,-0.227269,null,null
0.217103,null,null,-0.332477,null
0.00319239,null,null,null,0.00999996
0.960426,0.00253995,null,null,null
-0.106091,null,-0.227269,null,null
0.217103,null,null,-0.332477,null
0.00319239,null,null,null,0.00999996
0.962824,0.00368159,null,null,null
-0.099859,null,-0.161647,null,null
0.240088,null,null,-0.341379,null
-0.0020471,null,null,null,0.00441476
0.966731,0.00435845,null,null,null
-0.104058,null,-0.21057,null,null
0.149919,null,null,-0.378044,null
-0.0048181,null,null,null,0.0014486
0.963999,0.00904855,null,null,null
-0.225865,null,-0.212498,null,null
0.181592,null,null,-0.335058,null
0.00270015,null,null,null,0.00874864
0.963999,0.00904855,null,null,null
-0.225865,null,-0.212498,null,null
0.181592,null,null,-0.335058,null
0.00270015,null,null,null,0.00874864
0.958896,0.00429299,null,null,null
-0.191747,null,-0.317031,null,null
0.159529,null,null,-0.348991,null
-0.000338348,null,null,null,-0.00368361
0.965236,0.000976461,null,null,null
-0.201015,null,-0.351139,null,null
0.106342,null,null,-0.377436,null
-0.00167932,null,null,null,0.00303655
0.965236,0.000976461,null,null,null
-0.201015,null,-0.351139,null,null
0.106342,null,null,-0.377436,null
-0.00167932,null,null,null,0.00303655
0.965236,0.000976461,null,null,null
-0.201015,null,-0.351139,null,null
0.106342,null,null,-0.377436,null
-0.00167932,null,null,null,0.00303655
0.965236,0.000976461,null,null,null
-0.201015,null,-0.351139,null,null
0.106342,null,null,-0.377436,null
-0.00167932,null,null,null,0.00303655
0.959932,0.000659416,null,null,null
-0.263915,null,-0.36534,null,null
0.1976,null,null,-0.346121,null
0.00126105,null,null,null,0.00507919
0.959932,0.000659416,null,null,null
-0.263915,null,-0.36534,null,null
0.1976,null,null,-0.346121,null
0.00126105,null,null,null,0.00507919
0.959932,0.000659416,null,null,null
-0.263915,null,-0.36534,null,null
0.1976,null,null,-0.346121,null
0.00126105,null,null,null,0.00507919
0.959932,0.000659416,null,null,null
-0.263915,null,-0.36534,null,null
0.1976,null,null,-0.346121,null
0.00126105,null,null,null,0.00507919
0.959932,0.000659416,null,null,null
-0.263915,null,-0.36534,null,null
0.1976,null,null,-0.346121,null
0.00126105,null,null,null,0.00507919
0.959932,0.000659416,null,null,null
-0.263915,null,-0.36534,null,null
0.1976,null,null,-0.346121,null
0.00126105,null,null,null,0.00507919
0.959932,0.000659416,null,null,null
-0.263915,null,-0.36534,null,null
0.1976,null,null,-0.346121,null
0.00126105,null,null,null,0.00507919
0.959932,0.000659416,null,null,null
-0.263915,null,-0.36534,null,null
0.1976,null,null,-0.346121,null
0.00126105,null,null,null,0.00507919
0.959932,0.000659416,null,null,null
-0.263915,null,-0.36534,null,null
0.1976,null,null,-0.346121,null
0.00126105,null,null,null,0.00507919
0.957975,-0.00303848,null,null,null
-0.277517,null,-0.293675,null,null
0.0773635,null,null,-0.361442,null
0.00281055,null,null,null,0.00306962
0.957975,-0.00303848,null,null,null
-0.277517,null,-0.293675,null,null
0.0773635,null,null,-0.361442,null
0.00281055,null,null,null,0.00306962
0.960085,-0.00247674,null,null,null
-0.213172,null,-0.203095,null,null
0.14344,null,null,-0.341859,null
-0.00585957,null,null,null,0.00446265
0.958749,-0.00450446,null,null,null
-0.229729,null,-0.286954,null,null
0.135635,null,null,-0.34199,null
0.00621628,null,null,null,0.00247725
0.957361,-0.00105632,null,null,null
-0.158714,null,-0.228016,null,null
0.0529696,null,null,-0.380325,null
-0.00731824,null,null,null,0.00149085
0.957361,-0.00105632,null,null,null
-0.158714,null,-0.228016,null,null
0.0529696,null,null,-0.380325,null
-0.00731824,null,null,null,0.00149085
0.959924,0.00138859,null,null,null
-0.186609,null,-0.221241,null,null
0.0712246,null,null,-0.41892,null
-0.00123875,null,null,null,0.000346397
0.957715,0.00180499,null,null,null
-0.251625,null,-0.245155,null,null
0.0975862,null,null,-0.482397,null
-0.00382194,null,null,null,0.00188764
0.960144,-0.00058633,null,null,null
-0.2716,null,-0.13968,null,null
0.0991419,null,null,-0.40577,null
-0.000695721,null,null,null,0.00458025
0.960304,0.0019351,null,null,null
-0.273411,null,-0.311105,null,null
0.0879102,null,null,-0.377034,null
-0.000263697,null,null,null,-0.00319865
0.960304,0.0019351,null,null,null
-0.273411,null,-0.311105,null,null
0.0879102,null,null,-0.377034,null
-0.000263697,null,null,null,-0.00319865
0.957816,-0.00139239,null,null,null
-0.239319,null,-0.274547,null,null
0.0873286,null,null,-0.42416,null
-0.00422065,null,null,null,-0.000266801
0.957523,-0.00331336,null,null,null
-0.290324,null,-0.266939,null,null
0.038882,null,null,-0.214496,null
-0.00287004,null,null,null,-0.00393733
0.958719,-0.00235952,null,null,null
-0.24579,null,-0.231886,null,null
0.128991,null,null,-0.298673,null
-0.0057996,null,null,null,0.0018493
0.962874,-0.00106612,null,null,null
-0.174356,null,-0.227022,null,null
0.147856,null,null,-0.339831,null
-0.000409223,null,null,null,0.00583594
0.963166,-0.000529254,null,null,null
-0.144394,null,-0.224247,null,null
0.183431,null,null,-0.403841,null
0.00356874,null,null,null,0.00745161
0.962205,0.0034301,null,null,null
-0.0872319,null,-0.26422,null,null
0.129286,null,null,-0.355099,null
0.00645571,null,null,null,-0.00697511
0.962205,0.0034301,null,null,null
-0.0872319,null,-0.26422,null,null
0.129286,null,null,-0.355099,null
0.00645571,null,null,null,-0.00697511
0.957958,0.0088735,null,null,null
-0.152113,null,-0.195289,null,null
0.103522,null,null,-0.319036,null
-0.00775316,null,null,null,-0.00934219
0.955973,0.00761741,null,null,null
-0.0408706,null,-0.195814,null,null
0.139058,null,null,-0.217158,null
0.00255312,null,null,null,-0.000394416
0.955679,0.00618011,null,null,null
-0.0801616,null,-0.249229,null,null
0.100924,null,null,-0.153452,null
-0.008044,null,null,null,-0.00372994
0.956776,0.00113156,null,null,null
-0.0738779,null,-0.271338,null,null
0.026888,null,null,-0.148751,null
-0.00216355,null,null,null,-0.0154474
0.954376,0.00134,null,null,null
-0.161916,null,-0.224466,null,null
0.153691,null,null,-0.214589,null
-0.00448277,null,null,null,-0.00131092
0.955469,-0.000413403,null,null,null
-0.117878,null,-0.226216,null,null
0.0883319,null,null,-0.143191,null
-0.00312459,null,null,null,-0.00213501
0.958441,-0.000586628,null,null,null
-0.171017,null,-0.248713,null,null
0.100703,null,null,-0.109226,null
-0.00360599,null,null,null,0.0100574
0.95819,0.00466205,null,null,null
-0.20205,null,-0.197164,null,null
0.143641,null,null,-0.123171,null
-0.00379821,null,null,null,-0.0016859
0.95819,0.00466205,null,null,null
-0.20205,null,-0.197164,null,null
0.143641,null,null,-0.123171,null
-0.00379821,null,null,null,-0.0016859
0.96103,0.00686567,null,null,null
-0.141331,null,-0.286965,null,null
0.123017,null,null,-0.145461,null
-0.0122965,null,null,null,-0.00337189
0.962712,0.0034168,null,null,null
-0.0993096,null,-0.262611,null,null
0.143874,null,null,-0.122934,null
0.00916969,null,null,null,0.000821486
0.962712,0.0034168,null,null,null
-0.0993096,null,-0.262611,null,null
0.143874,null,null,-0.122934,null
0.00916969,null,null,null,0.000821486
0.964971,0.00358305,null,null,null
-0.0875716,null,-0.291565,null,null
0.198123,null,null,-0.152265,null
-0.00436285,null,null,null,0.0013283
0.961589,0.00608475,null,null,null
-0.10798,null,-0.266835,null,null
0.125994,null,null,-0.210861,null
-0.00266937,null,null,null,0.0029655
0.962557,0.00285012,null,null,null
-0.112859,null,-0.249605,null,null
0.108472,null,null,-0.148845,null
-0.00189394,null,null,null,-0.00504646
0.964586,0.00101689,null,null,null
-0.0643874,null,-0.244657,null,null
0.12208,null,null,-0.15362,null
-0.000654762,null,null,null,0.00159279
0.963135,0.00336641,null,null,null
-0.144769,null,-0.24537,null,null
0.0996507,null,null,-0.206265,null
-0.0032156,null,null,null,-0.00727484
0.96447,-0.000680426,null,null,null
-0.154216,null,-0.233115,null,null
0.100769,null,null,-0.249981,null
-0.00807279,null,null,null,-0.0106556
0.96447,-0.000680426,null,null,null
-0.154216,null,-0.233115,null,null
0.100769,null,null,-0.249981,null
-0.00807279,null,null,null,-0.0106556
0.96447,-0.000680426,null,null,null
-0.154216,null,-0.233115,null,null
0.100769,null,null,-0.249981,null
-0.00807279,null,null,null,-0.0106556
0.96144,0.00447766,null,null,null
-0.182156,null,-0.241001,null,null
0.100416,null,null,-0.182981,null
-0.00473191,null,null,null,-0.00183138
0.957894,0.00482245,null,null,null
-0.18307,null,-0.247418,null,null
0.128296,null,null,-0.284496,null
0.00422201,null,null,null,-0.00832723
0.957894,0.00482245,null,null,null
-0.18307,null,-0.247418,null,null
0.128296,null,null,-0.284496,null
0.00422201,null,null,null,-0.00832723
0.955651,0.00147865,null,null,null
-0.254809,null,-0.262315,null,null
0.0599112,null,null,-0.239951,null
5.57466e-05,null,null,null,-0.00614838
0.958899,0.00459151,null,null,null
-0.215561,null,-0.313424,null,null
0.162135,null,null,-0.320685,null
0.00113629,null,null,null,-0.00157754
0.955063,0.00903565,null,null,null
-0.189301,null,-0.273388,null,null
0.202352,null,null,-0.336583,null
-0.00628215,null,null,null,0.00447047
0.951932,0.0100579,null,null,null
-0.211249,null,-0.185028,null,null
0.164204,null,null,-0.20666,null
-0.00450057,null,null,null,0.0101377
0.951932,0.0100579,null,null,null
-0.211249,null,-0.185028,null,null
0.164204,null,null,-0.20666,null
-0.00450057,null,null,null,0.0101377
0.951932,0.0100579,null,null,null
-0.211249,null,-0.185028,null,null
0.164204,null,null,-0.20666,null
-0.00450057,null,null,null,0.0101377
0.952186,0.0119778,null,null,null
-0.22089,null,-0.180681,null,null
0.162158,null,null,-0.165114,null
-0.00449201,null,null,null,0.00355921
0.952986,0.0118486,null,null,null
-0.225802,null,-0.181039,null,null
0.203534,null,null,-0.14215,null
-0.00165806,null,null,null,-0.000359078
0.954266,0.0133161,null,null,null
-0.24327,null,-0.233401,null,null
0.279133,null,null,-0.132959,null
0.00347494,null,null,null,-0.0110306
0.957301,0.0191303,null,null,null
-0.219989,null,-0.252167,null,null
0.215964,null,null,-0.180725,null
-0.00103126,null,null,null,-0.00843511
0.957301,0.0191303,null,null,null
-0.219989,null,-0.252167,null,null
0.215964,null,null,-0.180725,null
-0.00103126,null,null,null,-0.00843511
0.957301,0.0191303,null,null,null
-0.219989,null,-0.252167,null,null
0.215964,null,null,-0.180725,null
-0.00103126,null,null,null,-0.00843511
0.955756,0.0164944,null,null,null
-0.135324,null,-0.277756,null,null
0.164105,null,null,-0.119342,null
-0.00274041,null,null,null,-0.0138524
0.958398,0.021305,null,null,null
-0.0950564,null,-0.293311,null,null
0.170687,null,null,-0.150545,null
0.00246599,null,null,null,-0.0013782
0.958494,0.0180049,null,null,null
-0.115011,null,-0.282144,null,null
0.20003,null,null,-0.218695,null
0.00709339,null,null,null,0.000613694
0.958494,0.0180049,null,null,null
-0.115011,null,-0.282144,null,null
0.20003,null,null,-0.218695,null
0.00709339,null,null,null,0.000613694
0.956244,0.0172433,null,null,null
-0.171832,null,-0.270791,null,null
0.253811,null,null,-0.121427,null
0.000707137,null,null,null,0.00199337
0.958756,0.0160025,null,null,null
-0.20093,null,-0.25782,null,null
0.321757,null,null,-0.181724,null
0.00288394,null,null,null,-0.00190896
0.958756,0.0160025,null,null,null
-0.20093,null,-0.25782,null,null
0.321757,null,null,-0.181724,null
0.00288394,null,null,null,-0.00190896
0.963243,0.0194649,null,null,null
-0.262104,null,-0.217888,null,null
0.33244,null,null,-0.282913,null
0.00624403,null,null,null,-0.00683456
0.96247,0.0150889,null,null,null
-0.154847,null,-0.192195,null,null
0.333375,null,null,-0.187128,null
-0.0033699,null,null,null,0.00481532
0.96247,0.0150889,null,null,null
-0.154847,null,-0.192195,null,null
0.333375,null,null,-0.187128,null
-0.0033699,null,null,null,0.00481532
0.962869,0.0171397,null,null,null
-0.133984,null,-0.180574,null,null
0.373881,null,null,-0.101375,null
-0.0014544,null,null,null,0.000237578
0.961684,0.0228076,null,null,null
-0.152619,null,-0.22781,null,null
0.43279,null,null,-0.128299,null
-0.000191361,null,null,null,0.00841225
0.952371,0.021335,null,null,null
-0.224005,null,-0.213626,null,null
0.353469,null,null,-0.261774,null
0.00665371,null,null,null,0.00607061
0.960599,0.0195118,null,null,null
-0.264483,null,-0.240952,null,null
0.299696,null,null,-0.202291,null
-0.000909629,null,null,null,-0.00452853
0.960599,0.0195118,null,null,null
-0.264483,null,-0.240952,null,null
0.299696,null,null,-0.202291,null
-0.000909629,null,null,null,-0.00452853
0.958196,0.0186963,null,null,null
-0.271352,null,-0.274149,null,null
0.29193,null,null,-0.169755,null
0.00168784,null,null,null,0.0031856
0.958196,0.0186963,null,null,null
-0.271352,null,-0.274149,null,null
0.29193,null,null,-0.169755,null
0.00168784,null,null,null,0.0031856
0.955044,0.0170199,null,null,null
-0.322096,null,-0.242024,null,null
0.335449,null,null,-0.094018,null
0.00382786,null,null,null,0.00181092
0.955081,0.0206878,null,null,null
-0.281686,null,-0.258377,null,null
0.274133,null,null,-0.172949,null
0.00353137,null,null,null,0.00426961
0.959533,0.0215509,null,null,null
-0.32462,null,-0.246911,null,null
0.252441,null,null,-0.221903,null
-0.00577751,null,null,null,0.000877725
0.961011,0.0205411,null,null,null
-0.271976,null,-0.21388,null,null
0.28902,null,null,-0.312362,null
-0.0024819,null,null,null,-0.00517581
0.961923,0.0209691,null,null,null
-0.301613,null,-0.226593,null,null
0.318678,null,null,-0.275023,null
0.00298173,null,null,null,-0.00560568
0.961019,0.0211791,null,null,null
-0.23466,null,-0.176339,null,null
0.316976,null,null,-0.269193,null
-0.006268,null,null,null,-0.0036527
