t,eps_f,eps_g
10,0.0078125,0.000558036
20,0.0078125,0.000558036
30,0.015625,0.00111607
40,0.025,0.00178571
50,0.0294118,0.00210084
60,0.0277778,0.00198413
70,0.0277778,0.00198413
80,0.0277778,0.00198413
90,0.0277778,0.00198413
100,0.0277778,0.00198413
