MDTU,S_B
1,0.900742
2,0.900742
3,0.900742
4,0.900742
5,0.900742
6,1.00048
7,0.994391
8,0.994391
9,0.996146
10,0.996146
11,0.996371
12,0.996282
13,0.997745
14,0.997148
15,0.997282
16,0.997805
17,0.99831
18,0.997832
19,0.998639
20,0.9974
21,0.997122
22,0.998374
23,0.998329
24,0.997674
25,0.997749
26,0.998211
27,0.997188
28,0.998622
29,0.997254
30,0.99791
