t,eps_f,eps_g
10,0.00961538,0.000801282
20,0.00961538,0.000801282
30,0.0192308,0.00160256
