MDTU,link
1,0.893721
2,0.896536
3,0.898461
4,0.901335
5,0.900274
6,0.903831
7,0.905402
8,0.906051
9,0.909656
10,0.909025
11,0.910529
12,0.912273
13,0.910529
14,0.914504
15,0.912273
16,0.913515
17,0.914504
18,0.915016
19,0.913515
20,0.916398
21,0.915016
22,0.915378
23,0.916398
24,0.917967
25,0.915378
26,0.917967
27,0.918743
28,0.918743
29,0.919458
30,0.919458
