MDTU,plaq_ss,plaq_st
1,0.74478,0.777447
2,0.74574,0.788045
3,0.750215,0.789875
4,0.760166,0.787562
5,0.758312,0.786024
6,0.763561,0.794361
7,0.765269,0.79897
8,0.766715,0.799937
9,0.770732,0.809803
10,0.770833,0.807223
11,0.775476,0.807397
12,0.776783,0.813438
13,0.776783,0.813438
14,0.77669,0.80761
15,0.778204,0.810364
16,0.779458,0.813392
17,0.775475,0.816651
18,0.775337,0.823626
19,0.775337,0.823626
20,0.779404,0.821816
21,0.779404,0.821816
22,0.779404,0.821816
23,0.779404,0.821816
24,0.77788,0.828475
25,0.77788,0.828475
26,0.777367,0.827529
27,0.782684,0.825879
28,0.785167,0.824254
29,0.785167,0.824254
30,0.785167,0.824254
31,0.785167,0.824254
32,0.785167,0.824254
33,0.785167,0.824254
34,0.785167,0.824254
35,0.785167,0.824254
36,0.785167,0.824254
37,0.788126,0.824322
38,0.788126,0.824322
39,0.788126,0.824322
40,0.794489,0.821067
41,0.799635,0.824949
42,0.799635,0.824949
43,0.799635,0.824949
44,0.797645,0.825721
45,0.797645,0.825721
46,0.797607,0.82685
47,0.797607,0.82685
48,0.798032,0.83196
49,0.800792,0.834284
50,0.798714,0.834187
51,0.798714,0.834187
52,0.798714,0.834187
53,0.798714,0.834187
54,0.803656,0.850871
55,0.806384,0.851168
56,0.806384,0.851168
57,0.806384,0.851168
58,0.809274,0.851907
59,0.809274,0.851907
60,0.809274,0.851907
61,0.813188,0.858442
62,0.813188,0.858442
63,0.81175,0.857252
64,0.81175,0.857252
65,0.81175,0.857252
66,0.812766,0.85897
67,0.812744,0.861577
68,0.812091,0.859137
69,0.807918,0.855908
70,0.809724,0.855503
71,0.809724,0.855503
72,0.809724,0.855503
73,0.817814,0.860481
74,0.817814,0.860481
75,0.817814,0.860481
76,0.817814,0.860481
77,0.817814,0.860481
78,0.817814,0.860481
79,0.823488,0.864706
80,0.824369,0.862443
81,0.82018,0.86601
82,0.815041,0.86868
83,0.814986,0.869585
84,0.809144,0.87498
85,0.809144,0.87498
86,0.805997,0.871734
87,0.805997,0.871734
88,0.805997,0.871734
89,0.817125,0.880346
90,0.817125,0.880346
91,0.814198,0.882191
92,0.816893,0.882295
93,0.816893,0.882295
94,0.816893,0.882295
95,0.821645,0.879378
96,0.820239,0.87521
97,0.820239,0.87521
98,0.820239,0.87521
99,0.824869,0.882677
100,0.827383,0.880439
101,0.827383,0.880439
102,0.825734,0.875729
103,0.825734,0.875729
104,0.824938,0.871359
105,0.824938,0.871359
106,0.826765,0.880217
107,0.826765,0.880217
108,0.826765,0.880217
109,0.827531,0.878845
110,0.820488,0.872477
111,0.825785,0.884711
112,0.822523,0.885218
113,0.822591,0.883382
114,0.82535,0.89016
115,0.82078,0.88432
116,0.82078,0.88432
117,0.818763,0.885216
118,0.821403,0.887908
119,0.821403,0.887908
120,0.821403,0.887908
121,0.824684,0.887324
122,0.819906,0.89015
123,0.820413,0.891091
124,0.820413,0.891091
125,0.82017,0.88899
126,0.827532,0.887826
127,0.827532,0.887826
128,0.827532,0.887826
129,0.827532,0.887826
130,0.827532,0.887826
131,0.82974,0.888115
132,0.82974,0.888115
133,0.82974,0.888115
134,0.829375,0.886613
135,0.834335,0.895366
136,0.834335,0.895366
137,0.827279,0.897975
138,0.829862,0.905402
139,0.830031,0.908804
140,0.834748,0.906924
141,0.835841,0.905615
142,0.828493,0.909504
143,0.828493,0.909504
144,0.822686,0.910913
145,0.822686,0.910913
146,0.827329,0.909896
147,0.827512,0.907528
148,0.831254,0.91005
149,0.831254,0.91005
150,0.831254,0.91005
151,0.831254,0.91005
152,0.833695,0.915647
153,0.83339,0.911398
154,0.834456,0.913647
155,0.83563,0.921351
156,0.83563,0.921351
157,0.83563,0.921351
158,0.836737,0.92128
159,0.840232,0.915584
160,0.840232,0.915584
161,0.840232,0.915584
162,0.843865,0.917217
163,0.837925,0.921234
164,0.842351,0.916424
165,0.842351,0.916424
166,0.842351,0.916424
167,0.842351,0.916424
168,0.842351,0.916424
169,0.842351,0.916424
170,0.842351,0.916424
171,0.843684,0.916447
172,0.843684,0.916447
173,0.843684,0.916447
174,0.845353,0.912212
175,0.84711,0.915588
176,0.84711,0.915588
177,0.843306,0.917889
178,0.843306,0.917889
179,0.845856,0.921425
180,0.845856,0.921425
181,0.845856,0.921425
182,0.855089,0.923069
183,0.857193,0.930792
184,0.857908,0.930629
185,0.859761,0.936034
186,0.859761,0.936034
187,0.863348,0.929387
188,0.870361,0.935401
189,0.870361,0.935401
190,0.879985,0.933042
191,0.879985,0.933042
192,0.880811,0.936767
193,0.880811,0.936767
194,0.880811,0.936767
195,0.886922,0.937124
196,0.884167,0.944297
197,0.888088,0.945286
198,0.883042,0.947979
199,0.880446,0.945185
200,0.884986,0.943487
201,0.882786,0.944447
202,0.882217,0.937283
203,0.882217,0.937283
204,0.882217,0.937283
205,0.875466,0.938797
206,0.875466,0.938797
207,0.875466,0.938797
208,0.881896,0.938204
209,0.881896,0.938204
210,0.88131,0.946482
211,0.882393,0.94693
212,0.882393,0.94693
213,0.882577,0.948955
214,0.883518,0.946837
215,0.876713,0.949305
216,0.880339,0.950014
217,0.881721,0.957487
218,0.881721,0.957487
219,0.881721,0.957487
220,0.881721,0.957487
221,0.881147,0.952873
222,0.881147,0.952873
223,0.881147,0.952873
224,0.881147,0.952873
225,0.883281,0.952416
226,0.888019,0.957092
227,0.886515,0.948888
228,0.885182,0.949126
229,0.885415,0.950516
230,0.88677,0.945829
231,0.884492,0.945431
232,0.885331,0.939848
233,0.88628,0.942254
234,0.88628,0.942254
235,0.886085,0.94278
236,0.886085,0.94278
237,0.889351,0.942173
238,0.889351,0.942173
239,0.889351,0.942173
240,0.895834,0.941434
241,0.897474,0.937715
242,0.904123,0.944243
243,0.896796,0.942489
244,0.896796,0.942489
245,0.901564,0.935317
246,0.905017,0.937221
247,0.911232,0.938489
248,0.911232,0.938489
249,0.912838,0.935797
250,0.912838,0.935797
251,0.912838,0.935797
252,0.909094,0.939999
253,0.90643,0.947102
254,0.90643,0.947102
255,0.904517,0.942724
256,0.904517,0.942724
257,0.904517,0.942724
258,0.904517,0.942724
259,0.904517,0.942724
260,0.904517,0.942724
261,0.907916,0.942499
262,0.907916,0.942499
263,0.907916,0.942499
264,0.907916,0.942499
265,0.907916,0.942499
266,0.907951,0.940746
267,0.907951,0.940746
268,0.915004,0.946353
269,0.918153,0.95207
270,0.918196,0.950364
271,0.921475,0.951276
272,0.917702,0.95548
273,0.91007,0.950294
274,0.91007,0.950294
275,0.91007,0.950294
276,0.908551,0.959085
277,0.911078,0.963796
278,0.911078,0.963796
279,0.911078,0.963796
280,0.907857,0.969372
281,0.907048,0.964157
282,0.902665,0.961671
283,0.896233,0.960734
284,0.896118,0.960611
285,0.896118,0.960611
286,0.897909,0.965168
287,0.897977,0.971042
288,0.897977,0.971042
289,0.897977,0.971042
290,0.897977,0.971042
291,0.897977,0.971042
292,0.897977,0.971042
293,0.897977,0.971042
294,0.893705,0.967495
295,0.893705,0.967495
296,0.893705,0.967495
297,0.888961,0.972674
298,0.894383,0.96792
299,0.899632,0.981676
300,0.894996,0.981928
301,0.892671,0.979199
302,0.892037,0.973959
303,0.891864,0.972275
304,0.891864,0.972275
305,0.89391,0.97738
306,0.894928,0.978664
307,0.897601,0.982343
308,0.893259,0.973344
309,0.897731,0.978306
310,0.897731,0.978306
311,0.895014,0.981576
312,0.893833,0.983339
313,0.893833,0.983339
314,0.892572,0.987377
315,0.894556,0.984891
316,0.899286,0.97933
317,0.899234,0.979646
318,0.899873,0.976074
319,0.906272,0.973007
320,0.906272,0.973007
321,0.906272,0.973007
322,0.903291,0.978593
323,0.903291,0.978593
324,0.903378,0.972705
325,0.910319,0.977066
326,0.904942,0.982604
327,0.90862,0.983279
328,0.90862,0.983279
329,0.905526,0.984934
330,0.905526,0.984934
331,0.900357,0.979309
332,0.900357,0.979309
333,0.901932,0.979687
334,0.90764,0.980928
335,0.907577,0.986623
336,0.907577,0.986623
337,0.907577,0.986623
338,0.907069,0.986721
339,0.910429,0.982892
340,0.910429,0.982892
341,0.910429,0.982892
342,0.913236,0.982499
343,0.913236,0.982499
344,0.913236,0.982499
345,0.910798,0.981572
346,0.910798,0.981572
347,0.908424,0.975464
348,0.908424,0.975464
349,0.908424,0.975464
350,0.910392,0.978956
351,0.910392,0.978956
352,0.910392,0.978956
353,0.910392,0.978956
354,0.910392,0.978956
355,0.908452,0.978988
356,0.911704,0.981971
357,0.911704,0.981971
358,0.911704,0.981971
359,0.911704,0.981971
360,0.911716,0.980545
361,0.911716,0.980545
362,0.911716,0.980545
363,0.916952,0.980297
364,0.918202,0.973447
365,0.916415,0.977745
366,0.916415,0.977745
367,0.91985,0.979955
368,0.91985,0.979955
369,0.925592,0.975947
370,0.925592,0.975947
371,0.927239,0.977478
372,0.927239,0.977478
373,0.927239,0.977478
374,0.926997,0.986574
375,0.926959,0.983511
376,0.927237,0.983544
377,0.92447,0.981978
378,0.92447,0.981978
379,0.933657,0.983717
380,0.933657,0.983717
381,0.930842,0.978836
382,0.933357,0.981924
383,0.93191,0.976002
384,0.931737,0.975949
385,0.935926,0.979184
386,0.931447,0.982479
387,0.927723,0.974054
388,0.924427,0.979729
389,0.925424,0.975513
390,0.928466,0.974198
391,0.928466,0.974198
392,0.930068,0.977069
393,0.928638,0.979108
394,0.928638,0.979108
395,0.926551,0.98058
396,0.926551,0.98058
397,0.926551,0.98058
398,0.926551,0.98058
399,0.926545,0.986721
400,0.918906,0.977449
401,0.918906,0.977449
402,0.92935,0.985267
403,0.927533,0.983443
404,0.926089,0.990523
405,0.926089,0.990523
406,0.93277,0.989949
407,0.938233,0.988366
408,0.938233,0.988366
409,0.930097,0.988744
410,0.930097,0.988744
411,0.930055,0.987773
412,0.933617,0.993237
413,0.934843,0.992905
414,0.934202,0.988108
415,0.933669,0.984543
416,0.940941,0.98686
417,0.940704,0.984932
418,0.944632,0.985345
419,0.945006,0.986362
420,0.942699,0.989604
421,0.949386,0.993041
422,0.942365,0.999809
423,0.942365,0.999809
424,0.942365,0.999809
425,0.942365,0.999809
426,0.940627,1.0019
427,0.939993,0.996776
428,0.94187,0.998028
429,0.945556,1.00074
430,0.947557,1.00721
431,0.947557,1.00721
432,0.947557,1.00721
433,0.946701,1.00895
434,0.948803,1.01294
435,0.948803,1.01294
436,0.950196,1.01274
437,0.942687,1.01004
438,0.942687,1.01004
439,0.945243,1.0126
440,0.941767,1.01257
441,0.946485,1.01535
442,0.946485,1.01535
443,0.946485,1.01535
444,0.944283,1.01273
445,0.944283,1.01273
446,0.94835,1.00476
447,0.951822,1.00639
448,0.946047,1.00499
449,0.946047,1.00499
450,0.950753,1.01262
451,0.953678,1.01477
452,0.948643,1.00772
453,0.948643,1.00772
454,0.948643,1.00772
455,0.953395,1.01669
456,0.947521,1.01351
457,0.942041,1.01179
458,0.941141,1.01307
459,0.938874,1.00949
460,0.938874,1.00949
461,0.938874,1.00949
462,0.946551,1.01544
463,0.946551,1.01544
464,0.944294,1.0184
465,0.944294,1.0184
466,0.948424,1.02374
467,0.948696,1.02116
468,0.952747,1.01561
469,0.952747,1.01561
470,0.943056,1.01985
471,0.935612,1.01008
472,0.934633,1.00593
473,0.934633,1.00593
474,0.934633,1.00593
475,0.933966,1.00785
476,0.933966,1.00785
477,0.929963,1.01048
478,0.927508,1.0013
479,0.927508,1.0013
480,0.933213,1.00927
481,0.937817,1.00919
482,0.939243,1.00454
483,0.944298,1.00046
484,0.949556,1.00155
485,0.945419,1.01265
486,0.945419,1.01265
487,0.945419,1.01265
488,0.945419,1.01265
489,0.94306,1.01294
490,0.943212,1.01374
491,0.942441,1.01911
492,0.942441,1.01911
493,0.940822,1.02329
494,0.941805,1.01952
495,0.941805,1.01952
496,0.945206,1.0172
497,0.945206,1.0172
498,0.945206,1.0172
499,0.946024,1.0234
500,0.942484,1.01801
501,0.949161,1.01165
502,0.950302,1.01249
503,0.947662,1.00761
504,0.946717,1.01101
505,0.947671,1.0055
506,0.947671,1.0055
507,0.948738,1.00087
508,0.945538,1.00303
509,0.945742,0.999852
510,0.943439,1.00212
511,0.943009,1.00169
512,0.941128,0.999996
513,0.941128,0.999996
514,0.941128,0.999996
515,0.937133,1.0055
516,0.934132,1.00823
517,0.934132,1.00823
518,0.935491,1.02076
519,0.935516,1.01923
520,0.93484,1.02486
521,0.93484,1.02486
522,0.93662,1.02108
523,0.928407,1.01818
524,0.935243,1.02299
525,0.932717,1.02418
526,0.933096,1.02123
527,0.933096,1.02123
528,0.933096,1.02123
529,0.934798,1.0141
530,0.935259,1.02112
531,0.93647,1.01859
532,0.934713,1.02956
533,0.938388,1.02801
534,0.9422,1.03026
535,0.940849,1.02254
536,0.944234,1.01767
537,0.950556,1.01531
538,0.950556,1.01531
539,0.949502,1.01177
540,0.949502,1.01177
541,0.941511,1.00855
542,0.941511,1.00855
543,0.940745,1.01505
544,0.942934,1.0144
545,0.942934,1.0144
546,0.94046,1.01269
547,0.947591,1.017
548,0.947591,1.017
549,0.947591,1.017
550,0.952465,1.01891
551,0.952465,1.01891
552,0.952465,1.01891
553,0.953828,1.01864
554,0.953931,1.0165
555,0.949829,1.01837
556,0.953757,1.01647
557,0.954562,1.0221
558,0.948194,1.02179
559,0.948194,1.02179
560,0.954301,1.01936
561,0.952384,1.01583
562,0.94612,1.01014
563,0.948846,1.01107
564,0.95024,1.00975
565,0.948412,1.00837
566,0.941707,1.01705
567,0.947136,1.01944
568,0.946492,1.01232
569,0.946492,1.01232
570,0.946638,1.00843
571,0.946638,1.00843
572,0.947696,1.01272
573,0.94726,1.00917
574,0.941754,1.01681
575,0.947291,1.01598
576,0.952132,1.01936
577,0.951199,1.01484
578,0.950294,1.01496
579,0.952895,1.01184
580,0.955125,1.01804
581,0.962889,1.01951
582,0.961494,1.01987
583,0.952255,1.01808
584,0.954154,1.01551
585,0.954154,1.01551
586,0.954154,1.01551
587,0.952955,1.01425
588,0.952955,1.01425
589,0.952955,1.01425
590,0.947462,1.03128
591,0.950887,1.03592
592,0.955405,1.03729
593,0.955405,1.03729
594,0.955405,1.03729
595,0.9609,1.03211
596,0.965734,1.03501
597,0.965734,1.03501
598,0.959986,1.02865
599,0.959986,1.02865
600,0.959986,1.02865
601,0.963443,1.0313
602,0.964151,1.02482
603,0.966156,1.01674
604,0.960209,1.01388
605,0.960209,1.01388
606,0.960209,1.01388
607,0.962602,1.00957
608,0.960341,1.00561
609,0.958418,1.00995
610,0.958418,1.00995
611,0.958418,1.00995
612,0.958418,1.00995
613,0.95724,1.01449
614,0.95724,1.01449
615,0.95724,1.01449
616,0.956256,1.01319
617,0.955943,1.01419
618,0.955943,1.01419
619,0.951324,1.01226
620,0.9517,1.01113
621,0.9517,1.01113
622,0.9507,1.0095
623,0.949162,1.00908
624,0.948049,1.0074
625,0.948788,1.00255
626,0.955554,1.00874
627,0.950552,1.01209
628,0.947672,1.01429
629,0.947672,1.01429
630,0.950117,1.01478
631,0.950117,1.01478
632,0.949452,1.01733
633,0.949909,1.02171
634,0.948398,1.02749
635,0.942316,1.02471
636,0.942316,1.02471
637,0.946325,1.0242
638,0.945698,1.02518
639,0.939404,1.01888
640,0.939404,1.01888
641,0.947018,1.02367
642,0.947018,1.02367
643,0.94416,1.02561
644,0.949895,1.02808
645,0.94807,1.02588
646,0.936315,1.0204
647,0.937696,1.01561
648,0.937696,1.01561
649,0.941503,1.02039
650,0.94207,1.01354
651,0.940528,1.01376
652,0.94122,1.00282
653,0.942263,1.01212
654,0.945085,1.0097
655,0.945085,1.0097
656,0.946961,1.01667
657,0.955164,1.01682
658,0.951934,1.01993
659,0.956129,1.02051
660,0.963053,1.02656
661,0.957499,1.01906
662,0.953249,1.0254
663,0.953249,1.0254
664,0.954596,1.02266
665,0.957454,1.01783
666,0.957454,1.01783
667,0.953779,1.01624
668,0.953779,1.01624
669,0.953779,1.01624
670,0.953779,1.01624
671,0.955576,1.0166
672,0.955576,1.0166
673,0.959176,1.02127
674,0.953044,1.01797
675,0.949416,1.02216
676,0.959965,1.02745
677,0.961906,1.02766
678,0.960174,1.02944
679,0.960174,1.02944
680,0.960174,1.02944
681,0.958819,1.03817
682,0.962344,1.04128
683,0.962344,1.04128
684,0.95602,1.04648
685,0.949041,1.04481
686,0.957483,1.0438
687,0.952596,1.04329
688,0.94921,1.04131
689,0.94921,1.04131
690,0.955215,1.04165
691,0.958467,1.0397
692,0.961438,1.04224
693,0.960591,1.05096
694,0.954783,1.04845
695,0.954976,1.05089
696,0.957444,1.0556
697,0.957444,1.0556
698,0.958156,1.06024
699,0.958156,1.06024
700,0.958156,1.06024
701,0.959988,1.06682
702,0.96101,1.06348
703,0.96101,1.06348
704,0.956461,1.05856
705,0.949868,1.05799
706,0.949868,1.05799
707,0.949868,1.05799
708,0.949868,1.05799
709,0.949611,1.06618
710,0.948985,1.06121
711,0.951805,1.05142
712,0.94811,1.05648
713,0.94176,1.05041
714,0.94176,1.05277
715,0.94176,1.05277
716,0.949059,1.04891
717,0.949059,1.04891
718,0.952521,1.04854
719,0.951189,1.03858
720,0.95931,1.05113
721,0.95931,1.05113
722,0.956347,1.04924
723,0.958447,1.0426
724,0.956496,1.04229
725,0.960704,1.04353
726,0.960704,1.04353
727,0.959024,1.03931
728,0.957163,1.03986
729,0.959485,1.03827
730,0.962427,1.04052
731,0.963211,1.03801
732,0.958504,1.03179
733,0.958504,1.03179
734,0.972411,1.03295
735,0.974799,1.03
736,0.974799,1.03
737,0.974799,1.03
738,0.974799,1.03
739,0.974799,1.03
740,0.974799,1.03
741,0.974799,1.03
742,0.97006,1.02912
743,0.97006,1.02912
744,0.966389,1.03009
745,0.964884,1.02145
746,0.956979,1.02498
747,0.958794,1.02715
748,0.95903,1.02866
749,0.959383,1.02745
750,0.959383,1.02745
751,0.957645,1.02763
752,0.960442,1.02643
753,0.960106,1.03362
754,0.95586,1.03407
755,0.953472,1.02657
756,0.957487,1.0231
757,0.955289,1.01953
758,0.950751,1.02468
759,0.960654,1.02533
760,0.959228,1.02693
761,0.957146,1.03046
762,0.958348,1.02447
763,0.954663,1.01583
764,0.960137,1.02006
765,0.954284,1.01778
766,0.954284,1.01778
767,0.958428,1.01948
768,0.956938,1.02446
769,0.958481,1.0227
770,0.958481,1.0227
771,0.960846,1.02683
772,0.961558,1.02977
773,0.957125,1.0288
774,0.948867,1.02811
775,0.948867,1.02811
776,0.950088,1.02551
777,0.950088,1.02551
778,0.950088,1.02551
779,0.950088,1.02551
780,0.95187,1.03209
781,0.95187,1.03209
782,0.950818,1.02953
783,0.947021,1.02822
784,0.947952,1.03758
785,0.947952,1.03758
786,0.947952,1.03758
787,0.942753,1.03886
788,0.939557,1.03793
789,0.939557,1.03793
790,0.939255,1.03809
791,0.937135,1.04197
792,0.941755,1.03856
793,0.93576,1.03469
794,0.940761,1.04038
795,0.942785,1.03661
796,0.942785,1.03661
797,0.946137,1.04079
798,0.944362,1.04744
799,0.944362,1.04744
800,0.948938,1.04823
801,0.947672,1.04922
802,0.952897,1.04621
803,0.961679,1.04592
804,0.961679,1.04592
805,0.964604,1.0452
806,0.956826,1.04043
807,0.956826,1.04043
808,0.94812,1.03945
809,0.94812,1.03945
810,0.95407,1.03012
811,0.957731,1.03165
812,0.952427,1.02998
813,0.952427,1.02998
814,0.948319,1.02064
815,0.940484,1.0235
816,0.944696,1.024
817,0.940304,1.02405
818,0.949355,1.02166
819,0.953949,1.01834
820,0.961983,1.01981
821,0.958497,1.01815
822,0.958497,1.01815
823,0.965615,1.02353
824,0.967868,1.02765
825,0.968467,1.03184
826,0.966074,1.02814
827,0.967343,1.03503
828,0.958005,1.03809
829,0.958005,1.03809
830,0.958005,1.03809
831,0.964844,1.04175
832,0.962455,1.04255
833,0.958638,1.03538
834,0.958638,1.03538
835,0.958576,1.03842
836,0.962695,1.03408
837,0.962695,1.03408
838,0.96145,1.03594
839,0.962217,1.0309
840,0.960606,1.03152
841,0.961749,1.0346
842,0.957458,1.02974
843,0.960313,1.03458
844,0.960313,1.03458
845,0.962486,1.03803
846,0.957185,1.0349
847,0.957185,1.0349
848,0.958841,1.03494
849,0.96103,1.03405
850,0.95305,1.04102
851,0.952937,1.04258
852,0.955826,1.03651
853,0.9567,1.04249
854,0.95133,1.04341
855,0.954554,1.03983
856,0.952133,1.03977
857,0.952133,1.03977
858,0.952854,1.03729
859,0.958554,1.04622
860,0.963346,1.0466
861,0.962311,1.03726
862,0.961243,1.04753
863,0.96141,1.05071
864,0.96141,1.05071
865,0.962876,1.05555
866,0.961423,1.05924
867,0.962993,1.05718
868,0.961242,1.05624
869,0.955087,1.05577
870,0.953723,1.05363
871,0.954305,1.05431
872,0.949835,1.04783
873,0.951529,1.05393
874,0.947189,1.05156
875,0.957079,1.05664
876,0.952251,1.05324
877,0.951832,1.04831
878,0.947995,1.05048
879,0.948784,1.05052
880,0.947888,1.04618
881,0.947626,1.04716
882,0.947626,1.04716
883,0.947626,1.04716
884,0.948064,1.05104
885,0.952481,1.05397
886,0.952481,1.05397
887,0.950566,1.04767
888,0.953715,1.04142
889,0.954565,1.04297
890,0.961898,1.03809
891,0.961898,1.03809
892,0.956329,1.0292
893,0.956329,1.0292
894,0.957465,1.03092
895,0.958081,1.03964
896,0.963716,1.03525
897,0.95837,1.03479
898,0.95837,1.03479
899,0.958324,1.03103
900,0.958324,1.03103
901,0.964636,1.02681
902,0.963972,1.02971
903,0.963972,1.02971
904,0.963972,1.02971
905,0.964417,1.02284
906,0.96093,1.02493
907,0.955468,1.02875
908,0.958825,1.02818
909,0.958825,1.02818
910,0.951825,1.02935
911,0.951825,1.02935
912,0.955111,1.0271
913,0.954401,1.02599
914,0.952196,1.02702
915,0.952196,1.02702
916,0.952196,1.02702
917,0.950737,1.02463
918,0.950737,1.02463
919,0.951003,1.0257
920,0.950049,1.02729
921,0.949584,1.03006
922,0.949764,1.03142
923,0.947116,1.03442
924,0.947116,1.03442
925,0.950598,1.03348
926,0.944113,1.03532
927,0.9435,1.03982
928,0.9435,1.03982
929,0.9435,1.03982
930,0.9435,1.03982
931,0.951558,1.03389
932,0.942772,1.03445
933,0.942772,1.03445
934,0.948206,1.03335
935,0.949207,1.03506
936,0.951111,1.03525
937,0.950757,1.03799
938,0.961741,1.02898
939,0.961741,1.02898
940,0.961891,1.02855
941,0.963283,1.03332
942,0.960613,1.03778
943,0.962607,1.0385
944,0.963241,1.03232
945,0.963241,1.03232
946,0.961604,1.03627
947,0.961604,1.03627
948,0.957716,1.03082
949,0.960256,1.0337
950,0.954157,1.02673
951,0.954157,1.02673
952,0.954157,1.02673
953,0.954157,1.02673
954,0.954157,1.02673
955,0.959246,1.02755
956,0.950233,1.02404
957,0.951788,1.02305
958,0.951165,1.01713
959,0.946616,1.00869
960,0.948883,1.01635
961,0.947417,1.0224
962,0.950483,1.02728
963,0.943829,1.03039
964,0.943829,1.03039
965,0.943829,1.03039
966,0.943829,1.03039
967,0.938941,1.02698
968,0.941094,1.03071
969,0.947304,1.03051
970,0.950358,1.03659
971,0.951502,1.03762
972,0.953679,1.0369
973,0.955203,1.04445
974,0.955203,1.04445
975,0.950189,1.03728
976,0.956715,1.04175
977,0.956715,1.04175
978,0.950249,1.04151
979,0.953876,1.04022
980,0.956992,1.04208
981,0.957261,1.03853
982,0.960041,1.03289
983,0.958697,1.0295
984,0.958697,1.0295
985,0.958697,1.0295
986,0.958697,1.0295
987,0.961797,1.03504
988,0.957354,1.0348
989,0.954857,1.03849
990,0.951413,1.03705
991,0.951413,1.03705
992,0.957104,1.04015
993,0.965341,1.03267
994,0.958276,1.02845
995,0.960401,1.02512
996,0.960401,1.02512
997,0.960401,1.02512
998,0.961694,1.02767
999,0.961968,1.03145
1000,0.966879,1.03442
1001,0.971037,1.04194
1002,0.971037,1.04194
1003,0.975185,1.04205
1004,0.964524,1.04091
1005,0.963402,1.04407
1006,0.963377,1.04951
1007,0.962201,1.04775
1008,0.966797,1.05001
1009,0.968,1.04288
1010,0.969605,1.04627
1011,0.974648,1.04984
1012,0.966986,1.04655
1013,0.966986,1.04655
1014,0.964875,1.04843
1015,0.961732,1.04968
1016,0.961732,1.04968
1017,0.961732,1.04968
1018,0.961732,1.04968
1019,0.961732,1.04968
1020,0.961732,1.04968
1021,0.965245,1.05411
1022,0.960993,1.0472
1023,0.960347,1.04886
1024,0.969479,1.05484
1025,0.980548,1.05953
1026,0.978499,1.05127
1027,0.978499,1.05127
1028,0.978499,1.05127
1029,0.974502,1.04618
1030,0.963375,1.04401
1031,0.963632,1.0451
1032,0.962051,1.04519
1033,0.95729,1.04612
1034,0.952366,1.04386
1035,0.948903,1.0413
1036,0.956678,1.04073
1037,0.956678,1.04073
1038,0.958285,1.03845
1039,0.955624,1.03092
1040,0.953569,1.0329
1041,0.957863,1.03091
1042,0.957863,1.03091
1043,0.962043,1.03025
1044,0.960688,1.02326
1045,0.954275,1.01747
1046,0.958861,1.01905
1047,0.96811,1.01932
1048,0.966606,1.01629
1049,0.966606,1.01629
1050,0.960751,1.01301
1051,0.960751,1.01301
1052,0.962209,1.01099
1053,0.96371,1.01414
1054,0.957355,1.01034
1055,0.963667,1.01893
1056,0.963399,1.02021
1057,0.963399,1.02021
1058,0.963399,1.02021
1059,0.975264,1.01812
1060,0.975264,1.01812
1061,0.975264,1.01812
1062,0.97364,1.01288
1063,0.97638,1.02301
1064,0.96993,1.02216
1065,0.963954,1.03096
1066,0.963954,1.03096
1067,0.97109,1.0304
1068,0.970815,1.02967
1069,0.978325,1.02834
1070,0.977522,1.02785
1071,0.977522,1.02785
1072,0.9748,1.03201
1073,0.96911,1.02911
1074,0.967092,1.0217
1075,0.96901,1.02258
1076,0.968897,1.02607
1077,0.964192,1.02228
1078,0.964192,1.02228
1079,0.964192,1.02228
1080,0.963081,1.02102
1081,0.963081,1.02102
1082,0.965062,1.0237
1083,0.961948,1.02214
1084,0.959568,1.02607
1085,0.960536,1.02933
1086,0.95665,1.0291
1087,0.953987,1.0228
1088,0.943836,1.0159
1089,0.943836,1.0159
1090,0.943836,1.0159
1091,0.954493,1.02304
1092,0.954493,1.02304
1093,0.947745,1.02866
1094,0.953549,1.0321
1095,0.958634,1.02995
1096,0.958634,1.02995
1097,0.953014,1.02681
1098,0.947771,1.01557
1099,0.947771,1.01557
1100,0.953222,1.02157
1101,0.954935,1.02799
1102,0.956119,1.02089
1103,0.960371,1.0224
1104,0.95577,1.02623
1105,0.960974,1.02607
1106,0.961228,1.02826
1107,0.966847,1.02683
1108,0.969539,1.02288
1109,0.97311,1.01791
1110,0.966513,1.02198
1111,0.966513,1.02198
1112,0.966513,1.02198
1113,0.966078,1.03075
1114,0.963262,1.03282
1115,0.971417,1.03175
1116,0.962115,1.03129
1117,0.958305,1.03432
1118,0.961014,1.03706
1119,0.961014,1.03706
1120,0.954585,1.03119
1121,0.954585,1.03119
1122,0.950493,1.03123
1123,0.955348,1.03502
1124,0.953639,1.039
1125,0.953639,1.039
1126,0.958577,1.03542
1127,0.963356,1.03719
1128,0.963356,1.03719
1129,0.969405,1.03381
1130,0.973132,1.03519
1131,0.971274,1.03649
1132,0.967835,1.03365
1133,0.962894,1.02863
1134,0.963765,1.03046
1135,0.967885,1.03326
1136,0.967885,1.03326
1137,0.967885,1.03326
1138,0.977947,1.03528
1139,0.976191,1.03102
1140,0.973095,1.03198
1141,0.973095,1.03198
1142,0.973095,1.03198
1143,0.970706,1.02471
1144,0.970706,1.02471
1145,0.964736,1.02035
1146,0.967427,1.02284
1147,0.967427,1.02284
1148,0.964123,1.02441
1149,0.964123,1.02441
1150,0.964475,1.01788
1151,0.9615,1.01892
1152,0.961401,1.02083
1153,0.951971,1.01175
1154,0.960702,1.01914
1155,0.955568,1.02364
1156,0.962674,1.03559
1157,0.964289,1.03017
1158,0.95685,1.03892
1159,0.960062,1.02858
1160,0.958193,1.02825
1161,0.957746,1.02784
1162,0.959995,1.03178
1163,0.966124,1.03759
1164,0.963575,1.04115
1165,0.967039,1.05026
1166,0.967323,1.04218
1167,0.967323,1.04218
1168,0.967323,1.04218
1169,0.971564,1.04123
1170,0.962552,1.0385
1171,0.961724,1.02895
1172,0.952765,1.02868
1173,0.954042,1.03065
1174,0.964041,1.03974
1175,0.961116,1.03328
1176,0.961116,1.03328
1177,0.961116,1.03328
1178,0.957123,1.03373
1179,0.952991,1.03095
1180,0.952991,1.03095
1181,0.949044,1.0328
1182,0.946457,1.02999
1183,0.946457,1.02999
1184,0.946457,1.02999
1185,0.946457,1.02999
1186,0.94874,1.03167
1187,0.946316,1.03689
1188,0.948898,1.03404
1189,0.946987,1.02924
1190,0.946987,1.02924
1191,0.943586,1.03087
1192,0.943586,1.03087
1193,0.940687,1.02849
1194,0.942783,1.03304
1195,0.942783,1.03304
1196,0.942783,1.03304
1197,0.942783,1.03304
1198,0.957303,1.03136
1199,0.955195,1.02805
1200,0.955195,1.02805
1201,0.956835,1.02633
1202,0.957217,1.02577
1203,0.960236,1.02567
1204,0.960236,1.02567
1205,0.960236,1.02567
1206,0.96361,1.02358
1207,0.96361,1.02358
1208,0.955137,1.01405
1209,0.955137,1.01405
1210,0.957506,1.01786
1211,0.957506,1.01786
1212,0.956577,1.01896
1213,0.955224,1.01717
1214,0.950826,1.01683
1215,0.944449,1.0248
1216,0.942898,1.02762
1217,0.942354,1.02639
1218,0.947623,1.02841
1219,0.95164,1.02672
1220,0.945114,1.02861
1221,0.943536,1.03228
1222,0.946028,1.03138
1223,0.948335,1.02347
1224,0.945676,1.03587
1225,0.945676,1.03587
1226,0.944599,1.03708
1227,0.941247,1.03825
1228,0.941247,1.03825
1229,0.945049,1.03642
1230,0.94827,1.04014
1231,0.94827,1.04014
1232,0.946839,1.04226
1233,0.946839,1.04226
1234,0.944282,1.04451
1235,0.948634,1.04499
1236,0.948132,1.04407
1237,0.94449,1.04317
1238,0.94449,1.04317
1239,0.94449,1.04317
1240,0.944215,1.04231
1241,0.947392,1.03949
1242,0.947392,1.03949
1243,0.947392,1.03949
1244,0.942492,1.04128
1245,0.941999,1.03687
1246,0.938252,1.03416
1247,0.934748,1.03842
1248,0.939427,1.02965
1249,0.939427,1.02965
1250,0.941346,1.03437
1251,0.944209,1.03865
1252,0.945331,1.03933
1253,0.945331,1.03933
1254,0.936579,1.03445
1255,0.935977,1.03606
1256,0.929269,1.03393
1257,0.929269,1.03393
1258,0.93091,1.03252
1259,0.93657,1.03254
1260,0.931704,1.01965
1261,0.931704,1.01965
1262,0.932104,1.02223
1263,0.934456,1.02567
1264,0.935209,1.02025
1265,0.937727,1.01696
1266,0.937727,1.01696
1267,0.937683,1.02341
1268,0.937683,1.02341
1269,0.937683,1.02341
1270,0.936285,1.02583
1271,0.936285,1.02583
1272,0.935546,1.02121
1273,0.936428,1.02285
1274,0.936428,1.02285
1275,0.938067,1.02263
1276,0.936668,1.01458
1277,0.939732,1.024
1278,0.940342,1.02107
1279,0.943935,1.02304
1280,0.938998,1.02254
1281,0.943879,1.02119
1282,0.943879,1.02119
1283,0.946678,1.02531
1284,0.946678,1.02531
1285,0.954396,1.02683
1286,0.956284,1.03132
1287,0.955095,1.02207
1288,0.958493,1.03187
1289,0.954698,1.02226
1290,0.953543,1.01684
1291,0.953543,1.01684
1292,0.953543,1.01684
1293,0.9493,1.02274
1294,0.946205,1.0259
1295,0.946205,1.0259
1296,0.949996,1.02076
1297,0.949996,1.02076
1298,0.941644,1.01917
1299,0.941644,1.01917
1300,0.948892,1.02158
1301,0.951896,1.02524
1302,0.949941,1.02055
1303,0.947899,1.02225
1304,0.943787,1.01926
1305,0.944672,1.01221
1306,0.946839,1.01369
1307,0.946839,1.01369
1308,0.956985,1.01781
1309,0.956985,1.01781
1310,0.953432,1.01298
1311,0.953432,1.01298
1312,0.947193,1.01301
1313,0.951801,1.01038
1314,0.951801,1.01038
1315,0.947034,1.01331
1316,0.947249,1.01818
1317,0.954494,1.0265
1318,0.954494,1.0265
1319,0.950521,1.02521
1320,0.950521,1.02521
1321,0.945639,1.02609
1322,0.942558,1.03499
1323,0.943364,1.02622
1324,0.943364,1.02622
1325,0.948642,1.03425
1326,0.94576,1.02691
1327,0.94576,1.02691
1328,0.939168,1.02285
1329,0.934464,1.02012
1330,0.94027,1.0184
1331,0.938939,1.01403
1332,0.935195,1.01459
1333,0.932816,1.01563
1334,0.932816,1.01563
1335,0.925053,1.01374
1336,0.926444,1.01645
1337,0.92564,1.01952
1338,0.928655,1.02052
1339,0.928655,1.02052
1340,0.928675,1.01689
1341,0.92691,1.01994
1342,0.926566,1.02421
1343,0.9264,1.02887
1344,0.9264,1.02887
1345,0.933756,1.02727
1346,0.93582,1.02682
1347,0.93582,1.02682
1348,0.935182,1.02853
1349,0.935182,1.02853
1350,0.935747,1.02714
1351,0.935747,1.02714
1352,0.941518,1.03129
1353,0.942144,1.03241
1354,0.949692,1.02741
1355,0.949692,1.02741
1356,0.945965,1.02827
1357,0.948471,1.03344
1358,0.954763,1.0323
1359,0.952628,1.03377
1360,0.951494,1.02764
1361,0.951494,1.02764
1362,0.950428,1.02844
1363,0.950428,1.02844
1364,0.951088,1.02561
1365,0.950258,1.01814
1366,0.94475,1.02176
1367,0.942228,1.02779
1368,0.937252,1.01971
1369,0.94524,1.01504
1370,0.946265,1.02133
1371,0.947524,1.01143
1372,0.947524,1.01143
1373,0.946804,1.01579
1374,0.945912,1.02252
1375,0.95024,1.02424
1376,0.955274,1.03158
1377,0.952539,1.03359
1378,0.952539,1.03359
1379,0.943514,1.02853
1380,0.94087,1.02941
1381,0.950118,1.02461
1382,0.957619,1.02849
1383,0.957619,1.02849
1384,0.957619,1.02849
1385,0.964813,1.02654
1386,0.964813,1.02654
1387,0.966428,1.02135
1388,0.966428,1.02135
1389,0.964124,1.01762
1390,0.955808,1.01937
1391,0.964424,1.02679
1392,0.960234,1.0286
1393,0.960234,1.0286
1394,0.960234,1.0286
1395,0.963221,1.0226
1396,0.963221,1.0226
1397,0.963221,1.0226
1398,0.963221,1.0226
1399,0.963221,1.0226
1400,0.950722,1.03149
1401,0.950722,1.03149
1402,0.950722,1.03149
1403,0.950722,1.03149
1404,0.956334,1.02899
1405,0.956568,1.03574
1406,0.956568,1.03574
1407,0.961618,1.03772
1408,0.964608,1.03718
1409,0.964608,1.03718
1410,0.961135,1.03003
1411,0.961135,1.03003
1412,0.964132,1.03584
1413,0.958391,1.03758
1414,0.965091,1.03678
1415,0.965091,1.03678
1416,0.963634,1.04169
1417,0.960438,1.03736
1418,0.961422,1.03586
1419,0.961422,1.03586
1420,0.971363,1.04252
1421,0.971363,1.04252
1422,0.971363,1.04252
1423,0.971162,1.04777
1424,0.971162,1.04777
1425,0.969641,1.03994
1426,0.969641,1.03994
1427,0.96254,1.03702
1428,0.969523,1.04004
1429,0.963432,1.04248
1430,0.963432,1.04248
1431,0.965468,1.03763
1432,0.965822,1.0332
1433,0.962231,1.03498
1434,0.955336,1.03603
1435,0.95344,1.0397
1436,0.95344,1.0397
1437,0.954661,1.04056
1438,0.956276,1.0347
1439,0.957697,1.03553
1440,0.960009,1.03806
1441,0.960009,1.03806
1442,0.956932,1.03549
1443,0.960825,1.03276
1444,0.96303,1.02659
1445,0.964352,1.02737
1446,0.964352,1.02737
1447,0.959844,1.02251
1448,0.959844,1.02251
1449,0.95745,1.03194
1450,0.952995,1.0128
1451,0.952995,1.0128
1452,0.952995,1.0128
1453,0.959868,1.01342
1454,0.955608,1.01887
1455,0.955608,1.01887
1456,0.946343,1.01819
1457,0.947835,1.0169
1458,0.944038,1.02206
1459,0.946174,1.01586
1460,0.946174,1.01586
1461,0.948368,1.02384
1462,0.946139,1.02278
1463,0.946139,1.02278
1464,0.946271,1.01886
1465,0.952102,1.01829
1466,0.944223,1.01508
1467,0.944223,1.01508
1468,0.943215,1.0126
1469,0.936496,1.01231
1470,0.934182,1.02345
1471,0.928929,1.02601
1472,0.928929,1.02601
1473,0.930301,1.02259
1474,0.937267,1.03054
1475,0.940862,1.03061
1476,0.940862,1.03061
1477,0.945982,1.02688
1478,0.945982,1.02688
1479,0.943861,1.01853
1480,0.943861,1.01853
1481,0.943861,1.01853
1482,0.953053,1.01775
1483,0.95077,1.01382
1484,0.956718,1.01043
1485,0.956718,1.01043
1486,0.956748,1.01443
1487,0.956748,1.01443
1488,0.951061,1.01946
1489,0.951483,1.01831
1490,0.951483,1.01831
1491,0.954566,1.01885
1492,0.959931,1.01924
1493,0.95995,1.01502
1494,0.961994,1.01416
1495,0.961994,1.01416
1496,0.962379,1.01783
1497,0.959239,1.01755
1498,0.959239,1.01755
1499,0.957099,1.02477
1500,0.953855,1.02343
1501,0.957942,1.02553
1502,0.959191,1.03141
1503,0.956255,1.02831
1504,0.956255,1.02831
1505,0.955702,1.02629
1506,0.955702,1.02629
1507,0.952473,1.02667
1508,0.956472,1.0236
1509,0.956962,1.02658
1510,0.949594,1.02433
1511,0.949594,1.02433
1512,0.949594,1.02433
1513,0.949531,1.03382
1514,0.951199,1.0271
1515,0.952043,1.03181
1516,0.950053,1.02736
1517,0.950025,1.02911
1518,0.953843,1.02791
1519,0.953843,1.02791
1520,0.953843,1.02791
1521,0.958856,1.03591
1522,0.962429,1.03855
1523,0.960572,1.0346
1524,0.960219,1.03383
1525,0.960303,1.02768
1526,0.954656,1.02271
1527,0.954656,1.02271
1528,0.953695,1.01977
1529,0.953695,1.01977
1530,0.95161,1.02441
1531,0.95161,1.02441
1532,0.95161,1.02441
1533,0.95161,1.02441
1534,0.953976,1.02737
1535,0.957587,1.02789
1536,0.958982,1.03276
1537,0.958982,1.03276
1538,0.958982,1.03276
1539,0.960514,1.02414
1540,0.955205,1.02921
1541,0.955205,1.02921
1542,0.957435,1.02155
1543,0.957435,1.02155
1544,0.959684,1.02673
1545,0.961819,1.0276
1546,0.966536,1.02585
1547,0.96278,1.02912
1548,0.962039,1.02987
1549,0.95437,1.04086
1550,0.95057,1.04003
1551,0.95057,1.04003
1552,0.95057,1.04003
1553,0.951475,1.04333
1554,0.956595,1.03791
1555,0.952036,1.03441
1556,0.952036,1.03441
1557,0.946905,1.03013
1558,0.944846,1.03056
1559,0.935192,1.02881
1560,0.939597,1.03343
1561,0.944532,1.03232
1562,0.939973,1.03225
1563,0.945701,1.02826
1564,0.945701,1.02826
1565,0.938097,1.03232
1566,0.939547,1.03017
1567,0.942305,1.02431
1568,0.942305,1.02431
1569,0.942903,1.02701
1570,0.942375,1.03572
1571,0.942367,1.03691
1572,0.942367,1.03691
1573,0.943639,1.03802
1574,0.94903,1.03538
1575,0.948094,1.03309
1576,0.946466,1.03626
1577,0.953178,1.02896
1578,0.953178,1.02896
1579,0.953375,1.03698
1580,0.953375,1.03698
1581,0.950174,1.03786
1582,0.954739,1.03612
1583,0.947312,1.03682
1584,0.954968,1.03989
1585,0.949992,1.03303
1586,0.949283,1.03179
1587,0.945832,1.03125
1588,0.942314,1.03479
1589,0.948776,1.04562
1590,0.946371,1.04371
1591,0.946371,1.04371
1592,0.955228,1.03579
1593,0.9556,1.0442
1594,0.954255,1.03566
1595,0.94874,1.03597
1596,0.94874,1.03597
1597,0.94874,1.03597
1598,0.956179,1.03073
1599,0.949795,1.02804
1600,0.942221,1.02803
1601,0.942221,1.02803
1602,0.947793,1.0246
1603,0.948028,1.01738
1604,0.948028,1.01738
1605,0.948028,1.01738
1606,0.94661,1.01924
1607,0.942702,1.01964
1608,0.942702,1.01964
1609,0.941429,1.02026
1610,0.934142,1.02372
1611,0.934142,1.02372
1612,0.934142,1.02372
1613,0.932062,1.02797
1614,0.933006,1.02673
1615,0.933337,1.02697
1616,0.93672,1.0333
1617,0.933241,1.04462
1618,0.931847,1.04188
1619,0.941405,1.03078
1620,0.941405,1.03078
1621,0.942372,1.03061
1622,0.941993,1.03463
1623,0.941585,1.03829
1624,0.941585,1.03829
1625,0.945942,1.03222
1626,0.945942,1.03222
1627,0.940797,1.02399
1628,0.943058,1.01985
1629,0.941948,1.02288
1630,0.94346,1.02021
1631,0.943388,1.0278
1632,0.944893,1.02818
1633,0.944439,1.02354
1634,0.941468,1.01761
1635,0.941468,1.01761
1636,0.941139,1.01777
1637,0.938422,1.00515
1638,0.938422,1.00515
1639,0.946351,1.01093
1640,0.946351,1.01093
1641,0.946351,1.01093
1642,0.946754,1.0138
1643,0.946754,1.0138
1644,0.945081,1.02324
1645,0.945081,1.02324
1646,0.945081,1.02324
1647,0.94365,1.0231
1648,0.945507,1.01777
1649,0.943147,1.02598
1650,0.943147,1.02598
1651,0.943147,1.02598
1652,0.944733,1.03455
1653,0.94551,1.03671
1654,0.938736,1.03973
1655,0.939848,1.04459
1656,0.937864,1.04218
1657,0.942182,1.03445
1658,0.944065,1.03275
1659,0.947115,1.03695
1660,0.952444,1.04144
1661,0.948763,1.04078
1662,0.94937,1.03793
1663,0.950129,1.04074
1664,0.949802,1.03997
1665,0.949802,1.03997
1666,0.956467,1.03451
1667,0.952502,1.03176
1668,0.952502,1.03176
1669,0.952502,1.03176
1670,0.95581,1.02885
1671,0.95581,1.02885
1672,0.954915,1.03012
1673,0.957357,1.02681
1674,0.957357,1.02681
1675,0.957357,1.02681
1676,0.955094,1.02956
1677,0.954818,1.02674
1678,0.953416,1.02482
1679,0.946494,1.03264
1680,0.9481,1.03265
1681,0.947063,1.03625
1682,0.943562,1.02885
1683,0.948012,1.02539
1684,0.948012,1.02539
1685,0.950739,1.0171
1686,0.947744,1.02259
1687,0.947713,1.02252
1688,0.944044,1.02566
1689,0.946091,1.02498
1690,0.94674,1.02252
1691,0.940805,1.01707
1692,0.940805,1.01707
1693,0.937925,1.01691
1694,0.941593,1.01382
1695,0.944235,1.01884
1696,0.944467,1.01896
1697,0.942142,1.01445
1698,0.94838,1.0121
1699,0.956629,1.02085
1700,0.952809,1.02352
1701,0.949417,1.02709
1702,0.955138,1.02813
1703,0.955138,1.02813
1704,0.952089,1.03217
1705,0.952614,1.03124
1706,0.950733,1.02578
1707,0.950733,1.02578
1708,0.950733,1.02578
1709,0.948663,1.02751
1710,0.948663,1.02751
1711,0.948663,1.02751
1712,0.948663,1.02751
1713,0.948663,1.02751
1714,0.953549,1.03142
1715,0.954424,1.03074
1716,0.952593,1.03217
1717,0.945097,1.03481
1718,0.945097,1.03481
1719,0.948569,1.04375
1720,0.948898,1.04809
1721,0.943652,1.04442
1722,0.943652,1.04442
1723,0.947047,1.03938
1724,0.948093,1.03802
1725,0.944379,1.02774
1726,0.940258,1.03304
1727,0.944929,1.02961
1728,0.944235,1.02964
1729,0.941089,1.0283
1730,0.941951,1.03226
1731,0.941404,1.03259
1732,0.941404,1.03259
1733,0.94158,1.0248
1734,0.935135,1.02727
1735,0.935116,1.03346
1736,0.936484,1.03874
1737,0.93944,1.03884
1738,0.945622,1.03259
1739,0.945622,1.03259
1740,0.942073,1.04185
1741,0.940594,1.05057
1742,0.940643,1.04923
1743,0.944808,1.05184
1744,0.941542,1.04758
1745,0.946258,1.04995
1746,0.943927,1.04974
1747,0.944102,1.05133
1748,0.940829,1.04721
1749,0.945586,1.0477
1750,0.943813,1.04534
1751,0.944002,1.04328
1752,0.949722,1.04001
1753,0.953085,1.04511
1754,0.964567,1.04576
1755,0.961879,1.04417
1756,0.965811,1.04553
1757,0.963856,1.04643
1758,0.966727,1.04745
1759,0.966727,1.04745
1760,0.966727,1.04745
1761,0.962216,1.04888
1762,0.962216,1.04888
1763,0.970415,1.04803
1764,0.969666,1.03634
1765,0.965079,1.03064
1766,0.965079,1.03064
1767,0.965079,1.03064
1768,0.965079,1.03064
1769,0.965079,1.03064
1770,0.964912,1.02991
1771,0.967548,1.03436
1772,0.971741,1.0379
1773,0.974324,1.03548
1774,0.971732,1.04015
1775,0.97258,1.0409
1776,0.97258,1.0409
1777,0.975727,1.03793
1778,0.975692,1.04045
1779,0.975692,1.04045
1780,0.980165,1.03952
1781,0.974586,1.04876
1782,0.971641,1.03484
1783,0.974021,1.04381
1784,0.972339,1.03555
1785,0.976819,1.03496
1786,0.981126,1.04106
1787,0.981126,1.04106
1788,0.976833,1.03982
1789,0.983451,1.03262
1790,0.98498,1.03065
1791,0.976725,1.03397
1792,0.978711,1.04116
1793,0.976882,1.03671
1794,0.976882,1.03671
1795,0.976619,1.03558
1796,0.976619,1.03558
1797,0.975056,1.04042
1798,0.981883,1.04309
1799,0.981883,1.04309
1800,0.979269,1.03269
1801,0.975629,1.03905
1802,0.985623,1.03202
1803,0.9802,1.03481
1804,0.980792,1.04335
1805,0.981634,1.04012
1806,0.985002,1.04069
1807,0.986559,1.03722
1808,0.982886,1.04581
1809,0.981601,1.03911
1810,0.981601,1.03911
1811,0.984655,1.038
1812,0.979962,1.03851
1813,0.980338,1.03798
1814,0.979872,1.03802
1815,0.970643,1.03821
1816,0.968976,1.03979
1817,0.968976,1.03979
1818,0.973295,1.0368
1819,0.972202,1.03428
1820,0.969166,1.02567
1821,0.962824,1.01855
1822,0.969313,1.01798
1823,0.962201,1.01484
1824,0.965941,1.01781
1825,0.965941,1.01781
1826,0.958053,1.01967
1827,0.966517,1.0136
1828,0.966517,1.0136
1829,0.962398,1.0107
1830,0.963013,1.011
1831,0.957126,1.01144
1832,0.952657,1.01815
1833,0.954563,1.01542
1834,0.954563,1.01542
1835,0.954754,1.01119
1836,0.954754,1.01119
1837,0.955001,1.01047
1838,0.964463,1.01305
1839,0.964463,1.01305
1840,0.967396,1.01931
1841,0.967396,1.01931
1842,0.965743,1.02011
1843,0.962607,1.02565
1844,0.962607,1.02565
1845,0.962607,1.02565
1846,0.962692,1.02424
1847,0.967735,1.01984
1848,0.969056,1.0202
1849,0.969056,1.0202
1850,0.965194,1.02088
1851,0.955311,1.01661
1852,0.953173,1.02198
1853,0.95149,1.01941
1854,0.958794,1.01682
1855,0.958794,1.01682
1856,0.958259,1.00687
1857,0.962046,1.00555
1858,0.965577,1.00936
1859,0.966256,1.0128
1860,0.966966,1.00559
1861,0.966966,1.00559
1862,0.964081,1.0106
1863,0.964081,1.0106
1864,0.958707,1.0113
1865,0.958707,1.0113
1866,0.958066,1.01888
1867,0.954251,1.02681
1868,0.963718,1.02381
1869,0.958997,1.02202
1870,0.963425,1.02499
1871,0.968836,1.02087
1872,0.96744,1.02237
1873,0.96744,1.02237
1874,0.964184,1.01942
1875,0.964184,1.01942
1876,0.960762,1.02345
1877,0.967157,1.02886
1878,0.967157,1.02886
1879,0.970969,1.02186
1880,0.962087,1.01884
1881,0.959654,1.01848
1882,0.963748,1.01567
1883,0.969241,1.02483
1884,0.969241,1.02483
1885,0.97344,1.03153
1886,0.974375,1.03809
1887,0.965062,1.03538
1888,0.965011,1.02845
1889,0.965011,1.02845
1890,0.965011,1.02845
1891,0.961776,1.03601
1892,0.965301,1.03723
1893,0.965301,1.03723
1894,0.965301,1.03723
1895,0.965301,1.03723
1896,0.97771,1.03705
1897,0.97771,1.03705
1898,0.965425,1.03803
1899,0.96599,1.04155
1900,0.963173,1.0285
1901,0.963173,1.0285
1902,0.963173,1.0285
1903,0.972777,1.04073
1904,0.970074,1.03931
1905,0.970074,1.03931
1906,0.971006,1.04055
1907,0.970909,1.04682
1908,0.973456,1.04904
1909,0.97419,1.04233
1910,0.97419,1.04233
1911,0.979629,1.04635
1912,0.979629,1.04635
1913,0.977031,1.04175
1914,0.977031,1.04175
1915,0.975338,1.0465
1916,0.978387,1.04671
1917,0.978387,1.04671
1918,0.975547,1.04977
1919,0.974684,1.04039
1920,0.974684,1.04039
1921,0.974684,1.04039
1922,0.974684,1.04039
1923,0.974684,1.04039
1924,0.980458,1.05077
1925,0.983054,1.04445
1926,0.983054,1.04445
1927,0.975415,1.03878
1928,0.973873,1.04132
1929,0.97642,1.04313
1930,0.97079,1.04786
1931,0.964829,1.0376
1932,0.964829,1.0376
1933,0.964829,1.0376
1934,0.966481,1.03867
1935,0.966481,1.03867
1936,0.966481,1.03867
1937,0.964675,1.03752
1938,0.964675,1.03752
1939,0.964675,1.03752
1940,0.967264,1.03634
1941,0.96679,1.03776
1942,0.966872,1.03935
1943,0.963815,1.04248
1944,0.963815,1.04248
1945,0.963815,1.04248
1946,0.962534,1.04657
1947,0.961022,1.04927
1948,0.961022,1.04927
1949,0.964965,1.04535
1950,0.971132,1.04738
1951,0.971132,1.04738
1952,0.966822,1.045
1953,0.966822,1.045
1954,0.968726,1.04884
1955,0.966125,1.03497
1956,0.967875,1.04155
1957,0.966691,1.04551
1958,0.971939,1.04131
1959,0.974193,1.0436
1960,0.975118,1.04492
1961,0.975118,1.04492
1962,0.974732,1.05367
1963,0.974639,1.05697
1964,0.974639,1.05697
1965,0.974639,1.05697
1966,0.969058,1.051
1967,0.968914,1.05489
1968,0.963774,1.05282
1969,0.96444,1.04407
1970,0.96444,1.04407
1971,0.96444,1.04407
1972,0.96444,1.04407
1973,0.963853,1.04518
1974,0.963792,1.04092
1975,0.959129,1.03597
1976,0.959129,1.03597
1977,0.965116,1.03545
1978,0.973007,1.03014
1979,0.973007,1.03014
1980,0.968686,1.02817
1981,0.968686,1.02817
1982,0.968914,1.02588
1983,0.969522,1.02867
1984,0.977464,1.04195
1985,0.977464,1.04195
1986,0.977464,1.04195
1987,0.976094,1.04133
1988,0.977337,1.0436
1989,0.977337,1.0436
1990,0.972141,1.04416
1991,0.972198,1.04148
1992,0.973929,1.04779
1993,0.981178,1.04748
1994,0.985217,1.04579
1995,0.979229,1.04715
1996,0.979603,1.04687
1997,0.976502,1.04074
1998,0.972088,1.04399
1999,0.978559,1.04424
2000,0.97519,1.04561
2001,0.979408,1.04507
2002,0.973441,1.04443
2003,0.975767,1.04899
2004,0.975767,1.04899
2005,0.975767,1.04899
2006,0.977153,1.04699
2007,0.977725,1.03758
2008,0.977725,1.03758
2009,0.977725,1.03758
2010,0.979352,1.04268
2011,0.979352,1.04268
2012,0.979228,1.0394
2013,0.977851,1.03892
2014,0.977851,1.03892
2015,0.973625,1.03237
2016,0.973625,1.03237
2017,0.977287,1.02998
2018,0.977287,1.02998
2019,0.977287,1.02998
2020,0.968338,1.03312
2021,0.968338,1.03312
2022,0.963056,1.03263
2023,0.960481,1.02773
2024,0.968128,1.03186
2025,0.968128,1.03186
2026,0.974283,1.03185
2027,0.974283,1.03185
2028,0.981755,1.02875
2029,0.982537,1.02291
2030,0.982537,1.02291
2031,0.982537,1.02291
2032,0.98872,1.0171
2033,0.98872,1.0171
2034,0.995319,1.02649
2035,0.987348,1.02928
2036,0.977856,1.02714
2037,0.970636,1.0284
2038,0.970636,1.0284
2039,0.970636,1.0284
2040,0.970636,1.0284
2041,0.968995,1.02579
2042,0.971135,1.02909
2043,0.974114,1.03669
2044,0.967543,1.02823
2045,0.967576,1.03102
2046,0.966535,1.03509
2047,0.964653,1.03248
2048,0.96349,1.02624
2049,0.956087,1.02869
2050,0.958953,1.03032
2051,0.957489,1.03808
2052,0.957489,1.03808
2053,0.957801,1.03749
2054,0.957801,1.03749
2055,0.955558,1.03274
2056,0.957376,1.03151
2057,0.957376,1.03151
2058,0.957376,1.03151
2059,0.954778,1.02238
2060,0.95618,1.02394
2061,0.95618,1.02394
2062,0.955805,1.0187
2063,0.960592,1.02288
2064,0.957234,1.02582
2065,0.956484,1.02458
2066,0.958699,1.02435
2067,0.962483,1.02986
2068,0.962483,1.02986
2069,0.958152,1.02443
2070,0.956566,1.0201
2071,0.958287,1.01309
2072,0.958287,1.01309
2073,0.95042,1.02018
2074,0.950945,1.01621
2075,0.947837,1.01195
2076,0.947837,1.01195
2077,0.94205,1.00691
2078,0.94205,1.00691
2079,0.942862,1.01331
2080,0.942862,1.01331
2081,0.942332,1.01049
2082,0.945303,1.00955
2083,0.943528,1.0079
2084,0.943528,1.0079
2085,0.942424,0.997049
2086,0.943464,1.00661
2087,0.943464,1.00661
2088,0.939066,1.00164
2089,0.938887,1.00475
2090,0.940509,1.00664
2091,0.940501,1.01761
2092,0.940501,1.01761
2093,0.940501,1.01761
2094,0.94423,1.01031
2095,0.942226,1.01297
2096,0.942226,1.01297
2097,0.937741,1.01748
2098,0.935818,1.01333
2099,0.939499,1.01252
2100,0.936999,1.0121
2101,0.936971,1.00834
2102,0.937823,1.0094
2103,0.937823,1.0094
2104,0.939096,1.00547
2105,0.938344,1.00506
2106,0.936988,1.0032
2107,0.940163,1.00359
2108,0.939641,1.00357
2109,0.939641,1.00357
2110,0.94186,1.00518
2111,0.950321,1.01572
2112,0.954063,1.01909
2113,0.951685,1.01201
2114,0.954961,1.00556
2115,0.953909,1.00635
2116,0.952465,1.01659
2117,0.949547,1.00638
2118,0.947167,1.01424
2119,0.936796,1.01193
2120,0.939896,1.01542
2121,0.937784,1.01933
2122,0.939927,1.02138
2123,0.934961,1.02341
2124,0.934961,1.02341
2125,0.934961,1.02341
2126,0.938896,1.02293
2127,0.937581,1.02607
2128,0.937581,1.02607
2129,0.932855,1.02934
2130,0.937874,1.03
2131,0.937874,1.03
2132,0.942322,1.03286
2133,0.940177,1.03245
2134,0.943969,1.0413
2135,0.950445,1.03935
2136,0.952527,1.0357
2137,0.948074,1.04073
2138,0.948074,1.04073
2139,0.94859,1.03914
2140,0.946525,1.03421
2141,0.957749,1.04123
2142,0.952287,1.03532
2143,0.952287,1.03532
2144,0.952287,1.03532
2145,0.959637,1.03592
2146,0.957227,1.03621
2147,0.960451,1.03806
2148,0.963823,1.03285
2149,0.963823,1.03285
2150,0.962791,1.03296
2151,0.959667,1.02824
2152,0.959667,1.02824
2153,0.954116,1.02885
2154,0.953991,1.03578
2155,0.957152,1.02949
2156,0.946893,1.02545
2157,0.948143,1.02754
2158,0.954969,1.01429
2159,0.949808,1.01729
2160,0.949808,1.01729
2161,0.956095,1.02104
2162,0.957411,1.02239
2163,0.961346,1.02487
2164,0.963376,1.02407
2165,0.963376,1.02407
2166,0.962507,1.0126
2167,0.962507,1.0126
2168,0.965205,1.00808
2169,0.958126,1.00643
2170,0.962441,1.01107
2171,0.962441,1.01107
2172,0.962441,1.01107
2173,0.95724,1.0072
2174,0.964527,1.01335
2175,0.955669,1.01109
2176,0.95859,1.00929
2177,0.95859,1.00929
2178,0.950062,1.01586
2179,0.952766,1.02099
2180,0.952766,1.02099
2181,0.950262,1.0143
2182,0.947841,1.01892
2183,0.94551,1.01835
2184,0.94551,1.01835
2185,0.942761,1.02202
2186,0.944342,1.022
2187,0.944342,1.022
2188,0.944342,1.022
2189,0.942489,1.02494
2190,0.946488,1.02706
2191,0.951846,1.0234
2192,0.956847,1.03701
2193,0.947283,1.02983
2194,0.944868,1.02301
2195,0.944868,1.02301
2196,0.945043,1.02245
2197,0.945043,1.02245
2198,0.944355,1.01757
2199,0.949752,1.02276
2200,0.942633,1.02101
2201,0.943591,1.02126
2202,0.943591,1.02126
2203,0.937612,1.01921
2204,0.937612,1.01921
2205,0.946814,1.02125
2206,0.942001,1.01715
2207,0.942529,1.02828
2208,0.942529,1.02828
2209,0.947247,1.02546
2210,0.943946,1.02509
2211,0.949813,1.02189
2212,0.947068,1.01763
2213,0.949739,1.01577
2214,0.949739,1.01577
2215,0.954225,1.01407
2216,0.949036,1.01207
2217,0.949036,1.01207
2218,0.949036,1.01207
2219,0.949036,1.01207
2220,0.948763,1.01661
2221,0.95512,1.02471
2222,0.953607,1.02606
2223,0.955801,1.03001
2224,0.953239,1.03427
2225,0.960143,1.02667
2226,0.956185,1.01961
2227,0.95489,1.01467
2228,0.961148,1.01931
2229,0.964947,1.01787
2230,0.960717,1.01781
2231,0.961215,1.01122
2232,0.961215,1.01122
2233,0.961215,1.01122
2234,0.953718,1.00855
2235,0.953486,1.01311
2236,0.953849,1.01192
2237,0.953685,1.01792
2238,0.949787,1.01347
2239,0.951298,1.01547
2240,0.951298,1.01547
2241,0.955063,1.02446
2242,0.952014,1.0271
2243,0.956518,1.02372
2244,0.956518,1.02372
2245,0.958694,1.02169
2246,0.958694,1.02169
2247,0.956646,1.02487
2248,0.956646,1.02487
2249,0.963681,1.01857
2250,0.963681,1.01857
2251,0.961281,1.01729
2252,0.961706,1.01489
2253,0.956347,1.0127
2254,0.957476,1.02423
2255,0.962062,1.03205
2256,0.953199,1.03269
2257,0.952272,1.03027
2258,0.952272,1.03027
2259,0.952272,1.03027
2260,0.952135,1.02825
2261,0.952135,1.02825
2262,0.951866,1.02846
2263,0.955966,1.02466
2264,0.955966,1.02466
2265,0.95511,1.02353
2266,0.95511,1.02353
2267,0.95511,1.02353
2268,0.95511,1.02353
2269,0.95511,1.02353
2270,0.954969,1.02111
2271,0.955255,1.02363
2272,0.952364,1.01846
2273,0.952364,1.01846
2274,0.951392,1.01679
2275,0.951392,1.01679
2276,0.954827,1.02172
2277,0.947751,1.02145
2278,0.947751,1.02145
2279,0.953045,1.03059
2280,0.954644,1.02854
2281,0.959229,1.03115
2282,0.959229,1.03115
2283,0.956399,1.03355
2284,0.960175,1.03136
2285,0.960175,1.03136
2286,0.949315,1.03101
2287,0.947586,1.03435
2288,0.944754,1.02933
2289,0.939126,1.0278
2290,0.937651,1.02689
2291,0.937651,1.02689
2292,0.940295,1.03027
2293,0.940295,1.03027
2294,0.941358,1.02831
2295,0.945868,1.02834
2296,0.945868,1.02834
2297,0.945868,1.02834
2298,0.951749,1.02566
2299,0.948923,1.02242
2300,0.952991,1.0132
2301,0.951488,1.01582
2302,0.951488,1.01582
2303,0.950963,1.01724
2304,0.949895,1.0127
2305,0.948287,1.01031
2306,0.95698,1.01717
2307,0.960403,1.01465
2308,0.960403,1.01465
2309,0.96718,1.01932
2310,0.959548,1.01296
2311,0.962682,1.0172
2312,0.962682,1.0172
2313,0.962682,1.0172
2314,0.964551,1.01244
2315,0.964551,1.01244
2316,0.96122,1.00668
2317,0.96122,1.00668
2318,0.96122,1.00668
2319,0.96122,1.00668
2320,0.955467,1.00452
2321,0.955467,1.00452
2322,0.958236,1.01066
2323,0.958236,1.01066
2324,0.95466,1.00335
2325,0.95466,1.00335
2326,0.951959,1.00916
2327,0.95001,1.00382
2328,0.95001,1.00382
2329,0.949527,1.00063
2330,0.952212,1.00356
2331,0.952212,1.00356
2332,0.942031,0.99638
2333,0.942031,0.99638
2334,0.945578,0.987741
2335,0.944965,0.984903
2336,0.944965,0.984903
2337,0.944965,0.984903
2338,0.941153,0.980879
2339,0.94917,0.977921
2340,0.948191,0.983828
2341,0.952142,0.978335
2342,0.955231,0.987127
2343,0.951638,0.990876
2344,0.951638,0.990876
2345,0.953211,0.993255
2346,0.953405,0.993878
2347,0.953091,0.99879
2348,0.952284,1.00023
2349,0.952284,1.00023
2350,0.952284,1.00023
2351,0.951133,0.995963
2352,0.950991,0.998086
2353,0.950991,0.998086
2354,0.953796,0.998216
2355,0.947266,0.994177
2356,0.947266,0.994177
2357,0.947266,0.994177
2358,0.948843,0.993221
2359,0.948843,0.993221
2360,0.948843,0.993221
2361,0.947555,0.995655
2362,0.94725,0.994092
2363,0.939786,1.00299
2364,0.939786,1.00299
2365,0.942226,1.00326
2366,0.943581,1.0024
2367,0.944063,1.00024
2368,0.946378,0.998538
2369,0.946103,0.997951
2370,0.949098,1.01308
2371,0.948016,1.0075
2372,0.948016,1.0075
2373,0.950074,1.0107
2374,0.944583,1.01305
2375,0.94359,1.0073
2376,0.94359,1.0073
2377,0.943551,0.998232
2378,0.938369,1.00109
2379,0.946512,1.00578
2380,0.946105,0.999215
2381,0.942519,0.995047
2382,0.945507,0.992588
2383,0.950486,0.99232
2384,0.950486,0.99232
2385,0.955696,0.991755
2386,0.950234,0.989622
2387,0.948684,0.990155
2388,0.947331,0.991696
2389,0.953454,0.998228
2390,0.949999,0.997895
2391,0.949999,0.997895
2392,0.948066,0.99666
2393,0.948066,0.99666
2394,0.948066,0.99666
2395,0.947259,1.00029
2396,0.948385,0.994501
2397,0.948385,0.994501
2398,0.942615,0.999981
2399,0.952409,0.997648
2400,0.95255,1.00388
2401,0.950161,1.0036
2402,0.943041,1.00709
2403,0.940728,1.01234
2404,0.940728,1.01234
2405,0.940728,1.01234
2406,0.936635,1.01215
2407,0.932384,1.01112
2408,0.933405,1.01773
2409,0.934202,1.01639
2410,0.931269,1.01581
2411,0.935624,1.0147
2412,0.928945,1.01725
2413,0.928945,1.01725
2414,0.928945,1.01725
2415,0.934993,1.01551
2416,0.934993,1.01551
2417,0.934993,1.01551
2418,0.936864,1.01698
2419,0.940028,1.01097
2420,0.942016,1.0197
2421,0.939801,1.01084
2422,0.949824,1.01749
2423,0.949008,1.01547
2424,0.953001,1.01573
2425,0.954566,1.01963
2426,0.954566,1.01963
2427,0.954566,1.01963
2428,0.954566,1.01963
2429,0.955342,1.01881
2430,0.957321,1.0245
2431,0.951987,1.01644
2432,0.949929,1.01925
2433,0.950531,1.0099
2434,0.947271,1.01179
2435,0.943148,1.00753
2436,0.940137,1.00914
2437,0.940137,1.00914
2438,0.935779,1.01141
2439,0.938482,1.00654
2440,0.938268,1.00772
2441,0.938268,1.00772
2442,0.943649,0.999811
2443,0.94031,1.0047
2444,0.938787,1.00357
2445,0.940753,0.998882
2446,0.938065,0.995411
2447,0.93479,0.99499
2448,0.932669,0.999596
2449,0.931292,0.998044
2450,0.938932,1.004
2451,0.939268,1.00403
2452,0.944132,1.00599
2453,0.941102,1.0139
2454,0.93736,1.01403
2455,0.936954,1.01125
2456,0.935361,1.01216
2457,0.936678,1.01511
2458,0.936678,1.01511
2459,0.937504,1.0181
2460,0.937504,1.0181
2461,0.939668,1.0188
2462,0.944326,1.0166
2463,0.947797,1.01096
2464,0.947797,1.01096
2465,0.953773,1.01823
2466,0.952342,1.01812
2467,0.95174,1.0135
2468,0.953731,1.01508
2469,0.95077,1.0137
2470,0.949098,1.02531
2471,0.948907,1.02853
2472,0.95186,1.02913
2473,0.947242,1.02463
2474,0.953405,1.02516
2475,0.95241,1.02642
2476,0.959266,1.02853
2477,0.959266,1.02853
2478,0.965354,1.03498
2479,0.965354,1.03498
2480,0.970349,1.0316
2481,0.963923,1.02786
2482,0.96124,1.02237
2483,0.96124,1.02237
2484,0.96307,1.01975
2485,0.966531,1.02573
2486,0.966531,1.02573
2487,0.966531,1.02573
2488,0.961434,1.02976
2489,0.965024,1.0355
2490,0.961657,1.04132
2491,0.961653,1.0457
2492,0.960497,1.04262
2493,0.962009,1.04693
2494,0.964583,1.05274
2495,0.963563,1.05223
2496,0.962492,1.05641
2497,0.962492,1.05641
2498,0.960475,1.05147
2499,0.958029,1.05006
2500,0.958029,1.05006
2501,0.95678,1.03976
2502,0.95861,1.04419
2503,0.95651,1.03247
2504,0.963339,1.03103
2505,0.961977,1.03378
2506,0.961977,1.03378
2507,0.958426,1.03266
2508,0.960518,1.0339
2509,0.963485,1.03346
2510,0.963103,1.03836
2511,0.961341,1.03775
2512,0.961341,1.03775
2513,0.956035,1.03871
2514,0.956035,1.03871
2515,0.957237,1.04463
2516,0.962107,1.0444
2517,0.962107,1.0444
2518,0.962302,1.03721
2519,0.962302,1.03721
2520,0.967612,1.04212
2521,0.966491,1.03481
2522,0.966295,1.03232
2523,0.963508,1.03518
2524,0.9621,1.03181
2525,0.9621,1.03181
2526,0.962734,1.03688
2527,0.96537,1.04152
2528,0.965843,1.03701
2529,0.965843,1.03701
2530,0.967745,1.04925
2531,0.967093,1.04841
2532,0.96391,1.04348
2533,0.962921,1.04578
2534,0.960062,1.03981
2535,0.960062,1.03981
2536,0.969973,1.04123
2537,0.970059,1.05331
2538,0.968507,1.04785
2539,0.963366,1.04286
2540,0.963366,1.04286
2541,0.964798,1.04208
2542,0.963306,1.03843
2543,0.963306,1.03843
2544,0.963306,1.03843
2545,0.967092,1.04092
2546,0.963359,1.04276
2547,0.964674,1.03756
2548,0.96362,1.039
2549,0.957852,1.03751
2550,0.951653,1.03503
2551,0.953297,1.02766
2552,0.953297,1.02766
2553,0.953297,1.02766
2554,0.957914,1.03683
2555,0.956547,1.03733
2556,0.956547,1.03733
2557,0.956547,1.03733
2558,0.961459,1.03636
2559,0.957569,1.03418
2560,0.957281,1.03252
2561,0.956616,1.03124
2562,0.959874,1.02828
2563,0.960636,1.02799
2564,0.956279,1.02706
2565,0.956279,1.02706
2566,0.958286,1.0313
2567,0.950534,1.03343
2568,0.950241,1.03135
2569,0.950327,1.03082
2570,0.950327,1.03082
2571,0.950328,1.04612
2572,0.950634,1.03975
2573,0.949993,1.03329
2574,0.951877,1.02464
2575,0.950022,1.03419
2576,0.946877,1.03416
2577,0.944637,1.03152
2578,0.95047,1.02801
2579,0.949628,1.02882
2580,0.951923,1.03261
2581,0.957135,1.03094
2582,0.957135,1.03094
2583,0.957135,1.03094
2584,0.959884,1.03469
2585,0.970656,1.03756
2586,0.970656,1.03756
2587,0.975516,1.04318
2588,0.972233,1.03889
2589,0.968732,1.03341
2590,0.966299,1.03545
2591,0.966299,1.03545
2592,0.967458,1.03226
2593,0.970248,1.03374
2594,0.96782,1.03591
2595,0.962116,1.04
2596,0.962116,1.04
2597,0.963694,1.03923
2598,0.963694,1.03923
2599,0.963694,1.03923
2600,0.967892,1.03679
2601,0.967892,1.03679
2602,0.959739,1.04307
2603,0.954868,1.04083
2604,0.952579,1.04152
2605,0.952579,1.04152
2606,0.955877,1.0416
2607,0.954255,1.04786
2608,0.954253,1.04073
2609,0.956256,1.03396
2610,0.957532,1.03136
2611,0.961928,1.03708
2612,0.962986,1.03333
2613,0.962121,1.03186
2614,0.963916,1.03137
2615,0.970147,1.02971
2616,0.970147,1.02971
2617,0.97062,1.03092
2618,0.97062,1.03092
2619,0.97062,1.03092
2620,0.965885,1.03535
2621,0.967979,1.03184
2622,0.964437,1.03001
2623,0.969092,1.03126
2624,0.969092,1.03126
2625,0.969092,1.03126
2626,0.969092,1.03126
2627,0.968675,1.03317
2628,0.965526,1.03317
2629,0.965526,1.03317
2630,0.965526,1.03317
2631,0.974179,1.03869
2632,0.970639,1.04006
2633,0.985595,1.0392
2634,0.978593,1.04115
2635,0.978593,1.04115
2636,0.978593,1.04115
2637,0.978455,1.05475
2638,0.973288,1.05271
2639,0.974909,1.04796
2640,0.972064,1.04815
2641,0.981539,1.04612
2642,0.981539,1.04612
2643,0.982265,1.04421
2644,0.977387,1.03831
2645,0.977387,1.03831
2646,0.97513,1.04276
2647,0.97513,1.04276
2648,0.975316,1.03827
2649,0.982266,1.03738
2650,0.981208,1.04578
2651,0.976996,1.04037
2652,0.973277,1.03676
2653,0.973277,1.03676
2654,0.973382,1.04448
2655,0.967239,1.03856
2656,0.971256,1.04058
2657,0.971984,1.04234
2658,0.967036,1.03378
2659,0.967036,1.03378
2660,0.969666,1.03853
2661,0.963395,1.0398
2662,0.963395,1.0398
2663,0.963395,1.0398
2664,0.963597,1.03836
2665,0.970087,1.04157
2666,0.970087,1.04157
2667,0.970445,1.03752
2668,0.970445,1.03752
2669,0.972402,1.04016
2670,0.972402,1.04016
2671,0.968485,1.03386
2672,0.96918,1.03976
2673,0.96992,1.03812
2674,0.965332,1.03382
2675,0.964356,1.03306
2676,0.96667,1.02735
2677,0.96667,1.02735
2678,0.969676,1.02559
2679,0.970666,1.02199
2680,0.969198,1.02267
2681,0.969198,1.02267
2682,0.969951,1.01694
2683,0.964101,1.0148
2684,0.962491,1.01564
2685,0.962491,1.01564
2686,0.967512,1.01634
2687,0.96093,1.01545
2688,0.96093,1.01545
2689,0.955727,1.02795
2690,0.966783,1.0263
2691,0.971694,1.03371
2692,0.971694,1.03371
2693,0.971694,1.03371
2694,0.963103,1.02731
2695,0.960415,1.02473
2696,0.960415,1.02473
2697,0.96112,1.02485
2698,0.958299,1.02535
2699,0.958299,1.02535
2700,0.965004,1.01862
2701,0.965004,1.01862
2702,0.963243,1.01692
2703,0.965299,1.01789
2704,0.970977,1.02291
2705,0.97406,1.01412
2706,0.978436,1.02066
2707,0.973516,1.01877
2708,0.983303,1.02141
2709,0.978678,1.01603
2710,0.979793,1.00101
2711,0.979793,1.00101
2712,0.978723,0.996654
2713,0.978723,0.996654
2714,0.970808,1.00503
2715,0.971757,1.00768
2716,0.971757,1.00768
2717,0.962702,1.00346
2718,0.95723,1.004
2719,0.957093,1.00224
2720,0.954173,1.00292
2721,0.954173,1.00292
2722,0.955582,1.00479
2723,0.955053,1.00323
2724,0.955053,1.00323
2725,0.95662,1.00248
2726,0.95662,1.00248
2727,0.959362,1.01479
2728,0.96498,1.01924
2729,0.969345,1.01513
2730,0.969071,1.0149
2731,0.973515,1.01977
2732,0.975984,1.01454
2733,0.982131,1.01481
2734,0.985942,1.01652
2735,0.981932,1.02034
2736,0.980786,1.02215
2737,0.980786,1.02215
2738,0.980548,1.02502
2739,0.980548,1.02502
2740,0.98261,1.02701
2741,0.98261,1.02701
2742,0.98261,1.02701
2743,0.979418,1.03075
2744,0.964857,1.02527
2745,0.963893,1.02876
2746,0.963893,1.02876
2747,0.963893,1.02876
2748,0.958366,1.02387
2749,0.951479,1.02027
2750,0.951479,1.02027
2751,0.953763,1.01663
2752,0.959192,1.02291
2753,0.952303,1.01893
2754,0.956331,1.01911
2755,0.951754,1.02702
2756,0.951754,1.02702
2757,0.960142,1.02336
2758,0.959352,1.02573
2759,0.961736,1.02532
2760,0.963219,1.03088
2761,0.964787,1.03233
2762,0.964787,1.03233
2763,0.961522,1.03165
2764,0.966322,1.02642
2765,0.966322,1.02642
2766,0.966322,1.02642
2767,0.96722,1.0296
2768,0.965438,1.02712
2769,0.967298,1.02944
2770,0.961677,1.03203
2771,0.961678,1.03455
2772,0.962561,1.03272
2773,0.957885,1.028
2774,0.957885,1.028
2775,0.962035,1.03207
2776,0.960614,1.02978
2777,0.959748,1.02051
2778,0.959523,1.02351
2779,0.965697,1.01616
2780,0.963121,1.01402
2781,0.968681,1.01235
2782,0.968681,1.01235
2783,0.960113,1.01457
2784,0.959201,1.00811
2785,0.959201,1.00811
2786,0.956549,1.01372
2787,0.959735,1.00876
2788,0.960352,1.01491
2789,0.960352,1.01491
2790,0.960352,1.01491
2791,0.965701,1.01292
2792,0.964196,1.00823
2793,0.964196,1.00823
2794,0.965529,1.01416
2795,0.964764,1.0141
2796,0.963752,1.01896
2797,0.963752,1.01896
2798,0.965568,1.0136
2799,0.965568,1.0136
2800,0.965568,1.0136
2801,0.966016,1.01519
2802,0.9656,1.01975
2803,0.9656,1.01975
2804,0.9656,1.01975
2805,0.9656,1.01975
2806,0.97095,1.02265
2807,0.970149,1.0192
2808,0.969604,1.02519
2809,0.969604,1.02519
2810,0.969604,1.02519
2811,0.965203,1.02033
2812,0.965203,1.02033
2813,0.967057,1.0232
2814,0.963993,1.02068
2815,0.969637,1.02059
2816,0.966523,1.01952
2817,0.963707,1.01399
2818,0.963707,1.01399
2819,0.95987,1.01431
2820,0.959976,1.01096
2821,0.959976,1.01096
2822,0.959976,1.01096
2823,0.959976,1.01096
2824,0.959976,1.01096
2825,0.957696,1.012
2826,0.958295,1.0094
2827,0.960234,1.01183
2828,0.960234,1.01183
2829,0.960234,1.01183
2830,0.961005,1.01501
2831,0.953994,1.0233
2832,0.956267,1.02534
2833,0.958535,1.02152
2834,0.958535,1.02152
2835,0.952914,1.02657
2836,0.953448,1.02404
2837,0.955101,1.02652
2838,0.954195,1.02327
2839,0.954195,1.02327
2840,0.957082,1.02652
2841,0.957082,1.02652
2842,0.957065,1.02539
2843,0.957919,1.02333
2844,0.952113,1.02414
2845,0.960923,1.02472
2846,0.961199,1.03262
2847,0.957341,1.02582
2848,0.960358,1.02501
2849,0.960358,1.02501
2850,0.954258,1.02756
2851,0.954228,1.02083
2852,0.956509,1.02581
2853,0.956509,1.02581
2854,0.956509,1.02581
2855,0.959219,1.02514
2856,0.959498,1.03025
2857,0.956403,1.03079
2858,0.958207,1.03186
2859,0.953991,1.03505
2860,0.953991,1.03505
2861,0.953991,1.03505
2862,0.953581,1.03228
2863,0.957195,1.035
2864,0.957774,1.03476
2865,0.953671,1.03015
2866,0.951912,1.0304
2867,0.961472,1.03699
2868,0.961472,1.03699
2869,0.966835,1.03809
2870,0.961302,1.03613
2871,0.959756,1.04099
2872,0.959756,1.04099
2873,0.960918,1.0458
2874,0.954978,1.03764
2875,0.951814,1.03734
2876,0.951814,1.03734
2877,0.951814,1.03734
2878,0.951814,1.03734
2879,0.957354,1.03578
2880,0.962178,1.03329
2881,0.962178,1.03329
2882,0.973195,1.04187
2883,0.972848,1.04918
2884,0.969242,1.04457
2885,0.969534,1.04196
2886,0.969534,1.04196
2887,0.970876,1.03849
2888,0.970016,1.03335
2889,0.966924,1.03187
2890,0.966924,1.03187
2891,0.973792,1.02944
2892,0.973792,1.02944
2893,0.965495,1.03296
2894,0.96669,1.03013
2895,0.96669,1.03013
2896,0.9603,1.03221
2897,0.959416,1.02406
2898,0.953191,1.01909
2899,0.953191,1.01909
2900,0.953191,1.01909
2901,0.946794,1.01802
2902,0.95871,1.02509
2903,0.960973,1.01993
2904,0.962196,1.0186
2905,0.968606,1.01352
2906,0.960493,1.01243
2907,0.963399,1.01326
2908,0.961403,1.00903
2909,0.96626,1.01242
2910,0.969927,1.0113
2911,0.962278,1.017
2912,0.961492,1.01585
2913,0.961492,1.01585
2914,0.961492,1.01585
2915,0.965187,1.01895
2916,0.970323,1.01838
2917,0.974728,1.01695
2918,0.968471,1.01787
2919,0.962628,1.01865
2920,0.957357,1.02393
2921,0.954276,1.02991
2922,0.949316,1.03139
2923,0.954727,1.02994
2924,0.954727,1.02994
2925,0.959514,1.02637
2926,0.950808,1.03721
2927,0.949387,1.03482
2928,0.949514,1.03773
2929,0.947836,1.0387
2930,0.949057,1.04706
2931,0.946998,1.05007
2932,0.946235,1.04528
2933,0.945999,1.04048
2934,0.953408,1.03443
2935,0.952371,1.03685
2936,0.957486,1.03666
2937,0.959254,1.03717
2938,0.959254,1.03717
2939,0.961563,1.03827
2940,0.961563,1.03827
2941,0.957245,1.03242
2942,0.9613,1.03539
2943,0.9613,1.03539
2944,0.9613,1.03539
2945,0.961954,1.03047
2946,0.964866,1.03198
2947,0.956937,1.02773
2948,0.956937,1.02773
2949,0.958687,1.02696
2950,0.958687,1.02696
2951,0.958687,1.02696
2952,0.956745,1.03287
2953,0.956745,1.03287
2954,0.956745,1.03287
2955,0.960802,1.03254
2956,0.9588,1.03047
2957,0.964587,1.0235
2958,0.962523,1.02239
2959,0.964795,1.02797
2960,0.961202,1.03015
2961,0.957744,1.03402
2962,0.958496,1.02926
2963,0.95048,1.02515
2964,0.951484,1.02522
2965,0.946942,1.01722
2966,0.946942,1.01722
2967,0.947306,1.0238
2968,0.947306,1.0238
2969,0.951059,1.02396
2970,0.951059,1.02396
2971,0.951059,1.02396
2972,0.94107,1.02717
2973,0.944418,1.02136
2974,0.948441,1.02315
2975,0.952738,1.03125
2976,0.952738,1.03125
2977,0.952738,1.03125
2978,0.952738,1.03125
2979,0.953496,1.03539
2980,0.953496,1.03539
2981,0.950196,1.03215
2982,0.95177,1.03028
2983,0.946457,1.02451
2984,0.953778,1.02236
2985,0.964986,1.02513
2986,0.964986,1.02513
2987,0.964986,1.02513
2988,0.964986,1.02513
2989,0.962242,1.02687
2990,0.956222,1.02333
2991,0.956222,1.02333
2992,0.956222,1.02333
2993,0.960017,1.02669
2994,0.96325,1.01942
2995,0.961231,1.0249
2996,0.954863,1.01853
2997,0.954863,1.01853
2998,0.961028,1.02863
2999,0.954268,1.02561
3000,0.952855,1.02395
3001,0.951796,1.0174
3002,0.952749,1.01747
3003,0.947861,1.01744
3004,0.949789,1.02348
3005,0.947082,1.01739
3006,0.947082,1.01739
3007,0.948342,1.01689
3008,0.948342,1.01689
3009,0.953109,1.02065
3010,0.952369,1.01874
3011,0.954286,1.0247
3012,0.95058,1.01493
3013,0.948679,1.01819
3014,0.948679,1.01819
3015,0.948056,1.01889
3016,0.948056,1.01889
3017,0.948056,1.01889
3018,0.948056,1.01889
3019,0.9494,1.00958
3020,0.949088,1.01548
3021,0.94675,1.01254
3022,0.94675,1.01254
3023,0.948161,1.01464
3024,0.948161,1.01464
3025,0.952513,1.0183
3026,0.952513,1.0183
3027,0.952513,1.0183
3028,0.951671,1.02069
3029,0.951671,1.02069
3030,0.951671,1.02069
3031,0.951671,1.02069
3032,0.951671,1.02069
3033,0.951671,1.02069
3034,0.953265,1.01085
3035,0.953265,1.01085
3036,0.949887,1.00853
3037,0.951431,1.00672
3038,0.947271,1.00939
3039,0.944323,1.01195
3040,0.939903,1.01124
3041,0.939903,1.01124
3042,0.936518,1.01254
3043,0.944244,1.01729
3044,0.944244,1.01729
3045,0.944244,1.01729
3046,0.949715,1.01584
3047,0.947996,1.01507
3048,0.942059,1.01695
3049,0.937917,1.01022
3050,0.937917,1.01022
3051,0.93754,1.01159
3052,0.93754,1.01159
3053,0.93754,1.01159
3054,0.939497,1.01286
3055,0.939497,1.01286
3056,0.946909,1.01046
3057,0.946909,1.01046
3058,0.946909,1.01046
3059,0.941612,1.01581
3060,0.943572,1.01082
3061,0.948984,1.00836
3062,0.938542,1.00652
3063,0.938542,1.00652
3064,0.938542,1.00652
3065,0.938789,1.00573
3066,0.941219,1.00635
3067,0.943694,1.01357
3068,0.944709,1.01402
3069,0.94715,1.00972
3070,0.942779,1.00766
3071,0.957791,1.00979
3072,0.957791,1.00979
3073,0.955577,1.0126
3074,0.955863,1.00976
3075,0.955863,1.00976
3076,0.952148,1.00894
3077,0.951578,1.00254
3078,0.953342,1.0085
3079,0.949764,1.0026
3080,0.948771,1.00118
3081,0.948771,1.00118
3082,0.946434,1.0073
3083,0.946434,1.0073
3084,0.946396,1.00372
3085,0.946396,1.00372
3086,0.950563,1.00214
3087,0.955701,1.0096
3088,0.954304,1.01106
3089,0.950467,1.00853
3090,0.950467,1.00853
3091,0.950467,1.00853
3092,0.950467,1.00853
3093,0.945024,1.01293
3094,0.94929,1.0196
3095,0.948206,1.01953
3096,0.945738,1.0254
3097,0.949345,1.02234
3098,0.957372,1.02051
3099,0.95919,1.02022
3100,0.96052,1.0154
3101,0.956452,1.01989
3102,0.958348,1.01108
3103,0.960273,1.00531
3104,0.957211,1.0109
3105,0.956627,1.00321
3106,0.959292,1.00874
3107,0.957421,1.0158
3108,0.954026,1.01621
3109,0.954026,1.01621
3110,0.953401,1.01554
3111,0.955357,1.02005
3112,0.956091,1.0234
3113,0.957636,1.02937
3114,0.957447,1.02841
3115,0.958236,1.03185
3116,0.962524,1.02602
3117,0.962524,1.02602
3118,0.95894,1.0299
3119,0.959012,1.03583
3120,0.96179,1.03265
3121,0.962126,1.03488
3122,0.962126,1.03488
3123,0.956827,1.03699
3124,0.95688,1.03256
3125,0.961298,1.03462
3126,0.959523,1.03219
3127,0.958088,1.03297
3128,0.956775,1.03103
3129,0.958051,1.04346
3130,0.946691,1.0418
3131,0.946691,1.0418
3132,0.946691,1.0418
3133,0.946824,1.0395
3134,0.946611,1.04066
3135,0.95549,1.03811
3136,0.95832,1.03482
3137,0.960941,1.03045
3138,0.960941,1.03045
3139,0.963418,1.03401
3140,0.967606,1.03052
3141,0.967606,1.03052
3142,0.967606,1.03052
3143,0.964583,1.03574
3144,0.961108,1.03859
3145,0.961108,1.03859
3146,0.959437,1.03867
3147,0.95633,1.04272
3148,0.960604,1.04166
3149,0.961082,1.03876
3150,0.961251,1.03458
3151,0.961251,1.03458
3152,0.966714,1.03716
3153,0.96671,1.03421
3154,0.963867,1.03161
3155,0.963799,1.03213
3156,0.957873,1.03344
3157,0.961293,1.03303
3158,0.95837,1.03121
3159,0.965418,1.02518
3160,0.964423,1.02317
3161,0.964423,1.02317
3162,0.962049,1.02534
3163,0.960841,1.02288
3164,0.954867,1.02251
3165,0.953346,1.02328
3166,0.953734,1.02055
3167,0.953734,1.02055
3168,0.957829,1.02564
3169,0.959064,1.02801
3170,0.962999,1.00979
3171,0.963802,1.01108
3172,0.963095,1.01004
3173,0.963095,1.01004
3174,0.965635,1.01422
3175,0.963097,1.02414
3176,0.963097,1.02414
3177,0.96354,1.02234
3178,0.961075,1.02428
3179,0.963063,1.03036
3180,0.967498,1.03257
3181,0.967001,1.02147
3182,0.970982,1.02473
3183,0.973428,1.02325
3184,0.967524,1.01996
3185,0.967524,1.01996
3186,0.960745,1.02116
3187,0.965485,1.02031
3188,0.965485,1.02031
3189,0.97004,1.01548
3190,0.966211,1.01699
3191,0.964242,1.02236
3192,0.970682,1.02758
3193,0.963835,1.019
3194,0.963027,1.01871
3195,0.953638,1.01216
3196,0.953638,1.01216
3197,0.951962,1.01985
3198,0.950322,1.02324
3199,0.954233,1.03032
3200,0.958473,1.02995
3201,0.958473,1.02995
3202,0.958473,1.02995
3203,0.955382,1.02774
3204,0.95914,1.02556
3205,0.955023,1.01661
3206,0.955346,1.01935
3207,0.949785,1.01902
3208,0.949785,1.01902
3209,0.952594,1.01653
3210,0.952594,1.01653
3211,0.953488,1.02306
3212,0.955662,1.02243
3213,0.957345,1.02333
3214,0.955245,1.02833
3215,0.953558,1.03029
3216,0.953558,1.03029
3217,0.953558,1.03029
3218,0.953558,1.03029
3219,0.953128,1.03123
3220,0.961193,1.02878
3221,0.961193,1.02878
3222,0.961702,1.03309
3223,0.964212,1.03319
3224,0.964703,1.03558
3225,0.964703,1.03558
3226,0.96789,1.0368
3227,0.962065,1.03423
3228,0.957288,1.03426
3229,0.959734,1.03544
3230,0.966504,1.04186
3231,0.96056,1.04156
3232,0.96056,1.04156
3233,0.958694,1.03286
3234,0.958694,1.03286
3235,0.958694,1.03286
3236,0.958694,1.03286
3237,0.963599,1.03598
3238,0.965093,1.03376
3239,0.96385,1.03951
3240,0.96385,1.03951
3241,0.961398,1.03335
3242,0.962278,1.02657
3243,0.958388,1.03522
3244,0.958388,1.03522
3245,0.958388,1.03522
3246,0.95807,1.02474
3247,0.95807,1.02474
3248,0.95115,1.02456
3249,0.955819,1.0317
3250,0.95702,1.03145
3251,0.962437,1.03773
3252,0.963662,1.03389
3253,0.967738,1.02836
3254,0.969525,1.02152
3255,0.969525,1.02152
3256,0.969525,1.02152
3257,0.977785,1.02297
3258,0.979872,1.02007
3259,0.981687,1.02695
3260,0.982509,1.02627
3261,0.982509,1.02627
3262,0.980666,1.0255
3263,0.973745,1.02705
3264,0.967261,1.02624
3265,0.967261,1.02624
3266,0.967261,1.02624
3267,0.968799,1.02337
3268,0.973775,1.0238
3269,0.973775,1.0238
3270,0.973775,1.0238
3271,0.969477,1.0337
3272,0.964361,1.0312
3273,0.955732,1.0345
3274,0.955628,1.0287
3275,0.950065,1.0345
3276,0.950065,1.0345
3277,0.950031,1.02903
3278,0.950031,1.02903
3279,0.950031,1.02903
3280,0.959235,1.0307
3281,0.953013,1.03024
3282,0.953143,1.03414
3283,0.953143,1.03414
3284,0.960319,1.03181
3285,0.963612,1.02928
3286,0.966556,1.03005
3287,0.966556,1.03005
3288,0.96178,1.03627
3289,0.959919,1.03461
3290,0.965038,1.03911
3291,0.956533,1.03678
3292,0.954877,1.03527
3293,0.961199,1.04625
3294,0.961158,1.04492
3295,0.961158,1.04492
3296,0.962546,1.04987
3297,0.963352,1.04214
3298,0.963352,1.04214
3299,0.963146,1.04154
3300,0.963146,1.04154
3301,0.965172,1.04066
3302,0.956376,1.03355
3303,0.953665,1.03436
3304,0.958588,1.03545
3305,0.954786,1.03684
3306,0.954786,1.03684
3307,0.952802,1.03621
3308,0.949862,1.03519
3309,0.949862,1.03519
3310,0.95155,1.03812
3311,0.955832,1.03774
3312,0.955832,1.03774
3313,0.955832,1.03774
3314,0.954783,1.03984
3315,0.957812,1.03419
3316,0.947914,1.04004
3317,0.949578,1.04249
3318,0.949578,1.04249
3319,0.949578,1.04249
3320,0.943401,1.04205
3321,0.946373,1.03828
3322,0.946373,1.03828
3323,0.943151,1.03675
3324,0.943151,1.03675
3325,0.943151,1.03675
3326,0.950927,1.03545
3327,0.944113,1.03928
3328,0.947443,1.03469
3329,0.953094,1.02136
3330,0.956429,1.02562
3331,0.956228,1.02661
3332,0.960627,1.0194
3333,0.956962,1.02192
3334,0.956962,1.02192
3335,0.956962,1.02192
3336,0.953583,1.01951
3337,0.953583,1.01951
3338,0.954576,1.01901
3339,0.95428,1.02633
3340,0.953733,1.02779
3341,0.950503,1.02727
3342,0.952676,1.0305
3343,0.946793,1.03463
3344,0.946793,1.03463
3345,0.950931,1.02902
3346,0.954509,1.02982
3347,0.949553,1.0208
3348,0.949553,1.0208
3349,0.952917,1.01911
3350,0.945691,1.01623
3351,0.945691,1.01623
3352,0.945691,1.01623
3353,0.951169,1.01943
3354,0.951169,1.01943
3355,0.945896,1.01647
3356,0.950623,1.01092
3357,0.949233,1.00746
3358,0.960363,1.01871
3359,0.963027,1.01642
3360,0.962048,1.01541
3361,0.962023,1.02375
3362,0.967743,1.02534
3363,0.978863,1.02013
3364,0.974769,1.01548
3365,0.974769,1.01548
3366,0.975086,1.0223
3367,0.97868,1.01876
3368,0.978999,1.01824
3369,0.966215,1.01504
3370,0.966215,1.01504
3371,0.96415,1.01407
3372,0.957907,1.0165
3373,0.957907,1.0165
3374,0.957539,1.01949
3375,0.959627,1.01851
3376,0.962449,1.01575
3377,0.965217,1.02162
3378,0.962237,1.0189
3379,0.962237,1.0189
3380,0.960993,1.02176
3381,0.958831,1.02013
3382,0.958831,1.02013
3383,0.958746,1.02241
3384,0.962178,1.01778
3385,0.963104,1.01767
3386,0.961234,1.01622
3387,0.965639,1.01898
3388,0.965639,1.01898
3389,0.963446,1.02879
3390,0.963446,1.02879
3391,0.960707,1.02839
3392,0.960707,1.02839
3393,0.961107,1.03139
3394,0.961284,1.02594
3395,0.962261,1.02476
3396,0.95689,1.0267
3397,0.958015,1.02898
3398,0.957573,1.02932
3399,0.957979,1.03054
3400,0.958005,1.03047
3401,0.961173,1.0345
3402,0.968075,1.04136
3403,0.964646,1.05057
3404,0.964646,1.05057
3405,0.970099,1.0365
3406,0.970099,1.0365
3407,0.970099,1.0365
3408,0.971244,1.03589
3409,0.975059,1.04487
3410,0.97393,1.03921
3411,0.972249,1.04162
3412,0.980833,1.0454
3413,0.977581,1.0497
3414,0.976041,1.04629
3415,0.970059,1.0463
3416,0.974377,1.04436
3417,0.968751,1.04124
3418,0.968751,1.04124
3419,0.973602,1.04465
3420,0.970131,1.04721
3421,0.968318,1.0394
3422,0.97046,1.03566
3423,0.965994,1.03955
3424,0.965994,1.03955
3425,0.969679,1.03796
3426,0.972372,1.04012
3427,0.969605,1.04176
3428,0.963951,1.02833
3429,0.963951,1.02833
3430,0.970609,1.03924
3431,0.972353,1.03952
3432,0.968924,1.04027
3433,0.968352,1.03568
3434,0.965562,1.03857
3435,0.963232,1.02846
3436,0.962033,1.02636
3437,0.964932,1.03557
3438,0.96057,1.03576
3439,0.963506,1.03513
3440,0.963506,1.03513
3441,0.963506,1.03513
3442,0.960955,1.03631
3443,0.962376,1.03331
3444,0.966777,1.03187
3445,0.964093,1.03506
3446,0.959143,1.04287
3447,0.963249,1.04742
3448,0.963327,1.03854
3449,0.963327,1.03854
3450,0.957663,1.03279
3451,0.956535,1.03488
3452,0.956535,1.03488
3453,0.959641,1.03542
3454,0.959641,1.03542
3455,0.958222,1.04405
3456,0.961,1.04768
3457,0.96291,1.04626
3458,0.964587,1.0469
3459,0.961944,1.04829
3460,0.953256,1.04661
3461,0.947239,1.0413
3462,0.947239,1.0413
3463,0.947239,1.0413
3464,0.951853,1.03817
3465,0.949941,1.03979
3466,0.954864,1.04333
3467,0.95487,1.04314
3468,0.956565,1.04343
3469,0.956565,1.04343
3470,0.956565,1.04343
3471,0.953626,1.03912
3472,0.956603,1.0377
3473,0.950284,1.03041
3474,0.95223,1.04338
3475,0.950114,1.03939
3476,0.950114,1.03939
3477,0.951982,1.03496
3478,0.952034,1.03423
3479,0.952034,1.03423
3480,0.955799,1.02759
3481,0.955415,1.01928
3482,0.961637,1.01649
3483,0.958632,1.01952
3484,0.958632,1.01952
3485,0.955597,1.0168
3486,0.950494,1.02206
3487,0.953939,1.02485
3488,0.948608,1.02111
3489,0.950921,1.02316
3490,0.949741,1.02535
3491,0.945683,1.02098
3492,0.945683,1.02098
3493,0.945683,1.02098
3494,0.943198,1.01824
3495,0.940135,1.01869
3496,0.938387,1.01228
3497,0.935747,1.01679
3498,0.935747,1.01679
3499,0.932024,1.02097
3500,0.942464,1.01816
3501,0.942464,1.01816
3502,0.943916,1.01312
3503,0.935755,1.01924
3504,0.935755,1.01924
3505,0.941129,1.01387
3506,0.941129,1.01387
3507,0.945876,1.01804
3508,0.947601,1.01321
3509,0.943132,1.01192
3510,0.949834,1.01604
3511,0.949834,1.01604
3512,0.94454,1.00767
3513,0.94454,1.00767
3514,0.950419,1.01252
3515,0.950419,1.01252
3516,0.95219,1.00738
3517,0.95219,1.00738
3518,0.956994,1.01271
3519,0.956994,1.01271
3520,0.956994,1.01271
3521,0.958021,1.01338
3522,0.96246,1.01251
3523,0.964046,1.01194
3524,0.964046,1.01194
3525,0.964046,1.01194
3526,0.969857,1.0166
3527,0.964274,1.01928
3528,0.963974,1.01549
3529,0.965392,1.01372
3530,0.95879,1.01316
3531,0.95538,1.01573
3532,0.950964,1.01132
3533,0.950964,1.01132
3534,0.954554,1.01175
3535,0.954554,1.01175
3536,0.952968,1.01295
3537,0.957927,1.01091
3538,0.957927,1.01091
3539,0.957927,1.01091
3540,0.960039,1.0074
3541,0.960039,1.0074
3542,0.952762,1.01108
3543,0.952762,1.01108
3544,0.949423,1.00743
3545,0.946767,1.00724
3546,0.946767,1.00724
3547,0.946767,1.00724
3548,0.946767,1.00724
3549,0.952744,1.00406
3550,0.96464,1.01058
3551,0.964355,1.00306
3552,0.969693,1.00052
3553,0.962615,1.00177
3554,0.964708,1.00544
3555,0.959294,1.0037
3556,0.957317,1.00664
3557,0.956231,1.00987
3558,0.951457,1.00588
3559,0.950997,1.00731
3560,0.949697,1.00955
3561,0.949697,1.00955
3562,0.949697,1.00955
3563,0.950038,1.01055
3564,0.950038,1.01055
3565,0.954397,1.01242
3566,0.956917,1.00706
3567,0.959291,1.00448
3568,0.959291,1.00448
3569,0.963841,1.00277
3570,0.961696,1.00938
3571,0.963407,1.00275
3572,0.964376,1.00481
3573,0.958604,1.00416
3574,0.957932,1.00469
3575,0.957932,1.00469
3576,0.961452,1.00699
3577,0.961452,1.00699
3578,0.961452,1.00699
3579,0.969525,1.01447
3580,0.973725,1.01916
3581,0.973725,1.01916
3582,0.970517,1.02258
3583,0.961577,1.01357
3584,0.960085,1.01724
3585,0.956445,1.0091
3586,0.954506,1.01393
3587,0.954506,1.01393
3588,0.949743,1.01612
3589,0.949743,1.01612
3590,0.949743,1.01612
3591,0.955706,1.01198
3592,0.955706,1.01198
3593,0.951791,1.01455
3594,0.957157,1.01259
3595,0.957157,1.01259
3596,0.960881,1.01284
3597,0.967207,1.01728
3598,0.968773,1.01814
3599,0.966949,1.01752
3600,0.959681,1.01364
3601,0.959086,1.01622
3602,0.966738,1.01308
3603,0.96706,1.01406
3604,0.96706,1.01406
3605,0.963659,1.01903
3606,0.962118,1.02763
3607,0.958589,1.02484
3608,0.954857,1.0265
3609,0.954857,1.0265
3610,0.946808,1.03127
3611,0.948919,1.02973
3612,0.954772,1.03307
3613,0.950381,1.03127
3614,0.949225,1.02634
3615,0.949225,1.02634
3616,0.944912,1.02518
3617,0.94012,1.02662
3618,0.93976,1.02568
3619,0.948897,1.03076
3620,0.946604,1.03381
3621,0.950866,1.03165
3622,0.942933,1.03196
3623,0.950182,1.03497
3624,0.942568,1.02788
3625,0.945668,1.03185
3626,0.942103,1.02588
3627,0.945067,1.02657
3628,0.942072,1.02615
3629,0.941261,1.03358
3630,0.938146,1.028
3631,0.942866,1.0279
3632,0.940431,1.02774
3633,0.940397,1.02272
3634,0.939094,1.01632
3635,0.939094,1.01632
3636,0.938558,1.01587
3637,0.942091,1.01814
3638,0.944963,1.0151
3639,0.944828,1.01057
3640,0.94828,1.00946
3641,0.944979,1.0092
3642,0.952667,1.0038
3643,0.949102,1.00831
3644,0.937926,1.0067
3645,0.941858,1.01007
3646,0.948962,1.00876
3647,0.950412,1.0182
3648,0.950412,1.0182
3649,0.950412,1.0182
3650,0.94552,1.01958
3651,0.942472,1.02455
3652,0.942253,1.0226
3653,0.948352,1.01256
3654,0.955351,1.01562
3655,0.958856,1.01725
3656,0.959822,1.02393
3657,0.963853,1.02106
3658,0.962465,1.02641
3659,0.94645,1.02359
3660,0.94645,1.02359
3661,0.94645,1.02359
3662,0.94645,1.02359
3663,0.94645,1.02359
3664,0.94645,1.02359
3665,0.94645,1.02359
3666,0.947346,1.01508
3667,0.945944,1.01661
3668,0.94537,1.01311
3669,0.946311,1.01114
3670,0.951024,1.01124
3671,0.959812,1.01113
3672,0.964281,1.00628
3673,0.964281,1.00628
3674,0.963509,1.00596
3675,0.963509,1.00596
3676,0.962395,1.01052
3677,0.962456,1.00807
3678,0.957618,1.01119
3679,0.954711,1.0078
3680,0.96343,1.00838
3681,0.965161,1.00521
3682,0.974466,1.00612
3683,0.974541,1.00162
3684,0.974541,1.00162
3685,0.976931,1.0009
3686,0.971674,0.998346
3687,0.969054,1.0005
3688,0.967632,1.00238
3689,0.967632,1.00238
3690,0.967583,1.00011
3691,0.96615,1.00239
3692,0.971739,1.00699
3693,0.971739,1.00699
3694,0.97024,1.00745
3695,0.97024,1.00745
3696,0.971789,1.00067
3697,0.973325,1.01076
3698,0.974834,1.01106
3699,0.974834,1.01106
3700,0.974834,1.01106
3701,0.974834,1.01106
3702,0.968139,1.00633
3703,0.967371,1.00735
3704,0.967371,1.00735
3705,0.962636,1.00961
3706,0.961614,1.0156
3707,0.952599,1.01643
3708,0.955613,1.02314
3709,0.955074,1.01642
3710,0.950078,1.02853
3711,0.950306,1.02319
3712,0.950306,1.02319
3713,0.951847,1.02036
3714,0.958126,1.02799
3715,0.956566,1.02256
3716,0.956566,1.02256
3717,0.964468,1.02458
3718,0.956132,1.02225
3719,0.960751,1.01583
3720,0.960968,1.01679
3721,0.965637,1.0167
3722,0.96588,1.01535
3723,0.967809,1.01267
3724,0.967809,1.01267
3725,0.959905,1.01206
3726,0.959905,1.01206
3727,0.96183,1.01203
3728,0.954749,1.01337
3729,0.955856,1.01444
3730,0.95827,1.01662
3731,0.957444,1.02177
3732,0.96222,1.02003
3733,0.961827,1.02129
3734,0.957439,1.02277
3735,0.964515,1.01989
3736,0.956098,1.02568
3737,0.966034,1.02468
3738,0.966034,1.02468
3739,0.9643,1.02873
3740,0.9643,1.02873
3741,0.96115,1.02848
3742,0.965811,1.03123
3743,0.960243,1.02783
3744,0.96425,1.03422
3745,0.96874,1.03314
3746,0.967221,1.03784
3747,0.962939,1.035
3748,0.970522,1.03954
3749,0.970522,1.03954
3750,0.96974,1.03768
3751,0.968161,1.04228
3752,0.961947,1.03653
3753,0.961947,1.03653
3754,0.961947,1.03653
3755,0.961947,1.03653
3756,0.961947,1.03653
3757,0.963825,1.03374
3758,0.963044,1.03445
3759,0.967274,1.03518
3760,0.967274,1.03518
3761,0.967274,1.03518
3762,0.963309,1.03585
3763,0.963309,1.03585
3764,0.964487,1.03225
3765,0.964724,1.03885
3766,0.964724,1.03885
3767,0.966517,1.039
3768,0.96436,1.04542
3769,0.96436,1.04542
3770,0.964505,1.05487
3771,0.964806,1.05064
3772,0.962166,1.04044
3773,0.967197,1.03967
3774,0.967197,1.03967
3775,0.971684,1.04426
3776,0.971684,1.04426
3777,0.971684,1.04426
3778,0.971285,1.03903
3779,0.971285,1.03903
3780,0.971285,1.03903
3781,0.965098,1.03736
3782,0.964003,1.04394
3783,0.964003,1.04394
3784,0.963394,1.04291
3785,0.965769,1.03775
3786,0.967618,1.04038
3787,0.969088,1.03305
3788,0.970021,1.03137
3789,0.970622,1.03653
3790,0.971028,1.03308
3791,0.969774,1.03926
3792,0.969774,1.03926
3793,0.970974,1.04286
3794,0.963162,1.04749
3795,0.971065,1.04943
3796,0.965388,1.05206
3797,0.958612,1.04572
3798,0.964266,1.04582
3799,0.966201,1.03893
3800,0.969458,1.03138
3801,0.976492,1.03357
3802,0.967753,1.03658
3803,0.96512,1.03617
3804,0.964402,1.03323
3805,0.964402,1.03323
3806,0.962153,1.03873
3807,0.962153,1.03873
3808,0.956376,1.03797
3809,0.953408,1.03841
3810,0.953053,1.0431
3811,0.956306,1.04018
3812,0.961814,1.0393
3813,0.961814,1.0393
3814,0.961814,1.0393
3815,0.958347,1.02515
3816,0.95916,1.02175
3817,0.950316,1.01517
3818,0.946216,1.0226
3819,0.950272,1.02349
3820,0.953683,1.02049
3821,0.95451,1.02216
3822,0.95451,1.02216
3823,0.947253,1.01751
3824,0.95335,1.01953
3825,0.95335,1.01953
3826,0.95335,1.01953
3827,0.95335,1.01953
3828,0.95335,1.01953
3829,0.95335,1.01953
3830,0.950612,1.01923
3831,0.952619,1.01969
3832,0.958099,1.02073
3833,0.959636,1.01552
3834,0.960307,1.01434
3835,0.961644,1.02169
3836,0.957575,1.01336
3837,0.961144,1.01736
3838,0.95938,1.01675
3839,0.961373,1.01727
3840,0.958251,1.0177
3841,0.957644,1.01816
3842,0.965216,1.02041
3843,0.965216,1.02041
3844,0.965216,1.02041
3845,0.961934,1.02012
3846,0.968211,1.01892
3847,0.968211,1.01892
3848,0.968278,1.01224
3849,0.97035,1.01429
3850,0.969476,1.01374
3851,0.970002,1.01317
3852,0.9577,1.02051
3853,0.958319,1.01397
3854,0.958319,1.01397
3855,0.955999,1.01232
3856,0.958914,1.01196
3857,0.958914,1.01196
3858,0.958914,1.01196
3859,0.953443,1.0049
3860,0.949673,1.0115
3861,0.949573,1.01866
3862,0.953812,1.00818
3863,0.953161,1.00596
3864,0.948843,1.0026
3865,0.945517,0.999788
3866,0.941287,0.993873
3867,0.942847,0.997287
3868,0.942847,0.997287
3869,0.948753,0.998869
3870,0.952602,0.993762
3871,0.958591,1.00397
3872,0.955726,1.0036
3873,0.953808,1.00887
3874,0.953808,1.00887
3875,0.954065,1.01667
3876,0.956793,1.02001
3877,0.956793,1.02001
3878,0.953216,1.02109
3879,0.951897,1.01591
3880,0.951897,1.01591
3881,0.951897,1.01591
3882,0.949012,1.01409
3883,0.947467,1.01139
3884,0.94216,1.00564
3885,0.93641,1.00626
3886,0.936315,1.01068
3887,0.936315,1.01068
3888,0.939369,1.01105
3889,0.936496,1.0045
3890,0.931063,1.00212
3891,0.934603,0.999787
3892,0.934603,0.999787
3893,0.934603,0.999787
3894,0.934603,0.999787
3895,0.933035,1.00023
3896,0.935845,0.994131
3897,0.940104,0.995729
3898,0.938761,0.995778
3899,0.941043,0.992658
3900,0.943013,0.989244
3901,0.943013,0.989244
3902,0.938222,0.990382
3903,0.932608,0.990665
3904,0.932608,0.990665
3905,0.936363,0.997324
3906,0.936363,0.997324
3907,0.936029,0.998749
3908,0.936029,0.998749
3909,0.935931,0.997429
3910,0.935329,0.997025
3911,0.930947,0.998821
3912,0.931686,1.00182
3913,0.940316,0.99524
3914,0.939492,0.992602
3915,0.943275,0.997677
3916,0.943266,0.997003
3917,0.937503,0.998387
3918,0.93575,1.00477
3919,0.940518,1.00882
3920,0.940518,1.00882
3921,0.940518,1.00882
3922,0.940518,1.00882
3923,0.939474,1.00887
3924,0.936967,1.00311
3925,0.938903,1.0011
3926,0.938903,1.0011
3927,0.938425,1.00124
3928,0.940217,1.00429
3929,0.940546,1.00325
3930,0.940546,1.00325
3931,0.947393,1.01134
3932,0.947393,1.01134
3933,0.944738,1.012
3934,0.938366,1.01457
3935,0.938366,1.01457
3936,0.938366,1.01457
3937,0.940377,1.01632
3938,0.942007,1.01562
3939,0.940383,1.01008
3940,0.937267,1.00823
3941,0.938078,1.00846
3942,0.934607,1.00031
3943,0.937401,0.999126
3944,0.939959,0.995795
3945,0.943773,1.00746
3946,0.943773,1.00746
3947,0.943051,1.00979
3948,0.943051,1.00979
3949,0.946418,1.00828
3950,0.954586,1.00739
3951,0.957171,1.00382
3952,0.955985,1.01133
3953,0.953494,1.0118
3954,0.947397,1.01141
3955,0.947397,1.01141
3956,0.950252,1.00312
3957,0.950252,1.00312
3958,0.949818,0.999062
3959,0.949818,0.999062
3960,0.949818,0.999062
3961,0.950603,1.0012
3962,0.953029,0.999899
3963,0.947528,0.998048
3964,0.947774,1.00115
3965,0.952851,0.999269
3966,0.957958,1.00661
3967,0.957958,1.00661
3968,0.959399,1.00302
3969,0.955343,1.00438
3970,0.955343,1.00438
3971,0.955343,1.00438
3972,0.955343,1.00438
3973,0.952956,1.00956
3974,0.947894,1.02046
3975,0.955471,1.01126
3976,0.950082,1.01074
3977,0.953565,1.00544
3978,0.956227,1.00614
3979,0.956437,1.01081
3980,0.952955,1.0178
3981,0.952955,1.0178
3982,0.953971,1.01193
3983,0.953971,1.01193
3984,0.953971,1.01193
3985,0.953971,1.01193
3986,0.953877,1.01456
3987,0.947128,1.01628
3988,0.948651,1.01883
3989,0.948751,1.02122
3990,0.948751,1.02122
3991,0.945238,1.01686
3992,0.942887,1.01641
3993,0.940735,1.02391
3994,0.938078,1.0251
3995,0.938078,1.0251
3996,0.947858,1.02111
3997,0.95056,1.02102
3998,0.955127,1.01966
3999,0.956187,1.02633
4000,0.953324,1.02535
4001,0.949807,1.02946
4002,0.945871,1.03159
4003,0.950887,1.0325
4004,0.95061,1.03236
4005,0.95061,1.03236
4006,0.95061,1.03236
4007,0.953497,1.03057
4008,0.949591,1.03141
4009,0.949591,1.03141
4010,0.955136,1.02973
4011,0.945427,1.02551
4012,0.952226,1.02213
4013,0.952226,1.02213
4014,0.952226,1.02213
4015,0.953827,1.02284
4016,0.955512,1.02048
4017,0.947275,1.01384
4018,0.947275,1.01384
4019,0.947275,1.01384
4020,0.956283,1.02066
4021,0.956283,1.02066
4022,0.94838,1.01346
4023,0.95069,1.0161
4024,0.955924,1.02698
4025,0.955924,1.02698
4026,0.95703,1.02334
4027,0.961948,1.01935
4028,0.965134,1.02377
4029,0.965134,1.02377
4030,0.965637,1.02625
4031,0.973769,1.02017
4032,0.973834,1.02023
4033,0.971024,1.02933
4034,0.971333,1.03113
4035,0.971333,1.03113
4036,0.967815,1.03739
4037,0.965002,1.03357
4038,0.965002,1.03357
4039,0.960945,1.0325
4040,0.960538,1.03566
4041,0.952589,1.02382
4042,0.952402,1.02052
4043,0.952402,1.02052
4044,0.944712,1.02746
4045,0.944712,1.02746
4046,0.944712,1.02746
4047,0.944712,1.02746
4048,0.947119,1.03167
4049,0.940669,1.02436
4050,0.942172,1.01897
4051,0.940987,1.01336
4052,0.937005,1.01247
4053,0.936689,1.02161
4054,0.938847,1.01942
4055,0.939039,1.01978
4056,0.947908,1.02167
4057,0.941465,1.02084
4058,0.941465,1.02084
4059,0.941465,1.02084
4060,0.943491,1.0149
4061,0.941905,1.01194
4062,0.948032,1.01133
4063,0.94858,1.01261
4064,0.94858,1.01261
4065,0.940462,1.01373
4066,0.947919,1.01326
4067,0.954665,1.01989
4068,0.956993,1.01561
4069,0.955476,1.01334
4070,0.955476,1.01334
4071,0.95309,1.01126
4072,0.951609,1.01327
4073,0.950286,1.01594
4074,0.950286,1.01594
4075,0.951139,1.00888
4076,0.94736,1.0079
4077,0.950005,1.01854
4078,0.946851,1.01799
4079,0.946851,1.01799
4080,0.946851,1.01799
4081,0.948947,1.01377
4082,0.946846,1.01422
4083,0.95261,1.015
4084,0.955369,1.0151
4085,0.946043,1.01685
4086,0.944197,1.01107
4087,0.939006,1.00755
4088,0.939006,1.00755
4089,0.945472,1.00459
4090,0.945472,1.00459
4091,0.951888,1.00382
4092,0.951888,1.00382
4093,0.955374,1.01215
4094,0.955374,1.01215
4095,0.951263,1.01369
4096,0.952209,1.00405
4097,0.952545,1.00392
4098,0.952545,1.00392
4099,0.952545,1.00392
4100,0.952545,1.00392
4101,0.94688,1.00483
4102,0.94688,1.00483
4103,0.94688,1.00483
4104,0.951851,1.00345
4105,0.951851,1.00345
4106,0.951687,1.01193
4107,0.952479,1.01128
4108,0.946292,1.01172
4109,0.946292,1.01172
4110,0.952774,1.01281
4111,0.950653,1.01323
4112,0.948791,1.00873
4113,0.950375,1.01147
4114,0.936903,1.00624
4115,0.935288,1.00618
4116,0.935288,1.00618
4117,0.936679,1.00429
4118,0.936679,1.00429
4119,0.936679,1.00429
4120,0.942818,1.01162
4121,0.942818,1.01162
4122,0.940395,1.00867
4123,0.940395,1.00867
4124,0.944194,1.00492
4125,0.940016,1.00783
4126,0.940016,1.00783
4127,0.947262,1.00936
4128,0.947262,1.00936
4129,0.94676,1.00787
4130,0.945293,1.01731
4131,0.947626,1.01211
4132,0.942687,1.01609
4133,0.946858,1.01811
4134,0.943994,1.01816
4135,0.94611,1.02189
4136,0.947834,1.02388
4137,0.945438,1.02465
4138,0.952694,1.02617
4139,0.952694,1.02617
4140,0.949597,1.03328
4141,0.952639,1.0312
4142,0.950682,1.03381
4143,0.950621,1.03555
4144,0.942394,1.03871
4145,0.942394,1.03871
4146,0.941301,1.04886
4147,0.939412,1.04063
4148,0.94533,1.04336
4149,0.936847,1.03893
4150,0.936673,1.04201
4151,0.933169,1.03856
4152,0.933169,1.03856
4153,0.940974,1.03969
4154,0.94113,1.03282
4155,0.946695,1.04163
4156,0.940742,1.04228
4157,0.940742,1.04228
4158,0.944562,1.04219
4159,0.938232,1.04647
4160,0.934268,1.04416
4161,0.940204,1.04963
4162,0.940658,1.04023
4163,0.930514,1.03223
4164,0.930514,1.03223
4165,0.92897,1.03345
4166,0.928782,1.02684
4167,0.932062,1.02577
4168,0.928978,1.02837
4169,0.928978,1.02837
4170,0.928978,1.02837
4171,0.939305,1.02882
4172,0.939305,1.02882
4173,0.935982,1.03611
4174,0.933057,1.03179
4175,0.935174,1.03384
4176,0.93685,1.03212
4177,0.93685,1.03212
4178,0.93685,1.03212
4179,0.935731,1.0257
4180,0.935731,1.0257
4181,0.935731,1.0257
4182,0.935731,1.0257
4183,0.945763,1.02205
4184,0.949602,1.02306
4185,0.94736,1.02715
4186,0.947048,1.02139
4187,0.947048,1.02139
4188,0.950697,1.02313
4189,0.952597,1.02846
4190,0.949205,1.02719
4191,0.944381,1.02895
4192,0.944381,1.02895
4193,0.944381,1.02895
4194,0.938409,1.02945
4195,0.943617,1.02907
4196,0.943617,1.02907
4197,0.944409,1.02495
4198,0.945923,1.01824
4199,0.945923,1.01824
4200,0.952067,1.02248
4201,0.952067,1.02248
4202,0.95192,1.02801
4203,0.953575,1.03349
4204,0.945101,1.01944
4205,0.950403,1.01865
4206,0.950403,1.01865
4207,0.950403,1.01865
4208,0.94949,1.01642
4209,0.948408,1.01145
4210,0.949251,1.0181
4211,0.950091,1.01978
4212,0.950091,1.01978
4213,0.951193,1.02308
4214,0.949042,1.01977
4215,0.949042,1.01977
4216,0.952842,1.01865
4217,0.952842,1.01865
4218,0.949305,1.01846
4219,0.949305,1.01846
4220,0.949305,1.01846
4221,0.948687,1.01937
4222,0.947566,1.01529
4223,0.947566,1.01529
4224,0.955124,1.0162
4225,0.959969,1.01312
4226,0.953436,1.01204
4227,0.952379,1.01723
4228,0.948554,1.02179
4229,0.943356,1.01798
4230,0.94478,1.01325
4231,0.948136,1.02202
4232,0.957196,1.01496
4233,0.959712,1.01518
4234,0.964108,1.01896
4235,0.969112,1.00802
4236,0.972703,1.00819
4237,0.974746,1.00771
4238,0.974739,1.01473
4239,0.97278,1.01293
4240,0.965683,1.0221
4241,0.965683,1.0221
4242,0.973909,1.02149
4243,0.973909,1.02149
4244,0.975462,1.02649
4245,0.97844,1.02826
4246,0.981809,1.02261
4247,0.972097,1.02274
4248,0.972097,1.02274
4249,0.966706,1.02274
4250,0.962245,1.01922
4251,0.962245,1.01922
4252,0.959766,1.02561
4253,0.957422,1.02823
4254,0.960188,1.02947
4255,0.960188,1.02947
4256,0.961182,1.03277
4257,0.96404,1.02625
4258,0.962345,1.02683
4259,0.962345,1.02683
4260,0.961991,1.01752
4261,0.959682,1.02128
4262,0.960207,1.02534
4263,0.951847,1.02825
4264,0.951847,1.02825
4265,0.956665,1.02932
4266,0.954061,1.0273
4267,0.948845,1.0231
4268,0.948845,1.0231
4269,0.948845,1.0231
4270,0.946023,1.02531
4271,0.948456,1.02084
4272,0.948456,1.02084
4273,0.950043,1.0234
4274,0.950043,1.0234
4275,0.950043,1.0234
4276,0.949784,1.03324
4277,0.947285,1.03098
4278,0.947285,1.03098
4279,0.947285,1.03098
4280,0.948327,1.03678
4281,0.946387,1.04553
4282,0.952357,1.04043
4283,0.952357,1.04043
4284,0.952357,1.04043
4285,0.966239,1.04033
4286,0.956772,1.03458
4287,0.956893,1.03633
4288,0.96024,1.03727
4289,0.961527,1.03911
4290,0.961476,1.04974
4291,0.964836,1.04391
4292,0.964836,1.04391
4293,0.96151,1.04556
4294,0.95812,1.04136
4295,0.95812,1.04136
4296,0.95533,1.04085
4297,0.959178,1.03668
4298,0.9545,1.03112
4299,0.960806,1.02525
4300,0.954191,1.0194
4301,0.954191,1.0194
4302,0.950497,1.01582
4303,0.948458,1.01325
4304,0.948458,1.01325
4305,0.940547,1.01584
4306,0.940547,1.01584
4307,0.940547,1.01584
4308,0.940547,1.01584
4309,0.940547,1.01584
4310,0.940547,1.01584
4311,0.927208,1.0169
4312,0.930085,1.01939
4313,0.937554,1.01909
4314,0.943224,1.02348
4315,0.949083,1.02471
4316,0.947809,1.01809
4317,0.947809,1.01809
4318,0.948883,1.01949
4319,0.948882,1.01737
4320,0.939707,1.01734
4321,0.939707,1.01734
4322,0.944282,1.01563
4323,0.943766,1.01953
4324,0.943766,1.01953
4325,0.944437,1.01779
4326,0.938525,1.02686
4327,0.942086,1.0239
4328,0.9455,1.02868
4329,0.947379,1.02861
4330,0.949171,1.03366
4331,0.949171,1.03366
4332,0.947377,1.02904
4333,0.942546,1.02702
4334,0.944183,1.02159
4335,0.944183,1.02159
4336,0.945696,1.0192
4337,0.947929,1.01758
4338,0.947929,1.01758
4339,0.947929,1.01758
4340,0.948159,1.02239
4341,0.948159,1.02239
4342,0.949318,1.02498
4343,0.961562,1.03004
4344,0.961562,1.03004
4345,0.963636,1.01893
4346,0.957626,1.01927
4347,0.959627,1.01654
4348,0.959627,1.01654
4349,0.954065,1.02671
4350,0.957718,1.03233
4351,0.957718,1.03233
4352,0.964379,1.03041
4353,0.958413,1.02509
4354,0.963623,1.02969
4355,0.963623,1.02969
4356,0.963623,1.02969
4357,0.964476,1.03164
4358,0.959178,1.02942
4359,0.959159,1.02573
4360,0.959159,1.02573
4361,0.957916,1.02637
4362,0.957916,1.02637
4363,0.966205,1.02598
4364,0.966869,1.02786
4365,0.963415,1.02642
4366,0.963415,1.02642
4367,0.960263,1.02458
4368,0.966283,1.02382
4369,0.967111,1.02222
4370,0.967111,1.02222
4371,0.967111,1.02222
4372,0.967111,1.02222
4373,0.956957,1.01792
4374,0.956911,1.01941
4375,0.958154,1.02056
4376,0.958154,1.02056
4377,0.958154,1.02056
4378,0.962532,1.01404
4379,0.96008,1.01831
4380,0.96008,1.01831
4381,0.951836,1.02857
4382,0.955907,1.02843
4383,0.952668,1.03052
4384,0.952668,1.03052
4385,0.956026,1.03337
4386,0.95426,1.02524
4387,0.95426,1.02524
4388,0.957366,1.01913
4389,0.957541,1.02385
4390,0.949,1.02731
4391,0.949,1.02731
4392,0.940766,1.02724
4393,0.940766,1.02724
4394,0.938993,1.02568
4395,0.938993,1.02568
4396,0.938993,1.02568
4397,0.938929,1.02558
4398,0.938929,1.02558
4399,0.938929,1.02558
4400,0.942733,1.03564
4401,0.942733,1.03564
4402,0.945822,1.03162
4403,0.946002,1.03541
4404,0.946002,1.03541
4405,0.946002,1.03541
4406,0.946002,1.03541
4407,0.946655,1.03803
4408,0.952776,1.03827
4409,0.95483,1.03571
4410,0.954345,1.03922
4411,0.959852,1.03735
4412,0.961341,1.03604
4413,0.953928,1.03755
4414,0.960124,1.03799
4415,0.957373,1.03454
4416,0.957283,1.03856
4417,0.953498,1.03819
4418,0.953498,1.03819
4419,0.946288,1.04075
4420,0.947056,1.03784
4421,0.950055,1.03452
4422,0.950692,1.02831
4423,0.950692,1.02831
4424,0.952625,1.03043
4425,0.95412,1.03669
4426,0.954149,1.03533
4427,0.954536,1.04387
4428,0.954536,1.04387
4429,0.960184,1.03985
4430,0.955203,1.04317
4431,0.95543,1.04226
4432,0.946507,1.03748
4433,0.947187,1.04184
4434,0.947187,1.04184
4435,0.947187,1.04184
4436,0.95255,1.04658
4437,0.95255,1.04658
4438,0.956657,1.03567
4439,0.956657,1.03567
4440,0.958117,1.03817
4441,0.947056,1.03676
4442,0.945149,1.02684
4443,0.945149,1.02684
4444,0.940876,1.0328
4445,0.940876,1.0328
4446,0.944336,1.03662
4447,0.940462,1.03376
4448,0.940462,1.03376
4449,0.940462,1.03376
4450,0.940462,1.03376
4451,0.936703,1.03375
4452,0.948922,1.03506
4453,0.946997,1.03265
4454,0.952146,1.0332
4455,0.957382,1.02809
4456,0.953578,1.02876
4457,0.953578,1.02876
4458,0.955913,1.02678
4459,0.957117,1.02975
4460,0.954109,1.03114
4461,0.957747,1.038
4462,0.961579,1.03237
4463,0.961579,1.03237
4464,0.961579,1.03237
4465,0.964978,1.02943
4466,0.961729,1.03854
4467,0.955022,1.03507
4468,0.955022,1.03507
4469,0.952369,1.03387
4470,0.945185,1.03058
4471,0.948436,1.03089
4472,0.948436,1.03089
4473,0.952052,1.02867
4474,0.956481,1.03191
4475,0.960809,1.03159
4476,0.962561,1.02597
4477,0.962561,1.02597
4478,0.970148,1.02688
4479,0.970351,1.02334
4480,0.966473,1.02447
4481,0.967545,1.02434
4482,0.965385,1.01188
4483,0.963031,1.01686
4484,0.963031,1.01686
4485,0.968006,1.02115
4486,0.961552,1.02694
4487,0.95796,1.02581
4488,0.95796,1.02581
4489,0.955062,1.02142
4490,0.955062,1.02142
4491,0.954642,1.0249
4492,0.954642,1.0249
4493,0.957265,1.02216
4494,0.96287,1.02859
4495,0.965145,1.0308
4496,0.965145,1.0308
4497,0.9718,1.02296
4498,0.960747,1.02227
4499,0.961963,1.02701
4500,0.961963,1.02701
4501,0.959326,1.02698
4502,0.955308,1.01691
4503,0.952607,1.01698
4504,0.952746,1.00776
4505,0.952746,1.00776
4506,0.950647,1.00664
4507,0.950647,1.00664
4508,0.949136,1.01394
4509,0.956881,1.01929
4510,0.961749,1.02795
4511,0.964042,1.01948
4512,0.964042,1.01948
4513,0.964042,1.01948
4514,0.959654,1.0255
4515,0.948161,1.02326
4516,0.952939,1.02164
4517,0.952939,1.02164
4518,0.956856,1.02237
4519,0.967202,1.02928
4520,0.967202,1.02928
4521,0.960065,1.0314
4522,0.95873,1.03273
4523,0.95947,1.03702
4524,0.95947,1.03702
4525,0.95947,1.03702
4526,0.959247,1.0378
4527,0.959247,1.0378
4528,0.959247,1.0378
4529,0.950069,1.03431
4530,0.950069,1.03431
4531,0.954738,1.03862
4532,0.954613,1.03527
4533,0.964466,1.03671
4534,0.967926,1.03953
4535,0.967926,1.03953
4536,0.967926,1.03953
4537,0.969297,1.03663
4538,0.969297,1.03663
4539,0.969297,1.03663
4540,0.969297,1.03663
4541,0.965873,1.03952
4542,0.961323,1.03667
4543,0.969658,1.03842
4544,0.968224,1.03107
4545,0.96431,1.03038
4546,0.970572,1.02722
4547,0.970572,1.02722
4548,0.970572,1.02722
4549,0.971306,1.02569
4550,0.968997,1.02272
4551,0.97433,1.02937
4552,0.964247,1.02818
4553,0.964247,1.02818
4554,0.962886,1.03185
4555,0.962003,1.03286
4556,0.956367,1.03058
4557,0.956367,1.03058
4558,0.94966,1.03267
4559,0.946801,1.03597
4560,0.957447,1.03088
4561,0.947959,1.03758
4562,0.946913,1.03354
4563,0.946646,1.0329
4564,0.946646,1.0329
4565,0.946646,1.0329
4566,0.946646,1.0329
4567,0.946646,1.0329
4568,0.949182,1.0308
4569,0.95558,1.03047
4570,0.958492,1.02514
4571,0.957162,1.02915
4572,0.956492,1.03001
4573,0.951463,1.02759
4574,0.951452,1.02864
4575,0.951452,1.02864
4576,0.955099,1.0344
4577,0.953288,1.04127
4578,0.953288,1.04127
4579,0.954556,1.03907
4580,0.953161,1.04512
4581,0.952624,1.0432
4582,0.952624,1.0432
4583,0.952624,1.0432
4584,0.952624,1.0432
4585,0.952875,1.03589
4586,0.952117,1.03852
4587,0.945372,1.03264
4588,0.950878,1.03263
4589,0.953599,1.02638
4590,0.953599,1.02638
4591,0.953599,1.02638
4592,0.955788,1.02337
4593,0.950442,1.02071
4594,0.955071,1.01923
4595,0.954695,1.01427
4596,0.953876,1.01102
4597,0.957687,1.01633
4598,0.954453,1.01451
4599,0.957888,1.0167
4600,0.961412,1.0132
4601,0.961412,1.0132
4602,0.961412,1.0132
4603,0.961412,1.0132
4604,0.958196,1.01933
4605,0.9564,1.0206
4606,0.94961,1.021
4607,0.94961,1.021
4608,0.94961,1.021
4609,0.960146,1.02082
4610,0.951778,1.01799
4611,0.950265,1.01442
4612,0.947863,1.00916
4613,0.947863,1.00916
4614,0.947981,1.00953
4615,0.947981,1.00953
4616,0.950137,1.01132
4617,0.947858,1.02149
4618,0.946094,1.01551
4619,0.946094,1.01551
4620,0.947736,1.02379
4621,0.946967,1.01556
4622,0.94566,1.01389
4623,0.94566,1.01389
4624,0.949913,1.00769
4625,0.953287,1.01426
4626,0.953134,1.01533
4627,0.951814,1.01067
4628,0.957389,1.01622
4629,0.956341,1.01888
4630,0.953944,1.01616
4631,0.953944,1.01616
4632,0.95568,1.01174
4633,0.951687,1.00937
4634,0.951687,1.00937
4635,0.951687,1.00937
4636,0.951577,1.00999
4637,0.955043,1.00738
4638,0.955043,1.00738
4639,0.950282,1.00948
4640,0.950302,1.01554
4641,0.954681,1.01336
4642,0.959582,1.01515
4643,0.957525,1.02089
4644,0.961554,1.01917
4645,0.962324,1.01562
4646,0.958625,1.01951
4647,0.961288,1.02214
4648,0.961288,1.02214
4649,0.960836,1.02608
4650,0.960836,1.02608
4651,0.961273,1.02741
4652,0.961273,1.02741
4653,0.95924,1.0312
4654,0.963531,1.03729
4655,0.963531,1.03729
4656,0.963531,1.03729
4657,0.961524,1.02994
4658,0.956594,1.03695
4659,0.953203,1.02613
4660,0.953203,1.02613
4661,0.953203,1.02613
4662,0.949617,1.02758
4663,0.945938,1.02912
4664,0.945938,1.02912
4665,0.945938,1.02912
4666,0.939736,1.02391
4667,0.936596,1.01682
4668,0.941394,1.02023
4669,0.938472,1.01922
4670,0.942897,1.0253
4671,0.945965,1.01726
4672,0.947941,1.01829
4673,0.950523,1.01654
4674,0.943981,1.0191
4675,0.94647,1.01512
4676,0.939957,1.0207
4677,0.941115,1.02093
4678,0.941115,1.02093
4679,0.941115,1.02093
4680,0.938513,1.01733
4681,0.941255,1.01249
4682,0.947723,1.02112
4683,0.947723,1.02112
4684,0.952573,1.01987
4685,0.954062,1.02073
4686,0.950945,1.02695
4687,0.950758,1.02537
4688,0.946706,1.02267
4689,0.941286,1.01642
4690,0.941374,1.01632
4691,0.941374,1.01632
4692,0.941374,1.01632
4693,0.944226,1.01627
4694,0.937483,1.01619
4695,0.937483,1.01619
4696,0.940931,1.0225
4697,0.941632,1.0257
4698,0.944625,1.03264
4699,0.944625,1.03264
4700,0.951872,1.0287
4701,0.950801,1.02825
4702,0.950611,1.02793
4703,0.952991,1.03145
4704,0.948747,1.03141
4705,0.948747,1.03141
4706,0.948747,1.03141
4707,0.948747,1.03141
4708,0.948747,1.03141
4709,0.949259,1.03552
4710,0.953205,1.03704
4711,0.953205,1.03704
4712,0.953205,1.03704
4713,0.955752,1.04274
4714,0.960605,1.0352
4715,0.96484,1.03568
4716,0.962907,1.04065
4717,0.960743,1.03749
4718,0.960743,1.03749
4719,0.964725,1.04811
4720,0.962854,1.0498
4721,0.962854,1.0498
4722,0.962854,1.0498
4723,0.960886,1.03491
4724,0.960886,1.03491
4725,0.958252,1.03029
4726,0.958252,1.03029
4727,0.961348,1.03357
4728,0.95703,1.03079
4729,0.959976,1.0248
4730,0.959976,1.0248
4731,0.956075,1.0156
4732,0.958582,1.01243
4733,0.961801,1.01286
4734,0.961515,1.01057
4735,0.961515,1.01057
4736,0.958548,1.00634
4737,0.959781,1.00774
4738,0.955171,1.00038
4739,0.953608,1.00104
4740,0.950792,0.994979
4741,0.953418,1.00187
4742,0.945384,1.00176
4743,0.945384,1.00176
4744,0.94555,1.00535
4745,0.949678,1.00849
4746,0.959141,1.00797
4747,0.959141,1.00797
4748,0.952931,1.00748
4749,0.948342,1.01365
4750,0.94674,1.01033
4751,0.948741,1.00618
4752,0.948143,1.00297
4753,0.948143,1.00297
4754,0.944104,1.00623
4755,0.944104,1.00623
4756,0.944104,1.00623
4757,0.944104,1.00623
4758,0.949393,1.00324
4759,0.949393,1.00324
4760,0.948578,1.00123
4761,0.948578,1.00123
4762,0.954419,1.01043
4763,0.954419,1.01043
4764,0.956171,1.00948
4765,0.956171,1.00948
4766,0.962443,1.01678
4767,0.960471,1.02043
4768,0.965446,1.01523
4769,0.970733,1.01497
4770,0.969084,1.01443
4771,0.974933,1.01127
4772,0.968291,1.00888
4773,0.975346,1.01224
4774,0.980561,1.01465
4775,0.98071,1.02399
4776,0.984146,1.02587
4777,0.984068,1.0227
4778,0.976788,1.02162
4779,0.976788,1.02162
4780,0.976788,1.02162
4781,0.985386,1.02158
4782,0.986751,1.02049
4783,0.978708,1.01584
4784,0.978372,1.02577
4785,0.978372,1.02577
4786,0.981141,1.02452
4787,0.97822,1.02545
4788,0.97822,1.02545
4789,0.97822,1.02545
4790,0.97822,1.02545
4791,0.980231,1.02628
4792,0.980881,1.02588
4793,0.976473,1.0327
4794,0.979279,1.03697
4795,0.974608,1.03709
4796,0.973224,1.04308
4797,0.974167,1.04345
4798,0.974069,1.04516
4799,0.974069,1.04516
4800,0.974069,1.04516
4801,0.975575,1.05516
4802,0.977185,1.05904
4803,0.975578,1.05426
4804,0.976156,1.0454
4805,0.974019,1.05527
4806,0.972915,1.05761
4807,0.972915,1.05761
4808,0.968332,1.06284
4809,0.963825,1.05747
4810,0.958205,1.05423
4811,0.958646,1.04869
4812,0.962242,1.04505
4813,0.962242,1.04505
4814,0.962242,1.04505
4815,0.959755,1.0429
4816,0.96203,1.03851
4817,0.96181,1.04367
4818,0.961314,1.04467
4819,0.965884,1.03631
4820,0.965884,1.03631
4821,0.972032,1.03636
4822,0.972032,1.03636
4823,0.96909,1.04096
4824,0.972286,1.04058
4825,0.972094,1.04318
4826,0.972094,1.04318
4827,0.969847,1.03827
4828,0.969847,1.03827
4829,0.969847,1.03827
4830,0.969554,1.0405
4831,0.970081,1.04548
4832,0.9698,1.03887
4833,0.9698,1.03887
4834,0.975243,1.03882
4835,0.972048,1.03921
4836,0.965506,1.03432
4837,0.965506,1.03432
4838,0.964802,1.03591
4839,0.968033,1.04075
4840,0.963797,1.04151
4841,0.966499,1.04106
4842,0.968979,1.03803
4843,0.968979,1.03803
4844,0.967796,1.04065
4845,0.967796,1.04065
4846,0.960809,1.04447
4847,0.960809,1.04447
4848,0.964193,1.04568
4849,0.970066,1.04752
4850,0.970066,1.04752
4851,0.964562,1.05211
4852,0.964562,1.05211
4853,0.965798,1.05496
4854,0.968143,1.05812
4855,0.968305,1.05888
4856,0.970221,1.05362
4857,0.977753,1.05374
4858,0.970074,1.0507
4859,0.970074,1.0507
4860,0.970226,1.04485
4861,0.972877,1.04424
4862,0.972957,1.04594
4863,0.973814,1.03611
4864,0.974069,1.03761
4865,0.974211,1.04126
4866,0.975253,1.03788
4867,0.976906,1.04999
4868,0.976942,1.04335
4869,0.972099,1.04541
4870,0.970605,1.04616
4871,0.970605,1.04616
4872,0.967912,1.04574
4873,0.967727,1.04366
4874,0.972832,1.0481
4875,0.972832,1.0481
4876,0.967723,1.04789
4877,0.961743,1.04979
4878,0.963839,1.0456
4879,0.963839,1.0456
4880,0.960625,1.04634
4881,0.961467,1.04769
4882,0.963378,1.04837
4883,0.962159,1.05352
4884,0.959878,1.05236
4885,0.959878,1.05236
4886,0.954577,1.05439
4887,0.95202,1.04854
4888,0.949252,1.03769
4889,0.949252,1.03769
4890,0.948526,1.0398
4891,0.945474,1.04504
4892,0.945474,1.04504
4893,0.945474,1.04504
4894,0.951358,1.0468
4895,0.950089,1.04188
4896,0.95212,1.0406
4897,0.95212,1.0406
4898,0.949424,1.03861
4899,0.949424,1.03861
4900,0.960701,1.03287
4901,0.958588,1.03166
4902,0.95627,1.03838
4903,0.95627,1.03838
4904,0.958029,1.03548
4905,0.960885,1.03898
4906,0.967909,1.04313
4907,0.965548,1.04036
4908,0.965548,1.04036
4909,0.963115,1.0364
4910,0.959631,1.03102
4911,0.966319,1.02887
4912,0.967741,1.04024
4913,0.967741,1.04024
4914,0.969885,1.03704
4915,0.97658,1.04048
4916,0.974083,1.04296
4917,0.968189,1.04636
4918,0.969038,1.04554
4919,0.969038,1.04554
4920,0.969178,1.04322
4921,0.969178,1.04322
4922,0.969178,1.04322
4923,0.969178,1.04322
4924,0.969178,1.04322
4925,0.969178,1.04322
4926,0.969178,1.04322
4927,0.969178,1.04322
4928,0.969178,1.04322
4929,0.965356,1.04473
4930,0.965356,1.04473
4931,0.964065,1.03547
4932,0.957555,1.04039
4933,0.957992,1.0364
4934,0.950141,1.03925
4935,0.947337,1.0281
4936,0.947337,1.0281
4937,0.949899,1.03223
4938,0.948227,1.03266
4939,0.945118,1.03047
4940,0.948054,1.03758
4941,0.946639,1.0411
4942,0.946639,1.0411
4943,0.952842,1.04624
4944,0.95398,1.04594
4945,0.952747,1.04684
4946,0.95636,1.04081
4947,0.95636,1.04081
4948,0.955185,1.03949
4949,0.953818,1.03343
4950,0.953818,1.03343
4951,0.955387,1.03816
4952,0.955387,1.03816
4953,0.957249,1.03521
4954,0.959281,1.037
4955,0.959281,1.037
4956,0.959281,1.037
4957,0.96042,1.03969
4958,0.959398,1.03614
4959,0.954667,1.03919
4960,0.956301,1.03874
4961,0.948282,1.0348
4962,0.947149,1.02239
4963,0.94889,1.02277
4964,0.94889,1.02277
4965,0.948948,1.01884
4966,0.949737,1.02088
4967,0.942157,1.01873
4968,0.943527,1.0248
4969,0.953046,1.02456
4970,0.953046,1.02456
4971,0.953046,1.02456
4972,0.94465,1.02439
4973,0.94465,1.02439
4974,0.948821,1.02293
4975,0.943432,1.0225
4976,0.950702,1.02085
4977,0.950702,1.02085
4978,0.950702,1.02085
4979,0.950694,1.02591
4980,0.947428,1.0275
4981,0.952459,1.02278
4982,0.949202,1.02649
4983,0.948647,1.02338
4984,0.948647,1.02338
4985,0.948144,1.02376
4986,0.944827,1.01473
4987,0.942388,1.01209
4988,0.942388,1.01209
4989,0.942388,1.01209
4990,0.947672,1.0195
4991,0.944919,1.01223
4992,0.944308,1.01544
4993,0.942259,1.01917
4994,0.942297,1.01878
4995,0.946449,1.01336
4996,0.944558,1.01039
4997,0.951405,1.02821
4998,0.951647,1.0226
4999,0.948394,1.03138
5000,0.953129,1.04253
5001,0.952444,1.03158
5002,0.950119,1.02692
5003,0.9526,1.03133
5004,0.9526,1.03133
5005,0.9574,1.02776
5006,0.9574,1.02776
5007,0.951856,1.0194
5008,0.954339,1.01566
5009,0.954339,1.01566
5010,0.946062,1.01321
5011,0.947001,1.01405
5012,0.949647,1.01058
5013,0.950602,1.01997
5014,0.951618,1.01813
5015,0.946163,1.01391
5016,0.946163,1.01391
5017,0.948045,1.0098
5018,0.940869,1.00285
5019,0.941971,1.00428
5020,0.938587,1.00664
5021,0.940138,1.01137
5022,0.937788,1.00877
5023,0.936815,1.00839
5024,0.936815,1.00839
5025,0.941247,1.01287
5026,0.948428,1.01762
5027,0.944702,1.01259
5028,0.944507,1.02064
5029,0.946568,1.02254
5030,0.948687,1.02669
5031,0.944844,1.02842
5032,0.940459,1.0276
5033,0.939549,1.0288
5034,0.942875,1.02144
5035,0.945311,1.02453
5036,0.945311,1.02453
5037,0.945311,1.02453
5038,0.949013,1.025
5039,0.946782,1.02212
5040,0.953055,1.02544
5041,0.953055,1.02544
5042,0.953055,1.02544
5043,0.953055,1.02544
5044,0.948911,1.02348
5045,0.951047,1.02431
5046,0.948262,1.02444
5047,0.93908,1.02696
5048,0.942039,1.03137
5049,0.943341,1.03419
5050,0.938004,1.03275
5051,0.936385,1.03325
5052,0.936385,1.03325
5053,0.944111,1.02483
5054,0.943658,1.02486
5055,0.942372,1.02845
5056,0.937719,1.02826
5057,0.937719,1.02826
5058,0.937719,1.02826
5059,0.946097,1.03432
5060,0.951165,1.03332
5061,0.956242,1.03308
5062,0.959018,1.02915
5063,0.959018,1.02915
5064,0.949631,1.02873
5065,0.957451,1.02663
5066,0.947973,1.03114
5067,0.948923,1.03252
5068,0.952444,1.02551
5069,0.952444,1.02551
5070,0.952444,1.02551
5071,0.964016,1.02369
5072,0.964567,1.03234
5073,0.964567,1.03234
5074,0.964567,1.03234
5075,0.964567,1.03234
5076,0.95867,1.03214
5077,0.950164,1.02853
5078,0.958173,1.03042
5079,0.955869,1.03558
5080,0.955869,1.03558
5081,0.955869,1.03558
5082,0.952983,1.03248
5083,0.955926,1.03313
5084,0.957464,1.02908
5085,0.963232,1.03229
5086,0.963232,1.03229
5087,0.963232,1.03229
5088,0.955865,1.03205
5089,0.955895,1.03446
5090,0.955895,1.03446
5091,0.95301,1.02903
5092,0.954129,1.02709
5093,0.951661,1.02836
5094,0.952446,1.03077
5095,0.947981,1.0311
5096,0.952629,1.02784
5097,0.954608,1.03218
5098,0.954031,1.03642
5099,0.951372,1.03676
5100,0.954636,1.04274
5101,0.954636,1.04274
5102,0.952044,1.03985
5103,0.953268,1.03496
5104,0.953268,1.03496
5105,0.953268,1.03496
5106,0.953268,1.03496
5107,0.953268,1.03496
5108,0.956284,1.0317
5109,0.956242,1.03234
5110,0.961172,1.03424
5111,0.957845,1.03299
5112,0.951904,1.02759
5113,0.957052,1.02823
5114,0.958525,1.02951
5115,0.96622,1.02409
5116,0.953897,1.02572
5117,0.95217,1.02714
5118,0.952255,1.02289
5119,0.955453,1.0273
5120,0.953932,1.03331
5121,0.953932,1.03331
5122,0.953932,1.03331
5123,0.953932,1.03331
5124,0.953932,1.03331
5125,0.95469,1.03507
5126,0.95469,1.03507
5127,0.95469,1.03507
5128,0.959004,1.0389
5129,0.959004,1.0389
5130,0.956746,1.03951
5131,0.954094,1.03646
5132,0.954094,1.03646
5133,0.954094,1.03646
5134,0.946988,1.02953
5135,0.946988,1.02953
5136,0.946864,1.03464
5137,0.955135,1.03669
5138,0.959356,1.03616
5139,0.959356,1.03616
5140,0.953828,1.02914
5141,0.954175,1.04379
5142,0.956186,1.0426
5143,0.956186,1.0426
5144,0.956186,1.0426
5145,0.957607,1.03505
5146,0.957607,1.03505
5147,0.957607,1.03505
5148,0.957607,1.03505
5149,0.958529,1.03784
5150,0.956411,1.03711
5151,0.957177,1.03176
5152,0.957177,1.03176
5153,0.957177,1.03176
5154,0.957177,1.03176
5155,0.950159,1.02816
5156,0.950159,1.02816
5157,0.950159,1.02816
5158,0.943991,1.03148
5159,0.950156,1.03988
5160,0.946854,1.03839
5161,0.945433,1.03371
5162,0.950071,1.042
5163,0.953358,1.03252
5164,0.951266,1.03109
5165,0.953464,1.0328
5166,0.950707,1.03603
5167,0.950707,1.03603
5168,0.950707,1.03603
5169,0.950707,1.03603
5170,0.954303,1.03703
5171,0.94987,1.03291
5172,0.949683,1.03723
5173,0.94554,1.03286
5174,0.94554,1.03286
5175,0.94554,1.03286
5176,0.953351,1.02856
5177,0.953351,1.02856
5178,0.951373,1.03118
5179,0.951483,1.03569
5180,0.943382,1.02982
5181,0.943382,1.02982
5182,0.943382,1.02982
5183,0.944428,1.02862
5184,0.9432,1.03096
5185,0.944029,1.03545
5186,0.944029,1.03545
5187,0.948466,1.03719
5188,0.944413,1.04014
5189,0.945572,1.03856
5190,0.947605,1.02777
5191,0.947605,1.02777
5192,0.949103,1.02493
5193,0.950144,1.02351
5194,0.938014,1.02255
5195,0.938014,1.02255
5196,0.94435,1.02524
5197,0.951488,1.02951
5198,0.951488,1.02951
5199,0.957603,1.03286
5200,0.965701,1.02824
5201,0.965701,1.02824
5202,0.967159,1.02698
5203,0.967159,1.02698
5204,0.967159,1.02698
5205,0.967159,1.02698
5206,0.967159,1.02698
5207,0.967159,1.02698
5208,0.966101,1.03677
5209,0.964369,1.03298
5210,0.959743,1.03411
5211,0.959743,1.03411
5212,0.959236,1.04006
5213,0.959236,1.04006
5214,0.959236,1.04006
5215,0.959236,1.04006
5216,0.954516,1.0326
5217,0.954705,1.03047
5218,0.94631,1.03303
5219,0.94631,1.03303
5220,0.94631,1.03303
5221,0.950316,1.03091
5222,0.950316,1.03091
5223,0.950316,1.03091
5224,0.953239,1.03218
5225,0.952352,1.0361
5226,0.952352,1.0361
5227,0.949617,1.03638
5228,0.944275,1.04412
5229,0.944275,1.04412
5230,0.944275,1.04412
5231,0.944275,1.04412
5232,0.945143,1.04791
5233,0.947824,1.0599
5234,0.947182,1.06203
5235,0.946197,1.05241
5236,0.951592,1.04868
5237,0.951592,1.04868
5238,0.944912,1.04682
5239,0.953307,1.04319
5240,0.953307,1.04319
5241,0.953307,1.04319
5242,0.948943,1.04765
5243,0.945047,1.04701
5244,0.944812,1.05615
5245,0.941071,1.04916
5246,0.938668,1.04511
5247,0.938668,1.04511
5248,0.941034,1.05581
5249,0.938865,1.04516
5250,0.938865,1.04516
5251,0.938865,1.04516
5252,0.938865,1.04516
5253,0.946196,1.04616
5254,0.941086,1.04189
5255,0.938186,1.04286
5256,0.938186,1.04286
5257,0.94107,1.04438
5258,0.936884,1.038
5259,0.938302,1.03762
5260,0.938302,1.03762
5261,0.942936,1.04056
5262,0.942203,1.04762
5263,0.944405,1.04627
5264,0.951942,1.04565
5265,0.957553,1.04501
5266,0.950907,1.04106
5267,0.950907,1.04106
5268,0.951006,1.04294
5269,0.951006,1.04294
5270,0.951006,1.04294
5271,0.948363,1.0414
5272,0.948363,1.0414
5273,0.948363,1.0414
5274,0.944231,1.03538
5275,0.946268,1.03019
5276,0.946268,1.03019
5277,0.946268,1.03019
5278,0.939734,1.0249
5279,0.946487,1.02922
5280,0.946487,1.02922
5281,0.941935,1.02765
5282,0.945207,1.02561
5283,0.945207,1.02561
5284,0.942855,1.02279
5285,0.943002,1.0324
5286,0.939816,1.02835
5287,0.946494,1.03276
5288,0.944464,1.03305
5289,0.947322,1.03424
5290,0.943533,1.03654
5291,0.946308,1.03177
5292,0.93916,1.03375
5293,0.941994,1.0303
5294,0.953014,1.02836
5295,0.953014,1.02836
5296,0.953014,1.02836
5297,0.953014,1.02836
5298,0.947274,1.03264
5299,0.953459,1.02542
5300,0.949795,1.02627
5301,0.955806,1.02468
5302,0.955007,1.03043
5303,0.955007,1.03043
5304,0.951848,1.02385
5305,0.951907,1.01501
5306,0.951907,1.01501
5307,0.951536,1.00958
5308,0.958722,1.01218
5309,0.960521,1.00831
5310,0.959057,1.00714
5311,0.958284,1.00442
5312,0.958284,1.00442
5313,0.958284,1.00442
5314,0.958284,1.00442
5315,0.962657,1.0019
5316,0.959879,0.994707
5317,0.959879,0.994707
5318,0.959879,0.994707
5319,0.95509,0.99868
5320,0.95509,0.99868
5321,0.95509,0.99868
5322,0.960535,1.00628
5323,0.955808,1.00681
5324,0.943936,0.996292
5325,0.943936,0.996292
5326,0.94283,0.995129
5327,0.949083,1.00115
5328,0.940612,1.00846
5329,0.934246,1.0086
5330,0.934246,1.0086
5331,0.937435,1.0052
5332,0.937435,1.0052
5333,0.943206,1.00531
5334,0.942556,1.00741
5335,0.934052,1.00992
5336,0.927269,1.01066
5337,0.93381,1.01284
5338,0.93381,1.01284
5339,0.93381,1.01284
5340,0.939022,1.02306
5341,0.942333,1.02212
5342,0.946805,1.02231
5343,0.94953,1.01797
5344,0.94953,1.01797
5345,0.941013,1.01502
5346,0.94759,1.01517
5347,0.94759,1.01517
5348,0.952272,1.01414
5349,0.952272,1.01414
5350,0.954825,1.01429
5351,0.954825,1.01429
5352,0.956904,1.02308
5353,0.956904,1.02308
5354,0.944804,1.02138
5355,0.946729,1.0155
5356,0.946729,1.0155
5357,0.946475,1.01305
5358,0.951043,1.01568
5359,0.957377,1.01414
5360,0.957377,1.01414
5361,0.955502,1.01487
5362,0.955502,1.01487
5363,0.954429,1.01742
5364,0.953265,1.01885
5365,0.953265,1.01885
5366,0.953265,1.01885
5367,0.956843,1.02088
5368,0.952602,1.01145
5369,0.952602,1.01145
5370,0.952602,1.01145
5371,0.952602,1.01145
5372,0.953703,1.01385
5373,0.949657,0.999788
5374,0.94172,1.00338
5375,0.940122,1.00537
5376,0.939542,0.997919
5377,0.939369,0.9951
5378,0.939369,0.9951
5379,0.945457,0.99742
5380,0.942087,0.990486
5381,0.942087,0.990486
5382,0.944675,0.997783
5383,0.943416,0.998239
5384,0.950894,1.00186
5385,0.95635,1.00084
5386,0.9564,1.00909
5387,0.954031,1.00634
5388,0.954031,1.00634
5389,0.958131,1.0056
5390,0.947546,1.00797
5391,0.947546,1.00797
5392,0.947098,1.00587
5393,0.955629,1.00462
5394,0.953396,1.00775
5395,0.953396,1.00775
5396,0.953396,1.00775
5397,0.953396,1.00775
5398,0.953396,1.00775
5399,0.951474,1.01096
5400,0.947766,1.01073
5401,0.951036,1.01625
5402,0.956004,1.0118
5403,0.952207,1.01353
5404,0.952207,1.01353
5405,0.952207,1.01353
5406,0.949398,1.01314
5407,0.949148,1.01462
5408,0.95284,1.00851
5409,0.952514,1.01024
5410,0.951416,1.00547
5411,0.955799,1.01218
5412,0.95574,1.00792
5413,0.94892,1.01043
5414,0.952458,1.01057
5415,0.944308,1.00884
5416,0.940716,0.999892
5417,0.940716,0.999892
5418,0.940888,1.00044
5419,0.942833,1.0017
5420,0.939772,1.00301
5421,0.94318,1.01205
5422,0.949716,1.01508
5423,0.948425,1.01641
5424,0.948425,1.01641
5425,0.948425,1.01641
5426,0.943739,1.01547
5427,0.950593,1.0141
5428,0.94838,1.013
5429,0.9487,1.01872
5430,0.951035,1.01741
5431,0.949176,1.00914
5432,0.955967,1.0103
5433,0.947408,1.00514
5434,0.947408,1.00514
5435,0.947408,1.00514
5436,0.945549,0.996138
5437,0.945549,0.996138
5438,0.950156,1.00813
5439,0.952006,1.0038
5440,0.952006,1.0038
5441,0.947952,1.00281
5442,0.945616,0.998955
5443,0.941249,1.00276
5444,0.941249,1.00276
5445,0.941447,1.00253
5446,0.94206,1.0074
5447,0.94206,1.0074
5448,0.943719,1.01125
5449,0.93378,1.00356
5450,0.942517,0.999211
5451,0.942517,0.999211
5452,0.942517,0.999211
5453,0.942517,0.999211
5454,0.942517,0.999211
5455,0.940094,0.995111
5456,0.934636,0.992975
5457,0.931616,0.995587
5458,0.931616,0.995587
5459,0.93311,0.99636
5460,0.934927,1.00018
5461,0.93161,0.998792
5462,0.936292,0.99685
5463,0.926672,0.996645
5464,0.926672,0.996645
5465,0.925402,0.993184
5466,0.921537,0.994185
5467,0.921537,0.994185
5468,0.921537,0.994185
5469,0.927778,0.993705
5470,0.932245,0.998473
5471,0.931517,0.996724
5472,0.931517,0.996724
5473,0.93546,1.00344
5474,0.937201,0.999887
5475,0.942792,1.0067
5476,0.942792,1.0067
5477,0.940352,1.01135
5478,0.946099,0.998114
5479,0.943154,0.996948
5480,0.940174,0.993812
5481,0.940209,1.00131
5482,0.936416,0.992588
5483,0.937748,0.990616
5484,0.934122,0.986391
5485,0.934569,0.995468
5486,0.933577,0.994297
5487,0.926268,1.00121
5488,0.927573,0.996641
5489,0.923177,0.993146
5490,0.925064,0.990565
5491,0.925064,0.990565
5492,0.925064,0.990565
5493,0.930575,0.983381
5494,0.930575,0.983381
5495,0.935049,0.983696
5496,0.931514,0.985484
5497,0.934365,0.989785
5498,0.934365,0.989785
5499,0.939532,0.989992
5500,0.939412,0.993976
5501,0.939412,0.993976
5502,0.93718,0.993323
5503,0.93718,0.993323
5504,0.941063,0.993959
5505,0.939885,1.00371
5506,0.938432,1.00196
5507,0.933855,1.00599
5508,0.937105,1.00922
5509,0.93654,1.0081
5510,0.934432,1.0064
5511,0.934432,1.0064
5512,0.928381,1.00492
5513,0.928381,1.00492
5514,0.928702,1.00186
5515,0.931851,1.00275
5516,0.931851,1.00275
5517,0.926573,1.00578
5518,0.926573,1.00578
5519,0.933669,1.00533
5520,0.933669,1.00533
5521,0.929876,1.00838
5522,0.924191,1.00352
5523,0.928386,1.00401
5524,0.926937,1.00173
5525,0.926937,1.00173
5526,0.925995,1.00544
5527,0.919719,1.00695
5528,0.919719,1.00695
5529,0.91906,1.00799
5530,0.91906,1.00799
5531,0.916142,1.0068
5532,0.923097,1.00293
5533,0.923097,1.00293
5534,0.921414,1.01052
5535,0.925244,1.00842
5536,0.925244,1.00842
5537,0.935264,1.009
5538,0.930747,1.01045
5539,0.933828,1.00734
5540,0.936032,1.00254
5541,0.941111,1.0061
5542,0.941214,0.995333
5543,0.945525,0.995264
5544,0.943726,0.999676
5545,0.943611,1.00538
5546,0.943611,1.00538
5547,0.943611,1.00538
5548,0.945458,1.00858
5549,0.941572,0.997409
5550,0.945338,1.00823
5551,0.941204,1.00536
5552,0.951974,1.00883
5553,0.955856,0.997799
5554,0.955856,0.997799
5555,0.955856,0.997799
5556,0.955109,0.998089
5557,0.950439,0.991079
5558,0.950439,0.991079
5559,0.947087,0.989235
5560,0.945948,0.992711
5561,0.94803,0.997251
5562,0.948124,0.995964
5563,0.949366,1.00413
5564,0.946968,1.01185
5565,0.946968,1.01185
5566,0.942566,1.01692
5567,0.940286,1.01932
5568,0.938854,1.01897
5569,0.938854,1.01897
5570,0.932526,1.01553
5571,0.932526,1.01553
5572,0.934076,1.01407
5573,0.934076,1.01407
5574,0.934334,1.0207
5575,0.934334,1.0207
5576,0.934334,1.0207
5577,0.938136,1.02423
5578,0.933993,1.02083
5579,0.933993,1.02083
5580,0.933993,1.02083
5581,0.935408,1.02168
5582,0.939854,1.02482
5583,0.942436,1.0258
5584,0.938251,1.02629
5585,0.938251,1.02629
5586,0.94385,1.02897
5587,0.941771,1.02203
5588,0.941771,1.02203
5589,0.94482,1.02593
5590,0.94482,1.02593
5591,0.949528,1.01784
5592,0.949528,1.01784
5593,0.949528,1.01784
5594,0.949863,1.0168
5595,0.948073,1.01432
5596,0.956951,1.02498
5597,0.962648,1.02488
5598,0.963648,1.02221
5599,0.96151,1.01848
5600,0.96151,1.01848
5601,0.96151,1.01848
5602,0.96151,1.01848
5603,0.964244,1.02234
5604,0.962703,1.02657
5605,0.962703,1.02657
5606,0.964596,1.02134
5607,0.961786,1.01761
5608,0.95627,1.01938
5609,0.95627,1.01938
5610,0.959774,1.01728
5611,0.961608,1.0176
5612,0.966733,1.02408
5613,0.969644,1.02148
5614,0.970498,1.02253
5615,0.970498,1.02253
5616,0.970498,1.02253
5617,0.965797,1.01419
5618,0.964092,1.01868
5619,0.964092,1.01868
5620,0.962572,1.0128
5621,0.971712,1.01799
5622,0.964002,1.01491
5623,0.962066,1.0173
5624,0.95597,1.01635
5625,0.95909,1.01706
5626,0.952762,1.02095
5627,0.96099,1.02096
5628,0.956865,1.01415
5629,0.956865,1.01415
5630,0.959552,1.01645
5631,0.957102,1.01553
5632,0.957102,1.01553
5633,0.961876,1.01429
5634,0.961876,1.01429
5635,0.963992,1.01285
5636,0.966201,1.01207
5637,0.961156,1.00085
5638,0.961156,1.00085
5639,0.952827,1.00288
5640,0.949772,1.0049
5641,0.947673,1.00622
5642,0.950192,1.01115
5643,0.952944,1.01109
5644,0.954754,1.00989
5645,0.960923,1.0082
5646,0.960923,1.0082
5647,0.96107,1.0162
5648,0.959033,1.01221
5649,0.954758,1.0044
5650,0.954758,1.0044
5651,0.954758,1.0044
5652,0.954758,1.0044
5653,0.958996,1.00461
5654,0.956966,1.009
5655,0.956966,1.009
5656,0.962663,1.01535
5657,0.954876,1.01537
5658,0.956146,1.00958
5659,0.956146,1.00958
5660,0.953457,1.00918
5661,0.957081,1.0106
5662,0.957081,1.0106
5663,0.955696,1.0138
5664,0.957751,1.00525
5665,0.955,1.01004
5666,0.95714,1.01475
5667,0.95714,1.01475
5668,0.959578,1.01673
5669,0.960518,1.01405
5670,0.961616,1.0132
5671,0.9577,1.00973
5672,0.9577,1.00973
5673,0.9577,1.00973
5674,0.963361,1.01621
5675,0.963657,1.01328
5676,0.962779,1.01614
5677,0.968017,1.02016
5678,0.971594,1.02089
5679,0.968587,1.01437
5680,0.968587,1.01437
5681,0.96077,1.01973
5682,0.955832,1.02224
5683,0.955832,1.02224
5684,0.960895,1.02347
5685,0.960357,1.02354
5686,0.960357,1.02354
5687,0.960357,1.02354
5688,0.960357,1.02354
5689,0.967102,1.02585
5690,0.963437,1.02572
5691,0.95812,1.02053
5692,0.95812,1.02053
5693,0.95812,1.02053
5694,0.955392,1.01448
5695,0.95683,1.01592
5696,0.955169,1.01473
5697,0.954195,1.01565
5698,0.951766,1.01538
5699,0.951766,1.01538
5700,0.950542,1.01419
5701,0.951546,1.01378
5702,0.951546,1.01378
5703,0.951546,1.01378
5704,0.956848,1.01683
5705,0.954833,1.0242
5706,0.955029,1.02336
5707,0.955029,1.02336
5708,0.955029,1.02336
5709,0.955029,1.02336
5710,0.955029,1.02336
5711,0.955029,1.02336
5712,0.955029,1.02336
5713,0.955029,1.02336
5714,0.960619,1.02654
5715,0.954303,1.0266
5716,0.960056,1.0173
5717,0.960056,1.0173
5718,0.960888,1.02295
5719,0.961958,1.02193
5720,0.956463,1.01992
5721,0.951029,1.01695
5722,0.960353,1.01568
5723,0.957524,1.02027
5724,0.957524,1.02027
5725,0.954146,1.0169
5726,0.954146,1.0169
5727,0.959252,1.02305
5728,0.960692,1.03087
5729,0.95569,1.03935
5730,0.950766,1.02765
5731,0.950874,1.02913
5732,0.956951,1.03053
5733,0.956951,1.03053
5734,0.950826,1.03482
5735,0.950826,1.03482
5736,0.956924,1.0374
5737,0.955932,1.03804
5738,0.956891,1.04001
5739,0.956891,1.04001
5740,0.954455,1.03972
5741,0.955838,1.04617
5742,0.953851,1.04324
5743,0.948656,1.0443
5744,0.948656,1.0443
5745,0.948656,1.0443
5746,0.9435,1.04379
5747,0.939351,1.04722
5748,0.943371,1.04486
5749,0.948458,1.04298
5750,0.947432,1.04593
5751,0.947432,1.04593
5752,0.952418,1.05177
5753,0.95452,1.05086
5754,0.95452,1.05086
5755,0.95452,1.05086
5756,0.95452,1.05086
5757,0.95452,1.05086
5758,0.95452,1.05086
5759,0.960267,1.05308
5760,0.962736,1.05235
5761,0.962736,1.05235
5762,0.958093,1.05382
5763,0.962231,1.04732
5764,0.962231,1.04732
5765,0.959209,1.04646
5766,0.958917,1.04647
5767,0.954466,1.04398
5768,0.95217,1.04047
5769,0.950466,1.04323
5770,0.951218,1.03784
5771,0.950947,1.03341
5772,0.950947,1.03341
5773,0.954411,1.03011
5774,0.962823,1.03022
5775,0.9634,1.03297
5776,0.9634,1.03297
5777,0.963854,1.03936
5778,0.96937,1.03278
5779,0.965314,1.03226
5780,0.971902,1.02935
5781,0.971902,1.02935
5782,0.972318,1.02215
5783,0.979113,1.02934
5784,0.977426,1.02777
5785,0.981446,1.02203
5786,0.982291,1.03181
5787,0.980519,1.02577
5788,0.980519,1.02577
5789,0.980519,1.02577
5790,0.980519,1.02577
5791,0.984233,1.02349
5792,0.984337,1.02931
5793,0.981834,1.02412
5794,0.975489,1.02372
5795,0.970184,1.01789
5796,0.970184,1.01789
5797,0.968687,1.01638
5798,0.968687,1.01638
5799,0.968687,1.01638
5800,0.974096,1.01595
5801,0.974096,1.01595
5802,0.961937,1.0198
5803,0.961147,1.01989
5804,0.964741,1.01871
5805,0.964741,1.01871
5806,0.965268,1.01911
5807,0.963379,1.02132
5808,0.961191,1.01664
5809,0.961058,1.01493
5810,0.958378,1.01303
5811,0.955292,1.01709
5812,0.955292,1.01709
5813,0.95291,1.00554
5814,0.95291,1.00554
5815,0.953624,1.0063
5816,0.953118,1.01908
5817,0.956437,1.01741
5818,0.955534,1.01839
5819,0.955534,1.01839
5820,0.954223,1.01915
5821,0.954223,1.01915
5822,0.950897,1.01703
5823,0.947596,1.01749
5824,0.947596,1.01749
5825,0.95074,1.01754
5826,0.955069,1.01181
5827,0.959646,1.01423
5828,0.959646,1.01423
5829,0.962525,1.01261
5830,0.962525,1.01261
5831,0.962525,1.01261
5832,0.963807,1.0184
5833,0.962271,1.01798
5834,0.964926,1.01373
5835,0.960463,1.01329
5836,0.954685,1.00848
5837,0.954685,1.00848
5838,0.954548,1.00982
5839,0.954548,1.00982
5840,0.949637,1.01117
5841,0.949781,1.01846
5842,0.949781,1.01846
5843,0.949781,1.01846
5844,0.948726,1.02706
5845,0.951401,1.01602
5846,0.949624,1.02098
5847,0.949624,1.02098
5848,0.94153,1.01627
5849,0.946904,1.0166
5850,0.949635,1.02587
5851,0.949449,1.01648
5852,0.954811,1.02093
5853,0.954811,1.02093
5854,0.955626,1.0225
5855,0.95038,1.01597
5856,0.958831,1.01612
5857,0.958473,1.01147
5858,0.95374,1.01578
5859,0.955674,1.01817
5860,0.951548,1.02199
5861,0.944827,1.0247
5862,0.946098,1.02403
5863,0.947816,1.01553
5864,0.953041,1.01441
5865,0.957547,1.00573
5866,0.957537,1.01105
5867,0.960037,1.00887
5868,0.960037,1.00887
5869,0.953438,1.01528
5870,0.953665,1.0196
5871,0.953269,1.021
5872,0.946204,1.02356
5873,0.95054,1.02767
5874,0.948198,1.02927
5875,0.943334,1.02501
5876,0.943024,1.02856
5877,0.943024,1.02856
5878,0.943024,1.02856
5879,0.944027,1.02516
5880,0.944027,1.02516
5881,0.942228,1.02715
5882,0.942228,1.02715
5883,0.940173,1.0249
5884,0.940173,1.0249
5885,0.936111,1.02629
5886,0.938744,1.01607
5887,0.93557,1.01722
5888,0.93557,1.01722
5889,0.934781,1.01671
5890,0.937438,1.00835
5891,0.937438,1.00835
5892,0.932555,1.00849
5893,0.936092,1.01931
5894,0.932292,1.01339
5895,0.932377,1.01453
5896,0.932428,1.0133
5897,0.939473,1.02352
5898,0.939473,1.02352
5899,0.939473,1.02352
5900,0.942053,1.02118
5901,0.946967,1.02183
5902,0.946967,1.02183
5903,0.944106,1.0234
5904,0.94029,1.02387
5905,0.94029,1.02387
5906,0.941384,1.02066
5907,0.941614,1.02081
5908,0.945451,1.02225
5909,0.945451,1.02225
5910,0.945327,1.02437
5911,0.945327,1.02437
5912,0.947304,1.01886
5913,0.947304,1.01886
5914,0.947304,1.01886
5915,0.945042,1.01474
5916,0.950522,1.01363
5917,0.954781,1.01541
5918,0.95803,1.01695
5919,0.95803,1.01695
5920,0.961441,1.01163
5921,0.966766,1.0169
5922,0.965998,1.01754
5923,0.960769,1.00974
5924,0.956755,1.01181
5925,0.956755,1.01181
5926,0.958234,1.02551
5927,0.961564,1.03095
5928,0.968676,1.03337
5929,0.970817,1.03618
5930,0.967789,1.03575
5931,0.965202,1.03887
5932,0.965202,1.03887
5933,0.959247,1.04018
5934,0.959247,1.04018
5935,0.959247,1.04018
5936,0.959247,1.04018
5937,0.959618,1.04489
5938,0.959809,1.04102
5939,0.959809,1.04102
5940,0.959809,1.04102
5941,0.958423,1.04158
5942,0.957581,1.04225
5943,0.957581,1.04225
5944,0.957581,1.04225
5945,0.957581,1.04225
5946,0.957581,1.04225
5947,0.957581,1.04225
5948,0.948814,1.0411
5949,0.948814,1.0411
5950,0.943559,1.03942
5951,0.945717,1.03542
5952,0.937102,1.02984
5953,0.940611,1.03416
5954,0.940611,1.03416
5955,0.946525,1.03668
5956,0.946723,1.03494
5957,0.944077,1.03172
5958,0.93721,1.02579
5959,0.93721,1.02579
5960,0.95112,1.02227
5961,0.95112,1.02227
5962,0.953861,1.01808
5963,0.954425,1.02122
5964,0.954425,1.02122
5965,0.956497,1.01956
5966,0.956497,1.01956
5967,0.944672,1.00884
5968,0.944672,1.00884
5969,0.944672,1.00884
5970,0.944672,1.00884
5971,0.944672,1.00884
5972,0.945562,1.00951
5973,0.951212,1.0091
5974,0.952333,1.00516
5975,0.951578,1.00123
5976,0.951682,1.00889
5977,0.958482,1.0033
5978,0.958482,1.0033
5979,0.961745,1.00018
5980,0.961745,1.00018
5981,0.965621,1.00156
5982,0.962872,1.00475
5983,0.96386,1.00154
5984,0.965467,1.00178
5985,0.965467,1.00178
5986,0.965467,1.00178
5987,0.961462,1.00297
5988,0.956562,0.998847
5989,0.953365,1.01016
5990,0.951158,1.00095
5991,0.951158,1.00095
5992,0.958699,1.00372
5993,0.966691,1.00258
5994,0.962611,1.00563
5995,0.965266,1.00608
5996,0.969729,1.01428
5997,0.970065,1.01812
5998,0.972992,1.0192
5999,0.971635,1.0197
6000,0.965399,1.02028
6001,0.969972,1.02643
6002,0.961333,1.02756
6003,0.96414,1.02985
6004,0.970919,1.03486
6005,0.973668,1.04156
6006,0.972069,1.03156
6007,0.969167,1.02219
6008,0.969167,1.02219
6009,0.97912,1.02138
6010,0.980352,1.0173
6011,0.978389,1.0134
6012,0.977534,1.01542
6013,0.970394,1.01777
6014,0.970394,1.01777
6015,0.967139,1.0225
6016,0.965742,1.027
6017,0.965742,1.027
6018,0.968717,1.02822
6019,0.968717,1.02822
6020,0.969648,1.03082
6021,0.969424,1.03741
6022,0.965197,1.03889
6023,0.968836,1.04205
6024,0.969869,1.04129
6025,0.969869,1.04129
6026,0.978055,1.0488
6027,0.978055,1.0488
6028,0.978055,1.0488
6029,0.978055,1.0488
6030,0.976072,1.04911
6031,0.976423,1.04539
6032,0.976423,1.04539
6033,0.976423,1.04539
6034,0.965517,1.03934
6035,0.965517,1.03934
6036,0.965517,1.03934
6037,0.965556,1.03888
6038,0.96342,1.0353
6039,0.96342,1.0353
6040,0.961734,1.03687
6041,0.960195,1.03006
6042,0.964058,1.03106
6043,0.958723,1.03276
6044,0.958723,1.03276
6045,0.961368,1.03662
6046,0.969922,1.03349
6047,0.961323,1.03578
6048,0.96011,1.03524
6049,0.96011,1.03524
6050,0.960699,1.03304
6051,0.963075,1.03672
6052,0.96316,1.04226
6053,0.957548,1.04441
6054,0.957548,1.04441
6055,0.957548,1.04441
6056,0.957548,1.04441
6057,0.964864,1.03719
6058,0.964864,1.03719
6059,0.96202,1.02908
6060,0.960231,1.02657
6061,0.964809,1.03103
6062,0.964704,1.03273
6063,0.964704,1.03273
6064,0.964704,1.03273
6065,0.964704,1.03273
6066,0.968191,1.03437
6067,0.958307,1.03186
6068,0.960928,1.02883
6069,0.960928,1.02883
6070,0.960928,1.02883
6071,0.960928,1.02883
6072,0.960732,1.03408
6073,0.962263,1.03239
6074,0.962263,1.03239
6075,0.965685,1.03263
6076,0.965685,1.03263
6077,0.962586,1.03299
6078,0.966129,1.03366
6079,0.961491,1.03092
6080,0.961491,1.03092
6081,0.966298,1.03419
6082,0.964347,1.03103
6083,0.95801,1.03395
6084,0.95801,1.03395
6085,0.95801,1.03395
6086,0.957619,1.02831
6087,0.958711,1.02687
6088,0.958711,1.02687
6089,0.959234,1.02549
6090,0.95516,1.02442
6091,0.959738,1.03081
6092,0.964045,1.03271
6093,0.964045,1.03271
6094,0.964045,1.03271
6095,0.967394,1.03365
6096,0.962911,1.04207
6097,0.964341,1.04492
6098,0.964341,1.04492
6099,0.963874,1.04134
6100,0.956896,1.04322
6101,0.95202,1.04868
6102,0.952043,1.04886
6103,0.948991,1.04875
6104,0.948882,1.04959
6105,0.953535,1.04935
6106,0.956934,1.04682
6107,0.956916,1.04135
6108,0.951788,1.03881
6109,0.944157,1.03799
6110,0.949554,1.0339
6111,0.952704,1.03467
6112,0.952704,1.03467
6113,0.954639,1.03401
6114,0.951623,1.03431
6115,0.949862,1.03761
6116,0.949862,1.03761
6117,0.949045,1.04409
6118,0.949045,1.04409
6119,0.954558,1.04755
6120,0.955343,1.04416
6121,0.955343,1.04416
6122,0.959347,1.04172
6123,0.95532,1.04302
6124,0.958189,1.04734
6125,0.958189,1.04734
6126,0.959317,1.03686
6127,0.957098,1.03713
6128,0.959692,1.03997
6129,0.959692,1.03997
6130,0.959692,1.03997
6131,0.962204,1.04521
6132,0.958242,1.04461
6133,0.959821,1.04528
6134,0.960349,1.04197
6135,0.958056,1.04288
6136,0.960814,1.04094
6137,0.955333,1.04421
6138,0.95439,1.04509
6139,0.95439,1.04509
6140,0.954439,1.03492
6141,0.958452,1.03968
6142,0.958054,1.03444
6143,0.958054,1.03444
6144,0.956579,1.02631
6145,0.961255,1.02323
6146,0.957233,1.01594
6147,0.957233,1.01594
6148,0.961886,1.02437
6149,0.962301,1.03075
6150,0.956134,1.02666
6151,0.959354,1.02331
6152,0.961819,1.0242
6153,0.957596,1.02614
6154,0.957596,1.02614
6155,0.957596,1.02614
6156,0.957596,1.02614
6157,0.957596,1.02614
6158,0.953079,1.02585
6159,0.957433,1.02597
6160,0.955719,1.01888
6161,0.954122,1.02212
6162,0.950136,1.02266
6163,0.949715,1.02033
6164,0.949715,1.02033
6165,0.950786,1.03164
6166,0.950905,1.032
6167,0.953925,1.02478
6168,0.954553,1.01956
6169,0.954553,1.01956
6170,0.954553,1.01956
6171,0.949398,1.01948
6172,0.950814,1.01961
6173,0.944417,1.02113
6174,0.942972,1.02413
6175,0.952552,1.02547
6176,0.950692,1.02724
6177,0.947581,1.02629
6178,0.950468,1.02515
6179,0.954916,1.02123
6180,0.959857,1.03047
6181,0.959918,1.03405
6182,0.961894,1.0421
6183,0.961894,1.0421
6184,0.965605,1.0423
6185,0.964682,1.04418
6186,0.964237,1.04691
6187,0.959141,1.04857
6188,0.956431,1.04662
6189,0.955761,1.04877
6190,0.957048,1.04244
6191,0.959133,1.03647
6192,0.94924,1.02789
6193,0.945153,1.02833
6194,0.945153,1.02833
6195,0.943645,1.01532
6196,0.947094,1.0222
6197,0.942755,1.01753
6198,0.942755,1.01753
6199,0.942755,1.01753
6200,0.942755,1.01753
6201,0.942755,1.01753
6202,0.942755,1.01753
6203,0.942755,1.01753
6204,0.942755,1.01753
6205,0.948257,1.01983
6206,0.946655,1.02087
6207,0.959432,1.01885
6208,0.959432,1.01885
6209,0.951893,1.02735
6210,0.951893,1.02735
6211,0.950439,1.01707
6212,0.952849,1.01914
6213,0.947295,1.02467
6214,0.953087,1.02323
6215,0.957262,1.02291
6216,0.957262,1.02291
6217,0.957495,1.02555
6218,0.965891,1.02185
6219,0.952733,1.01992
6220,0.957122,1.02067
6221,0.957122,1.02067
6222,0.959548,1.02783
6223,0.960412,1.03054
6224,0.960441,1.02953
6225,0.963174,1.03174
6226,0.956905,1.03122
6227,0.960727,1.03339
6228,0.95975,1.03301
6229,0.961645,1.03091
6230,0.961645,1.03091
6231,0.963294,1.02912
6232,0.965537,1.02533
6233,0.965594,1.02137
6234,0.965938,1.02803
6235,0.97576,1.03244
6236,0.969603,1.03911
6237,0.971994,1.04508
6238,0.969865,1.04151
6239,0.973401,1.03869
6240,0.977234,1.03866
6241,0.971519,1.03108
6242,0.968106,1.03332
6243,0.968106,1.03332
6244,0.980467,1.03887
6245,0.97613,1.03742
6246,0.973344,1.03294
6247,0.966717,1.03809
6248,0.963655,1.03965
6249,0.963655,1.03965
6250,0.963655,1.03965
6251,0.963655,1.03965
6252,0.969617,1.04098
6253,0.972028,1.03941
6254,0.966399,1.03493
6255,0.966399,1.03493
6256,0.970827,1.03168
6257,0.972657,1.03352
6258,0.975305,1.03598
6259,0.975305,1.03598
6260,0.976886,1.03427
6261,0.980411,1.03955
6262,0.974075,1.03503
6263,0.973229,1.04214
6264,0.972134,1.0422
6265,0.982724,1.03937
6266,0.976019,1.03766
6267,0.970233,1.0355
6268,0.970233,1.0355
6269,0.974144,1.03216
6270,0.974144,1.03216
6271,0.974144,1.03216
6272,0.964064,1.03358
6273,0.964064,1.03358
6274,0.965549,1.03857
6275,0.965549,1.03857
6276,0.96053,1.0312
6277,0.960497,1.03095
6278,0.964415,1.02745
6279,0.964415,1.02745
6280,0.964415,1.02745
6281,0.96614,1.03198
6282,0.963147,1.03425
6283,0.964314,1.03735
6284,0.967542,1.0343
6285,0.962744,1.04074
6286,0.966594,1.03682
6287,0.966536,1.03396
6288,0.967515,1.03617
6289,0.967515,1.03617
6290,0.964344,1.03135
6291,0.963791,1.03086
6292,0.963791,1.03086
6293,0.961833,1.02744
6294,0.962924,1.03262
6295,0.963929,1.0322
6296,0.963929,1.0322
6297,0.957802,1.0363
6298,0.957802,1.0363
6299,0.962056,1.04372
6300,0.968981,1.03533
6301,0.971508,1.03843
6302,0.961582,1.03856
6303,0.963929,1.02902
6304,0.960196,1.02979
6305,0.963438,1.0319
6306,0.963438,1.0319
6307,0.963438,1.0319
6308,0.968564,1.03106
6309,0.966423,1.03299
6310,0.965264,1.03151
6311,0.967803,1.02705
6312,0.967803,1.02705
6313,0.967803,1.02705
6314,0.975917,1.03276
6315,0.965938,1.02835
6316,0.965518,1.02634
6317,0.962296,1.02896
6318,0.962296,1.02896
6319,0.962509,1.03553
6320,0.960468,1.03745
6321,0.960468,1.03745
6322,0.968624,1.03452
6323,0.966317,1.03442
6324,0.970344,1.04278
6325,0.970344,1.04278
6326,0.971399,1.04919
6327,0.966094,1.04954
6328,0.973535,1.04461
6329,0.97172,1.04031
6330,0.966138,1.03351
6331,0.967633,1.03247
6332,0.960991,1.02724
6333,0.963624,1.02732
6334,0.968518,1.0274
6335,0.971091,1.03168
6336,0.971091,1.03168
6337,0.977457,1.03666
6338,0.979726,1.02783
6339,0.979118,1.03361
6340,0.976018,1.03806
6341,0.970622,1.03617
6342,0.973066,1.03311
6343,0.971408,1.03686
6344,0.980441,1.04028
6345,0.980441,1.04028
6346,0.981189,1.03847
6347,0.981189,1.03847
6348,0.97945,1.03873
6349,0.97945,1.03873
6350,0.978632,1.03433
6351,0.978632,1.03433
6352,0.982474,1.03261
6353,0.984858,1.04031
6354,0.985585,1.03547
6355,0.984025,1.04143
6356,0.984025,1.04143
6357,0.984561,1.03646
6358,0.987733,1.03975
6359,0.987733,1.03975
6360,0.983777,1.0397
6361,0.983777,1.0397
6362,0.982688,1.03492
6363,0.982772,1.02988
6364,0.988194,1.02857
6365,0.983748,1.02561
6366,0.985598,1.02554
6367,0.983048,1.01968
6368,0.978108,1.02219
6369,0.978108,1.02219
6370,0.979607,1.0195
6371,0.981688,1.02165
6372,0.985101,1.0236
6373,0.97491,1.02873
6374,0.968596,1.03612
6375,0.963203,1.03624
6376,0.974463,1.03838
6377,0.976604,1.05185
6378,0.971283,1.04366
6379,0.963993,1.04772
6380,0.976297,1.0413
6381,0.965916,1.04014
6382,0.965659,1.04426
6383,0.963006,1.04215
6384,0.955788,1.03554
6385,0.955788,1.03554
6386,0.957814,1.03685
6387,0.957814,1.03685
6388,0.9516,1.03455
6389,0.953067,1.03112
6390,0.952715,1.03989
6391,0.952715,1.03989
6392,0.955674,1.04241
6393,0.955674,1.04241
6394,0.947607,1.03728
6395,0.948633,1.03874
6396,0.950393,1.04146
6397,0.945302,1.03964
6398,0.94851,1.03291
6399,0.949571,1.03485
6400,0.947762,1.02917
6401,0.947762,1.02917
6402,0.94956,1.03036
6403,0.955305,1.0276
6404,0.955305,1.0276
6405,0.951969,1.02587
6406,0.948156,1.02333
6407,0.948156,1.02333
6408,0.951567,1.03205
6409,0.949593,1.03438
6410,0.949005,1.03617
6411,0.955508,1.03024
6412,0.955508,1.03024
6413,0.949983,1.03531
6414,0.94886,1.04265
6415,0.94886,1.04265
6416,0.958191,1.03874
6417,0.956061,1.03135
6418,0.95133,1.0317
6419,0.949951,1.03282
6420,0.949951,1.03282
6421,0.953298,1.03484
6422,0.953298,1.03484
6423,0.95595,1.04473
6424,0.960223,1.03837
6425,0.960223,1.03837
6426,0.954669,1.03789
6427,0.9519,1.03438
6428,0.9519,1.03438
6429,0.955673,1.02909
6430,0.955673,1.02909
6431,0.951855,1.03134
6432,0.951793,1.03016
6433,0.951571,1.03143
6434,0.954039,1.02423
6435,0.949629,1.02822
6436,0.946825,1.02898
6437,0.945447,1.02327
6438,0.94668,1.03253
6439,0.947036,1.0316
6440,0.951736,1.04032
6441,0.951113,1.03747
6442,0.948211,1.03857
6443,0.948211,1.03857
6444,0.948211,1.03857
6445,0.948211,1.03857
6446,0.952318,1.04297
6447,0.952318,1.04297
6448,0.963598,1.03482
6449,0.963598,1.03482
6450,0.963202,1.03604
6451,0.960598,1.03313
6452,0.959707,1.03072
6453,0.960857,1.02649
6454,0.958503,1.02946
6455,0.957011,1.03192
6456,0.957011,1.03192
6457,0.957011,1.03192
6458,0.960746,1.02197
6459,0.963462,1.03315
6460,0.961482,1.02863
6461,0.961482,1.02863
6462,0.960652,1.0253
6463,0.961342,1.02909
6464,0.961342,1.02909
6465,0.961342,1.02909
6466,0.957668,1.02408
6467,0.957668,1.02408
6468,0.957668,1.02408
6469,0.952743,1.0323
6470,0.950008,1.03428
6471,0.949738,1.03691
6472,0.948831,1.04203
6473,0.948371,1.04108
6474,0.945434,1.03524
6475,0.947484,1.03096
6476,0.950389,1.03788
6477,0.950862,1.03551
6478,0.955094,1.04248
6479,0.954826,1.03572
6480,0.954532,1.03884
6481,0.957132,1.04253
6482,0.954642,1.03374
6483,0.957571,1.0318
6484,0.956596,1.03094
6485,0.957221,1.02942
6486,0.954114,1.02431
6487,0.954114,1.02431
6488,0.95991,1.03106
6489,0.958569,1.02441
6490,0.958569,1.02441
6491,0.951402,1.03109
6492,0.951402,1.03109
6493,0.951677,1.03304
6494,0.947229,1.02154
6495,0.950389,1.02704
6496,0.951689,1.02989
6497,0.951689,1.02989
6498,0.9538,1.02285
6499,0.95041,1.02312
6500,0.957698,1.01769
6501,0.957698,1.01769
6502,0.959128,1.0256
6503,0.959128,1.0256
6504,0.958063,1.02843
6505,0.949803,1.02365
6506,0.949803,1.02365
6507,0.949803,1.02365
6508,0.950749,1.01886
6509,0.950749,1.01886
6510,0.950198,1.0136
6511,0.954016,1.00939
6512,0.962378,1.01145
6513,0.966004,1.01663
6514,0.965026,1.00844
6515,0.965026,1.00844
6516,0.968959,1.0015
6517,0.96786,0.999144
6518,0.966223,1.00757
6519,0.966223,1.00757
6520,0.961548,1.01021
6521,0.960869,1.00627
6522,0.960869,1.00627
6523,0.956635,1.00681
6524,0.959987,1.00921
6525,0.966296,1.00509
6526,0.96233,1.00944
6527,0.954546,1.00331
6528,0.954546,1.00331
6529,0.950623,0.999247
6530,0.945447,0.996033
6531,0.943601,0.999729
6532,0.951345,1.00227
6533,0.951345,1.00227
6534,0.951345,1.00227
6535,0.948214,1.00601
6536,0.946812,1.00397
6537,0.943881,1.00243
6538,0.943881,1.00243
6539,0.946451,1.00408
6540,0.946451,1.00408
6541,0.953403,1.00736
6542,0.947327,1.00821
6543,0.942018,1.01508
6544,0.946846,1.01657
6545,0.943111,1.01337
6546,0.947801,1.01467
6547,0.9491,1.01775
6548,0.9491,1.01775
6549,0.9491,1.01775
6550,0.941034,1.02162
6551,0.940714,1.01952
6552,0.940714,1.01952
6553,0.947929,1.01879
6554,0.947929,1.01879
6555,0.947929,1.01879
6556,0.936632,1.01851
6557,0.938461,1.02121
6558,0.938461,1.02121
6559,0.93868,1.01834
6560,0.938366,1.01453
6561,0.9424,1.0124
6562,0.930385,1.00496
6563,0.93185,0.999723
6564,0.931121,0.996553
6565,0.931965,0.996929
6566,0.931965,0.996929
6567,0.931971,1.00109
6568,0.931971,1.00109
6569,0.938825,1.00885
6570,0.932116,1.00501
6571,0.929805,1.01025
6572,0.932526,1.00965
6573,0.933302,1.01008
6574,0.933302,1.01008
6575,0.93043,1.01355
6576,0.93043,1.01355
6577,0.93043,1.01355
6578,0.935819,1.01124
6579,0.933937,1.01958
6580,0.931311,1.01646
6581,0.931448,1.01687
6582,0.929914,1.01897
6583,0.929914,1.01897
6584,0.929914,1.01897
6585,0.929837,1.01495
6586,0.929837,1.01495
6587,0.929837,1.01495
6588,0.929153,1.01788
6589,0.934559,1.0169
6590,0.929749,1.00721
6591,0.932549,1.00451
6592,0.932207,1.00709
6593,0.932204,1.01277
6594,0.933658,1.01083
6595,0.933658,1.01083
6596,0.935798,1.0136
6597,0.933747,1.00852
6598,0.934938,1.00911
6599,0.939793,1.00568
6600,0.939793,1.00568
6601,0.939793,1.00568
6602,0.93869,1.00932
6603,0.947981,1.00288
6604,0.944774,1.00593
6605,0.944774,1.00593
6606,0.941213,1.0058
6607,0.941213,1.0058
6608,0.941785,1.00958
6609,0.941785,1.00958
6610,0.938499,1.00498
6611,0.938499,1.00498
6612,0.937675,1.00545
6613,0.936919,1.00308
6614,0.936919,1.00308
6615,0.932003,1.00914
6616,0.937798,1.01266
6617,0.928181,1.0097
6618,0.933766,1.00325
6619,0.934471,1.00738
6620,0.934203,1.00512
6621,0.935765,1.00344
6622,0.937248,1.00467
6623,0.941263,1.01018
6624,0.931947,1.00708
6625,0.941162,1.00693
6626,0.944123,1.00718
6627,0.943439,1.01159
6628,0.943439,1.01159
6629,0.943439,1.01159
6630,0.943439,1.01159
6631,0.937822,1.0092
6632,0.940414,1.00082
6633,0.940414,1.00082
6634,0.940414,1.00082
6635,0.939915,1.00559
6636,0.94703,1.00447
6637,0.952007,1.00461
6638,0.94894,1.00528
6639,0.94894,1.00528
6640,0.94894,1.00528
6641,0.94894,1.00528
6642,0.948692,1.00185
6643,0.948692,1.00185
6644,0.948613,0.99914
6645,0.948613,0.99914
6646,0.952859,0.998436
6647,0.947591,0.996983
6648,0.94719,0.99752
6649,0.94719,0.99752
6650,0.94719,0.99752
6651,0.94719,0.99752
6652,0.94719,0.99752
6653,0.94719,0.99752
6654,0.952791,0.997758
6655,0.953976,1.00652
6656,0.950165,1.00892
6657,0.950165,1.00892
6658,0.950196,1.00887
6659,0.946328,1.00947
6660,0.946328,1.00947
6661,0.946328,1.00947
6662,0.946629,1.01014
6663,0.946118,1.00487
6664,0.946118,1.00487
6665,0.946118,1.00487
6666,0.946118,1.00487
6667,0.946118,1.00487
6668,0.955504,1.00795
6669,0.952659,1.00972
6670,0.949579,1.00863
6671,0.952005,1.01053
6672,0.952145,1.0071
6673,0.957668,1.00045
6674,0.947943,1.00871
6675,0.952206,1.00889
6676,0.946903,1.00964
6677,0.952352,1.01614
6678,0.947901,1.02148
6679,0.946469,1.02213
6680,0.941072,1.02341
6681,0.942336,1.01908
6682,0.940523,1.02278
6683,0.94191,1.02261
6684,0.945199,1.02108
6685,0.933297,1.02194
6686,0.941816,1.01909
6687,0.94182,1.01806
6688,0.94182,1.01806
6689,0.944396,1.01404
6690,0.948302,1.02888
6691,0.948778,1.03152
6692,0.945246,1.02385
6693,0.946897,1.02749
6694,0.946897,1.02749
6695,0.946015,1.01622
6696,0.946015,1.01622
6697,0.947008,1.02016
6698,0.945798,1.02212
6699,0.948963,1.01418
6700,0.948963,1.01418
6701,0.948963,1.01418
6702,0.948963,1.01418
6703,0.94075,1.01225
6704,0.943685,1.0117
6705,0.943685,1.0117
6706,0.950526,1.01168
6707,0.950142,1.01355
6708,0.943862,1.012
6709,0.943862,1.012
6710,0.943862,1.012
6711,0.943862,1.012
6712,0.95143,1.01323
6713,0.95143,1.01323
6714,0.954775,1.01289
6715,0.952439,1.01259
6716,0.952212,1.0099
6717,0.952212,1.0099
6718,0.950802,1.01248
6719,0.950802,1.01248
6720,0.950802,1.01248
6721,0.94442,1.01534
6722,0.94442,1.01534
6723,0.94442,1.01534
6724,0.954745,1.01209
6725,0.954745,1.01209
6726,0.954745,1.01209
6727,0.957273,1.00687
6728,0.963735,1.00214
6729,0.95479,1.00795
6730,0.955309,1.00733
6731,0.958818,1.02251
6732,0.960785,1.01887
6733,0.960205,1.02569
6734,0.959766,1.02811
6735,0.950617,1.02296
6736,0.950617,1.02296
6737,0.955941,1.0231
6738,0.955654,1.02568
6739,0.955654,1.02568
6740,0.955654,1.02568
6741,0.950006,1.03128
6742,0.94856,1.03636
6743,0.945304,1.03064
6744,0.945304,1.03064
6745,0.944353,1.03292
6746,0.943761,1.03128
6747,0.942162,1.02988
6748,0.950068,1.02753
6749,0.948641,1.02338
6750,0.948343,1.02476
6751,0.951614,1.02856
6752,0.951614,1.02856
6753,0.954794,1.0297
6754,0.954794,1.0297
6755,0.954931,1.02246
6756,0.954931,1.02246
6757,0.954931,1.02246
6758,0.947833,1.01675
6759,0.950052,1.0218
6760,0.953117,1.02345
6761,0.950957,1.02119
6762,0.950957,1.02119
6763,0.950957,1.02119
6764,0.947535,1.02608
6765,0.947535,1.02608
6766,0.947535,1.02608
6767,0.947535,1.02608
6768,0.949157,1.02983
6769,0.949157,1.02983
6770,0.945882,1.02254
6771,0.952509,1.02761
6772,0.952509,1.02761
6773,0.953242,1.02946
6774,0.949637,1.03016
6775,0.952783,1.03041
6776,0.948855,1.03398
6777,0.94872,1.03626
6778,0.947024,1.04028
6779,0.948531,1.03305
6780,0.946836,1.03354
6781,0.942696,1.03132
6782,0.942696,1.03132
6783,0.943776,1.03128
6784,0.939644,1.02411
6785,0.943111,1.02319
6786,0.94147,1.01992
6787,0.944394,1.01991
6788,0.940982,1.01631
6789,0.942607,1.02508
6790,0.949068,1.02226
6791,0.947989,1.01493
6792,0.947989,1.01493
6793,0.950395,1.01383
6794,0.947064,1.00763
6795,0.947064,1.00763
6796,0.947862,1.00545
6797,0.945812,1.00721
6798,0.945812,1.00721
6799,0.945858,1.00427
6800,0.941823,1.00114
6801,0.945653,1.00508
6802,0.947553,1.0011
6803,0.947553,1.0011
6804,0.945922,1.0059
6805,0.942428,1.00171
6806,0.946376,1.00622
6807,0.947705,1.00787
6808,0.947705,1.00787
6809,0.94438,1.01174
6810,0.936188,1.00608
6811,0.935845,1.00607
6812,0.933216,1.00249
6813,0.933216,1.00249
6814,0.931997,0.996912
6815,0.931104,1.00286
6816,0.924356,0.995534
6817,0.9246,1.00069
6818,0.928177,1.00244
6819,0.928177,1.00244
6820,0.928839,0.998421
6821,0.932638,0.997376
6822,0.935119,0.998806
6823,0.929526,0.995182
6824,0.931874,0.992626
6825,0.931874,0.992626
6826,0.931874,0.992626
6827,0.932404,0.996433
6828,0.94104,0.999878
6829,0.94104,0.999878
6830,0.945973,0.998088
6831,0.945973,0.998088
6832,0.950792,0.997444
6833,0.945125,0.997107
6834,0.945125,0.997107
6835,0.945125,0.997107
6836,0.946035,0.996484
6837,0.946035,0.996484
6838,0.945391,0.996038
6839,0.945391,0.996038
6840,0.946393,1.00472
6841,0.945162,1.00024
6842,0.947895,1.0003
6843,0.94308,0.999579
6844,0.943672,1.0008
6845,0.942434,0.999246
6846,0.940817,1.00579
6847,0.942433,1.00811
6848,0.950664,1.01141
6849,0.946378,1.00915
6850,0.946378,1.00915
6851,0.946378,1.00915
6852,0.943846,1.02021
6853,0.939882,1.0196
6854,0.939882,1.0196
6855,0.939882,1.0196
6856,0.940451,1.01226
6857,0.940451,1.01226
6858,0.940451,1.01226
6859,0.950468,1.00968
6860,0.950468,1.00968
6861,0.951813,1.00679
6862,0.951974,1.00752
6863,0.950297,1.01295
6864,0.952658,1.01177
6865,0.954283,1.00404
6866,0.952186,1.00013
6867,0.952332,0.999074
6868,0.952332,0.999074
6869,0.950201,0.998572
6870,0.94839,0.996475
6871,0.950758,1.00458
6872,0.948492,1.0048
6873,0.944671,1.00487
6874,0.942325,1.0025
6875,0.945885,1.0079
6876,0.952078,1.01094
6877,0.952078,1.01094
6878,0.953719,1.00979
6879,0.948708,1.01191
6880,0.949604,1.01182
6881,0.949604,1.01182
6882,0.949604,1.01182
6883,0.951787,1.00957
6884,0.951787,1.00957
6885,0.956147,1.01764
6886,0.952353,1.01716
6887,0.948122,1.0261
6888,0.946257,1.02562
6889,0.952595,1.02292
6890,0.951027,1.02125
6891,0.948199,1.01635
6892,0.950777,1.02306
6893,0.950734,1.02712
6894,0.950411,1.02218
6895,0.951639,1.02192
6896,0.945727,1.0251
6897,0.948536,1.02639
6898,0.948536,1.02639
6899,0.939262,1.02072
6900,0.942166,1.01863
6901,0.94347,1.00706
6902,0.94674,1.00414
6903,0.944999,1.00407
6904,0.943436,1.01182
6905,0.939643,1.00907
6906,0.939643,1.00907
6907,0.94275,1.01095
6908,0.94275,1.01095
6909,0.941606,1.00945
6910,0.944415,1.01598
6911,0.944988,1.00937
6912,0.948133,1.00549
6913,0.948133,1.00549
6914,0.948724,1.0019
6915,0.948724,1.0019
6916,0.953657,0.998178
6917,0.952904,0.998863
6918,0.944277,0.997052
6919,0.94748,0.993722
6920,0.939337,0.994704
6921,0.946089,0.995282
6922,0.953281,1.00184
6923,0.950061,1.00441
6924,0.941057,1.00931
6925,0.941134,1.00728
6926,0.947704,1.0088
6927,0.946453,1.00564
6928,0.946453,1.00564
6929,0.946453,1.00564
6930,0.941376,1.00398
6931,0.941376,1.00398
6932,0.941376,1.00398
6933,0.941376,1.00398
6934,0.942579,1.01141
6935,0.943089,1.00684
6936,0.943089,1.00684
6937,0.94284,1.00535
6938,0.94284,1.00535
6939,0.947197,1.0056
6940,0.945554,1.01073
6941,0.950089,1.01565
6942,0.947433,1.01702
6943,0.947433,1.01702
6944,0.947433,1.01702
6945,0.942971,1.0177
6946,0.939037,1.02029
6947,0.939037,1.02029
6948,0.936226,1.01476
6949,0.946393,1.01543
6950,0.947542,1.0188
6951,0.943415,1.02126
6952,0.951076,1.02077
6953,0.951076,1.02077
6954,0.952391,1.03088
6955,0.944635,1.03159
6956,0.944635,1.03159
6957,0.943456,1.03453
6958,0.945085,1.03536
6959,0.944626,1.03374
6960,0.946253,1.03377
6961,0.9489,1.03992
6962,0.9489,1.03992
6963,0.9489,1.03992
6964,0.950637,1.04093
6965,0.950637,1.04093
6966,0.950637,1.04093
6967,0.956648,1.03704
6968,0.95236,1.04187
6969,0.95236,1.04187
6970,0.958889,1.04113
6971,0.95946,1.04211
6972,0.954618,1.03625
6973,0.953604,1.04194
6974,0.953604,1.04194
6975,0.959273,1.04335
6976,0.959562,1.05256
6977,0.960785,1.04896
6978,0.957714,1.04305
6979,0.954924,1.05446
6980,0.954233,1.05435
6981,0.958323,1.05184
6982,0.958323,1.05184
6983,0.960118,1.05305
6984,0.964121,1.05084
6985,0.957426,1.04454
6986,0.95761,1.03955
6987,0.95761,1.03955
6988,0.95761,1.03955
6989,0.961851,1.04175
6990,0.965734,1.03561
6991,0.965734,1.03561
6992,0.965734,1.03561
6993,0.962083,1.03819
6994,0.956418,1.03539
6995,0.956418,1.03539
6996,0.958825,1.03898
6997,0.958014,1.03416
6998,0.958014,1.03416
6999,0.960625,1.02712
7000,0.960625,1.02712
7001,0.96043,1.02717
7002,0.961198,1.0204
7003,0.957417,1.01944
7004,0.964709,1.02095
7005,0.970739,1.02565
7006,0.969929,1.02054
7007,0.963763,1.01804
7008,0.963763,1.01804
7009,0.962079,1.0257
7010,0.969824,1.0187
7011,0.968992,1.0101
7012,0.965758,1.0141
7013,0.958324,1.01613
7014,0.958402,1.01748
7015,0.958402,1.01748
7016,0.965044,1.02369
7017,0.963149,1.02438
7018,0.964511,1.02837
7019,0.96506,1.02913
7020,0.954794,1.02069
7021,0.954794,1.02069
7022,0.954383,1.01949
7023,0.954383,1.01949
7024,0.954383,1.01949
7025,0.954383,1.01949
7026,0.954383,1.01949
7027,0.960762,1.03458
7028,0.955877,1.03469
7029,0.958518,1.03035
7030,0.975034,1.03361
7031,0.973433,1.04315
7032,0.971819,1.03813
7033,0.983542,1.03729
7034,0.983542,1.03729
7035,0.977799,1.03291
7036,0.977799,1.03291
7037,0.973439,1.03373
7038,0.973439,1.03373
7039,0.972786,1.02626
7040,0.970355,1.02968
7041,0.968871,1.02615
7042,0.968871,1.02615
7043,0.970554,1.03181
7044,0.96728,1.0262
7045,0.96728,1.0262
7046,0.967169,1.02927
7047,0.967051,1.03355
7048,0.969328,1.03012
7049,0.969056,1.02778
7050,0.96982,1.02014
7051,0.977448,1.02708
7052,0.976765,1.02919
7053,0.976765,1.02919
7054,0.972857,1.02333
7055,0.97279,1.02673
7056,0.970151,1.02715
7057,0.970884,1.01922
7058,0.976581,1.02625
7059,0.971976,1.02194
7060,0.968727,1.02306
7061,0.962052,1.02051
7062,0.964077,1.02835
7063,0.96233,1.02772
7064,0.971071,1.03065
7065,0.971071,1.03065
7066,0.964071,1.02644
7067,0.961231,1.0279
7068,0.961231,1.0279
7069,0.957481,1.02526
7070,0.959981,1.02633
7071,0.95996,1.02335
7072,0.961214,1.02436
7073,0.961214,1.02436
7074,0.964798,1.02545
7075,0.9633,1.0283
7076,0.95737,1.02867
7077,0.952323,1.03194
7078,0.956056,1.03107
7079,0.956056,1.03107
7080,0.95456,1.02971
7081,0.95456,1.02971
7082,0.954314,1.02648
7083,0.954314,1.02648
7084,0.960217,1.02623
7085,0.960217,1.02623
7086,0.960217,1.02623
7087,0.960217,1.02623
7088,0.955846,1.02475
7089,0.959047,1.02394
7090,0.957418,1.01872
7091,0.955658,1.03192
7092,0.949577,1.02755
7093,0.953859,1.03248
7094,0.956684,1.03577
7095,0.956684,1.03577
7096,0.955661,1.03264
7097,0.959024,1.03456
7098,0.96381,1.03275
7099,0.962944,1.03101
7100,0.955895,1.03067
7101,0.953353,1.03506
7102,0.947811,1.03808
7103,0.9519,1.03217
7104,0.952194,1.03429
7105,0.951294,1.0336
7106,0.951294,1.0336
7107,0.951294,1.0336
7108,0.949676,1.03088
7109,0.950827,1.03563
7110,0.948844,1.02787
7111,0.957355,1.03864
7112,0.957355,1.03864
7113,0.94796,1.03795
7114,0.942808,1.03116
7115,0.94444,1.03071
7116,0.94444,1.03071
7117,0.949906,1.03608
7118,0.94302,1.0343
7119,0.937653,1.03274
7120,0.936085,1.02681
7121,0.944457,1.03539
7122,0.947217,1.03514
7123,0.94019,1.02957
7124,0.943907,1.02537
7125,0.943907,1.02537
7126,0.949379,1.019
7127,0.946079,1.02296
7128,0.946982,1.02121
7129,0.948726,1.01897
7130,0.949802,1.01677
7131,0.949802,1.01677
7132,0.952028,1.0147
7133,0.956711,1.02392
7134,0.959721,1.02009
7135,0.96857,1.02415
7136,0.96208,1.02861
7137,0.958579,1.0265
7138,0.958925,1.02673
7139,0.958925,1.02673
7140,0.958925,1.02673
7141,0.958925,1.02673
7142,0.958925,1.02673
7143,0.958925,1.02673
7144,0.952762,1.02833
7145,0.948232,1.02807
7146,0.950777,1.03077
7147,0.94795,1.02527
7148,0.945797,1.02328
7149,0.945797,1.02328
7150,0.945797,1.02328
7151,0.945797,1.02328
7152,0.938545,1.01975
7153,0.934406,1.0196
7154,0.934406,1.0196
7155,0.935335,1.02164
7156,0.935335,1.02164
7157,0.935687,1.0252
7158,0.937908,1.02636
7159,0.937908,1.02636
7160,0.937621,1.02281
7161,0.942278,1.02122
7162,0.946733,1.02671
7163,0.94529,1.02385
7164,0.95116,1.01916
7165,0.949192,1.01693
7166,0.950722,1.02335
7167,0.950722,1.02335
7168,0.952172,1.02249
7169,0.955603,1.0171
7170,0.958088,1.02219
7171,0.954852,1.02226
7172,0.953465,1.02385
7173,0.953465,1.02385
7174,0.952875,1.02194
7175,0.952656,1.0211
7176,0.951032,1.02022
7177,0.951032,1.02022
7178,0.950111,1.01706
7179,0.950111,1.01706
7180,0.950469,1.01923
7181,0.955785,1.01821
7182,0.949626,1.01417
7183,0.949626,1.01417
7184,0.949626,1.01417
7185,0.954272,1.01726
7186,0.954272,1.01726
7187,0.9575,1.02066
7188,0.953837,1.01867
7189,0.952071,1.01811
7190,0.958075,1.01707
7191,0.958075,1.01707
7192,0.961064,1.01069
7193,0.95984,1.0239
7194,0.961272,1.02083
7195,0.961272,1.02083
7196,0.960625,1.02037
7197,0.962569,1.02582
7198,0.960464,1.0254
7199,0.957061,1.02311
7200,0.958553,1.01757
7201,0.959017,1.01733
7202,0.952228,1.02413
7203,0.955711,1.02528
7204,0.955711,1.02528
7205,0.955134,1.0272
7206,0.954061,1.03301
7207,0.954061,1.03301
7208,0.950264,1.03319
7209,0.94385,1.02656
7210,0.94385,1.02656
7211,0.94385,1.02656
7212,0.944481,1.02861
7213,0.944481,1.02861
7214,0.948475,1.03553
7215,0.938291,1.0299
7216,0.938291,1.0299
7217,0.937942,1.02939
7218,0.941706,1.03526
7219,0.946121,1.03669
7220,0.946121,1.03669
7221,0.941846,1.03048
7222,0.9468,1.03195
7223,0.947659,1.0254
7224,0.949167,1.02771
7225,0.958543,1.02122
7226,0.96036,1.01392
7227,0.96036,1.01392
7228,0.96036,1.01392
7229,0.96036,1.01392
7230,0.96036,1.01392
7231,0.956757,1.01898
7232,0.958458,1.01513
7233,0.958637,1.01257
7234,0.958637,1.01257
7235,0.958637,1.01257
7236,0.956301,1.00909
7237,0.956301,1.00909
7238,0.952608,1.01056
7239,0.952608,1.01056
7240,0.955329,1.01212
7241,0.955329,1.01212
7242,0.955329,1.01212
7243,0.955329,1.01212
7244,0.950355,1.00945
7245,0.954945,1.01397
7246,0.954713,1.009
7247,0.954713,1.009
7248,0.958979,1.0086
7249,0.962091,0.999302
7250,0.962665,0.997236
7251,0.962665,0.997236
7252,0.964384,0.994003
7253,0.964794,0.992989
7254,0.964794,0.992989
7255,0.96554,0.993415
7256,0.96554,0.993415
7257,0.96554,0.993415
7258,0.962291,0.996458
7259,0.957431,1.00225
7260,0.957431,1.00225
7261,0.95541,1.00717
7262,0.949191,1.00407
7263,0.949191,1.00407
7264,0.948576,0.999582
7265,0.954906,1.00103
7266,0.954906,1.00103
7267,0.962405,1.00023
7268,0.962834,1.00843
7269,0.962834,1.00843
7270,0.965053,1.01267
7271,0.958877,1.0054
7272,0.959682,1.00824
7273,0.956116,1.00393
7274,0.957176,1.01149
7275,0.957176,1.01149
7276,0.964373,1.01426
7277,0.958122,1.01469
7278,0.954672,1.01775
7279,0.953318,1.02109
7280,0.953318,1.02109
7281,0.949637,1.02741
7282,0.947936,1.01822
7283,0.946863,1.01181
7284,0.946863,1.01181
7285,0.950983,1.01231
7286,0.950983,1.01231
7287,0.947804,1.016
7288,0.954673,1.00917
7289,0.953684,1.01277
7290,0.947129,1.01333
7291,0.938769,1.00947
7292,0.938769,1.00947
7293,0.935247,1.01864
7294,0.935247,1.01864
7295,0.935247,1.01864
7296,0.938712,1.01399
7297,0.941235,1.01233
7298,0.94432,1.01183
7299,0.94432,1.01183
7300,0.938178,1.014
7301,0.925264,1.00998
7302,0.925434,1.00488
7303,0.927086,1.00789
7304,0.930605,1.00598
7305,0.930605,1.00598
7306,0.930678,1.00928
7307,0.928655,1.013
7308,0.928655,1.013
7309,0.928067,1.00906
7310,0.926369,1.0047
7311,0.929609,1.00582
7312,0.934003,1.01072
7313,0.930681,1.00984
7314,0.935629,1.00647
7315,0.930219,1.00887
7316,0.930219,1.00887
7317,0.933592,1.01004
7318,0.934515,1.01471
7319,0.934515,1.01471
7320,0.934515,1.01471
7321,0.93577,1.01409
7322,0.937951,1.01378
7323,0.937951,1.01378
7324,0.937951,1.01378
7325,0.937989,1.01546
7326,0.937989,1.01546
7327,0.93776,1.0149
7328,0.943709,1.01816
7329,0.942094,1.01519
7330,0.944002,1.01514
7331,0.9423,1.01836
7332,0.943298,1.02017
7333,0.944745,1.0253
7334,0.95491,1.03687
7335,0.944632,1.03185
7336,0.946371,1.03097
7337,0.945486,1.03109
7338,0.945486,1.03109
7339,0.949029,1.03031
7340,0.949029,1.03031
7341,0.948636,1.02998
7342,0.942043,1.03131
7343,0.938778,1.02994
7344,0.93606,1.03411
7345,0.934642,1.03296
7346,0.936391,1.0371
7347,0.936391,1.0371
7348,0.93381,1.0348
7349,0.939644,1.03176
7350,0.939644,1.03176
7351,0.944391,1.02713
7352,0.95083,1.02695
7353,0.945442,1.02839
7354,0.951712,1.02849
7355,0.952275,1.03938
7356,0.957976,1.03712
7357,0.954174,1.04058
7358,0.952816,1.03577
7359,0.955009,1.04063
7360,0.955009,1.04063
7361,0.957351,1.03761
7362,0.957351,1.03761
7363,0.949274,1.03384
7364,0.949274,1.03384
7365,0.948972,1.03971
7366,0.959082,1.0361
7367,0.960114,1.03348
7368,0.954485,1.03195
7369,0.950039,1.03191
7370,0.950039,1.03191
7371,0.950525,1.03064
7372,0.954265,1.02823
7373,0.954531,1.02092
7374,0.954531,1.02092
7375,0.94876,1.02756
7376,0.955415,1.03028
7377,0.953632,1.03513
7378,0.953209,1.04004
7379,0.953209,1.04004
7380,0.953209,1.04004
7381,0.950324,1.03797
7382,0.950324,1.03797
7383,0.949468,1.04494
7384,0.949468,1.04494
7385,0.942459,1.03604
7386,0.942459,1.03604
7387,0.948829,1.03705
7388,0.948782,1.03558
7389,0.95019,1.03302
7390,0.950284,1.03204
7391,0.957317,1.0347
7392,0.957317,1.0347
7393,0.957317,1.0347
7394,0.96839,1.03486
7395,0.971654,1.03737
7396,0.969275,1.04374
7397,0.971492,1.04363
7398,0.970277,1.0407
7399,0.970277,1.0407
7400,0.970277,1.0407
7401,0.974811,1.04031
7402,0.982211,1.04046
7403,0.981052,1.03164
7404,0.98812,1.03164
7405,0.980466,1.03331
7406,0.980466,1.03331
7407,0.985654,1.03265
7408,0.985654,1.03265
7409,0.985654,1.03265
7410,0.985654,1.03265
7411,0.982503,1.0317
7412,0.984811,1.03788
7413,0.984811,1.03788
7414,0.982572,1.03512
7415,0.982101,1.04059
7416,0.977853,1.04014
7417,0.984518,1.03338
7418,0.983893,1.03821
7419,0.983893,1.03821
7420,0.982509,1.03967
7421,0.988564,1.03611
7422,0.987844,1.03651
7423,0.987814,1.03122
7424,0.988313,1.03157
7425,0.985114,1.03409
7426,0.984135,1.03496
7427,0.98621,1.03801
7428,0.98621,1.03801
7429,0.980831,1.04278
7430,0.980395,1.03863
7431,0.975331,1.04584
7432,0.971064,1.04912
7433,0.977395,1.04902
7434,0.977395,1.04902
7435,0.976461,1.04479
7436,0.976461,1.04479
7437,0.974024,1.04105
7438,0.974265,1.03781
7439,0.975519,1.04494
7440,0.970771,1.03795
7441,0.969261,1.03699
7442,0.966811,1.03432
7443,0.967462,1.02963
7444,0.971308,1.03575
7445,0.971361,1.04515
7446,0.976276,1.04494
7447,0.97659,1.04026
7448,0.976053,1.03665
7449,0.974513,1.04062
7450,0.9725,1.04367
7451,0.972804,1.04309
7452,0.965364,1.03764
7453,0.963306,1.03605
7454,0.963306,1.03605
7455,0.966591,1.03653
7456,0.966591,1.03653
7457,0.966591,1.03653
7458,0.958749,1.04097
7459,0.950592,1.04255
7460,0.948622,1.0382
7461,0.948622,1.0382
7462,0.955654,1.03927
7463,0.948339,1.04041
7464,0.952723,1.04355
7465,0.952723,1.04355
7466,0.95229,1.03774
7467,0.952289,1.029
7468,0.952781,1.02695
7469,0.949339,1.03004
7470,0.95227,1.03902
7471,0.95227,1.03902
7472,0.960507,1.03372
7473,0.95513,1.03181
7474,0.954044,1.03679
7475,0.954044,1.03679
7476,0.962555,1.03881
7477,0.968429,1.03721
7478,0.968429,1.03721
7479,0.966635,1.03892
7480,0.966635,1.03892
7481,0.966635,1.03892
7482,0.963581,1.03328
7483,0.965948,1.0431
7484,0.9709,1.03925
7485,0.966276,1.039
7486,0.966276,1.039
7487,0.969255,1.02846
7488,0.965764,1.03011
7489,0.965764,1.03011
7490,0.965764,1.03011
7491,0.967992,1.03251
7492,0.965888,1.0383
7493,0.960422,1.02893
7494,0.961019,1.03087
7495,0.961019,1.03087
7496,0.961287,1.02812
7497,0.956854,1.02943
7498,0.956573,1.0231
7499,0.956573,1.0231
7500,0.951702,1.01908
7501,0.945076,1.02656
7502,0.948188,1.02885
7503,0.9439,1.02851
7504,0.946475,1.03108
7505,0.945183,1.03077
7506,0.945183,1.03077
7507,0.956313,1.04028
7508,0.95334,1.0422
7509,0.95334,1.0422
7510,0.955905,1.03998
7511,0.955125,1.03248
7512,0.961382,1.03137
7513,0.971828,1.0313
7514,0.971828,1.0313
7515,0.971828,1.0313
7516,0.971828,1.0313
7517,0.968811,1.02666
7518,0.971576,1.03043
7519,0.971576,1.03043
7520,0.971843,1.02795
7521,0.963907,1.02213
7522,0.963907,1.02213
7523,0.964595,1.02501
7524,0.964595,1.02501
7525,0.96595,1.02786
7526,0.966764,1.03137
7527,0.966391,1.03606
7528,0.966391,1.03606
7529,0.958859,1.03477
7530,0.9551,1.02827
7531,0.954074,1.03752
7532,0.954074,1.03752
7533,0.955308,1.04075
7534,0.959013,1.03425
7535,0.959013,1.03425
7536,0.961888,1.04325
7537,0.96535,1.04578
7538,0.96535,1.04578
7539,0.959747,1.039
7540,0.955166,1.03784
7541,0.956083,1.03766
7542,0.957637,1.03148
7543,0.95968,1.03656
7544,0.956425,1.03569
7545,0.958641,1.03611
7546,0.961346,1.0355
7547,0.963255,1.03153
7548,0.968449,1.03677
7549,0.968449,1.03677
7550,0.963545,1.03584
7551,0.962239,1.03387
7552,0.964507,1.03655
7553,0.954515,1.03424
7554,0.954515,1.03424
7555,0.955683,1.04019
7556,0.95704,1.04239
7557,0.960531,1.0344
7558,0.961106,1.03174
7559,0.958363,1.03478
7560,0.964501,1.03563
7561,0.962094,1.03221
7562,0.965777,1.02921
7563,0.970186,1.02255
7564,0.970186,1.02255
7565,0.977429,1.02061
7566,0.977429,1.02061
7567,0.977429,1.02061
7568,0.977429,1.02061
7569,0.976495,1.02574
7570,0.976495,1.02574
7571,0.979335,1.01661
7572,0.976235,1.02927
7573,0.976235,1.02927
7574,0.976235,1.02927
7575,0.976235,1.02927
7576,0.96943,1.02814
7577,0.96943,1.02814
7578,0.971276,1.03719
7579,0.972442,1.0353
7580,0.972442,1.0353
7581,0.972442,1.0353
7582,0.97284,1.03
7583,0.970269,1.03207
7584,0.966841,1.0378
7585,0.969189,1.04291
7586,0.967461,1.04339
7587,0.967796,1.04435
7588,0.967796,1.04435
7589,0.966561,1.04032
7590,0.968227,1.04471
7591,0.971631,1.04537
7592,0.972668,1.0428
7593,0.971232,1.04551
7594,0.971232,1.04551
7595,0.967863,1.05575
7596,0.962597,1.0488
7597,0.964816,1.04226
7598,0.964816,1.04226
7599,0.96467,1.04379
7600,0.972183,1.04301
7601,0.972183,1.04301
7602,0.972183,1.04301
7603,0.976028,1.04705
7604,0.973324,1.0493
7605,0.976785,1.0437
7606,0.976785,1.0437
7607,0.975835,1.05023
7608,0.975835,1.05023
7609,0.97415,1.05291
7610,0.976804,1.0546
7611,0.979011,1.05606
7612,0.96903,1.05449
7613,0.97032,1.04967
7614,0.970861,1.05128
7615,0.975553,1.04936
7616,0.975553,1.04936
7617,0.973025,1.04639
7618,0.971463,1.04495
7619,0.967222,1.04964
7620,0.965129,1.04808
7621,0.972455,1.05267
7622,0.977343,1.05416
7623,0.977343,1.05416
7624,0.977343,1.05416
7625,0.977343,1.05416
7626,0.980313,1.05188
7627,0.977879,1.05557
7628,0.975696,1.05232
7629,0.966021,1.05251
7630,0.970657,1.05251
7631,0.965963,1.04755
7632,0.971619,1.04805
7633,0.964607,1.04722
7634,0.964607,1.04722
7635,0.963961,1.04598
7636,0.963961,1.04598
7637,0.971668,1.04692
7638,0.967702,1.04136
7639,0.968181,1.03727
7640,0.969665,1.03252
7641,0.969037,1.03101
7642,0.971859,1.0376
7643,0.971859,1.0376
7644,0.97662,1.03906
7645,0.97662,1.03906
7646,0.97662,1.03906
7647,0.97662,1.03906
7648,0.97662,1.03906
7649,0.9786,1.04472
7650,0.9786,1.04472
7651,0.97115,1.03841
7652,0.976738,1.03166
7653,0.973799,1.03044
7654,0.974729,1.03617
7655,0.974256,1.04188
7656,0.970203,1.04491
7657,0.972249,1.04183
7658,0.971079,1.03597
7659,0.963711,1.02997
7660,0.966243,1.03575
7661,0.964965,1.03356
7662,0.964678,1.03528
7663,0.966765,1.03356
7664,0.972969,1.03297
7665,0.967866,1.02632
7666,0.967866,1.02632
7667,0.967866,1.02632
7668,0.96646,1.03209
7669,0.96646,1.03209
7670,0.969778,1.02714
7671,0.968302,1.02014
7672,0.968302,1.02014
7673,0.969946,1.02252
7674,0.972139,1.0203
7675,0.972139,1.0203
7676,0.96464,1.02197
7677,0.96464,1.02197
7678,0.970237,1.01859
7679,0.972052,1.01838
7680,0.971699,1.01849
7681,0.969395,1.02362
7682,0.968423,1.01297
7683,0.961032,1.01275
7684,0.952192,1.0083
7685,0.952192,1.0083
7686,0.956017,1.01492
7687,0.950454,1.01547
7688,0.953213,1.01314
7689,0.960903,1.01658
7690,0.960903,1.01658
7691,0.960903,1.01658
7692,0.956546,1.01693
7693,0.95183,1.02339
7694,0.953402,1.02888
7695,0.950745,1.01776
7696,0.952326,1.01713
7697,0.958237,1.01988
7698,0.958268,1.02597
7699,0.958075,1.03545
7700,0.953687,1.03318
7701,0.959833,1.02885
7702,0.960966,1.03304
7703,0.960966,1.03304
7704,0.966463,1.03302
7705,0.966463,1.03302
7706,0.961429,1.03508
7707,0.961429,1.03508
7708,0.965449,1.04007
7709,0.965124,1.03738
7710,0.965124,1.03738
7711,0.968437,1.03554
7712,0.964739,1.03223
7713,0.966895,1.03158
7714,0.966895,1.03158
7715,0.97346,1.03521
7716,0.967617,1.03731
7717,0.967617,1.03731
7718,0.979168,1.03918
7719,0.977696,1.04165
7720,0.977696,1.04165
7721,0.974048,1.03629
7722,0.97022,1.03385
7723,0.971531,1.03289
7724,0.962818,1.02627
7725,0.962062,1.03059
7726,0.974262,1.03258
7727,0.978403,1.0404
7728,0.982499,1.03813
7729,0.978557,1.03434
7730,0.985998,1.03537
7731,0.977822,1.02684
7732,0.977822,1.02684
7733,0.98133,1.02753
7734,0.973398,1.02852
7735,0.975876,1.02776
7736,0.973834,1.02587
7737,0.971499,1.02819
7738,0.967073,1.029
7739,0.973385,1.02784
7740,0.973655,1.03212
7741,0.969615,1.03351
7742,0.969615,1.03351
7743,0.975583,1.04538
7744,0.976992,1.04496
7745,0.974471,1.04026
7746,0.975371,1.04227
7747,0.975371,1.04227
7748,0.974433,1.04017
7749,0.971127,1.03669
7750,0.971368,1.04377
7751,0.967919,1.03897
7752,0.962368,1.0365
7753,0.963252,1.03091
7754,0.964326,1.03552
7755,0.964415,1.03835
7756,0.964415,1.03835
7757,0.966739,1.03567
7758,0.968826,1.0354
7759,0.964929,1.03391
7760,0.968571,1.03436
7761,0.96472,1.0325
7762,0.96472,1.0325
7763,0.958322,1.02878
7764,0.958322,1.02878
7765,0.957777,1.03497
7766,0.960343,1.0389
7767,0.964461,1.04305
7768,0.964192,1.04315
7769,0.964192,1.04315
7770,0.972141,1.04886
7771,0.972141,1.04886
7772,0.980804,1.05083
7773,0.981315,1.05037
7774,0.981315,1.05037
7775,0.980548,1.04054
7776,0.978961,1.04423
7777,0.972109,1.03703
7778,0.97001,1.03692
7779,0.965573,1.03925
7780,0.967691,1.03962
7781,0.966206,1.03434
7782,0.966939,1.032
7783,0.971322,1.02962
7784,0.971325,1.0421
7785,0.971325,1.0421
7786,0.971325,1.0421
7787,0.971325,1.0421
7788,0.971325,1.0421
7789,0.968089,1.03625
7790,0.967785,1.04201
7791,0.970573,1.04447
7792,0.970573,1.04447
7793,0.970573,1.04447
7794,0.964736,1.03734
7795,0.964736,1.03734
7796,0.96712,1.04608
7797,0.969517,1.03958
7798,0.958374,1.03812
7799,0.958868,1.03901
7800,0.958668,1.03876
7801,0.967193,1.03643
7802,0.962564,1.04351
7803,0.956228,1.04052
7804,0.948955,1.03222
7805,0.953228,1.03193
7806,0.953228,1.03193
7807,0.950935,1.02652
7808,0.958055,1.03024
7809,0.958512,1.03782
7810,0.960634,1.03767
7811,0.960634,1.03767
7812,0.966934,1.0431
7813,0.964754,1.04849
7814,0.964733,1.05029
7815,0.964733,1.05029
7816,0.964733,1.05029
7817,0.964733,1.05029
7818,0.969406,1.0593
7819,0.974505,1.05641
7820,0.970798,1.051
7821,0.971822,1.04779
7822,0.971822,1.04779
7823,0.975124,1.04345
7824,0.96906,1.03811
7825,0.96906,1.03811
7826,0.96825,1.04095
7827,0.963477,1.03377
7828,0.969196,1.03934
7829,0.961387,1.03042
7830,0.97034,1.0284
7831,0.968049,1.02135
7832,0.968049,1.02135
7833,0.966193,1.02175
7834,0.966026,1.01381
7835,0.966026,1.01381
7836,0.966026,1.01381
7837,0.966026,1.01381
7838,0.968101,1.01949
7839,0.965737,1.02348
7840,0.966704,1.02782
7841,0.966704,1.02782
7842,0.965946,1.0314
7843,0.960624,1.03308
7844,0.960937,1.04044
7845,0.960937,1.04044
7846,0.960937,1.04044
7847,0.960937,1.04044
7848,0.959599,1.03494
7849,0.960481,1.04001
7850,0.963513,1.03603
7851,0.964691,1.03187
7852,0.963621,1.02928
7853,0.964004,1.02119
7854,0.964004,1.02119
7855,0.967065,1.02576
7856,0.967065,1.02576
7857,0.969639,1.02737
7858,0.977475,1.02141
7859,0.976649,1.02679
7860,0.976649,1.02679
7861,0.973246,1.02856
7862,0.973246,1.02856
7863,0.972596,1.02177
7864,0.972931,1.02768
7865,0.974932,1.03328
7866,0.976098,1.0228
7867,0.976098,1.0228
7868,0.979028,1.01816
7869,0.980501,1.02419
7870,0.975389,1.01336
7871,0.972621,1.01393
7872,0.975855,1.02031
7873,0.975855,1.02031
7874,0.983451,1.01683
7875,0.983451,1.01683
7876,0.984343,1.00842
7877,0.981317,1.00731
7878,0.981434,1.00393
7879,0.981434,1.00393
7880,0.981434,1.00393
7881,0.988786,1.01121
7882,0.98574,1.0102
7883,0.98574,1.0102
7884,0.98574,1.0102
7885,0.979266,1.01106
7886,0.979434,1.01167
7887,0.977422,1.00942
7888,0.983817,1.01206
7889,0.982969,1.00587
7890,0.983304,1.01191
7891,0.983126,1.0128
7892,0.972404,1.00788
7893,0.972769,1.00658
7894,0.97487,1.00091
7895,0.977016,1.0066
7896,0.975176,1.0077
7897,0.975176,1.0077
7898,0.972962,1.01559
7899,0.977701,1.01987
7900,0.978266,1.02308
7901,0.968343,1.01804
7902,0.968343,1.01804
7903,0.969474,1.01598
7904,0.964216,1.02769
7905,0.966207,1.03385
7906,0.956396,1.0363
7907,0.958931,1.03378
7908,0.955732,1.02555
7909,0.954033,1.02674
7910,0.950645,1.02433
7911,0.950645,1.02433
7912,0.943855,1.02444
7913,0.939578,1.01695
7914,0.938408,1.02087
7915,0.937611,1.02578
7916,0.937611,1.02578
7917,0.937966,1.02856
7918,0.935136,1.03098
7919,0.93443,1.02763
7920,0.930517,1.02572
7921,0.93623,1.02356
7922,0.93777,1.02485
7923,0.941678,1.01994
7924,0.944388,1.02605
7925,0.945373,1.02609
7926,0.947293,1.03216
7927,0.949161,1.02504
7928,0.955073,1.02058
7929,0.955073,1.02058
7930,0.953985,1.02078
7931,0.952514,1.01895
7932,0.951171,1.0228
7933,0.951601,1.02492
7934,0.956698,1.01946
7935,0.956698,1.01946
7936,0.951873,1.02267
7937,0.950618,1.01686
7938,0.954739,1.02251
7939,0.957571,1.02366
7940,0.958613,1.02161
7941,0.958613,1.02161
7942,0.958668,1.02015
7943,0.962957,1.02566
7944,0.962957,1.02566
7945,0.962957,1.02566
7946,0.956597,1.01658
7947,0.956597,1.01658
7948,0.956597,1.01658
7949,0.955117,1.02645
7950,0.953268,1.02764
7951,0.951,1.02935
7952,0.955182,1.0298
7953,0.957798,1.02449
7954,0.960841,1.02233
7955,0.960841,1.02233
7956,0.960841,1.02233
7957,0.959164,1.02395
7958,0.959164,1.02395
7959,0.963688,1.01872
7960,0.964863,1.02053
7961,0.964007,1.02296
7962,0.964007,1.02296
7963,0.954236,1.02115
7964,0.953733,1.02059
7965,0.954595,1.02176
7966,0.956746,1.01558
7967,0.950423,1.01753
7968,0.950423,1.01753
7969,0.950423,1.01753
7970,0.951234,1.01175
7971,0.955519,1.01397
7972,0.952861,1.01386
7973,0.951157,1.01834
7974,0.9494,1.01452
7975,0.9494,1.01452
7976,0.9494,1.01452
7977,0.9494,1.01452
7978,0.9494,1.01452
7979,0.9494,1.01452
7980,0.9494,1.01452
7981,0.9494,1.01452
7982,0.945491,1.01225
7983,0.94731,1.01927
7984,0.94731,1.01927
7985,0.950127,1.02109
7986,0.954153,1.02141
7987,0.954153,1.02141
7988,0.954209,1.02242
7989,0.954209,1.02242
7990,0.952763,1.02564
7991,0.952763,1.02564
7992,0.956824,1.02473
7993,0.951515,1.02512
7994,0.953384,1.02992
7995,0.953384,1.02992
7996,0.953198,1.03299
7997,0.950475,1.03444
7998,0.952117,1.02888
7999,0.956555,1.02885
8000,0.956937,1.02459
8001,0.956937,1.02459
8002,0.956937,1.02459
8003,0.949552,1.02332
8004,0.955512,1.0174
8005,0.955512,1.0174
8006,0.955512,1.0174
8007,0.955512,1.0174
8008,0.952352,1.02942
8009,0.953515,1.03469
8010,0.953515,1.03469
8011,0.954055,1.03442
8012,0.952816,1.04027
8013,0.952816,1.04027
8014,0.952816,1.04027
8015,0.952816,1.04027
8016,0.952924,1.03224
8017,0.952924,1.03224
8018,0.952924,1.03224
8019,0.951496,1.0315
8020,0.950196,1.03419
8021,0.950196,1.03419
8022,0.953567,1.03365
8023,0.950557,1.0417
8024,0.940874,1.03845
8025,0.943163,1.03947
8026,0.935372,1.04124
8027,0.938327,1.04276
8028,0.946066,1.03893
8029,0.949817,1.03575
8030,0.949441,1.03406
8031,0.942247,1.04
8032,0.942247,1.04
8033,0.943184,1.04091
8034,0.944646,1.03927
8035,0.948982,1.04274
8036,0.948982,1.04274
8037,0.946518,1.04177
8038,0.946518,1.04177
8039,0.943847,1.03124
8040,0.943847,1.03124
8041,0.943847,1.03124
8042,0.943847,1.03124
8043,0.943847,1.03124
8044,0.949288,1.03499
8045,0.952585,1.02999
8046,0.952585,1.02999
8047,0.952585,1.02999
8048,0.952585,1.02999
8049,0.946251,1.03309
8050,0.95465,1.03536
8051,0.95465,1.03536
8052,0.955881,1.03698
8053,0.951409,1.03773
8054,0.954679,1.04149
8055,0.957788,1.04176
8056,0.958263,1.04134
8057,0.967061,1.03846
8058,0.966595,1.03297
8059,0.9576,1.03808
8060,0.96259,1.03827
8061,0.965891,1.03724
8062,0.97023,1.03585
8063,0.97329,1.03739
8064,0.97329,1.03739
8065,0.97329,1.03739
8066,0.97329,1.03739
8067,0.974076,1.04628
8068,0.977534,1.04535
8069,0.977534,1.04535
8070,0.973089,1.04067
8071,0.968146,1.04499
8072,0.969851,1.03547
8073,0.965467,1.03505
8074,0.966247,1.03466
8075,0.964479,1.03492
8076,0.956242,1.03634
8077,0.949101,1.02421
8078,0.94238,1.01796
8079,0.944845,1.02625
8080,0.945862,1.01945
8081,0.947187,1.02275
8082,0.943808,1.02393
8083,0.943808,1.02393
8084,0.948839,1.0209
8085,0.946602,1.01674
8086,0.946602,1.01674
8087,0.951386,1.01354
8088,0.951386,1.01354
8089,0.958236,1.01799
8090,0.950011,1.01775
8091,0.955062,1.01444
8092,0.955062,1.01444
8093,0.955062,1.01444
8094,0.954215,1.01693
8095,0.948516,1.01043
8096,0.947334,1.01285
8097,0.951771,1.01229
8098,0.951361,1.00559
8099,0.95096,1.01018
8100,0.945483,1.01126
8101,0.9488,1.01136
8102,0.951189,1.00265
8103,0.949494,1.00526
8104,0.949494,1.00526
8105,0.949494,1.00526
8106,0.949494,1.00526
8107,0.947799,1.01166
8108,0.948941,1.0182
8109,0.94438,1.01673
8110,0.944666,1.02232
8111,0.944666,1.02232
8112,0.944666,1.02232
8113,0.944666,1.02232
8114,0.939974,1.01646
8115,0.939974,1.01646
8116,0.939974,1.01646
8117,0.941231,1.01685
8118,0.942077,1.01832
8119,0.94778,1.01999
8120,0.946982,1.01475
8121,0.947878,1.01589
8122,0.947878,1.01589
8123,0.944909,1.01634
8124,0.948896,1.01616
8125,0.948896,1.01616
8126,0.948896,1.01616
8127,0.943156,1.0272
8128,0.943156,1.0272
8129,0.943156,1.0272
8130,0.941053,1.02293
8131,0.948811,1.02538
8132,0.950872,1.01423
8133,0.940454,1.01247
8134,0.940454,1.01247
8135,0.940454,1.01247
8136,0.940454,1.01247
8137,0.940454,1.01247
8138,0.939962,1.01067
8139,0.939962,1.01067
8140,0.939962,1.01067
8141,0.940756,1.01331
8142,0.940756,1.01331
8143,0.93913,1.01272
8144,0.941235,1.01475
8145,0.941621,1.01243
8146,0.941621,1.01243
8147,0.941621,1.01243
8148,0.941621,1.01243
8149,0.941621,1.01243
8150,0.941621,1.01243
8151,0.942281,1.01268
8152,0.93964,1.02239
8153,0.939473,1.02095
8154,0.937311,1.01682
8155,0.934919,1.01196
8156,0.934919,1.01196
8157,0.934919,1.01196
8158,0.934919,1.01196
8159,0.934919,1.01196
8160,0.940145,1.00775
8161,0.941658,1.0023
8162,0.930637,0.998105
8163,0.930637,0.998105
8164,0.930637,0.998105
8165,0.930637,0.998105
8166,0.934141,1.00115
8167,0.934928,0.99982
8168,0.930013,0.98641
8169,0.927747,0.990071
8170,0.932593,0.984637
8171,0.93215,0.98868
8172,0.939255,0.990197
8173,0.939255,0.990197
8174,0.939255,0.990197
8175,0.941457,0.989077
8176,0.94043,0.984805
8177,0.938415,0.981116
8178,0.938415,0.981116
8179,0.946099,0.983359
8180,0.9451,0.979871
8181,0.941261,0.987743
8182,0.941261,0.987743
8183,0.949295,0.989903
8184,0.949295,0.989903
8185,0.943464,0.994561
8186,0.950577,0.996264
8187,0.95326,0.995703
8188,0.952077,1.00104
8189,0.952687,1.00135
8190,0.955268,1.00179
