MDTU,|Tr(L)|,ReTr(L),ImTr(L)
1,0.493242,-0.293481,-0.39643
2,0.532734,-0.315023,-0.429612
3,0.53616,-0.328388,-0.423827
4,0.516929,-0.304272,-0.417892
5,0.50957,-0.292828,-0.41703
6,0.524238,-0.311687,-0.421518
7,0.529078,-0.314891,-0.425167
8,0.524013,-0.295536,-0.432722
9,0.558357,-0.315491,-0.460682
10,0.543298,-0.328821,-0.432493
11,0.537247,-0.351997,-0.405872
12,0.5612,-0.38332,-0.409892
13,0.5612,-0.38332,-0.409892
14,0.542455,-0.396685,-0.369998
15,0.562018,-0.406086,-0.388533
16,0.564939,-0.381995,-0.416215
17,0.575625,-0.375906,-0.435935
18,0.616586,-0.381146,-0.484671
19,0.616586,-0.381146,-0.484671
20,0.58375,-0.375051,-0.447326
21,0.58375,-0.375051,-0.447326
22,0.58375,-0.375051,-0.447326
23,0.58375,-0.375051,-0.447326
24,0.636893,-0.415145,-0.482999
25,0.636893,-0.415145,-0.482999
26,0.649416,-0.432234,-0.48468
27,0.624524,-0.400021,-0.479598
28,0.61171,-0.40493,-0.458499
29,0.61171,-0.40493,-0.458499
30,0.61171,-0.40493,-0.458499
31,0.61171,-0.40493,-0.458499
32,0.61171,-0.40493,-0.458499
33,0.61171,-0.40493,-0.458499
34,0.61171,-0.40493,-0.458499
35,0.61171,-0.40493,-0.458499
36,0.61171,-0.40493,-0.458499
37,0.595305,-0.392082,-0.447951
38,0.595305,-0.392082,-0.447951
39,0.595305,-0.392082,-0.447951
40,0.555745,-0.399878,-0.38594
41,0.569661,-0.420792,-0.383988
42,0.569661,-0.420792,-0.383988
43,0.569661,-0.420792,-0.383988
44,0.582253,-0.432176,-0.390182
45,0.582253,-0.432176,-0.390182
46,0.600718,-0.449084,-0.398981
47,0.600718,-0.449084,-0.398981
48,0.61379,-0.443618,-0.424196
49,0.610054,-0.450698,-0.411141
50,0.61483,-0.473256,-0.392486
51,0.61483,-0.473256,-0.392486
52,0.61483,-0.473256,-0.392486
53,0.61483,-0.473256,-0.392486
54,0.67541,-0.547518,-0.395477
55,0.675741,-0.582195,-0.343036
56,0.675741,-0.582195,-0.343036
57,0.675741,-0.582195,-0.343036
58,0.679279,-0.569657,-0.370014
59,0.679279,-0.569657,-0.370014
60,0.679279,-0.569657,-0.370014
61,0.702803,-0.562068,-0.421915
62,0.702803,-0.562068,-0.421915
63,0.699487,-0.571812,-0.402881
64,0.699487,-0.571812,-0.402881
65,0.699487,-0.571812,-0.402881
66,0.702063,-0.562023,-0.42074
67,0.721485,-0.586631,-0.420006
68,0.711829,-0.589866,-0.398444
69,0.692782,-0.602127,-0.342623
70,0.708806,-0.618923,-0.345456
71,0.708806,-0.618923,-0.345456
72,0.708806,-0.618923,-0.345456
73,0.701994,-0.622734,-0.324033
74,0.701994,-0.622734,-0.324033
75,0.701994,-0.622734,-0.324033
76,0.701994,-0.622734,-0.324033
77,0.701994,-0.622734,-0.324033
78,0.701994,-0.622734,-0.324033
79,0.704118,-0.603469,-0.362777
80,0.707487,-0.615728,-0.34845
81,0.712697,-0.623113,-0.34593
82,0.73126,-0.632653,-0.366731
83,0.732425,-0.65092,-0.335784
84,0.797015,-0.697852,-0.385014
85,0.797015,-0.697852,-0.385014
86,0.773552,-0.676212,-0.37566
87,0.773552,-0.676212,-0.37566
88,0.773552,-0.676212,-0.37566
89,0.809297,-0.644725,-0.489173
90,0.809297,-0.644725,-0.489173
91,0.822678,-0.684867,-0.455804
92,0.799375,-0.660635,-0.450068
93,0.799375,-0.660635,-0.450068
94,0.799375,-0.660635,-0.450068
95,0.775363,-0.643906,-0.431941
96,0.763183,-0.656316,-0.389483
97,0.763183,-0.656316,-0.389483
98,0.763183,-0.656316,-0.389483
99,0.794644,-0.664892,-0.435175
100,0.755808,-0.612946,-0.442203
101,0.755808,-0.612946,-0.442203
102,0.740913,-0.579784,-0.461305
103,0.740913,-0.579784,-0.461305
104,0.732668,-0.60423,-0.414377
105,0.732668,-0.60423,-0.414377
106,0.765332,-0.594635,-0.48181
107,0.765332,-0.594635,-0.48181
108,0.765332,-0.594635,-0.48181
109,0.769762,-0.594887,-0.488511
110,0.747937,-0.601675,-0.444294
111,0.802544,-0.634287,-0.491687
112,0.803263,-0.629069,-0.499502
113,0.806126,-0.600317,-0.538015
114,0.83665,-0.605629,-0.577232
115,0.809535,-0.556351,-0.588065
116,0.809535,-0.556351,-0.588065
117,0.836435,-0.559581,-0.621685
118,0.832721,-0.552531,-0.623003
119,0.832721,-0.552531,-0.623003
120,0.832721,-0.552531,-0.623003
121,0.826844,-0.595069,-0.574077
122,0.869006,-0.63143,-0.59705
123,0.860254,-0.644271,-0.570046
124,0.860254,-0.644271,-0.570046
125,0.854579,-0.583333,-0.624522
126,0.842877,-0.578842,-0.612685
127,0.842877,-0.578842,-0.612685
128,0.842877,-0.578842,-0.612685
129,0.842877,-0.578842,-0.612685
130,0.842877,-0.578842,-0.612685
131,0.840522,-0.62571,-0.561217
132,0.840522,-0.62571,-0.561217
133,0.840522,-0.62571,-0.561217
134,0.816283,-0.601168,-0.552192
135,0.846692,-0.644002,-0.549681
136,0.846692,-0.644002,-0.549681
137,0.867621,-0.67794,-0.541446
138,0.91305,-0.702864,-0.582788
139,0.926136,-0.730359,-0.569477
140,0.90225,-0.701217,-0.567759
141,0.890092,-0.697329,-0.553169
142,0.922289,-0.703421,-0.596504
143,0.922289,-0.703421,-0.596504
144,0.955235,-0.742928,-0.600443
145,0.955235,-0.742928,-0.600443
146,0.946068,-0.703206,-0.632887
147,0.93752,-0.686127,-0.638884
148,0.943276,-0.673292,-0.660641
149,0.943276,-0.673292,-0.660641
150,0.943276,-0.673292,-0.660641
151,0.943276,-0.673292,-0.660641
152,0.974238,-0.732515,-0.642309
153,0.939262,-0.73646,-0.582958
154,0.97855,-0.771802,-0.601565
155,1.01447,-0.796361,-0.628456
156,1.01447,-0.796361,-0.628456
157,1.01447,-0.796361,-0.628456
158,1.00868,-0.776772,-0.643474
159,0.948693,-0.724383,-0.612607
160,0.948693,-0.724383,-0.612607
161,0.948693,-0.724383,-0.612607
162,0.934312,-0.695019,-0.624409
163,0.974098,-0.73423,-0.640135
164,0.931218,-0.696679,-0.617904
165,0.931218,-0.696679,-0.617904
166,0.931218,-0.696679,-0.617904
167,0.931218,-0.696679,-0.617904
168,0.931218,-0.696679,-0.617904
169,0.931218,-0.696679,-0.617904
170,0.931218,-0.696679,-0.617904
171,0.928949,-0.698085,-0.61288
172,0.928949,-0.698085,-0.61288
173,0.928949,-0.698085,-0.61288
174,0.888071,-0.631265,-0.62464
175,0.901824,-0.616404,-0.65828
176,0.901824,-0.616404,-0.65828
177,0.921032,-0.630101,-0.671768
178,0.921032,-0.630101,-0.671768
179,0.942076,-0.65695,-0.675221
180,0.942076,-0.65695,-0.675221
181,0.942076,-0.65695,-0.675221
182,0.919749,-0.663291,-0.637168
183,0.96368,-0.702308,-0.65988
184,0.972651,-0.691174,-0.684344
185,0.989358,-0.668786,-0.729078
186,0.989358,-0.668786,-0.729078
187,0.935795,-0.60428,-0.714533
188,0.948569,-0.603904,-0.731494
189,0.948569,-0.603904,-0.731494
190,0.926414,-0.572178,-0.728599
191,0.926414,-0.572178,-0.728599
192,0.941986,-0.604566,-0.722383
193,0.941986,-0.604566,-0.722383
194,0.941986,-0.604566,-0.722383
195,0.91251,-0.609419,-0.679178
196,0.967934,-0.71022,-0.657635
197,0.969447,-0.720046,-0.649124
198,1.00034,-0.764294,-0.645401
199,0.998817,-0.751988,-0.657381
200,0.961447,-0.730532,-0.625062
201,0.987753,-0.750935,-0.64168
202,0.941045,-0.71782,-0.608522
203,0.941045,-0.71782,-0.608522
204,0.941045,-0.71782,-0.608522
205,0.989984,-0.767623,-0.625158
206,0.989984,-0.767623,-0.625158
207,0.989984,-0.767623,-0.625158
208,0.949582,-0.729556,-0.607827
209,0.949582,-0.729556,-0.607827
210,0.990628,-0.774857,-0.617204
211,0.977995,-0.762859,-0.61198
212,0.977995,-0.762859,-0.61198
213,1.0012,-0.756515,-0.655804
214,0.978893,-0.714912,-0.66868
215,1.03184,-0.73827,-0.720873
216,1.00291,-0.648192,-0.765292
217,1.0599,-0.657159,-0.831579
218,1.0599,-0.657159,-0.831579
219,1.0599,-0.657159,-0.831579
220,1.0599,-0.657159,-0.831579
221,1.06691,-0.709643,-0.796686
222,1.06691,-0.709643,-0.796686
223,1.06691,-0.709643,-0.796686
224,1.06691,-0.709643,-0.796686
225,1.02027,-0.701897,-0.740472
226,1.01917,-0.703442,-0.737475
227,0.990853,-0.690452,-0.710679
228,0.998604,-0.669644,-0.740802
229,1.00501,-0.663081,-0.755229
230,0.968583,-0.608199,-0.753822
231,0.977971,-0.54196,-0.814068
232,0.94854,-0.470094,-0.823857
233,0.930092,-0.444634,-0.816928
234,0.930092,-0.444634,-0.816928
235,0.941304,-0.496718,-0.799577
236,0.941304,-0.496718,-0.799577
237,0.938462,-0.526971,-0.776539
238,0.938462,-0.526971,-0.776539
239,0.938462,-0.526971,-0.776539
240,0.910099,-0.49599,-0.763069
241,0.899763,-0.503433,-0.74574
242,0.90674,-0.496047,-0.759021
243,0.88439,-0.436238,-0.769312
244,0.88439,-0.436238,-0.769312
245,0.860661,-0.37285,-0.775706
246,0.865811,-0.328387,-0.801118
247,0.871154,-0.283302,-0.823802
248,0.871154,-0.283302,-0.823802
249,0.838599,-0.270963,-0.793617
250,0.838599,-0.270963,-0.793617
251,0.838599,-0.270963,-0.793617
252,0.865629,-0.265909,-0.823776
253,0.92131,-0.306992,-0.868658
254,0.92131,-0.306992,-0.868658
255,0.895614,-0.236559,-0.863808
256,0.895614,-0.236559,-0.863808
257,0.895614,-0.236559,-0.863808
258,0.895614,-0.236559,-0.863808
259,0.895614,-0.236559,-0.863808
260,0.895614,-0.236559,-0.863808
261,0.899406,-0.265339,-0.859376
262,0.899406,-0.265339,-0.859376
263,0.899406,-0.265339,-0.859376
264,0.899406,-0.265339,-0.859376
265,0.899406,-0.265339,-0.859376
266,0.884605,-0.230266,-0.85411
267,0.884605,-0.230266,-0.85411
268,0.907728,-0.235616,-0.876616
269,0.890911,-0.261478,-0.851676
270,0.875253,-0.251913,-0.838217
271,0.89684,-0.280529,-0.851836
272,0.925859,-0.252415,-0.890787
273,0.9238,-0.226998,-0.895476
274,0.9238,-0.226998,-0.895476
275,0.9238,-0.226998,-0.895476
276,0.974059,-0.268745,-0.936252
277,1.00074,-0.32808,-0.945432
278,1.00074,-0.32808,-0.945432
279,1.00074,-0.32808,-0.945432
280,1.07769,-0.445053,-0.981501
281,1.03403,-0.396538,-0.954969
282,1.03481,-0.468736,-0.922561
283,1.0447,-0.419041,-0.956975
284,1.04686,-0.350798,-0.986336
285,1.04686,-0.350798,-0.986336
286,1.06385,-0.420195,-0.977346
287,1.10283,-0.369073,-1.03924
288,1.10283,-0.369073,-1.03924
289,1.10283,-0.369073,-1.03924
290,1.10283,-0.369073,-1.03924
291,1.10283,-0.369073,-1.03924
292,1.10283,-0.369073,-1.03924
293,1.10283,-0.369073,-1.03924
294,1.09772,-0.411834,-1.01754
295,1.09772,-0.411834,-1.01754
296,1.09772,-0.411834,-1.01754
297,1.15051,-0.474889,-1.04793
298,1.08513,-0.421408,-0.999964
299,1.1628,-0.451502,-1.07157
300,1.16791,-0.450453,-1.07754
301,1.18164,-0.506681,-1.06749
302,1.14016,-0.548156,-0.999741
303,1.1248,-0.475772,-1.01923
304,1.1248,-0.475772,-1.01923
305,1.14183,-0.538527,-1.00686
306,1.15037,-0.547788,-1.01157
307,1.18255,-0.573554,-1.03414
308,1.14084,-0.552794,-0.997967
309,1.16818,-0.6203,-0.989881
310,1.16818,-0.6203,-0.989881
311,1.20795,-0.625126,-1.03361
312,1.21938,-0.636624,-1.04
313,1.21938,-0.636624,-1.04
314,1.25224,-0.621176,-1.08731
315,1.23049,-0.635499,-1.05368
316,1.14929,-0.54112,-1.01393
317,1.13482,-0.496681,-1.02035
318,1.11568,-0.492007,-1.00134
319,1.09104,-0.518606,-0.959907
320,1.09104,-0.518606,-0.959907
321,1.09104,-0.518606,-0.959907
322,1.13187,-0.580533,-0.971648
323,1.13187,-0.580533,-0.971648
324,1.09691,-0.538686,-0.955521
325,1.08037,-0.591971,-0.903759
326,1.13733,-0.601472,-0.965271
327,1.13273,-0.604547,-0.957911
328,1.13273,-0.604547,-0.957911
329,1.15595,-0.669731,-0.942171
330,1.15595,-0.669731,-0.942171
331,1.14701,-0.723525,-0.890029
332,1.14701,-0.723525,-0.890029
333,1.14371,-0.763023,-0.851981
334,1.09904,-0.73506,-0.817056
335,1.13533,-0.759662,-0.843732
336,1.13533,-0.759662,-0.843732
337,1.13533,-0.759662,-0.843732
338,1.17112,-0.808634,-0.847134
339,1.12516,-0.783201,-0.807825
340,1.12516,-0.783201,-0.807825
341,1.12516,-0.783201,-0.807825
342,1.12556,-0.770128,-0.820846
343,1.12556,-0.770128,-0.820846
344,1.12556,-0.770128,-0.820846
345,1.12763,-0.766992,-0.826597
346,1.12763,-0.766992,-0.826597
347,1.05852,-0.732833,-0.763817
348,1.05852,-0.732833,-0.763817
349,1.05852,-0.732833,-0.763817
350,1.08324,-0.758485,-0.773374
351,1.08324,-0.758485,-0.773374
352,1.08324,-0.758485,-0.773374
353,1.08324,-0.758485,-0.773374
354,1.08324,-0.758485,-0.773374
355,1.09489,-0.728534,-0.817326
356,1.1199,-0.780169,-0.80344
357,1.1199,-0.780169,-0.80344
358,1.1199,-0.780169,-0.80344
359,1.1199,-0.780169,-0.80344
360,1.10211,-0.727649,-0.827754
361,1.10211,-0.727649,-0.827754
362,1.10211,-0.727649,-0.827754
363,1.07896,-0.689319,-0.830061
364,1.03574,-0.670429,-0.789477
365,1.05828,-0.699643,-0.794017
366,1.05828,-0.699643,-0.794017
367,1.05185,-0.684864,-0.79834
368,1.05185,-0.684864,-0.79834
369,0.99717,-0.637211,-0.767014
370,0.99717,-0.637211,-0.767014
371,1.02096,-0.64576,-0.790795
372,1.02096,-0.64576,-0.790795
373,1.02096,-0.64576,-0.790795
374,1.06298,-0.637745,-0.850418
375,1.06727,-0.64757,-0.848366
376,1.09184,-0.660977,-0.869037
377,1.0707,-0.638108,-0.859779
378,1.0707,-0.638108,-0.859779
379,1.05051,-0.52994,-0.907053
380,1.05051,-0.52994,-0.907053
381,1.03597,-0.468751,-0.923857
382,1.05111,-0.420234,-0.963451
383,1.00313,-0.479716,-0.880986
384,0.999271,-0.467019,-0.883423
385,1.03977,-0.456618,-0.934146
386,1.05828,-0.490775,-0.937604
387,1.01879,-0.429086,-0.924019
388,1.07311,-0.396279,-0.997261
389,1.03083,-0.412145,-0.944848
390,1.02035,-0.366593,-0.952223
391,1.02035,-0.366593,-0.952223
392,1.03049,-0.356881,-0.966717
393,1.04788,-0.337868,-0.991916
394,1.04788,-0.337868,-0.991916
395,1.07839,-0.363618,-1.01524
396,1.07839,-0.363618,-1.01524
397,1.07839,-0.363618,-1.01524
398,1.07839,-0.363618,-1.01524
399,1.10835,-0.335611,-1.05631
400,1.0691,-0.326833,-1.01792
401,1.0691,-0.326833,-1.01792
402,1.08563,-0.284156,-1.04778
403,1.0832,-0.303942,-1.03969
404,1.13455,-0.308551,-1.09179
405,1.13455,-0.308551,-1.09179
406,1.10253,-0.392107,-1.03045
407,1.07792,-0.334421,-1.02473
408,1.07792,-0.334421,-1.02473
409,1.10245,-0.32392,-1.05379
410,1.10245,-0.32392,-1.05379
411,1.08553,-0.392721,-1.012
412,1.11568,-0.442229,-1.0243
413,1.10554,-0.484356,-0.993791
414,1.06755,-0.435726,-0.974583
415,1.05533,-0.411178,-0.971938
416,1.04266,-0.50387,-0.912828
417,1.02381,-0.445349,-0.921874
418,1.02039,-0.453819,-0.913915
419,1.02899,-0.420688,-0.939062
420,1.07651,-0.363171,-1.0134
421,1.05838,-0.40181,-0.979136
422,1.13864,-0.490383,-1.02763
423,1.13864,-0.490383,-1.02763
424,1.13864,-0.490383,-1.02763
425,1.13864,-0.490383,-1.02763
426,1.15654,-0.463147,-1.05975
427,1.15002,-0.535683,-1.01763
428,1.14496,-0.481966,-1.03858
429,1.12753,-0.460066,-1.0294
430,1.15786,-0.512559,-1.03823
431,1.15786,-0.512559,-1.03823
432,1.15786,-0.512559,-1.03823
433,1.18007,-0.56246,-1.0374
434,1.19029,-0.56649,-1.04684
435,1.19029,-0.56649,-1.04684
436,1.18748,-0.565778,-1.04403
437,1.17721,-0.548008,-1.04188
438,1.17721,-0.548008,-1.04188
439,1.19906,-0.528872,-1.07612
440,1.22594,-0.529394,-1.10574
441,1.21087,-0.605743,-1.04847
442,1.21087,-0.605743,-1.04847
443,1.21087,-0.605743,-1.04847
444,1.20919,-0.503087,-1.09957
445,1.20919,-0.503087,-1.09957
446,1.1415,-0.421367,-1.06088
447,1.15569,-0.469194,-1.05616
448,1.1644,-0.490978,-1.05583
449,1.1644,-0.490978,-1.05583
450,1.19117,-0.510067,-1.07644
451,1.20894,-0.472211,-1.1129
452,1.18772,-0.414832,-1.11292
453,1.18772,-0.414832,-1.11292
454,1.18772,-0.414832,-1.11292
455,1.24404,-0.47918,-1.14806
456,1.22846,-0.428551,-1.15128
457,1.2108,-0.45542,-1.12189
458,1.23043,-0.482702,-1.13179
459,1.22238,-0.461717,-1.13183
460,1.22238,-0.461717,-1.13183
461,1.22238,-0.461717,-1.13183
462,1.24974,-0.490576,-1.14943
463,1.24974,-0.490576,-1.14943
464,1.28152,-0.487079,-1.18535
465,1.28152,-0.487079,-1.18535
466,1.30996,-0.50475,-1.20881
467,1.25567,-0.442461,-1.17513
468,1.22085,-0.419163,-1.14663
469,1.22085,-0.419163,-1.14663
470,1.26199,-0.456472,-1.17654
471,1.2121,-0.483961,-1.11129
472,1.2066,-0.493204,-1.10119
473,1.2066,-0.493204,-1.10119
474,1.2066,-0.493204,-1.10119
475,1.18721,-0.562933,-1.04527
476,1.18721,-0.562933,-1.04527
477,1.22617,-0.544186,-1.09879
478,1.16783,-0.544809,-1.03297
479,1.16783,-0.544809,-1.03297
480,1.21911,-0.537918,-1.09401
481,1.20505,-0.440844,-1.12152
482,1.18422,-0.487663,-1.07915
483,1.13244,-0.517002,-1.00754
484,1.11553,-0.456513,-1.01784
485,1.21032,-0.47362,-1.1138
486,1.21032,-0.47362,-1.1138
487,1.21032,-0.47362,-1.1138
488,1.21032,-0.47362,-1.1138
489,1.23141,-0.482854,-1.1328
490,1.27231,-0.529707,-1.1568
491,1.30182,-0.555615,-1.1773
492,1.30182,-0.555615,-1.1773
493,1.33192,-0.508767,-1.23092
494,1.29514,-0.556031,-1.16971
495,1.29514,-0.556031,-1.16971
496,1.23767,-0.496579,-1.13368
497,1.23767,-0.496579,-1.13368
498,1.23767,-0.496579,-1.13368
499,1.30433,-0.453741,-1.22286
500,1.26132,-0.454698,-1.17651
501,1.20464,-0.39936,-1.13652
502,1.2092,-0.408117,-1.13825
503,1.17022,-0.331344,-1.12233
504,1.18087,-0.327381,-1.13459
505,1.14213,-0.239105,-1.11683
506,1.14213,-0.239105,-1.11683
507,1.1102,-0.274523,-1.07572
508,1.14651,-0.261846,-1.11621
509,1.14143,-0.301509,-1.10089
510,1.15283,-0.431527,-1.06902
511,1.1388,-0.399624,-1.06638
512,1.1406,-0.372162,-1.07818
513,1.1406,-0.372162,-1.07818
514,1.1406,-0.372162,-1.07818
515,1.18426,-0.435441,-1.10131
516,1.21891,-0.53618,-1.09465
517,1.21891,-0.53618,-1.09465
518,1.31416,-0.645677,-1.1446
519,1.29722,-0.600677,-1.14977
520,1.34556,-0.561029,-1.22302
521,1.34556,-0.561029,-1.22302
522,1.2933,-0.544824,-1.17295
523,1.31789,-0.559438,-1.19326
524,1.31082,-0.529046,-1.19932
525,1.32269,-0.469008,-1.23674
526,1.32159,-0.427168,-1.25065
527,1.32159,-0.427168,-1.25065
528,1.32159,-0.427168,-1.25065
529,1.25857,-0.42256,-1.18551
530,1.32137,-0.448149,-1.24305
531,1.2876,-0.429236,-1.21395
532,1.38569,-0.499109,-1.29268
533,1.35393,-0.511097,-1.25376
534,1.37453,-0.514608,-1.27456
535,1.32042,-0.491128,-1.22568
536,1.27504,-0.507637,-1.16963
537,1.21226,-0.523274,-1.09351
538,1.21226,-0.523274,-1.09351
539,1.17725,-0.528257,-1.05208
540,1.17725,-0.528257,-1.05208
541,1.17686,-0.597505,-1.0139
542,1.17686,-0.597505,-1.0139
543,1.23811,-0.587724,-1.08972
544,1.24037,-0.549286,-1.11212
545,1.24037,-0.549286,-1.11212
546,1.23239,-0.547141,-1.10428
547,1.22603,-0.520257,-1.11017
548,1.22603,-0.520257,-1.11017
549,1.22603,-0.520257,-1.11017
550,1.24405,-0.513176,-1.13327
551,1.24405,-0.513176,-1.13327
552,1.24405,-0.513176,-1.13327
553,1.21482,-0.530422,-1.09291
554,1.20321,-0.562846,-1.06345
555,1.22254,-0.608749,-1.06021
556,1.19215,-0.58624,-1.03805
557,1.22608,-0.6123,-1.06225
558,1.25788,-0.662979,-1.06899
559,1.25788,-0.662979,-1.06899
560,1.24314,-0.660269,-1.0533
561,1.2017,-0.631429,-1.02244
562,1.19019,-0.64839,-0.998065
563,1.17126,-0.618768,-0.994471
564,1.16937,-0.629495,-0.985474
565,1.16045,-0.614087,-0.984652
566,1.24681,-0.654303,-1.06133
567,1.24417,-0.683944,-1.03932
568,1.19971,-0.702293,-0.972672
569,1.19971,-0.702293,-0.972672
570,1.19874,-0.667514,-0.99569
571,1.19874,-0.667514,-0.99569
572,1.20333,-0.67405,-0.996823
573,1.14913,-0.622371,-0.966003
574,1.24215,-0.637234,-1.06624
575,1.21563,-0.633122,-1.03775
576,1.22186,-0.61593,-1.05526
577,1.19376,-0.566583,-1.05074
578,1.19574,-0.532683,-1.07053
579,1.17275,-0.534936,-1.04364
580,1.21923,-0.584886,-1.06978
581,1.18243,-0.57764,-1.03173
582,1.20586,-0.548338,-1.07398
583,1.20822,-0.566424,-1.06722
584,1.22288,-0.57122,-1.08127
585,1.22288,-0.57122,-1.08127
586,1.22288,-0.57122,-1.08127
587,1.2134,-0.556119,-1.07845
588,1.2134,-0.556119,-1.07845
589,1.2134,-0.556119,-1.07845
590,1.36822,-0.563325,-1.24687
591,1.39409,-0.633079,-1.24205
592,1.38529,-0.716023,-1.1859
593,1.38529,-0.716023,-1.1859
594,1.38529,-0.716023,-1.1859
595,1.33317,-0.717489,-1.12363
596,1.34103,-0.749923,-1.11174
597,1.34103,-0.749923,-1.11174
598,1.29094,-0.722659,-1.06971
599,1.29094,-0.722659,-1.06971
600,1.29094,-0.722659,-1.06971
601,1.2854,-0.726277,-1.06056
602,1.23768,-0.610006,-1.07691
603,1.17863,-0.540057,-1.04762
604,1.16344,-0.514986,-1.04325
605,1.16344,-0.514986,-1.04325
606,1.16344,-0.514986,-1.04325
607,1.12101,-0.516806,-0.994778
608,1.12032,-0.611134,-0.93895
609,1.15207,-0.654014,-0.948437
610,1.15207,-0.654014,-0.948437
611,1.15207,-0.654014,-0.948437
612,1.15207,-0.654014,-0.948437
613,1.1903,-0.688491,-0.97097
614,1.1903,-0.688491,-0.97097
615,1.1903,-0.688491,-0.97097
616,1.16352,-0.699278,-0.929943
617,1.17018,-0.705275,-0.933759
618,1.17018,-0.705275,-0.933759
619,1.19213,-0.771207,-0.909072
620,1.18022,-0.758056,-0.904582
621,1.18022,-0.758056,-0.904582
622,1.16187,-0.739344,-0.896277
623,1.18034,-0.78763,-0.879111
624,1.15673,-0.789088,-0.845797
625,1.11167,-0.75622,-0.81482
626,1.13966,-0.721619,-0.882093
627,1.18083,-0.78839,-0.879095
628,1.21825,-0.821305,-0.899779
629,1.21825,-0.821305,-0.899779
630,1.21314,-0.792276,-0.918694
631,1.21314,-0.792276,-0.918694
632,1.22838,-0.790053,-0.940597
633,1.27647,-0.855665,-0.947208
634,1.32149,-0.883126,-0.983066
635,1.31896,-0.894608,-0.969197
636,1.31896,-0.894608,-0.969197
637,1.28552,-0.935568,-0.881631
638,1.30509,-0.936476,-0.908994
639,1.28217,-0.879494,-0.932976
640,1.28217,-0.879494,-0.932976
641,1.2987,-0.853553,-0.978809
642,1.2987,-0.853553,-0.978809
643,1.32474,-0.843462,-1.02152
644,1.31546,-0.845022,-1.00816
645,1.30889,-0.860082,-0.986631
646,1.31067,-0.869852,-0.980409
647,1.28676,-0.918431,-0.901235
648,1.28676,-0.918431,-0.901235
649,1.29926,-0.869309,-0.965592
650,1.25881,-0.847533,-0.930752
651,1.25551,-0.857554,-0.917005
652,1.1571,-0.808492,-0.827787
653,1.21894,-0.781132,-0.935756
654,1.18598,-0.715145,-0.946106
655,1.18598,-0.715145,-0.946106
656,1.24723,-0.770633,-0.980671
657,1.19806,-0.674656,-0.990047
658,1.25003,-0.749888,-1.00012
659,1.22706,-0.680486,-1.02108
660,1.2482,-0.73193,-1.01108
661,1.20433,-0.691603,-0.985954
662,1.25552,-0.765898,-0.994852
663,1.25552,-0.765898,-0.994852
664,1.24245,-0.807393,-0.944347
665,1.19707,-0.782229,-0.906137
666,1.19707,-0.782229,-0.906137
667,1.19838,-0.750912,-0.933941
668,1.19838,-0.750912,-0.933941
669,1.19838,-0.750912,-0.933941
670,1.19838,-0.750912,-0.933941
671,1.18557,-0.724624,-0.938347
672,1.18557,-0.724624,-0.938347
673,1.18912,-0.691921,-0.96709
674,1.20551,-0.675999,-0.998139
675,1.29427,-0.758545,-1.04868
676,1.27664,-0.730575,-1.04694
677,1.2683,-0.705567,-1.05393
678,1.29622,-0.715194,-1.08106
679,1.29622,-0.715194,-1.08106
680,1.29622,-0.715194,-1.08106
681,1.38029,-0.757473,-1.15388
682,1.38359,-0.744523,-1.16619
683,1.38359,-0.744523,-1.16619
684,1.46741,-0.794982,-1.23341
685,1.45495,-0.679512,-1.28652
686,1.41147,-0.651045,-1.25235
687,1.40976,-0.567555,-1.29047
688,1.41728,-0.642429,-1.26332
689,1.41728,-0.642429,-1.26332
690,1.38109,-0.645736,-1.22083
691,1.38101,-0.53614,-1.27269
692,1.37276,-0.559219,-1.2537
693,1.47365,-0.636771,-1.32898
694,1.46112,-0.586105,-1.33842
695,1.46358,-0.66805,-1.30222
696,1.48942,-0.675391,-1.32749
697,1.48942,-0.675391,-1.32749
698,1.52034,-0.725347,-1.33615
699,1.52034,-0.725347,-1.33615
700,1.52034,-0.725347,-1.33615
701,1.59125,-0.797317,-1.37709
702,1.54469,-0.82472,-1.3061
703,1.54469,-0.82472,-1.3061
704,1.51286,-0.787729,-1.2916
705,1.57393,-0.865651,-1.3145
706,1.57393,-0.865651,-1.3145
707,1.57393,-0.865651,-1.3145
708,1.57393,-0.865651,-1.3145
709,1.6352,-0.926292,-1.34754
710,1.61275,-0.9586,-1.29694
711,1.52666,-0.919025,-1.21906
712,1.54977,-1.00332,-1.18116
713,1.54602,-0.971233,-1.20286
714,1.56173,-1.01225,-1.18927
715,1.56173,-1.01225,-1.18927
716,1.48912,-0.964098,-1.1349
717,1.48912,-0.964098,-1.1349
718,1.45111,-0.89377,-1.14319
719,1.40797,-0.831242,-1.1364
720,1.43021,-0.887911,-1.12121
721,1.43021,-0.887911,-1.12121
722,1.4459,-0.901901,-1.13014
723,1.40475,-0.923909,-1.05817
724,1.38288,-0.864293,-1.07951
725,1.35343,-0.810323,-1.08404
726,1.35343,-0.810323,-1.08404
727,1.32402,-0.827686,-1.03343
728,1.35227,-0.822728,-1.0732
729,1.33313,-0.780781,-1.08056
730,1.31536,-0.786515,-1.05431
731,1.28168,-0.808789,-0.994271
732,1.28256,-0.789352,-1.01089
733,1.28256,-0.789352,-1.01089
734,1.25452,-0.834533,-0.936677
735,1.20905,-0.847182,-0.8626
736,1.20905,-0.847182,-0.8626
737,1.20905,-0.847182,-0.8626
738,1.20905,-0.847182,-0.8626
739,1.20905,-0.847182,-0.8626
740,1.20905,-0.847182,-0.8626
741,1.20905,-0.847182,-0.8626
742,1.23302,-0.776205,-0.958048
743,1.23302,-0.776205,-0.958048
744,1.25822,-0.846124,-0.931227
745,1.21682,-0.83815,-0.88213
746,1.2779,-0.835021,-0.967352
747,1.25623,-0.872413,-0.90389
748,1.28391,-0.895857,-0.919712
749,1.26046,-0.865447,-0.916385
750,1.26046,-0.865447,-0.916385
751,1.28018,-0.877426,-0.932188
752,1.24169,-0.822033,-0.930626
753,1.30208,-0.86908,-0.969596
754,1.34316,-0.85136,-1.03887
755,1.30099,-0.817672,-1.01192
756,1.2594,-0.731193,-1.0254
757,1.21593,-0.658346,-1.02228
758,1.25744,-0.735027,-1.02024
759,1.22509,-0.70507,-1.00186
760,1.24137,-0.712892,-1.01626
761,1.30883,-0.750907,-1.072
762,1.26276,-0.716032,-1.04013
763,1.19356,-0.660553,-0.994113
764,1.20271,-0.68027,-0.991843
765,1.21496,-0.733289,-0.968722
766,1.21496,-0.733289,-0.968722
767,1.19986,-0.690688,-0.981126
768,1.23526,-0.728403,-0.997651
769,1.24856,-0.75313,-0.995834
770,1.24856,-0.75313,-0.995834
771,1.26165,-0.691924,-1.05499
772,1.27396,-0.702023,-1.06308
773,1.27929,-0.733321,-1.04825
774,1.31888,-0.71699,-1.10696
775,1.31888,-0.71699,-1.10696
776,1.26501,-0.663751,-1.07689
777,1.26501,-0.663751,-1.07689
778,1.26501,-0.663751,-1.07689
779,1.26501,-0.663751,-1.07689
780,1.33035,-0.755931,-1.09471
781,1.33035,-0.755931,-1.09471
782,1.31772,-0.741819,-1.08908
783,1.32429,-0.839616,-1.02411
784,1.4168,-0.900531,-1.09379
785,1.4168,-0.900531,-1.09379
786,1.4168,-0.900531,-1.09379
787,1.40811,-0.8458,-1.12578
788,1.42149,-0.817444,-1.16294
789,1.42149,-0.817444,-1.16294
790,1.44582,-0.893318,-1.13682
791,1.43977,-0.827931,-1.17791
792,1.39319,-0.808021,-1.13494
793,1.39906,-0.776546,-1.16377
794,1.43226,-0.827445,-1.16906
795,1.38487,-0.850537,-1.0929
796,1.38487,-0.850537,-1.0929
797,1.42426,-0.865772,-1.13091
798,1.47167,-0.849038,-1.20206
799,1.47167,-0.849038,-1.20206
800,1.46016,-0.848711,-1.18817
801,1.4829,-0.801403,-1.2477
802,1.43625,-0.76669,-1.2145
803,1.41056,-0.721115,-1.2123
804,1.41056,-0.721115,-1.2123
805,1.40509,-0.683408,-1.2277
806,1.40001,-0.666182,-1.23135
807,1.40001,-0.666182,-1.23135
808,1.43009,-0.729268,-1.23018
809,1.43009,-0.729268,-1.23018
810,1.31691,-0.668759,-1.13447
811,1.33781,-0.682618,-1.15055
812,1.33969,-0.688952,-1.14896
813,1.33969,-0.688952,-1.14896
814,1.25281,-0.652442,-1.06951
815,1.30536,-0.663108,-1.12439
816,1.27556,-0.621076,-1.11415
817,1.3,-0.66513,-1.11696
818,1.23618,-0.647623,-1.05297
819,1.1979,-0.681825,-0.984927
820,1.18543,-0.669299,-0.97841
821,1.18987,-0.687084,-0.971444
822,1.18987,-0.687084,-0.971444
823,1.19358,-0.719434,-0.952386
824,1.20229,-0.715818,-0.965975
825,1.24432,-0.775003,-0.973494
826,1.22722,-0.784578,-0.943672
827,1.27019,-0.813198,-0.975747
828,1.32904,-0.825707,-1.04142
829,1.32904,-0.825707,-1.04142
830,1.32904,-0.825707,-1.04142
831,1.3709,-0.823797,-1.09578
832,1.39037,-0.824328,-1.11965
833,1.33785,-0.778534,-1.08799
834,1.33785,-0.778534,-1.08799
835,1.34981,-0.789874,-1.09457
836,1.30203,-0.759335,-1.05768
837,1.30203,-0.759335,-1.05768
838,1.29908,-0.833634,-0.996323
839,1.27026,-0.792394,-0.992811
840,1.27511,-0.820718,-0.975876
841,1.31043,-0.832308,-1.01217
842,1.28871,-0.830462,-0.985453
843,1.30681,-0.802928,-1.03105
844,1.30681,-0.802928,-1.03105
845,1.31964,-0.86885,-0.993247
846,1.33762,-0.894433,-0.994599
847,1.33762,-0.894433,-0.994599
848,1.32912,-0.879031,-0.996928
849,1.29741,-0.881863,-0.951629
850,1.41453,-0.926724,-1.06869
851,1.45399,-0.954411,-1.0969
852,1.35943,-0.882157,-1.03434
853,1.38706,-0.837285,-1.10584
854,1.43915,-0.87319,-1.14399
855,1.39034,-0.805474,-1.13325
856,1.39271,-0.776264,-1.15631
857,1.39271,-0.776264,-1.15631
858,1.37946,-0.784264,-1.13483
859,1.41528,-0.780519,-1.18059
860,1.40777,-0.791821,-1.16397
861,1.33728,-0.761961,-1.09897
862,1.41707,-0.816258,-1.15836
863,1.42561,-0.814622,-1.16994
864,1.42561,-0.814622,-1.16994
865,1.44895,-0.770357,-1.2272
866,1.51489,-0.822453,-1.27219
867,1.4903,-0.832123,-1.23635
868,1.5147,-0.77265,-1.30281
869,1.53661,-0.681058,-1.37743
870,1.49859,-0.678668,-1.33611
871,1.4791,-0.680554,-1.31324
872,1.46195,-0.639388,-1.31472
873,1.49335,-0.697104,-1.32065
874,1.5083,-0.711358,-1.33002
875,1.52037,-0.664622,-1.36741
876,1.48723,-0.598903,-1.36131
877,1.44937,-0.580865,-1.32788
878,1.46915,-0.530516,-1.37002
879,1.524,-0.551065,-1.42088
880,1.48505,-0.386516,-1.43387
881,1.52744,-0.344219,-1.48815
882,1.52744,-0.344219,-1.48815
883,1.52744,-0.344219,-1.48815
884,1.52396,-0.382389,-1.4752
885,1.54621,-0.326197,-1.51141
886,1.54621,-0.326197,-1.51141
887,1.48705,-0.301817,-1.4561
888,1.39213,-0.199226,-1.3778
889,1.42404,-0.246465,-1.40255
890,1.30404,-0.257101,-1.27845
891,1.30404,-0.257101,-1.27845
892,1.29593,-0.284025,-1.26442
893,1.29593,-0.284025,-1.26442
894,1.29394,-0.244428,-1.27064
895,1.35528,-0.221735,-1.33702
896,1.31081,-0.217367,-1.29266
897,1.31081,-0.166423,-1.30021
898,1.31081,-0.166423,-1.30021
899,1.29051,-0.0456192,-1.28971
900,1.29051,-0.0456192,-1.28971
901,1.2424,-0.0552449,-1.24117
902,1.26217,-0.110009,-1.25737
903,1.26217,-0.110009,-1.25737
904,1.26217,-0.110009,-1.25737
905,1.21811,-0.152868,-1.20848
906,1.24956,-0.0920303,-1.24617
907,1.31314,-0.0982158,-1.30947
908,1.2618,-0.135468,-1.25451
909,1.2618,-0.135468,-1.25451
910,1.28449,-0.0946965,-1.28099
911,1.28449,-0.0946965,-1.28099
912,1.2736,-0.147141,-1.26507
913,1.27639,-0.0960186,-1.27277
914,1.27958,-0.0869603,-1.27662
915,1.27958,-0.0869603,-1.27662
916,1.27958,-0.0869603,-1.27662
917,1.26282,-0.063567,-1.26122
918,1.26282,-0.063567,-1.26122
919,1.26933,-0.0172462,-1.26921
920,1.33713,-0.00320676,-1.33713
921,1.32881,-0.0587909,-1.32751
922,1.3462,-0.10181,-1.34234
923,1.38824,-0.0689121,-1.38653
924,1.38824,-0.0689121,-1.38653
925,1.36605,-0.155846,-1.35714
926,1.42077,-0.139641,-1.41389
927,1.4553,-0.173296,-1.44494
928,1.4553,-0.173296,-1.44494
929,1.4553,-0.173296,-1.44494
930,1.4553,-0.173296,-1.44494
931,1.39015,-0.164708,-1.38036
932,1.39727,-0.188255,-1.38453
933,1.39727,-0.188255,-1.38453
934,1.34751,-0.224541,-1.32867
935,1.38353,-0.159219,-1.37434
936,1.35882,-0.145418,-1.35102
937,1.36293,-0.0901723,-1.35994
938,1.23247,-0.127225,-1.22589
939,1.23247,-0.127225,-1.22589
940,1.22707,-0.0730264,-1.2249
941,1.26722,-0.103236,-1.26301
942,1.33832,-0.121328,-1.33281
943,1.32546,-0.117543,-1.32024
944,1.2729,-0.0808005,-1.27033
945,1.2729,-0.0808005,-1.27033
946,1.32533,-0.0715915,-1.3234
947,1.32533,-0.0715915,-1.3234
948,1.28942,-0.0558846,-1.28821
949,1.29599,0.035803,-1.2955
950,1.24582,-0.0167615,-1.24571
951,1.24582,-0.0167615,-1.24571
952,1.24582,-0.0167615,-1.24571
953,1.24582,-0.0167615,-1.24571
954,1.24582,-0.0167615,-1.24571
955,1.25732,0.0215859,-1.25713
956,1.28021,0.0750729,-1.27801
957,1.27381,-0.0161763,-1.27371
958,1.23263,0.0108007,-1.23258
959,1.17787,-0.0324983,-1.17742
960,1.23302,-0.0629976,-1.23141
961,1.26691,-0.034841,-1.26643
962,1.31098,-0.00616241,-1.31097
963,1.34531,0.0542384,-1.34422
964,1.34531,0.0542384,-1.34422
965,1.34531,0.0542384,-1.34422
966,1.34531,0.0542384,-1.34422
967,1.35132,0.0412141,-1.35069
968,1.34153,0.0184063,-1.34141
969,1.34363,0.100408,-1.33987
970,1.37712,0.113462,-1.37244
971,1.37069,0.12473,-1.36501
972,1.34559,0.0909617,-1.34252
973,1.40009,0.0813772,-1.39772
974,1.40009,0.0813772,-1.39772
975,1.35834,0.0586726,-1.35707
976,1.36641,0.0788731,-1.36414
977,1.36641,0.0788731,-1.36414
978,1.39446,0.126555,-1.38871
979,1.39189,0.149083,-1.38389
980,1.38428,0.128452,-1.37831
981,1.36351,0.163041,-1.35373
982,1.2927,0.177242,-1.28049
983,1.28141,0.189784,-1.26727
984,1.28141,0.189784,-1.26727
985,1.28141,0.189784,-1.26727
986,1.28141,0.189784,-1.26727
987,1.30478,0.187333,-1.29126
988,1.34372,0.24605,-1.32101
989,1.3914,0.140313,-1.3843
990,1.39693,0.15954,-1.38779
991,1.39693,0.15954,-1.38779
992,1.38418,0.09235,-1.3811
993,1.30921,0.139919,-1.30172
994,1.26613,0.132365,-1.25919
995,1.23895,0.12204,-1.23292
996,1.23895,0.12204,-1.23292
997,1.23895,0.12204,-1.23292
998,1.23959,0.137403,-1.23195
999,1.27362,0.164363,-1.26297
1000,1.25771,0.213353,-1.23948
1001,1.31188,0.285698,-1.2804
1002,1.31188,0.285698,-1.2804
1003,1.29303,0.28758,-1.26064
1004,1.33659,0.225708,-1.3174
1005,1.37759,0.208618,-1.3617
1006,1.40273,0.227424,-1.38417
1007,1.43433,0.238229,-1.41441
1008,1.42021,0.202193,-1.40575
1009,1.36847,0.261164,-1.34332
1010,1.36116,0.274199,-1.33325
1011,1.38765,0.201054,-1.37301
1012,1.40207,0.222473,-1.38431
1013,1.40207,0.222473,-1.38431
1014,1.4408,0.268843,-1.41549
1015,1.4477,0.305016,-1.41521
1016,1.4477,0.305016,-1.41521
1017,1.4477,0.305016,-1.41521
1018,1.4477,0.305016,-1.41521
1019,1.4477,0.305016,-1.41521
1020,1.4477,0.305016,-1.41521
1021,1.47765,0.329634,-1.44041
1022,1.4263,0.307365,-1.39279
1023,1.43442,0.312305,-1.40001
1024,1.44456,0.341376,-1.40364
1025,1.43621,0.299808,-1.40457
1026,1.36378,0.281665,-1.33438
1027,1.36378,0.281665,-1.33438
1028,1.36378,0.281665,-1.33438
1029,1.33937,0.270637,-1.31174
1030,1.36408,0.253808,-1.34026
1031,1.3682,0.283379,-1.33853
1032,1.38011,0.218134,-1.36276
1033,1.42655,0.155936,-1.418
1034,1.41056,0.112977,-1.40603
1035,1.39052,0.197833,-1.37637
1036,1.35466,0.170723,-1.34386
1037,1.35466,0.170723,-1.34386
1038,1.32358,0.224765,-1.30435
1039,1.26765,0.142141,-1.25965
1040,1.31352,0.106445,-1.3092
1041,1.27852,0.0554003,-1.27732
1042,1.27852,0.0554003,-1.27732
1043,1.24545,0.00433466,-1.24544
1044,1.23104,-0.0246118,-1.23079
1045,1.19603,-0.0533598,-1.19484
1046,1.19701,-0.10622,-1.19229
1047,1.17499,-0.137085,-1.16697
1048,1.17653,-0.0988914,-1.17236
1049,1.17653,-0.0988914,-1.17236
1050,1.16808,-0.147972,-1.15867
1051,1.16808,-0.147972,-1.15867
1052,1.15323,-0.172633,-1.14024
1053,1.16595,-0.193417,-1.1498
1054,1.13658,-0.164513,-1.12461
1055,1.18498,-0.220333,-1.16431
1056,1.18735,-0.230688,-1.16472
1057,1.18735,-0.230688,-1.16472
1058,1.18735,-0.230688,-1.16472
1059,1.12766,-0.260028,-1.09727
1060,1.12766,-0.260028,-1.09727
1061,1.12766,-0.260028,-1.09727
1062,1.09631,-0.190652,-1.07961
1063,1.15059,-0.164486,-1.13877
1064,1.18944,-0.164935,-1.17795
1065,1.27991,-0.155376,-1.27044
1066,1.27991,-0.155376,-1.27044
1067,1.22988,-0.0882355,-1.22671
1068,1.23156,-0.0415136,-1.23086
1069,1.1835,-0.212775,-1.16421
1070,1.19436,-0.163452,-1.18312
1071,1.19436,-0.163452,-1.18312
1072,1.21092,-0.192535,-1.19552
1073,1.25249,-0.216953,-1.23356
1074,1.19153,-0.297212,-1.15387
1075,1.16923,-0.25163,-1.14183
1076,1.18634,-0.292994,-1.14959
1077,1.19703,-0.377144,-1.13606
1078,1.19703,-0.377144,-1.13606
1079,1.19703,-0.377144,-1.13606
1080,1.2013,-0.393127,-1.13516
1081,1.2013,-0.393127,-1.13516
1082,1.20017,-0.415505,-1.12595
1083,1.21558,-0.348391,-1.16458
1084,1.24964,-0.354749,-1.19823
1085,1.27194,-0.331559,-1.22797
1086,1.27218,-0.293532,-1.23785
1087,1.23324,-0.275395,-1.20209
1088,1.22968,-0.260237,-1.20183
1089,1.22968,-0.260237,-1.20183
1090,1.22968,-0.260237,-1.20183
1091,1.2456,-0.234326,-1.22336
1092,1.2456,-0.234326,-1.22336
1093,1.30797,-0.225167,-1.28844
1094,1.33663,-0.271526,-1.30876
1095,1.29051,-0.198051,-1.27523
1096,1.29051,-0.198051,-1.27523
1097,1.27474,-0.222769,-1.25512
1098,1.23665,-0.259949,-1.20902
1099,1.23665,-0.259949,-1.20902
1100,1.26788,-0.196891,-1.2525
1101,1.30425,-0.24309,-1.28139
1102,1.22748,-0.231077,-1.20554
1103,1.22393,-0.200346,-1.20743
1104,1.28443,-0.182152,-1.27145
1105,1.24167,-0.167762,-1.23029
1106,1.27006,-0.19209,-1.25545
1107,1.23578,-0.213942,-1.21712
1108,1.20428,-0.172821,-1.19181
1109,1.14211,-0.111202,-1.13668
1110,1.213,-0.11641,-1.2074
1111,1.213,-0.11641,-1.2074
1112,1.213,-0.11641,-1.2074
1113,1.27082,-0.176521,-1.2585
1114,1.26627,-0.198173,-1.25067
1115,1.23796,-0.159319,-1.22767
1116,1.27203,-0.169574,-1.26068
1117,1.34659,-0.188078,-1.33339
1118,1.35275,-0.0958559,-1.34935
1119,1.35275,-0.0958559,-1.34935
1120,1.32908,-0.113597,-1.32421
1121,1.32908,-0.113597,-1.32421
1122,1.33474,-0.114441,-1.32982
1123,1.3419,-0.063585,-1.34039
1124,1.41046,-0.0983598,-1.40703
1125,1.41046,-0.0983598,-1.40703
1126,1.35757,-0.0856874,-1.35487
1127,1.32232,-0.0688931,-1.32052
1128,1.32232,-0.0688931,-1.32052
1129,1.28924,-0.0487631,-1.28832
1130,1.27613,-0.10328,-1.27194
1131,1.27814,-0.0880066,-1.2751
1132,1.26032,-0.0686994,-1.25844
1133,1.2677,-0.156663,-1.25798
1134,1.26984,-0.158148,-1.25995
1135,1.27415,-0.131807,-1.26731
1136,1.27415,-0.131807,-1.26731
1137,1.27415,-0.131807,-1.26731
1138,1.20861,-0.126322,-1.20199
1139,1.22796,-0.103144,-1.22362
1140,1.20514,-0.113834,-1.19975
1141,1.20514,-0.113834,-1.19975
1142,1.20514,-0.113834,-1.19975
1143,1.17427,-0.123382,-1.16777
1144,1.17427,-0.123382,-1.16777
1145,1.17457,-0.109916,-1.16942
1146,1.18869,-0.201406,-1.1715
1147,1.18869,-0.201406,-1.1715
1148,1.22684,-0.177486,-1.21393
1149,1.22684,-0.177486,-1.21393
1150,1.15666,-0.0922253,-1.15297
1151,1.18494,-0.114661,-1.17938
1152,1.19724,-0.123545,-1.19085
1153,1.15874,-0.0840339,-1.15569
1154,1.20715,-0.0925794,-1.20359
1155,1.24947,-0.0715472,-1.24742
1156,1.32389,-0.0782704,-1.32157
1157,1.26102,-0.0013683,-1.26102
1158,1.37776,0.010766,-1.37772
1159,1.28097,0.0651481,-1.27932
1160,1.28657,-0.0505624,-1.28558
1161,1.27992,-0.0850345,-1.27709
1162,1.29388,-0.00987883,-1.29384
1163,1.30657,0.055278,-1.3054
1164,1.35793,0.107812,-1.35364
1165,1.41398,0.0800589,-1.41171
1166,1.36642,0.103696,-1.36248
1167,1.36642,0.103696,-1.36248
1168,1.36642,0.103696,-1.36248
1169,1.33253,0.0779104,-1.33025
1170,1.35984,0.0676958,-1.35816
1171,1.28401,0.0327521,-1.28359
1172,1.28594,0.0818632,-1.28333
1173,1.31718,0.150441,-1.30856
1174,1.31898,0.133699,-1.31218
1175,1.29159,0.130357,-1.285
1176,1.29159,0.130357,-1.285
1177,1.29159,0.130357,-1.285
1178,1.33466,0.0953033,-1.33125
1179,1.31015,0.155054,-1.30095
1180,1.31015,0.155054,-1.30095
1181,1.37737,0.166326,-1.36729
1182,1.36358,0.189556,-1.35034
1183,1.36358,0.189556,-1.35034
1184,1.36358,0.189556,-1.35034
1185,1.36358,0.189556,-1.35034
1186,1.34821,0.110422,-1.34369
1187,1.39722,0.0973029,-1.39383
1188,1.35254,0.173172,-1.3414
1189,1.34731,0.231127,-1.32733
1190,1.34731,0.231127,-1.32733
1191,1.37082,0.215176,-1.35382
1192,1.37082,0.215176,-1.35382
1193,1.3877,0.332508,-1.34728
1194,1.39913,0.280125,-1.3708
1195,1.39913,0.280125,-1.3708
1196,1.39913,0.280125,-1.3708
1197,1.39913,0.280125,-1.3708
1198,1.33561,0.251351,-1.31175
1199,1.3019,0.272459,-1.27307
1200,1.3019,0.272459,-1.27307
1201,1.27889,0.249929,-1.25423
1202,1.25638,0.213174,-1.23816
1203,1.23066,0.200056,-1.21429
1204,1.23066,0.200056,-1.21429
1205,1.23066,0.200056,-1.21429
1206,1.22184,0.190305,-1.20692
1207,1.22184,0.190305,-1.20692
1208,1.18468,0.171335,-1.17222
1209,1.18468,0.171335,-1.17222
1210,1.19758,0.160768,-1.18674
1211,1.19758,0.160768,-1.18674
1212,1.2007,0.114842,-1.19519
1213,1.21297,0.105589,-1.20836
1214,1.21693,0.0304355,-1.21655
1215,1.30096,0.124999,-1.29494
1216,1.33214,0.139887,-1.32478
1217,1.32305,0.139198,-1.3157
1218,1.33294,0.0355639,-1.33246
1219,1.27971,0.0975729,-1.27599
1220,1.30846,0.133979,-1.30158
1221,1.35793,0.112739,-1.35324
1222,1.34556,0.144305,-1.3378
1223,1.28813,0.152957,-1.27901
1224,1.42524,0.155811,-1.4167
1225,1.42524,0.155811,-1.4167
1226,1.45305,0.219027,-1.43645
1227,1.45081,0.140714,-1.44397
1228,1.45081,0.140714,-1.44397
1229,1.40399,0.0484597,-1.40316
1230,1.42372,0.0520051,-1.42277
1231,1.42372,0.0520051,-1.42277
1232,1.45241,0.0996997,-1.44898
1233,1.45241,0.0996997,-1.44898
1234,1.4517,0.0662147,-1.45019
1235,1.43208,0.0497221,-1.43122
1236,1.44375,0.0333117,-1.44336
1237,1.46876,-0.0186007,-1.46864
1238,1.46876,-0.0186007,-1.46864
1239,1.46876,-0.0186007,-1.46864
1240,1.46373,-0.0459337,-1.46301
1241,1.41675,-0.0199115,-1.41661
1242,1.41675,-0.0199115,-1.41661
1243,1.41675,-0.0199115,-1.41661
1244,1.46852,-0.0746874,-1.46662
1245,1.42574,-0.054818,-1.42468
1246,1.44224,-0.0409627,-1.44166
1247,1.48916,-0.0551275,-1.48814
1248,1.37467,0.0301253,-1.37434
1249,1.37467,0.0301253,-1.37434
1250,1.42417,0.00510552,-1.42416
1251,1.45239,-0.0119868,-1.45234
1252,1.4443,-0.12052,-1.43926
1253,1.4443,-0.12052,-1.43926
1254,1.42287,-0.106302,-1.4189
1255,1.44686,-0.0275444,-1.4466
1256,1.46421,-0.00410596,-1.4642
1257,1.46421,-0.00410596,-1.4642
1258,1.44621,0.108538,-1.44214
1259,1.41222,0.018996,-1.41209
1260,1.32595,0.0260591,-1.3257
1261,1.32595,0.0260591,-1.3257
1262,1.35034,-0.00256978,-1.35033
1263,1.35004,0.0049295,-1.35003
1264,1.29967,-0.00393155,-1.29966
1265,1.26635,0.0115187,-1.2663
1266,1.26635,0.0115187,-1.2663
1267,1.30578,-0.0470831,-1.30493
1268,1.30578,-0.0470831,-1.30493
1269,1.30578,-0.0470831,-1.30493
1270,1.34775,-0.0753023,-1.34565
1271,1.34775,-0.0753023,-1.34565
1272,1.32031,-0.0507162,-1.31934
1273,1.33676,-0.0496339,-1.33584
1274,1.33676,-0.0496339,-1.33584
1275,1.30544,-0.0685581,-1.30364
1276,1.26366,-0.094971,-1.26009
1277,1.32993,-0.0911798,-1.32681
1278,1.33244,-0.146529,-1.32435
1279,1.30731,-0.123518,-1.30146
1280,1.2848,-0.0467021,-1.28395
1281,1.28877,-0.0835566,-1.28606
1282,1.28877,-0.0835566,-1.28606
1283,1.29302,-0.049757,-1.29206
1284,1.29302,-0.049757,-1.29206
1285,1.28715,0.0278855,-1.28685
1286,1.32628,0.0179056,-1.32616
1287,1.27111,-0.0122815,-1.27105
1288,1.31943,-0.0499871,-1.31848
1289,1.25686,-0.00791863,-1.25684
1290,1.20965,0.0129752,-1.20958
1291,1.20965,0.0129752,-1.20958
1292,1.20965,0.0129752,-1.20958
1293,1.28525,-0.00173666,-1.28525
1294,1.28099,-0.000425259,-1.28099
1295,1.28099,-0.000425259,-1.28099
1296,1.22858,0.00993483,-1.22854
1297,1.22858,0.00993483,-1.22854
1298,1.28596,0.0709634,-1.284
1299,1.28596,0.0709634,-1.284
1300,1.26542,0.0402413,-1.26478
1301,1.25445,0.0719449,-1.25238
1302,1.23292,0.00058544,-1.23292
1303,1.25292,-0.031006,-1.25254
1304,1.26885,-0.0468084,-1.26798
1305,1.2255,-0.0782282,-1.223
1306,1.20671,-0.0116359,-1.20665
1307,1.20671,-0.0116359,-1.20665
1308,1.21224,-0.0900654,-1.20889
1309,1.21224,-0.0900654,-1.20889
1310,1.15967,-0.0540988,-1.15841
1311,1.15967,-0.0540988,-1.15841
1312,1.2076,-0.15651,-1.19742
1313,1.15663,-0.136955,-1.1485
1314,1.15663,-0.136955,-1.1485
1315,1.23101,-0.102308,-1.22675
1316,1.25614,-0.0371996,-1.25558
1317,1.29465,0.00215729,-1.29465
1318,1.29465,0.00215729,-1.29465
1319,1.27325,0.0340898,-1.2728
1320,1.27325,0.0340898,-1.2728
1321,1.31008,-0.0053387,-1.31007
1322,1.41285,-0.0258743,-1.41261
1323,1.31415,-0.059231,-1.31282
1324,1.31415,-0.059231,-1.31282
1325,1.36693,-0.0869634,-1.36416
1326,1.32245,-0.0899679,-1.31939
1327,1.32245,-0.0899679,-1.31939
1328,1.31008,-0.0965008,-1.30653
1329,1.3105,-0.124881,-1.30454
1330,1.2894,-0.156603,-1.27986
1331,1.2687,-0.135325,-1.26146
1332,1.28996,-0.0739269,-1.28784
1333,1.26461,-0.0421705,-1.26391
1334,1.26461,-0.0421705,-1.26391
1335,1.30632,-0.0112158,-1.30627
1336,1.31027,0.00383011,-1.31027
1337,1.35011,-0.135403,-1.3433
1338,1.34308,-0.0966494,-1.3396
1339,1.34308,-0.0966494,-1.3396
1340,1.3253,-0.103504,-1.32126
1341,1.33966,-0.0850657,-1.33696
1342,1.39355,-0.0342736,-1.39313
1343,1.42209,0.0227524,-1.42191
1344,1.42209,0.0227524,-1.42191
1345,1.39071,-0.014894,-1.39063
1346,1.35066,0.0604176,-1.34931
1347,1.35066,0.0604176,-1.34931
1348,1.39037,0.00520024,-1.39036
1349,1.39037,0.00520024,-1.39036
1350,1.36117,0.00731557,-1.36115
1351,1.36117,0.00731557,-1.36115
1352,1.38856,0.041048,-1.38796
1353,1.36151,-0.016324,-1.36141
1354,1.29892,0.0256413,-1.29866
1355,1.29892,0.0256413,-1.29866
1356,1.307,-0.0142956,-1.30692
1357,1.34199,0.0170536,-1.34188
1358,1.29323,0.0236299,-1.29302
1359,1.32523,-0.0309598,-1.32487
1360,1.28288,-0.0237757,-1.28266
1361,1.28288,-0.0237757,-1.28266
1362,1.30652,-0.0136536,-1.30645
1363,1.30652,-0.0136536,-1.30645
1364,1.27373,-0.0136627,-1.27366
1365,1.2368,-0.0383273,-1.2362
1366,1.27334,-0.015152,-1.27325
1367,1.33212,-0.0147349,-1.33204
1368,1.25015,-0.0300428,-1.24979
1369,1.20919,-0.0899302,-1.20584
1370,1.26128,0.0193105,-1.26113
1371,1.19245,0.0394425,-1.1918
1372,1.19245,0.0394425,-1.1918
1373,1.22167,-0.0267749,-1.22138
1374,1.27815,-0.0319107,-1.27775
1375,1.26992,-0.0426038,-1.2692
1376,1.31666,-0.0380818,-1.31611
1377,1.36261,0.023699,-1.3624
1378,1.36261,0.023699,-1.3624
1379,1.31134,-0.0585111,-1.31003
1380,1.33138,-0.189993,-1.31775
1381,1.25505,-0.136167,-1.24764
1382,1.27048,-0.0716692,-1.26846
1383,1.27048,-0.0716692,-1.26846
1384,1.27048,-0.0716692,-1.26846
1385,1.23224,-0.054708,-1.23103
1386,1.23224,-0.054708,-1.23103
1387,1.18962,-0.107377,-1.18477
1388,1.18962,-0.107377,-1.18477
1389,1.18363,-0.146937,-1.17448
1390,1.2015,-0.0895162,-1.19816
1391,1.23411,-0.0951187,-1.23043
1392,1.26015,-0.115128,-1.25488
1393,1.26015,-0.115128,-1.25488
1394,1.26015,-0.115128,-1.25488
1395,1.20979,-0.057905,-1.2084
1396,1.20979,-0.057905,-1.2084
1397,1.20979,-0.057905,-1.2084
1398,1.20979,-0.057905,-1.2084
1399,1.20979,-0.057905,-1.2084
1400,1.31125,-0.0192867,-1.31111
1401,1.31125,-0.0192867,-1.31111
1402,1.31125,-0.0192867,-1.31111
1403,1.31125,-0.0192867,-1.31111
1404,1.28826,-0.047575,-1.28738
1405,1.35508,-0.0830301,-1.35254
1406,1.35508,-0.0830301,-1.35254
1407,1.34556,-0.166119,-1.33527
1408,1.31742,-0.148897,-1.30898
1409,1.31742,-0.148897,-1.30898
1410,1.30249,-0.178072,-1.29026
1411,1.30249,-0.178072,-1.29026
1412,1.32153,-0.196944,-1.30677
1413,1.37319,-0.25058,-1.35014
1414,1.3172,-0.161704,-1.30724
1415,1.3172,-0.161704,-1.30724
1416,1.36271,-0.0963276,-1.3593
1417,1.34396,-0.117987,-1.33877
1418,1.34772,-0.148586,-1.33951
1419,1.34772,-0.148586,-1.33951
1420,1.32494,-0.070275,-1.32307
1421,1.32494,-0.070275,-1.32307
1422,1.32494,-0.070275,-1.32307
1423,1.35035,-0.172297,-1.33931
1424,1.35035,-0.172297,-1.33931
1425,1.31236,-0.0950201,-1.30892
1426,1.31236,-0.0950201,-1.30892
1427,1.30861,-0.123105,-1.30281
1428,1.3174,-0.155292,-1.30822
1429,1.36991,-0.151264,-1.36153
1430,1.36991,-0.151264,-1.36153
1431,1.30332,-0.179504,-1.2909
1432,1.26511,-0.0753994,-1.26286
1433,1.28631,-0.130944,-1.27963
1434,1.33055,-0.144069,-1.32273
1435,1.38368,-0.121987,-1.37829
1436,1.38368,-0.121987,-1.37829
1437,1.3657,-0.0761,-1.36357
1438,1.31743,-0.125799,-1.31141
1439,1.31561,-0.126169,-1.30955
1440,1.33531,-0.0702993,-1.33346
1441,1.33531,-0.0702993,-1.33346
1442,1.35414,-0.0347339,-1.3537
1443,1.30678,-0.00935686,-1.30675
1444,1.23043,-0.0527201,-1.2293
1445,1.25015,-0.0645784,-1.24848
1446,1.25015,-0.0645784,-1.24848
1447,1.22219,-0.0976052,-1.21829
1448,1.22219,-0.0976052,-1.21829
1449,1.29987,-0.0614986,-1.29842
1450,1.17461,-0.202781,-1.15697
1451,1.17461,-0.202781,-1.15697
1452,1.17461,-0.202781,-1.15697
1453,1.15877,-0.241682,-1.13329
1454,1.22787,-0.329868,-1.18273
1455,1.22787,-0.329868,-1.18273
1456,1.27666,-0.30053,-1.24079
1457,1.2642,-0.317211,-1.22376
1458,1.3208,-0.308035,-1.28438
1459,1.24073,-0.271876,-1.21057
1460,1.24073,-0.271876,-1.21057
1461,1.32142,-0.323052,-1.28132
1462,1.30044,-0.347508,-1.25315
1463,1.30044,-0.347508,-1.25315
1464,1.24509,-0.334453,-1.19933
1465,1.21499,-0.334085,-1.16815
1466,1.20722,-0.276207,-1.1752
1467,1.20722,-0.276207,-1.1752
1468,1.23,-0.226695,-1.20892
1469,1.22683,-0.181834,-1.21328
1470,1.34784,-0.150551,-1.3394
1471,1.38323,-0.233881,-1.36331
1472,1.38323,-0.233881,-1.36331
1473,1.35314,-0.211358,-1.33654
1474,1.39012,-0.259145,-1.36575
1475,1.34017,-0.253995,-1.31589
1476,1.34017,-0.253995,-1.31589
1477,1.2785,-0.261691,-1.25143
1478,1.2785,-0.261691,-1.25143
1479,1.24291,-0.215136,-1.22415
1480,1.24291,-0.215136,-1.22415
1481,1.24291,-0.215136,-1.22415
1482,1.21152,-0.272884,-1.18038
1483,1.16564,-0.311337,-1.12329
1484,1.12322,-0.308787,-1.07994
1485,1.12322,-0.308787,-1.07994
1486,1.17058,-0.275523,-1.13769
1487,1.17058,-0.275523,-1.13769
1488,1.2236,-0.365038,-1.16788
1489,1.24098,-0.412282,-1.17049
1490,1.24098,-0.412282,-1.17049
1491,1.24311,-0.417285,-1.17098
1492,1.20875,-0.448461,-1.12248
1493,1.18199,-0.436898,-1.09828
1494,1.13734,-0.466829,-1.03711
1495,1.13734,-0.466829,-1.03711
1496,1.1848,-0.458538,-1.09247
1497,1.1736,-0.410021,-1.09964
1498,1.1736,-0.410021,-1.09964
1499,1.23722,-0.503824,-1.12998
1500,1.22068,-0.483066,-1.12103
1501,1.25053,-0.484173,-1.153
1502,1.27939,-0.513101,-1.17199
1503,1.27996,-0.503241,-1.17688
1504,1.27996,-0.503241,-1.17688
1505,1.22581,-0.431138,-1.14749
1506,1.22581,-0.431138,-1.14749
1507,1.26867,-0.455512,-1.18408
1508,1.24694,-0.481217,-1.15034
1509,1.26005,-0.535825,-1.14044
1510,1.30683,-0.51958,-1.1991
1511,1.30683,-0.51958,-1.1991
1512,1.30683,-0.51958,-1.1991
1513,1.37548,-0.490246,-1.28515
1514,1.29654,-0.356811,-1.24647
1515,1.33484,-0.413069,-1.26932
1516,1.28553,-0.465455,-1.19831
1517,1.33064,-0.531927,-1.21969
1518,1.27802,-0.488794,-1.18086
1519,1.27802,-0.488794,-1.18086
1520,1.27802,-0.488794,-1.18086
1521,1.33001,-0.577488,-1.19809
1522,1.33972,-0.562331,-1.21599
1523,1.3401,-0.577563,-1.20926
1524,1.32895,-0.616084,-1.17752
1525,1.26297,-0.560764,-1.13166
1526,1.26043,-0.518012,-1.14906
1527,1.26043,-0.518012,-1.14906
1528,1.2566,-0.493092,-1.15581
1529,1.2566,-0.493092,-1.15581
1530,1.30381,-0.539023,-1.18717
1531,1.30381,-0.539023,-1.18717
1532,1.30381,-0.539023,-1.18717
1533,1.30381,-0.539023,-1.18717
1534,1.31243,-0.527421,-1.20179
1535,1.27819,-0.466339,-1.19008
1536,1.31858,-0.477911,-1.22892
1537,1.31858,-0.477911,-1.22892
1538,1.31858,-0.477911,-1.22892
1539,1.23472,-0.387386,-1.17237
1540,1.27665,-0.394256,-1.21425
1541,1.27665,-0.394256,-1.21425
1542,1.20555,-0.390438,-1.14057
1543,1.20555,-0.390438,-1.14057
1544,1.24559,-0.350701,-1.1952
1545,1.24633,-0.359109,-1.19348
1546,1.22098,-0.381872,-1.15972
1547,1.24401,-0.419001,-1.17133
1548,1.28875,-0.438566,-1.21183
1549,1.39552,-0.528921,-1.2914
1550,1.38616,-0.492051,-1.29589
1551,1.38616,-0.492051,-1.29589
1552,1.38616,-0.492051,-1.29589
1553,1.41231,-0.518327,-1.31376
1554,1.34341,-0.528089,-1.23527
1555,1.32368,-0.601075,-1.17934
1556,1.32368,-0.601075,-1.17934
1557,1.31067,-0.554648,-1.18753
1558,1.31967,-0.532133,-1.20763
1559,1.38098,-0.61745,-1.23526
1560,1.39672,-0.717872,-1.19812
1561,1.36699,-0.718451,-1.16297
1562,1.37813,-0.763198,-1.14751
1563,1.2875,-0.714978,-1.07073
1564,1.2875,-0.714978,-1.07073
1565,1.34996,-0.768242,-1.11005
1566,1.34929,-0.720786,-1.14064
1567,1.29219,-0.774536,-1.03433
1568,1.29219,-0.774536,-1.03433
1569,1.33013,-0.716759,-1.12049
1570,1.39932,-0.679196,-1.22343
1571,1.40246,-0.663935,-1.23535
1572,1.40246,-0.663935,-1.23535
1573,1.40537,-0.675312,-1.23248
1574,1.36607,-0.635341,-1.20933
1575,1.31785,-0.564261,-1.19094
1576,1.38418,-0.565396,-1.26344
1577,1.3072,-0.446548,-1.22857
1578,1.3072,-0.446548,-1.22857
1579,1.35815,-0.454757,-1.27976
1580,1.35815,-0.454757,-1.27976
1581,1.39985,-0.495428,-1.30924
1582,1.34545,-0.50773,-1.24597
1583,1.38702,-0.575254,-1.26211
1584,1.35457,-0.471304,-1.26994
1585,1.35762,-0.459342,-1.27755
1586,1.35778,-0.469902,-1.27387
1587,1.37045,-0.524691,-1.26603
1588,1.42868,-0.498778,-1.33878
1589,1.49354,-0.504925,-1.4056
1590,1.46014,-0.439201,-1.39252
1591,1.46014,-0.439201,-1.39252
1592,1.35671,-0.433948,-1.28544
1593,1.44402,-0.383967,-1.39203
1594,1.3559,-0.346133,-1.31097
1595,1.37329,-0.311121,-1.33758
1596,1.37329,-0.311121,-1.33758
1597,1.37329,-0.311121,-1.33758
1598,1.3045,-0.237209,-1.28275
1599,1.3039,-0.212335,-1.28649
1600,1.33601,-0.214384,-1.31869
1601,1.33601,-0.214384,-1.31869
1602,1.27956,-0.291679,-1.24587
1603,1.22124,-0.287213,-1.18698
1604,1.22124,-0.287213,-1.18698
1605,1.22124,-0.287213,-1.18698
1606,1.25717,-0.197165,-1.24162
1607,1.29233,-0.18266,-1.27935
1608,1.29233,-0.18266,-1.27935
1609,1.3034,-0.183964,-1.29035
1610,1.35469,-0.262993,-1.32891
1611,1.35469,-0.262993,-1.32891
1612,1.35469,-0.262993,-1.32891
1613,1.40865,-0.220406,-1.3913
1614,1.36511,-0.278212,-1.33646
1615,1.37219,-0.232577,-1.35234
1616,1.42359,-0.206241,-1.40857
1617,1.51969,-0.221026,-1.50353
1618,1.51082,-0.32701,-1.47501
1619,1.3543,-0.381552,-1.29944
1620,1.3543,-0.381552,-1.29944
1621,1.34142,-0.350065,-1.29494
1622,1.37429,-0.323895,-1.33558
1623,1.41684,-0.210007,-1.40119
1624,1.41684,-0.210007,-1.40119
1625,1.35359,-0.204175,-1.33811
1626,1.35359,-0.204175,-1.33811
1627,1.32871,-0.128517,-1.32248
1628,1.27422,-0.075,-1.27201
1629,1.31816,-0.0637113,-1.31662
1630,1.2907,-0.0471352,-1.28983
1631,1.34497,-0.06767,-1.34327
1632,1.33061,-0.0613551,-1.3292
1633,1.31901,-0.0779144,-1.31671
1634,1.27236,-0.0758478,-1.2701
1635,1.27236,-0.0758478,-1.2701
1636,1.27382,-0.0668111,-1.27206
1637,1.20489,-0.0666476,-1.20304
1638,1.20489,-0.0666476,-1.20304
1639,1.20439,-0.00502726,-1.20438
1640,1.20439,-0.00502726,-1.20438
1641,1.20439,-0.00502726,-1.20438
1642,1.21,0.0459639,-1.20913
1643,1.21,0.0459639,-1.20913
1644,1.28399,0.00360632,-1.28399
1645,1.28399,0.00360632,-1.28399
1646,1.28399,0.00360632,-1.28399
1647,1.3102,-0.0194589,-1.31006
1648,1.27012,0.0627074,-1.26857
1649,1.34617,0.0684723,-1.34442
1650,1.34617,0.0684723,-1.34442
1651,1.34617,0.0684723,-1.34442
1652,1.38213,0.0800499,-1.37981
1653,1.40222,0.105114,-1.39827
1654,1.44768,0.146012,-1.44029
1655,1.47654,0.225024,-1.45929
1656,1.48095,0.220993,-1.46437
1657,1.42373,0.208114,-1.40844
1658,1.39446,0.222233,-1.37664
1659,1.40315,0.247352,-1.38117
1660,1.44533,0.163002,-1.4361
1661,1.42815,0.136552,-1.42161
1662,1.40967,0.0560222,-1.40856
1663,1.45256,-0.0163943,-1.45246
1664,1.45142,-0.0658116,-1.44992
1665,1.45142,-0.0658116,-1.44992
1666,1.34934,-0.0938679,-1.34607
1667,1.30134,-0.117887,-1.29598
1668,1.30134,-0.117887,-1.29598
1669,1.30134,-0.117887,-1.29598
1670,1.26947,-0.105922,-1.26504
1671,1.26947,-0.105922,-1.26504
1672,1.27661,-0.157965,-1.2668
1673,1.243,-0.163457,-1.23221
1674,1.243,-0.163457,-1.23221
1675,1.243,-0.163457,-1.23221
1676,1.29724,-0.0988676,-1.29347
1677,1.28581,-0.114171,-1.28073
1678,1.28772,-0.134404,-1.28068
1679,1.36906,-0.113669,-1.36433
1680,1.35254,-0.164423,-1.34251
1681,1.40023,-0.125469,-1.3946
1682,1.31545,-0.108128,-1.311
1683,1.29508,-0.142752,-1.28718
1684,1.29508,-0.142752,-1.28718
1685,1.22518,-0.05746,-1.22384
1686,1.26592,-0.0620498,-1.2644
1687,1.26449,0.0337338,-1.26404
1688,1.29577,0.0634286,-1.29422
1689,1.28506,0.0114427,-1.28501
1690,1.26131,-0.00526149,-1.2613
1691,1.23454,0.0126681,-1.23447
1692,1.23454,0.0126681,-1.23447
1693,1.26032,0.0618601,-1.2588
1694,1.23613,0.113462,-1.23091
1695,1.26563,0.125358,-1.25941
1696,1.26782,0.17536,-1.25564
1697,1.23297,0.0884129,-1.22979
1698,1.20355,0.00857646,-1.20351
1699,1.25283,0.123268,-1.24675
1700,1.29852,0.13759,-1.29121
1701,1.30583,0.0996812,-1.30201
1702,1.33641,0.132516,-1.32982
1703,1.33641,0.132516,-1.32982
1704,1.34525,0.193352,-1.33129
1705,1.32087,0.20896,-1.30424
1706,1.27335,0.169976,-1.26195
1707,1.27335,0.169976,-1.26195
1708,1.27335,0.169976,-1.26195
1709,1.2947,0.138533,-1.28726
1710,1.2947,0.138533,-1.28726
1711,1.2947,0.138533,-1.28726
1712,1.2947,0.138533,-1.28726
1713,1.2947,0.138533,-1.28726
1714,1.32103,0.127648,-1.31484
1715,1.29022,0.168136,-1.27922
1716,1.32348,0.202585,-1.30788
1717,1.38804,0.20213,-1.37325
1718,1.38804,0.20213,-1.37325
1719,1.43607,0.240524,-1.41578
1720,1.48043,0.338918,-1.44112
1721,1.51194,0.378513,-1.46379
1722,1.51194,0.378513,-1.46379
1723,1.42699,0.391244,-1.3723
1724,1.46073,0.444711,-1.39139
1725,1.35235,0.451527,-1.27474
1726,1.41654,0.41261,-1.35512
1727,1.37395,0.412931,-1.31043
1728,1.38086,0.406223,-1.31975
1729,1.35347,0.411811,-1.2893
1730,1.39173,0.410294,-1.32987
1731,1.37936,0.431664,-1.31008
1732,1.37936,0.431664,-1.31008
1733,1.31526,0.478312,-1.2252
1734,1.35306,0.389008,-1.29593
1735,1.39303,0.425876,-1.32634
1736,1.41463,0.496117,-1.32478
1737,1.40532,0.488645,-1.31763
1738,1.32655,0.390896,-1.26765
1739,1.32655,0.390896,-1.26765
1740,1.42837,0.451254,-1.35522
1741,1.5398,0.505198,-1.45457
1742,1.50652,0.531969,-1.40948
1743,1.51894,0.547027,-1.41701
1744,1.49499,0.567177,-1.38323
1745,1.51188,0.508569,-1.42377
1746,1.5329,0.580895,-1.41857
1747,1.55688,0.474077,-1.48294
1748,1.53589,0.532052,-1.44079
1749,1.49697,0.514298,-1.40585
1750,1.48672,0.446277,-1.41816
1751,1.48634,0.454787,-1.41506
1752,1.44452,0.447566,-1.37343
1753,1.41918,0.525114,-1.31846
1754,1.40166,0.514243,-1.30392
1755,1.39703,0.568409,-1.27617
1756,1.40629,0.613384,-1.26547
1757,1.39715,0.640547,-1.24166
1758,1.41131,0.695653,-1.22795
1759,1.41131,0.695653,-1.22795
1760,1.41131,0.695653,-1.22795
1761,1.41698,0.683563,-1.2412
1762,1.41698,0.683563,-1.2412
1763,1.37037,0.644512,-1.20934
1764,1.29558,0.649324,-1.12112
1765,1.26757,0.673211,-1.07402
1766,1.26757,0.673211,-1.07402
1767,1.26757,0.673211,-1.07402
1768,1.26757,0.673211,-1.07402
1769,1.26757,0.673211,-1.07402
1770,1.26916,0.628994,-1.10233
1771,1.29828,0.697541,-1.09497
1772,1.31322,0.666341,-1.13161
1773,1.3097,0.664503,-1.12861
1774,1.33565,0.65081,-1.16637
1775,1.35208,0.611452,-1.20592
1776,1.35208,0.611452,-1.20592
1777,1.32087,0.614305,-1.16932
1778,1.3397,0.639776,-1.17706
1779,1.3397,0.639776,-1.17706
1780,1.3062,0.603249,-1.15855
1781,1.37612,0.566767,-1.25399
1782,1.2819,0.556712,-1.1547
1783,1.31609,0.624328,-1.15858
1784,1.26001,0.681572,-1.05976
1785,1.249,0.726835,-1.01574
1786,1.28252,0.707161,-1.06995
1787,1.28252,0.707161,-1.06995
1788,1.27398,0.668065,-1.08477
1789,1.18333,0.591416,-1.02494
1790,1.17843,0.575163,-1.02854
1791,1.21924,0.655154,-1.02826
1792,1.27096,0.597408,-1.1218
1793,1.24093,0.63989,-1.06323
1794,1.24093,0.63989,-1.06323
1795,1.25041,0.647568,-1.06966
1796,1.25041,0.647568,-1.06966
1797,1.31074,0.644166,-1.14154
1798,1.31322,0.617527,-1.15896
1799,1.31322,0.617527,-1.15896
1800,1.23657,0.528398,-1.11799
1801,1.29414,0.629909,-1.13049
1802,1.19952,0.548854,-1.06659
1803,1.2217,0.551582,-1.0901
1804,1.26666,0.543275,-1.14424
1805,1.28662,0.518072,-1.17771
1806,1.26177,0.543843,-1.13855
1807,1.20797,0.540618,-1.08024
1808,1.30459,0.621711,-1.14692
1809,1.2648,0.628733,-1.09746
1810,1.2648,0.628733,-1.09746
1811,1.23435,0.566117,-1.09688
1812,1.25772,0.59908,-1.10588
1813,1.25194,0.628749,-1.08261
1814,1.26393,0.699076,-1.053
1815,1.29439,0.761464,-1.04672
1816,1.33682,0.688166,-1.14609
1817,1.33682,0.688166,-1.14609
1818,1.26571,0.668977,-1.07447
1819,1.24298,0.634451,-1.06886
1820,1.20121,0.615174,-1.03173
1821,1.17767,0.623826,-0.998872
1822,1.16482,0.588083,-1.00547
1823,1.16804,0.61874,-0.9907
1824,1.17956,0.654932,-0.981035
1825,1.17956,0.654932,-0.981035
1826,1.2328,0.727183,-0.995488
1827,1.11606,0.684511,-0.881497
1828,1.11606,0.684511,-0.881497
1829,1.13304,0.662481,-0.919184
1830,1.11118,0.688203,-0.872411
1831,1.16939,0.739888,-0.905556
1832,1.20562,0.791808,-0.90916
1833,1.20665,0.766734,-0.931728
1834,1.20665,0.766734,-0.931728
1835,1.1666,0.755902,-0.888583
1836,1.1666,0.755902,-0.888583
1837,1.14785,0.698191,-0.911089
1838,1.14189,0.684186,-0.914222
1839,1.14189,0.684186,-0.914222
1840,1.1667,0.72177,-0.916641
1841,1.1667,0.72177,-0.916641
1842,1.18227,0.626427,-1.00267
1843,1.24396,0.661493,-1.0535
1844,1.24396,0.661493,-1.0535
1845,1.24396,0.661493,-1.0535
1846,1.23065,0.572088,-1.08959
1847,1.18151,0.601659,-1.01684
1848,1.16219,0.56827,-1.01378
1849,1.16219,0.56827,-1.01378
1850,1.19402,0.611925,-1.02529
1851,1.17887,0.584267,-1.0239
1852,1.25428,0.564652,-1.12
1853,1.22838,0.467435,-1.13597
1854,1.17991,0.4377,-1.09572
1855,1.17991,0.4377,-1.09572
1856,1.12383,0.486637,-1.013
1857,1.0952,0.446971,-0.999845
1858,1.13186,0.470679,-1.02936
1859,1.15462,0.426261,-1.07305
1860,1.10501,0.429444,-1.01814
1861,1.10501,0.429444,-1.01814
1862,1.11818,0.422691,-1.03521
1863,1.11818,0.422691,-1.03521
1864,1.16953,0.492152,-1.06093
1865,1.16953,0.492152,-1.06093
1866,1.21653,0.476803,-1.1192
1867,1.28844,0.491441,-1.19104
1868,1.21312,0.472141,-1.11747
1869,1.24632,0.370641,-1.18993
1870,1.25262,0.3371,-1.20641
1871,1.2051,0.291151,-1.16941
1872,1.2153,0.318179,-1.17291
1873,1.2153,0.318179,-1.17291
1874,1.22741,0.277181,-1.1957
1875,1.22741,0.277181,-1.1957
1876,1.25977,0.231071,-1.2384
1877,1.24313,0.13841,-1.2354
1878,1.24313,0.13841,-1.2354
1879,1.19894,0.227412,-1.17717
1880,1.21283,0.182405,-1.19903
1881,1.21264,0.206696,-1.1949
1882,1.16739,0.17034,-1.15489
1883,1.21162,0.143921,-1.20304
1884,1.21162,0.143921,-1.20304
1885,1.24897,0.14496,-1.24053
1886,1.27789,0.108562,-1.27327
1887,1.30328,0.143173,-1.2954
1888,1.25984,0.182807,-1.24651
1889,1.25984,0.182807,-1.24651
1890,1.25984,0.182807,-1.24651
1891,1.31709,0.149485,-1.30858
1892,1.31432,0.151023,-1.30561
1893,1.31432,0.151023,-1.30561
1894,1.31432,0.151023,-1.30561
1895,1.31432,0.151023,-1.30561
1896,1.28662,0.226046,-1.26661
1897,1.28662,0.226046,-1.26661
1898,1.31579,0.215191,-1.29807
1899,1.34366,0.25934,-1.3184
1900,1.2621,0.296122,-1.22686
1901,1.2621,0.296122,-1.22686
1902,1.2621,0.296122,-1.22686
1903,1.33034,0.311549,-1.29335
1904,1.33385,0.36168,-1.28388
1905,1.33385,0.36168,-1.28388
1906,1.35964,0.36713,-1.30914
1907,1.38036,0.371311,-1.32948
1908,1.39991,0.485828,-1.3129
1909,1.32972,0.427563,-1.25911
1910,1.32972,0.427563,-1.25911
1911,1.31158,0.521027,-1.20365
1912,1.31158,0.521027,-1.20365
1913,1.29475,0.462269,-1.20942
1914,1.29475,0.462269,-1.20942
1915,1.33276,0.448907,-1.25489
1916,1.33872,0.42558,-1.26928
1917,1.33872,0.42558,-1.26928
1918,1.3741,0.517617,-1.27288
1919,1.32443,0.528858,-1.21426
1920,1.32443,0.528858,-1.21426
1921,1.32443,0.528858,-1.21426
1922,1.32443,0.528858,-1.21426
1923,1.32443,0.528858,-1.21426
1924,1.38148,0.530269,-1.27566
1925,1.31057,0.518892,-1.20347
1926,1.31057,0.518892,-1.20347
1927,1.29548,0.549513,-1.17316
1928,1.30368,0.575747,-1.16966
1929,1.31975,0.60075,-1.17509
1930,1.37029,0.675842,-1.19202
1931,1.30795,0.688876,-1.11183
1932,1.30795,0.688876,-1.11183
1933,1.30795,0.688876,-1.11183
1934,1.31811,0.726229,-1.1
1935,1.31811,0.726229,-1.1
1936,1.31811,0.726229,-1.1
1937,1.33719,0.698731,-1.14011
1938,1.33719,0.698731,-1.14011
1939,1.33719,0.698731,-1.14011
1940,1.33439,0.730465,-1.1167
1941,1.33016,0.740018,-1.1053
1942,1.33837,0.699531,-1.14101
1943,1.37298,0.754029,-1.1474
1944,1.37298,0.754029,-1.1474
1945,1.37298,0.754029,-1.1474
1946,1.43221,0.77919,-1.2017
1947,1.45826,0.738881,-1.25721
1948,1.45826,0.738881,-1.25721
1949,1.4065,0.753747,-1.18748
1950,1.3697,0.771478,-1.13177
1951,1.3697,0.771478,-1.13177
1952,1.37142,0.762907,-1.13963
1953,1.37142,0.762907,-1.13963
1954,1.39902,0.783886,-1.15879
1955,1.28271,0.765261,-1.02943
1956,1.32433,0.818655,-1.04098
1957,1.3603,0.903532,-1.01689
1958,1.31241,0.903071,-0.952302
1959,1.3069,0.883429,-0.963092
1960,1.34099,0.92435,-0.971504
1961,1.34099,0.92435,-0.971504
1962,1.41913,0.994109,-1.01276
1963,1.43044,1.04768,-0.973923
1964,1.43044,1.04768,-0.973923
1965,1.43044,1.04768,-0.973923
1966,1.37625,1.04324,-0.897615
1967,1.41753,1.04698,-0.955632
1968,1.41449,1.06481,-0.931114
1969,1.36604,1.02816,-0.899413
1970,1.36604,1.02816,-0.899413
1971,1.36604,1.02816,-0.899413
1972,1.36604,1.02816,-0.899413
1973,1.37869,1.03059,-0.915793
1974,1.33419,1.01644,-0.864239
1975,1.32448,1.01927,-0.84577
1976,1.32448,1.01927,-0.84577
1977,1.28495,1.00894,-0.795701
1978,1.22571,0.944982,-0.780622
1979,1.22571,0.944982,-0.780622
1980,1.21773,0.934002,-0.781349
1981,1.21773,0.934002,-0.781349
1982,1.21023,0.920871,-0.785269
1983,1.2544,0.986195,-0.775208
1984,1.29817,1.03664,-0.781422
1985,1.29817,1.03664,-0.781422
1986,1.29817,1.03664,-0.781422
1987,1.29379,1.07382,-0.72167
1988,1.30817,1.05136,-0.778438
1989,1.30817,1.05136,-0.778438
1990,1.33525,1.08513,-0.778059
1991,1.31572,1.0405,-0.805289
1992,1.37086,1.06088,-0.868218
1993,1.33205,1.01851,-0.858485
1994,1.31217,1.03465,-0.807023
1995,1.35579,1.06325,-0.841226
1996,1.33164,1.03403,-0.839074
1997,1.28853,0.972135,-0.845738
1998,1.33127,0.985667,-0.894839
1999,1.33208,0.981004,-0.901141
2000,1.35964,0.96393,-0.958888
2001,1.33749,0.920107,-0.97071
2002,1.34879,1.02149,-0.880785
2003,1.36284,1.02929,-0.893253
2004,1.36284,1.02929,-0.893253
2005,1.36284,1.02929,-0.893253
2006,1.34018,1.00315,-0.888699
2007,1.26231,1.00928,-0.758143
2008,1.26231,1.00928,-0.758143
2009,1.26231,1.00928,-0.758143
2010,1.27984,1.01445,-0.780306
2011,1.27984,1.01445,-0.780306
2012,1.24568,0.99528,-0.749091
2013,1.27255,1.06668,-0.693958
2014,1.27255,1.06668,-0.693958
2015,1.25181,1.04747,-0.685447
2016,1.25181,1.04747,-0.685447
2017,1.22614,1.04749,-0.637328
2018,1.22614,1.04749,-0.637328
2019,1.22614,1.04749,-0.637328
2020,1.29589,1.10102,-0.683438
2021,1.29589,1.10102,-0.683438
2022,1.30731,1.15855,-0.605674
2023,1.28589,1.17305,-0.526763
2024,1.29553,1.17056,-0.555137
2025,1.29553,1.17056,-0.555137
2026,1.26,1.12041,-0.576444
2027,1.26,1.12041,-0.576444
2028,1.18863,1.08111,-0.493999
2029,1.14332,1.04814,-0.456709
2030,1.14332,1.04814,-0.456709
2031,1.14332,1.04814,-0.456709
2032,1.07707,0.99475,-0.412973
2033,1.07707,0.99475,-0.412973
2034,1.10491,1.01819,-0.429086
2035,1.14184,1.04505,-0.460093
2036,1.18326,1.06481,-0.516006
2037,1.22727,1.12219,-0.496888
2038,1.22727,1.12219,-0.496888
2039,1.22727,1.12219,-0.496888
2040,1.22727,1.12219,-0.496888
2041,1.19521,1.07826,-0.515631
2042,1.22221,1.07108,-0.5887
2043,1.27822,1.15182,-0.554201
2044,1.23561,1.10417,-0.554567
2045,1.25171,1.11077,-0.577031
2046,1.31151,1.17986,-0.572689
2047,1.28164,1.11875,-0.625307
2048,1.2305,1.09599,-0.559405
2049,1.25806,1.09935,-0.611674
2050,1.30442,1.16974,-0.577245
2051,1.36059,1.19734,-0.64621
2052,1.36059,1.19734,-0.64621
2053,1.36604,1.20438,-0.644621
2054,1.36604,1.20438,-0.644621
2055,1.36112,1.19917,-0.643921
2056,1.34485,1.15684,-0.685821
2057,1.34485,1.15684,-0.685821
2058,1.34485,1.15684,-0.685821
2059,1.30384,1.12735,-0.655039
2060,1.29826,1.10268,-0.685242
2061,1.29826,1.10268,-0.685242
2062,1.23726,1.02265,-0.69642
2063,1.25105,1.04432,-0.688861
2064,1.24664,1.03022,-0.701959
2065,1.26496,1.07477,-0.667087
2066,1.25158,1.03896,-0.697865
2067,1.2317,1.03699,-0.664623
2068,1.2317,1.03699,-0.664623
2069,1.21069,1.04316,-0.614472
2070,1.18661,0.958624,-0.699353
2071,1.1522,0.941479,-0.664216
2072,1.1522,0.941479,-0.664216
2073,1.23097,1.01776,-0.692421
2074,1.20529,1.01403,-0.651513
2075,1.21362,1.03435,-0.634809
2076,1.21362,1.03435,-0.634809
2077,1.20512,1.02167,-0.63916
2078,1.20512,1.02167,-0.63916
2079,1.22486,1.07117,-0.59404
2080,1.22486,1.07117,-0.59404
2081,1.20923,1.07967,-0.544567
2082,1.18441,1.08276,-0.480058
2083,1.18125,1.05483,-0.531699
2084,1.18125,1.05483,-0.531699
2085,1.09253,0.972316,-0.498223
2086,1.16918,1.0074,-0.593416
2087,1.16918,1.0074,-0.593416
2088,1.14626,0.976363,-0.600519
2089,1.18073,0.991726,-0.640777
2090,1.1997,1.04698,-0.58576
2091,1.28641,1.10728,-0.654809
2092,1.28641,1.10728,-0.654809
2093,1.28641,1.10728,-0.654809
2094,1.20614,1.06008,-0.575326
2095,1.21509,1.07474,-0.566899
2096,1.21509,1.07474,-0.566899
2097,1.27984,1.11276,-0.632266
2098,1.23559,1.07958,-0.600993
2099,1.20658,1.02358,-0.638836
2100,1.2289,1.04604,-0.644974
2101,1.19431,1.03045,-0.60377
2102,1.19963,1.02142,-0.629127
2103,1.19963,1.02142,-0.629127
2104,1.17117,1.02407,-0.568262
2105,1.15421,1.02427,-0.532059
2106,1.1422,0.985891,-0.576751
2107,1.14794,1.00469,-0.55531
2108,1.13915,1.00901,-0.52873
2109,1.13915,1.00901,-0.52873
2110,1.16454,1.01603,-0.569065
2111,1.21118,1.06023,-0.585549
2112,1.22256,1.06638,-0.59791
2113,1.17804,1.02359,-0.583136
2114,1.12003,0.988798,-0.526072
2115,1.14793,0.995038,-0.572402
2116,1.21591,1.07139,-0.574952
2117,1.15975,1.0542,-0.483397
2118,1.21736,1.10774,-0.504859
2119,1.24547,1.13012,-0.523481
2120,1.25809,1.15346,-0.502307
2121,1.27557,1.15031,-0.551243
2122,1.28416,1.16326,-0.543944
2123,1.33401,1.1541,-0.669046
2124,1.33401,1.1541,-0.669046
2125,1.33401,1.1541,-0.669046
2126,1.29566,1.11103,-0.66658
2127,1.32505,1.14356,-0.669349
2128,1.32505,1.14356,-0.669349
2129,1.40709,1.19178,-0.748033
2130,1.41574,1.19696,-0.756053
2131,1.41574,1.19696,-0.756053
2132,1.38768,1.12439,-0.813263
2133,1.40891,1.08092,-0.903684
2134,1.45213,1.08563,-0.964406
2135,1.41666,1.0926,-0.901739
2136,1.36773,1.07922,-0.840229
2137,1.4191,1.07828,-0.922591
2138,1.4191,1.07828,-0.922591
2139,1.41256,1.08083,-0.909466
2140,1.38334,1.09337,-0.84746
2141,1.37094,1.1168,-0.795139
2142,1.33262,1.12886,-0.708199
2143,1.33262,1.12886,-0.708199
2144,1.33262,1.12886,-0.708199
2145,1.3223,1.09389,-0.742887
2146,1.36088,1.13516,-0.750605
2147,1.34867,1.10633,-0.771326
2148,1.30949,1.09928,-0.711589
2149,1.30949,1.09928,-0.711589
2150,1.30754,1.13303,-0.652613
2151,1.2798,1.11405,-0.629907
2152,1.2798,1.11405,-0.629907
2153,1.27891,1.12881,-0.601152
2154,1.32993,1.20719,-0.558037
2155,1.26325,1.14003,-0.544183
2156,1.29038,1.16726,-0.55007
2157,1.29149,1.15406,-0.579746
2158,1.16873,1.05469,-0.503531
2159,1.24368,1.1381,-0.50145
2160,1.24368,1.1381,-0.50145
2161,1.2265,1.14477,-0.440222
2162,1.23347,1.13521,-0.48243
2163,1.24528,1.11719,-0.550105
2164,1.21372,1.06998,-0.572941
2165,1.21372,1.06998,-0.572941
2166,1.15737,0.99531,-0.590637
2167,1.15737,0.99531,-0.590637
2168,1.10689,0.917983,-0.618476
2169,1.11025,0.930377,-0.605857
2170,1.11672,0.982549,-0.530722
2171,1.11672,0.982549,-0.530722
2172,1.11672,0.982549,-0.530722
2173,1.1156,0.989859,-0.514537
2174,1.12052,1.00126,-0.503035
2175,1.12107,1.01295,-0.48034
2176,1.08986,0.946968,-0.53948
2177,1.08986,0.946968,-0.53948
2178,1.18555,1.06992,-0.510685
2179,1.21296,1.08582,-0.540613
2180,1.21296,1.08582,-0.540613
2181,1.19538,1.01499,-0.631451
2182,1.23516,1.06032,-0.633519
2183,1.2635,1.0894,-0.640027
2184,1.2635,1.0894,-0.640027
2185,1.28436,1.11919,-0.630077
2186,1.287,1.102,-0.66482
2187,1.287,1.102,-0.66482
2188,1.287,1.102,-0.66482
2189,1.30839,1.12065,-0.675295
2190,1.33611,1.08879,-0.774415
2191,1.26406,1.02946,-0.73352
2192,1.32995,1.09968,-0.747971
2193,1.2954,1.08231,-0.711804
2194,1.26951,1.07644,-0.673004
2195,1.26951,1.07644,-0.673004
2196,1.27814,1.08301,-0.678767
2197,1.27814,1.08301,-0.678767
2198,1.21515,1.03793,-0.63189
2199,1.22623,1.04194,-0.646527
2200,1.28007,1.10809,-0.64087
2201,1.25764,1.08176,-0.641444
2202,1.25764,1.08176,-0.641444
2203,1.27598,1.08345,-0.673999
2204,1.27598,1.08345,-0.673999
2205,1.26785,1.0864,-0.653598
2206,1.25647,1.0394,-0.70595
2207,1.35064,1.09986,-0.783928
2208,1.35064,1.09986,-0.783928
2209,1.29127,1.05136,-0.749673
2210,1.31543,1.09667,-0.726407
2211,1.26587,1.0695,-0.677201
2212,1.25132,1.02992,-0.710681
2213,1.23998,1.0475,-0.663554
2214,1.23998,1.0475,-0.663554
2215,1.23479,1.04688,-0.654782
2216,1.24579,1.01891,-0.716813
2217,1.24579,1.01891,-0.716813
2218,1.24579,1.01891,-0.716813
2219,1.24579,1.01891,-0.716813
2220,1.27103,1.06721,-0.690351
2221,1.27313,1.06113,-0.703453
2222,1.27751,1.06361,-0.707647
2223,1.303,1.02314,-0.806846
2224,1.36181,1.09777,-0.805868
2225,1.27752,1.0585,-0.715289
2226,1.25225,1.01005,-0.74022
2227,1.20321,1.0022,-0.665816
2228,1.1974,0.955136,-0.722144
2229,1.17553,0.956804,-0.682925
2230,1.18139,0.978925,-0.661345
2231,1.1345,0.939806,-0.635498
2232,1.1345,0.939806,-0.635498
2233,1.1345,0.939806,-0.635498
2234,1.14633,0.975703,-0.601722
2235,1.16243,0.946815,-0.674382
2236,1.16439,0.899325,-0.739601
2237,1.21379,0.938777,-0.769412
2238,1.19623,0.943274,-0.735663
2239,1.21113,0.92933,-0.776645
2240,1.21113,0.92933,-0.776645
2241,1.25191,0.997056,-0.757074
2242,1.28376,0.977999,-0.8316
2243,1.23879,0.948276,-0.797095
2244,1.23879,0.948276,-0.797095
2245,1.21155,0.893434,-0.81831
2246,1.21155,0.893434,-0.81831
2247,1.2525,0.896052,-0.875123
2248,1.2525,0.896052,-0.875123
2249,1.17464,0.881611,-0.776232
2250,1.17464,0.881611,-0.776232
2251,1.19643,0.890413,-0.799127
2252,1.19158,0.900824,-0.77998
2253,1.17156,0.932347,-0.709421
2254,1.22982,0.938864,-0.79435
2255,1.28288,1.00161,-0.801601
2256,1.30809,1.02525,-0.812374
2257,1.29754,1.04863,-0.764183
2258,1.29754,1.04863,-0.764183
2259,1.29754,1.04863,-0.764183
2260,1.29521,1.0405,-0.771313
2261,1.29521,1.0405,-0.771313
2262,1.32698,1.08684,-0.761357
2263,1.2896,1.05231,-0.745458
2264,1.2896,1.05231,-0.745458
2265,1.28477,1.04077,-0.753278
2266,1.28477,1.04077,-0.753278
2267,1.28477,1.04077,-0.753278
2268,1.28477,1.04077,-0.753278
2269,1.28477,1.04077,-0.753278
2270,1.24719,1.00588,-0.737352
2271,1.24708,1.02864,-0.705051
2272,1.21564,1.03041,-0.644998
2273,1.21564,1.03041,-0.644998
2274,1.22385,1.05111,-0.626888
2275,1.22385,1.05111,-0.626888
2276,1.24703,1.09679,-0.593415
2277,1.25108,1.09147,-0.611465
2278,1.25108,1.09147,-0.611465
2279,1.29952,1.14684,-0.611161
2280,1.27724,1.15112,-0.553419
2281,1.2698,1.11994,-0.598428
2282,1.2698,1.11994,-0.598428
2283,1.28723,1.13505,-0.607149
2284,1.2811,1.10139,-0.654336
2285,1.2811,1.10139,-0.654336
2286,1.31035,1.13565,-0.653694
2287,1.34549,1.12592,-0.736654
2288,1.31861,1.06922,-0.771697
2289,1.32492,1.06227,-0.791827
2290,1.32087,1.04942,-0.80213
2291,1.32087,1.04942,-0.80213
2292,1.37412,1.14339,-0.762157
2293,1.37412,1.14339,-0.762157
2294,1.33228,1.06378,-0.802073
2295,1.3371,1.12253,-0.726475
2296,1.3371,1.12253,-0.726475
2297,1.3371,1.12253,-0.726475
2298,1.29633,1.10897,-0.671317
2299,1.28072,1.10115,-0.653996
2300,1.20875,1.05345,-0.59273
2301,1.20881,1.03156,-0.630156
2302,1.20881,1.03156,-0.630156
2303,1.23056,1.02883,-0.67512
2304,1.19664,0.964707,-0.708016
2305,1.19577,0.985538,-0.677188
2306,1.21599,0.977457,-0.72334
2307,1.1804,0.960225,-0.686529
2308,1.1804,0.960225,-0.686529
2309,1.19446,0.968188,-0.699526
2310,1.17943,0.982985,-0.65177
2311,1.1928,0.998653,-0.652277
2312,1.1928,0.998653,-0.652277
2313,1.1928,0.998653,-0.652277
2314,1.13727,0.923601,-0.663576
2315,1.13727,0.923601,-0.663576
2316,1.10703,0.873026,-0.680685
2317,1.10703,0.873026,-0.680685
2318,1.10703,0.873026,-0.680685
2319,1.10703,0.873026,-0.680685
2320,1.11046,0.896597,-0.655153
2321,1.11046,0.896597,-0.655153
2322,1.13111,0.889593,-0.698601
2323,1.13111,0.889593,-0.698601
2324,1.09709,0.854599,-0.687952
2325,1.09709,0.854599,-0.687952
2326,1.13936,0.816665,-0.794475
2327,1.10198,0.785344,-0.773037
2328,1.10198,0.785344,-0.773037
2329,1.0924,0.759888,-0.784798
2330,1.11265,0.792504,-0.780972
2331,1.11265,0.792504,-0.780972
2332,1.09757,0.812384,-0.738032
2333,1.09757,0.812384,-0.738032
2334,1.0526,0.770498,-0.717141
2335,1.0268,0.730589,-0.721501
2336,1.0268,0.730589,-0.721501
2337,1.0268,0.730589,-0.721501
2338,1.03111,0.756727,-0.700394
2339,0.974535,0.710179,-0.667356
2340,1.00217,0.753195,-0.661084
2341,0.975188,0.724852,-0.652366
2342,1.00207,0.752361,-0.661887
2343,1.02492,0.79126,-0.651441
2344,1.02492,0.79126,-0.651441
2345,1.05419,0.822463,-0.65945
2346,1.06604,0.846596,-0.647854
2347,1.09912,0.851791,-0.694627
2348,1.10847,0.871631,-0.684817
2349,1.10847,0.871631,-0.684817
2350,1.10847,0.871631,-0.684817
2351,1.08595,0.863951,-0.657927
2352,1.08494,0.864245,-0.655876
2353,1.08494,0.864245,-0.655876
2354,1.08189,0.852388,-0.666271
2355,1.06182,0.83096,-0.661031
2356,1.06182,0.83096,-0.661031
2357,1.06182,0.83096,-0.661031
2358,1.05048,0.824932,-0.650384
2359,1.05048,0.824932,-0.650384
2360,1.05048,0.824932,-0.650384
2361,1.10076,0.883261,-0.65691
2362,1.09419,0.913803,-0.601837
2363,1.17724,1.00488,-0.613268
2364,1.17724,1.00488,-0.613268
2365,1.16084,0.988899,-0.607968
2366,1.1253,0.949452,-0.60403
2367,1.12973,0.960717,-0.594401
2368,1.10632,0.909474,-0.629917
2369,1.07528,0.844926,-0.665082
2370,1.18207,0.938982,-0.718047
2371,1.15254,0.891003,-0.731069
2372,1.15254,0.891003,-0.731069
2373,1.16708,0.929788,-0.705393
2374,1.18113,0.988577,-0.646364
2375,1.15441,0.953002,-0.651503
2376,1.15441,0.953002,-0.651503
2377,1.09641,0.899344,-0.627137
2378,1.15419,0.941748,-0.667278
2379,1.16953,0.966179,-0.659019
2380,1.10694,0.94019,-0.584256
2381,1.10649,0.943227,-0.578475
2382,1.06194,0.894007,-0.573121
2383,1.06363,0.901817,-0.563949
2384,1.06363,0.901817,-0.563949
2385,1.04221,0.891351,-0.540079
2386,1.05619,0.908022,-0.539472
2387,1.05782,0.913418,-0.533518
2388,1.07617,0.928522,-0.54405
2389,1.09547,0.932749,-0.574495
2390,1.10661,0.906954,-0.634057
2391,1.10661,0.906954,-0.634057
2392,1.08954,0.939774,-0.551284
2393,1.08954,0.939774,-0.551284
2394,1.08954,0.939774,-0.551284
2395,1.11154,1.00572,-0.473352
2396,1.08097,0.988906,-0.436522
2397,1.08097,0.988906,-0.436522
2398,1.15053,1.03208,-0.508463
2399,1.08634,0.98763,-0.452467
2400,1.12011,1.03547,-0.427157
2401,1.16006,1.0507,-0.491689
2402,1.19256,1.07422,-0.517922
2403,1.26551,1.15717,-0.512321
2404,1.26551,1.15717,-0.512321
2405,1.26551,1.15717,-0.512321
2406,1.26291,1.13677,-0.550176
2407,1.26029,1.1329,-0.552135
2408,1.32081,1.20017,-0.55147
2409,1.2738,1.1568,-0.533273
2410,1.28172,1.1542,-0.557352
2411,1.25962,1.11114,-0.59331
2412,1.30244,1.17409,-0.563782
2413,1.30244,1.17409,-0.563782
2414,1.30244,1.17409,-0.563782
2415,1.28245,1.15574,-0.555817
2416,1.28245,1.15574,-0.555817
2417,1.28245,1.15574,-0.555817
2418,1.29375,1.18259,-0.524664
2419,1.23326,1.11932,-0.517746
2420,1.28751,1.1676,-0.542596
2421,1.24501,1.13858,-0.503669
2422,1.22437,1.11729,-0.500756
2423,1.21083,1.11706,-0.46721
2424,1.19147,1.10327,-0.449893
2425,1.21318,1.12833,-0.445729
2426,1.21318,1.12833,-0.445729
2427,1.21318,1.12833,-0.445729
2428,1.21318,1.12833,-0.445729
2429,1.21407,1.1163,-0.477316
2430,1.2393,1.10899,-0.553164
2431,1.19767,1.03859,-0.596437
2432,1.22133,1.09141,-0.548151
2433,1.15829,1.04825,-0.49275
2434,1.20877,1.05064,-0.597721
2435,1.19112,1.02609,-0.604905
2436,1.19416,1.01807,-0.624152
2437,1.19416,1.01807,-0.624152
2438,1.25418,1.07633,-0.643806
2439,1.178,1.01669,-0.595003
2440,1.20343,1.04307,-0.600208
2441,1.20343,1.04307,-0.600208
2442,1.13261,0.97471,-0.576833
2443,1.15024,0.981133,-0.600363
2444,1.14417,0.953141,-0.632961
2445,1.12009,0.924067,-0.633011
2446,1.11867,0.927092,-0.626044
2447,1.13209,0.928236,-0.648087
2448,1.16458,0.970819,-0.643243
2449,1.16096,1.01446,-0.564544
2450,1.16293,1.01521,-0.567239
2451,1.18609,1.01927,-0.606545
2452,1.16229,0.970643,-0.639356
2453,1.24255,0.995495,-0.743587
2454,1.26278,0.989554,-0.784475
2455,1.207,0.924999,-0.775394
2456,1.23919,0.930588,-0.818289
2457,1.26541,0.92068,-0.868109
2458,1.26541,0.92068,-0.868109
2459,1.26481,0.914674,-0.873571
2460,1.26481,0.914674,-0.873571
2461,1.28793,0.874784,-0.945258
2462,1.24729,0.810007,-0.948486
2463,1.20235,0.811395,-0.887291
2464,1.20235,0.811395,-0.887291
2465,1.21935,0.866463,-0.857931
2466,1.21706,0.900323,-0.818936
2467,1.17206,0.819732,-0.83771
2468,1.18439,0.874099,-0.799204
2469,1.18821,0.879451,-0.799002
2470,1.3075,0.926094,-0.922986
2471,1.31122,0.91062,-0.943441
2472,1.33482,0.940427,-0.947285
2473,1.30872,0.928046,-0.922763
2474,1.2875,0.952107,-0.866682
2475,1.31334,1.00369,-0.847025
2476,1.29632,1.00565,-0.817997
2477,1.29632,1.00565,-0.817997
2478,1.32508,1.08006,-0.767662
2479,1.32508,1.08006,-0.767662
2480,1.26908,1.00123,-0.779817
2481,1.25677,0.975873,-0.791926
2482,1.24069,0.966293,-0.778197
2483,1.24069,0.966293,-0.778197
2484,1.21546,0.94792,-0.760787
2485,1.25454,1.011,-0.742796
2486,1.25454,1.011,-0.742796
2487,1.25454,1.011,-0.742796
2488,1.28976,1.04525,-0.755604
2489,1.28036,1.01685,-0.77803
2490,1.35877,1.09537,-0.804
2491,1.41632,1.08931,-0.905191
2492,1.40366,1.09186,-0.882102
2493,1.41283,1.12998,-0.848073
2494,1.46062,1.15726,-0.891154
2495,1.45802,1.14147,-0.907118
2496,1.48138,1.18081,-0.894533
2497,1.48138,1.18081,-0.894533
2498,1.4346,1.12556,-0.889478
2499,1.43397,1.18612,-0.805852
2500,1.43397,1.18612,-0.805852
2501,1.34247,1.16339,-0.669878
2502,1.40109,1.17842,-0.757884
2503,1.31403,1.0699,-0.762887
2504,1.25023,1.03326,-0.703886
2505,1.28686,1.05962,-0.730215
2506,1.28686,1.05962,-0.730215
2507,1.29347,1.04661,-0.760052
2508,1.29689,1.02974,-0.788383
2509,1.29193,1.02262,-0.789517
2510,1.3378,1.01933,-0.866424
2511,1.36485,1.03071,-0.894669
2512,1.36485,1.03071,-0.894669
2513,1.38651,1.03224,-0.925679
2514,1.38651,1.03224,-0.925679
2515,1.42013,1.04394,-0.962789
2516,1.41322,1.06936,-0.923939
2517,1.41322,1.06936,-0.923939
2518,1.31831,0.953115,-0.910769
2519,1.31831,0.953115,-0.910769
2520,1.3319,0.955132,-0.928269
2521,1.28151,0.951711,-0.858197
2522,1.25734,0.87498,-0.90295
2523,1.29591,0.89808,-0.934261
2524,1.27084,0.899449,-0.897783
2525,1.27084,0.899449,-0.897783
2526,1.31297,0.938143,-0.918577
2527,1.35338,0.942781,-0.970974
2528,1.29774,0.917735,-0.917551
2529,1.29774,0.917735,-0.917551
2530,1.39173,1.04404,-0.92027
2531,1.4064,1.07096,-0.911598
2532,1.3658,1.06356,-0.856889
2533,1.3753,1.12805,-0.78674
2534,1.32112,1.11426,-0.709793
2535,1.32112,1.11426,-0.709793
2536,1.30068,1.09561,-0.70099
2537,1.43198,1.24584,-0.70601
2538,1.37824,1.21843,-0.644186
2539,1.36885,1.25109,-0.555444
2540,1.36885,1.25109,-0.555444
2541,1.36968,1.21738,-0.627711
2542,1.34876,1.17002,-0.670983
2543,1.34876,1.17002,-0.670983
2544,1.34876,1.17002,-0.670983
2545,1.35526,1.17498,-0.675391
2546,1.36947,1.20893,-0.643379
2547,1.34862,1.18348,-0.646647
2548,1.35057,1.1766,-0.663068
2549,1.36816,1.19025,-0.674672
2550,1.3529,1.1962,-0.632016
2551,1.29846,1.12397,-0.650153
2552,1.29846,1.12397,-0.650153
2553,1.29846,1.12397,-0.650153
2554,1.37369,1.22209,-0.627294
2555,1.37916,1.20544,-0.670064
2556,1.37916,1.20544,-0.670064
2557,1.37916,1.20544,-0.670064
2558,1.34848,1.13927,-0.721425
2559,1.3222,1.14816,-0.655708
2560,1.29632,1.13697,-0.622698
2561,1.28337,1.08763,-0.681244
2562,1.22167,1.00959,-0.687891
2563,1.20388,1.00376,-0.664686
2564,1.21935,1.03331,-0.647354
2565,1.21935,1.03331,-0.647354
2566,1.2723,1.06586,-0.69477
2567,1.33356,1.11983,-0.724128
2568,1.32029,1.10676,-0.71989
2569,1.34773,1.17344,-0.662893
2570,1.34773,1.17344,-0.662893
2571,1.45771,1.22294,-0.793302
2572,1.3935,1.16075,-0.771047
2573,1.34631,1.13526,-0.723692
2574,1.25397,1.05123,-0.683642
2575,1.36744,1.19679,-0.6615
2576,1.37815,1.21724,-0.646232
2577,1.38251,1.23396,-0.62344
2578,1.31518,1.18532,-0.569833
2579,1.32479,1.21821,-0.520624
2580,1.33032,1.1974,-0.579652
2581,1.30545,1.19159,-0.533214
2582,1.30545,1.19159,-0.533214
2583,1.30545,1.19159,-0.533214
2584,1.30825,1.18403,-0.556398
2585,1.29916,1.16911,-0.56657
2586,1.29916,1.16911,-0.56657
2587,1.33153,1.15273,-0.666472
2588,1.2984,1.1406,-0.62037
2589,1.28363,1.14985,-0.570553
2590,1.32853,1.2022,-0.565437
2591,1.32853,1.2022,-0.565437
2592,1.2922,1.17207,-0.544102
2593,1.28833,1.17528,-0.52775
2594,1.31801,1.20423,-0.535708
2595,1.37428,1.21877,-0.635015
2596,1.37428,1.21877,-0.635015
2597,1.37264,1.22888,-0.611548
2598,1.37264,1.22888,-0.611548
2599,1.37264,1.22888,-0.611548
2600,1.31562,1.14257,-0.652206
2601,1.31562,1.14257,-0.652206
2602,1.37782,1.23881,-0.60312
2603,1.40209,1.26294,-0.608981
2604,1.40016,1.30493,-0.507566
2605,1.40016,1.30493,-0.507566
2606,1.38813,1.28894,-0.515307
2607,1.45882,1.3276,-0.60467
2608,1.37866,1.25167,-0.577932
2609,1.3164,1.19103,-0.560669
2610,1.29885,1.17336,-0.556979
2611,1.32815,1.18831,-0.593223
2612,1.30206,1.11267,-0.676263
2613,1.28152,1.1146,-0.632424
2614,1.25808,1.06935,-0.662751
2615,1.23303,1.04651,-0.652062
2616,1.23303,1.04651,-0.652062
2617,1.25261,1.02193,-0.724354
2618,1.25261,1.02193,-0.724354
2619,1.25261,1.02193,-0.724354
2620,1.30242,1.05371,-0.765501
2621,1.25784,1.04738,-0.696537
2622,1.24988,1.02673,-0.71276
2623,1.27253,1.077,-0.677795
2624,1.27253,1.077,-0.677795
2625,1.27253,1.077,-0.677795
2626,1.27253,1.077,-0.677795
2627,1.25814,1.038,-0.710956
2628,1.27621,1.06486,-0.70341
2629,1.27621,1.06486,-0.70341
2630,1.27621,1.06486,-0.70341
2631,1.28268,1.04655,-0.741628
2632,1.32432,1.06085,-0.792737
2633,1.24573,1.00878,-0.730905
2634,1.29033,1.00227,-0.812654
2635,1.29033,1.00227,-0.812654
2636,1.29033,1.00227,-0.812654
2637,1.38827,1.0362,-0.92389
2638,1.41404,1.05466,-0.941918
2639,1.3648,1.0873,-0.824904
2640,1.36815,1.0875,-0.830171
2641,1.28685,0.996759,-0.813909
2642,1.28685,0.996759,-0.813909
2643,1.28717,1.02366,-0.780333
2644,1.25855,1.01259,-0.747413
2645,1.25855,1.01259,-0.747413
2646,1.30453,1.05378,-0.768984
2647,1.30453,1.05378,-0.768984
2648,1.23926,1.01634,-0.709088
2649,1.22102,1.00482,-0.693698
2650,1.26925,1.08385,-0.660496
2651,1.24273,1.03275,-0.691241
2652,1.23932,0.982328,-0.75561
2653,1.23932,0.982328,-0.75561
2654,1.34068,1.07197,-0.805175
2655,1.33404,1.04393,-0.830592
2656,1.33021,1.05516,-0.810001
2657,1.35486,1.04987,-0.856396
2658,1.29452,1.04303,-0.766716
2659,1.29452,1.04303,-0.766716
2660,1.30049,0.993494,-0.839193
2661,1.34572,1.00236,-0.897916
2662,1.34572,1.00236,-0.897916
2663,1.34572,1.00236,-0.897916
2664,1.30692,0.97177,-0.873896
2665,1.30827,0.956592,-0.89247
2666,1.30827,0.956592,-0.89247
2667,1.29168,1.00894,-0.806522
2668,1.29168,1.00894,-0.806522
2669,1.31065,1.10421,-0.706074
2670,1.31065,1.10421,-0.706074
2671,1.2765,1.09899,-0.649362
2672,1.32495,1.12713,-0.696474
2673,1.29206,1.08657,-0.699126
2674,1.32217,1.11558,-0.709671
2675,1.2967,1.09182,-0.699531
2676,1.22143,1.0221,-0.668735
2677,1.22143,1.0221,-0.668735
2678,1.20961,1.02721,-0.638745
2679,1.18748,0.956058,-0.704319
2680,1.19021,0.986616,-0.665728
2681,1.19021,0.986616,-0.665728
2682,1.12235,0.917395,-0.646566
2683,1.11804,0.895985,-0.668752
2684,1.16039,0.939994,-0.680373
2685,1.16039,0.939994,-0.680373
2686,1.16897,0.914026,-0.728725
2687,1.16427,0.93583,-0.692642
2688,1.16427,0.93583,-0.692642
2689,1.27834,1.04193,-0.740632
2690,1.19328,0.960751,-0.707728
2691,1.24166,0.977866,-0.765176
2692,1.24166,0.977866,-0.765176
2693,1.24166,0.977866,-0.765176
2694,1.2015,0.96205,-0.719761
2695,1.23683,0.983348,-0.750178
2696,1.23683,0.983348,-0.750178
2697,1.23171,1.00757,-0.708466
2698,1.24263,0.928608,-0.82572
2699,1.24263,0.928608,-0.82572
2700,1.17056,0.858432,-0.79581
2701,1.17056,0.858432,-0.79581
2702,1.14535,0.832497,-0.786627
2703,1.17378,0.893591,-0.761081
2704,1.18806,0.926141,-0.744149
2705,1.10676,0.853849,-0.704179
2706,1.15993,0.861748,-0.776422
2707,1.15899,0.892519,-0.739366
2708,1.13018,0.913956,-0.664831
2709,1.10255,0.867072,-0.681036
2710,0.999189,0.763807,-0.644188
2711,0.999189,0.763807,-0.644188
2712,0.987284,0.732387,-0.662072
2713,0.987284,0.732387,-0.662072
2714,1.06232,0.774544,-0.727056
2715,1.05691,0.747592,-0.747105
2716,1.05691,0.747592,-0.747105
2717,1.06273,0.784439,-0.716979
2718,1.07268,0.757335,-0.759661
2719,1.06635,0.799493,-0.705628
2720,1.07559,0.795257,-0.724196
2721,1.07559,0.795257,-0.724196
2722,1.10398,0.779693,-0.781576
2723,1.1088,0.808897,-0.758369
2724,1.1088,0.808897,-0.758369
2725,1.09829,0.820275,-0.730329
2726,1.09829,0.820275,-0.730329
2727,1.16645,0.881359,-0.764078
2728,1.1576,0.872577,-0.760696
2729,1.11765,0.849015,-0.72685
2730,1.15638,0.889983,-0.738342
2731,1.15077,0.871607,-0.751378
2732,1.12159,0.838655,-0.744724
2733,1.09567,0.809861,-0.737988
2734,1.07373,0.794615,-0.722138
2735,1.11218,0.867614,-0.695836
2736,1.12284,0.919332,-0.644664
2737,1.12284,0.919332,-0.644664
2738,1.1527,0.954847,-0.645749
2739,1.1527,0.954847,-0.645749
2740,1.16056,0.978152,-0.624589
2741,1.16056,0.978152,-0.624589
2742,1.16056,0.978152,-0.624589
2743,1.19439,1.01827,-0.624255
2744,1.19195,0.966298,-0.697863
2745,1.23841,1.03207,-0.684462
2746,1.23841,1.03207,-0.684462
2747,1.23841,1.03207,-0.684462
2748,1.21614,0.932572,-0.780588
2749,1.21342,0.95403,-0.749812
2750,1.21342,0.95403,-0.749812
2751,1.1826,0.95798,-0.693405
2752,1.21164,0.939309,-0.765357
2753,1.21621,0.926202,-0.788239
2754,1.18515,0.883291,-0.790175
2755,1.25917,0.948523,-0.828139
2756,1.25917,0.948523,-0.828139
2757,1.20311,0.845609,-0.85582
2758,1.24216,0.833995,-0.920552
2759,1.2339,0.87549,-0.869502
2760,1.28781,0.878709,-0.94145
2761,1.28314,0.886174,-0.927973
2762,1.28314,0.886174,-0.927973
2763,1.2886,0.897108,-0.925033
2764,1.20092,0.804293,-0.891812
2765,1.20092,0.804293,-0.891812
2766,1.20092,0.804293,-0.891812
2767,1.23237,0.828278,-0.912518
2768,1.2341,0.818013,-0.924042
2769,1.2444,0.864728,-0.894862
2770,1.28411,0.874403,-0.940409
2771,1.29036,0.909078,-0.91576
2772,1.28287,0.876741,-0.936522
2773,1.26728,0.878108,-0.913745
2774,1.26728,0.878108,-0.913745
2775,1.26772,0.893554,-0.899262
2776,1.24579,0.896437,-0.865091
2777,1.19543,0.864644,-0.825493
2778,1.21688,0.879136,-0.841373
2779,1.1544,0.767413,-0.862393
2780,1.13851,0.737163,-0.867642
2781,1.11211,0.713865,-0.852753
2782,1.11211,0.713865,-0.852753
2783,1.12937,0.723633,-0.867086
2784,1.12404,0.798614,-0.791007
2785,1.12404,0.798614,-0.791007
2786,1.16758,0.805772,-0.844977
2787,1.13411,0.720362,-0.875946
2788,1.194,0.736355,-0.939905
2789,1.194,0.736355,-0.939905
2790,1.194,0.736355,-0.939905
2791,1.12838,0.681227,-0.899542
2792,1.12699,0.645574,-0.923763
2793,1.12699,0.645574,-0.923763
2794,1.14684,0.624104,-0.962151
2795,1.15193,0.514452,-1.03067
2796,1.18757,0.546277,-1.05447
2797,1.18757,0.546277,-1.05447
2798,1.16428,0.5567,-1.02257
2799,1.16428,0.5567,-1.02257
2800,1.16428,0.5567,-1.02257
2801,1.16725,0.571067,-1.01802
2802,1.18746,0.558049,-1.04816
2803,1.18746,0.558049,-1.04816
2804,1.18746,0.558049,-1.04816
2805,1.18746,0.558049,-1.04816
2806,1.17948,0.603992,-1.01309
2807,1.16507,0.612093,-0.991325
2808,1.20932,0.679187,-1.00058
2809,1.20932,0.679187,-1.00058
2810,1.20932,0.679187,-1.00058
2811,1.16347,0.592053,-1.00157
2812,1.16347,0.592053,-1.00157
2813,1.18278,0.646556,-0.990419
2814,1.20815,0.678132,-0.99988
2815,1.18995,0.66194,-0.98885
2816,1.18131,0.629371,-0.999697
2817,1.1455,0.662679,-0.934361
2818,1.1455,0.662679,-0.934361
2819,1.15529,0.610529,-0.980788
2820,1.15106,0.651634,-0.948842
2821,1.15106,0.651634,-0.948842
2822,1.15106,0.651634,-0.948842
2823,1.15106,0.651634,-0.948842
2824,1.15106,0.651634,-0.948842
2825,1.16349,0.67558,-0.947261
2826,1.12809,0.654552,-0.918778
2827,1.12794,0.628083,-0.936894
2828,1.12794,0.628083,-0.936894
2829,1.12794,0.628083,-0.936894
2830,1.15851,0.615955,-0.981194
2831,1.24834,0.716948,-1.02193
2832,1.2595,0.745744,-1.01499
2833,1.21487,0.751895,-0.954231
2834,1.21487,0.751895,-0.954231
2835,1.27982,0.704355,-1.06856
2836,1.25646,0.682252,-1.0551
2837,1.27437,0.71726,-1.05336
2838,1.23422,0.709094,-1.01019
2839,1.23422,0.709094,-1.01019
2840,1.24718,0.747879,-0.998066
2841,1.24718,0.747879,-0.998066
2842,1.24574,0.804732,-0.95094
2843,1.20599,0.689658,-0.989337
2844,1.25604,0.754658,-1.00406
2845,1.24528,0.659356,-1.0564
2846,1.31164,0.72791,-1.09113
2847,1.28569,0.749212,-1.04483
2848,1.27259,0.726894,-1.04456
2849,1.27259,0.726894,-1.04456
2850,1.30201,0.755888,-1.06013
2851,1.24393,0.734434,-1.00398
2852,1.27736,0.749236,-1.03456
2853,1.27736,0.749236,-1.03456
2854,1.27736,0.749236,-1.03456
2855,1.25076,0.765507,-0.989145
2856,1.283,0.783188,-1.01623
2857,1.30059,0.815067,-1.01351
2858,1.29038,0.814914,-1.0005
2859,1.32686,0.894651,-0.979881
2860,1.32686,0.894651,-0.979881
2861,1.32686,0.894651,-0.979881
2862,1.31547,0.930686,-0.929669
2863,1.31741,0.839311,-1.01544
2864,1.31411,0.786465,-1.05278
2865,1.3204,0.791301,-1.05702
2866,1.29312,0.749531,-1.05374
2867,1.28283,0.812542,-0.992683
2868,1.28283,0.812542,-0.992683
2869,1.31365,0.811117,-1.03333
2870,1.30381,0.785896,-1.04033
2871,1.35629,0.863242,-1.04611
2872,1.35629,0.863242,-1.04611
2873,1.38528,0.890117,-1.06145
2874,1.32936,0.81078,-1.05349
2875,1.3504,0.861915,-1.03956
2876,1.3504,0.861915,-1.03956
2877,1.3504,0.861915,-1.03956
2878,1.3504,0.861915,-1.03956
2879,1.31663,0.918723,-0.943119
2880,1.31806,0.849577,-1.00772
2881,1.31806,0.849577,-1.00772
2882,1.32838,0.882678,-0.992712
2883,1.37841,0.915886,-1.03013
2884,1.36012,0.927467,-0.994846
2885,1.32837,0.902539,-0.974671
2886,1.32837,0.902539,-0.974671
2887,1.29848,0.86611,-0.967421
2888,1.27268,0.830018,-0.964774
2889,1.25689,0.84164,-0.933502
2890,1.25689,0.84164,-0.933502
2891,1.22124,0.823071,-0.902213
2892,1.22124,0.823071,-0.902213
2893,1.28361,0.879136,-0.935294
2894,1.26068,0.874008,-0.908532
2895,1.26068,0.874008,-0.908532
2896,1.2814,0.856666,-0.952948
2897,1.24165,0.829249,-0.924142
2898,1.21761,0.814817,-0.904792
2899,1.21761,0.814817,-0.904792
2900,1.21761,0.814817,-0.904792
2901,1.23938,0.878611,-0.874129
2902,1.24017,0.817494,-0.932584
2903,1.18371,0.798222,-0.874072
2904,1.18056,0.796416,-0.871465
2905,1.12218,0.697657,-0.878961
2906,1.12445,0.731508,-0.853978
2907,1.1195,0.747469,-0.833406
2908,1.09512,0.720448,-0.824773
2909,1.13901,0.72598,-0.87767
2910,1.11046,0.715062,-0.849593
2911,1.17413,0.727051,-0.92194
2912,1.15335,0.666842,-0.941036
2913,1.15335,0.666842,-0.941036
2914,1.15335,0.666842,-0.941036
2915,1.16728,0.716063,-0.921839
2916,1.14741,0.714644,-0.897689
2917,1.13758,0.68964,-0.904706
2918,1.17094,0.611589,-0.998529
2919,1.18693,0.629746,-1.00609
2920,1.27034,0.662292,-1.08404
2921,1.29769,0.645498,-1.12576
2922,1.3735,0.615332,-1.22796
2923,1.32889,0.672316,-1.14628
2924,1.32889,0.672316,-1.14628
2925,1.29217,0.595697,-1.14667
2926,1.38871,0.641528,-1.23165
2927,1.35379,0.608149,-1.2095
2928,1.38737,0.587451,-1.25685
2929,1.40055,0.592089,-1.26924
2930,1.46478,0.684039,-1.29525
2931,1.50123,0.605128,-1.37386
2932,1.48322,0.672549,-1.32198
2933,1.43662,0.640128,-1.28612
2934,1.35685,0.657487,-1.18691
2935,1.39394,0.671244,-1.22168
2936,1.36685,0.599584,-1.22833
2937,1.35859,0.513674,-1.25774
2938,1.35859,0.513674,-1.25774
2939,1.34491,0.554616,-1.22523
2940,1.34491,0.554616,-1.22523
2941,1.32426,0.475867,-1.2358
2942,1.33695,0.476434,-1.24918
2943,1.33695,0.476434,-1.24918
2944,1.33695,0.476434,-1.24918
2945,1.26875,0.506249,-1.16337
2946,1.29597,0.509161,-1.19176
2947,1.28677,0.41183,-1.21909
2948,1.28677,0.41183,-1.21909
2949,1.28777,0.431864,-1.21319
2950,1.28777,0.431864,-1.21319
2951,1.28777,0.431864,-1.21319
2952,1.31508,0.355386,-1.26615
2953,1.31508,0.355386,-1.26615
2954,1.31508,0.355386,-1.26615
2955,1.30818,0.335346,-1.26447
2956,1.27121,0.274799,-1.24115
2957,1.15778,0.288712,-1.1212
2958,1.17141,0.224787,-1.14964
2959,1.1623,0.205305,-1.14403
2960,1.23385,0.259749,-1.2062
2961,1.2943,0.31713,-1.25485
2962,1.28325,0.359426,-1.23189
2963,1.2869,0.366055,-1.23374
2964,1.29143,0.316222,-1.25211
2965,1.25233,0.284178,-1.21966
2966,1.25233,0.284178,-1.21966
2967,1.31364,0.255731,-1.28851
2968,1.31364,0.255731,-1.28851
2969,1.30168,0.258706,-1.27571
2970,1.30168,0.258706,-1.27571
2971,1.30168,0.258706,-1.27571
2972,1.35809,0.250813,-1.33473
2973,1.33207,0.269186,-1.30459
2974,1.26655,0.221696,-1.247
2975,1.30031,0.215855,-1.28227
2976,1.30031,0.215855,-1.28227
2977,1.30031,0.215855,-1.28227
2978,1.30031,0.215855,-1.28227
2979,1.30832,0.260496,-1.28212
2980,1.30832,0.260496,-1.28212
2981,1.32456,0.230829,-1.30429
2982,1.29856,0.227255,-1.27852
2983,1.29913,0.304867,-1.26286
2984,1.26209,0.249845,-1.23711
2985,1.23951,0.178243,-1.22663
2986,1.23951,0.178243,-1.22663
2987,1.23951,0.178243,-1.22663
2988,1.23951,0.178243,-1.22663
2989,1.26884,0.0922093,-1.26549
2990,1.2449,0.14875,-1.23598
2991,1.2449,0.14875,-1.23598
2992,1.2449,0.14875,-1.23598
2993,1.27224,0.150759,-1.26328
2994,1.20681,0.183593,-1.19277
2995,1.25838,0.223009,-1.23846
2996,1.25279,0.139822,-1.24496
2997,1.25279,0.139822,-1.24496
2998,1.28411,0.103028,-1.27997
2999,1.26347,0.0823676,-1.26078
3000,1.23561,0.112273,-1.2305
3001,1.21511,0.121246,-1.20905
3002,1.19743,0.10344,-1.19295
3003,1.23144,0.0440622,-1.23065
3004,1.27238,0.0509065,-1.27136
3005,1.22849,0.113924,-1.22319
3006,1.22849,0.113924,-1.22319
3007,1.2165,0.106293,-1.21185
3008,1.2165,0.106293,-1.21185
3009,1.24541,0.0695702,-1.24346
3010,1.23913,0.057288,-1.2378
3011,1.28712,0.0515541,-1.28609
3012,1.23162,0.0368116,-1.23107
3013,1.25466,0.119428,-1.24896
3014,1.25466,0.119428,-1.24896
3015,1.24943,0.0856197,-1.24649
3016,1.24943,0.0856197,-1.24649
3017,1.24943,0.0856197,-1.24649
3018,1.24943,0.0856197,-1.24649
3019,1.18787,0.154855,-1.17774
3020,1.21823,0.209154,-1.20014
3021,1.20286,0.237718,-1.17914
3022,1.20286,0.237718,-1.17914
3023,1.23511,0.271715,-1.20485
3024,1.23511,0.271715,-1.20485
3025,1.23793,0.231303,-1.21612
3026,1.23793,0.231303,-1.21612
3027,1.23793,0.231303,-1.21612
3028,1.24144,0.195769,-1.22591
3029,1.24144,0.195769,-1.22591
3030,1.24144,0.195769,-1.22591
3031,1.24144,0.195769,-1.22591
3032,1.24144,0.195769,-1.22591
3033,1.24144,0.195769,-1.22591
3034,1.16657,0.159822,-1.15557
3035,1.16657,0.159822,-1.15557
3036,1.16969,0.145065,-1.16066
3037,1.14683,0.099066,-1.14254
3038,1.18076,0.122429,-1.17439
3039,1.19338,0.0842064,-1.1904
3040,1.21969,0.0682979,-1.21777
3041,1.21969,0.0682979,-1.21777
3042,1.24453,0.0503825,-1.24351
3043,1.2567,0.0694672,-1.25478
3044,1.2567,0.0694672,-1.25478
3045,1.2567,0.0694672,-1.25478
3046,1.21884,0.14613,-1.21005
3047,1.20216,0.132726,-1.19481
3048,1.24525,0.0986633,-1.24134
3049,1.20108,0.0228821,-1.20086
3050,1.20108,0.0228821,-1.20086
3051,1.20536,0.0509338,-1.20428
3052,1.20536,0.0509338,-1.20428
3053,1.20536,0.0509338,-1.20428
3054,1.20088,0.0166959,-1.20076
3055,1.20088,0.0166959,-1.20076
3056,1.16449,0.0781913,-1.16186
3057,1.16449,0.0781913,-1.16186
3058,1.16449,0.0781913,-1.16186
3059,1.21937,0.032524,-1.21894
3060,1.17869,0.0530478,-1.1775
3061,1.1448,0.0484633,-1.14377
3062,1.18099,0.0488212,-1.17998
3063,1.18099,0.0488212,-1.17998
3064,1.18099,0.0488212,-1.17998
3065,1.19193,0.112389,-1.18662
3066,1.17651,0.0946347,-1.1727
3067,1.2241,0.0946984,-1.22043
3068,1.22494,0.161981,-1.21419
3069,1.17578,0.160078,-1.16483
3070,1.17436,0.183934,-1.15986
3071,1.12459,0.225458,-1.10175
3072,1.12459,0.225458,-1.10175
3073,1.15702,0.226305,-1.13468
3074,1.13315,0.270932,-1.10029
3075,1.13315,0.270932,-1.10029
3076,1.1533,0.241807,-1.12767
3077,1.11552,0.255973,-1.08575
3078,1.14239,0.282847,-1.10682
3079,1.10787,0.280595,-1.07175
3080,1.12439,0.269221,-1.09169
3081,1.12439,0.269221,-1.09169
3082,1.17074,0.321319,-1.12578
3083,1.17074,0.321319,-1.12578
3084,1.13632,0.29466,-1.09745
3085,1.13632,0.29466,-1.09745
3086,1.08727,0.328309,-1.03652
3087,1.12384,0.297772,-1.08367
3088,1.13686,0.275674,-1.10293
3089,1.14891,0.309192,-1.10652
3090,1.14891,0.309192,-1.10652
3091,1.14891,0.309192,-1.10652
3092,1.14891,0.309192,-1.10652
3093,1.20772,0.339839,-1.15892
3094,1.24498,0.337826,-1.19826
3095,1.24844,0.374204,-1.19104
3096,1.30914,0.419033,-1.24027
3097,1.27475,0.374894,-1.21837
3098,1.20238,0.252552,-1.17555
3099,1.20597,0.273613,-1.17452
3100,1.18554,0.296833,-1.14778
3101,1.22956,0.248646,-1.20416
3102,1.16852,0.192555,-1.15255
3103,1.12027,0.143854,-1.111
3104,1.18344,0.174416,-1.17051
3105,1.1292,0.120422,-1.12276
3106,1.1548,0.115794,-1.14898
3107,1.17532,0.0846512,-1.17227
3108,1.20701,0.165087,-1.19566
3109,1.20701,0.165087,-1.19566
3110,1.23422,0.125482,-1.22783
3111,1.25624,0.0880544,-1.25315
3112,1.28104,0.139389,-1.27343
3113,1.32181,0.168474,-1.31103
3114,1.30865,0.215465,-1.29079
3115,1.3157,0.224447,-1.29641
3116,1.28368,0.212122,-1.26604
3117,1.28368,0.212122,-1.26604
3118,1.31192,0.227952,-1.29196
3119,1.35111,0.257633,-1.32632
3120,1.34569,0.272059,-1.31791
3121,1.37036,0.275946,-1.34229
3122,1.37036,0.275946,-1.34229
3123,1.40621,0.304069,-1.37294
3124,1.32511,0.289622,-1.29307
3125,1.33786,0.249143,-1.31446
3126,1.33243,0.218869,-1.31433
3127,1.32836,0.170341,-1.31739
3128,1.28839,0.167383,-1.27747
3129,1.389,0.136395,-1.38229
3130,1.40401,0.106509,-1.39997
3131,1.40401,0.106509,-1.39997
3132,1.40401,0.106509,-1.39997
3133,1.40456,0.0286391,-1.40427
3134,1.43971,0.0454531,-1.43899
3135,1.36263,0.0057273,-1.36262
3136,1.31928,-0.00679669,-1.31926
3137,1.2443,-0.0256681,-1.24403
3138,1.2443,-0.0256681,-1.24403
3139,1.28041,0.0201303,-1.28025
3140,1.27076,0.0117966,-1.2707
3141,1.27076,0.0117966,-1.2707
3142,1.27076,0.0117966,-1.2707
3143,1.32264,0.0658589,-1.321
3144,1.35052,0.118885,-1.34528
3145,1.35052,0.118885,-1.34528
3146,1.36337,0.14528,-1.35561
3147,1.40368,0.109753,-1.39939
3148,1.38787,0.0958795,-1.38455
3149,1.33037,0.0476745,-1.32952
3150,1.29402,0.0805642,-1.29151
3151,1.29402,0.0805642,-1.29151
3152,1.2747,0.0311673,-1.27432
3153,1.2708,0.138685,-1.26321
3154,1.29303,0.153135,-1.28393
3155,1.30675,0.141567,-1.29906
3156,1.35166,0.146746,-1.34367
3157,1.32638,0.198266,-1.31148
3158,1.32445,0.211822,-1.3074
3159,1.247,0.207942,-1.22954
3160,1.21444,0.164683,-1.20322
3161,1.21444,0.164683,-1.20322
3162,1.2517,0.148965,-1.2428
3163,1.23167,0.129718,-1.22482
3164,1.25727,0.216167,-1.23854
3165,1.26673,0.173007,-1.25486
3166,1.22763,0.130728,-1.22065
3167,1.22763,0.130728,-1.22065
3168,1.26611,0.143632,-1.25793
3169,1.28809,0.1036,-1.28392
3170,1.14278,0.0305292,-1.14237
3171,1.1206,-0.0319832,-1.12015
3172,1.1275,0.0197704,-1.12733
3173,1.1275,0.0197704,-1.12733
3174,1.12911,0.0311648,-1.12868
3175,1.21807,0.0356981,-1.21755
3176,1.21807,0.0356981,-1.21755
3177,1.20904,-0.0104884,-1.209
3178,1.2441,-0.01398,-1.24402
3179,1.26108,0.0555211,-1.25986
3180,1.25624,0.0417217,-1.25554
3181,1.17061,0.0879321,-1.1673
3182,1.19456,0.174726,-1.18171
3183,1.1982,0.164774,-1.18682
3184,1.19297,0.106597,-1.1882
3185,1.19297,0.106597,-1.1882
3186,1.25365,0.141365,-1.24566
3187,1.20456,0.0730997,-1.20234
3188,1.20456,0.0730997,-1.20234
3189,1.15066,0.103499,-1.146
3190,1.16008,0.0935885,-1.1563
3191,1.20033,0.0726492,-1.19813
3192,1.19986,-0.00100539,-1.19986
3193,1.17099,-0.0412531,-1.17026
3194,1.18979,-0.094499,-1.18603
3195,1.1906,-0.209628,-1.172
3196,1.1906,-0.209628,-1.172
3197,1.24373,-0.24601,-1.21915
3198,1.28777,-0.251745,-1.26293
3199,1.31729,-0.267789,-1.28978
3200,1.27848,-0.309293,-1.2405
3201,1.27848,-0.309293,-1.2405
3202,1.27848,-0.309293,-1.2405
3203,1.28563,-0.255278,-1.26003
3204,1.28063,-0.211462,-1.26305
3205,1.21327,-0.212815,-1.19446
3206,1.2386,-0.200016,-1.22234
3207,1.25077,-0.308924,-1.21202
3208,1.25077,-0.308924,-1.21202
3209,1.22117,-0.320205,-1.17844
3210,1.22117,-0.320205,-1.17844
3211,1.26093,-0.337775,-1.21485
3212,1.25282,-0.419855,-1.18037
3213,1.2529,-0.372666,-1.1962
3214,1.28789,-0.460685,-1.20268
3215,1.33337,-0.3844,-1.27676
3216,1.33337,-0.3844,-1.27676
3217,1.33337,-0.3844,-1.27676
3218,1.33337,-0.3844,-1.27676
3219,1.32929,-0.37111,-1.27643
3220,1.28169,-0.310123,-1.24361
3221,1.28169,-0.310123,-1.24361
3222,1.30924,-0.356374,-1.2598
3223,1.31057,-0.434739,-1.23637
3224,1.33208,-0.424884,-1.2625
3225,1.33208,-0.424884,-1.2625
3226,1.32782,-0.391564,-1.26878
3227,1.30692,-0.377138,-1.25133
3228,1.31201,-0.363334,-1.2607
3229,1.31159,-0.36951,-1.25846
3230,1.37596,-0.424787,-1.30875
3231,1.34728,-0.382119,-1.29196
3232,1.34728,-0.382119,-1.29196
3233,1.29961,-0.32637,-1.25796
3234,1.29961,-0.32637,-1.25796
3235,1.29961,-0.32637,-1.25796
3236,1.29961,-0.32637,-1.25796
3237,1.30091,-0.355965,-1.25126
3238,1.2673,-0.336035,-1.22194
3239,1.32151,-0.31448,-1.28354
3240,1.32151,-0.31448,-1.28354
3241,1.31353,-0.324635,-1.27278
3242,1.24462,-0.252099,-1.21882
3243,1.33564,-0.290783,-1.30361
3244,1.33564,-0.290783,-1.30361
3245,1.33564,-0.290783,-1.30361
3246,1.25682,-0.232297,-1.23517
3247,1.25682,-0.232297,-1.23517
3248,1.25333,-0.132869,-1.24626
3249,1.31405,-0.141853,-1.30637
3250,1.31115,-0.177778,-1.29904
3251,1.33655,-0.136747,-1.32953
3252,1.2969,-0.197603,-1.28176
3253,1.23879,-0.200523,-1.22245
3254,1.18617,-0.172456,-1.17357
3255,1.18617,-0.172456,-1.17357
3256,1.18617,-0.172456,-1.17357
3257,1.16352,-0.246818,-1.13704
3258,1.13933,-0.261891,-1.10882
3259,1.16351,-0.241708,-1.13813
3260,1.1649,-0.189716,-1.14935
3261,1.1649,-0.189716,-1.14935
3262,1.17325,-0.128382,-1.16621
3263,1.20266,-0.104602,-1.19811
3264,1.2123,-0.122964,-1.20605
3265,1.2123,-0.122964,-1.20605
3266,1.2123,-0.122964,-1.20605
3267,1.20439,-0.141569,-1.19604
3268,1.19297,-0.17944,-1.1794
3269,1.19297,-0.17944,-1.1794
3270,1.19297,-0.17944,-1.1794
3271,1.28604,-0.242137,-1.26304
3272,1.27356,-0.201234,-1.25756
3273,1.33553,-0.168354,-1.32487
3274,1.29296,-0.184114,-1.27979
3275,1.36011,-0.193956,-1.34621
3276,1.36011,-0.193956,-1.34621
3277,1.29428,-0.180335,-1.28166
3278,1.29428,-0.180335,-1.28166
3279,1.29428,-0.180335,-1.28166
3280,1.30225,-0.203182,-1.2863
3281,1.33617,-0.301471,-1.30172
3282,1.3666,-0.268811,-1.3399
3283,1.3666,-0.268811,-1.3399
3284,1.30965,-0.226525,-1.28991
3285,1.26196,-0.24921,-1.2371
3286,1.26226,-0.211897,-1.24435
3287,1.26226,-0.211897,-1.24435
3288,1.30542,-0.211284,-1.28821
3289,1.29463,-0.181368,-1.28187
3290,1.33499,-0.104321,-1.33091
3291,1.31575,-0.0908678,-1.31261
3292,1.30987,-0.0327447,-1.30946
3293,1.42022,-0.0315922,-1.41987
3294,1.38827,0.0440596,-1.38757
3295,1.38827,0.0440596,-1.38757
3296,1.41977,0.129034,-1.4139
3297,1.35894,0.147408,-1.35092
3298,1.35894,0.147408,-1.35092
3299,1.34055,0.173311,-1.3293
3300,1.34055,0.173311,-1.3293
3301,1.34955,0.213823,-1.3325
3302,1.33638,0.18593,-1.32338
3303,1.31668,0.110545,-1.31203
3304,1.30376,0.0671438,-1.30203
3305,1.33228,0.111517,-1.32761
3306,1.33228,0.111517,-1.32761
3307,1.34466,0.0980756,-1.34107
3308,1.31532,0.0825001,-1.31273
3309,1.31532,0.0825001,-1.31273
3310,1.3593,0.0658168,-1.35771
3311,1.3585,0.120556,-1.35314
3312,1.3585,0.120556,-1.35314
3313,1.3585,0.120556,-1.35314
3314,1.3814,0.158473,-1.37228
3315,1.32361,0.192604,-1.30952
3316,1.39627,0.132841,-1.38994
3317,1.40323,0.0532341,-1.40222
3318,1.40323,0.0532341,-1.40222
3319,1.40323,0.0532341,-1.40222
3320,1.42812,-0.0349713,-1.4277
3321,1.3994,0.0800013,-1.39711
3322,1.3994,0.0800013,-1.39711
3323,1.39372,0.0154754,-1.39363
3324,1.39372,0.0154754,-1.39363
3325,1.39372,0.0154754,-1.39363
3326,1.34875,-0.0349367,-1.3483
3327,1.42129,-0.00939481,-1.42126
3328,1.33164,0.0290173,-1.33133
3329,1.22223,0.0289323,-1.22189
3330,1.24269,0.00842595,-1.24267
3331,1.25441,-0.0807326,-1.25181
3332,1.19921,-0.136656,-1.1914
3333,1.24017,-0.113251,-1.23499
3334,1.24017,-0.113251,-1.23499
3335,1.24017,-0.113251,-1.23499
3336,1.24791,-0.143392,-1.23964
3337,1.24791,-0.143392,-1.23964
3338,1.23159,-0.192754,-1.21641
3339,1.2686,-0.234002,-1.24683
3340,1.31205,-0.29831,-1.27769
3341,1.32787,-0.189337,-1.31431
3342,1.32445,-0.14466,-1.31652
3343,1.3848,-0.176912,-1.37345
3344,1.3848,-0.176912,-1.37345
3345,1.32798,-0.276757,-1.29882
3346,1.30639,-0.300774,-1.27129
3347,1.25977,-0.304364,-1.22245
3348,1.25977,-0.304364,-1.22245
3349,1.23301,-0.340106,-1.18518
3350,1.25697,-0.34165,-1.20965
3351,1.25697,-0.34165,-1.20965
3352,1.25697,-0.34165,-1.20965
3353,1.25011,-0.339291,-1.20318
3354,1.25011,-0.339291,-1.20318
3355,1.216,-0.33186,-1.16984
3356,1.16767,-0.330298,-1.11998
3357,1.19004,-0.407421,-1.11812
3358,1.21302,-0.407475,-1.14253
3359,1.17054,-0.410165,-1.09633
3360,1.18106,-0.395263,-1.11296
3361,1.2495,-0.384823,-1.18876
3362,1.20928,-0.355144,-1.15595
3363,1.12701,-0.276692,-1.09252
3364,1.10163,-0.283951,-1.06441
3365,1.10163,-0.283951,-1.06441
3366,1.13456,-0.279948,-1.09948
3367,1.11145,-0.305347,-1.06868
3368,1.10529,-0.297507,-1.0645
3369,1.11677,-0.330624,-1.06671
3370,1.11677,-0.330624,-1.06671
3371,1.11922,-0.316416,-1.07356
3372,1.13234,-0.363515,-1.0724
3373,1.13234,-0.363515,-1.0724
3374,1.1598,-0.422169,-1.08024
3375,1.1905,-0.447242,-1.10329
3376,1.17924,-0.410084,-1.10564
3377,1.19012,-0.407346,-1.11824
3378,1.1885,-0.396272,-1.12049
3379,1.1885,-0.396272,-1.12049
3380,1.21919,-0.355269,-1.16628
3381,1.20961,-0.250011,-1.18349
3382,1.20961,-0.250011,-1.18349
3383,1.21362,-0.197414,-1.19745
3384,1.19192,-0.22965,-1.16959
3385,1.17653,-0.178999,-1.16283
3386,1.17922,-0.186043,-1.16445
3387,1.18174,-0.225905,-1.15995
3388,1.18174,-0.225905,-1.15995
3389,1.25468,-0.277447,-1.22362
3390,1.25468,-0.277447,-1.22362
3391,1.24764,-0.228158,-1.22661
3392,1.24764,-0.228158,-1.22661
3393,1.2836,-0.256883,-1.25764
3394,1.25007,-0.27631,-1.21915
3395,1.23492,-0.242676,-1.21084
3396,1.27274,-0.22349,-1.25297
3397,1.28027,-0.183805,-1.26701
3398,1.28345,-0.0835444,-1.28072
3399,1.3103,-0.0756696,-1.30811
3400,1.31374,0.0206007,-1.31358
3401,1.32036,0.0980684,-1.31671
3402,1.35601,0.0633974,-1.35453
3403,1.44263,0.0894882,-1.43985
3404,1.44263,0.0894882,-1.43985
3405,1.28438,0.0473667,-1.28351
3406,1.28438,0.0473667,-1.28351
3407,1.28438,0.0473667,-1.28351
3408,1.28038,0.0444254,-1.27961
3409,1.33991,0.0025749,-1.3399
3410,1.29405,-0.0304743,-1.2937
3411,1.34372,0.0352823,-1.34326
3412,1.34632,0.0457359,-1.34554
3413,1.38364,0.124921,-1.37799
3414,1.37471,0.0700066,-1.37293
3415,1.40007,0.00388282,-1.40007
3416,1.343,0.0659549,-1.34138
3417,1.33426,0.0720657,-1.33231
3418,1.33426,0.0720657,-1.33231
3419,1.35497,0.0379298,-1.35444
3420,1.37164,0.107762,-1.3674
3421,1.33612,0.0320994,-1.33573
3422,1.28306,0.0912264,-1.27982
3423,1.34076,0.118573,-1.3355
3424,1.34076,0.118573,-1.3355
3425,1.2762,0.151114,-1.26722
3426,1.32088,0.112505,-1.31608
3427,1.30654,0.0917759,-1.30331
3428,1.22584,0.0946335,-1.22218
3429,1.22584,0.0946335,-1.22218
3430,1.28596,0.105138,-1.28165
3431,1.29356,0.124649,-1.28754
3432,1.29626,0.117415,-1.29093
3433,1.25842,0.0628446,-1.25685
3434,1.29224,0.014363,-1.29216
3435,1.22993,0.0125324,-1.22986
3436,1.245,0.0279066,-1.24469
3437,1.28681,-0.0386038,-1.28623
3438,1.30781,-0.0359466,-1.30731
3439,1.28646,-0.140608,-1.27876
3440,1.28646,-0.140608,-1.27876
3441,1.28646,-0.140608,-1.27876
3442,1.32015,-0.172445,-1.30884
3443,1.25899,-0.100643,-1.25496
3444,1.24533,-0.0848529,-1.24243
3445,1.2966,-0.0916262,-1.29336
3446,1.38306,-0.148976,-1.37502
3447,1.39029,-0.227977,-1.37147
3448,1.29932,-0.164776,-1.28883
3449,1.29932,-0.164776,-1.28883
3450,1.29372,-0.158103,-1.28402
3451,1.33456,-0.125599,-1.32864
3452,1.33456,-0.125599,-1.32864
3453,1.32664,-0.177582,-1.3147
3454,1.32664,-0.177582,-1.3147
3455,1.37159,-0.170224,-1.36099
3456,1.38442,-0.141169,-1.3772
3457,1.38577,-0.121435,-1.38044
3458,1.38462,-0.121935,-1.37924
3459,1.40875,-0.163827,-1.39919
3460,1.43495,-0.233005,-1.41591
3461,1.37936,-0.192108,-1.36592
3462,1.37936,-0.192108,-1.36592
3463,1.37936,-0.192108,-1.36592
3464,1.36824,-0.178263,-1.35658
3465,1.3623,-0.193158,-1.34854
3466,1.37921,-0.160416,-1.36985
3467,1.38838,-0.157161,-1.37945
3468,1.39021,-0.115559,-1.3854
3469,1.39021,-0.115559,-1.3854
3470,1.39021,-0.115559,-1.3854
3471,1.36215,-0.156332,-1.35315
3472,1.33048,-0.0797925,-1.32808
3473,1.2995,-0.0513765,-1.29848
3474,1.39516,-0.0710455,-1.39335
3475,1.38734,-0.159661,-1.37812
3476,1.38734,-0.159661,-1.37812
3477,1.33788,-0.152167,-1.3292
3478,1.30927,-0.150919,-1.30054
3479,1.30927,-0.150919,-1.30054
3480,1.24994,-0.118105,-1.24435
3481,1.21219,-0.0738915,-1.20994
3482,1.16135,-0.111567,-1.15597
3483,1.19451,-0.100945,-1.19024
3484,1.19451,-0.100945,-1.19024
3485,1.18781,-0.0997052,-1.18362
3486,1.26434,-0.0485206,-1.26341
3487,1.26723,-0.0998877,-1.26328
3488,1.26712,-0.115582,-1.26183
3489,1.26282,-0.0714851,-1.2608
3490,1.29006,-0.0759908,-1.28782
3491,1.28876,-0.0615868,-1.28729
3492,1.28876,-0.0615868,-1.28729
3493,1.28876,-0.0615868,-1.28729
3494,1.29279,-0.0934827,-1.2894
3495,1.28541,-0.107881,-1.28087
3496,1.24139,-0.109143,-1.23659
3497,1.2893,-0.104894,-1.28502
3498,1.2893,-0.104894,-1.28502
3499,1.3337,-0.12452,-1.32787
3500,1.28417,-0.0638086,-1.28259
3501,1.28417,-0.0638086,-1.28259
3502,1.20166,-0.0232332,-1.20144
3503,1.29277,-0.050689,-1.29178
3504,1.29277,-0.050689,-1.29178
3505,1.22912,-0.0497783,-1.22811
3506,1.22912,-0.0497783,-1.22811
3507,1.2485,-0.0534161,-1.24735
3508,1.21229,-0.0342705,-1.2118
3509,1.20289,-0.100179,-1.19871
3510,1.19819,-0.051994,-1.19706
3511,1.19819,-0.051994,-1.19706
3512,1.17566,-0.047477,-1.1747
3513,1.17566,-0.047477,-1.1747
3514,1.20665,-0.0675534,-1.20475
3515,1.20665,-0.0675534,-1.20475
3516,1.13186,-0.0706352,-1.12965
3517,1.13186,-0.0706352,-1.12965
3518,1.1478,-0.0529183,-1.14658
3519,1.1478,-0.0529183,-1.14658
3520,1.1478,-0.0529183,-1.14658
3521,1.16337,-0.0294354,-1.163
3522,1.15262,-0.00897458,-1.15258
3523,1.12043,-0.057008,-1.11898
3524,1.12043,-0.057008,-1.11898
3525,1.12043,-0.057008,-1.11898
3526,1.15166,-0.0594711,-1.15012
3527,1.18361,-0.0834642,-1.18067
3528,1.18103,-0.130095,-1.17384
3529,1.1489,-0.145442,-1.13966
3530,1.16058,-0.160372,-1.14945
3531,1.21169,-0.143544,-1.20316
3532,1.16721,-0.138671,-1.15894
3533,1.16721,-0.138671,-1.15894
3534,1.1643,-0.158523,-1.15345
3535,1.1643,-0.158523,-1.15345
3536,1.16604,-0.185736,-1.15115
3537,1.15381,-0.223266,-1.132
3538,1.15381,-0.223266,-1.132
3539,1.15381,-0.223266,-1.132
3540,1.14115,-0.193946,-1.12455
3541,1.14115,-0.193946,-1.12455
3542,1.20794,-0.19321,-1.19239
3543,1.20794,-0.19321,-1.19239
3544,1.17186,-0.226079,-1.14985
3545,1.17212,-0.223087,-1.1507
3546,1.17212,-0.223087,-1.1507
3547,1.17212,-0.223087,-1.1507
3548,1.17212,-0.223087,-1.1507
3549,1.13111,-0.161087,-1.11958
3550,1.13505,-0.151123,-1.12494
3551,1.0982,-0.066126,-1.09621
3552,1.05387,-0.092503,-1.0498
3553,1.08698,-0.158656,-1.07534
3554,1.10953,-0.113769,-1.10368
3555,1.12263,-0.142157,-1.1136
3556,1.12378,-0.158945,-1.11248
3557,1.1428,-0.186447,-1.12749
3558,1.13575,-0.192954,-1.11924
3559,1.16332,-0.22791,-1.14078
3560,1.16685,-0.241574,-1.14157
3561,1.16685,-0.241574,-1.14157
3562,1.16685,-0.241574,-1.14157
3563,1.16736,-0.288483,-1.13115
3564,1.16736,-0.288483,-1.13115
3565,1.1593,-0.261905,-1.12932
3566,1.13989,-0.249635,-1.11222
3567,1.11754,-0.253866,-1.08833
3568,1.11754,-0.253866,-1.08833
3569,1.06989,-0.12468,-1.0626
3570,1.11081,-0.131089,-1.10304
3571,1.06302,-0.096735,-1.05861
3572,1.06337,-0.0874889,-1.05977
3573,1.06325,-0.0959558,-1.05891
3574,1.0853,-0.120859,-1.07855
3575,1.0853,-0.120859,-1.07855
3576,1.10507,-0.0741398,-1.10258
3577,1.10507,-0.0741398,-1.10258
3578,1.10507,-0.0741398,-1.10258
3579,1.11847,-0.0115946,-1.11841
3580,1.14195,0.0893664,-1.13845
3581,1.14195,0.0893664,-1.13845
3582,1.15556,0.0736205,-1.15321
3583,1.16541,0.0634632,-1.16368
3584,1.16407,0.140876,-1.15551
3585,1.14983,0.0532499,-1.1486
3586,1.16814,-0.0302022,-1.16775
3587,1.16814,-0.0302022,-1.16775
3588,1.19616,0.0154154,-1.19606
3589,1.19616,0.0154154,-1.19606
3590,1.19616,0.0154154,-1.19606
3591,1.15442,-0.0153773,-1.15432
3592,1.15442,-0.0153773,-1.15432
3593,1.19534,-0.00585626,-1.19533
3594,1.17576,-0.0403933,-1.17507
3595,1.17576,-0.0403933,-1.17507
3596,1.16687,-0.0624777,-1.1652
3597,1.16048,-0.0577514,-1.15905
3598,1.16277,-0.116364,-1.15693
3599,1.14253,-0.102567,-1.13791
3600,1.14289,-0.148212,-1.13324
3601,1.17228,-0.182356,-1.15801
3602,1.13081,-0.232546,-1.10664
3603,1.11551,-0.381165,-1.04837
3604,1.11551,-0.381165,-1.04837
3605,1.16508,-0.434546,-1.08101
3606,1.24308,-0.449127,-1.15911
3607,1.24478,-0.494499,-1.14234
3608,1.27402,-0.605205,-1.12109
3609,1.27402,-0.605205,-1.12109
3610,1.35378,-0.657833,-1.18321
3611,1.34493,-0.668662,-1.16693
3612,1.34491,-0.728318,-1.13064
3613,1.35168,-0.731451,-1.13667
3614,1.29273,-0.676173,-1.10179
3615,1.29273,-0.676173,-1.10179
3616,1.3372,-0.703655,-1.13709
3617,1.38278,-0.744673,-1.16514
3618,1.36375,-0.779589,-1.11896
3619,1.3547,-0.738165,-1.13592
3620,1.3823,-0.790318,-1.13408
3621,1.3543,-0.750219,-1.12752
3622,1.39559,-0.803142,-1.14133
3623,1.37843,-0.723801,-1.17311
3624,1.34478,-0.771429,-1.10151
3625,1.33463,-0.767164,-1.0921
3626,1.34526,-0.789732,-1.08906
3627,1.32265,-0.706226,-1.11832
3628,1.32554,-0.705415,-1.12225
3629,1.39666,-0.761677,-1.17068
3630,1.36978,-0.720801,-1.16479
3631,1.35259,-0.721159,-1.1443
3632,1.36055,-0.728331,-1.14918
3633,1.29263,-0.596267,-1.14689
3634,1.26136,-0.562821,-1.12883
3635,1.26136,-0.562821,-1.12883
3636,1.26377,-0.456305,-1.17852
3637,1.26025,-0.449275,-1.17745
3638,1.2313,-0.437064,-1.15112
3639,1.17914,-0.367283,-1.12048
3640,1.16077,-0.336638,-1.11088
3641,1.14196,-0.36312,-1.08269
3642,1.09486,-0.322623,-1.04624
3643,1.13107,-0.299733,-1.09064
3644,1.16228,-0.384627,-1.09679
3645,1.19517,-0.397546,-1.12711
3646,1.14861,-0.36028,-1.09064
3647,1.20997,-0.341292,-1.16084
3648,1.20997,-0.341292,-1.16084
3649,1.20997,-0.341292,-1.16084
3650,1.26011,-0.329567,-1.21625
3651,1.31702,-0.293085,-1.28399
3652,1.2852,-0.298987,-1.24994
3653,1.19392,-0.305147,-1.15427
3654,1.17372,-0.238795,-1.14917
3655,1.18917,-0.237533,-1.16521
3656,1.23764,-0.251394,-1.21184
3657,1.18919,-0.263074,-1.15973
3658,1.22667,-0.234812,-1.20399
3659,1.2474,-0.236866,-1.2247
3660,1.2474,-0.236866,-1.2247
3661,1.2474,-0.236866,-1.2247
3662,1.2474,-0.236866,-1.2247
3663,1.2474,-0.236866,-1.2247
3664,1.2474,-0.236866,-1.2247
3665,1.2474,-0.236866,-1.2247
3666,1.19367,-0.259918,-1.16502
3667,1.21282,-0.292738,-1.17696
3668,1.21131,-0.238182,-1.18766
3669,1.19224,-0.230189,-1.16981
3670,1.16373,-0.214017,-1.14388
3671,1.14732,-0.188118,-1.13179
3672,1.08732,-0.256296,-1.05668
3673,1.08732,-0.256296,-1.05668
3674,1.08838,-0.314764,-1.04187
3675,1.08838,-0.314764,-1.04187
3676,1.09222,-0.332848,-1.04026
3677,1.09137,-0.323318,-1.04237
3678,1.1298,-0.321683,-1.08303
3679,1.11741,-0.332689,-1.06673
3680,1.10342,-0.31496,-1.05751
3681,1.08882,-0.22623,-1.06506
3682,1.04885,-0.194287,-1.0307
3683,1.02111,-0.208621,-0.99957
3684,1.02111,-0.208621,-0.99957
3685,0.999586,-0.142618,-0.98936
3686,0.978983,-0.155003,-0.966634
3687,1.01338,-0.0964453,-1.00878
3688,1.0332,-0.134514,-1.0244
3689,1.0332,-0.134514,-1.0244
3690,1.0357,-0.179112,-1.02009
3691,1.07316,-0.181245,-1.05775
3692,1.07279,-0.151322,-1.06206
3693,1.07279,-0.151322,-1.06206
3694,1.09985,-0.158496,-1.08837
3695,1.09985,-0.158496,-1.08837
3696,1.02707,-0.0874999,-1.02334
3697,1.06125,-0.125259,-1.05383
3698,1.05446,-0.0766249,-1.05167
3699,1.05446,-0.0766249,-1.05167
3700,1.05446,-0.0766249,-1.05167
3701,1.05446,-0.0766249,-1.05167
3702,1.04665,-0.0693444,-1.04435
3703,1.07208,-0.104441,-1.06698
3704,1.07208,-0.104441,-1.06698
3705,1.11314,-0.140294,-1.10427
3706,1.16861,-0.228647,-1.14603
3707,1.21352,-0.177237,-1.20051
3708,1.26662,-0.201257,-1.25053
3709,1.21416,-0.187186,-1.19965
3710,1.31224,-0.295747,-1.27848
3711,1.26296,-0.224291,-1.24289
3712,1.26296,-0.224291,-1.24289
3713,1.23449,-0.255839,-1.20769
3714,1.28561,-0.272705,-1.25635
3715,1.25908,-0.198527,-1.24333
3716,1.25908,-0.198527,-1.24333
3717,1.22605,-0.269841,-1.19599
3718,1.21625,-0.262433,-1.1876
3719,1.16477,-0.228513,-1.14213
3720,1.19001,-0.251884,-1.16305
3721,1.15271,-0.218866,-1.13174
3722,1.14726,-0.202479,-1.12925
3723,1.12317,-0.206392,-1.10405
3724,1.12317,-0.206392,-1.10405
3725,1.15958,-0.243961,-1.13363
3726,1.15958,-0.243961,-1.13363
3727,1.13062,-0.24892,-1.10288
3728,1.15092,-0.295979,-1.11221
3729,1.15101,-0.273644,-1.11801
3730,1.17103,-0.221986,-1.14979
3731,1.23906,-0.228494,-1.2178
3732,1.18656,-0.144135,-1.17777
3733,1.21327,-0.17612,-1.20042
3734,1.25424,-0.17962,-1.24131
3735,1.20328,-0.158205,-1.19283
3736,1.27274,-0.173803,-1.26082
3737,1.21468,-0.150276,-1.20535
3738,1.21468,-0.150276,-1.20535
3739,1.27313,-0.1643,-1.26249
3740,1.27313,-0.1643,-1.26249
3741,1.25231,-0.206093,-1.23524
3742,1.22942,-0.208625,-1.21159
3743,1.23345,-0.252605,-1.2073
3744,1.26354,-0.242558,-1.24004
3745,1.26762,-0.237651,-1.24515
3746,1.30995,-0.209688,-1.29306
3747,1.30872,-0.276662,-1.27914
3748,1.28142,-0.219607,-1.26246
3749,1.28142,-0.219607,-1.26246
3750,1.29043,-0.283327,-1.25894
3751,1.34199,-0.332609,-1.30012
3752,1.32218,-0.323936,-1.28188
3753,1.32218,-0.323936,-1.28188
3754,1.32218,-0.323936,-1.28188
3755,1.32218,-0.323936,-1.28188
3756,1.32218,-0.323936,-1.28188
3757,1.29752,-0.264424,-1.27029
3758,1.31616,-0.27498,-1.28711
3759,1.2794,-0.257189,-1.25328
3760,1.2794,-0.257189,-1.25328
3761,1.2794,-0.257189,-1.25328
3762,1.3338,-0.241116,-1.31183
3763,1.3338,-0.241116,-1.31183
3764,1.27244,-0.214509,-1.25423
3765,1.30182,-0.188043,-1.28817
3766,1.30182,-0.188043,-1.28817
3767,1.29945,-0.266559,-1.27182
3768,1.32451,-0.176684,-1.31268
3769,1.32451,-0.176684,-1.31268
3770,1.4359,-0.219562,-1.41901
3771,1.38197,-0.20934,-1.36603
3772,1.33383,-0.204052,-1.31813
3773,1.31759,-0.255409,-1.29259
3774,1.31759,-0.255409,-1.29259
3775,1.32259,-0.205896,-1.30647
3776,1.32259,-0.205896,-1.30647
3777,1.32259,-0.205896,-1.30647
3778,1.28829,-0.18901,-1.27434
3779,1.28829,-0.18901,-1.27434
3780,1.28829,-0.18901,-1.27434
3781,1.31883,-0.195757,-1.30422
3782,1.36011,-0.292458,-1.3283
3783,1.36011,-0.292458,-1.3283
3784,1.38437,-0.361559,-1.33632
3785,1.31218,-0.318292,-1.27299
3786,1.33253,-0.263288,-1.30626
3787,1.2661,-0.175081,-1.25394
3788,1.25245,-0.146692,-1.24383
3789,1.26523,-0.23317,-1.24356
3790,1.27398,-0.320294,-1.23306
3791,1.31251,-0.302581,-1.27716
3792,1.31251,-0.302581,-1.27716
3793,1.32112,-0.344033,-1.27554
3794,1.40931,-0.317694,-1.37303
3795,1.38728,-0.389311,-1.33153
3796,1.44316,-0.431288,-1.37721
3797,1.44306,-0.494251,-1.35578
3798,1.4114,-0.442548,-1.34022
3799,1.34802,-0.46089,-1.26678
3800,1.26343,-0.394378,-1.2003
3801,1.23455,-0.355145,-1.18237
3802,1.31847,-0.351816,-1.27066
3803,1.32898,-0.273576,-1.30051
3804,1.31715,-0.26174,-1.29088
3805,1.31715,-0.26174,-1.29088
3806,1.37125,-0.198897,-1.35675
3807,1.37125,-0.198897,-1.35675
3808,1.40322,-0.273633,-1.37628
3809,1.37837,-0.261224,-1.35339
3810,1.40702,-0.247006,-1.38516
3811,1.35112,-0.255414,-1.32676
3812,1.34276,-0.205213,-1.32698
3813,1.34276,-0.205213,-1.32698
3814,1.34276,-0.205213,-1.32698
3815,1.24905,-0.242101,-1.22536
3816,1.2284,-0.224646,-1.20769
3817,1.19415,-0.230925,-1.17161
3818,1.30064,-0.135595,-1.29355
3819,1.27891,-0.142285,-1.27097
3820,1.25817,-0.163238,-1.24754
3821,1.25543,-0.193177,-1.24048
3822,1.25543,-0.193177,-1.24048
3823,1.23665,-0.214761,-1.21786
3824,1.23695,-0.224038,-1.21649
3825,1.23695,-0.224038,-1.21649
3826,1.23695,-0.224038,-1.21649
3827,1.23695,-0.224038,-1.21649
3828,1.23695,-0.224038,-1.21649
3829,1.23695,-0.224038,-1.21649
3830,1.2319,-0.215237,-1.21295
3831,1.23422,-0.194971,-1.21872
3832,1.22501,-0.171192,-1.21299
3833,1.20087,-0.164062,-1.18961
3834,1.18889,-0.212405,-1.16977
3835,1.21486,-0.200147,-1.19826
3836,1.1526,-0.179584,-1.13853
3837,1.17197,-0.143848,-1.16311
3838,1.1865,-0.186465,-1.17176
3839,1.18241,-0.142083,-1.17384
3840,1.19713,-0.118501,-1.19125
3841,1.21215,-0.144267,-1.20353
3842,1.19807,-0.162564,-1.18699
3843,1.19807,-0.162564,-1.18699
3844,1.19807,-0.162564,-1.18699
3845,1.22275,-0.104668,-1.21827
3846,1.19487,-0.0753394,-1.1925
3847,1.19487,-0.0753394,-1.1925
3848,1.13493,-0.0835187,-1.13185
3849,1.11995,-0.193638,-1.10308
3850,1.14869,-0.203225,-1.13057
3851,1.16383,-0.194843,-1.14741
3852,1.25899,-0.210187,-1.24132
3853,1.18967,-0.204944,-1.17189
3854,1.18967,-0.204944,-1.17189
3855,1.20395,-0.168464,-1.1921
3856,1.17078,-0.170871,-1.15825
3857,1.17078,-0.170871,-1.15825
3858,1.17078,-0.170871,-1.15825
3859,1.13672,-0.134279,-1.12876
3860,1.20685,-0.0785347,-1.20429
3861,1.24732,-0.110732,-1.2424
3862,1.16462,-0.138577,-1.15635
3863,1.14359,-0.0948651,-1.13965
3864,1.10458,-0.0733969,-1.10214
3865,1.11075,0.0191884,-1.11059
3866,1.09347,0.0020849,-1.09347
3867,1.09576,-0.0610352,-1.09406
3868,1.09576,-0.0610352,-1.09406
3869,1.09782,-0.0537211,-1.0965
3870,1.05069,-0.0947855,-1.0464
3871,1.09795,-0.109736,-1.09245
3872,1.10896,-0.0545109,-1.10762
3873,1.14283,-0.0471397,-1.14186
3874,1.14283,-0.0471397,-1.14186
3875,1.21614,-0.00146459,-1.21614
3876,1.21405,-0.0301444,-1.21368
3877,1.21405,-0.0301444,-1.21368
3878,1.22095,-0.101159,-1.21676
3879,1.17889,-0.021995,-1.17869
3880,1.17889,-0.021995,-1.17869
3881,1.17889,-0.021995,-1.17869
3882,1.18729,-0.0435313,-1.18649
3883,1.18436,0.0286996,-1.18401
3884,1.1684,-0.0489007,-1.16738
3885,1.17468,-0.037533,-1.17408
3886,1.2308,-0.0871071,-1.22772
3887,1.2308,-0.0871071,-1.22772
3888,1.20522,-0.126203,-1.19859
3889,1.17334,-0.111094,-1.16807
3890,1.19046,-0.10203,-1.18608
3891,1.17271,-0.0959486,-1.16877
3892,1.17271,-0.0959486,-1.16877
3893,1.17271,-0.0959486,-1.16877
3894,1.17271,-0.0959486,-1.16877
3895,1.1727,-0.102129,-1.16825
3896,1.13349,-0.1675,-1.12105
3897,1.11911,-0.0627782,-1.11735
3898,1.10019,-0.0165602,-1.10006
3899,1.06122,-0.0992166,-1.05657
3900,1.02764,-0.105035,-1.02225
3901,1.02764,-0.105035,-1.02225
3902,1.0612,-0.122606,-1.0541
3903,1.0798,-0.0654049,-1.07782
3904,1.0798,-0.0654049,-1.07782
3905,1.11772,-0.0530806,-1.11645
3906,1.11772,-0.0530806,-1.11645
3907,1.11262,0.0172922,-1.11249
3908,1.11262,0.0172922,-1.11249
3909,1.14513,0.0535151,-1.14388
3910,1.13056,0.0787821,-1.12781
3911,1.16466,0.0393414,-1.164
3912,1.17792,0.0685637,-1.17592
3913,1.09045,0.0672617,-1.08837
3914,1.07356,0.0425903,-1.07272
3915,1.10895,0.0140562,-1.10886
3916,1.12847,-0.0289139,-1.1281
3917,1.14647,-0.0439051,-1.14563
3918,1.19954,-0.0774567,-1.19703
3919,1.20854,-0.015819,-1.20844
3920,1.20854,-0.015819,-1.20844
3921,1.20854,-0.015819,-1.20844
3922,1.20854,-0.015819,-1.20844
3923,1.21369,-0.063236,-1.21204
3924,1.16806,0.00528894,-1.16804
3925,1.13288,-0.0110699,-1.13283
3926,1.13288,-0.0110699,-1.13283
3927,1.13294,-0.0440719,-1.13208
3928,1.1731,-0.000158527,-1.1731
3929,1.17256,0.085187,-1.16946
3930,1.17256,0.085187,-1.16946
3931,1.19556,0.139197,-1.18743
3932,1.19556,0.139197,-1.18743
3933,1.20774,0.129972,-1.20073
3934,1.26249,0.13804,-1.25492
3935,1.26249,0.13804,-1.25492
3936,1.26249,0.13804,-1.25492
3937,1.27306,0.238386,-1.25054
3938,1.2595,0.24718,-1.23501
3939,1.23083,0.23623,-1.20795
3940,1.23944,0.295002,-1.20382
3941,1.22239,0.273619,-1.19137
3942,1.16436,0.230416,-1.14133
3943,1.15685,0.216113,-1.13649
3944,1.10672,0.15588,-1.09568
3945,1.15627,0.224076,-1.13435
3946,1.15627,0.224076,-1.13435
3947,1.19389,0.215212,-1.17433
3948,1.19389,0.215212,-1.17433
3949,1.1639,0.247547,-1.13727
3950,1.09551,0.295794,-1.05483
3951,1.08999,0.3441,-1.03425
3952,1.12752,0.311362,-1.08367
3953,1.18164,0.284964,-1.14676
3954,1.16412,0.223143,-1.14254
3955,1.16412,0.223143,-1.14254
3956,1.09561,0.207507,-1.07578
3957,1.09561,0.207507,-1.07578
3958,1.09086,0.285614,-1.0528
3959,1.09086,0.285614,-1.0528
3960,1.09086,0.285614,-1.0528
3961,1.09966,0.284553,-1.0622
3962,1.07748,0.25939,-1.04579
3963,1.08677,0.264944,-1.05398
3964,1.10049,0.309751,-1.05599
3965,1.08514,0.27934,-1.04857
3966,1.14021,0.310544,-1.0971
3967,1.14021,0.310544,-1.0971
3968,1.10794,0.312571,-1.06293
3969,1.12542,0.267154,-1.09326
3970,1.12542,0.267154,-1.09326
3971,1.12542,0.267154,-1.09326
3972,1.12542,0.267154,-1.09326
3973,1.16765,0.226762,-1.14542
3974,1.25855,0.276047,-1.2279
3975,1.15046,0.199106,-1.1331
3976,1.19548,0.28763,-1.16036
3977,1.14748,0.273993,-1.11429
3978,1.13799,0.258238,-1.1083
3979,1.16955,0.234623,-1.14578
3980,1.21971,0.283406,-1.18633
3981,1.21971,0.283406,-1.18633
3982,1.18668,0.347026,-1.1348
3983,1.18668,0.347026,-1.1348
3984,1.18668,0.347026,-1.1348
3985,1.18668,0.347026,-1.1348
3986,1.21072,0.331595,-1.16443
3987,1.23904,0.336489,-1.19247
3988,1.26514,0.35441,-1.21448
3989,1.2634,0.339259,-1.21699
3990,1.2634,0.339259,-1.21699
3991,1.26563,0.28482,-1.23317
3992,1.25022,0.271156,-1.22046
3993,1.30875,0.281218,-1.27818
3994,1.33082,0.307061,-1.29491
3995,1.33082,0.307061,-1.29491
3996,1.26265,0.335318,-1.21731
3997,1.24105,0.298354,-1.20465
3998,1.22742,0.247728,-1.20216
3999,1.29081,0.304537,-1.25437
4000,1.28445,0.362448,-1.23225
4001,1.31213,0.338041,-1.26783
4002,1.35645,0.318132,-1.31862
4003,1.34046,0.250106,-1.31692
4004,1.31761,0.242317,-1.29514
4005,1.31761,0.242317,-1.29514
4006,1.31761,0.242317,-1.29514
4007,1.31734,0.323594,-1.27698
4008,1.31104,0.289826,-1.2786
4009,1.31104,0.289826,-1.2786
4010,1.29747,0.210482,-1.28028
4011,1.30244,0.182632,-1.28957
4012,1.23953,0.233474,-1.21734
4013,1.23953,0.233474,-1.21734
4014,1.23953,0.233474,-1.21734
4015,1.23452,0.253342,-1.20824
4016,1.21425,0.295743,-1.17769
4017,1.16791,0.289863,-1.13137
4018,1.16791,0.289863,-1.13137
4019,1.16791,0.289863,-1.13137
4020,1.1979,0.355022,-1.14408
4021,1.1979,0.355022,-1.14408
4022,1.1841,0.359615,-1.12817
4023,1.19153,0.352245,-1.13828
4024,1.26276,0.354205,-1.21207
4025,1.26276,0.354205,-1.21207
4026,1.20586,0.372999,-1.14672
4027,1.17432,0.350637,-1.12075
4028,1.20456,0.320188,-1.16123
4029,1.20456,0.320188,-1.16123
4030,1.22478,0.376575,-1.16545
4031,1.14653,0.243341,-1.12041
4032,1.14146,0.210742,-1.12184
4033,1.22224,0.183869,-1.20833
4034,1.24946,0.230848,-1.22795
4035,1.24946,0.230848,-1.22795
4036,1.30243,0.250804,-1.27805
4037,1.28917,0.224658,-1.26944
4038,1.28917,0.224658,-1.26944
4039,1.30766,0.243248,-1.28484
4040,1.30578,0.212982,-1.28829
4041,1.28169,0.292463,-1.24787
4042,1.24767,0.376695,-1.18945
4043,1.24767,0.376695,-1.18945
4044,1.3066,0.404842,-1.24229
4045,1.3066,0.404842,-1.24229
4046,1.3066,0.404842,-1.24229
4047,1.3066,0.404842,-1.24229
4048,1.35325,0.444839,-1.27804
4049,1.31592,0.464703,-1.23113
4050,1.30014,0.470395,-1.21206
4051,1.23851,0.381061,-1.17843
4052,1.22984,0.31587,-1.18858
4053,1.31736,0.304267,-1.28174
4054,1.27386,0.296468,-1.23888
4055,1.26236,0.333981,-1.21738
4056,1.26005,0.355646,-1.20881
4057,1.29558,0.352166,-1.2468
4058,1.29558,0.352166,-1.2468
4059,1.29558,0.352166,-1.2468
4060,1.22473,0.323779,-1.18116
4061,1.22115,0.276567,-1.18942
4062,1.18455,0.323531,-1.13952
4063,1.20861,0.321062,-1.16519
4064,1.20861,0.321062,-1.16519
4065,1.24456,0.364963,-1.18985
4066,1.22988,0.375281,-1.17122
4067,1.2369,0.397189,-1.1714
4068,1.2066,0.421986,-1.1304
4069,1.17669,0.412146,-1.10215
4070,1.17669,0.412146,-1.10215
4071,1.18385,0.387043,-1.11879
4072,1.20115,0.341605,-1.15155
4073,1.24294,0.451995,-1.15784
4074,1.24294,0.451995,-1.15784
4075,1.17275,0.38564,-1.10753
4076,1.15285,0.321036,-1.10725
4077,1.2209,0.401629,-1.15295
4078,1.21715,0.442072,-1.13404
4079,1.21715,0.442072,-1.13404
4080,1.21715,0.442072,-1.13404
4081,1.19795,0.444585,-1.1124
4082,1.18084,0.383683,-1.11677
4083,1.18096,0.431105,-1.09947
4084,1.18786,0.471495,-1.09028
4085,1.24937,0.504571,-1.14295
4086,1.21536,0.487571,-1.11328
4087,1.20122,0.464989,-1.10757
4088,1.20122,0.464989,-1.10757
4089,1.1492,0.449684,-1.05756
4090,1.1492,0.449684,-1.05756
4091,1.11973,0.449439,-1.02557
4092,1.11973,0.449439,-1.02557
4093,1.16551,0.459414,-1.07115
4094,1.16551,0.459414,-1.07115
4095,1.19105,0.475746,-1.09191
4096,1.12027,0.430298,-1.03434
4097,1.12217,0.4444,-1.03043
4098,1.12217,0.4444,-1.03043
4099,1.12217,0.4444,-1.03043
4100,1.12217,0.4444,-1.03043
4101,1.14083,0.437789,-1.05349
4102,1.14083,0.437789,-1.05349
4103,1.14083,0.437789,-1.05349
4104,1.12444,0.428126,-1.03975
4105,1.12444,0.428126,-1.03975
4106,1.16338,0.43938,-1.07722
4107,1.18011,0.435262,-1.09691
4108,1.20966,0.484138,-1.10855
4109,1.20966,0.484138,-1.10855
4110,1.17105,0.422066,-1.09234
4111,1.19617,0.382356,-1.13341
4112,1.1407,0.417369,-1.06161
4113,1.18855,0.439243,-1.1044
4114,1.18592,0.404991,-1.11462
4115,1.19944,0.455591,-1.10954
4116,1.19944,0.455591,-1.10954
4117,1.17397,0.317514,-1.13021
4118,1.17397,0.317514,-1.13021
4119,1.17397,0.317514,-1.13021
4120,1.19262,0.356217,-1.13818
4121,1.19262,0.356217,-1.13818
4122,1.20757,0.39088,-1.14256
4123,1.20757,0.39088,-1.14256
4124,1.1328,0.444983,-1.04174
4125,1.19429,0.39831,-1.12591
4126,1.19429,0.39831,-1.12591
4127,1.16393,0.380736,-1.0999
4128,1.16393,0.380736,-1.0999
4129,1.15308,0.423357,-1.07255
4130,1.23188,0.411485,-1.16112
4131,1.19947,0.389125,-1.1346
4132,1.24427,0.400856,-1.17794
4133,1.23642,0.352186,-1.1852
4134,1.26055,0.415539,-1.19009
4135,1.28591,0.479069,-1.19334
4136,1.31288,0.461108,-1.22924
4137,1.30392,0.464632,-1.21833
4138,1.27854,0.566052,-1.1464
4139,1.27854,0.566052,-1.1464
4140,1.36693,0.597483,-1.22944
4141,1.32307,0.559124,-1.19912
4142,1.34896,0.478001,-1.26143
4143,1.37583,0.616925,-1.22976
4144,1.42904,0.60061,-1.2967
4145,1.42904,0.60061,-1.2967
4146,1.52804,0.650439,-1.38269
4147,1.4823,0.468238,-1.4064
4148,1.45055,0.445146,-1.38056
4149,1.43199,0.434555,-1.36446
4150,1.47225,0.411772,-1.41349
4151,1.49792,0.514899,-1.40665
4152,1.49792,0.514899,-1.40665
4153,1.4597,0.489776,-1.37508
4154,1.40868,0.500031,-1.31694
4155,1.43187,0.594525,-1.3026
4156,1.44788,0.597305,-1.31893
4157,1.44788,0.597305,-1.31893
4158,1.43196,0.51363,-1.33667
4159,1.50223,0.536973,-1.40299
4160,1.5228,0.496578,-1.43956
4161,1.52571,0.402381,-1.4717
4162,1.47248,0.441371,-1.40478
4163,1.45526,0.42652,-1.39135
4164,1.45526,0.42652,-1.39135
4165,1.48851,0.425963,-1.42626
4166,1.43621,0.3755,-1.38626
4167,1.40465,0.475905,-1.32158
4168,1.44009,0.525611,-1.34075
4169,1.44009,0.525611,-1.34075
4170,1.44009,0.525611,-1.34075
4171,1.40796,0.51088,-1.312
4172,1.40796,0.51088,-1.312
4173,1.45887,0.5584,-1.34777
4174,1.41955,0.514289,-1.32311
4175,1.43413,0.568375,-1.31669
4176,1.39585,0.470576,-1.31414
4177,1.39585,0.470576,-1.31414
4178,1.39585,0.470576,-1.31414
4179,1.33629,0.531935,-1.22585
4180,1.33629,0.531935,-1.22585
4181,1.33629,0.531935,-1.22585
4182,1.33629,0.531935,-1.22585
4183,1.25329,0.443228,-1.1723
4184,1.26594,0.471156,-1.175
4185,1.30333,0.463173,-1.21825
4186,1.26413,0.435469,-1.18676
4187,1.26413,0.435469,-1.18676
4188,1.28115,0.475629,-1.18959
4189,1.32448,0.507873,-1.22323
4190,1.29939,0.588446,-1.15851
4191,1.35263,0.607561,-1.2085
4192,1.35263,0.607561,-1.2085
4193,1.35263,0.607561,-1.2085
4194,1.37477,0.590999,-1.24125
4195,1.35111,0.577746,-1.22135
4196,1.35111,0.577746,-1.22135
4197,1.31105,0.560214,-1.18533
4198,1.25389,0.516901,-1.14238
4199,1.25389,0.516901,-1.14238
4200,1.26027,0.513812,-1.15078
4201,1.26027,0.513812,-1.15078
4202,1.2873,0.605529,-1.13599
4203,1.32688,0.673326,-1.14334
4204,1.2687,0.669453,-1.0777
4205,1.25006,0.667949,-1.05664
4206,1.25006,0.667949,-1.05664
4207,1.25006,0.667949,-1.05664
4208,1.23355,0.650484,-1.0481
4209,1.22888,0.637907,-1.05034
4210,1.26356,0.724915,-1.03493
4211,1.26593,0.704442,-1.05183
4212,1.26593,0.704442,-1.05183
4213,1.27411,0.759293,-1.02315
4214,1.24368,0.688843,-1.03548
4215,1.24368,0.688843,-1.03548
4216,1.21951,0.666077,-1.02154
4217,1.21951,0.666077,-1.02154
4218,1.21526,0.627874,-1.0405
4219,1.21526,0.627874,-1.0405
4220,1.21526,0.627874,-1.0405
4221,1.25215,0.770155,-0.987287
4222,1.23477,0.773133,-0.96277
4223,1.23477,0.773133,-0.96277
4224,1.18235,0.749099,-0.914766
4225,1.13695,0.732913,-0.86919
4226,1.15566,0.735299,-0.891565
4227,1.20872,0.742297,-0.953932
4228,1.23732,0.764292,-0.97305
4229,1.25994,0.807794,-0.966911
4230,1.22886,0.800507,-0.932351
4231,1.27375,0.798225,-0.992613
4232,1.1839,0.709195,-0.947978
4233,1.19134,0.725222,-0.945175
4234,1.20616,0.760164,-0.936469
4235,1.10332,0.686427,-0.863791
4236,1.10383,0.702816,-0.851164
4237,1.07356,0.734407,-0.783062
4238,1.14069,0.777162,-0.834985
4239,1.12039,0.801451,-0.782915
4240,1.20797,0.828831,-0.878765
4241,1.20797,0.828831,-0.878765
4242,1.15373,0.807754,-0.823786
4243,1.15373,0.807754,-0.823786
4244,1.177,0.798809,-0.864425
4245,1.21805,0.835695,-0.886146
4246,1.16486,0.763379,-0.879862
4247,1.18373,0.804915,-0.867943
4248,1.18373,0.804915,-0.867943
4249,1.18795,0.783058,-0.893337
4250,1.18654,0.792218,-0.883324
4251,1.18654,0.792218,-0.883324
4252,1.27367,0.887192,-0.91385
4253,1.30701,0.924299,-0.924088
4254,1.2952,0.936148,-0.89508
4255,1.2952,0.936148,-0.89508
4256,1.30565,0.969116,-0.874951
4257,1.25116,0.92913,-0.837931
4258,1.26225,0.967615,-0.810549
4259,1.26225,0.967615,-0.810549
4260,1.19116,0.886908,-0.795152
4261,1.25213,0.914123,-0.855695
4262,1.26898,0.940434,-0.851993
4263,1.32384,0.980932,-0.889003
4264,1.32384,0.980932,-0.889003
4265,1.29348,0.952077,-0.875581
4266,1.2728,0.988483,-0.801818
4267,1.26989,0.953177,-0.839085
4268,1.26989,0.953177,-0.839085
4269,1.26989,0.953177,-0.839085
4270,1.30208,1.0119,-0.819423
4271,1.25916,0.980371,-0.790167
4272,1.25916,0.980371,-0.790167
4273,1.25457,0.974819,-0.789724
4274,1.25457,0.974819,-0.789724
4275,1.25457,0.974819,-0.789724
4276,1.31151,1.02998,-0.811906
4277,1.3337,1.0143,-0.865993
4278,1.3337,1.0143,-0.865993
4279,1.3337,1.0143,-0.865993
4280,1.38751,1.11112,-0.831025
4281,1.42283,1.10472,-0.896673
4282,1.37292,1.07447,-0.854651
4283,1.37292,1.07447,-0.854651
4284,1.37292,1.07447,-0.854651
4285,1.34403,1.05315,-0.835032
4286,1.30727,1.01104,-0.828711
4287,1.32235,0.993913,-0.872212
4288,1.30579,1.07761,-0.737461
4289,1.35723,1.15389,-0.714557
4290,1.40881,1.19561,-0.745159
4291,1.35111,1.12837,-0.743157
4292,1.35111,1.12837,-0.743157
4293,1.38515,1.13931,-0.787793
4294,1.38138,1.12439,-0.802469
4295,1.38138,1.12439,-0.802469
4296,1.38664,1.09351,-0.852644
4297,1.33731,1.04938,-0.828973
4298,1.3142,1.02787,-0.818903
4299,1.23763,0.964467,-0.77559
4300,1.23755,0.984686,-0.749615
4301,1.23755,0.984686,-0.749615
4302,1.23331,1.03325,-0.673381
4303,1.24707,1.04647,-0.678299
4304,1.24707,1.04647,-0.678299
4305,1.27065,1.05541,-0.707572
4306,1.27065,1.05541,-0.707572
4307,1.27065,1.05541,-0.707572
4308,1.27065,1.05541,-0.707572
4309,1.27065,1.05541,-0.707572
4310,1.27065,1.05541,-0.707572
4311,1.33381,1.05711,-0.813371
4312,1.34504,1.08292,-0.797757
4313,1.29696,0.949685,-0.883298
4314,1.29912,0.987702,-0.843895
4315,1.27561,0.906967,-0.896985
4316,1.24493,0.847647,-0.911779
4317,1.24493,0.847647,-0.911779
4318,1.25497,0.866468,-0.907844
4319,1.25809,0.822806,-0.951724
4320,1.28549,0.847725,-0.966356
4321,1.28549,0.847725,-0.966356
4322,1.24962,0.779555,-0.976646
4323,1.2694,0.758769,-1.01766
4324,1.2694,0.758769,-1.01766
4325,1.27657,0.763378,-1.02317
4326,1.37102,0.80007,-1.11336
4327,1.3147,0.77081,-1.06503
4328,1.32187,0.808783,-1.04556
4329,1.30013,0.785616,-1.03593
4330,1.31688,0.807984,-1.03988
4331,1.31688,0.807984,-1.03988
4332,1.32509,0.837476,-1.02689
4333,1.33153,0.816555,-1.05177
4334,1.28324,0.808403,-0.996582
4335,1.28324,0.808403,-0.996582
4336,1.25814,0.822238,-0.952277
4337,1.24618,0.770032,-0.979806
4338,1.24618,0.770032,-0.979806
4339,1.24618,0.770032,-0.979806
4340,1.268,0.762191,-1.01336
4341,1.268,0.762191,-1.01336
4342,1.2856,0.787721,-1.01601
4343,1.27979,0.804009,-0.995702
4344,1.27979,0.804009,-0.995702
4345,1.20874,0.744843,-0.951975
4346,1.2133,0.71327,-0.981497
4347,1.18926,0.708109,-0.955465
4348,1.18926,0.708109,-0.955465
4349,1.29189,0.709082,-1.0799
4350,1.29609,0.705147,-1.08748
4351,1.29609,0.705147,-1.08748
4352,1.25265,0.729669,-1.01819
4353,1.25628,0.744682,-1.01178
4354,1.2917,0.771422,-1.03605
4355,1.2917,0.771422,-1.03605
4356,1.2917,0.771422,-1.03605
4357,1.29137,0.69228,-1.09013
4358,1.27504,0.678816,-1.07932
4359,1.25767,0.568492,-1.12185
4360,1.25767,0.568492,-1.12185
4361,1.2539,0.583582,-1.10981
4362,1.2539,0.583582,-1.10981
4363,1.22017,0.551726,-1.08831
4364,1.24801,0.52996,-1.1299
4365,1.25521,0.510851,-1.14655
4366,1.25521,0.510851,-1.14655
4367,1.27783,0.519809,-1.16733
4368,1.2052,0.449335,-1.1183
4369,1.18795,0.475316,-1.08872
4370,1.18795,0.475316,-1.08872
4371,1.18795,0.475316,-1.08872
4372,1.18795,0.475316,-1.08872
4373,1.20671,0.470015,-1.11141
4374,1.22286,0.522551,-1.10559
4375,1.2107,0.533383,-1.08688
4376,1.2107,0.533383,-1.08688
4377,1.2107,0.533383,-1.08688
4378,1.15617,0.54228,-1.02111
4379,1.19242,0.517915,-1.07407
4380,1.19242,0.517915,-1.07407
4381,1.30788,0.604044,-1.16003
4382,1.28329,0.621522,-1.12274
4383,1.32892,0.656243,-1.15558
4384,1.32892,0.656243,-1.15558
4385,1.36436,0.701223,-1.17037
4386,1.30973,0.69724,-1.10871
4387,1.30973,0.69724,-1.10871
4388,1.21523,0.631112,-1.0385
4389,1.25087,0.701459,-1.03567
4390,1.31672,0.700357,-1.11501
4391,1.31672,0.700357,-1.11501
4392,1.34062,0.717529,-1.13244
4393,1.34062,0.717529,-1.13244
4394,1.32571,0.700546,-1.1255
4395,1.32571,0.700546,-1.1255
4396,1.32571,0.700546,-1.1255
4397,1.32644,0.721009,-1.11337
4398,1.32644,0.721009,-1.11337
4399,1.32644,0.721009,-1.11337
4400,1.43017,0.800556,-1.18511
4401,1.43017,0.800556,-1.18511
4402,1.34466,0.76924,-1.1029
4403,1.37852,0.796656,-1.12502
4404,1.37852,0.796656,-1.12502
4405,1.37852,0.796656,-1.12502
4406,1.37852,0.796656,-1.12502
4407,1.41272,0.805262,-1.16075
4408,1.38492,0.931898,-1.02448
4409,1.38148,0.923186,-1.02772
4410,1.43915,1.01021,-1.02501
4411,1.3867,0.958729,-1.00189
4412,1.33826,0.904538,-0.986277
4413,1.39441,0.910961,-1.05571
4414,1.36497,0.854489,-1.06442
4415,1.32124,0.894065,-0.972796
4416,1.3338,0.908139,-0.97688
4417,1.35322,0.874723,-1.0325
4418,1.35322,0.874723,-1.0325
4419,1.43138,0.919221,-1.09721
4420,1.41154,0.870023,-1.11153
4421,1.37396,0.830557,-1.0945
4422,1.31357,0.811574,-1.03287
4423,1.31357,0.811574,-1.03287
4424,1.30501,0.890331,-0.95413
4425,1.36243,0.907789,-1.01594
4426,1.35497,0.925095,-0.990015
4427,1.41345,0.91374,-1.07839
4428,1.41345,0.91374,-1.07839
4429,1.33749,0.816671,-1.05921
4430,1.36882,0.915307,-1.01778
4431,1.39065,0.892758,-1.06625
4432,1.39085,0.920118,-1.043
4433,1.42763,1.03316,-0.985253
4434,1.42763,1.03316,-0.985253
4435,1.42763,1.03316,-0.985253
4436,1.44655,1.00692,-1.03856
4437,1.44655,1.00692,-1.03856
4438,1.37666,0.930426,-1.01464
4439,1.37666,0.930426,-1.01464
4440,1.36648,0.907762,-1.02138
4441,1.41852,0.951249,-1.0523
4442,1.36123,0.894847,-1.02576
4443,1.36123,0.894847,-1.02576
4444,1.39395,0.914178,-1.05231
4445,1.39395,0.914178,-1.05231
4446,1.38825,0.914249,-1.0447
4447,1.41903,0.883465,-1.11047
4448,1.41903,0.883465,-1.11047
4449,1.41903,0.883465,-1.11047
4450,1.41903,0.883465,-1.11047
4451,1.40866,0.959284,-1.03155
4452,1.34676,0.975479,-0.928552
4453,1.35999,0.965458,-0.957847
4454,1.33453,0.992388,-0.892268
4455,1.28088,0.998449,-0.802341
4456,1.31491,1.02107,-0.828502
4457,1.31491,1.02107,-0.828502
4458,1.29762,1.04502,-0.769243
4459,1.30481,1.07169,-0.744324
4460,1.3252,1.03996,-0.821362
4461,1.3529,1.08454,-0.808771
4462,1.30676,1.03333,-0.799911
4463,1.30676,1.03333,-0.799911
4464,1.30676,1.03333,-0.799911
4465,1.28096,0.98144,-0.823183
4466,1.37718,1.01023,-0.935987
4467,1.35505,1.03188,-0.878286
4468,1.35505,1.03188,-0.878286
4469,1.39096,1.04647,-0.916339
4470,1.36725,1.06799,-0.85369
4471,1.32564,1.06367,-0.791144
4472,1.32564,1.06367,-0.791144
4473,1.32895,1.07868,-0.77624
4474,1.33461,1.12137,-0.723677
4475,1.28705,1.04855,-0.746362
4476,1.2614,1.01385,-0.750499
4477,1.2614,1.01385,-0.750499
4478,1.23664,0.95526,-0.785344
4479,1.20981,0.897297,-0.811479
4480,1.23157,0.886901,-0.854506
4481,1.24117,0.917389,-0.836004
4482,1.14292,0.88323,-0.725381
4483,1.18839,0.908173,-0.766486
4484,1.18839,0.908173,-0.766486
4485,1.18059,0.923365,-0.73566
4486,1.25159,0.987132,-0.769449
4487,1.26113,0.993271,-0.777087
4488,1.26113,0.993271,-0.777087
4489,1.23514,0.943485,-0.797127
4490,1.23514,0.943485,-0.797127
4491,1.27494,0.946551,-0.854117
4492,1.27494,0.946551,-0.854117
4493,1.20897,0.916403,-0.788554
4494,1.24526,0.931534,-0.826395
4495,1.26606,0.895129,-0.895356
4496,1.26606,0.895129,-0.895356
4497,1.18852,0.844692,-0.83611
4498,1.21939,0.880966,-0.843097
4499,1.23846,0.903529,-0.847004
4500,1.23846,0.903529,-0.847004
4501,1.2317,0.858949,-0.882781
4502,1.19501,0.832035,-0.85777
4503,1.20946,0.829821,-0.879887
4504,1.14693,0.804778,-0.81718
4505,1.14693,0.804778,-0.81718
4506,1.13267,0.82708,-0.773877
4507,1.13267,0.82708,-0.773877
4508,1.2067,0.876723,-0.829147
4509,1.21269,0.897008,-0.81609
4510,1.22611,0.864039,-0.869928
4511,1.20005,0.866603,-0.830132
4512,1.20005,0.866603,-0.830132
4513,1.20005,0.866603,-0.830132
4514,1.25184,0.921604,-0.847203
4515,1.29183,0.930958,-0.895629
4516,1.26794,0.88216,-0.91075
4517,1.26794,0.88216,-0.91075
4518,1.24387,0.894636,-0.864204
4519,1.25825,0.896295,-0.883089
4520,1.25825,0.896295,-0.883089
4521,1.29514,0.950041,-0.880238
4522,1.3048,0.971093,-0.871485
4523,1.3306,1.00799,-0.868605
4524,1.3306,1.00799,-0.868605
4525,1.3306,1.00799,-0.868605
4526,1.31397,0.989003,-0.865092
4527,1.31397,0.989003,-0.865092
4528,1.31397,0.989003,-0.865092
4529,1.33954,0.969037,-0.924847
4530,1.33954,0.969037,-0.924847
4531,1.37555,1.01278,-0.930815
4532,1.31973,0.997254,-0.864391
4533,1.31381,0.993688,-0.859467
4534,1.30654,0.924944,-0.922777
4535,1.30654,0.924944,-0.922777
4536,1.30654,0.924944,-0.922777
4537,1.2885,0.923039,-0.899015
4538,1.2885,0.923039,-0.899015
4539,1.2885,0.923039,-0.899015
4540,1.2885,0.923039,-0.899015
4541,1.31735,0.984231,-0.875609
4542,1.33172,0.967878,-0.914712
4543,1.32036,0.986319,-0.877792
4544,1.25266,0.950948,-0.815392
4545,1.2645,0.948249,-0.836532
4546,1.20158,0.883418,-0.814481
4547,1.20158,0.883418,-0.814481
4548,1.20158,0.883418,-0.814481
4549,1.19923,0.887943,-0.806048
4550,1.1825,0.844628,-0.827591
4551,1.18125,0.840198,-0.830305
4552,1.23916,0.880655,-0.871757
4553,1.23916,0.880655,-0.871757
4554,1.29057,0.906798,-0.91831
4555,1.30407,0.903868,-0.940011
4556,1.3137,0.870789,-0.983632
4557,1.3137,0.870789,-0.983632
4558,1.35069,0.854666,-1.0459
4559,1.40362,0.842721,-1.12248
4560,1.33521,0.813489,-1.05879
4561,1.43312,0.841599,-1.15997
4562,1.39616,0.805738,-1.14019
4563,1.35651,0.787634,-1.10442
4564,1.35651,0.787634,-1.10442
4565,1.35651,0.787634,-1.10442
4566,1.35651,0.787634,-1.10442
4567,1.35651,0.787634,-1.10442
4568,1.31789,0.771775,-1.06827
4569,1.28618,0.729754,-1.05911
4570,1.23381,0.689226,-1.02335
4571,1.26638,0.664161,-1.07824
4572,1.24331,0.591218,-1.09375
4573,1.245,0.574954,-1.10429
4574,1.25043,0.569094,-1.11342
4575,1.25043,0.569094,-1.11342
4576,1.30421,0.625978,-1.14416
4577,1.38121,0.6795,-1.20251
4578,1.38121,0.6795,-1.20251
4579,1.38168,0.692527,-1.19559
4580,1.4144,0.647378,-1.25755
4581,1.39723,0.70057,-1.20891
4582,1.39723,0.70057,-1.20891
4583,1.39723,0.70057,-1.20891
4584,1.39723,0.70057,-1.20891
4585,1.35714,0.760889,-1.12378
4586,1.3624,0.704143,-1.16632
4587,1.35714,0.731352,-1.14322
4588,1.32499,0.645904,-1.1569
4589,1.2669,0.545972,-1.14322
4590,1.2669,0.545972,-1.14322
4591,1.2669,0.545972,-1.14322
4592,1.24361,0.534496,-1.12289
4593,1.24474,0.580391,-1.10115
4594,1.21477,0.529977,-1.09307
4595,1.19729,0.478929,-1.09733
4596,1.14079,0.437691,-1.05349
4597,1.18115,0.41698,-1.1051
4598,1.1619,0.451831,-1.07045
4599,1.19188,0.464409,-1.09768
4600,1.14081,0.448841,-1.0488
4601,1.14081,0.448841,-1.0488
4602,1.14081,0.448841,-1.0488
4603,1.14081,0.448841,-1.0488
4604,1.19134,0.473973,-1.093
4605,1.22686,0.516239,-1.11296
4606,1.27657,0.535056,-1.15902
4607,1.27657,0.535056,-1.15902
4608,1.27657,0.535056,-1.15902
4609,1.22077,0.443118,-1.13751
4610,1.2379,0.479244,-1.14137
4611,1.20028,0.46774,-1.10539
4612,1.2094,0.431697,-1.12973
4613,1.2094,0.431697,-1.12973
4614,1.17789,0.398579,-1.1084
4615,1.17789,0.398579,-1.1084
4616,1.15752,0.397476,-1.08714
4617,1.31074,0.346043,-1.26423
4618,1.23775,0.363323,-1.18322
4619,1.23775,0.363323,-1.18322
4620,1.30607,0.428394,-1.23381
4621,1.20483,0.376078,-1.14463
4622,1.23963,0.410772,-1.1696
4623,1.23963,0.410772,-1.1696
4624,1.16102,0.377331,-1.09799
4625,1.20075,0.421698,-1.12426
4626,1.19684,0.454319,-1.10726
4627,1.16747,0.31805,-1.12332
4628,1.18936,0.311784,-1.14776
4629,1.22265,0.315513,-1.18124
4630,1.21553,0.256591,-1.18814
4631,1.21553,0.256591,-1.18814
4632,1.16875,0.293888,-1.1312
4633,1.16712,0.249897,-1.14005
4634,1.16712,0.249897,-1.14005
4635,1.16712,0.249897,-1.14005
4636,1.17357,0.194944,-1.15726
4637,1.14847,0.13997,-1.13991
4638,1.14847,0.13997,-1.13991
4639,1.1743,0.181897,-1.16013
4640,1.20024,0.23513,-1.17698
4641,1.18409,0.170299,-1.17178
4642,1.20272,0.148739,-1.19349
4643,1.22577,0.13836,-1.21794
4644,1.20774,0.0764903,-1.20532
4645,1.15223,0.0752554,-1.14977
4646,1.18807,0.0183277,-1.18792
4647,1.21055,0.000732495,-1.21054
4648,1.21055,0.000732495,-1.21054
4649,1.24073,-0.036774,-1.24019
4650,1.24073,-0.036774,-1.24019
4651,1.25306,-0.0653313,-1.25136
4652,1.25306,-0.0653313,-1.25136
4653,1.27522,-0.025625,-1.27496
4654,1.32541,-0.0449258,-1.32465
4655,1.32541,-0.0449258,-1.32465
4656,1.32541,-0.0449258,-1.32465
4657,1.25309,-0.00861766,-1.25306
4658,1.32434,-0.00298625,-1.32433
4659,1.28461,-0.0663313,-1.2829
4660,1.28461,-0.0663313,-1.2829
4661,1.28461,-0.0663313,-1.2829
4662,1.32277,-0.0870728,-1.3199
4663,1.34926,0.00119242,-1.34926
4664,1.34926,0.00119242,-1.34926
4665,1.34926,0.00119242,-1.34926
4666,1.30506,0.0396432,-1.30446
4667,1.25796,0.0172756,-1.25784
4668,1.2571,0.0656997,-1.25538
4669,1.27961,0.051429,-1.27858
4670,1.30736,0.0619245,-1.30589
4671,1.22384,0.0798477,-1.22123
4672,1.20567,0.105084,-1.20108
4673,1.19836,0.139376,-1.19022
4674,1.22568,0.115697,-1.2202
4675,1.21311,0.129907,-1.20613
4676,1.30968,0.110165,-1.30504
4677,1.30177,0.0771897,-1.29948
4678,1.30177,0.0771897,-1.29948
4679,1.30177,0.0771897,-1.29948
4680,1.28327,0.196403,-1.26816
4681,1.24236,0.164252,-1.23146
4682,1.2735,0.1501,-1.26463
4683,1.2735,0.1501,-1.26463
4684,1.24077,0.120345,-1.23492
4685,1.22717,0.0515559,-1.22608
4686,1.27031,0.0216918,-1.27013
4687,1.26782,-0.0296412,-1.26747
4688,1.27058,-0.0564808,-1.26933
4689,1.24852,-0.120544,-1.24268
4690,1.26291,-0.114211,-1.25774
4691,1.26291,-0.114211,-1.25774
4692,1.26291,-0.114211,-1.25774
4693,1.22544,-0.167564,-1.21393
4694,1.25115,-0.0562255,-1.24989
4695,1.25115,-0.0562255,-1.24989
4696,1.28063,-0.0790407,-1.27819
4697,1.28758,-0.115857,-1.28236
4698,1.35138,-0.177639,-1.33965
4699,1.35138,-0.177639,-1.33965
4700,1.29754,-0.170051,-1.28635
4701,1.2951,-0.20035,-1.27951
4702,1.30297,-0.23521,-1.28156
4703,1.29684,-0.222843,-1.27755
4704,1.32499,-0.224952,-1.30575
4705,1.32499,-0.224952,-1.30575
4706,1.32499,-0.224952,-1.30575
4707,1.32499,-0.224952,-1.30575
4708,1.32499,-0.224952,-1.30575
4709,1.35044,-0.260369,-1.3251
4710,1.34241,-0.370464,-1.29028
4711,1.34241,-0.370464,-1.29028
4712,1.34241,-0.370464,-1.29028
4713,1.39073,-0.338265,-1.34896
4714,1.30862,-0.419131,-1.23968
4715,1.28874,-0.424303,-1.21689
4716,1.33631,-0.359765,-1.28697
4717,1.34601,-0.428955,-1.27583
4718,1.34601,-0.428955,-1.27583
4719,1.41443,-0.445122,-1.34257
4720,1.43261,-0.454579,-1.35858
4721,1.43261,-0.454579,-1.35858
4722,1.43261,-0.454579,-1.35858
4723,1.30794,-0.344643,-1.26171
4724,1.30794,-0.344643,-1.26171
4725,1.28811,-0.267564,-1.26001
4726,1.28811,-0.267564,-1.26001
4727,1.27852,-0.283039,-1.2468
4728,1.28486,-0.194487,-1.27005
4729,1.25007,-0.240157,-1.22678
4730,1.25007,-0.240157,-1.22678
4731,1.19778,-0.198348,-1.18124
4732,1.16258,-0.215443,-1.14244
4733,1.1544,-0.161297,-1.14308
4734,1.14033,-0.156603,-1.12952
4735,1.14033,-0.156603,-1.12952
4736,1.08723,-0.165149,-1.07462
4737,1.10639,-0.170935,-1.0931
4738,1.10645,-0.197839,-1.08862
4739,1.11011,-0.183338,-1.09487
4740,1.0956,-0.162883,-1.08343
4741,1.09862,-0.174868,-1.08461
4742,1.13679,-0.242933,-1.11053
4743,1.13679,-0.242933,-1.11053
4744,1.1581,-0.221321,-1.13676
4745,1.14044,-0.242703,-1.11432
4746,1.11256,-0.207589,-1.09302
4747,1.11256,-0.207589,-1.09302
4748,1.1363,-0.232551,-1.11225
4749,1.23311,-0.110453,-1.22815
4750,1.17935,-0.115183,-1.17371
4751,1.13054,-0.0966615,-1.1264
4752,1.13272,-0.162985,-1.12093
4753,1.13272,-0.162985,-1.12093
4754,1.15745,-0.147734,-1.14798
4755,1.15745,-0.147734,-1.14798
4756,1.15745,-0.147734,-1.14798
4757,1.15745,-0.147734,-1.14798
4758,1.11576,-0.176658,-1.10169
4759,1.11576,-0.176658,-1.10169
4760,1.09791,-0.171407,-1.08444
4761,1.09791,-0.171407,-1.08444
4762,1.14198,-0.150149,-1.13207
4763,1.14198,-0.150149,-1.13207
4764,1.13123,-0.212706,-1.11105
4765,1.13123,-0.212706,-1.11105
4766,1.15042,-0.215355,-1.13008
4767,1.20484,-0.218408,-1.18488
4768,1.14646,-0.255695,-1.11758
4769,1.11959,-0.2742,-1.0855
4770,1.11876,-0.328629,-1.06941
4771,1.06148,-0.302387,-1.0175
4772,1.08606,-0.340626,-1.03127
4773,1.08048,-0.283089,-1.04273
4774,1.096,-0.223685,-1.07293
4775,1.16302,-0.247656,-1.13634
4776,1.14551,-0.237563,-1.1206
4777,1.14307,-0.226113,-1.12048
4778,1.14099,-0.250115,-1.11324
4779,1.14099,-0.250115,-1.11324
4780,1.14099,-0.250115,-1.11324
4781,1.12094,-0.302942,-1.07923
4782,1.1195,-0.334507,-1.06836
4783,1.1252,-0.32862,-1.07614
4784,1.19883,-0.348903,-1.14694
4785,1.19883,-0.348903,-1.14694
4786,1.18456,-0.322241,-1.13989
4787,1.17744,-0.273113,-1.14533
4788,1.17744,-0.273113,-1.14533
4789,1.17744,-0.273113,-1.14533
4790,1.17744,-0.273113,-1.14533
4791,1.18894,-0.226674,-1.16713
4792,1.19102,-0.227981,-1.169
4793,1.26231,-0.294663,-1.22744
4794,1.26576,-0.304315,-1.22863
4795,1.28024,-0.318263,-1.24005
4796,1.31375,-0.237863,-1.29204
4797,1.31538,-0.173208,-1.30393
4798,1.33729,-0.125684,-1.33137
4799,1.33729,-0.125684,-1.33137
4800,1.33729,-0.125684,-1.33137
4801,1.39671,-0.0880191,-1.39393
4802,1.42503,-0.061939,-1.42368
4803,1.37423,-0.0447425,-1.3735
4804,1.3269,-0.065225,-1.32529
4805,1.40462,-0.0208196,-1.40447
4806,1.44794,-0.0370335,-1.44747
4807,1.44794,-0.0370335,-1.44747
4808,1.49782,-0.054098,-1.49684
4809,1.46432,0.00118278,-1.46432
4810,1.43583,-0.0262773,-1.43558
4811,1.42853,0.0238993,-1.42833
4812,1.40196,-0.0275543,-1.40169
4813,1.40196,-0.0275543,-1.40169
4814,1.40196,-0.0275543,-1.40169
4815,1.37746,-0.0536584,-1.37642
4816,1.33748,-0.0453106,-1.33671
4817,1.41196,-0.0889294,-1.40916
4818,1.4297,-0.135233,-1.42329
4819,1.31253,-0.0719453,-1.31056
4820,1.31253,-0.0719453,-1.31056
4821,1.27057,-0.126788,-1.26422
4822,1.27057,-0.126788,-1.26422
4823,1.33016,-0.164072,-1.32001
4824,1.32698,-0.151193,-1.31834
4825,1.33374,-0.167723,-1.32315
4826,1.33374,-0.167723,-1.32315
4827,1.28196,-0.167782,-1.27094
4828,1.28196,-0.167782,-1.27094
4829,1.28196,-0.167782,-1.27094
4830,1.303,-0.184764,-1.28983
4831,1.35518,-0.213984,-1.33818
4832,1.31362,-0.202568,-1.29791
4833,1.31362,-0.202568,-1.29791
4834,1.27666,-0.193735,-1.26188
4835,1.29875,-0.200879,-1.28312
4836,1.27333,-0.162149,-1.26297
4837,1.27333,-0.162149,-1.26297
4838,1.27018,-0.115954,-1.26488
4839,1.3244,-0.124374,-1.31854
4840,1.36882,-0.105417,-1.36476
4841,1.33715,-0.143366,-1.32944
4842,1.31575,-0.187796,-1.30228
4843,1.31575,-0.187796,-1.30228
4844,1.33265,-0.245721,-1.3098
4845,1.33265,-0.245721,-1.3098
4846,1.39668,-0.285232,-1.36725
4847,1.39668,-0.285232,-1.36725
4848,1.3999,-0.280173,-1.37158
4849,1.37536,-0.175193,-1.36415
4850,1.37536,-0.175193,-1.36415
4851,1.46241,-0.250376,-1.44082
4852,1.46241,-0.250376,-1.44082
4853,1.45797,-0.22926,-1.43983
4854,1.47449,-0.25729,-1.45187
4855,1.46059,-0.164303,-1.45131
4856,1.40568,-0.0657395,-1.40414
4857,1.34906,0.0429643,-1.34837
4858,1.36085,0.0246442,-1.36063
4859,1.36085,0.0246442,-1.36063
4860,1.32932,0.0660203,-1.32768
4861,1.33419,0.049597,-1.33327
4862,1.33852,-0.0325376,-1.33813
4863,1.27795,-0.0163011,-1.27785
4864,1.2894,0.000115685,-1.2894
4865,1.32918,0.0729624,-1.32718
4866,1.28641,0.122148,-1.2806
4867,1.3815,0.0692868,-1.37976
4868,1.32111,0.0685227,-1.31933
4869,1.3759,0.0339085,-1.37548
4870,1.39118,-0.0078361,-1.39116
4871,1.39118,-0.0078361,-1.39116
4872,1.39778,0.104446,-1.39387
4873,1.36815,0.110548,-1.36368
4874,1.36593,0.103561,-1.362
4875,1.36593,0.103561,-1.362
4876,1.36518,0.127064,-1.35925
4877,1.41862,0.0670705,-1.41704
4878,1.3766,0.119695,-1.37138
4879,1.3766,0.119695,-1.37138
4880,1.3702,0.135095,-1.36352
4881,1.38807,0.152118,-1.37971
4882,1.40668,0.236651,-1.38663
4883,1.44373,0.248822,-1.42213
4884,1.47286,0.273105,-1.44732
4885,1.47286,0.273105,-1.44732
4886,1.52587,0.195693,-1.51327
4887,1.46162,0.254357,-1.43931
4888,1.3822,0.182206,-1.37014
4889,1.3822,0.182206,-1.37014
4890,1.39106,0.208904,-1.37529
4891,1.43224,0.312526,-1.39773
4892,1.43224,0.312526,-1.39773
4893,1.43224,0.312526,-1.39773
4894,1.42993,0.376863,-1.37938
4895,1.40315,0.37902,-1.35099
4896,1.379,0.501918,-1.28441
4897,1.379,0.501918,-1.28441
4898,1.40326,0.499904,-1.3112
4899,1.40326,0.499904,-1.3112
4900,1.29556,0.479622,-1.20351
4901,1.28469,0.393281,-1.22301
4902,1.35023,0.445045,-1.27477
4903,1.35023,0.445045,-1.27477
4904,1.33818,0.398074,-1.27761
4905,1.36398,0.41459,-1.29945
4906,1.36116,0.37815,-1.30758
4907,1.35956,0.434618,-1.28822
4908,1.35956,0.434618,-1.28822
4909,1.3267,0.490206,-1.23281
4910,1.25434,0.434949,-1.17652
4911,1.21851,0.396261,-1.15227
4912,1.33017,0.415954,-1.26346
4913,1.33017,0.415954,-1.26346
4914,1.27396,0.444447,-1.19392
4915,1.25437,0.356945,-1.20251
4916,1.31784,0.402186,-1.25497
4917,1.34681,0.434207,-1.2749
4918,1.35838,0.410685,-1.29481
4919,1.35838,0.410685,-1.29481
4920,1.3369,0.436258,-1.26371
4921,1.3369,0.436258,-1.26371
4922,1.3369,0.436258,-1.26371
4923,1.3369,0.436258,-1.26371
4924,1.3369,0.436258,-1.26371
4925,1.3369,0.436258,-1.26371
4926,1.3369,0.436258,-1.26371
4927,1.3369,0.436258,-1.26371
4928,1.3369,0.436258,-1.26371
4929,1.39338,0.518143,-1.29346
4930,1.39338,0.518143,-1.29346
4931,1.30277,0.478575,-1.21168
4932,1.37638,0.541753,-1.26527
4933,1.33293,0.453997,-1.25323
4934,1.38837,0.501759,-1.29454
4935,1.29024,0.487553,-1.19457
4936,1.29024,0.487553,-1.19457
4937,1.34557,0.54261,-1.23131
4938,1.37029,0.564246,-1.24873
4939,1.31306,0.569282,-1.18323
4940,1.34757,0.610567,-1.20132
4941,1.42257,0.685827,-1.24634
4942,1.42257,0.685827,-1.24634
4943,1.44876,0.681536,-1.27844
4944,1.43339,0.68174,-1.26089
4945,1.4116,0.634618,-1.2609
4946,1.37735,0.577152,-1.2506
4947,1.37735,0.577152,-1.2506
4948,1.39322,0.575257,-1.26892
4949,1.36115,0.525104,-1.25579
4950,1.36115,0.525104,-1.25579
4951,1.36708,0.47963,-1.28018
4952,1.36708,0.47963,-1.28018
4953,1.28954,0.41832,-1.2198
4954,1.31906,0.336622,-1.27538
4955,1.31906,0.336622,-1.27538
4956,1.31906,0.336622,-1.27538
4957,1.31024,0.365668,-1.25817
4958,1.33036,0.369649,-1.27797
4959,1.37957,0.361118,-1.33146
4960,1.37662,0.3388,-1.33428
4961,1.35868,0.416133,-1.29338
4962,1.27778,0.386558,-1.21791
4963,1.27477,0.334655,-1.23006
4964,1.27477,0.334655,-1.23006
4965,1.23449,0.386476,-1.17243
4966,1.2708,0.480458,-1.17647
4967,1.27033,0.497415,-1.16889
4968,1.28492,0.433557,-1.20956
4969,1.25593,0.325867,-1.21292
4970,1.25593,0.325867,-1.21292
4971,1.25593,0.325867,-1.21292
4972,1.27574,0.308883,-1.23778
4973,1.27574,0.308883,-1.23778
4974,1.27502,0.282419,-1.24335
4975,1.28201,0.303115,-1.24566
4976,1.21782,0.313394,-1.1768
4977,1.21782,0.313394,-1.1768
4978,1.21782,0.313394,-1.1768
4979,1.27198,0.315262,-1.23229
4980,1.31264,0.348695,-1.26548
4981,1.25591,0.431973,-1.17928
4982,1.29202,0.368293,-1.23842
4983,1.25009,0.339322,-1.20316
4984,1.25009,0.339322,-1.20316
4985,1.27327,0.378383,-1.21575
4986,1.23614,0.463866,-1.1458
4987,1.21536,0.456824,-1.12624
4988,1.21536,0.456824,-1.12624
4989,1.21536,0.456824,-1.12624
4990,1.24938,0.458075,-1.16237
4991,1.2178,0.3897,-1.15377
4992,1.2615,0.359266,-1.20926
4993,1.31575,0.453481,-1.23513
4994,1.28929,0.452122,-1.20742
4995,1.22704,0.49665,-1.12204
4996,1.20002,0.480749,-1.09951
4997,1.2963,0.538393,-1.1792
4998,1.27722,0.529636,-1.16223
4999,1.352,0.526186,-1.24541
5000,1.42099,0.558265,-1.30673
5001,1.33292,0.499648,-1.23573
5002,1.28973,0.543492,-1.16963
5003,1.32544,0.604802,-1.1794
5004,1.32544,0.604802,-1.1794
5005,1.25513,0.608398,-1.09782
5006,1.25513,0.608398,-1.09782
5007,1.21956,0.611829,-1.05498
5008,1.20388,0.601733,-1.04271
5009,1.20388,0.601733,-1.04271
5010,1.21183,0.592874,-1.05689
5011,1.21982,0.629,-1.04514
5012,1.196,0.62278,-1.02106
5013,1.26317,0.675954,-1.0671
5014,1.26199,0.625504,-1.09606
5015,1.24285,0.541472,-1.11869
5016,1.24285,0.541472,-1.11869
5017,1.20408,0.564875,-1.06335
5018,1.19236,0.524986,-1.07057
5019,1.18251,0.510144,-1.06681
5020,1.19116,0.495943,-1.08301
5021,1.22571,0.517912,-1.11091
5022,1.19003,0.50771,-1.07629
5023,1.21537,0.506175,-1.10495
5024,1.21537,0.506175,-1.10495
5025,1.23242,0.496847,-1.12783
5026,1.24156,0.522675,-1.12619
5027,1.21439,0.557409,-1.07891
5028,1.28881,0.631659,-1.1234
5029,1.26615,0.512304,-1.15788
5030,1.27332,0.486041,-1.1769
5031,1.32606,0.456683,-1.24494
5032,1.34986,0.45736,-1.27002
5033,1.37526,0.430955,-1.306
5034,1.32061,0.336403,-1.27704
5035,1.31212,0.380142,-1.25585
5036,1.31212,0.380142,-1.25585
5037,1.31212,0.380142,-1.25585
5038,1.3224,0.442119,-1.2463
5039,1.27259,0.409635,-1.20486
5040,1.26968,0.451736,-1.18661
5041,1.26968,0.451736,-1.18661
5042,1.26968,0.451736,-1.18661
5043,1.26968,0.451736,-1.18661
5044,1.27768,0.48549,-1.18185
5045,1.28029,0.414025,-1.21149
5046,1.28624,0.413955,-1.21781
5047,1.33738,0.461207,-1.25534
5048,1.36832,0.490315,-1.27745
5049,1.40004,0.611099,-1.25963
5050,1.4074,0.599031,-1.27355
5051,1.41477,0.565698,-1.29675
5052,1.41477,0.565698,-1.29675
5053,1.31028,0.508348,-1.20764
5054,1.28614,0.574351,-1.15078
5055,1.31163,0.530808,-1.19943
5056,1.34958,0.574881,-1.22102
5057,1.34958,0.574881,-1.22102
5058,1.34958,0.574881,-1.22102
5059,1.38778,0.574996,-1.26306
5060,1.36885,0.535672,-1.25969
5061,1.32412,0.492591,-1.22908
5062,1.25553,0.497201,-1.15288
5063,1.25553,0.497201,-1.15288
5064,1.30028,0.502146,-1.19941
5065,1.25615,0.473675,-1.16342
5066,1.31071,0.447602,-1.23192
5067,1.34264,0.441579,-1.26794
5068,1.25672,0.449739,-1.17349
5069,1.25672,0.449739,-1.17349
5070,1.25672,0.449739,-1.17349
5071,1.20744,0.432685,-1.12725
5072,1.27341,0.462147,-1.18659
5073,1.27341,0.462147,-1.18659
5074,1.27341,0.462147,-1.18659
5075,1.27341,0.462147,-1.18659
5076,1.30396,0.496637,-1.20568
5077,1.30353,0.553773,-1.18005
5078,1.2987,0.578356,-1.16281
5079,1.353,0.564823,-1.22947
5080,1.353,0.564823,-1.22947
5081,1.353,0.564823,-1.22947
5082,1.33681,0.597359,-1.19592
5083,1.31863,0.583989,-1.18226
5084,1.2755,0.556459,-1.14772
5085,1.28172,0.522982,-1.17017
5086,1.28172,0.522982,-1.17017
5087,1.28172,0.522982,-1.17017
5088,1.31846,0.572893,-1.18749
5089,1.32441,0.498511,-1.22701
5090,1.32441,0.498511,-1.22701
5091,1.29158,0.610597,-1.13814
5092,1.26827,0.56013,-1.13787
5093,1.29281,0.554826,-1.1677
5094,1.3209,0.541895,-1.20462
5095,1.33305,0.589657,-1.19554
5096,1.29114,0.516923,-1.18315
5097,1.31995,0.619193,-1.1657
5098,1.34527,0.62979,-1.18875
5099,1.40966,0.716358,-1.21407
5100,1.40464,0.688143,-1.22453
5101,1.40464,0.688143,-1.22453
5102,1.40128,0.604256,-1.2643
5103,1.34286,0.522629,-1.23699
5104,1.34286,0.522629,-1.23699
5105,1.34286,0.522629,-1.23699
5106,1.34286,0.522629,-1.23699
5107,1.34286,0.522629,-1.23699
5108,1.31676,0.573523,-1.18529
5109,1.30784,0.519605,-1.20019
5110,1.30332,0.539696,-1.18632
5111,1.31432,0.563484,-1.1874
5112,1.31442,0.590577,-1.17427
5113,1.26515,0.486699,-1.16778
5114,1.23994,0.458544,-1.15203
5115,1.20858,0.518625,-1.09165
5116,1.2704,0.628433,-1.10408
5117,1.28825,0.645178,-1.11505
5118,1.26166,0.619504,-1.09909
5119,1.27946,0.607058,-1.12628
5120,1.32731,0.610179,-1.17874
5121,1.32731,0.610179,-1.17874
5122,1.32731,0.610179,-1.17874
5123,1.32731,0.610179,-1.17874
5124,1.32731,0.610179,-1.17874
5125,1.36563,0.623212,-1.21513
5126,1.36563,0.623212,-1.21513
5127,1.36563,0.623212,-1.21513
5128,1.36252,0.636312,-1.20482
5129,1.36252,0.636312,-1.20482
5130,1.36258,0.645087,-1.2002
5131,1.34034,0.63377,-1.18103
5132,1.34034,0.63377,-1.18103
5133,1.34034,0.63377,-1.18103
5134,1.34393,0.57186,-1.2162
5135,1.34393,0.57186,-1.2162
5136,1.38391,0.50973,-1.28661
5137,1.35889,0.533495,-1.24979
5138,1.32468,0.501324,-1.22615
5139,1.32468,0.501324,-1.22615
5140,1.3084,0.492428,-1.21219
5141,1.41042,0.524793,-1.30915
5142,1.39878,0.502081,-1.30557
5143,1.39878,0.502081,-1.30557
5144,1.39878,0.502081,-1.30557
5145,1.32096,0.522166,-1.21337
5146,1.32096,0.522166,-1.21337
5147,1.32096,0.522166,-1.21337
5148,1.32096,0.522166,-1.21337
5149,1.33634,0.522673,-1.22989
5150,1.34581,0.553286,-1.22682
5151,1.28633,0.526448,-1.17367
5152,1.28633,0.526448,-1.17367
5153,1.28633,0.526448,-1.17367
5154,1.28633,0.526448,-1.17367
5155,1.30604,0.652161,-1.13155
5156,1.30604,0.652161,-1.13155
5157,1.30604,0.652161,-1.13155
5158,1.3514,0.695068,-1.15895
5159,1.40745,0.717525,-1.21081
5160,1.41027,0.717911,-1.21386
5161,1.38272,0.678176,-1.20499
5162,1.4237,0.602983,-1.2897
5163,1.33515,0.619015,-1.18298
5164,1.32702,0.574837,-1.19605
5165,1.34336,0.603165,-1.20033
5166,1.396,0.515321,-1.29741
5167,1.396,0.515321,-1.29741
5168,1.396,0.515321,-1.29741
5169,1.396,0.515321,-1.29741
5170,1.35517,0.543312,-1.24149
5171,1.33713,0.581017,-1.20429
5172,1.37081,0.507821,-1.27328
5173,1.34211,0.550527,-1.224
5174,1.34211,0.550527,-1.224
5175,1.34211,0.550527,-1.224
5176,1.30769,0.603646,-1.16003
5177,1.30769,0.603646,-1.16003
5178,1.32341,0.603216,-1.17794
5179,1.35418,0.731318,-1.13973
5180,1.3601,0.705328,-1.16292
5181,1.3601,0.705328,-1.16292
5182,1.3601,0.705328,-1.16292
5183,1.33934,0.675572,-1.15647
5184,1.38347,0.815711,-1.11742
5185,1.38961,0.845038,-1.10315
5186,1.38961,0.845038,-1.10315
5187,1.3707,0.872271,-1.05733
5188,1.40137,0.863101,-1.10404
5189,1.38873,0.879085,-1.07507
5190,1.32855,0.862499,-1.01051
5191,1.32855,0.862499,-1.01051
5192,1.2727,0.831311,-0.963681
5193,1.26412,0.879188,-0.908314
5194,1.31347,0.875024,-0.979555
5195,1.31347,0.875024,-0.979555
5196,1.33118,0.899745,-0.981065
5197,1.30244,0.868565,-0.970536
5198,1.30244,0.868565,-0.970536
5199,1.30137,0.868801,-0.968892
5200,1.26148,0.881066,-0.902809
5201,1.26148,0.881066,-0.902809
5202,1.22101,0.836583,-0.889386
5203,1.22101,0.836583,-0.889386
5204,1.22101,0.836583,-0.889386
5205,1.22101,0.836583,-0.889386
5206,1.22101,0.836583,-0.889386
5207,1.22101,0.836583,-0.889386
5208,1.30527,0.881864,-0.962319
5209,1.27797,0.859929,-0.945372
5210,1.31939,0.843325,-1.01469
5211,1.31939,0.843325,-1.01469
5212,1.35803,0.848083,-1.06065
5213,1.35803,0.848083,-1.06065
5214,1.35803,0.848083,-1.06065
5215,1.35803,0.848083,-1.06065
5216,1.32394,0.781833,-1.06844
5217,1.31091,0.849456,-0.998458
5218,1.33095,0.90694,-0.974102
5219,1.33095,0.90694,-0.974102
5220,1.33095,0.90694,-0.974102
5221,1.28265,0.833213,-0.975171
5222,1.28265,0.833213,-0.975171
5223,1.28265,0.833213,-0.975171
5224,1.29265,0.831947,-0.989351
5225,1.35897,0.897756,-1.02021
5226,1.35897,0.897756,-1.02021
5227,1.37628,0.95306,-0.992889
5228,1.42892,0.973532,-1.04597
5229,1.42892,0.973532,-1.04597
5230,1.42892,0.973532,-1.04597
5231,1.42892,0.973532,-1.04597
5232,1.49008,1.03868,-1.0684
5233,1.56704,1.1196,-1.09641
5234,1.59263,1.17143,-1.07899
5235,1.52051,1.19446,-0.940857
5236,1.46607,1.18384,-0.864797
5237,1.46607,1.18384,-0.864797
5238,1.4814,1.16742,-0.911971
5239,1.39539,1.13624,-0.809983
5240,1.39539,1.13624,-0.809983
5241,1.39539,1.13624,-0.809983
5242,1.46982,1.15234,-0.912398
5243,1.44684,1.13901,-0.892189
5244,1.55452,1.25829,-0.912823
5245,1.52196,1.22736,-0.899974
5246,1.53257,1.14345,-1.02044
5247,1.53257,1.14345,-1.02044
5248,1.59311,1.06763,-1.18244
5249,1.4808,0.975017,-1.1145
5250,1.4808,0.975017,-1.1145
5251,1.4808,0.975017,-1.1145
5252,1.4808,0.975017,-1.1145
5253,1.45715,1.00884,-1.05144
5254,1.44757,1.04455,-1.00218
5255,1.50432,1.13727,-0.984678
5256,1.50432,1.13727,-0.984678
5257,1.47864,1.10613,-0.981261
5258,1.46345,1.10705,-0.957152
5259,1.43912,1.08553,-0.944831
5260,1.43912,1.08553,-0.944831
5261,1.4537,1.09157,-0.960069
5262,1.50591,1.12373,-1.0025
5263,1.46216,1.06082,-1.00627
5264,1.4253,1.02531,-0.990049
5265,1.41575,1.03953,-0.961107
5266,1.43559,1.02832,-1.00173
5267,1.43559,1.02832,-1.00173
5268,1.41155,0.971036,-1.02448
5269,1.41155,0.971036,-1.02448
5270,1.41155,0.971036,-1.02448
5271,1.42262,0.953162,-1.05609
5272,1.42262,0.953162,-1.05609
5273,1.42262,0.953162,-1.05609
5274,1.39226,0.881724,-1.07747
5275,1.31109,0.856207,-0.992913
5276,1.31109,0.856207,-0.992913
5277,1.31109,0.856207,-0.992913
5278,1.3009,0.831206,-1.00071
5279,1.31728,0.801391,-1.04547
5280,1.31728,0.801391,-1.04547
5281,1.32703,0.753486,-1.09237
5282,1.28211,0.689692,-1.0808
5283,1.28211,0.689692,-1.0808
5284,1.27633,0.662045,-1.0912
5285,1.35681,0.682681,-1.17255
5286,1.31736,0.672957,-1.1325
5287,1.36923,0.662687,-1.19818
5288,1.36723,0.678141,-1.1872
5289,1.36551,0.546855,-1.25123
5290,1.39202,0.658287,-1.22653
5291,1.32658,0.588746,-1.18878
5292,1.4293,0.634138,-1.28092
5293,1.37026,0.592554,-1.23551
5294,1.28555,0.552316,-1.16086
5295,1.28555,0.552316,-1.16086
5296,1.28555,0.552316,-1.16086
5297,1.28555,0.552316,-1.16086
5298,1.35479,0.68145,-1.17093
5299,1.31189,0.643249,-1.14336
5300,1.28281,0.60941,-1.12881
5301,1.26535,0.624516,-1.10049
5302,1.29526,0.704441,-1.08695
5303,1.29526,0.704441,-1.08695
5304,1.25292,0.698524,-1.04013
5305,1.2077,0.665666,-1.00769
5306,1.2077,0.665666,-1.00769
5307,1.14262,0.632149,-0.951823
5308,1.1235,0.7411,-0.844407
5309,1.09058,0.696185,-0.839462
5310,1.10074,0.744626,-0.810652
5311,1.08216,0.742365,-0.787384
5312,1.08216,0.742365,-0.787384
5313,1.08216,0.742365,-0.787384
5314,1.08216,0.742365,-0.787384
5315,1.04505,0.740739,-0.737181
5316,1.0083,0.742537,-0.682135
5317,1.0083,0.742537,-0.682135
5318,1.0083,0.742537,-0.682135
5319,1.05612,0.77632,-0.716043
5320,1.05612,0.77632,-0.716043
5321,1.05612,0.77632,-0.716043
5322,1.09873,0.822533,-0.728458
5323,1.11805,0.772174,-0.808567
5324,1.09039,0.723297,-0.815955
5325,1.09039,0.723297,-0.815955
5326,1.07457,0.683276,-0.829359
5327,1.08408,0.711351,-0.81805
5328,1.16834,0.817687,-0.834509
5329,1.20908,0.897028,-0.810691
5330,1.20908,0.897028,-0.810691
5331,1.15412,0.86349,-0.765748
5332,1.15412,0.86349,-0.765748
5333,1.14298,0.865846,-0.746132
5334,1.1584,0.951671,-0.660456
5335,1.22889,1.03051,-0.669497
5336,1.24181,1.08981,-0.595319
5337,1.22816,1.04174,-0.650508
5338,1.22816,1.04174,-0.650508
5339,1.22816,1.04174,-0.650508
5340,1.29072,1.13067,-0.622521
5341,1.28378,1.16799,-0.532821
5342,1.26148,1.1664,-0.480446
5343,1.22306,1.13113,-0.465197
5344,1.22306,1.13113,-0.465197
5345,1.25414,1.15102,-0.498018
5346,1.21254,1.0893,-0.532626
5347,1.21254,1.0893,-0.532626
5348,1.19007,1.0886,-0.480849
5349,1.19007,1.0886,-0.480849
5350,1.19912,1.09349,-0.492089
5351,1.19912,1.09349,-0.492089
5352,1.26333,1.15314,-0.516008
5353,1.26333,1.15314,-0.516008
5354,1.29709,1.2112,-0.464174
5355,1.24109,1.11929,-0.536181
5356,1.24109,1.11929,-0.536181
5357,1.22603,1.12016,-0.498389
5358,1.21762,1.14591,-0.411688
5359,1.19094,1.10703,-0.439121
5360,1.19094,1.10703,-0.439121
5361,1.19764,1.10293,-0.466783
5362,1.19764,1.10293,-0.466783
5363,1.23303,1.14886,-0.447745
5364,1.2561,1.18031,-0.429705
5365,1.2561,1.18031,-0.429705
5366,1.2561,1.18031,-0.429705
5367,1.25511,1.18374,-0.4172
5368,1.20265,1.11966,-0.439011
5369,1.20265,1.11966,-0.439011
5370,1.20265,1.11966,-0.439011
5371,1.20265,1.11966,-0.439011
5372,1.19893,1.11653,-0.436807
5373,1.08804,0.995277,-0.439603
5374,1.15067,1.03474,-0.503357
5375,1.19447,1.09132,-0.485567
5376,1.13986,1.0579,-0.424405
5377,1.10645,1.04042,-0.376504
5378,1.10645,1.04042,-0.376504
5379,1.11342,1.0511,-0.367279
5380,1.05781,0.97566,-0.40872
5381,1.05781,0.97566,-0.40872
5382,1.10675,1.00113,-0.471848
5383,1.10449,1.00483,-0.458493
5384,1.09985,1.01598,-0.421267
5385,1.08628,1.00684,-0.407769
5386,1.1318,1.06438,-0.384777
5387,1.15855,1.05864,-0.470656
5388,1.15855,1.05864,-0.470656
5389,1.0961,0.996421,-0.456699
5390,1.15774,1.07928,-0.41893
5391,1.15774,1.07928,-0.41893
5392,1.14654,1.05801,-0.441787
5393,1.12482,1.04683,-0.411543
5394,1.16639,1.07801,-0.445391
5395,1.16639,1.07801,-0.445391
5396,1.16639,1.07801,-0.445391
5397,1.16639,1.07801,-0.445391
5398,1.16639,1.07801,-0.445391
5399,1.16734,1.09162,-0.413597
5400,1.18665,1.09263,-0.462914
5401,1.19091,1.11294,-0.423806
5402,1.13885,1.05804,-0.421354
5403,1.17696,1.1042,-0.407405
5404,1.17696,1.1042,-0.407405
5405,1.17696,1.1042,-0.407405
5406,1.18421,1.10387,-0.428727
5407,1.2058,1.11335,-0.46303
5408,1.14881,1.06048,-0.441737
5409,1.17459,1.06036,-0.505282
5410,1.15585,1.03552,-0.513511
5411,1.17736,1.07261,-0.485483
5412,1.13943,1.0435,-0.457612
5413,1.19597,1.05981,-0.554195
5414,1.16239,1.00384,-0.58606
5415,1.17648,1.03345,-0.562222
5416,1.15571,1.0077,-0.565872
5417,1.15571,1.0077,-0.565872
5418,1.14575,0.987811,-0.580491
5419,1.14631,1.0051,-0.551179
5420,1.14374,1.00093,-0.553433
5421,1.23275,1.10484,-0.546813
5422,1.20627,1.06205,-0.57195
5423,1.22253,1.06105,-0.607243
5424,1.22253,1.06105,-0.607243
5425,1.22253,1.06105,-0.607243
5426,1.2327,1.08972,-0.576254
5427,1.19837,1.07031,-0.539019
5428,1.18898,1.07472,-0.508579
5429,1.2537,1.08733,-0.624086
5430,1.22459,1.00988,-0.692651
5431,1.182,0.982234,-0.657524
5432,1.15618,0.952258,-0.65572
5433,1.14387,0.969828,-0.606521
5434,1.14387,0.969828,-0.606521
5435,1.14387,0.969828,-0.606521
5436,1.08223,0.858974,-0.658318
5437,1.08223,0.858974,-0.658318
5438,1.14987,0.913117,-0.698869
5439,1.11968,0.877933,-0.694922
5440,1.11968,0.877933,-0.694922
5441,1.13017,0.896059,-0.68874
5442,1.12135,0.866858,-0.711317
5443,1.14777,0.840366,-0.781763
5444,1.14777,0.840366,-0.781763
5445,1.16321,0.828854,-0.816125
5446,1.18278,0.799956,-0.871232
5447,1.18278,0.799956,-0.871232
5448,1.20334,0.736638,-0.95152
5449,1.19913,0.702445,-0.971852
5450,1.1148,0.618808,-0.927289
5451,1.1148,0.618808,-0.927289
5452,1.1148,0.618808,-0.927289
5453,1.1148,0.618808,-0.927289
5454,1.1148,0.618808,-0.927289
5455,1.09959,0.562852,-0.944611
5456,1.10762,0.547239,-0.962985
5457,1.14105,0.538724,-1.00586
5458,1.14105,0.538724,-1.00586
5459,1.12914,0.447549,-1.03666
5460,1.15998,0.476873,-1.05743
5461,1.16528,0.523924,-1.04085
5462,1.13924,0.507247,-1.02008
5463,1.1961,0.524723,-1.07486
5464,1.1961,0.524723,-1.07486
5465,1.14128,0.543254,-1.00369
5466,1.14875,0.56819,-0.998393
5467,1.14875,0.56819,-0.998393
5468,1.14875,0.56819,-0.998393
5469,1.13243,0.588751,-0.967353
5470,1.13999,0.586711,-0.977413
5471,1.12162,0.528893,-0.989091
5472,1.12162,0.528893,-0.989091
5473,1.17107,0.651227,-0.973298
5474,1.13984,0.637505,-0.944896
5475,1.15116,0.62902,-0.964106
5476,1.15116,0.62902,-0.964106
5477,1.1871,0.594991,-1.02723
5478,1.09301,0.514254,-0.964478
5479,1.09126,0.497175,-0.971427
5480,1.10341,0.53735,-0.963722
5481,1.1528,0.533331,-1.02201
5482,1.10161,0.487711,-0.987772
5483,1.082,0.458605,-0.980002
5484,1.06683,0.421693,-0.97995
5485,1.12916,0.50157,-1.01164
5486,1.1073,0.524505,-0.975192
5487,1.19458,0.481733,-1.09314
5488,1.16943,0.513926,-1.05045
5489,1.15274,0.499585,-1.03885
5490,1.14595,0.485691,-1.03793
5491,1.14595,0.485691,-1.03793
5492,1.14595,0.485691,-1.03793
5493,1.0585,0.453293,-0.956527
5494,1.0585,0.453293,-0.956527
5495,1.04127,0.42817,-0.94916
5496,1.08415,0.434911,-0.993095
5497,1.10158,0.490811,-0.986198
5498,1.10158,0.490811,-0.986198
5499,1.09715,0.469068,-0.991822
5500,1.1034,0.538307,-0.963182
5501,1.1034,0.538307,-0.963182
5502,1.09851,0.563399,-0.94303
5503,1.09851,0.563399,-0.94303
5504,1.08493,0.473275,-0.976259
5505,1.15698,0.501019,-1.04287
5506,1.13362,0.568035,-0.981038
5507,1.21238,0.612701,-1.04616
5508,1.24633,0.587233,-1.09931
5509,1.21698,0.553835,-1.08366
5510,1.20091,0.492916,-1.09509
5511,1.20091,0.492916,-1.09509
5512,1.19276,0.480217,-1.09182
5513,1.19276,0.480217,-1.09182
5514,1.14569,0.50991,-1.02596
5515,1.18122,0.488896,-1.07529
5516,1.18122,0.488896,-1.07529
5517,1.22754,0.527371,-1.10848
5518,1.22754,0.527371,-1.10848
5519,1.20603,0.523452,-1.08652
5520,1.20603,0.523452,-1.08652
5521,1.25083,0.516831,-1.13906
5522,1.23816,0.498601,-1.13333
5523,1.24597,0.533017,-1.1262
5524,1.2118,0.564551,-1.07226
5525,1.2118,0.564551,-1.07226
5526,1.25683,0.565057,-1.12265
5527,1.27643,0.663209,-1.09061
5528,1.27643,0.663209,-1.09061
5529,1.27097,0.706408,-1.05657
5530,1.27097,0.706408,-1.05657
5531,1.27204,0.716921,-1.05076
5532,1.21476,0.639611,-1.03273
5533,1.21476,0.639611,-1.03273
5534,1.28688,0.684665,-1.08963
5535,1.23211,0.585766,-1.08397
5536,1.23211,0.585766,-1.08397
5537,1.22583,0.597486,-1.07036
5538,1.24254,0.646164,-1.06131
5539,1.2,0.660204,-1.00206
5540,1.16525,0.617774,-0.988013
5541,1.16894,0.591796,-1.00807
5542,1.08663,0.54878,-0.93787
5543,1.08712,0.502234,-0.964149
5544,1.12901,0.456644,-1.03254
5545,1.15682,0.434335,-1.07218
5546,1.15682,0.434335,-1.07218
5547,1.15682,0.434335,-1.07218
5548,1.16773,0.402226,-1.09627
5549,1.11917,0.362239,-1.05893
5550,1.16781,0.470749,-1.06872
5551,1.18389,0.49617,-1.0749
5552,1.18398,0.501383,-1.07258
5553,1.05809,0.483353,-0.941241
5554,1.05809,0.483353,-0.941241
5555,1.05809,0.483353,-0.941241
5556,1.08353,0.52012,-0.950528
5557,1.06094,0.509205,-0.930752
5558,1.06094,0.509205,-0.930752
5559,1.0557,0.45243,-0.953843
5560,1.06985,0.469635,-0.961266
5561,1.08288,0.569533,-0.921014
5562,1.04885,0.536849,-0.90104
5563,1.12561,0.555457,-0.979007
5564,1.18212,0.611023,-1.01196
5565,1.18212,0.611023,-1.01196
5566,1.21193,0.620745,-1.04089
5567,1.25117,0.639617,-1.07532
5568,1.24635,0.637841,-1.07077
5569,1.24635,0.637841,-1.07077
5570,1.2735,0.652806,-1.09345
5571,1.2735,0.652806,-1.09345
5572,1.25548,0.612574,-1.0959
5573,1.25548,0.612574,-1.0959
5574,1.30856,0.684357,-1.11534
5575,1.30856,0.684357,-1.11534
5576,1.30856,0.684357,-1.11534
5577,1.32988,0.734892,-1.10838
5578,1.33204,0.742904,-1.10563
5579,1.33204,0.742904,-1.10563
5580,1.33204,0.742904,-1.10563
5581,1.33886,0.754039,-1.10633
5582,1.3388,0.735918,-1.11839
5583,1.35235,0.750057,-1.12529
5584,1.36468,0.715198,-1.16226
5585,1.36468,0.715198,-1.16226
5586,1.36808,0.714803,-1.16649
5587,1.30165,0.73777,-1.07238
5588,1.30165,0.73777,-1.07238
5589,1.29748,0.741875,-1.06446
5590,1.29748,0.741875,-1.06446
5591,1.22982,0.783198,-0.948188
5592,1.22982,0.783198,-0.948188
5593,1.22982,0.783198,-0.948188
5594,1.20278,0.822347,-0.877743
5595,1.19516,0.883231,-0.805177
5596,1.24272,0.882229,-0.875226
5597,1.22751,0.874052,-0.861869
5598,1.19404,0.826453,-0.861807
5599,1.16204,0.87346,-0.766427
5600,1.16204,0.87346,-0.766427
5601,1.16204,0.87346,-0.766427
5602,1.16204,0.87346,-0.766427
5603,1.20093,0.906385,-0.787841
5604,1.2244,0.899342,-0.830871
5605,1.2244,0.899342,-0.830871
5606,1.1868,0.885618,-0.790041
5607,1.18875,0.932995,-0.73665
5608,1.21326,0.948088,-0.757054
5609,1.21326,0.948088,-0.757054
5610,1.1854,0.957125,-0.699348
5611,1.19213,0.936031,-0.738252
5612,1.20886,0.946705,-0.751719
5613,1.18992,0.897401,-0.781395
5614,1.181,0.882552,-0.784774
5615,1.181,0.882552,-0.784774
5616,1.181,0.882552,-0.784774
5617,1.16412,0.872352,-0.770825
5618,1.16616,0.911283,-0.727667
5619,1.16616,0.911283,-0.727667
5620,1.15937,0.955851,-0.656107
5621,1.15231,0.969458,-0.622863
5622,1.16705,0.970819,-0.647694
5623,1.20893,1.03253,-0.628802
5624,1.2049,1.05084,-0.589515
5625,1.21417,1.03097,-0.641328
5626,1.23674,1.01587,-0.705363
5627,1.22922,0.991965,-0.725937
5628,1.17816,0.972875,-0.66452
5629,1.17816,0.972875,-0.66452
5630,1.21083,1.0305,-0.635755
5631,1.17247,0.948407,-0.689362
5632,1.17247,0.948407,-0.689362
5633,1.16343,0.958846,-0.658924
5634,1.16343,0.958846,-0.658924
5635,1.14234,0.960695,-0.618071
5636,1.14733,0.979753,-0.597027
5637,1.05321,0.922631,-0.507934
5638,1.05321,0.922631,-0.507934
5639,1.10573,0.962971,-0.543446
5640,1.14614,0.997493,-0.564488
5641,1.17538,1.02456,-0.576019
5642,1.17975,1.04075,-0.555557
5643,1.14872,0.992414,-0.578502
5644,1.1409,0.971263,-0.598577
5645,1.09612,0.945168,-0.555109
5646,1.09612,0.945168,-0.555109
5647,1.15331,0.967014,-0.628506
5648,1.14812,0.943015,-0.654914
5649,1.10957,0.942809,-0.58503
5650,1.10957,0.942809,-0.58503
5651,1.10957,0.942809,-0.58503
5652,1.10957,0.942809,-0.58503
5653,1.05342,0.900341,-0.546887
5654,1.10728,0.920384,-0.615596
5655,1.10728,0.920384,-0.615596
5656,1.1361,0.943098,-0.633482
5657,1.17386,0.986653,-0.63598
5658,1.11932,0.992329,-0.517845
5659,1.11932,0.992329,-0.517845
5660,1.13033,0.993001,-0.54
5661,1.14226,0.990063,-0.569681
5662,1.14226,0.990063,-0.569681
5663,1.154,0.961435,-0.638251
5664,1.11472,0.904429,-0.651619
5665,1.1573,0.967383,-0.635223
5666,1.18384,0.957286,-0.696476
5667,1.18384,0.957286,-0.696476
5668,1.1824,0.980169,-0.661321
5669,1.18087,0.980754,-0.657699
5670,1.15228,0.954596,-0.645366
5671,1.14234,0.943387,-0.644167
5672,1.14234,0.943387,-0.644167
5673,1.14234,0.943387,-0.644167
5674,1.16276,0.943041,-0.680209
5675,1.14577,0.92041,-0.682381
5676,1.1724,0.90826,-0.741334
5677,1.17763,0.914449,-0.742021
5678,1.17753,0.917808,-0.737698
5679,1.11695,0.869663,-0.700895
5680,1.11695,0.869663,-0.700895
5681,1.18539,0.920052,-0.747433
5682,1.22817,0.93633,-0.79478
5683,1.22817,0.93633,-0.79478
5684,1.22387,0.942473,-0.780777
5685,1.22489,0.946164,-0.777902
5686,1.22489,0.946164,-0.777902
5687,1.22489,0.946164,-0.777902
5688,1.22489,0.946164,-0.777902
5689,1.22754,0.977127,-0.743026
5690,1.20996,0.97377,-0.718172
5691,1.22229,1.03311,-0.6532
5692,1.22229,1.03311,-0.6532
5693,1.22229,1.03311,-0.6532
5694,1.19781,1.03406,-0.60453
5695,1.19703,1.03603,-0.599596
5696,1.1821,0.985739,-0.652446
5697,1.20551,1.02824,-0.62926
5698,1.19814,1.0223,-0.624844
5699,1.19814,1.0223,-0.624844
5700,1.20133,1.02485,-0.626798
5701,1.19448,1.03321,-0.599386
5702,1.19448,1.03321,-0.599386
5703,1.19448,1.03321,-0.599386
5704,1.20469,1.09823,-0.495147
5705,1.25153,1.11057,-0.577015
5706,1.27605,1.11741,-0.616193
5707,1.27605,1.11741,-0.616193
5708,1.27605,1.11741,-0.616193
5709,1.27605,1.11741,-0.616193
5710,1.27605,1.11741,-0.616193
5711,1.27605,1.11741,-0.616193
5712,1.27605,1.11741,-0.616193
5713,1.27605,1.11741,-0.616193
5714,1.26081,1.08803,-0.637058
5715,1.26655,1.09556,-0.635542
5716,1.19692,1.04932,-0.575813
5717,1.19692,1.04932,-0.575813
5718,1.24913,1.12653,-0.539675
5719,1.2393,1.14499,-0.474206
5720,1.22919,1.13626,-0.468846
5721,1.21403,1.10824,-0.495656
5722,1.18274,1.09162,-0.455236
5723,1.1961,1.11134,-0.442245
5724,1.1961,1.11134,-0.442245
5725,1.19188,1.13914,-0.350624
5726,1.19188,1.13914,-0.350624
5727,1.22642,1.17752,-0.342851
5728,1.27782,1.21958,-0.381387
5729,1.35213,1.29313,-0.395058
5730,1.28567,1.24265,-0.329812
5731,1.31288,1.26063,-0.36671
5732,1.30172,1.24479,-0.380764
5733,1.30172,1.24479,-0.380764
5734,1.34954,1.28979,-0.397111
5735,1.34954,1.28979,-0.397111
5736,1.33157,1.27622,-0.37991
5737,1.36509,1.32686,-0.320784
5738,1.36259,1.31726,-0.348558
5739,1.36259,1.31726,-0.348558
5740,1.39065,1.34996,-0.333935
5741,1.41701,1.35571,-0.412263
5742,1.41361,1.32931,-0.480875
5743,1.43672,1.3392,-0.520298
5744,1.43672,1.3392,-0.520298
5745,1.43672,1.3392,-0.520298
5746,1.46935,1.35582,-0.566342
5747,1.51325,1.41046,-0.548208
5748,1.47066,1.39273,-0.472369
5749,1.41878,1.34976,-0.437134
5750,1.4656,1.39474,-0.450212
5751,1.4656,1.39474,-0.450212
5752,1.51708,1.41602,-0.544456
5753,1.49855,1.41046,-0.50622
5754,1.49855,1.41046,-0.50622
5755,1.49855,1.41046,-0.50622
5756,1.49855,1.41046,-0.50622
5757,1.49855,1.41046,-0.50622
5758,1.49855,1.41046,-0.50622
5759,1.46916,1.39087,-0.473182
5760,1.44632,1.36917,-0.466047
5761,1.44632,1.36917,-0.466047
5762,1.48555,1.40506,-0.482334
5763,1.39832,1.34155,-0.394368
5764,1.39832,1.34155,-0.394368
5765,1.39865,1.33243,-0.425247
5766,1.41178,1.37003,-0.340779
5767,1.40144,1.36764,-0.305938
5768,1.36745,1.33145,-0.311702
5769,1.4285,1.37574,-0.38463
5770,1.35864,1.30251,-0.386452
5771,1.33954,1.27727,-0.403672
5772,1.33954,1.27727,-0.403672
5773,1.31679,1.25945,-0.384355
5774,1.28177,1.22639,-0.372714
5775,1.30021,1.24962,-0.359167
5776,1.30021,1.24962,-0.359167
5777,1.3375,1.29018,-0.352615
5778,1.26357,1.24559,-0.212385
5779,1.26114,1.23815,-0.239705
5780,1.20445,1.18209,-0.230996
5781,1.20445,1.18209,-0.230996
5782,1.15604,1.14245,-0.176715
5783,1.20007,1.1965,-0.0924648
5784,1.1804,1.17623,-0.0991314
5785,1.15231,1.13809,-0.180441
5786,1.21323,1.19609,-0.203236
5787,1.17876,1.15677,-0.226611
5788,1.17876,1.15677,-0.226611
5789,1.17876,1.15677,-0.226611
5790,1.17876,1.15677,-0.226611
5791,1.15853,1.13727,-0.220956
5792,1.17474,1.13942,-0.285908
5793,1.14731,1.09798,-0.332789
5794,1.18568,1.13566,-0.340752
5795,1.1963,1.15536,-0.310277
5796,1.1963,1.15536,-0.310277
5797,1.14385,1.12269,-0.218985
5798,1.14385,1.12269,-0.218985
5799,1.14385,1.12269,-0.218985
5800,1.15151,1.13109,-0.215921
5801,1.15151,1.13109,-0.215921
5802,1.2185,1.18563,-0.28112
5803,1.20839,1.18032,-0.258922
5804,1.19018,1.15535,-0.285823
5805,1.19018,1.15535,-0.285823
5806,1.20342,1.17055,-0.279326
5807,1.22601,1.17845,-0.338155
5808,1.18218,1.12761,-0.355021
5809,1.18706,1.13725,-0.340253
5810,1.19425,1.14564,-0.337266
5811,1.21841,1.16474,-0.357636
5812,1.21841,1.16474,-0.357636
5813,1.14664,1.09692,-0.333981
5814,1.14664,1.09692,-0.333981
5815,1.13942,1.05845,-0.421843
5816,1.24543,1.1635,-0.444253
5817,1.20127,1.11192,-0.454604
5818,1.21078,1.1318,-0.430154
5819,1.21078,1.1318,-0.430154
5820,1.24954,1.16162,-0.460415
5821,1.24954,1.16162,-0.460415
5822,1.26335,1.19414,-0.41241
5823,1.28642,1.2152,-0.422095
5824,1.28642,1.2152,-0.422095
5825,1.24966,1.17453,-0.426793
5826,1.19056,1.11782,-0.409771
5827,1.19979,1.14154,-0.369305
5828,1.19979,1.14154,-0.369305
5829,1.17451,1.15186,-0.229562
5830,1.17451,1.15186,-0.229562
5831,1.17451,1.15186,-0.229562
5832,1.19145,1.17316,-0.20798
5833,1.18916,1.16361,-0.245194
5834,1.15574,1.13578,-0.213888
5835,1.16632,1.13353,-0.274601
5836,1.15942,1.12343,-0.286601
5837,1.15942,1.12343,-0.286601
5838,1.15617,1.11301,-0.312957
5839,1.15617,1.11301,-0.312957
5840,1.18797,1.14134,-0.329549
5841,1.22284,1.18025,-0.319917
5842,1.22284,1.18025,-0.319917
5843,1.22284,1.18025,-0.319917
5844,1.30071,1.26159,-0.316601
5845,1.21425,1.18717,-0.25503
5846,1.24108,1.20363,-0.302571
5847,1.24108,1.20363,-0.302571
5848,1.21608,1.15642,-0.376207
5849,1.23292,1.16191,-0.412375
5850,1.28517,1.23086,-0.369662
5851,1.23552,1.17555,-0.380254
5852,1.20618,1.14526,-0.378481
5853,1.20618,1.14526,-0.378481
5854,1.23644,1.14444,-0.468027
5855,1.24284,1.14953,-0.472472
5856,1.20783,1.13724,-0.40689
5857,1.14966,1.07905,-0.3967
5858,1.22051,1.15498,-0.39454
5859,1.21416,1.17793,-0.294371
5860,1.26598,1.23361,-0.284443
5861,1.32568,1.28335,-0.332359
5862,1.28316,1.24209,-0.322035
5863,1.22554,1.17848,-0.336334
5864,1.21615,1.14275,-0.416103
5865,1.14467,1.06992,-0.406865
5866,1.15837,1.08468,-0.406542
5867,1.11707,1.0448,-0.395259
5868,1.11707,1.0448,-0.395259
5869,1.20552,1.10876,-0.473192
5870,1.20329,1.10516,-0.47596
5871,1.24636,1.14698,-0.487682
5872,1.28269,1.17738,-0.508988
5873,1.30361,1.17528,-0.564006
5874,1.32064,1.11279,-0.711192
5875,1.30853,1.05163,-0.778667
5876,1.3173,1.06346,-0.777399
5877,1.3173,1.06346,-0.777399
5878,1.3173,1.06346,-0.777399
5879,1.30833,1.10114,-0.706559
5880,1.30833,1.10114,-0.706559
5881,1.33634,1.16475,-0.655105
5882,1.33634,1.16475,-0.655105
5883,1.33156,1.14964,-0.671861
5884,1.33156,1.14964,-0.671861
5885,1.34327,1.15054,-0.693276
5886,1.28175,1.13043,-0.604161
5887,1.2906,1.16154,-0.562561
5888,1.2906,1.16154,-0.562561
5889,1.2882,1.10595,-0.660553
5890,1.20536,1.03321,-0.620781
5891,1.20536,1.03321,-0.620781
5892,1.24333,1.07,-0.63322
5893,1.29795,1.12068,-0.654794
5894,1.27517,1.09846,-0.647647
5895,1.30476,1.119,-0.670989
5896,1.26439,1.09133,-0.638503
5897,1.32742,1.13305,-0.691539
5898,1.32742,1.13305,-0.691539
5899,1.32742,1.13305,-0.691539
5900,1.30166,1.10734,-0.684189
5901,1.26446,1.02211,-0.744416
5902,1.26446,1.02211,-0.744416
5903,1.31234,1.07809,-0.748305
5904,1.30392,1.0646,-0.75289
5905,1.30392,1.0646,-0.75289
5906,1.28303,1.02934,-0.765911
5907,1.29506,1.05216,-0.755063
5908,1.27576,1.05326,-0.719864
5909,1.27576,1.05326,-0.719864
5910,1.31803,1.05208,-0.793933
5911,1.31803,1.05208,-0.793933
5912,1.23857,0.954999,-0.788682
5913,1.23857,0.954999,-0.788682
5914,1.23857,0.954999,-0.788682
5915,1.22182,0.963492,-0.751355
5916,1.21152,0.952493,-0.748697
5917,1.20091,0.947151,-0.738296
5918,1.18573,0.934674,-0.72962
5919,1.18573,0.934674,-0.72962
5920,1.13226,0.915518,-0.66621
5921,1.1462,0.919505,-0.68432
5922,1.14325,0.904988,-0.698584
5923,1.10859,0.892408,-0.657705
5924,1.1624,0.952485,-0.666302
5925,1.1624,0.952485,-0.666302
5926,1.22886,1.02137,-0.683296
5927,1.31607,1.11286,-0.70256
5928,1.2904,1.07147,-0.719085
5929,1.30069,1.09598,-0.700443
5930,1.29349,1.11246,-0.659953
5931,1.34996,1.1474,-0.711241
5932,1.34996,1.1474,-0.711241
5933,1.35061,1.07883,-0.812569
5934,1.35061,1.07883,-0.812569
5935,1.35061,1.07883,-0.812569
5936,1.35061,1.07883,-0.812569
5937,1.39305,1.07885,-0.881293
5938,1.36088,1.04486,-0.871919
5939,1.36088,1.04486,-0.871919
5940,1.36088,1.04486,-0.871919
5941,1.34786,1.05118,-0.843647
5942,1.36063,1.13143,-0.755775
5943,1.36063,1.13143,-0.755775
5944,1.36063,1.13143,-0.755775
5945,1.36063,1.13143,-0.755775
5946,1.36063,1.13143,-0.755775
5947,1.36063,1.13143,-0.755775
5948,1.3945,1.14708,-0.792992
5949,1.3945,1.14708,-0.792992
5950,1.41904,1.19295,-0.768473
5951,1.39007,1.13793,-0.798385
5952,1.36801,1.10707,-0.803645
5953,1.37439,1.11182,-0.807965
5954,1.37439,1.11182,-0.807965
5955,1.38925,1.17303,-0.744316
5956,1.375,1.11312,-0.807209
5957,1.36647,1.11786,-0.785893
5958,1.32465,1.12278,-0.702892
5959,1.32465,1.12278,-0.702892
5960,1.27346,1.08833,-0.661241
5961,1.27346,1.08833,-0.661241
5962,1.22704,1.06564,-0.608306
5963,1.25933,1.05143,-0.693115
5964,1.25933,1.05143,-0.693115
5965,1.2429,1.01161,-0.722104
5966,1.2429,1.01161,-0.722104
5967,1.20606,1.02742,-0.631653
5968,1.20606,1.02742,-0.631653
5969,1.20606,1.02742,-0.631653
5970,1.20606,1.02742,-0.631653
5971,1.20606,1.02742,-0.631653
5972,1.18334,1.01778,-0.603664
5973,1.15527,1.02296,-0.536848
5974,1.12927,1.03168,-0.459235
5975,1.10575,1.00443,-0.462395
5976,1.13219,1.03209,-0.465433
5977,1.07459,0.948721,-0.50464
5978,1.07459,0.948721,-0.50464
5979,1.06655,0.927019,-0.527409
5980,1.06655,0.927019,-0.527409
5981,1.05313,0.912324,-0.526077
5982,1.08052,0.950641,-0.51362
5983,1.06173,0.930451,-0.511412
5984,1.05139,0.933648,-0.483459
5985,1.05139,0.933648,-0.483459
5986,1.05139,0.933648,-0.483459
5987,1.08226,0.971844,-0.476235
5988,1.07545,0.949289,-0.505407
5989,1.17403,1.03174,-0.560233
5990,1.10426,0.971419,-0.525111
5991,1.10426,0.971419,-0.525111
5992,1.10869,0.969762,-0.53736
5993,1.08155,0.948378,-0.51993
5994,1.11161,0.965361,-0.551141
5995,1.10964,0.977895,-0.52443
5996,1.12849,0.98439,-0.551782
5997,1.16315,1.02046,-0.558181
5998,1.1751,1.01627,-0.589955
5999,1.15987,0.974525,-0.628975
6000,1.17841,0.963826,-0.678007
6001,1.18253,1.00071,-0.630044
6002,1.24235,1.07046,-0.630514
6003,1.23432,1.07919,-0.599068
6004,1.26056,1.10799,-0.601149
6005,1.28309,1.12661,-0.614073
6006,1.21511,1.01944,-0.661228
6007,1.16247,0.927482,-0.700803
6008,1.16247,0.927482,-0.700803
6009,1.13576,0.911692,-0.677333
6010,1.07687,0.796728,-0.72448
6011,1.08558,0.786272,-0.748511
6012,1.08445,0.782424,-0.750898
6013,1.09607,0.852473,-0.688953
6014,1.09607,0.852473,-0.688953
6015,1.15488,0.90605,-0.716111
6016,1.19394,0.951855,-0.720736
6017,1.19394,0.951855,-0.720736
6018,1.20391,0.964411,-0.720637
6019,1.20391,0.964411,-0.720637
6020,1.24596,1.06564,-0.645616
6021,1.29045,1.07212,-0.7182
6022,1.32391,1.1178,-0.709408
6023,1.32519,1.15978,-0.641133
6024,1.34586,1.1971,-0.615069
6025,1.34586,1.1971,-0.615069
6026,1.36202,1.20748,-0.630152
6027,1.36202,1.20748,-0.630152
6028,1.36202,1.20748,-0.630152
6029,1.36202,1.20748,-0.630152
6030,1.3485,1.20582,-0.603692
6031,1.30781,1.14639,-0.629399
6032,1.30781,1.14639,-0.629399
6033,1.30781,1.14639,-0.629399
6034,1.3379,1.20174,-0.588048
6035,1.3379,1.20174,-0.588048
6036,1.3379,1.20174,-0.588048
6037,1.33083,1.21149,-0.550825
6038,1.32545,1.19731,-0.568568
6039,1.32545,1.19731,-0.568568
6040,1.33295,1.23261,-0.507367
6041,1.28273,1.18536,-0.49023
6042,1.26373,1.15394,-0.515205
6043,1.31346,1.19795,-0.538622
6044,1.31346,1.19795,-0.538622
6045,1.33377,1.1863,-0.609622
6046,1.25126,1.12649,-0.544672
6047,1.3376,1.19754,-0.595873
6048,1.33145,1.21287,-0.549269
6049,1.33145,1.21287,-0.549269
6050,1.30009,1.18825,-0.527539
6051,1.32052,1.21484,-0.517627
6052,1.38821,1.26205,-0.578239
6053,1.41029,1.28751,-0.575541
6054,1.41029,1.28751,-0.575541
6055,1.41029,1.28751,-0.575541
6056,1.41029,1.28751,-0.575541
6057,1.33132,1.25352,-0.44843
6058,1.33132,1.25352,-0.44843
6059,1.27183,1.19029,-0.44806
6060,1.25608,1.20313,-0.360882
6061,1.24074,1.18548,-0.366184
6062,1.25677,1.19456,-0.390507
6063,1.25677,1.19456,-0.390507
6064,1.25677,1.19456,-0.390507
6065,1.25677,1.19456,-0.390507
6066,1.27849,1.21875,-0.386236
6067,1.3095,1.25358,-0.378576
6068,1.27865,1.19791,-0.447169
6069,1.27865,1.19791,-0.447169
6070,1.27865,1.19791,-0.447169
6071,1.27865,1.19791,-0.447169
6072,1.30429,1.22032,-0.460451
6073,1.29554,1.20825,-0.467493
6074,1.29554,1.20825,-0.467493
6075,1.2721,1.18554,-0.461235
6076,1.2721,1.18554,-0.461235
6077,1.28865,1.2045,-0.45804
6078,1.28628,1.17911,-0.514023
6079,1.28857,1.18231,-0.512414
6080,1.28857,1.18231,-0.512414
6081,1.28902,1.14809,-0.586045
6082,1.26291,1.12327,-0.577224
6083,1.31755,1.19572,-0.553333
6084,1.31755,1.19572,-0.553333
6085,1.31755,1.19572,-0.553333
6086,1.29918,1.18513,-0.53229
6087,1.26754,1.17799,-0.467982
6088,1.26754,1.17799,-0.467982
6089,1.24707,1.12662,-0.534707
6090,1.26051,1.13309,-0.552269
6091,1.25176,1.15733,-0.476961
6092,1.26961,1.17429,-0.482649
6093,1.26961,1.17429,-0.482649
6094,1.26961,1.17429,-0.482649
6095,1.25545,1.1547,-0.49278
6096,1.32796,1.20093,-0.566787
6097,1.35324,1.25449,-0.507463
6098,1.35324,1.25449,-0.507463
6099,1.33975,1.23507,-0.519167
6100,1.38729,1.30236,-0.477961
6101,1.4219,1.34157,-0.471178
6102,1.43798,1.38276,-0.394664
6103,1.46548,1.39837,-0.43842
6104,1.47751,1.39821,-0.477535
6105,1.43278,1.39521,-0.325991
6106,1.40002,1.36376,-0.316549
6107,1.35666,1.31873,-0.318559
6108,1.358,1.32105,-0.314618
6109,1.40687,1.39034,-0.215038
6110,1.32925,1.30469,-0.254316
6111,1.33585,1.31432,-0.238866
6112,1.33585,1.31432,-0.238866
6113,1.325,1.29774,-0.267394
6114,1.38147,1.36249,-0.228207
6115,1.41064,1.37506,-0.314832
6116,1.41064,1.37506,-0.314832
6117,1.45634,1.43236,-0.263188
6118,1.45634,1.43236,-0.263188
6119,1.47087,1.4622,-0.159537
6120,1.43404,1.42861,-0.124708
6121,1.43404,1.42861,-0.124708
6122,1.40146,1.39842,-0.0922236
6123,1.43197,1.42899,-0.0924611
6124,1.43024,1.42501,-0.122209
6125,1.43024,1.42501,-0.122209
6126,1.34337,1.34319,-0.022284
6127,1.34493,1.34449,0.0343839
6128,1.34113,1.34104,0.0159477
6129,1.34113,1.34104,0.0159477
6130,1.34113,1.34104,0.0159477
6131,1.36595,1.36565,0.0286538
6132,1.39757,1.39551,-0.0758541
6133,1.41055,1.40943,-0.0560293
6134,1.37608,1.37575,-0.0299448
6135,1.39859,1.39359,-0.11816
6136,1.38077,1.37899,-0.0701583
6137,1.3986,1.39838,-0.0246934
6138,1.42491,1.42252,-0.0826251
6139,1.42491,1.42252,-0.0826251
6140,1.34806,1.34777,-0.028134
6141,1.3807,1.3807,0.0004439
6142,1.31604,1.31278,-0.0925576
6143,1.31604,1.31278,-0.0925576
6144,1.29467,1.29203,-0.0826048
6145,1.24066,1.23728,-0.0915916
6146,1.19241,1.18197,-0.157414
6147,1.19241,1.18197,-0.157414
6148,1.23493,1.2317,-0.0892533
6149,1.26161,1.26116,-0.0335973
6150,1.2423,1.24024,-0.0714565
6151,1.2178,1.21301,-0.107987
6152,1.22888,1.22285,-0.121564
6153,1.23162,1.22968,-0.0692422
6154,1.23162,1.22968,-0.0692422
6155,1.23162,1.22968,-0.0692422
6156,1.23162,1.22968,-0.0692422
6157,1.23162,1.22968,-0.0692422
6158,1.25882,1.25812,-0.042019
6159,1.24462,1.24424,-0.0308553
6160,1.21944,1.21748,-0.0690285
6161,1.23092,1.22316,-0.137937
6162,1.23584,1.22724,-0.145566
6163,1.24912,1.23858,-0.161932
6164,1.24912,1.23858,-0.161932
6165,1.31928,1.30786,-0.173214
6166,1.31629,1.3018,-0.194766
6167,1.24737,1.24541,-0.069936
6168,1.2125,1.20858,-0.0974469
6169,1.2125,1.20858,-0.0974469
6170,1.2125,1.20858,-0.0974469
6171,1.21982,1.20292,-0.202386
6172,1.24291,1.23124,-0.169934
6173,1.29007,1.28227,-0.141609
6174,1.30312,1.29782,-0.117375
6175,1.26106,1.25714,-0.0993951
6176,1.29642,1.2915,-0.112729
6177,1.29913,1.29246,-0.131459
6178,1.29669,1.29531,-0.0597969
6179,1.237,1.23672,-0.0265239
6180,1.27331,1.27304,0.0263946
6181,1.31997,1.319,0.0504518
6182,1.36271,1.35758,0.118127
6183,1.36271,1.35758,0.118127
6184,1.36259,1.36041,0.07716
6185,1.37774,1.3768,0.050968
6186,1.41095,1.41087,0.0146647
6187,1.43812,1.43632,-0.0719406
6188,1.4037,1.4037,0.00254568
6189,1.42177,1.42117,0.0415839
6190,1.35174,1.34902,0.0857837
6191,1.2983,1.29534,0.0876911
6192,1.26784,1.26629,0.0624808
6193,1.33766,1.33764,0.00776799
6194,1.33766,1.33764,0.00776799
6195,1.22453,1.21944,0.111598
6196,1.27639,1.26733,0.151831
6197,1.2475,1.23546,0.172875
6198,1.2475,1.23546,0.172875
6199,1.2475,1.23546,0.172875
6200,1.2475,1.23546,0.172875
6201,1.2475,1.23546,0.172875
6202,1.2475,1.23546,0.172875
6203,1.2475,1.23546,0.172875
6204,1.2475,1.23546,0.172875
6205,1.23999,1.22661,0.18172
6206,1.24181,1.231,0.163523
6207,1.19545,1.18426,0.163211
6208,1.19545,1.18426,0.163211
6209,1.2991,1.2939,0.116071
6210,1.2991,1.2939,0.116071
6211,1.22028,1.21876,0.0609994
6212,1.24039,1.23777,0.0805708
6213,1.31263,1.31263,-0.00181931
6214,1.24719,1.24674,-0.0334964
6215,1.23512,1.23353,-0.0628214
6216,1.23512,1.23353,-0.0628214
6217,1.25529,1.25236,-0.0857535
6218,1.20343,1.20275,-0.0404618
6219,1.21245,1.21209,0.0296634
6220,1.20477,1.20477,-0.00119443
6221,1.20477,1.20477,-0.00119443
6222,1.2579,1.25728,-0.0396922
6223,1.28614,1.28361,-0.0805834
6224,1.29654,1.28594,-0.165488
6225,1.30129,1.28227,-0.221643
6226,1.33513,1.3142,-0.235494
6227,1.32766,1.32146,-0.128116
6228,1.30624,1.30095,-0.117449
6229,1.27151,1.26479,-0.130496
6230,1.27151,1.26479,-0.130496
6231,1.25593,1.24383,-0.173898
6232,1.20901,1.19786,-0.163848
6233,1.1708,1.16331,-0.132262
6234,1.22383,1.20814,-0.195302
6235,1.23297,1.21651,-0.200812
6236,1.29179,1.25926,-0.28805
6237,1.36326,1.34766,-0.205607
6238,1.3583,1.33926,-0.226656
6239,1.30273,1.28567,-0.210137
6240,1.30178,1.29346,-0.14702
6241,1.26598,1.25498,-0.166489
6242,1.2836,1.26666,-0.207846
6243,1.2836,1.26666,-0.207846
6244,1.27711,1.25188,-0.252606
6245,1.28746,1.26249,-0.252328
6246,1.25444,1.20469,-0.349786
6247,1.3297,1.27634,-0.372886
6248,1.3339,1.2783,-0.381101
6249,1.3339,1.2783,-0.381101
6250,1.3339,1.2783,-0.381101
6251,1.3339,1.2783,-0.381101
6252,1.32794,1.24657,-0.457691
6253,1.32469,1.23317,-0.483819
6254,1.28868,1.20803,-0.448734
6255,1.28868,1.20803,-0.448734
6256,1.20797,1.15871,-0.341441
6257,1.21701,1.16511,-0.351604
6258,1.22502,1.14455,-0.436676
6259,1.22502,1.14455,-0.436676
6260,1.21489,1.1216,-0.466878
6261,1.24783,1.18335,-0.395931
6262,1.25923,1.19724,-0.390224
6263,1.30602,1.24082,-0.407505
6264,1.29737,1.2438,-0.368958
6265,1.26503,1.21681,-0.345956
6266,1.27691,1.24419,-0.287221
6267,1.28052,1.24472,-0.300665
6268,1.28052,1.24472,-0.300665
6269,1.25939,1.22022,-0.311664
6270,1.25939,1.22022,-0.311664
6271,1.25939,1.22022,-0.311664
6272,1.26424,1.22667,-0.305898
6273,1.26424,1.22667,-0.305898
6274,1.328,1.28852,-0.32144
6275,1.328,1.28852,-0.32144
6276,1.3035,1.25424,-0.354947
6277,1.30142,1.24335,-0.384392
6278,1.26489,1.20079,-0.397568
6279,1.26489,1.20079,-0.397568
6280,1.26489,1.20079,-0.397568
6281,1.27305,1.22841,-0.334145
6282,1.28433,1.23323,-0.358687
6283,1.31926,1.25464,-0.407848
6284,1.2744,1.22072,-0.365991
6285,1.3551,1.29719,-0.391907
6286,1.2919,1.23639,-0.374621
6287,1.2689,1.23648,-0.28501
6288,1.23453,1.21685,-0.208192
6289,1.23453,1.21685,-0.208192
6290,1.2469,1.22512,-0.232044
6291,1.26327,1.24348,-0.222735
6292,1.26327,1.24348,-0.222735
6293,1.24662,1.22918,-0.207779
6294,1.30066,1.28659,-0.190814
6295,1.27915,1.26152,-0.211616
6296,1.27915,1.26152,-0.211616
6297,1.34563,1.32362,-0.24234
6298,1.34563,1.32362,-0.24234
6299,1.3609,1.34314,-0.219135
6300,1.27625,1.2667,-0.155835
6301,1.31193,1.2983,-0.188681
6302,1.3303,1.30744,-0.245592
6303,1.24279,1.21057,-0.281133
6304,1.26684,1.21044,-0.373806
6305,1.26085,1.2042,-0.373707
6306,1.26085,1.2042,-0.373707
6307,1.26085,1.2042,-0.373707
6308,1.25229,1.18319,-0.410235
6309,1.27401,1.20853,-0.403176
6310,1.26479,1.19376,-0.41789
6311,1.21434,1.14891,-0.393234
6312,1.21434,1.14891,-0.393234
6313,1.21434,1.14891,-0.393234
6314,1.24122,1.16322,-0.433067
6315,1.20568,1.11998,-0.446438
6316,1.1978,1.1318,-0.392115
6317,1.25586,1.19817,-0.376264
6318,1.25586,1.19817,-0.376264
6319,1.31485,1.23815,-0.442512
6320,1.32347,1.26961,-0.373713
6321,1.32347,1.26961,-0.373713
6322,1.25479,1.20564,-0.347743
6323,1.32199,1.25196,-0.424571
6324,1.35276,1.26274,-0.485214
6325,1.35276,1.26274,-0.485214
6326,1.3894,1.27615,-0.549416
6327,1.42973,1.3115,-0.569292
6328,1.39694,1.25623,-0.611007
6329,1.31722,1.15298,-0.636939
6330,1.26948,1.13872,-0.561142
6331,1.24475,1.13899,-0.502097
6332,1.24446,1.16357,-0.441344
6333,1.22648,1.10663,-0.52879
6334,1.23852,1.10061,-0.567987
6335,1.23881,1.11286,-0.54423
6336,1.23881,1.11286,-0.54423
6337,1.23606,1.13817,-0.482106
6338,1.20062,1.12526,-0.418674
6339,1.24994,1.20178,-0.343595
6340,1.28396,1.23218,-0.360941
6341,1.29176,1.26426,-0.26514
6342,1.25784,1.23512,-0.23803
6343,1.30311,1.27991,-0.24479
6344,1.27408,1.24585,-0.266725
6345,1.27408,1.24585,-0.266725
6346,1.25665,1.23361,-0.23954
6347,1.25665,1.23361,-0.23954
6348,1.26753,1.24894,-0.216281
6349,1.26753,1.24894,-0.216281
6350,1.23492,1.20508,-0.269856
6351,1.23492,1.20508,-0.269856
6352,1.1976,1.1692,-0.259298
6353,1.23297,1.2058,-0.257404
6354,1.21732,1.19323,-0.240963
6355,1.27228,1.23184,-0.31822
6356,1.27228,1.23184,-0.31822
6357,1.2394,1.21066,-0.265348
6358,1.22674,1.19353,-0.283486
6359,1.22674,1.19353,-0.283486
6360,1.23771,1.19741,-0.313271
6361,1.23771,1.19741,-0.313271
6362,1.19517,1.16725,-0.256797
6363,1.20297,1.15638,-0.331567
6364,1.15668,1.11959,-0.290565
6365,1.13551,1.10296,-0.269914
6366,1.14949,1.12005,-0.258469
6367,1.12035,1.08129,-0.293241
6368,1.16558,1.11474,-0.340491
6369,1.16558,1.11474,-0.340491
6370,1.14974,1.09801,-0.340989
6371,1.15504,1.11471,-0.30254
6372,1.15147,1.11102,-0.302524
6373,1.22608,1.19119,-0.290419
6374,1.28253,1.25049,-0.284884
6375,1.30397,1.25176,-0.365254
6376,1.29396,1.23982,-0.370372
6377,1.36956,1.29864,-0.435012
6378,1.32293,1.26107,-0.399807
6379,1.40495,1.36854,-0.317806
6380,1.29232,1.27496,-0.211152
6381,1.31538,1.30642,-0.153274
6382,1.3553,1.34113,-0.195489
6383,1.32478,1.31943,-0.118946
6384,1.33384,1.32987,-0.102816
6385,1.33384,1.32987,-0.102816
6386,1.38962,1.38275,-0.138002
6387,1.38962,1.38275,-0.138002
6388,1.36574,1.36195,-0.101793
6389,1.35015,1.34912,-0.0528756
6390,1.39241,1.38102,-0.177757
6391,1.39241,1.38102,-0.177757
6392,1.39335,1.38172,-0.179659
6393,1.39335,1.38172,-0.179659
6394,1.40719,1.3995,-0.146911
6395,1.40684,1.40018,-0.136768
6396,1.4163,1.40163,-0.203352
6397,1.42623,1.41368,-0.188833
6398,1.34372,1.3178,-0.262656
6399,1.36237,1.33894,-0.251575
6400,1.32096,1.3155,-0.120006
6401,1.32096,1.3155,-0.120006
6402,1.31022,1.29149,-0.22076
6403,1.2713,1.25144,-0.223837
6404,1.2713,1.25144,-0.223837
6405,1.26078,1.24442,-0.202448
6406,1.28548,1.2691,-0.204532
6407,1.28548,1.2691,-0.204532
6408,1.30487,1.29844,-0.129401
6409,1.34513,1.34307,-0.0744999
6410,1.37818,1.37426,-0.103884
6411,1.29552,1.29552,0.000439578
6412,1.29552,1.29552,0.000439578
6413,1.34235,1.34149,-0.0481914
6414,1.41576,1.41258,-0.094829
6415,1.41576,1.41258,-0.094829
6416,1.35322,1.353,-0.0244894
6417,1.28676,1.28665,0.0171462
6418,1.29859,1.29849,0.0159945
6419,1.35251,1.35238,0.0185132
6420,1.35251,1.35238,0.0185132
6421,1.34175,1.34118,-0.0391893
6422,1.34175,1.34118,-0.0391893
6423,1.41451,1.40976,-0.115802
6424,1.34957,1.33985,-0.161678
6425,1.34957,1.33985,-0.161678
6426,1.36218,1.34929,-0.186977
6427,1.34481,1.33746,-0.14034
6428,1.34481,1.33746,-0.14034
6429,1.30379,1.29256,-0.170727
6430,1.30379,1.29256,-0.170727
6431,1.29478,1.28445,-0.163255
6432,1.30491,1.29856,-0.128501
6433,1.32206,1.31567,-0.129837
6434,1.23972,1.22724,-0.175519
6435,1.29556,1.28944,-0.125776
6436,1.33376,1.33151,-0.0774581
6437,1.25092,1.24874,-0.0737862
6438,1.33591,1.33344,-0.0812623
6439,1.33258,1.33253,-0.0113667
6440,1.39073,1.39068,0.0113925
6441,1.38219,1.38216,0.0092821
6442,1.38331,1.38326,-0.0114074
6443,1.38331,1.38326,-0.0114074
6444,1.38331,1.38326,-0.0114074
6445,1.38331,1.38326,-0.0114074
6446,1.41274,1.4121,0.0422348
6447,1.41274,1.4121,0.0422348
6448,1.29938,1.29758,0.0683408
6449,1.29938,1.29758,0.0683408
6450,1.30186,1.29856,0.0926012
6451,1.30964,1.2981,0.173469
6452,1.30757,1.29959,0.144304
6453,1.21786,1.21164,0.123011
6454,1.29027,1.28602,0.104648
6455,1.30269,1.29418,0.148693
6456,1.30269,1.29418,0.148693
6457,1.30269,1.29418,0.148693
6458,1.24104,1.23752,0.0933796
6459,1.30352,1.29711,0.129107
6460,1.26395,1.26221,0.066247
6461,1.26395,1.26221,0.066247
6462,1.26514,1.26148,0.0961407
6463,1.26456,1.25544,0.151582
6464,1.26456,1.25544,0.151582
6465,1.26456,1.25544,0.151582
6466,1.24665,1.24307,0.0944623
6467,1.24665,1.24307,0.0944623
6468,1.24665,1.24307,0.0944623
6469,1.33612,1.33157,0.110093
6470,1.36503,1.3611,0.103451
6471,1.39835,1.38595,0.185804
6472,1.43668,1.42797,0.157952
6473,1.41042,1.4074,0.0921715
6474,1.3935,1.39323,0.0273405
6475,1.31946,1.31791,0.0640651
6476,1.3777,1.3731,0.112453
6477,1.35119,1.35044,0.045203
6478,1.37525,1.37524,0.00467024
6479,1.33995,1.33989,-0.0123419
6480,1.35362,1.35321,-0.0336012
6481,1.38779,1.38757,-0.0245394
6482,1.31803,1.31209,-0.124973
6483,1.28212,1.26619,-0.201476
6484,1.30995,1.29528,-0.195479
6485,1.29249,1.28586,-0.130811
6486,1.26063,1.24423,-0.202682
6487,1.26063,1.24423,-0.202682
6488,1.29382,1.27651,-0.210951
6489,1.26996,1.26489,-0.113354
6490,1.26996,1.26489,-0.113354
6491,1.30924,1.30471,-0.108834
6492,1.30924,1.30471,-0.108834
6493,1.31556,1.31507,-0.0359071
6494,1.27943,1.27933,-0.0160282
6495,1.28978,1.28323,-0.129837
6496,1.29727,1.28639,-0.167612
6497,1.29727,1.28639,-0.167612
6498,1.24536,1.23174,-0.183665
6499,1.27478,1.25621,-0.216798
6500,1.2032,1.18464,-0.210538
6501,1.2032,1.18464,-0.210538
6502,1.25077,1.22237,-0.264994
6503,1.25077,1.22237,-0.264994
6504,1.28382,1.2411,-0.328438
6505,1.27831,1.24669,-0.28254
6506,1.27831,1.24669,-0.28254
6507,1.27831,1.24669,-0.28254
6508,1.22707,1.18561,-0.316266
6509,1.22707,1.18561,-0.316266
6510,1.20761,1.16218,-0.328095
6511,1.15049,1.11966,-0.264573
6512,1.13875,1.10005,-0.294343
6513,1.15392,1.10985,-0.315874
6514,1.11352,1.07133,-0.303626
6515,1.11352,1.07133,-0.303626
6516,1.03107,0.982708,-0.312059
6517,1.03338,0.994516,-0.280743
6518,1.09983,1.0692,-0.257763
6519,1.09983,1.0692,-0.257763
6520,1.14011,1.10532,-0.279521
6521,1.1408,1.12318,-0.199702
6522,1.1408,1.12318,-0.199702
6523,1.14298,1.1245,-0.204723
6524,1.15076,1.13822,-0.16938
6525,1.11882,1.10901,-0.147805
6526,1.15795,1.14195,-0.19185
6527,1.14497,1.12202,-0.228096
6528,1.14497,1.12202,-0.228096
6529,1.11536,1.10076,-0.179897
6530,1.11247,1.10138,-0.156729
6531,1.15356,1.13831,-0.186931
6532,1.14598,1.14144,-0.101979
6533,1.14598,1.14144,-0.101979
6534,1.14598,1.14144,-0.101979
6535,1.13937,1.13885,-0.0343025
6536,1.14632,1.14366,-0.0780309
6537,1.15247,1.1487,-0.0931807
6538,1.15247,1.1487,-0.0931807
6539,1.16722,1.16106,-0.119735
6540,1.16722,1.16106,-0.119735
6541,1.14594,1.13192,-0.178676
6542,1.16735,1.15686,-0.156193
6543,1.23965,1.2341,-0.117177
6544,1.25101,1.24929,-0.0656574
6545,1.24522,1.24416,-0.0512605
6546,1.20458,1.20309,-0.0598681
6547,1.22675,1.22599,-0.0432171
6548,1.22675,1.22599,-0.0432171
6549,1.22675,1.22599,-0.0432171
6550,1.29976,1.29846,-0.0580702
6551,1.29285,1.29229,-0.0380021
6552,1.29285,1.29229,-0.0380021
6553,1.2469,1.24544,-0.0602409
6554,1.2469,1.24544,-0.0602409
6555,1.2469,1.24544,-0.0602409
6556,1.28553,1.28402,0.0623381
6557,1.2889,1.28717,0.0666804
6558,1.2889,1.28717,0.0666804
6559,1.26445,1.26411,0.0292458
6560,1.24421,1.2441,0.0166634
6561,1.213,1.20735,0.116858
6562,1.17842,1.16768,0.158731
6563,1.17568,1.16377,0.166895
6564,1.14439,1.14081,0.0905112
6565,1.12774,1.12657,0.051382
6566,1.12774,1.12657,0.051382
6567,1.18009,1.17577,0.100874
6568,1.18009,1.17577,0.100874
6569,1.19849,1.19808,0.0314406
6570,1.20194,1.20191,-0.00886098
6571,1.2616,1.2616,-0.00295753
6572,1.23913,1.23912,-0.00541587
6573,1.23464,1.23332,-0.0570993
6574,1.23464,1.23332,-0.0570993
6575,1.26755,1.26323,-0.104573
6576,1.26755,1.26323,-0.104573
6577,1.26755,1.26323,-0.104573
6578,1.24634,1.24394,-0.0773073
6579,1.30084,1.29629,-0.108792
6580,1.29808,1.29628,-0.0684722
6581,1.29192,1.28242,-0.156365
6582,1.33974,1.33411,-0.12273
6583,1.33974,1.33411,-0.12273
6584,1.33974,1.33411,-0.12273
6585,1.28211,1.26943,-0.179862
6586,1.28211,1.26943,-0.179862
6587,1.28211,1.26943,-0.179862
6588,1.30639,1.28941,-0.209934
6589,1.28851,1.27271,-0.201185
6590,1.25958,1.24786,-0.171444
6591,1.19904,1.1946,-0.103124
6592,1.22678,1.2204,-0.124918
6593,1.24767,1.22932,-0.213168
6594,1.25069,1.22918,-0.230948
6595,1.25069,1.22918,-0.230948
6596,1.23908,1.23353,-0.11717
6597,1.20869,1.20838,-0.0275244
6598,1.21104,1.2084,-0.0798392
6599,1.13199,1.13196,0.00752476
6600,1.13199,1.13196,0.00752476
6601,1.13199,1.13196,0.00752476
6602,1.21287,1.21141,-0.0595677
6603,1.14823,1.14816,-0.0123391
6604,1.14044,1.14044,-0.00135543
6605,1.14044,1.14044,-0.00135543
6606,1.15415,1.15392,-0.0229613
6607,1.15415,1.15392,-0.0229613
6608,1.17959,1.17934,-0.0243243
6609,1.17959,1.17934,-0.0243243
6610,1.1605,1.16032,0.0203819
6611,1.1605,1.16032,0.0203819
6612,1.20101,1.19806,0.0841239
6613,1.18594,1.18507,0.0452797
6614,1.18594,1.18507,0.0452797
6615,1.2188,1.21517,0.0939527
6616,1.23893,1.23199,0.130947
6617,1.26965,1.2662,0.0935579
6618,1.19084,1.18529,0.11485
6619,1.23536,1.22452,0.163287
6620,1.20948,1.19021,0.21503
6621,1.19766,1.18653,0.162879
6622,1.20388,1.19089,0.176373
6623,1.20305,1.19425,0.145265
6624,1.20142,1.19685,0.104604
6625,1.17059,1.16414,0.122698
6626,1.15327,1.15144,0.064884
6627,1.20076,1.19362,0.130782
6628,1.20076,1.19362,0.130782
6629,1.20076,1.19362,0.130782
6630,1.20076,1.19362,0.130782
6631,1.16704,1.15996,0.128364
6632,1.14291,1.12806,0.183635
6633,1.14291,1.12806,0.183635
6634,1.14291,1.12806,0.183635
6635,1.19672,1.17998,0.199486
6636,1.15109,1.14567,0.111543
6637,1.12139,1.11107,0.151799
6638,1.14659,1.13722,0.146274
6639,1.14659,1.13722,0.146274
6640,1.14659,1.13722,0.146274
6641,1.14659,1.13722,0.146274
6642,1.10719,1.10153,0.111795
6643,1.10719,1.10153,0.111795
6644,1.09639,1.09055,0.113022
6645,1.09639,1.09055,0.113022
6646,1.06932,1.06296,0.116471
6647,1.08803,1.08419,0.0913158
6648,1.08714,1.08166,0.10902
6649,1.08714,1.08166,0.10902
6650,1.08714,1.08166,0.10902
6651,1.08714,1.08166,0.10902
6652,1.08714,1.08166,0.10902
6653,1.08714,1.08166,0.10902
6654,1.09095,1.08785,0.0822065
6655,1.11926,1.1191,0.018938
6656,1.13684,1.13533,0.0583867
6657,1.13684,1.13533,0.0583867
6658,1.12961,1.12687,-0.0786101
6659,1.15877,1.15595,-0.0806761
6660,1.15877,1.15595,-0.0806761
6661,1.15877,1.15595,-0.0806761
6662,1.17277,1.17205,-0.0409005
6663,1.13612,1.13576,-0.0283316
6664,1.13612,1.13576,-0.0283316
6665,1.13612,1.13576,-0.0283316
6666,1.13612,1.13576,-0.0283316
6667,1.13612,1.13576,-0.0283316
6668,1.12454,1.12451,0.00671837
6669,1.16884,1.16796,-0.0452904
6670,1.18248,1.18245,0.00744448
6671,1.17078,1.17049,0.0260214
6672,1.11597,1.11596,0.00484457
6673,1.08372,1.08359,-0.0163525
6674,1.1727,1.17025,-0.0757696
6675,1.1706,1.16347,-0.129027
6676,1.20939,1.20297,-0.124498
6677,1.23519,1.23475,-0.0327158
6678,1.25786,1.25786,0.00152777
6679,1.29041,1.2904,-0.00415888
6680,1.31915,1.31905,-0.0160501
6681,1.2655,1.26291,0.0808806
6682,1.31429,1.3131,0.0558356
6683,1.28873,1.28483,0.100258
6684,1.2827,1.27037,0.177442
6685,1.34443,1.33554,0.15434
6686,1.30016,1.28547,0.194921
6687,1.26956,1.25539,0.189115
6688,1.26956,1.25539,0.189115
6689,1.24035,1.22626,0.186411
6690,1.3167,1.28886,0.269357
6691,1.32692,1.27703,0.360455
6692,1.28306,1.21909,0.400076
6693,1.3163,1.24803,0.418394
6694,1.3163,1.24803,0.418394
6695,1.247,1.19316,0.362461
6696,1.247,1.19316,0.362461
6697,1.28213,1.21062,0.422193
6698,1.27679,1.23129,0.337815
6699,1.21882,1.16927,0.343978
6700,1.21882,1.16927,0.343978
6701,1.21882,1.16927,0.343978
6702,1.21882,1.16927,0.343978
6703,1.2265,1.17304,0.35816
6704,1.25069,1.21024,0.315476
6705,1.25069,1.21024,0.315476
6706,1.2103,1.1583,0.350947
6707,1.19856,1.14626,0.350192
6708,1.20336,1.13234,0.407294
6709,1.20336,1.13234,0.407294
6710,1.20336,1.13234,0.407294
6711,1.20336,1.13234,0.407294
6712,1.20988,1.14245,0.398278
6713,1.20988,1.14245,0.398278
6714,1.18801,1.11547,0.408764
6715,1.18585,1.10558,0.428875
6716,1.14495,1.0521,0.451667
6717,1.14495,1.0521,0.451667
6718,1.19506,1.09239,0.484621
6719,1.19506,1.09239,0.484621
6720,1.19506,1.09239,0.484621
6721,1.23421,1.12647,0.504314
6722,1.23421,1.12647,0.504314
6723,1.23421,1.12647,0.504314
6724,1.17148,1.04465,0.530167
6725,1.17148,1.04465,0.530167
6726,1.17148,1.04465,0.530167
6727,1.12055,1.02866,0.444397
6728,1.03968,0.941538,0.440948
6729,1.12529,1.01213,0.491812
6730,1.13377,1.03119,0.471252
6731,1.23834,1.1233,0.521229
6732,1.18391,1.092,0.457365
6733,1.23451,1.11141,0.537381
6734,1.25254,1.1079,0.584308
6735,1.26582,1.11844,0.592793
6736,1.26582,1.11844,0.592793
6737,1.26607,1.13502,0.560945
6738,1.27724,1.16391,0.525984
6739,1.27724,1.16391,0.525984
6740,1.27724,1.16391,0.525984
6741,1.35074,1.24001,0.535601
6742,1.39904,1.28685,0.54894
6743,1.35066,1.22164,0.576073
6744,1.35066,1.22164,0.576073
6745,1.37209,1.2868,0.476194
6746,1.40257,1.33601,0.426931
6747,1.38146,1.32639,0.386163
6748,1.31699,1.25016,0.414176
6749,1.28496,1.19033,0.483995
6750,1.29596,1.19526,0.500865
6751,1.29417,1.19627,0.493772
6752,1.29417,1.19627,0.493772
6753,1.28639,1.22168,0.402871
6754,1.28639,1.22168,0.402871
6755,1.23593,1.17884,0.371296
6756,1.23593,1.17884,0.371296
6757,1.23593,1.17884,0.371296
6758,1.23628,1.18938,0.337291
6759,1.29376,1.24206,0.3621
6760,1.25353,1.19698,0.372265
6761,1.25089,1.196,0.366474
6762,1.25089,1.196,0.366474
6763,1.25089,1.196,0.366474
6764,1.3128,1.24559,0.414669
6765,1.3128,1.24559,0.414669
6766,1.3128,1.24559,0.414669
6767,1.3128,1.24559,0.414669
6768,1.33316,1.25654,0.445453
6769,1.33316,1.25654,0.445453
6770,1.2846,1.21901,0.405235
6771,1.29367,1.25892,0.297799
6772,1.29367,1.25892,0.297799
6773,1.31249,1.28225,0.280122
6774,1.34216,1.28984,0.371091
6775,1.3313,1.29702,0.300186
6776,1.35231,1.32205,0.284454
6777,1.34098,1.29964,0.3304
6778,1.39503,1.31646,0.461563
6779,1.34238,1.27634,0.415846
6780,1.37124,1.28632,0.475077
6781,1.33867,1.24658,0.48792
6782,1.33867,1.24658,0.48792
6783,1.33498,1.24254,0.488121
6784,1.3052,1.20743,0.495634
6785,1.27332,1.2123,0.389446
6786,1.26967,1.21957,0.353157
6787,1.27075,1.24682,0.245411
6788,1.25454,1.22347,0.277478
6789,1.32831,1.29114,0.311999
6790,1.27269,1.2159,0.375929
6791,1.20833,1.13925,0.402688
6792,1.20833,1.13925,0.402688
6793,1.17984,1.11212,0.393973
6794,1.16427,1.12744,0.290536
6795,1.16427,1.12744,0.290536
6796,1.15824,1.13459,0.232829
6797,1.18479,1.15693,0.255428
6798,1.18479,1.15693,0.255428
6799,1.15511,1.13522,0.213473
6800,1.16842,1.1486,0.214325
6801,1.15806,1.13802,0.214511
6802,1.11097,1.09721,0.174305
6803,1.11097,1.09721,0.174305
6804,1.132,1.1202,0.163036
6805,1.13829,1.1188,0.209743
6806,1.15875,1.12775,0.266226
6807,1.18128,1.16552,0.192323
6808,1.18128,1.16552,0.192323
6809,1.21328,1.20417,0.148392
6810,1.16952,1.15466,0.185805
6811,1.19475,1.18232,0.171897
6812,1.16748,1.14571,0.224402
6813,1.16748,1.14571,0.224402
6814,1.1601,1.13722,0.229299
6815,1.21982,1.20354,0.198615
6816,1.15696,1.15217,0.105157
6817,1.19614,1.19226,0.0962975
6818,1.18375,1.17968,0.0980635
6819,1.18375,1.17968,0.0980635
6820,1.19914,1.18917,0.15436
6821,1.13808,1.13668,0.0564994
6822,1.13357,1.12785,0.113653
6823,1.14837,1.14416,0.0982504
6824,1.10117,1.09341,0.130458
6825,1.10117,1.09341,0.130458
6826,1.10117,1.09341,0.130458
6827,1.11977,1.11062,0.14282
6828,1.11888,1.11132,0.129896
6829,1.11888,1.11132,0.129896
6830,1.11247,1.09794,0.179213
6831,1.11247,1.09794,0.179213
6832,1.07072,1.05547,0.180056
6833,1.0834,1.07039,0.167451
6834,1.0834,1.07039,0.167451
6835,1.0834,1.07039,0.167451
6836,1.07551,1.06945,0.114077
6837,1.07551,1.06945,0.114077
6838,1.10192,1.09758,0.0976486
6839,1.10192,1.09758,0.0976486
6840,1.14738,1.14039,0.126516
6841,1.12807,1.12651,0.059228
6842,1.09372,1.09054,0.0833802
6843,1.12582,1.12292,0.0807228
6844,1.11912,1.11498,0.0961696
6845,1.11864,1.11504,0.0897056
6846,1.16825,1.16341,0.106208
6847,1.16807,1.16525,0.0811965
6848,1.16906,1.1675,0.0604595
6849,1.13621,1.13585,0.0284944
6850,1.13621,1.13585,0.0284944
6851,1.13621,1.13585,0.0284944
6852,1.26033,1.25455,0.120571
6853,1.26147,1.25746,0.100532
6854,1.26147,1.25746,0.100532
6855,1.26147,1.25746,0.100532
6856,1.22789,1.22427,0.0941848
6857,1.22789,1.22427,0.0941848
6858,1.22789,1.22427,0.0941848
6859,1.19411,1.19234,0.0651137
6860,1.19411,1.19234,0.0651137
6861,1.1704,1.1669,0.0904275
6862,1.17709,1.16881,0.139347
6863,1.20151,1.19339,0.139452
6864,1.17846,1.16009,0.207275
6865,1.11863,1.10206,0.191819
6866,1.07155,1.04518,0.236245
6867,1.07366,1.047,0.23781
6868,1.07366,1.047,0.23781
6869,1.07753,1.05658,0.211468
6870,1.07457,1.04991,0.228898
6871,1.12927,1.1079,0.218661
6872,1.15529,1.11612,0.298264
6873,1.15688,1.10618,0.338744
6874,1.15016,1.0909,0.364436
6875,1.15484,1.12017,0.280833
6876,1.18638,1.14253,0.31956
6877,1.18638,1.14253,0.31956
6878,1.15933,1.11598,0.314043
6879,1.21189,1.15696,0.360742
6880,1.21187,1.16722,0.32591
6881,1.21187,1.16722,0.32591
6882,1.21187,1.16722,0.32591
6883,1.14786,1.11071,0.289644
6884,1.14786,1.11071,0.289644
6885,1.19988,1.1524,0.334171
6886,1.2119,1.14894,0.385514
6887,1.32087,1.2206,0.504793
6888,1.34218,1.23653,0.521964
6889,1.27292,1.16372,0.515836
6890,1.25623,1.12489,0.55924
6891,1.22314,1.06556,0.600543
6892,1.28363,1.0999,0.661749
6893,1.32367,1.11451,0.714124
6894,1.27817,1.0756,0.690516
6895,1.25926,1.05318,0.690328
6896,1.31073,1.0781,0.745476
6897,1.31708,1.09498,0.731924
6898,1.31708,1.09498,0.731924
6899,1.33113,1.07483,0.785267
6900,1.28415,1.05871,0.72675
6901,1.17578,0.973604,0.659204
6902,1.15623,0.967339,0.633343
6903,1.16194,0.979344,0.625296
6904,1.21522,1.03981,0.628944
6905,1.21184,1.03498,0.630377
6906,1.21184,1.03498,0.630377
6907,1.21185,1.03944,0.623021
6908,1.21185,1.03944,0.623021
6909,1.20295,1.04156,0.60187
6910,1.2173,1.0877,0.54657
6911,1.18221,1.06329,0.516742
6912,1.14633,1.02346,0.516321
6913,1.14633,1.02346,0.516321
6914,1.12866,0.981279,0.55765
6915,1.12866,0.981279,0.55765
6916,1.08566,0.954815,0.516704
6917,1.07958,0.977836,0.457535
6918,1.09616,0.994163,0.461748
6919,1.08007,0.998182,0.412538
6920,1.09592,0.987798,0.474656
6921,1.09697,0.997178,0.457151
6922,1.10354,0.983202,0.501103
6923,1.14196,0.98709,0.574223
6924,1.20619,1.03473,0.619857
6925,1.19789,1.01687,0.633183
6926,1.1641,0.940999,0.685301
6927,1.16508,0.95533,0.666898
6928,1.16508,0.95533,0.666898
6929,1.16508,0.95533,0.666898
6930,1.17113,0.96552,0.662817
6931,1.17113,0.96552,0.662817
6932,1.17113,0.96552,0.662817
6933,1.17113,0.96552,0.662817
6934,1.22924,1.02511,0.678366
6935,1.17402,0.982689,0.642369
6936,1.17402,0.982689,0.642369
6937,1.1702,0.96752,0.658233
6938,1.1702,0.96752,0.658233
6939,1.16438,1.00025,0.596063
6940,1.18773,1.03569,0.581418
6941,1.22395,1.08169,0.572703
6942,1.23467,1.11073,0.539172
6943,1.23467,1.11073,0.539172
6944,1.23467,1.11073,0.539172
6945,1.24669,1.09393,0.597962
6946,1.28562,1.14534,0.583962
6947,1.28562,1.14534,0.583962
6948,1.23314,1.06856,0.615477
6949,1.21508,1.05722,0.598909
6950,1.24616,1.06851,0.641253
6951,1.28327,1.06869,0.710411
6952,1.27235,1.09839,0.642202
6953,1.27235,1.09839,0.642202
6954,1.33935,1.16259,0.665015
6955,1.3824,1.20085,0.684834
6956,1.3824,1.20085,0.684834
6957,1.38785,1.15856,0.764111
6958,1.37947,1.18654,0.703617
6959,1.40182,1.21432,0.700369
6960,1.37572,1.17835,0.710001
6961,1.40669,1.20808,0.720632
6962,1.40669,1.20808,0.720632
6963,1.40669,1.20808,0.720632
6964,1.40444,1.20305,0.724639
6965,1.40444,1.20305,0.724639
6966,1.40444,1.20305,0.724639
6967,1.33255,1.11157,0.734918
6968,1.38664,1.18335,0.722809
6969,1.38664,1.18335,0.722809
6970,1.34703,1.20651,0.599021
6971,1.36286,1.21627,0.614877
6972,1.35334,1.20903,0.608098
6973,1.37842,1.21398,0.652929
6974,1.37842,1.21398,0.652929
6975,1.38943,1.22922,0.647715
6976,1.44291,1.29249,0.641451
6977,1.37772,1.23227,0.616155
6978,1.36654,1.2079,0.639053
6979,1.47723,1.3077,0.687117
6980,1.50537,1.33931,0.687307
6981,1.45499,1.27475,0.701423
6982,1.45499,1.27475,0.701423
6983,1.44291,1.25844,0.705914
6984,1.42304,1.2904,0.599932
6985,1.39195,1.26464,0.581569
6986,1.3479,1.24805,0.509112
6987,1.3479,1.24805,0.509112
6988,1.3479,1.24805,0.509112
6989,1.34361,1.24774,0.498442
6990,1.28255,1.18512,0.490311
6991,1.28255,1.18512,0.490311
6992,1.28255,1.18512,0.490311
6993,1.31523,1.20962,0.516382
6994,1.30934,1.19354,0.538362
6995,1.30934,1.19354,0.538362
6996,1.31,1.16625,0.59662
6997,1.30134,1.19348,0.518737
6998,1.30134,1.19348,0.518737
6999,1.22717,1.09293,0.558066
7000,1.22717,1.09293,0.558066
7001,1.24248,1.10775,0.562704
7002,1.19035,1.09316,0.471111
7003,1.2169,1.1001,0.520216
7004,1.1852,1.0883,0.469358
7005,1.17367,1.08773,0.440842
7006,1.15093,1.06419,0.438335
7007,1.14332,1.07277,0.39542
7008,1.14332,1.07277,0.39542
7009,1.21442,1.12106,0.466934
7010,1.13179,1.05926,0.39862
7011,1.0683,0.979983,0.425332
7012,1.14356,1.05201,0.448322
7013,1.15436,1.06999,0.43321
7014,1.19975,1.1294,0.404803
7015,1.19975,1.1294,0.404803
7016,1.20503,1.13109,0.41562
7017,1.21353,1.13441,0.431019
7018,1.25744,1.16591,0.470979
7019,1.25129,1.14504,0.50459
7020,1.19849,1.08641,0.506055
7021,1.19849,1.08641,0.506055
7022,1.22437,1.12033,0.493905
7023,1.22437,1.12033,0.493905
7024,1.22437,1.12033,0.493905
7025,1.22437,1.12033,0.493905
7026,1.22437,1.12033,0.493905
7027,1.31493,1.22708,0.472578
7028,1.32674,1.25985,0.41596
7029,1.28391,1.20986,0.429741
7030,1.23984,1.18603,0.361271
7031,1.33798,1.27304,0.411779
7032,1.32794,1.27108,0.384424
7033,1.26346,1.23559,0.2639
7034,1.26346,1.23559,0.2639
7035,1.23188,1.17941,0.355694
7036,1.23188,1.17941,0.355694
7037,1.2547,1.19647,0.377782
7038,1.2547,1.19647,0.377782
7039,1.198,1.13707,0.377174
7040,1.22485,1.17806,0.335298
7041,1.19812,1.1549,0.31888
7042,1.19812,1.1549,0.31888
7043,1.23416,1.16432,0.409271
7044,1.22923,1.1752,0.360425
7045,1.22923,1.1752,0.360425
7046,1.26849,1.20347,0.400888
7047,1.28792,1.24318,0.336499
7048,1.24844,1.20162,0.33869
7049,1.22282,1.19227,0.271643
7050,1.17737,1.12436,0.349336
7051,1.20067,1.14652,0.356519
7052,1.19777,1.14889,0.338666
7053,1.19777,1.14889,0.338666
7054,1.18696,1.14969,0.295099
7055,1.20458,1.16543,0.30462
7056,1.19695,1.14943,0.333919
7057,1.13872,1.09291,0.319739
7058,1.16965,1.10658,0.378884
7059,1.17545,1.11676,0.366776
7060,1.17482,1.12331,0.344039
7061,1.19087,1.12251,0.397673
7062,1.24117,1.18726,0.36182
7063,1.27407,1.19025,0.454499
7064,1.24913,1.18665,0.390118
7065,1.24913,1.18665,0.390118
7066,1.25841,1.19372,0.398281
7067,1.28306,1.20645,0.436719
7068,1.28306,1.20645,0.436719
7069,1.24367,1.20328,0.314361
7070,1.26325,1.2284,0.294678
7071,1.23084,1.20049,0.271646
7072,1.23203,1.19482,0.300506
7073,1.23203,1.19482,0.300506
7074,1.22561,1.20328,0.232902
7075,1.26144,1.24183,0.221582
7076,1.3055,1.28161,0.248591
7077,1.33065,1.29117,0.321741
7078,1.29974,1.24317,0.37928
7079,1.29974,1.24317,0.37928
7080,1.31633,1.2474,0.420391
7081,1.31633,1.2474,0.420391
7082,1.30402,1.2191,0.462882
7083,1.30402,1.2191,0.462882
7084,1.24072,1.19654,0.328155
7085,1.24072,1.19654,0.328155
7086,1.24072,1.19654,0.328155
7087,1.24072,1.19654,0.328155
7088,1.25457,1.22308,0.279323
7089,1.22738,1.20798,0.217323
7090,1.19671,1.17879,0.206285
7091,1.29114,1.27327,0.214103
7092,1.28812,1.2597,0.269109
7093,1.3275,1.29299,0.300707
7094,1.34578,1.31777,0.273163
7095,1.34578,1.31777,0.273163
7096,1.32603,1.29599,0.280648
7097,1.29924,1.26099,0.312941
7098,1.27065,1.22938,0.321186
7099,1.23189,1.18614,0.332625
7100,1.27828,1.228,0.354981
7101,1.31213,1.24365,0.418343
7102,1.40001,1.33476,0.42242
7103,1.34016,1.27085,0.425414
7104,1.34442,1.27336,0.431304
7105,1.33078,1.28335,0.352116
7106,1.33078,1.28335,0.352116
7107,1.33078,1.28335,0.352116
7108,1.32193,1.25792,0.406364
7109,1.35694,1.26879,0.481085
7110,1.31225,1.19491,0.542402
7111,1.34528,1.25333,0.48884
7112,1.34528,1.25333,0.48884
7113,1.37812,1.27681,0.518638
7114,1.37062,1.26239,0.533829
7115,1.34989,1.23116,0.553578
7116,1.34989,1.23116,0.553578
7117,1.372,1.2537,0.557325
7118,1.39462,1.25751,0.603006
7119,1.40387,1.29585,0.540016
7120,1.38074,1.2763,0.526787
7121,1.37911,1.23174,0.620295
7122,1.39673,1.27071,0.579795
7123,1.38406,1.24957,0.595162
7124,1.32503,1.21507,0.528505
7125,1.32503,1.21507,0.528505
7126,1.24957,1.1319,0.529373
7127,1.28938,1.17179,0.537965
7128,1.27877,1.18224,0.487379
7129,1.25585,1.16882,0.459365
7130,1.22581,1.16615,0.377738
7131,1.22581,1.16615,0.377738
7132,1.20295,1.14603,0.365648
7133,1.24219,1.17915,0.390714
7134,1.2088,1.13946,0.403506
7135,1.21258,1.14849,0.388991
7136,1.2642,1.19649,0.408192
7137,1.25627,1.20433,0.357485
7138,1.2612,1.18614,0.428581
7139,1.2612,1.18614,0.428581
7140,1.2612,1.18614,0.428581
7141,1.2612,1.18614,0.428581
7142,1.2612,1.18614,0.428581
7143,1.2612,1.18614,0.428581
7144,1.28633,1.2164,0.418346
7145,1.30352,1.25008,0.369412
7146,1.30509,1.26964,0.302095
7147,1.2874,1.25767,0.275066
7148,1.28839,1.24689,0.324363
7149,1.28839,1.24689,0.324363
7150,1.28839,1.24689,0.324363
7151,1.28839,1.24689,0.324363
7152,1.28265,1.23747,0.337426
7153,1.29944,1.25989,0.318157
7154,1.29944,1.25989,0.318157
7155,1.32265,1.28972,0.293278
7156,1.32265,1.28972,0.293278
7157,1.33961,1.30531,0.301209
7158,1.36003,1.31946,0.329703
7159,1.36003,1.31946,0.329703
7160,1.28979,1.24671,0.330554
7161,1.25638,1.23846,0.211445
7162,1.29763,1.28459,0.183545
7163,1.28252,1.27373,0.149922
7164,1.22829,1.22177,0.126399
7165,1.2087,1.20233,0.12395
7166,1.27131,1.26796,0.09233
7167,1.27131,1.26796,0.09233
7168,1.27887,1.27239,0.128588
7169,1.20774,1.20531,0.0767215
7170,1.23257,1.22759,0.110741
7171,1.27306,1.27085,0.0748941
7172,1.26769,1.26432,0.0923625
7173,1.26769,1.26432,0.0923625
7174,1.26623,1.25671,0.154942
7175,1.23461,1.22121,0.181429
7176,1.23018,1.22262,0.136177
7177,1.23018,1.22262,0.136177
7178,1.24251,1.23311,0.152591
7179,1.24251,1.23311,0.152591
7180,1.24316,1.22694,0.200114
7181,1.22599,1.21499,0.1638
7182,1.21494,1.19838,0.199914
7183,1.21494,1.19838,0.199914
7184,1.21494,1.19838,0.199914
7185,1.21253,1.19339,0.214601
7186,1.21253,1.19339,0.214601
7187,1.21099,1.18617,0.243923
7188,1.24124,1.22374,0.207661
7189,1.23904,1.22096,0.210884
7190,1.21476,1.19523,0.216966
7191,1.21476,1.19523,0.216966
7192,1.15305,1.14105,0.165888
7193,1.2514,1.23161,0.221647
7194,1.22426,1.1963,0.260154
7195,1.22426,1.1963,0.260154
7196,1.21565,1.18167,0.285421
7197,1.23832,1.2098,0.26424
7198,1.24879,1.21968,0.268039
7199,1.24532,1.20026,0.331976
7200,1.19901,1.16074,0.30055
7201,1.20128,1.1485,0.352146
7202,1.28711,1.23082,0.376482
7203,1.27326,1.20887,0.399787
7204,1.27326,1.20887,0.399787
7205,1.26659,1.20368,0.3942
7206,1.34522,1.29415,0.367142
7207,1.34522,1.29415,0.367142
7208,1.3767,1.2983,0.457965
7209,1.32366,1.26078,0.403138
7210,1.32366,1.26078,0.403138
7211,1.32366,1.26078,0.403138
7212,1.30422,1.23459,0.420454
7213,1.30422,1.23459,0.420454
7214,1.37188,1.30389,0.426525
7215,1.35753,1.27626,0.462672
7216,1.35753,1.27626,0.462672
7217,1.35566,1.2717,0.469668
7218,1.40265,1.35144,0.375562
7219,1.40606,1.3682,0.324094
7220,1.40606,1.3682,0.324094
7221,1.36687,1.33233,0.305334
7222,1.33847,1.29086,0.353795
7223,1.27933,1.22367,0.373241
7224,1.26452,1.22122,0.328056
7225,1.19762,1.15154,0.329015
7226,1.17394,1.14497,0.259161
7227,1.17394,1.14497,0.259161
7228,1.17394,1.14497,0.259161
7229,1.17394,1.14497,0.259161
7230,1.17394,1.14497,0.259161
7231,1.21929,1.18543,0.285332
7232,1.18803,1.16351,0.240161
7233,1.14218,1.10382,0.293525
7234,1.14218,1.10382,0.293525
7235,1.14218,1.10382,0.293525
7236,1.13915,1.08801,0.337499
7237,1.13915,1.08801,0.337499
7238,1.15268,1.07895,0.405651
7239,1.15268,1.07895,0.405651
7240,1.16248,1.12329,0.299299
7241,1.16248,1.12329,0.299299
7242,1.16248,1.12329,0.299299
7243,1.16248,1.12329,0.299299
7244,1.17851,1.12619,0.347239
7245,1.18113,1.13181,0.337775
7246,1.14286,1.09329,0.332945
7247,1.14286,1.09329,0.332945
7248,1.11997,1.06034,0.360581
7249,1.02575,0.948238,0.391151
7250,1.03505,0.92965,0.455063
7251,1.03505,0.92965,0.455063
7252,1.0178,0.909824,0.456212
7253,1.02366,0.927089,0.43403
7254,1.02366,0.927089,0.43403
7255,0.991263,0.900399,0.414589
7256,0.991263,0.900399,0.414589
7257,0.991263,0.900399,0.414589
7258,1.02747,0.928416,0.440155
7259,1.1083,1.00173,0.474208
7260,1.1083,1.00173,0.474208
7261,1.14762,1.01864,0.528591
7262,1.13776,1.03319,0.476457
7263,1.13776,1.03319,0.476457
7264,1.0894,1.01376,0.398859
7265,1.08014,0.99185,0.427718
7266,1.08014,0.99185,0.427718
7267,1.06968,1.0149,0.33792
7268,1.10462,1.04623,0.354375
7269,1.10462,1.04623,0.354375
7270,1.11707,1.05378,0.370678
7271,1.08096,1.01502,0.371773
7272,1.09846,1.05162,0.317354
7273,1.10775,1.03902,0.384146
7274,1.14406,1.08841,0.352453
7275,1.14406,1.08841,0.352453
7276,1.13782,1.09308,0.315913
7277,1.14319,1.09495,0.328561
7278,1.20525,1.16779,0.298116
7279,1.24632,1.22485,0.230289
7280,1.24632,1.22485,0.230289
7281,1.2931,1.2568,0.304274
7282,1.26186,1.2133,0.346717
7283,1.19921,1.15633,0.317818
7284,1.19921,1.15633,0.317818
7285,1.18851,1.13651,0.347716
7286,1.18851,1.13651,0.347716
7287,1.22388,1.17496,0.342594
7288,1.15483,1.11492,0.300965
7289,1.18245,1.12416,0.366688
7290,1.22025,1.17501,0.329173
7291,1.22478,1.15239,0.41483
7292,1.22478,1.15239,0.41483
7293,1.30156,1.2248,0.440362
7294,1.30156,1.2248,0.440362
7295,1.30156,1.2248,0.440362
7296,1.26506,1.1758,0.466765
7297,1.25251,1.18102,0.417092
7298,1.2353,1.15321,0.442799
7299,1.2353,1.15321,0.442799
7300,1.26777,1.20428,0.396176
7301,1.2831,1.23327,0.354103
7302,1.22674,1.15614,0.410173
7303,1.25303,1.17789,0.427403
7304,1.23589,1.14367,0.468448
7305,1.23589,1.14367,0.468448
7306,1.24379,1.15761,0.454912
7307,1.28055,1.19933,0.448812
7308,1.28055,1.19933,0.448812
7309,1.25571,1.18632,0.411656
7310,1.24718,1.16279,0.45097
7311,1.23087,1.14171,0.45994
7312,1.2246,1.13444,0.461188
7313,1.24647,1.14546,0.491545
7314,1.17895,1.06574,0.504107
7315,1.22435,1.11411,0.507729
7316,1.22435,1.11411,0.507729
7317,1.22245,1.08271,0.567559
7318,1.24828,1.11331,0.564568
7319,1.24828,1.11331,0.564568
7320,1.24828,1.11331,0.564568
7321,1.22908,1.06572,0.612263
7322,1.24573,1.02703,0.705027
7323,1.24573,1.02703,0.705027
7324,1.24573,1.02703,0.705027
7325,1.25865,1.01694,0.741633
7326,1.25865,1.01694,0.741633
7327,1.25714,1.03283,0.716709
7328,1.25524,1.06472,0.664836
7329,1.22034,1.03501,0.646531
7330,1.25828,1.07734,0.650077
7331,1.27734,1.12623,0.602662
7332,1.28049,1.0918,0.66906
7333,1.31643,1.14898,0.642528
7334,1.34401,1.16714,0.666433
7335,1.3695,1.18644,0.684029
7336,1.35169,1.20847,0.605531
7337,1.33072,1.20943,0.555064
7338,1.33072,1.20943,0.555064
7339,1.30243,1.18833,0.533089
7340,1.30243,1.18833,0.533089
7341,1.32008,1.18567,0.580347
7342,1.34951,1.16083,0.688208
7343,1.37931,1.18399,0.707574
7344,1.40811,1.19186,0.749841
7345,1.40418,1.20121,0.727189
7346,1.43262,1.27074,0.661531
7347,1.43262,1.27074,0.661531
7348,1.44299,1.26401,0.696047
7349,1.38694,1.21244,0.673483
7350,1.38694,1.21244,0.673483
7351,1.33119,1.18969,0.597245
7352,1.29704,1.14198,0.614968
7353,1.34523,1.20197,0.604071
7354,1.31514,1.1689,0.602706
7355,1.39112,1.26244,0.584348
7356,1.35416,1.2179,0.592
7357,1.37344,1.21891,0.632926
7358,1.34368,1.17712,0.647961
7359,1.34754,1.20111,0.610908
7360,1.34754,1.20111,0.610908
7361,1.32875,1.15856,0.650645
7362,1.32875,1.15856,0.650645
7363,1.3503,1.17323,0.668471
7364,1.3503,1.17323,0.668471
7365,1.37283,1.19895,0.668712
7366,1.31185,1.14729,0.636147
7367,1.31353,1.20077,0.53246
7368,1.30586,1.19076,0.536056
7369,1.3441,1.24687,0.501904
7370,1.3441,1.24687,0.501904
7371,1.33044,1.22886,0.509881
7372,1.28517,1.19733,0.466977
7373,1.24827,1.16776,0.441042
7374,1.24827,1.16776,0.441042
7375,1.3236,1.23748,0.46963
7376,1.31264,1.18846,0.557302
7377,1.34904,1.21461,0.587054
7378,1.37561,1.2273,0.621318
7379,1.37561,1.2273,0.621318
7380,1.37561,1.2273,0.621318
7381,1.37013,1.18095,0.694706
7382,1.37013,1.18095,0.694706
7383,1.44305,1.23901,0.739758
7384,1.44305,1.23901,0.739758
7385,1.38923,1.15851,0.766678
7386,1.38923,1.15851,0.766678
7387,1.36329,1.12146,0.775172
7388,1.33287,1.08359,0.776139
7389,1.32459,1.0843,0.760815
7390,1.32177,1.08844,0.749912
7391,1.30161,1.09928,0.696967
7392,1.30161,1.09928,0.696967
7393,1.30161,1.09928,0.696967
7394,1.27269,1.07686,0.678321
7395,1.28373,1.06157,0.721816
7396,1.34483,1.1251,0.736708
7397,1.35543,1.16714,0.689184
7398,1.34338,1.15499,0.686064
7399,1.34338,1.15499,0.686064
7400,1.34338,1.15499,0.686064
7401,1.30373,1.09206,0.712126
7402,1.28071,1.09362,0.666493
7403,1.22084,1.00049,0.69962
7404,1.20113,0.997533,0.66906
7405,1.23742,0.997409,0.73238
7406,1.23742,0.997409,0.73238
7407,1.19122,0.931953,0.741935
7408,1.19122,0.931953,0.741935
7409,1.19122,0.931953,0.741935
7410,1.19122,0.931953,0.741935
7411,1.20242,0.930972,0.760986
7412,1.25031,0.970548,0.788239
7413,1.25031,0.970548,0.788239
7414,1.24748,0.927348,0.834406
7415,1.29213,0.980326,0.841766
7416,1.30117,0.94873,0.890484
7417,1.20233,0.886655,0.812057
7418,1.2383,0.849187,0.901263
7419,1.2383,0.849187,0.901263
7420,1.26596,0.88221,0.907941
7421,1.21787,0.862095,0.860232
7422,1.20504,0.902243,0.798792
7423,1.14501,0.858225,0.757952
7424,1.17713,0.876625,0.785596
7425,1.20382,0.903493,0.795539
7426,1.20108,0.869156,0.828954
7427,1.21824,0.922916,0.795194
7428,1.21824,0.922916,0.795194
7429,1.29806,0.939709,0.895498
7430,1.2467,0.868122,0.89478
7431,1.32497,0.957429,0.915901
7432,1.36984,1.01092,0.924392
7433,1.32896,0.959779,0.919214
7434,1.32896,0.959779,0.919214
7435,1.30307,0.964859,0.87581
7436,1.30307,0.964859,0.87581
7437,1.29158,0.970499,0.852241
7438,1.26736,0.980545,0.802955
7439,1.32959,1.07704,0.779615
7440,1.29091,1.0619,0.734042
7441,1.28023,1.00187,0.797034
7442,1.25154,0.982592,0.775155
7443,1.24909,0.977712,0.777377
7444,1.24856,0.998719,0.74931
7445,1.33443,1.07534,0.790151
7446,1.30941,1.05399,0.776952
7447,1.2739,1.01558,0.769031
7448,1.27904,1.03335,0.753747
7449,1.28708,1.04439,0.75222
7450,1.3363,1.08707,0.777168
7451,1.3521,1.08641,0.804912
7452,1.31387,1.03424,0.810305
7453,1.29227,1.00802,0.808618
7454,1.29227,1.00802,0.808618
7455,1.28832,1.02384,0.781996
7456,1.28832,1.02384,0.781996
7457,1.28832,1.02384,0.781996
7458,1.35113,1.083,0.807884
7459,1.41223,1.13827,0.83591
7460,1.4021,1.06316,0.914103
7461,1.4021,1.06316,0.914103
7462,1.40585,1.06236,0.920767
7463,1.41325,1.10127,0.885707
7464,1.45126,1.11843,0.924803
7465,1.45126,1.11843,0.924803
7466,1.37532,1.07588,0.856734
7467,1.30857,1.06031,0.766877
7468,1.29109,1.06911,0.723826
7469,1.34681,1.12456,0.741119
7470,1.40889,1.16685,0.789579
7471,1.40889,1.16685,0.789579
7472,1.3332,1.11214,0.735226
7473,1.32493,1.12628,0.697797
7474,1.37569,1.1828,0.702513
7475,1.37569,1.1828,0.702513
7476,1.34963,1.11828,0.755615
7477,1.31127,1.14193,0.644536
7478,1.31127,1.14193,0.644536
7479,1.31022,1.16297,0.603484
7480,1.31022,1.16297,0.603484
7481,1.31022,1.16297,0.603484
7482,1.28161,1.15029,0.56511
7483,1.32578,1.23823,0.473797
7484,1.28188,1.21423,0.410926
7485,1.31716,1.25445,0.401591
7486,1.31716,1.25445,0.401591
7487,1.2554,1.19524,0.383954
7488,1.26108,1.18897,0.42033
7489,1.26108,1.18897,0.42033
7490,1.26108,1.18897,0.42033
7491,1.26458,1.18454,0.442773
7492,1.33133,1.25636,0.44044
7493,1.25452,1.17873,0.429447
7494,1.23957,1.17799,0.385837
7495,1.23957,1.17799,0.385837
7496,1.25943,1.20114,0.378716
7497,1.26824,1.20616,0.391946
7498,1.22709,1.1893,0.302215
7499,1.22709,1.1893,0.302215
7500,1.22109,1.19122,0.268443
7501,1.32013,1.28438,0.305114
7502,1.33572,1.30465,0.286423
7503,1.30877,1.27508,0.295049
7504,1.30587,1.27956,0.26079
7505,1.33272,1.29754,0.304186
7506,1.33272,1.29754,0.304186
7507,1.36904,1.35664,0.183837
7508,1.3715,1.35344,0.221865
7509,1.3715,1.35344,0.221865
7510,1.37127,1.33895,0.295984
7511,1.30737,1.28873,0.219965
7512,1.27096,1.25276,0.214322
7513,1.19831,1.16819,0.266998
7514,1.19831,1.16819,0.266998
7515,1.19831,1.16819,0.266998
7516,1.19831,1.16819,0.266998
7517,1.19369,1.15628,0.296497
7518,1.22931,1.16566,0.390436
7519,1.22931,1.16566,0.390436
7520,1.21585,1.16833,0.336602
7521,1.20061,1.14814,0.351058
7522,1.20061,1.14814,0.351058
7523,1.22121,1.14745,0.418001
7524,1.22121,1.14745,0.418001
7525,1.25107,1.17704,0.423962
7526,1.2285,1.14946,0.433551
7527,1.29182,1.18771,0.508084
7528,1.29182,1.18771,0.508084
7529,1.31657,1.20783,0.523931
7530,1.30454,1.19991,0.511905
7531,1.36777,1.29065,0.452785
7532,1.36777,1.29065,0.452785
7533,1.37615,1.30041,0.450233
7534,1.31759,1.25029,0.415724
7535,1.31759,1.25029,0.415724
7536,1.37927,1.33392,0.350742
7537,1.39573,1.35365,0.34015
7538,1.39573,1.35365,0.34015
7539,1.37716,1.33598,0.334234
7540,1.35405,1.31448,0.324961
7541,1.34751,1.29127,0.385232
7542,1.31355,1.24615,0.415367
7543,1.35066,1.3063,0.343317
7544,1.35043,1.28837,0.404665
7545,1.35462,1.28888,0.416856
7546,1.35543,1.28685,0.425689
7547,1.29314,1.21753,0.435688
7548,1.31275,1.22042,0.483618
7549,1.31275,1.22042,0.483618
7550,1.31188,1.24898,0.401331
7551,1.32146,1.27221,0.357431
7552,1.30859,1.27018,0.314709
7553,1.33241,1.28161,0.364416
7554,1.33241,1.28161,0.364416
7555,1.37293,1.32314,0.366369
7556,1.422,1.38836,0.307472
7557,1.2795,1.26017,0.22155
7558,1.27277,1.26739,0.116867
7559,1.32177,1.31874,0.0894121
7560,1.27782,1.27624,0.0635023
7561,1.2703,1.26656,0.09742
7562,1.25524,1.25214,0.0880746
7563,1.19364,1.18752,0.120664
7564,1.19364,1.18752,0.120664
7565,1.15313,1.14259,0.155573
7566,1.15313,1.14259,0.155573
7567,1.15313,1.14259,0.155573
7568,1.15313,1.14259,0.155573
7569,1.17981,1.16917,0.158105
7570,1.17981,1.16917,0.158105
7571,1.10402,1.09409,0.147765
7572,1.20154,1.19284,0.144323
7573,1.20154,1.19284,0.144323
7574,1.20154,1.19284,0.144323
7575,1.20154,1.19284,0.144323
7576,1.25934,1.25156,0.139782
7577,1.25934,1.25156,0.139782
7578,1.30367,1.3009,0.0848095
7579,1.27087,1.27008,0.0449909
7580,1.27087,1.27008,0.0449909
7581,1.27087,1.27008,0.0449909
7582,1.23711,1.23667,-0.0331279
7583,1.25211,1.24055,-0.169769
7584,1.29779,1.28503,-0.181534
7585,1.35156,1.3399,-0.177185
7586,1.35087,1.339,-0.178692
7587,1.36207,1.33103,-0.289118
7588,1.36207,1.33103,-0.289118
7589,1.3466,1.30157,-0.345312
7590,1.3404,1.29656,-0.339983
7591,1.31883,1.26874,-0.359996
7592,1.31148,1.27064,-0.32472
7593,1.35009,1.30072,-0.361778
7594,1.35009,1.30072,-0.361778
7595,1.45139,1.3822,-0.442774
7596,1.44152,1.36715,-0.457055
7597,1.37563,1.27682,-0.511939
7598,1.37563,1.27682,-0.511939
7599,1.41747,1.31201,-0.536528
7600,1.34197,1.24423,-0.502776
7601,1.34197,1.24423,-0.502776
7602,1.34197,1.24423,-0.502776
7603,1.31852,1.21405,-0.514364
7604,1.34956,1.22914,-0.557238
7605,1.28042,1.14382,-0.575458
7606,1.28042,1.14382,-0.575458
7607,1.36158,1.26127,-0.512936
7608,1.36158,1.26127,-0.512936
7609,1.42019,1.34623,-0.452331
7610,1.40063,1.34117,-0.403796
7611,1.39505,1.3433,-0.376465
7612,1.44448,1.37883,-0.430524
7613,1.39414,1.32832,-0.423294
7614,1.41599,1.34276,-0.449443
7615,1.36614,1.24587,-0.560473
7616,1.36614,1.24587,-0.560473
7617,1.34936,1.18445,-0.646401
7618,1.33623,1.17848,-0.629834
7619,1.42798,1.25057,-0.689351
7620,1.4044,1.24888,-0.64236
7621,1.42326,1.24826,-0.683763
7622,1.3988,1.23939,-0.648511
7623,1.3988,1.23939,-0.648511
7624,1.3988,1.23939,-0.648511
7625,1.3988,1.23939,-0.648511
7626,1.37479,1.16481,-0.730253
7627,1.38162,1.15214,-0.76252
7628,1.41701,1.1977,-0.757256
7629,1.43895,1.22157,-0.760485
7630,1.39463,1.16346,-0.769001
7631,1.33011,1.0923,-0.758993
7632,1.3362,1.12103,-0.727127
7633,1.37801,1.16285,-0.739375
7634,1.37801,1.16285,-0.739375
7635,1.35224,1.13338,-0.737564
7636,1.35224,1.13338,-0.737564
7637,1.35054,1.07681,-0.815125
7638,1.29968,1.07071,-0.736707
7639,1.26601,1.04683,-0.711983
7640,1.22,0.965685,-0.745559
7641,1.21707,0.908819,-0.809514
7642,1.24011,0.951713,-0.795065
7643,1.24011,0.951713,-0.795065
7644,1.23938,0.978861,-0.760197
7645,1.23938,0.978861,-0.760197
7646,1.23938,0.978861,-0.760197
7647,1.23938,0.978861,-0.760197
7648,1.23938,0.978861,-0.760197
7649,1.30096,0.994609,-0.838602
7650,1.30096,0.994609,-0.838602
7651,1.29156,1.01001,-0.804987
7652,1.20278,0.997032,-0.672753
7653,1.21392,0.994881,-0.695566
7654,1.27444,1.03981,-0.736886
7655,1.30091,1.00925,-0.820842
7656,1.34909,1.05307,-0.843258
7657,1.35146,1.05315,-0.846951
7658,1.28448,1.04591,-0.745617
7659,1.25693,1.01879,-0.736162
7660,1.29078,1.05803,-0.739379
7661,1.26848,1.02289,-0.750153
7662,1.28687,1.02304,-0.780662
7663,1.28128,1.03262,-0.758529
7664,1.25066,1.03467,-0.70258
7665,1.22441,1.01259,-0.688365
7666,1.22441,1.01259,-0.688365
7667,1.22441,1.01259,-0.688365
7668,1.26282,1.06447,-0.679423
7669,1.26282,1.06447,-0.679423
7670,1.19411,0.994815,-0.660484
7671,1.16023,0.965717,-0.643059
7672,1.16023,0.965717,-0.643059
7673,1.20769,1.00636,-0.667664
7674,1.17369,0.97548,-0.65267
7675,1.17369,0.97548,-0.65267
7676,1.2111,1.0451,-0.611976
7677,1.2111,1.0451,-0.611976
7678,1.15755,0.989821,-0.600157
7679,1.15479,1.00515,-0.568511
7680,1.15481,0.984879,-0.602985
7681,1.21011,1.03678,-0.624067
7682,1.11907,0.970262,-0.557596
7683,1.15618,1.0033,-0.574574
7684,1.17631,0.977421,-0.654489
7685,1.17631,0.977421,-0.654489
7686,1.20823,1.01889,-0.649371
7687,1.22432,1.07628,-0.583595
7688,1.16914,1.05632,-0.501082
7689,1.16599,1.03218,-0.542356
7690,1.16599,1.03218,-0.542356
7691,1.16599,1.03218,-0.542356
7692,1.19273,1.06486,-0.537279
7693,1.26077,1.12862,-0.561922
7694,1.28891,1.17659,-0.526236
7695,1.19554,1.08819,-0.495126
7696,1.16427,1.03326,-0.536573
7697,1.1855,1.07596,-0.497716
7698,1.2565,1.13866,-0.531252
7699,1.33863,1.22483,-0.540111
7700,1.3378,1.21034,-0.569897
7701,1.27751,1.14753,-0.56142
7702,1.28594,1.16223,-0.550312
7703,1.28594,1.16223,-0.550312
7704,1.25354,1.13531,-0.531444
7705,1.25354,1.13531,-0.531444
7706,1.32343,1.17049,-0.617591
7707,1.32343,1.17049,-0.617591
7708,1.31815,1.17612,-0.595202
7709,1.31208,1.16386,-0.605805
7710,1.31208,1.16386,-0.605805
7711,1.28749,1.12994,-0.61715
7712,1.27451,1.09711,-0.64864
7713,1.25442,1.10788,-0.588355
7714,1.25442,1.10788,-0.588355
7715,1.24946,1.08345,-0.622327
7716,1.29531,1.10484,-0.676135
7717,1.29531,1.10484,-0.676135
7718,1.29097,1.06341,-0.73196
7719,1.27698,1.03027,-0.75448
7720,1.27698,1.03027,-0.75448
7721,1.23597,1.01098,-0.711015
7722,1.24762,1.04955,-0.674531
7723,1.22532,1.00602,-0.699525
7724,1.23108,1.00204,-0.715165
7725,1.28343,1.07193,-0.705801
7726,1.25785,1.11708,-0.578218
7727,1.2925,1.16607,-0.557526
7728,1.26461,1.15469,-0.515702
7729,1.24874,1.12676,-0.538299
7730,1.25228,1.15951,-0.473029
7731,1.20832,1.14297,-0.392003
7732,1.20832,1.14297,-0.392003
7733,1.18831,1.12305,-0.388397
7734,1.25458,1.19259,-0.389505
7735,1.21318,1.16678,-0.332315
7736,1.18025,1.14653,-0.280106
7737,1.22001,1.18439,-0.292622
7738,1.23384,1.19439,-0.309528
7739,1.20791,1.17414,-0.283632
7740,1.25829,1.20964,-0.346489
7741,1.27593,1.23021,-0.338523
7742,1.27593,1.23021,-0.338523
7743,1.35346,1.32271,-0.286871
7744,1.35343,1.32558,-0.273124
7745,1.33892,1.30362,-0.30541
7746,1.35513,1.30584,-0.36217
7747,1.35513,1.30584,-0.36217
7748,1.33213,1.30152,-0.28392
7749,1.2799,1.2376,-0.326327
7750,1.36122,1.30045,-0.40217
7751,1.34075,1.282,-0.392541
7752,1.31131,1.24957,-0.397626
7753,1.26193,1.21897,-0.326453
7754,1.29575,1.2634,-0.287742
7755,1.30472,1.27643,-0.270209
7756,1.30472,1.27643,-0.270209
7757,1.29549,1.2813,-0.191233
7758,1.25915,1.24598,-0.181641
7759,1.27519,1.2696,-0.119201
7760,1.27102,1.25011,-0.229611
7761,1.25686,1.2316,-0.250728
7762,1.25686,1.2316,-0.250728
7763,1.26167,1.23601,-0.253157
7764,1.26167,1.23601,-0.253157
7765,1.29169,1.25968,-0.28576
7766,1.32339,1.30014,-0.246998
7767,1.33893,1.30468,-0.300884
7768,1.36856,1.33819,-0.2867
7769,1.36856,1.33819,-0.2867
7770,1.36287,1.33661,-0.266252
7771,1.36287,1.33661,-0.266252
7772,1.36599,1.33459,-0.291197
7773,1.35093,1.30949,-0.332031
7774,1.35093,1.30949,-0.332031
7775,1.28257,1.26228,-0.227209
7776,1.32074,1.29076,-0.279793
7777,1.30428,1.2586,-0.342139
7778,1.30407,1.2662,-0.311989
7779,1.38134,1.34231,-0.326064
7780,1.35227,1.30177,-0.366128
7781,1.29602,1.23898,-0.380269
7782,1.27179,1.22132,-0.354711
7783,1.22032,1.15103,-0.405347
7784,1.30909,1.23904,-0.422503
7785,1.30909,1.23904,-0.422503
7786,1.30909,1.23904,-0.422503
7787,1.30909,1.23904,-0.422503
7788,1.30909,1.23904,-0.422503
7789,1.26317,1.19446,-0.41095
7790,1.34394,1.24938,-0.495194
7791,1.36911,1.28196,-0.480673
7792,1.36911,1.28196,-0.480673
7793,1.36911,1.28196,-0.480673
7794,1.32605,1.23023,-0.494924
7795,1.32605,1.23023,-0.494924
7796,1.37452,1.27519,-0.513017
7797,1.32171,1.22838,-0.487834
7798,1.37239,1.26264,-0.537761
7799,1.36361,1.26847,-0.500428
7800,1.35373,1.29337,-0.399741
7801,1.30806,1.2631,-0.340029
7802,1.37126,1.32975,-0.334824
7803,1.36518,1.33193,-0.299494
7804,1.33518,1.30766,-0.269679
7805,1.34605,1.32688,-0.226365
7806,1.34605,1.32688,-0.226365
7807,1.2979,1.26479,-0.29128
7808,1.28758,1.23221,-0.373536
7809,1.35875,1.30036,-0.394034
7810,1.36344,1.2962,-0.422889
7811,1.36344,1.2962,-0.422889
7812,1.32987,1.25372,-0.443565
7813,1.40281,1.317,-0.483118
7814,1.40582,1.31996,-0.48376
7815,1.40582,1.31996,-0.48376
7816,1.40582,1.31996,-0.48376
7817,1.40582,1.31996,-0.48376
7818,1.48988,1.38603,-0.546482
7819,1.42386,1.33535,-0.494188
7820,1.40053,1.28075,-0.566705
7821,1.37899,1.26237,-0.555016
7822,1.37899,1.26237,-0.555016
7823,1.30024,1.20183,-0.496234
7824,1.295,1.22567,-0.418058
7825,1.295,1.22567,-0.418058
7826,1.32108,1.23901,-0.45839
7827,1.2908,1.22397,-0.409977
7828,1.32008,1.25218,-0.417911
7829,1.27506,1.20824,-0.407361
7830,1.22678,1.18939,-0.300532
7831,1.20486,1.16938,-0.290237
7832,1.20486,1.16938,-0.290237
7833,1.22517,1.18975,-0.292477
7834,1.15132,1.1007,-0.337629
7835,1.15132,1.1007,-0.337629
7836,1.15132,1.1007,-0.337629
7837,1.15132,1.1007,-0.337629
7838,1.18628,1.1323,-0.353775
7839,1.20367,1.17095,-0.27873
7840,1.22521,1.19528,-0.269176
7841,1.22521,1.19528,-0.269176
7842,1.26752,1.22516,-0.324937
7843,1.30423,1.25271,-0.362964
7844,1.35808,1.31593,-0.335697
7845,1.35808,1.31593,-0.335697
7846,1.35808,1.31593,-0.335697
7847,1.35808,1.31593,-0.335697
7848,1.31628,1.25969,-0.381822
7849,1.34297,1.28474,-0.391163
7850,1.33123,1.25129,-0.454346
7851,1.29515,1.23094,-0.40272
7852,1.26731,1.20723,-0.385584
7853,1.1969,1.13191,-0.389025
7854,1.1969,1.13191,-0.389025
7855,1.20854,1.15069,-0.369443
7856,1.20854,1.15069,-0.369443
7857,1.18881,1.13493,-0.353834
7858,1.17387,1.12204,-0.344956
7859,1.21345,1.1775,-0.293202
7860,1.21345,1.1775,-0.293202
7861,1.22884,1.19888,-0.26972
7862,1.22884,1.19888,-0.26972
7863,1.16355,1.13378,-0.261508
7864,1.21132,1.17734,-0.284884
7865,1.2488,1.22217,-0.256522
7866,1.15753,1.13391,-0.232661
7867,1.15753,1.13391,-0.232661
7868,1.09465,1.07176,-0.222667
7869,1.14491,1.12033,-0.235942
7870,1.10798,1.09579,-0.163857
7871,1.10137,1.07905,-0.220584
7872,1.14114,1.10869,-0.270236
7873,1.14114,1.10869,-0.270236
7874,1.07565,1.05727,-0.197995
7875,1.07565,1.05727,-0.197995
7876,1.03704,1.01324,-0.220903
7877,1.06767,1.05069,-0.18968
7878,1.02722,1.01933,-0.12708
7879,1.02722,1.01933,-0.12708
7880,1.02722,1.01933,-0.12708
7881,1.03994,1.0323,-0.125854
7882,1.06581,1.0467,-0.20095
7883,1.06581,1.0467,-0.20095
7884,1.06581,1.0467,-0.20095
7885,1.08628,1.06172,-0.229681
7886,1.10406,1.08543,-0.201952
7887,1.07838,1.04794,-0.254425
7888,1.07892,1.05753,-0.213737
7889,1.01616,0.993711,-0.212431
7890,1.05306,1.01785,-0.270009
7891,1.07219,1.02495,-0.314763
7892,1.07538,1.01988,-0.341011
7893,1.07993,1.031,-0.321374
7894,1.02452,0.961659,-0.353342
7895,1.04881,0.955432,-0.432619
7896,1.05828,0.958445,-0.448699
7897,1.05828,0.958445,-0.448699
7898,1.12591,1.00073,-0.515966
7899,1.12974,1.03222,-0.459176
7900,1.14155,1.05537,-0.43512
7901,1.16088,1.09631,-0.381759
7902,1.16088,1.09631,-0.381759
7903,1.1381,1.05547,-0.42576
7904,1.25782,1.17924,-0.437627
7905,1.29065,1.24856,-0.326897
7906,1.34436,1.28916,-0.381279
7907,1.28521,1.24212,-0.329968
7908,1.27047,1.22692,-0.329798
7909,1.28004,1.22046,-0.385981
7910,1.28933,1.22626,-0.398328
7911,1.28933,1.22626,-0.398328
7912,1.32188,1.26464,-0.384768
7913,1.28207,1.22062,-0.392154
7914,1.30377,1.22792,-0.438203
7915,1.36124,1.29007,-0.434387
7916,1.36124,1.29007,-0.434387
7917,1.38232,1.30607,-0.452764
7918,1.40666,1.34801,-0.40195
7919,1.38841,1.29841,-0.491724
7920,1.423,1.35486,-0.435058
7921,1.34764,1.27523,-0.435821
7922,1.32666,1.24882,-0.447759
7923,1.29419,1.21377,-0.449113
7924,1.34617,1.24498,-0.512041
7925,1.31562,1.21114,-0.513812
7926,1.36646,1.22448,-0.606511
7927,1.31194,1.17566,-0.582264
7928,1.24172,1.07456,-0.622245
7929,1.24172,1.07456,-0.622245
7930,1.24291,1.10698,-0.565186
7931,1.26164,1.10747,-0.604338
7932,1.2559,1.11293,-0.581952
7933,1.28622,1.12055,-0.63145
7934,1.20922,1.03277,-0.628967
7935,1.20922,1.03277,-0.628967
7936,1.26961,1.11375,-0.609476
7937,1.24718,1.10093,-0.586021
7938,1.26515,1.10247,-0.620616
7939,1.24563,1.06431,-0.647167
7940,1.2217,1.00624,-0.692838
7941,1.2217,1.00624,-0.692838
7942,1.22751,0.969411,-0.753014
7943,1.24053,0.968449,-0.775251
7944,1.24053,0.968449,-0.775251
7945,1.24053,0.968449,-0.775251
7946,1.20848,0.956355,-0.738789
7947,1.20848,0.956355,-0.738789
7948,1.20848,0.956355,-0.738789
7949,1.28505,0.976779,-0.835022
7950,1.28573,0.974453,-0.838772
7951,1.29898,0.983121,-0.849019
7952,1.27195,0.964883,-0.828771
7953,1.23858,0.948426,-0.7966
7954,1.20559,0.961037,-0.72792
7955,1.20559,0.961037,-0.72792
7956,1.20559,0.961037,-0.72792
7957,1.24056,0.941847,-0.807416
7958,1.24056,0.941847,-0.807416
7959,1.18189,0.906057,-0.758904
7960,1.20155,0.924183,-0.76786
7961,1.2197,0.876383,-0.848309
7962,1.2197,0.876383,-0.848309
7963,1.25863,0.913099,-0.866263
7964,1.24566,0.87963,-0.881997
7965,1.24326,0.89898,-0.858799
7966,1.18753,0.827291,-0.851954
7967,1.22856,0.870749,-0.866696
7968,1.22856,0.870749,-0.866696
7969,1.22856,0.870749,-0.866696
7970,1.17881,0.83361,-0.833477
7971,1.18066,0.854042,-0.815209
7972,1.17452,0.773681,-0.883696
7973,1.20296,0.829126,-0.871587
7974,1.1848,0.847411,-0.828044
7975,1.1848,0.847411,-0.828044
7976,1.1848,0.847411,-0.828044
7977,1.1848,0.847411,-0.828044
7978,1.1848,0.847411,-0.828044
7979,1.1848,0.847411,-0.828044
7980,1.1848,0.847411,-0.828044
7981,1.1848,0.847411,-0.828044
7982,1.2061,0.882363,-0.822267
7983,1.24617,0.953565,-0.802281
7984,1.24617,0.953565,-0.802281
7985,1.26775,0.99158,-0.789911
7986,1.22448,0.983685,-0.72919
7987,1.22448,0.983685,-0.72919
7988,1.24819,0.968127,-0.787858
7989,1.24819,0.968127,-0.787858
7990,1.27495,0.971578,-0.825543
7991,1.27495,0.971578,-0.825543
7992,1.23167,0.947697,-0.786686
7993,1.268,0.968635,-0.818268
7994,1.32456,1.05096,-0.806192
7995,1.32456,1.05096,-0.806192
7996,1.35697,1.14524,-0.727874
7997,1.36632,1.17145,-0.703231
7998,1.31344,1.12135,-0.683882
7999,1.27336,1.0453,-0.727179
8000,1.24359,1.02368,-0.706115
8001,1.24359,1.02368,-0.706115
8002,1.24359,1.02368,-0.706115
8003,1.24411,1.03027,-0.697391
8004,1.20232,1.02906,-0.62179
8005,1.20232,1.02906,-0.62179
8006,1.20232,1.02906,-0.62179
8007,1.20232,1.02906,-0.62179
8008,1.30532,1.12241,-0.666377
8009,1.35099,1.13245,-0.736711
8010,1.35099,1.13245,-0.736711
8011,1.35216,1.1378,-0.730581
8012,1.39692,1.16335,-0.773297
8013,1.39692,1.16335,-0.773297
8014,1.39692,1.16335,-0.773297
8015,1.39692,1.16335,-0.773297
8016,1.3493,1.14709,-0.710489
8017,1.3493,1.14709,-0.710489
8018,1.3493,1.14709,-0.710489
8019,1.36351,1.16891,-0.702012
8020,1.39591,1.22697,-0.665665
8021,1.39591,1.22697,-0.665665
8022,1.33865,1.15276,-0.680526
8023,1.42063,1.20437,-0.753436
8024,1.47312,1.24822,-0.782315
8025,1.44148,1.24154,-0.73243
8026,1.48378,1.30483,-0.70641
8027,1.48357,1.29363,-0.726291
8028,1.43185,1.27367,-0.654175
8029,1.3889,1.28038,-0.538216
8030,1.36819,1.2351,-0.588625
8031,1.46408,1.32962,-0.612889
8032,1.46408,1.32962,-0.612889
8033,1.4595,1.29792,-0.6675
8034,1.41697,1.26845,-0.631521
8035,1.40506,1.26154,-0.618624
8036,1.40506,1.26154,-0.618624
8037,1.44208,1.24638,-0.725354
8038,1.44208,1.24638,-0.725354
8039,1.36293,1.1868,-0.670122
8040,1.36293,1.1868,-0.670122
8041,1.36293,1.1868,-0.670122
8042,1.36293,1.1868,-0.670122
8043,1.36293,1.1868,-0.670122
8044,1.37759,1.21249,-0.653933
8045,1.30872,1.12413,-0.670121
8046,1.30872,1.12413,-0.670121
8047,1.30872,1.12413,-0.670121
8048,1.30872,1.12413,-0.670121
8049,1.38918,1.20839,-0.685277
8050,1.35338,1.18203,-0.659126
8051,1.35338,1.18203,-0.659126
8052,1.38966,1.25082,-0.605476
8053,1.40319,1.2486,-0.640247
8054,1.39678,1.23246,-0.657299
8055,1.38708,1.1993,-0.6969
8056,1.36952,1.18423,-0.687881
8057,1.31747,1.16159,-0.62165
8058,1.25607,1.11323,-0.581744
8059,1.37109,1.24026,-0.58451
8060,1.35526,1.21206,-0.606322
8061,1.32802,1.19098,-0.587545
8062,1.28929,1.15557,-0.571793
8063,1.25719,1.12278,-0.565603
8064,1.25719,1.12278,-0.565603
8065,1.25719,1.12278,-0.565603
8066,1.25719,1.12278,-0.565603
8067,1.35946,1.23153,-0.575727
8068,1.34263,1.21015,-0.581562
8069,1.34263,1.21015,-0.581562
8070,1.32583,1.19663,-0.570896
8071,1.37196,1.24768,-0.570586
8072,1.28235,1.14937,-0.568661
8073,1.31033,1.15054,-0.627077
8074,1.29531,1.13873,-0.617357
8075,1.29242,1.13154,-0.624487
8076,1.34552,1.17305,-0.659067
8077,1.26259,1.07546,-0.661452
8078,1.26372,1.08074,-0.654966
8079,1.32445,1.10017,-0.737435
8080,1.26625,1.01621,-0.755449
8081,1.2852,1.00424,-0.802022
8082,1.30013,1.06484,-0.745969
8083,1.30013,1.06484,-0.745969
8084,1.26816,1.04466,-0.718963
8085,1.23988,0.9536,-0.792431
8086,1.23988,0.9536,-0.792431
8087,1.19634,0.929593,-0.753056
8088,1.19634,0.929593,-0.753056
8089,1.19868,0.899191,-0.792649
8090,1.18951,0.899291,-0.7786
8091,1.17645,0.832812,-0.83094
8092,1.17645,0.832812,-0.83094
8093,1.17645,0.832812,-0.83094
8094,1.18207,0.838252,-0.833438
8095,1.15959,0.769598,-0.867398
8096,1.18317,0.789926,-0.880859
8097,1.18056,0.785385,-0.881417
8098,1.13538,0.730338,-0.869312
8099,1.18021,0.71708,-0.937392
8100,1.21523,0.777667,-0.933817
8101,1.18508,0.772315,-0.898864
8102,1.14554,0.759416,-0.857636
8103,1.14083,0.762243,-0.848804
8104,1.14083,0.762243,-0.848804
8105,1.14083,0.762243,-0.848804
8106,1.14083,0.762243,-0.848804
8107,1.19365,0.788609,-0.896039
8108,1.25126,0.784002,-0.975185
8109,1.2694,0.772212,-1.00751
8110,1.2817,0.684,-1.08392
8111,1.2817,0.684,-1.08392
8112,1.2817,0.684,-1.08392
8113,1.2817,0.684,-1.08392
8114,1.26161,0.705743,-1.04575
8115,1.26161,0.705743,-1.04575
8116,1.26161,0.705743,-1.04575
8117,1.28051,0.681585,-1.08405
8118,1.27764,0.7025,-1.06718
8119,1.26061,0.665982,-1.07033
8120,1.23718,0.559594,-1.10339
8121,1.22651,0.564017,-1.08914
8122,1.22651,0.564017,-1.08914
8123,1.22878,0.484607,-1.12918
8124,1.21249,0.490545,-1.10883
8125,1.21249,0.490545,-1.10883
8126,1.21249,0.490545,-1.10883
8127,1.32772,0.494311,-1.23228
8128,1.32772,0.494311,-1.23228
8129,1.32772,0.494311,-1.23228
8130,1.32045,0.516745,-1.21514
8131,1.30068,0.582709,-1.16285
8132,1.21258,0.570733,-1.06986
8133,1.22109,0.506258,-1.11119
8134,1.22109,0.506258,-1.11119
8135,1.22109,0.506258,-1.11119
8136,1.22109,0.506258,-1.11119
8137,1.22109,0.506258,-1.11119
8138,1.19882,0.487398,-1.09527
8139,1.19882,0.487398,-1.09527
8140,1.19882,0.487398,-1.09527
8141,1.22124,0.487617,-1.11967
8142,1.22124,0.487617,-1.11967
8143,1.20917,0.48374,-1.10819
8144,1.24049,0.540097,-1.11674
8145,1.22068,0.56605,-1.0815
8146,1.22068,0.56605,-1.0815
8147,1.22068,0.56605,-1.0815
8148,1.22068,0.56605,-1.0815
8149,1.22068,0.56605,-1.0815
8150,1.22068,0.56605,-1.0815
8151,1.21334,0.560972,-1.07587
8152,1.3227,0.633025,-1.16139
8153,1.28253,0.651168,-1.10493
8154,1.27104,0.595787,-1.12275
8155,1.23297,0.633086,-1.05802
8156,1.23297,0.633086,-1.05802
8157,1.23297,0.633086,-1.05802
8158,1.23297,0.633086,-1.05802
8159,1.23297,0.633086,-1.05802
8160,1.18183,0.650897,-0.986436
8161,1.12987,0.621154,-0.943812
8162,1.15748,0.631977,-0.969724
8163,1.15748,0.631977,-0.969724
8164,1.15748,0.631977,-0.969724
8165,1.15748,0.631977,-0.969724
8166,1.16083,0.663749,-0.952344
8167,1.12944,0.691982,-0.892628
8168,1.0856,0.71726,-0.814905
8169,1.11196,0.708027,-0.857412
8170,1.06714,0.638443,-0.855093
8171,1.08758,0.697774,-0.834232
8172,1.082,0.677996,-0.843229
8173,1.082,0.677996,-0.843229
8174,1.082,0.677996,-0.843229
8175,1.07826,0.666112,-0.847901
8176,1.03391,0.647338,-0.806182
8177,1.03029,0.652857,-0.79704
8178,1.03029,0.652857,-0.79704
8179,1.02057,0.640924,-0.794218
8180,1.00322,0.594427,-0.808146
8181,1.0707,0.651895,-0.849368
8182,1.0707,0.651895,-0.849368
8183,1.0566,0.632428,-0.846428
8184,1.0566,0.632428,-0.846428
8185,1.08159,0.636247,-0.874659
8186,1.07818,0.604368,-0.892869
8187,1.0702,0.560053,-0.911958
8188,1.08888,0.598699,-0.909518
8189,1.1218,0.707075,-0.870907
8190,1.08676,0.66331,-0.860847
