MDTU,S_B
1,1.00071
2,1.00378
3,1.0028
4,1.00254
5,0.998938
6,1.00126
7,1.00153
8,0.999869
9,1.00126
10,1.00007
11,0.999516
12,1.00127
13,0.999516
14,1.00008
15,1.00127
16,1.00062
17,1.00008
18,1.00022
19,1.00062
20,1.00159
21,1.00022
22,1.00028
23,1.00159
24,1.00119
25,1.00028
26,1.00119
27,1.0015
28,1.0015
29,1.00002
30,1.00002
