MDTU,min_width,max_width
1,0.0627526,0.0360311
2,0.0634429,0.036793
3,0.0634145,0.0369726
4,0.0636351,0.0369807
5,0.062186,0.0364595
6,0.0613624,0.0357996
7,0.0603593,0.0357111
8,0.0611079,0.0362744
9,0.062939,0.0374235
10,0.0607165,0.0361165
11,0.0613153,0.0354666
12,0.0614453,0.0351305
13,0.0614453,0.0351305
14,0.060324,0.0343187
15,0.059874,0.035217
16,0.0602971,0.0350179
17,0.0596625,0.0352399
18,0.060458,0.0351293
19,0.060458,0.0351293
20,0.0596033,0.0349202
21,0.0596033,0.0349202
22,0.0596033,0.0349202
23,0.0596033,0.0349202
24,0.0592635,0.0351367
25,0.0592635,0.0351367
26,0.0578888,0.0344452
27,0.0580376,0.0341565
28,0.0566009,0.0333538
29,0.0566009,0.0333538
30,0.0566009,0.0333538
31,0.0566009,0.0333538
32,0.0566009,0.0333538
33,0.0566009,0.0333538
34,0.0566009,0.0333538
35,0.0566009,0.0333538
36,0.0566009,0.0333538
37,0.0567811,0.0330563
38,0.0567811,0.0330563
39,0.0567811,0.0330563
40,0.0557883,0.0332906
41,0.0568946,0.0335364
42,0.0568946,0.0335364
43,0.0568946,0.0335364
44,0.0561866,0.0333022
45,0.0561866,0.0333022
46,0.0554556,0.0335036
47,0.0554556,0.0335036
48,0.0565707,0.0330961
49,0.0560894,0.0332863
50,0.0561781,0.0338144
51,0.0561781,0.0338144
52,0.0561781,0.0338144
53,0.0561781,0.0338144
54,0.0580648,0.0345422
55,0.0584361,0.035156
56,0.0584361,0.035156
57,0.0584361,0.035156
58,0.0582826,0.0346507
59,0.0582826,0.0346507
60,0.0582826,0.0346507
61,0.0582865,0.0348445
62,0.0582865,0.0348445
63,0.0575652,0.0344598
64,0.0575652,0.0344598
65,0.0575652,0.0344598
66,0.0569446,0.0339269
67,0.0570355,0.0340142
68,0.0562666,0.0338188
69,0.0552787,0.0330238
70,0.0547336,0.0319051
71,0.0547336,0.0319051
72,0.0547336,0.0319051
73,0.0551492,0.0323301
74,0.0551492,0.0323301
75,0.0551492,0.0323301
76,0.0551492,0.0323301
77,0.0551492,0.0323301
78,0.0551492,0.0323301
79,0.0559953,0.0328692
80,0.0557423,0.0325428
81,0.0560152,0.0329803
82,0.0566283,0.0326765
83,0.0555115,0.0326109
84,0.056485,0.0333041
85,0.056485,0.0333041
86,0.0552602,0.0327018
87,0.0552602,0.0327018
88,0.0552602,0.0327018
89,0.0553257,0.0333211
90,0.0553257,0.0333211
91,0.0550677,0.0331563
92,0.055238,0.0326648
93,0.055238,0.0326648
94,0.055238,0.0326648
95,0.0542844,0.031734
96,0.0537825,0.0314244
97,0.0537825,0.0314244
98,0.0537825,0.0314244
99,0.0540528,0.0318875
100,0.0544203,0.0321227
101,0.0544203,0.0321227
102,0.0528948,0.0312237
103,0.0528948,0.0312237
104,0.0512775,0.0308539
105,0.0512775,0.0308539
106,0.0525426,0.031374
107,0.0525426,0.031374
108,0.0525426,0.031374
109,0.0526649,0.0312074
110,0.0511666,0.0307498
111,0.0523943,0.0314383
112,0.0534616,0.0315495
113,0.0525465,0.0314512
114,0.0532986,0.0319165
115,0.0523278,0.0314137
116,0.0523278,0.0314137
117,0.0525783,0.0314342
118,0.0524556,0.0314121
119,0.0524556,0.0314121
120,0.0524556,0.0314121
121,0.0522218,0.0309675
122,0.0525904,0.0316114
123,0.0517816,0.0309857
124,0.0517816,0.0309857
125,0.0518599,0.0312897
126,0.0505874,0.0305508
127,0.0505874,0.0305508
128,0.0505874,0.0305508
129,0.0505874,0.0305508
130,0.0505874,0.0305508
131,0.0504021,0.0299377
132,0.0504021,0.0299377
133,0.0504021,0.0299377
134,0.0510018,0.0297848
135,0.051044,0.0308103
136,0.051044,0.0308103
137,0.0529193,0.0313528
138,0.0535625,0.0321581
139,0.0541543,0.0323503
140,0.0540417,0.0322014
141,0.0528217,0.0315547
142,0.0544489,0.0326803
143,0.0544489,0.0326803
144,0.0543831,0.0325936
145,0.0543831,0.0325936
146,0.0533099,0.0317127
147,0.0525346,0.0313324
148,0.052614,0.0311686
149,0.052614,0.0311686
150,0.052614,0.0311686
151,0.052614,0.0311686
152,0.0529511,0.0319304
153,0.0528848,0.0311384
154,0.0525651,0.0317069
155,0.0540173,0.0324349
156,0.0540173,0.0324349
157,0.0540173,0.0324349
158,0.0534667,0.0323832
159,0.0513588,0.0304623
160,0.0513588,0.0304623
161,0.0513588,0.0304623
162,0.0512804,0.0303159
163,0.0529188,0.0312087
164,0.0521365,0.0303648
165,0.0521365,0.0303648
166,0.0521365,0.0303648
167,0.0521365,0.0303648
168,0.0521365,0.0303648
169,0.0521365,0.0303648
170,0.0521365,0.0303648
171,0.0508988,0.0300791
172,0.0508988,0.0300791
173,0.0508988,0.0300791
174,0.050318,0.029265
175,0.0495362,0.0293731
176,0.0495362,0.0293731
177,0.0498972,0.0297669
178,0.0498972,0.0297669
179,0.0504364,0.0297803
180,0.0504364,0.0297803
181,0.0504364,0.0297803
182,0.0490861,0.0294193
183,0.0502458,0.030072
184,0.0504284,0.0298226
185,0.050776,0.0301738
186,0.050776,0.0301738
187,0.0490724,0.0290638
188,0.0486278,0.0291955
189,0.0486278,0.0291955
190,0.0473592,0.0290359
191,0.0473592,0.0290359
192,0.0482881,0.0291967
193,0.0482881,0.0291967
194,0.0482881,0.0291967
195,0.0480229,0.0292674
196,0.0493969,0.0304698
197,0.0475145,0.0289478
198,0.0476569,0.0290991
199,0.0481888,0.0291206
200,0.0480577,0.0285263
201,0.0480644,0.0286403
202,0.0468791,0.0279209
203,0.0468791,0.0279209
204,0.0468791,0.0279209
205,0.0471525,0.0286149
206,0.0471525,0.0286149
207,0.0471525,0.0286149
208,0.046852,0.0280234
209,0.046852,0.0280234
210,0.0479402,0.0288408
211,0.0477472,0.0285434
212,0.0477472,0.0285434
213,0.0473218,0.0282334
214,0.047053,0.0283693
215,0.0478685,0.02895
216,0.0475606,0.0285303
217,0.0481805,0.0297458
218,0.0481805,0.0297458
219,0.0481805,0.0297458
220,0.0481805,0.0297458
221,0.0482351,0.0298043
222,0.0482351,0.0298043
223,0.0482351,0.0298043
224,0.0482351,0.0298043
225,0.0483808,0.0289498
226,0.0489266,0.0290337
227,0.0490592,0.0293795
228,0.0495145,0.0302212
229,0.0495324,0.0300263
230,0.0478063,0.0290654
231,0.0479714,0.0292228
232,0.0471356,0.0284832
233,0.0474096,0.0278093
234,0.0474096,0.0278093
235,0.0473258,0.0282606
236,0.0473258,0.0282606
237,0.0468149,0.028092
238,0.0468149,0.028092
239,0.0468149,0.028092
240,0.0459772,0.0274616
241,0.045854,0.0272743
242,0.0453799,0.0270775
243,0.0452756,0.0270722
244,0.0452756,0.0270722
245,0.044226,0.0263471
246,0.0443037,0.0264309
247,0.0433462,0.02605
248,0.0433462,0.02605
249,0.0437754,0.0259413
250,0.0437754,0.0259413
251,0.0437754,0.0259413
252,0.0441335,0.0266159
253,0.0454014,0.0268455
254,0.0454014,0.0268455
255,0.044418,0.026555
256,0.044418,0.026555
257,0.044418,0.026555
258,0.044418,0.026555
259,0.044418,0.026555
260,0.044418,0.026555
261,0.0437638,0.026108
262,0.0437638,0.026108
263,0.0437638,0.026108
264,0.0437638,0.026108
265,0.0437638,0.026108
266,0.0436687,0.0264079
267,0.0436687,0.0264079
268,0.0432033,0.026117
269,0.0437995,0.0262123
270,0.0438329,0.0262744
271,0.0438557,0.0263741
272,0.0445965,0.0265875
273,0.0445334,0.0268007
274,0.0445334,0.0268007
275,0.0445334,0.0268007
276,0.0463771,0.0279409
277,0.0465147,0.0283505
278,0.0465147,0.0283505
279,0.0465147,0.0283505
280,0.0463031,0.028336
281,0.0456779,0.0280012
282,0.0455617,0.0277363
283,0.0462454,0.0280388
284,0.0462066,0.0279823
285,0.0462066,0.0279823
286,0.046196,0.0276614
287,0.0475067,0.0284637
288,0.0475067,0.0284637
289,0.0475067,0.0284637
290,0.0475067,0.0284637
291,0.0475067,0.0284637
292,0.0475067,0.0284637
293,0.0475067,0.0284637
294,0.04724,0.0285262
295,0.04724,0.0285262
296,0.04724,0.0285262
297,0.0486919,0.0296806
298,0.047289,0.0286995
299,0.0483814,0.0295399
300,0.0487187,0.0296738
301,0.0493652,0.0296607
302,0.0485166,0.0294666
303,0.0486581,0.0292092
304,0.0486581,0.0292092
305,0.0492751,0.029663
306,0.0477317,0.0298848
307,0.0488556,0.0301223
308,0.047562,0.0293914
309,0.0476288,0.0293851
310,0.0476288,0.0293851
311,0.0478292,0.029953
312,0.0480542,0.0302496
313,0.0480542,0.0302496
314,0.048852,0.0307214
315,0.0484719,0.0304029
316,0.0472371,0.0294023
317,0.0473928,0.0291506
318,0.0471749,0.0285818
319,0.0462504,0.0280209
320,0.0462504,0.0280209
321,0.0462504,0.0280209
322,0.0472488,0.0287049
323,0.0472488,0.0287049
324,0.0460706,0.0280212
325,0.0464594,0.0277223
326,0.0474289,0.0288058
327,0.0465743,0.0286202
328,0.0465743,0.0286202
329,0.0471521,0.0287934
330,0.0471521,0.0287934
331,0.048259,0.0289823
332,0.048259,0.0289823
333,0.0474746,0.0290088
334,0.0468846,0.0284719
335,0.0477093,0.0288945
336,0.0477093,0.0288945
337,0.0477093,0.0288945
338,0.0475629,0.029405
339,0.0467112,0.0286435
340,0.0467112,0.0286435
341,0.0467112,0.0286435
342,0.0467798,0.028265
343,0.0467798,0.028265
344,0.0467798,0.028265
345,0.046281,0.0282245
346,0.046281,0.0282245
347,0.0463211,0.0275981
348,0.0463211,0.0275981
349,0.0463211,0.0275981
350,0.046117,0.0276462
351,0.046117,0.0276462
352,0.046117,0.0276462
353,0.046117,0.0276462
354,0.046117,0.0276462
355,0.0464954,0.0280157
356,0.0465154,0.0280989
357,0.0465154,0.0280989
358,0.0465154,0.0280989
359,0.0465154,0.0280989
360,0.0458778,0.0279265
361,0.0458778,0.0279265
362,0.0458778,0.0279265
363,0.0455711,0.0275091
364,0.0442514,0.0269626
365,0.0452659,0.027084
366,0.0452659,0.027084
367,0.0450229,0.0268837
368,0.0450229,0.0268837
369,0.0446499,0.0262229
370,0.0446499,0.0262229
371,0.0441907,0.0264892
372,0.0441907,0.0264892
373,0.0441907,0.0264892
374,0.044948,0.0270235
375,0.0438605,0.026933
376,0.0443232,0.0269637
377,0.0438161,0.027105
378,0.0438161,0.027105
379,0.0434083,0.0264249
380,0.0434083,0.0264249
381,0.0435748,0.0263138
382,0.0431012,0.0264989
383,0.0438339,0.0265335
384,0.043942,0.0263656
385,0.0430675,0.0263128
386,0.043558,0.0267718
387,0.0437673,0.026299
388,0.0443534,0.0269073
389,0.0446778,0.0270363
390,0.044162,0.0266322
391,0.044162,0.0266322
392,0.0447884,0.026502
393,0.0444349,0.0267177
394,0.0444349,0.0267177
395,0.0448619,0.0275193
396,0.0448619,0.0275193
397,0.0448619,0.0275193
398,0.0448619,0.0275193
399,0.0453334,0.0276478
400,0.0450876,0.0277651
401,0.0450876,0.0277651
402,0.0449543,0.0275102
403,0.0448025,0.0270871
404,0.0456351,0.0275926
405,0.0456351,0.0275926
406,0.0448899,0.0272703
407,0.0433879,0.026851
408,0.0433879,0.026851
409,0.0444175,0.0268688
410,0.0444175,0.0268688
411,0.0444821,0.0268827
412,0.0445565,0.0270554
413,0.043877,0.0266124
414,0.0435694,0.0265352
415,0.0442678,0.0265911
416,0.043109,0.0263706
417,0.0432117,0.025969
418,0.0428107,0.025558
419,0.0424765,0.0257447
420,0.0426744,0.0260552
421,0.042601,0.0257928
422,0.0437387,0.0266652
423,0.0437387,0.0266652
424,0.0437387,0.0266652
425,0.0437387,0.0266652
426,0.0437651,0.0272031
427,0.0432258,0.0268243
428,0.0437223,0.0266061
429,0.0436654,0.0265571
430,0.0436671,0.0268424
431,0.0436671,0.0268424
432,0.0436671,0.0268424
433,0.0438255,0.0268562
434,0.044385,0.0267895
435,0.044385,0.0267895
436,0.0438785,0.0264803
437,0.0451185,0.0268665
438,0.0451185,0.0268665
439,0.0451388,0.0271714
440,0.0452233,0.0275576
441,0.0452116,0.0271319
442,0.0452116,0.0271319
443,0.0452116,0.0271319
444,0.044479,0.0271655
445,0.044479,0.0271655
446,0.0431342,0.0262972
447,0.043083,0.0265298
448,0.0433924,0.0269106
449,0.0433924,0.0269106
450,0.0434626,0.0269932
451,0.0440505,0.0268102
452,0.0440113,0.0269926
453,0.0440113,0.0269926
454,0.0440113,0.0269926
455,0.0435765,0.0270294
456,0.0445363,0.0275015
457,0.0451187,0.0276711
458,0.0452185,0.0281151
459,0.0454013,0.0277077
460,0.0454013,0.0277077
461,0.0454013,0.0277077
462,0.0443439,0.027699
463,0.0443439,0.027699
464,0.0444995,0.0280719
465,0.0444995,0.0280719
466,0.0450975,0.0280796
467,0.0445488,0.0276824
468,0.043995,0.0271656
469,0.043995,0.0271656
470,0.045744,0.028161
471,0.0460261,0.0279905
472,0.0457332,0.0280499
473,0.0457332,0.0280499
474,0.0457332,0.0280499
475,0.0459721,0.0282995
476,0.0459721,0.0282995
477,0.0470224,0.0286109
478,0.0466479,0.0280555
479,0.0466479,0.0280555
480,0.0468943,0.0283358
481,0.0454854,0.0276364
482,0.0443064,0.0276747
483,0.0441362,0.0271661
484,0.0434727,0.0265113
485,0.0447776,0.0272229
486,0.0447776,0.0272229
487,0.0447776,0.0272229
488,0.0447776,0.0272229
489,0.0451146,0.0276692
490,0.0444812,0.0278902
491,0.0457652,0.0289065
492,0.0457652,0.0289065
493,0.0457892,0.0291046
494,0.0453844,0.0284025
495,0.0453844,0.0284025
496,0.0456286,0.0273834
497,0.0456286,0.0273834
498,0.0456286,0.0273834
499,0.0453064,0.0280617
500,0.0455019,0.0277087
501,0.0440963,0.0269701
502,0.0439236,0.0268734
503,0.043695,0.0267476
504,0.0439921,0.02694
505,0.0438326,0.0265286
506,0.0438326,0.0265286
507,0.0435393,0.0265361
508,0.0436497,0.0271417
509,0.0433388,0.0267647
510,0.0436465,0.0269958
511,0.044343,0.0270643
512,0.0440515,0.0272059
513,0.0440515,0.0272059
514,0.0440515,0.0272059
515,0.0452907,0.0278234
516,0.0453503,0.0282972
517,0.0453503,0.0282972
518,0.0465595,0.0288784
519,0.0467047,0.0282892
520,0.0474111,0.0292185
521,0.0474111,0.0292185
522,0.0468548,0.0288062
523,0.0479811,0.0293923
524,0.0478761,0.029012
525,0.0478786,0.0293706
526,0.0474077,0.0289374
527,0.0474077,0.0289374
528,0.0474077,0.0289374
529,0.0466319,0.0285435
530,0.0469159,0.0290615
531,0.0468246,0.028595
532,0.04788,0.0296538
533,0.048149,0.0291274
534,0.0469318,0.0289176
535,0.046773,0.0288326
536,0.0450053,0.0280718
537,0.0445101,0.0275078
538,0.0445101,0.0275078
539,0.0446149,0.0275081
540,0.0446149,0.0275081
541,0.0454804,0.0275036
542,0.0454804,0.0275036
543,0.0466952,0.0279387
544,0.0460072,0.0280194
545,0.0460072,0.0280194
546,0.045874,0.0282361
547,0.0446812,0.0279067
548,0.0446812,0.0279067
549,0.0446812,0.0279067
550,0.0444219,0.0277702
551,0.0444219,0.0277702
552,0.0444219,0.0277702
553,0.0442967,0.0274459
554,0.0443537,0.0274767
555,0.0445829,0.0274756
556,0.0446629,0.0272266
557,0.0452125,0.0274342
558,0.0458408,0.0278725
559,0.0458408,0.0278725
560,0.0445779,0.027162
561,0.0445845,0.0267677
562,0.0446388,0.0270024
563,0.044486,0.0268515
564,0.0440778,0.0264433
565,0.0442097,0.0265671
566,0.0459741,0.0276612
567,0.0451191,0.0273794
568,0.0444473,0.0274229
569,0.0444473,0.0274229
570,0.0443734,0.0270296
571,0.0443734,0.0270296
572,0.0443888,0.0273017
573,0.0439683,0.0267161
574,0.0456399,0.0284676
575,0.0449528,0.0283426
576,0.0442931,0.0280678
577,0.044144,0.0271859
578,0.044558,0.0271873
579,0.0443555,0.0271378
580,0.0441302,0.0272256
581,0.0432464,0.0263708
582,0.0438476,0.0266588
583,0.0446236,0.0272737
584,0.0436608,0.0268703
585,0.0436608,0.0268703
586,0.0436608,0.0268703
587,0.0436052,0.0269744
588,0.0436052,0.0269744
589,0.0436052,0.0269744
590,0.0457358,0.0287195
591,0.0458785,0.028754
592,0.0452276,0.0284731
593,0.0452276,0.0284731
594,0.0452276,0.0284731
595,0.043989,0.02759
596,0.0433808,0.0272486
597,0.0433808,0.0272486
598,0.0439406,0.0273256
599,0.0439406,0.0273256
600,0.0439406,0.0273256
601,0.0442296,0.0270787
602,0.0434626,0.0265081
603,0.043179,0.0258525
604,0.042965,0.0261699
605,0.042965,0.0261699
606,0.042965,0.0261699
607,0.0430572,0.0259558
608,0.0427899,0.0258549
609,0.0434764,0.0262617
610,0.0434764,0.0262617
611,0.0434764,0.0262617
612,0.0434764,0.0262617
613,0.043974,0.0265407
614,0.043974,0.0265407
615,0.043974,0.0265407
616,0.0438404,0.026646
617,0.0438271,0.0272622
618,0.0438271,0.0272622
619,0.044499,0.0274107
620,0.0444512,0.0273603
621,0.0444512,0.0273603
622,0.0447684,0.0273902
623,0.0449504,0.0274515
624,0.0451017,0.0275156
625,0.0453546,0.027358
626,0.0442638,0.0269569
627,0.044547,0.0275348
628,0.0454053,0.027913
629,0.0454053,0.027913
630,0.0450721,0.0278207
631,0.0450721,0.0278207
632,0.0447029,0.0278794
633,0.0456144,0.0283702
634,0.0464574,0.0288345
635,0.0473271,0.0290005
636,0.0473271,0.0290005
637,0.0463552,0.0280882
638,0.0464463,0.0284963
639,0.0471235,0.0286644
640,0.0471235,0.0286644
641,0.0455297,0.0281739
642,0.0455297,0.0281739
643,0.0461378,0.028739
644,0.0461326,0.0284255
645,0.0455086,0.0283348
646,0.0470005,0.0291179
647,0.0457521,0.0285559
648,0.0457521,0.0285559
649,0.0454924,0.0285915
650,0.0445635,0.027901
651,0.0452122,0.0278078
652,0.044519,0.0275325
653,0.044779,0.0278834
654,0.0444368,0.0270165
655,0.0444368,0.0270165
656,0.0446289,0.0273818
657,0.0437366,0.0263929
658,0.0442673,0.0275321
659,0.0443102,0.0273411
660,0.0445344,0.0272113
661,0.0443854,0.0272037
662,0.0451745,0.0276283
663,0.0451745,0.0276283
664,0.0443779,0.0273282
665,0.0434834,0.0265946
666,0.0434834,0.0265946
667,0.0442352,0.0267899
668,0.0442352,0.0267899
669,0.0442352,0.0267899
670,0.0442352,0.0267899
671,0.0437698,0.0266361
672,0.0437698,0.0266361
673,0.0438095,0.0267305
674,0.0441462,0.0269694
675,0.0448012,0.0281373
676,0.0440709,0.0271248
677,0.0439235,0.0272842
678,0.0436594,0.0273979
679,0.0436594,0.0273979
680,0.0436594,0.0273979
681,0.0450186,0.0282601
682,0.0448384,0.0283983
683,0.0448384,0.0283983
684,0.0461863,0.029268
685,0.0472595,0.0296377
686,0.0462427,0.0291588
687,0.0476206,0.0295479
688,0.0479701,0.02986
689,0.0479701,0.02986
690,0.0474441,0.0291778
691,0.0466878,0.0288491
692,0.0464287,0.028822
693,0.0463485,0.0294169
694,0.0474121,0.0296285
695,0.0477453,0.0298069
696,0.0475905,0.0293693
697,0.0475905,0.0293693
698,0.0476838,0.0299909
699,0.0476838,0.0299909
700,0.0476838,0.0299909
701,0.0483694,0.0304547
702,0.0479237,0.0300163
703,0.0479237,0.0300163
704,0.0475432,0.0300586
705,0.0479261,0.0308019
706,0.0479261,0.0308019
707,0.0479261,0.0308019
708,0.0479261,0.0308019
709,0.0495745,0.0317269
710,0.0487494,0.0314561
711,0.0477099,0.0302221
712,0.0499555,0.030993
713,0.0501069,0.0311451
714,0.0503942,0.0317423
715,0.0503942,0.0317423
716,0.048434,0.030223
717,0.048434,0.030223
718,0.046617,0.029993
719,0.0463886,0.0297994
720,0.0466206,0.0291463
721,0.0466206,0.0291463
722,0.0468526,0.028932
723,0.0462024,0.0285228
724,0.0468169,0.0283551
725,0.0465841,0.0280885
726,0.0465841,0.0280885
727,0.0456892,0.0280226
728,0.0463726,0.0283579
729,0.0459483,0.0279678
730,0.0461728,0.0276095
731,0.0454418,0.0277605
732,0.045205,0.0276672
733,0.045205,0.0276672
734,0.0433563,0.0267192
735,0.0427384,0.0261501
736,0.0427384,0.0261501
737,0.0427384,0.0261501
738,0.0427384,0.0261501
739,0.0427384,0.0261501
740,0.0427384,0.0261501
741,0.0427384,0.0261501
742,0.0435197,0.0265956
743,0.0435197,0.0265956
744,0.0441193,0.0271148
745,0.0437102,0.0268273
746,0.0438807,0.0278843
747,0.0440218,0.0275414
748,0.0441073,0.0275862
749,0.0441106,0.0272102
750,0.0441106,0.0272102
751,0.0445343,0.0273912
752,0.0442382,0.0270941
753,0.0445808,0.0275823
754,0.0448273,0.0282724
755,0.0450413,0.0277132
756,0.0437182,0.0270917
757,0.043836,0.0270735
758,0.0448306,0.0274476
759,0.0442232,0.0265522
760,0.0443931,0.0269993
761,0.0443404,0.0278608
762,0.0439957,0.0273209
763,0.0438234,0.0270403
764,0.0438364,0.0266137
765,0.0440837,0.02726
766,0.0440837,0.02726
767,0.0439919,0.026958
768,0.0443039,0.0272443
769,0.0443355,0.0270166
770,0.0443355,0.0270166
771,0.0444144,0.0270782
772,0.0444706,0.0270324
773,0.0451203,0.0278302
774,0.0463617,0.0283938
775,0.0463617,0.0283938
776,0.046856,0.0281453
777,0.046856,0.0281453
778,0.046856,0.0281453
779,0.046856,0.0281453
780,0.0456878,0.028683
781,0.0456878,0.028683
782,0.045021,0.0282688
783,0.0457246,0.0284578
784,0.046536,0.0291072
785,0.046536,0.0291072
786,0.046536,0.0291072
787,0.0475505,0.0298888
788,0.0479497,0.0303547
789,0.0479497,0.0303547
790,0.0487956,0.0306244
791,0.0498106,0.0311623
792,0.0494018,0.0301435
793,0.0497636,0.0303702
794,0.0491462,0.0301578
795,0.0482736,0.029662
796,0.0482736,0.029662
797,0.0480087,0.0294596
798,0.0490301,0.0302249
799,0.0490301,0.0302249
800,0.0480148,0.0297304
801,0.0487063,0.0302988
802,0.04668,0.0293356
803,0.0458628,0.0283285
804,0.0458628,0.0283285
805,0.0455228,0.0282105
806,0.0463466,0.0287268
807,0.0463466,0.0287268
808,0.0468789,0.0293836
809,0.0468789,0.0293836
810,0.0457399,0.0282432
811,0.0447784,0.0280289
812,0.0452737,0.0286264
813,0.0452737,0.0286264
814,0.045891,0.028345
815,0.0467569,0.0291224
816,0.0462851,0.0286629
817,0.046363,0.029037
818,0.0447563,0.0280171
819,0.0441981,0.0272404
820,0.0433585,0.0268496
821,0.0436597,0.0267923
822,0.0436597,0.0267923
823,0.0433495,0.0266518
824,0.0435628,0.0266072
825,0.0438255,0.0269405
826,0.0437448,0.0267059
827,0.0445968,0.0269251
828,0.0455981,0.0281286
829,0.0455981,0.0281286
830,0.0455981,0.0281286
831,0.0444761,0.0280483
832,0.0450795,0.0281676
833,0.0448798,0.0279266
834,0.0448798,0.0279266
835,0.0453444,0.028107
836,0.0448051,0.0275707
837,0.0448051,0.0275707
838,0.0451984,0.0283516
839,0.0446795,0.0279654
840,0.0447258,0.0273616
841,0.0446694,0.0276495
842,0.0456378,0.0281654
843,0.0454815,0.0280463
844,0.0454815,0.0280463
845,0.0454278,0.0280872
846,0.0455998,0.0280692
847,0.0455998,0.0280692
848,0.0456641,0.027932
849,0.0452356,0.0277815
850,0.0464623,0.0291568
851,0.0464339,0.0294296
852,0.0454976,0.0284824
853,0.0461185,0.0286231
854,0.046943,0.0292901
855,0.0460833,0.0289258
856,0.0465389,0.0287487
857,0.0465389,0.0287487
858,0.0464844,0.0291522
859,0.0462487,0.028539
860,0.0461638,0.028437
861,0.0454408,0.0277686
862,0.0462961,0.0288715
863,0.0472446,0.0289894
864,0.0472446,0.0289894
865,0.0471641,0.0289864
866,0.0477368,0.0299022
867,0.0470732,0.0295716
868,0.0464715,0.0293203
869,0.047904,0.0298554
870,0.048098,0.0300304
871,0.0475352,0.0298964
872,0.0478915,0.0304135
873,0.0485114,0.0304296
874,0.048802,0.0303261
875,0.0478394,0.0299963
876,0.0478395,0.0303076
877,0.0474836,0.0302389
878,0.0486194,0.0302898
879,0.0480536,0.0301618
880,0.0477542,0.0301683
881,0.0473526,0.0305938
882,0.0473526,0.0305938
883,0.0473526,0.0305938
884,0.0481707,0.0308906
885,0.0477832,0.0304982
886,0.0477832,0.0304982
887,0.0478328,0.0298165
888,0.0464956,0.0287617
889,0.0458779,0.0291473
890,0.0450193,0.0273849
891,0.0450193,0.0273849
892,0.0443086,0.0273346
893,0.0443086,0.0273346
894,0.0443885,0.0275331
895,0.0453349,0.0280974
896,0.0441399,0.0275503
897,0.0454851,0.0278845
898,0.0454851,0.0278845
899,0.04499,0.0278684
900,0.04499,0.0278684
901,0.0442645,0.0273427
902,0.0443522,0.0271726
903,0.0443522,0.0271726
904,0.0443522,0.0271726
905,0.0437291,0.0266383
906,0.043704,0.0267197
907,0.0452957,0.0275796
908,0.0449075,0.0272024
909,0.0449075,0.0272024
910,0.0458862,0.0277105
911,0.0458862,0.0277105
912,0.0452457,0.0271701
913,0.0446184,0.027264
914,0.0449076,0.0276989
915,0.0449076,0.0276989
916,0.0449076,0.0276989
917,0.0451054,0.0276176
918,0.0451054,0.0276176
919,0.0452089,0.0277386
920,0.0450757,0.0280348
921,0.045567,0.0278931
922,0.0454811,0.028403
923,0.046271,0.0290378
924,0.046271,0.0290378
925,0.0459492,0.0284843
926,0.0470287,0.0292059
927,0.0470921,0.0297498
928,0.0470921,0.0297498
929,0.0470921,0.0297498
930,0.0470921,0.0297498
931,0.0458102,0.0284604
932,0.0465863,0.0289326
933,0.0465863,0.0289326
934,0.0465158,0.028368
935,0.0459019,0.0283868
936,0.0459184,0.0287366
937,0.0463674,0.028555
938,0.0440111,0.0270354
939,0.0440111,0.0270354
940,0.0443538,0.0267178
941,0.04445,0.027151
942,0.0450187,0.02805
943,0.0445871,0.0278423
944,0.0446922,0.0271671
945,0.0446922,0.0271671
946,0.0449972,0.0276981
947,0.0449972,0.0276981
948,0.0447635,0.0277945
949,0.0446284,0.027598
950,0.0451501,0.0275162
951,0.0451501,0.0275162
952,0.0451501,0.0275162
953,0.0451501,0.0275162
954,0.0451501,0.0275162
955,0.0442637,0.0273751
956,0.0454009,0.0281708
957,0.0452777,0.027893
958,0.0446858,0.0277471
959,0.0449092,0.027774
960,0.0449207,0.0279967
961,0.0454206,0.0282173
962,0.0448672,0.0284446
963,0.0459525,0.0290777
964,0.0459525,0.0290777
965,0.0459525,0.0290777
966,0.0459525,0.0290777
967,0.0470304,0.0292421
968,0.0473756,0.029373
969,0.0461498,0.0291198
970,0.0464072,0.0289648
971,0.046873,0.0286969
972,0.0470792,0.0281959
973,0.0467545,0.0289797
974,0.0467545,0.0289797
975,0.0474445,0.0288771
976,0.0464348,0.0282181
977,0.0464348,0.0282181
978,0.0474621,0.0291527
979,0.0463605,0.028447
980,0.0456273,0.0281413
981,0.0456042,0.0280397
982,0.0449233,0.0276225
983,0.0454779,0.0275216
984,0.0454779,0.0275216
985,0.0454779,0.0275216
986,0.0454779,0.0275216
987,0.0448258,0.0275194
988,0.0455168,0.0281939
989,0.0460413,0.0290126
990,0.0467898,0.0295835
991,0.0467898,0.0295835
992,0.0458912,0.0291231
993,0.0441357,0.0277058
994,0.0452606,0.0281182
995,0.0445348,0.0274969
996,0.0445348,0.0274969
997,0.0445348,0.0274969
998,0.0451956,0.0271004
999,0.0457986,0.0282294
1000,0.0450612,0.0275103
1001,0.0447931,0.0273631
1002,0.0447931,0.0273631
1003,0.0437441,0.0269284
1004,0.0450149,0.0278224
1005,0.0453677,0.0283598
1006,0.046332,0.0285321
1007,0.0458481,0.0289259
1008,0.0460559,0.0287093
1009,0.0452429,0.0285054
1010,0.0455473,0.0281324
1011,0.0445886,0.0278177
1012,0.045851,0.0289858
1013,0.045851,0.0289858
1014,0.0461741,0.0294864
1015,0.046555,0.029537
1016,0.046555,0.029537
1017,0.046555,0.029537
1018,0.046555,0.029537
1019,0.046555,0.029537
1020,0.046555,0.029537
1021,0.0461477,0.0293798
1022,0.0461358,0.0288534
1023,0.045754,0.0289136
1024,0.0452816,0.0279676
1025,0.0443104,0.0277453
1026,0.0440313,0.0271667
1027,0.0440313,0.0271667
1028,0.0440313,0.0271667
1029,0.0438832,0.0274751
1030,0.0459508,0.0284954
1031,0.0456524,0.0286194
1032,0.0459953,0.0287111
1033,0.046702,0.0291334
1034,0.0470709,0.029276
1035,0.0472955,0.0294957
1036,0.0466362,0.0286923
1037,0.0466362,0.0286923
1038,0.0454983,0.0283251
1039,0.0455398,0.0280195
1040,0.0464715,0.0282197
1041,0.0447085,0.0277775
1042,0.0447085,0.0277775
1043,0.0445393,0.0271685
1044,0.0440297,0.0269732
1045,0.0440374,0.0273562
1046,0.043844,0.0270729
1047,0.0432132,0.02629
1048,0.0427427,0.0262655
1049,0.0427427,0.0262655
1050,0.043521,0.0265639
1051,0.043521,0.0265639
1052,0.0437997,0.0269884
1053,0.0442618,0.0270149
1054,0.0449866,0.0275592
1055,0.0440876,0.027074
1056,0.0441495,0.0276991
1057,0.0441495,0.0276991
1058,0.0441495,0.0276991
1059,0.0429823,0.0264903
1060,0.0429823,0.0264903
1061,0.0429823,0.0264903
1062,0.0423834,0.0264095
1063,0.0430118,0.0265203
1064,0.0435119,0.0274289
1065,0.0449716,0.028514
1066,0.0449716,0.028514
1067,0.0441422,0.0274293
1068,0.044385,0.0274253
1069,0.0438299,0.026723
1070,0.043044,0.026561
1071,0.043044,0.026561
1072,0.0437922,0.0267777
1073,0.0440357,0.0271307
1074,0.0435819,0.0267972
1075,0.0436404,0.0265375
1076,0.0436341,0.0267477
1077,0.0427199,0.0270198
1078,0.0427199,0.0270198
1079,0.0427199,0.0270198
1080,0.0435135,0.0274423
1081,0.0435135,0.0274423
1082,0.0432373,0.0273316
1083,0.043639,0.0272151
1084,0.0440877,0.0275117
1085,0.044349,0.0279646
1086,0.0461811,0.0285354
1087,0.0454631,0.0279616
1088,0.0467096,0.0286317
1089,0.0467096,0.0286317
1090,0.0467096,0.0286317
1091,0.046107,0.0282896
1092,0.046107,0.0282896
1093,0.0481486,0.0294574
1094,0.0472759,0.0291789
1095,0.0460443,0.0280068
1096,0.0460443,0.0280068
1097,0.0467631,0.0285041
1098,0.0470033,0.0288373
1099,0.0470033,0.0288373
1100,0.0463402,0.0285443
1101,0.0462863,0.0282831
1102,0.0458555,0.0281186
1103,0.0447196,0.0277354
1104,0.0455809,0.0284185
1105,0.0456377,0.0279821
1106,0.0450567,0.0278579
1107,0.0446232,0.0268043
1108,0.0438506,0.0267267
1109,0.0432511,0.0261379
1110,0.043674,0.0268551
1111,0.043674,0.0268551
1112,0.043674,0.0268551
1113,0.0438224,0.0270576
1114,0.0449821,0.0275496
1115,0.0438095,0.0270966
1116,0.0442037,0.0275916
1117,0.0448613,0.0281149
1118,0.045537,0.0284209
1119,0.045537,0.0284209
1120,0.0477796,0.029293
1121,0.0477796,0.029293
1122,0.0473852,0.0291432
1123,0.046586,0.0290356
1124,0.0467823,0.0293841
1125,0.0467823,0.0293841
1126,0.046311,0.0286618
1127,0.0457717,0.028433
1128,0.0457717,0.028433
1129,0.0443126,0.0276274
1130,0.0435718,0.0272313
1131,0.0441272,0.0275142
1132,0.0451315,0.0277244
1133,0.045578,0.0282402
1134,0.0447409,0.0277779
1135,0.0446769,0.0276258
1136,0.0446769,0.0276258
1137,0.0446769,0.0276258
1138,0.0432349,0.0265017
1139,0.0432069,0.0265661
1140,0.0441255,0.0264298
1141,0.0441255,0.0264298
1142,0.0441255,0.0264298
1143,0.0429405,0.0264201
1144,0.0429405,0.0264201
1145,0.0435092,0.0269744
1146,0.0430148,0.0266614
1147,0.0430148,0.0266614
1148,0.0437893,0.0269135
1149,0.0437893,0.0269135
1150,0.0440881,0.026831
1151,0.0441798,0.0273159
1152,0.0445094,0.0272756
1153,0.0453592,0.0280528
1154,0.0444495,0.0278844
1155,0.0448819,0.0283567
1156,0.0443374,0.0280635
1157,0.0437803,0.0274308
1158,0.0454699,0.0289243
1159,0.0438562,0.0283075
1160,0.0441693,0.0283533
1161,0.044552,0.0281058
1162,0.0449619,0.0280837
1163,0.0443242,0.0277003
1164,0.0448148,0.0282737
1165,0.0456704,0.028431
1166,0.0448069,0.0278831
1167,0.0448069,0.0278831
1168,0.0448069,0.0278831
1169,0.0441928,0.0272621
1170,0.0452282,0.0281509
1171,0.0444462,0.0277648
1172,0.0456562,0.0285365
1173,0.0456084,0.0282785
1174,0.0457256,0.0278503
1175,0.0448026,0.0279867
1176,0.0448026,0.0279867
1177,0.0448026,0.0279867
1178,0.0462416,0.0285494
1179,0.0465546,0.0287957
1180,0.0465546,0.0287957
1181,0.0467365,0.0295794
1182,0.0463111,0.0292969
1183,0.0463111,0.0292969
1184,0.0463111,0.0292969
1185,0.0463111,0.0292969
1186,0.0458686,0.0290598
1187,0.0476466,0.0296222
1188,0.0471038,0.0293694
1189,0.0467382,0.0290726
1190,0.0467382,0.0290726
1191,0.0469121,0.029666
1192,0.0469121,0.029666
1193,0.0474402,0.0296915
1194,0.0475454,0.0300368
1195,0.0475454,0.0300368
1196,0.0475454,0.0300368
1197,0.0475454,0.0300368
1198,0.0454978,0.0282639
1199,0.0449984,0.0279916
1200,0.0449984,0.0279916
1201,0.0447969,0.0281546
1202,0.0448566,0.0281833
1203,0.0444284,0.0275214
1204,0.0444284,0.0275214
1205,0.0444284,0.0275214
1206,0.0441636,0.0273514
1207,0.0441636,0.0273514
1208,0.0445975,0.0273383
1209,0.0445975,0.0273383
1210,0.0445124,0.0273171
1211,0.0445124,0.0273171
1212,0.0447189,0.0276913
1213,0.0446817,0.0274676
1214,0.0456795,0.0284529
1215,0.0472684,0.0297988
1216,0.0477189,0.0296148
1217,0.0471527,0.0293388
1218,0.046167,0.0289984
1219,0.0458997,0.0284895
1220,0.0477615,0.0301531
1221,0.0484096,0.0299756
1222,0.0479257,0.0293022
1223,0.0471111,0.0290194
1224,0.047881,0.03048
1225,0.047881,0.03048
1226,0.047899,0.0306582
1227,0.0482918,0.0305227
1228,0.0482918,0.0305227
1229,0.0467461,0.0296411
1230,0.0472238,0.0299717
1231,0.0472238,0.0299717
1232,0.0484311,0.0302098
1233,0.0484311,0.0302098
1234,0.0494344,0.0305125
1235,0.0485188,0.029971
1236,0.0486571,0.0299223
1237,0.0485803,0.0304105
1238,0.0485803,0.0304105
1239,0.0485803,0.0304105
1240,0.0478335,0.0302351
1241,0.047463,0.0292823
1242,0.047463,0.0292823
1243,0.047463,0.0292823
1244,0.0480142,0.030627
1245,0.047145,0.0299019
1246,0.0480367,0.0302495
1247,0.0491404,0.030545
1248,0.0472688,0.0295685
1249,0.0472688,0.0295685
1250,0.0472538,0.0298601
1251,0.0468419,0.0297804
1252,0.0471779,0.029361
1253,0.0471779,0.029361
1254,0.0473735,0.0298458
1255,0.0481287,0.030168
1256,0.0494114,0.0307458
1257,0.0494114,0.0307458
1258,0.0492118,0.030597
1259,0.0483783,0.0299387
1260,0.0479944,0.0294138
1261,0.0479944,0.0294138
1262,0.0477561,0.0293705
1263,0.0480135,0.0294319
1264,0.0469113,0.0292601
1265,0.0463474,0.0284269
1266,0.0463474,0.0284269
1267,0.0470154,0.0289723
1268,0.0470154,0.0289723
1269,0.0470154,0.0289723
1270,0.0475004,0.0294464
1271,0.0475004,0.0294464
1272,0.0474265,0.0288174
1273,0.0468742,0.0289674
1274,0.0468742,0.0289674
1275,0.0466321,0.0287274
1276,0.0461808,0.0284935
1277,0.0469434,0.0289665
1278,0.0464281,0.0286519
1279,0.0463771,0.0285109
1280,0.0474945,0.0290796
1281,0.0464797,0.0288047
1282,0.0464797,0.0288047
1283,0.046441,0.0286971
1284,0.046441,0.0286971
1285,0.045296,0.0282231
1286,0.044833,0.0281099
1287,0.0441542,0.0275445
1288,0.0449779,0.0277515
1289,0.0448176,0.027577
1290,0.0442494,0.0269493
1291,0.0442494,0.0269493
1292,0.0442494,0.0269493
1293,0.0453465,0.0280036
1294,0.045876,0.0279795
1295,0.045876,0.0279795
1296,0.0447391,0.0271543
1297,0.0447391,0.0271543
1298,0.0454831,0.02809
1299,0.0454831,0.02809
1300,0.0447089,0.0277314
1301,0.0452781,0.0278012
1302,0.0449094,0.0276619
1303,0.0458529,0.0279625
1304,0.045079,0.0278077
1305,0.044154,0.0278855
1306,0.0448523,0.0272011
1307,0.0448523,0.0272011
1308,0.043771,0.0267584
1309,0.043771,0.0267584
1310,0.0439643,0.0263892
1311,0.0439643,0.0263892
1312,0.0444691,0.0269736
1313,0.0430857,0.0266844
1314,0.0430857,0.0266844
1315,0.0446074,0.0274954
1316,0.0448338,0.0275358
1317,0.0445678,0.0272368
1318,0.0445678,0.0272368
1319,0.0453766,0.0275486
1320,0.0453766,0.0275486
1321,0.0456921,0.0282205
1322,0.0471704,0.0296427
1323,0.0461836,0.0282011
1324,0.0461836,0.0282011
1325,0.0460971,0.028489
1326,0.0461157,0.0282066
1327,0.0461157,0.0282066
1328,0.0461086,0.0288539
1329,0.0472991,0.0289998
1330,0.0459366,0.0284173
1331,0.0452972,0.0286045
1332,0.0461126,0.0283991
1333,0.0467585,0.0286162
1334,0.0467585,0.0286162
1335,0.0482939,0.0295408
1336,0.0477422,0.0291028
1337,0.047739,0.0296306
1338,0.0473569,0.0293128
1339,0.0473569,0.0293128
1340,0.0470732,0.0290727
1341,0.0482339,0.0291384
1342,0.0484398,0.02967
1343,0.0489547,0.0302214
1344,0.0489547,0.0302214
1345,0.0471838,0.02948
1346,0.0470038,0.0292142
1347,0.0470038,0.0292142
1348,0.04733,0.0295524
1349,0.04733,0.0295524
1350,0.0475394,0.0290169
1351,0.0475394,0.0290169
1352,0.0470484,0.0294519
1353,0.0476526,0.0293541
1354,0.0460161,0.0282995
1355,0.0460161,0.0282995
1356,0.0464306,0.0289181
1357,0.0472868,0.029419
1358,0.0461026,0.0279983
1359,0.0472784,0.028658
1360,0.0456628,0.0281974
1361,0.0456628,0.0281974
1362,0.0464711,0.028576
1363,0.0464711,0.028576
1364,0.045782,0.0282366
1365,0.0444698,0.0280114
1366,0.0458087,0.0283141
1367,0.0467109,0.0290751
1368,0.047443,0.0290881
1369,0.0452352,0.0276176
1370,0.0457499,0.028014
1371,0.0447086,0.0275451
1372,0.0447086,0.0275451
1373,0.0452044,0.0275861
1374,0.0457558,0.02762
1375,0.0455304,0.0280613
1376,0.0452081,0.0276835
1377,0.0458728,0.0281682
1378,0.0458728,0.0281682
1379,0.0468148,0.0284257
1380,0.0478334,0.0294531
1381,0.0452578,0.0280981
1382,0.044499,0.0280125
1383,0.044499,0.0280125
1384,0.044499,0.0280125
1385,0.0437871,0.0275675
1386,0.0437871,0.0275675
1387,0.0428566,0.0266947
1388,0.0428566,0.0266947
1389,0.0428133,0.026607
1390,0.0443232,0.0271713
1391,0.0432779,0.0269945
1392,0.0436634,0.0271562
1393,0.0436634,0.0271562
1394,0.0436634,0.0271562
1395,0.0430891,0.0264089
1396,0.0430891,0.0264089
1397,0.0430891,0.0264089
1398,0.0430891,0.0264089
1399,0.0430891,0.0264089
1400,0.045834,0.0282481
1401,0.045834,0.0282481
1402,0.045834,0.0282481
1403,0.045834,0.0282481
1404,0.0449041,0.0273162
1405,0.0451678,0.027864
1406,0.0451678,0.027864
1407,0.044824,0.0280703
1408,0.0436826,0.0275073
1409,0.0436826,0.0275073
1410,0.0440506,0.0276168
1411,0.0440506,0.0276168
1412,0.0443176,0.0273001
1413,0.0454117,0.0278837
1414,0.0444987,0.027218
1415,0.0444987,0.027218
1416,0.0444651,0.0278418
1417,0.0442056,0.0281237
1418,0.0443237,0.0275618
1419,0.0443237,0.0275618
1420,0.0439176,0.0270612
1421,0.0439176,0.0270612
1422,0.0439176,0.0270612
1423,0.044553,0.0276377
1424,0.044553,0.0276377
1425,0.0438452,0.0272066
1426,0.0438452,0.0272066
1427,0.0447678,0.0274591
1428,0.0436798,0.027448
1429,0.0445915,0.0281034
1430,0.0445915,0.0281034
1431,0.0440972,0.0275837
1432,0.0433612,0.0270892
1433,0.0445658,0.0272882
1434,0.0453174,0.0283491
1435,0.0463339,0.0285439
1436,0.0463339,0.0285439
1437,0.0462572,0.028693
1438,0.0457968,0.0276703
1439,0.04535,0.0278407
1440,0.0454322,0.0276874
1441,0.0454322,0.0276874
1442,0.0455678,0.0282766
1443,0.0450959,0.027854
1444,0.044748,0.0272653
1445,0.0447821,0.0267903
1446,0.0447821,0.0267903
1447,0.0447484,0.0271526
1448,0.0447484,0.0271526
1449,0.0456513,0.0282064
1450,0.0449352,0.0276667
1451,0.0449352,0.0276667
1452,0.0449352,0.0276667
1453,0.0436465,0.0264528
1454,0.0440568,0.0273104
1455,0.0440568,0.0273104
1456,0.0453747,0.0281106
1457,0.0441708,0.0278953
1458,0.0452334,0.029053
1459,0.044518,0.0278855
1460,0.044518,0.0278855
1461,0.0448809,0.0281688
1462,0.0454445,0.0281992
1463,0.0454445,0.0281992
1464,0.0453983,0.0277283
1465,0.0453234,0.0270338
1466,0.0451813,0.0276626
1467,0.0451813,0.0276626
1468,0.0449602,0.0281747
1469,0.0463537,0.0284943
1470,0.0476587,0.0294477
1471,0.0483555,0.030397
1472,0.0483555,0.030397
1473,0.0481178,0.029647
1474,0.0480781,0.0296042
1475,0.0471332,0.0290022
1476,0.0471332,0.0290022
1477,0.0469225,0.0284373
1478,0.0469225,0.0284373
1479,0.0461157,0.027828
1480,0.0461157,0.027828
1481,0.0461157,0.027828
1482,0.0444508,0.0271928
1483,0.0442241,0.0272727
1484,0.0437746,0.0266757
1485,0.0437746,0.0266757
1486,0.0440445,0.0266282
1487,0.0440445,0.0266282
1488,0.0442485,0.0276571
1489,0.0439844,0.0278849
1490,0.0439844,0.0278849
1491,0.0437268,0.0278139
1492,0.0432053,0.0269918
1493,0.0427288,0.0265828
1494,0.0425222,0.0261275
1495,0.0425222,0.0261275
1496,0.0429134,0.0266119
1497,0.0437578,0.0267933
1498,0.0437578,0.0267933
1499,0.0444809,0.0270978
1500,0.0441516,0.0274092
1501,0.0445545,0.0269771
1502,0.0446838,0.0274959
1503,0.0441116,0.0276214
1504,0.0441116,0.0276214
1505,0.0446833,0.0272568
1506,0.0446833,0.0272568
1507,0.0449643,0.027366
1508,0.0437251,0.0272383
1509,0.0444578,0.0272677
1510,0.0444,0.0281878
1511,0.0444,0.0281878
1512,0.0444,0.0281878
1513,0.0452593,0.0287918
1514,0.0450747,0.0279129
1515,0.0454599,0.0283918
1516,0.0456834,0.0281095
1517,0.0452602,0.0284983
1518,0.0447374,0.0277216
1519,0.0447374,0.0277216
1520,0.0447374,0.0277216
1521,0.0454663,0.0277803
1522,0.0445996,0.0276365
1523,0.044413,0.0279939
1524,0.0448795,0.027597
1525,0.0443884,0.0273867
1526,0.0449955,0.0274133
1527,0.0449955,0.0274133
1528,0.0443315,0.027608
1529,0.0443315,0.027608
1530,0.0451643,0.0279793
1531,0.0451643,0.0279793
1532,0.0451643,0.0279793
1533,0.0451643,0.0279793
1534,0.0449825,0.028018
1535,0.0449116,0.0273402
1536,0.0449043,0.0282538
1537,0.0449043,0.0282538
1538,0.0449043,0.0282538
1539,0.0442501,0.027141
1540,0.0451863,0.0279225
1541,0.0451863,0.0279225
1542,0.0442184,0.0269517
1543,0.0442184,0.0269517
1544,0.0448863,0.0275291
1545,0.0444718,0.0274492
1546,0.0444222,0.0272408
1547,0.0439262,0.0270692
1548,0.0440404,0.0274112
1549,0.0459073,0.0290019
1550,0.0458144,0.0290265
1551,0.0458144,0.0290265
1552,0.0458144,0.0290265
1553,0.0464405,0.0289558
1554,0.0450933,0.0282107
1555,0.0454045,0.0287866
1556,0.0454045,0.0287866
1557,0.0458061,0.028629
1558,0.0468928,0.0285962
1559,0.0482434,0.0297574
1560,0.0475907,0.0295343
1561,0.0464324,0.0287482
1562,0.0471143,0.028966
1563,0.0461132,0.0281304
1564,0.0461132,0.0281304
1565,0.047457,0.0291591
1566,0.0471322,0.029261
1567,0.0462184,0.0284148
1568,0.0462184,0.0284148
1569,0.0466899,0.0286156
1570,0.0478827,0.0290849
1571,0.0477633,0.0293856
1572,0.0477633,0.0293856
1573,0.0471083,0.0294041
1574,0.0462478,0.0284737
1575,0.0463799,0.028632
1576,0.0462706,0.029132
1577,0.0448015,0.0276762
1578,0.0448015,0.0276762
1579,0.0454373,0.0284268
1580,0.0454373,0.0284268
1581,0.0460347,0.029047
1582,0.0455607,0.0284769
1583,0.0461904,0.0291504
1584,0.0465088,0.0282638
1585,0.0463802,0.0282063
1586,0.0459974,0.0283803
1587,0.0463818,0.0288515
1588,0.0475793,0.0297142
1589,0.0469689,0.0298265
1590,0.0472354,0.0296458
1591,0.0472354,0.0296458
1592,0.0455312,0.0281911
1593,0.0462672,0.0287753
1594,0.0456102,0.0285835
1595,0.0469813,0.0291576
1596,0.0469813,0.0291576
1597,0.0469813,0.0291576
1598,0.0454524,0.0278435
1599,0.0457989,0.0279923
1600,0.0465477,0.0287602
1601,0.0465477,0.0287602
1602,0.0456123,0.028137
1603,0.0451124,0.0279989
1604,0.0451124,0.0279989
1605,0.0451124,0.0279989
1606,0.0450832,0.0279748
1607,0.0458361,0.0284059
1608,0.0458361,0.0284059
1609,0.0454023,0.0286876
1610,0.0480449,0.0292302
1611,0.0480449,0.0292302
1612,0.0480449,0.0292302
1613,0.0480432,0.0302338
1614,0.0487789,0.0298791
1615,0.0478155,0.0297142
1616,0.0480362,0.0296674
1617,0.0503489,0.0311564
1618,0.0502826,0.0314062
1619,0.0470464,0.0293151
1620,0.0470464,0.0293151
1621,0.0472541,0.0291668
1622,0.0486995,0.0296469
1623,0.0490908,0.0303717
1624,0.0490908,0.0303717
1625,0.0477885,0.0297906
1626,0.0477885,0.0297906
1627,0.0471328,0.0294911
1628,0.0476357,0.0289832
1629,0.0472642,0.0290597
1630,0.0466001,0.028526
1631,0.0468591,0.0287693
1632,0.0466598,0.0288677
1633,0.0461688,0.0295517
1634,0.0464823,0.0286143
1635,0.0464823,0.0286143
1636,0.0471338,0.0286858
1637,0.0465266,0.0284018
1638,0.0465266,0.0284018
1639,0.0459823,0.0282289
1640,0.0459823,0.0282289
1641,0.0459823,0.0282289
1642,0.0464934,0.0283581
1643,0.0464934,0.0283581
1644,0.0474104,0.029014
1645,0.0474104,0.029014
1646,0.0474104,0.029014
1647,0.0474294,0.0299192
1648,0.0471236,0.0296401
1649,0.048443,0.0301026
1650,0.048443,0.0301026
1651,0.048443,0.0301026
1652,0.04815,0.0301186
1653,0.0488091,0.0303573
1654,0.0490861,0.0310531
1655,0.0503547,0.0308497
1656,0.0497087,0.0313288
1657,0.0472594,0.0301582
1658,0.0472455,0.0295618
1659,0.0469891,0.0291845
1660,0.0465465,0.0294251
1661,0.0467446,0.029652
1662,0.0464413,0.0293981
1663,0.0466426,0.0298841
1664,0.0471041,0.0296893
1665,0.0471041,0.0296893
1666,0.0456646,0.0282149
1667,0.0464997,0.0282192
1668,0.0464997,0.0282192
1669,0.0464997,0.0282192
1670,0.0446002,0.0275188
1671,0.0446002,0.0275188
1672,0.0454976,0.0280084
1673,0.0443444,0.0274502
1674,0.0443444,0.0274502
1675,0.0443444,0.0274502
1676,0.0446485,0.0277919
1677,0.0443811,0.0277917
1678,0.0443224,0.0276187
1679,0.0460648,0.0287346
1680,0.0459049,0.0285337
1681,0.0464484,0.0288926
1682,0.0466661,0.0286073
1683,0.0460545,0.0283276
1684,0.0460545,0.0283276
1685,0.0447188,0.027404
1686,0.0454823,0.0278088
1687,0.0448158,0.0279175
1688,0.0464333,0.0285809
1689,0.045362,0.0284467
1690,0.0454095,0.0280142
1691,0.0464677,0.0281793
1692,0.0464677,0.0281793
1693,0.0471396,0.0287819
1694,0.0459908,0.0278606
1695,0.0455313,0.0275517
1696,0.0455878,0.0279535
1697,0.045924,0.0276869
1698,0.0446276,0.0271663
1699,0.0442931,0.0275456
1700,0.0445385,0.0280893
1701,0.04593,0.0283137
1702,0.0449188,0.0280038
1703,0.0449188,0.0280038
1704,0.0458321,0.0281501
1705,0.0457914,0.0282099
1706,0.0458275,0.0280868
1707,0.0458275,0.0280868
1708,0.0458275,0.0280868
1709,0.0462188,0.0282722
1710,0.0462188,0.0282722
1711,0.0462188,0.0282722
1712,0.0462188,0.0282722
1713,0.0462188,0.0282722
1714,0.0457261,0.0284557
1715,0.0455501,0.0279671
1716,0.0463153,0.0284051
1717,0.0474333,0.0291771
1718,0.0474333,0.0291771
1719,0.0472541,0.0296976
1720,0.0479877,0.0302893
1721,0.0476929,0.0304858
1722,0.0476929,0.0304858
1723,0.0471474,0.0294963
1724,0.0468527,0.0297579
1725,0.0460282,0.0286169
1726,0.0469883,0.0292322
1727,0.046012,0.0285356
1728,0.046438,0.0287816
1729,0.0466984,0.0288692
1730,0.0465826,0.0291465
1731,0.0472433,0.0291235
1732,0.0472433,0.0291235
1733,0.0459296,0.0285492
1734,0.0472485,0.0295793
1735,0.0483526,0.0299891
1736,0.0487071,0.0303016
1737,0.0487584,0.0296038
1738,0.047355,0.028674
1739,0.047355,0.028674
1740,0.0492067,0.0300227
1741,0.0503281,0.0312121
1742,0.0510659,0.0309569
1743,0.0496969,0.0309708
1744,0.0494199,0.0308854
1745,0.0483429,0.0302536
1746,0.0490756,0.0304412
1747,0.0494651,0.031424
1748,0.049387,0.031074
1749,0.0492433,0.0309877
1750,0.048981,0.0308138
1751,0.0487842,0.0311817
1752,0.0474697,0.0298047
1753,0.0479875,0.029445
1754,0.0461887,0.0286309
1755,0.0459536,0.0285663
1756,0.0448809,0.0287128
1757,0.0462895,0.0284507
1758,0.0459225,0.0280831
1759,0.0459225,0.0280831
1760,0.0459225,0.0280831
1761,0.0460237,0.0286194
1762,0.0460237,0.0286194
1763,0.0445316,0.0279195
1764,0.0450573,0.0274091
1765,0.044893,0.0276179
1766,0.044893,0.0276179
1767,0.044893,0.0276179
1768,0.044893,0.0276179
1769,0.044893,0.0276179
1770,0.0453001,0.0278693
1771,0.04445,0.0274224
1772,0.0442671,0.027387
1773,0.0439998,0.0267913
1774,0.0444257,0.0271877
1775,0.0443773,0.027494
1776,0.0443773,0.027494
1777,0.0438796,0.0274498
1778,0.0450352,0.0277044
1779,0.0450352,0.0277044
1780,0.0433373,0.0273748
1781,0.0445689,0.0277746
1782,0.0445299,0.0274749
1783,0.0456192,0.0278499
1784,0.044408,0.0273859
1785,0.0436842,0.0269923
1786,0.0436659,0.0265671
1787,0.0436659,0.0265671
1788,0.0441948,0.0269471
1789,0.0428953,0.0259967
1790,0.042074,0.0260273
1791,0.0433294,0.0265349
1792,0.0429773,0.0271145
1793,0.0430165,0.026564
1794,0.0430165,0.026564
1795,0.0427328,0.026447
1796,0.0427328,0.026447
1797,0.0439014,0.0271943
1798,0.043448,0.0265436
1799,0.043448,0.0265436
1800,0.0434955,0.0262872
1801,0.0439837,0.0268255
1802,0.0419591,0.0253521
1803,0.0425754,0.0257298
1804,0.0432802,0.0263488
1805,0.0430041,0.0264129
1806,0.0423078,0.0258423
1807,0.0419566,0.0255766
1808,0.0432191,0.0262661
1809,0.0428629,0.0259939
1810,0.0428629,0.0259939
1811,0.042514,0.0257153
1812,0.0426903,0.0262191
1813,0.0425736,0.0263093
1814,0.0425342,0.0265852
1815,0.0438356,0.0272369
1816,0.0442596,0.0273987
1817,0.0442596,0.0273987
1818,0.0435379,0.0265225
1819,0.0437145,0.0266389
1820,0.0436657,0.0264199
1821,0.0439442,0.0261366
1822,0.0426083,0.0261081
1823,0.0434617,0.0265721
1824,0.0428815,0.0262598
1825,0.0428815,0.0262598
1826,0.0440809,0.02749
1827,0.0429632,0.0260397
1828,0.0429632,0.0260397
1829,0.0430774,0.0265955
1830,0.0430633,0.0265658
1831,0.0439482,0.0272318
1832,0.0458898,0.0280866
1833,0.0441689,0.0275515
1834,0.0441689,0.0275515
1835,0.0447238,0.0279637
1836,0.0447238,0.0279637
1837,0.0445669,0.0277044
1838,0.0431436,0.0264446
1839,0.0431436,0.0264446
1840,0.0438152,0.0272101
1841,0.0438152,0.0272101
1842,0.04392,0.0271303
1843,0.0443164,0.0269462
1844,0.0443164,0.0269462
1845,0.0443164,0.0269462
1846,0.0447792,0.0273585
1847,0.0439549,0.0269525
1848,0.0436507,0.0266162
1849,0.0436507,0.0266162
1850,0.0437344,0.0270919
1851,0.0456188,0.0274837
1852,0.0463014,0.0283841
1853,0.0459747,0.028453
1854,0.0445746,0.0277283
1855,0.0445746,0.0277283
1856,0.0436363,0.0269505
1857,0.0438844,0.0265701
1858,0.0434829,0.0266348
1859,0.0433326,0.0264809
1860,0.0436935,0.0263217
1861,0.0436935,0.0263217
1862,0.0438371,0.0267779
1863,0.0438371,0.0267779
1864,0.0439826,0.0268792
1865,0.0439826,0.0268792
1866,0.0444752,0.0273945
1867,0.0454773,0.0279454
1868,0.0440391,0.0269682
1869,0.0442584,0.02749
1870,0.0432411,0.0271648
1871,0.0429604,0.026575
1872,0.0432413,0.0267703
1873,0.0432413,0.0267703
1874,0.0434269,0.0270602
1875,0.0434269,0.0270602
1876,0.0443344,0.0278174
1877,0.0436926,0.0272777
1878,0.0436926,0.0272777
1879,0.043212,0.0269882
1880,0.0444181,0.027689
1881,0.0451714,0.0280356
1882,0.0441872,0.0272581
1883,0.043691,0.0265213
1884,0.043691,0.0265213
1885,0.043678,0.0268825
1886,0.0437726,0.0270366
1887,0.0451191,0.0278577
1888,0.0451334,0.0275007
1889,0.0451334,0.0275007
1890,0.0451334,0.0275007
1891,0.0451071,0.0277988
1892,0.0446628,0.0274518
1893,0.0446628,0.0274518
1894,0.0446628,0.0274518
1895,0.0446628,0.0274518
1896,0.0431699,0.0262239
1897,0.0431699,0.0262239
1898,0.0452813,0.0272913
1899,0.0447499,0.0275591
1900,0.0442127,0.0271482
1901,0.0442127,0.0271482
1902,0.0442127,0.0271482
1903,0.0440539,0.0272227
1904,0.0437031,0.0276147
1905,0.0437031,0.0276147
1906,0.0440406,0.027847
1907,0.0440202,0.0276399
1908,0.0438328,0.0284886
1909,0.0438089,0.027626
1910,0.0438089,0.027626
1911,0.0433184,0.0266273
1912,0.0433184,0.0266273
1913,0.0436961,0.0267342
1914,0.0436961,0.0267342
1915,0.0438506,0.027325
1916,0.0435894,0.0270037
1917,0.0435894,0.0270037
1918,0.0446944,0.0271623
1919,0.043991,0.0270876
1920,0.043991,0.0270876
1921,0.043991,0.0270876
1922,0.043991,0.0270876
1923,0.043991,0.0270876
1924,0.044329,0.0271022
1925,0.0434826,0.0267411
1926,0.0434826,0.0267411
1927,0.0441172,0.0266315
1928,0.044194,0.0269926
1929,0.0442157,0.0270709
1930,0.0450904,0.0278042
1931,0.0452415,0.027452
1932,0.0452415,0.027452
1933,0.0452415,0.027452
1934,0.0451324,0.027795
1935,0.0451324,0.027795
1936,0.0451324,0.027795
1937,0.0451298,0.0280106
1938,0.0451298,0.0280106
1939,0.0451298,0.0280106
1940,0.0445821,0.0279672
1941,0.0445022,0.0278349
1942,0.0452629,0.0276077
1943,0.0453754,0.028021
1944,0.0453754,0.028021
1945,0.0453754,0.028021
1946,0.0462389,0.028526
1947,0.0465027,0.028776
1948,0.0465027,0.028776
1949,0.0452403,0.0280759
1950,0.0450317,0.0276311
1951,0.0450317,0.0276311
1952,0.0454831,0.0276781
1953,0.0454831,0.0276781
1954,0.0453009,0.0276573
1955,0.0449001,0.0269189
1956,0.0441776,0.027603
1957,0.045254,0.0276261
1958,0.0441866,0.0272089
1959,0.0442886,0.027139
1960,0.0437952,0.0276259
1961,0.0437952,0.0276259
1962,0.0446591,0.0281673
1963,0.0451783,0.028309
1964,0.0451783,0.028309
1965,0.0451783,0.028309
1966,0.0461224,0.0284682
1967,0.0464249,0.0282986
1968,0.0470315,0.0288074
1969,0.045454,0.0281509
1970,0.045454,0.0281509
1971,0.045454,0.0281509
1972,0.045454,0.0281509
1973,0.0459731,0.0284668
1974,0.0463753,0.0281377
1975,0.0461251,0.0282392
1976,0.0461251,0.0282392
1977,0.0454465,0.0275714
1978,0.0442,0.0266106
1979,0.0442,0.0266106
1980,0.0444601,0.0270392
1981,0.0444601,0.0270392
1982,0.0438012,0.0267935
1983,0.044152,0.0274483
1984,0.043815,0.0268698
1985,0.043815,0.0268698
1986,0.043815,0.0268698
1987,0.04394,0.0267039
1988,0.0438125,0.0271253
1989,0.0438125,0.0271253
1990,0.0444957,0.0276296
1991,0.0441991,0.0274945
1992,0.0444484,0.0278294
1993,0.0431174,0.0267266
1994,0.0426354,0.0262182
1995,0.0437478,0.0271482
1996,0.0436587,0.0269155
1997,0.0444496,0.0270108
1998,0.0451918,0.0276223
1999,0.0437648,0.0272875
2000,0.0440583,0.0275687
2001,0.0431814,0.027173
2002,0.0446423,0.0274782
2003,0.0444972,0.0276319
2004,0.0444972,0.0276319
2005,0.0444972,0.0276319
2006,0.0443403,0.0277337
2007,0.0431977,0.0266127
2008,0.0431977,0.0266127
2009,0.0431977,0.0266127
2010,0.0438818,0.0269084
2011,0.0438818,0.0269084
2012,0.0432985,0.0267479
2013,0.0436267,0.0272754
2014,0.0436267,0.0272754
2015,0.043432,0.0272561
2016,0.043432,0.0272561
2017,0.0430112,0.026883
2018,0.0430112,0.026883
2019,0.0430112,0.026883
2020,0.0444458,0.0281249
2021,0.0444458,0.0281249
2022,0.0449761,0.0282855
2023,0.0449003,0.027971
2024,0.0442167,0.0274017
2025,0.0442167,0.0274017
2026,0.0432212,0.0265269
2027,0.0432212,0.0265269
2028,0.0419628,0.0258194
2029,0.0415002,0.0252959
2030,0.0415002,0.0252959
2031,0.0415002,0.0252959
2032,0.041322,0.0247309
2033,0.041322,0.0247309
2034,0.0409173,0.0247684
2035,0.0417494,0.0248703
2036,0.0421967,0.0254664
2037,0.0432489,0.0260777
2038,0.0432489,0.0260777
2039,0.0432489,0.0260777
2040,0.0432489,0.0260777
2041,0.043353,0.0258721
2042,0.0436148,0.0259888
2043,0.043675,0.0264117
2044,0.0432789,0.0264213
2045,0.0434125,0.0266098
2046,0.0437834,0.0272059
2047,0.0440703,0.0269447
2048,0.0431225,0.026912
2049,0.0447011,0.0275907
2050,0.0440166,0.0278324
2051,0.0452793,0.0283979
2052,0.0452793,0.0283979
2053,0.0449584,0.028312
2054,0.0449584,0.028312
2055,0.0443729,0.0280707
2056,0.044555,0.0276233
2057,0.044555,0.0276233
2058,0.044555,0.0276233
2059,0.0436294,0.0277271
2060,0.0439544,0.0276263
2061,0.0439544,0.0276263
2062,0.0438261,0.0273139
2063,0.0441155,0.0272725
2064,0.0441195,0.0275971
2065,0.0438266,0.0274735
2066,0.0437788,0.0271199
2067,0.0439586,0.027
2068,0.0439586,0.027
2069,0.0438574,0.0270965
2070,0.0436157,0.0266108
2071,0.0433455,0.0260636
2072,0.0433455,0.0260636
2073,0.0450687,0.027244
2074,0.0438802,0.0270823
2075,0.0444475,0.0273134
2076,0.0444475,0.0273134
2077,0.0442222,0.0272858
2078,0.0442222,0.0272858
2079,0.0450588,0.0276933
2080,0.0450588,0.0276933
2081,0.044708,0.0277459
2082,0.0443061,0.0272005
2083,0.0436557,0.0272036
2084,0.0436557,0.0272036
2085,0.0432353,0.026572
2086,0.0440732,0.0272563
2087,0.0440732,0.0272563
2088,0.0445378,0.0273231
2089,0.0449334,0.02745
2090,0.0446843,0.0276444
2091,0.045988,0.0282701
2092,0.045988,0.0282701
2093,0.045988,0.0282701
2094,0.0440714,0.0274432
2095,0.0449133,0.0275736
2096,0.0449133,0.0275736
2097,0.0461914,0.0285831
2098,0.046073,0.0283849
2099,0.0458267,0.0274221
2100,0.0454968,0.0280399
2101,0.0460372,0.0278239
2102,0.0454869,0.0279968
2103,0.0454869,0.0279968
2104,0.0457652,0.0278789
2105,0.0459587,0.0277625
2106,0.0459732,0.028146
2107,0.045797,0.0273207
2108,0.0455156,0.0274811
2109,0.0455156,0.0274811
2110,0.0446503,0.0275333
2111,0.0440818,0.026929
2112,0.0443096,0.02705
2113,0.0444083,0.0267796
2114,0.0428735,0.0264284
2115,0.0433535,0.0260519
2116,0.0442307,0.027301
2117,0.043244,0.0268383
2118,0.0452662,0.0274207
2119,0.0467592,0.0285178
2120,0.0460619,0.0288273
2121,0.0470339,0.0290261
2122,0.0467476,0.0289498
2123,0.0476431,0.0294979
2124,0.0476431,0.0294979
2125,0.0476431,0.0294979
2126,0.0474758,0.0298943
2127,0.0478256,0.02957
2128,0.0478256,0.02957
2129,0.0489799,0.0304033
2130,0.0480321,0.0302379
2131,0.0480321,0.0302379
2132,0.0477351,0.0296734
2133,0.0488133,0.0305015
2134,0.04858,0.0305919
2135,0.0481821,0.0299308
2136,0.0472326,0.0292248
2137,0.0488663,0.0295748
2138,0.0488663,0.0295748
2139,0.0487604,0.0299776
2140,0.0484135,0.0298161
2141,0.0474798,0.0295676
2142,0.0473778,0.0293355
2143,0.0473778,0.0293355
2144,0.0473778,0.0293355
2145,0.046927,0.0293838
2146,0.0473716,0.0299097
2147,0.0466372,0.0290734
2148,0.046207,0.0292681
2149,0.046207,0.0292681
2150,0.0459328,0.0287588
2151,0.045173,0.0282302
2152,0.045173,0.0282302
2153,0.0457584,0.028421
2154,0.0463854,0.0286037
2155,0.0454319,0.0281871
2156,0.0466593,0.028464
2157,0.0463115,0.0282531
2158,0.0433321,0.0265001
2159,0.0442366,0.0275011
2160,0.0442366,0.0275011
2161,0.0446784,0.027379
2162,0.0446788,0.0270812
2163,0.0440307,0.0269032
2164,0.0436168,0.0267051
2165,0.0436168,0.0267051
2166,0.0431271,0.0261914
2167,0.0431271,0.0261914
2168,0.0428638,0.0257207
2169,0.0428418,0.0259071
2170,0.0426906,0.0258803
2171,0.0426906,0.0258803
2172,0.0426906,0.0258803
2173,0.0434904,0.0264669
2174,0.0433236,0.0264151
2175,0.0439793,0.0266383
2176,0.0437322,0.0260066
2177,0.0437322,0.0260066
2178,0.0447257,0.0270507
2179,0.0457809,0.0275731
2180,0.0457809,0.0275731
2181,0.0455779,0.0273192
2182,0.0463329,0.0280028
2183,0.0457659,0.0287218
2184,0.0457659,0.0287218
2185,0.0464078,0.0288781
2186,0.0464394,0.0285416
2187,0.0464394,0.0285416
2188,0.0464394,0.0285416
2189,0.0470723,0.0291792
2190,0.0467384,0.0291039
2191,0.0458961,0.0284573
2192,0.0463211,0.0286311
2193,0.0471923,0.0295091
2194,0.0482619,0.0299758
2195,0.0482619,0.0299758
2196,0.0485068,0.0299225
2197,0.0485068,0.0299225
2198,0.0479721,0.0295976
2199,0.047242,0.0292836
2200,0.0478625,0.0298194
2201,0.0474263,0.0291922
2202,0.0474263,0.0291922
2203,0.0484314,0.0298243
2204,0.0484314,0.0298243
2205,0.0466409,0.0293105
2206,0.0473755,0.029629
2207,0.0482556,0.0307876
2208,0.0482556,0.0307876
2209,0.046831,0.0297075
2210,0.0471662,0.0302659
2211,0.045735,0.0290222
2212,0.0459698,0.0292957
2213,0.045302,0.0284321
2214,0.045302,0.0284321
2215,0.0448194,0.0284502
2216,0.0450109,0.0285988
2217,0.0450109,0.0285988
2218,0.0450109,0.0285988
2219,0.0450109,0.0285988
2220,0.045203,0.0287397
2221,0.0460801,0.0288396
2222,0.0451892,0.0286533
2223,0.0455399,0.028024
2224,0.0457098,0.0282715
2225,0.0442609,0.0270084
2226,0.0441189,0.0271284
2227,0.0439224,0.0270919
2228,0.0435282,0.0265353
2229,0.0436201,0.0262176
2230,0.0436762,0.0261343
2231,0.0430388,0.0260818
2232,0.0430388,0.0260818
2233,0.0430388,0.0260818
2234,0.043735,0.0265881
2235,0.0439033,0.026611
2236,0.0438861,0.0266747
2237,0.0443776,0.0269291
2238,0.0449395,0.0275015
2239,0.0442956,0.0272526
2240,0.0442956,0.0272526
2241,0.0450635,0.0276648
2242,0.0458142,0.027738
2243,0.0444688,0.0271192
2244,0.0444688,0.0271192
2245,0.043871,0.0268123
2246,0.043871,0.0268123
2247,0.0445573,0.0271684
2248,0.0445573,0.0271684
2249,0.0431184,0.0261323
2250,0.0431184,0.0261323
2251,0.0430504,0.0267049
2252,0.042923,0.0264653
2253,0.043403,0.0267782
2254,0.044142,0.0270252
2255,0.0438328,0.027031
2256,0.0449064,0.0279884
2257,0.0451897,0.0281686
2258,0.0451897,0.0281686
2259,0.0451897,0.0281686
2260,0.0448977,0.0279512
2261,0.0448977,0.0279512
2262,0.0446746,0.0283662
2263,0.0438925,0.0272669
2264,0.0438925,0.0272669
2265,0.0452238,0.0276526
2266,0.0452238,0.0276526
2267,0.0452238,0.0276526
2268,0.0452238,0.0276526
2269,0.0452238,0.0276526
2270,0.0453522,0.0276245
2271,0.04631,0.0281787
2272,0.0459432,0.0277922
2273,0.0459432,0.0277922
2274,0.045182,0.0275689
2275,0.045182,0.0275689
2276,0.0449504,0.028123
2277,0.0456038,0.028042
2278,0.0456038,0.028042
2279,0.0454416,0.0278067
2280,0.0449982,0.0274195
2281,0.0442768,0.0276505
2282,0.0442768,0.0276505
2283,0.0450055,0.0278384
2284,0.0445703,0.027302
2285,0.0445703,0.027302
2286,0.0461614,0.0280909
2287,0.0474161,0.0284545
2288,0.0472234,0.0285991
2289,0.0488225,0.0291432
2290,0.0484015,0.029055
2291,0.0484015,0.029055
2292,0.0480036,0.029088
2293,0.0480036,0.029088
2294,0.047849,0.0289912
2295,0.0469889,0.0289396
2296,0.0469889,0.0289396
2297,0.0469889,0.0289396
2298,0.0459188,0.0286871
2299,0.0455303,0.0283527
2300,0.0447407,0.027302
2301,0.0446844,0.0271202
2302,0.0446844,0.0271202
2303,0.0448476,0.027539
2304,0.044244,0.027292
2305,0.0445719,0.0272127
2306,0.0439461,0.0268494
2307,0.0433268,0.0263717
2308,0.0433268,0.0263717
2309,0.0424696,0.0262518
2310,0.0429201,0.0262247
2311,0.0428339,0.0263101
2312,0.0428339,0.0263101
2313,0.0428339,0.0263101
2314,0.0427007,0.0262133
2315,0.0427007,0.0262133
2316,0.0426869,0.0264144
2317,0.0426869,0.0264144
2318,0.0426869,0.0264144
2319,0.0426869,0.0264144
2320,0.0428689,0.0264551
2321,0.0428689,0.0264551
2322,0.044044,0.0268117
2323,0.044044,0.0268117
2324,0.0433442,0.0265012
2325,0.0433442,0.0265012
2326,0.0449497,0.0269895
2327,0.0444866,0.0267882
2328,0.0444866,0.0267882
2329,0.0442188,0.026858
2330,0.0435662,0.0269371
2331,0.0435662,0.0269371
2332,0.0440885,0.0272888
2333,0.0440885,0.0272888
2334,0.0436407,0.0263539
2335,0.043472,0.0265976
2336,0.043472,0.0265976
2337,0.043472,0.0265976
2338,0.0439286,0.0269144
2339,0.0438445,0.0267273
2340,0.0437204,0.0266614
2341,0.0436293,0.0267668
2342,0.0448176,0.0276962
2343,0.0443638,0.0271651
2344,0.0443638,0.0271651
2345,0.043849,0.0267587
2346,0.0436846,0.0272197
2347,0.0436121,0.0270812
2348,0.0433876,0.0269338
2349,0.0433876,0.0269338
2350,0.0433876,0.0269338
2351,0.043771,0.0271688
2352,0.0437973,0.0268233
2353,0.0437973,0.0268233
2354,0.0435174,0.0264767
2355,0.0439711,0.0267064
2356,0.0439711,0.0267064
2357,0.0439711,0.0267064
2358,0.0438661,0.026871
2359,0.0438661,0.026871
2360,0.0438661,0.026871
2361,0.0433356,0.0265972
2362,0.0433929,0.0265013
2363,0.0447171,0.0274178
2364,0.0447171,0.0274178
2365,0.0448352,0.027358
2366,0.0446891,0.0270751
2367,0.0437645,0.0266602
2368,0.0435717,0.0262726
2369,0.0429108,0.0261046
2370,0.0448051,0.027037
2371,0.0441762,0.0268654
2372,0.0441762,0.0268654
2373,0.0441487,0.0267175
2374,0.0454644,0.0271792
2375,0.0447553,0.0272794
2376,0.0447553,0.0272794
2377,0.0440611,0.0268948
2378,0.0450134,0.0275985
2379,0.0448247,0.0270363
2380,0.0440857,0.026462
2381,0.0447472,0.0269142
2382,0.0447192,0.0266902
2383,0.0435459,0.0263553
2384,0.0435459,0.0263553
2385,0.0435114,0.0262409
2386,0.0434349,0.0265672
2387,0.0436013,0.0263436
2388,0.0431315,0.0262459
2389,0.0433598,0.026352
2390,0.0429379,0.0264473
2391,0.0429379,0.0264473
2392,0.0434083,0.0266131
2393,0.0434083,0.0266131
2394,0.0434083,0.0266131
2395,0.0434203,0.0267996
2396,0.0428897,0.0263848
2397,0.0428897,0.0263848
2398,0.044401,0.0274472
2399,0.0429247,0.0263333
2400,0.0435895,0.0266159
2401,0.043867,0.0273023
2402,0.0458515,0.0280368
2403,0.0455095,0.0288088
2404,0.0455095,0.0288088
2405,0.0455095,0.0288088
2406,0.0457689,0.0285394
2407,0.0461461,0.0286728
2408,0.0462324,0.0291624
2409,0.0466395,0.0290987
2410,0.0470395,0.0293009
2411,0.0467844,0.0290154
2412,0.0473925,0.0296112
2413,0.0473925,0.0296112
2414,0.0473925,0.0296112
2415,0.0466474,0.0289978
2416,0.0466474,0.0289978
2417,0.0466474,0.0289978
2418,0.0454359,0.0291875
2419,0.0445423,0.0282299
2420,0.0455419,0.0286082
2421,0.0456443,0.0284731
2422,0.0450123,0.0278961
2423,0.0447716,0.0278482
2424,0.044302,0.0272117
2425,0.0449465,0.0272973
2426,0.0449465,0.0272973
2427,0.0449465,0.0272973
2428,0.0449465,0.0272973
2429,0.0440107,0.0270267
2430,0.0444879,0.0271539
2431,0.0443414,0.0267097
2432,0.0448042,0.0270864
2433,0.0435617,0.026754
2434,0.0442672,0.0270617
2435,0.0441406,0.0272329
2436,0.044903,0.0276593
2437,0.044903,0.0276593
2438,0.0455498,0.0280988
2439,0.0452538,0.0273651
2440,0.0461969,0.0280037
2441,0.0461969,0.0280037
2442,0.0447851,0.0270842
2443,0.0454532,0.0272036
2444,0.0456686,0.0274398
2445,0.044589,0.0272324
2446,0.045375,0.0271116
2447,0.0446497,0.0272056
2448,0.0452943,0.0275055
2449,0.0455699,0.0277148
2450,0.0443703,0.027524
2451,0.045073,0.027743
2452,0.0445606,0.0272099
2453,0.0453552,0.0279418
2454,0.0461135,0.0284714
2455,0.0460286,0.0280785
2456,0.0460465,0.0283791
2457,0.0466062,0.0283581
2458,0.0466062,0.0283581
2459,0.0468034,0.0280468
2460,0.0468034,0.0280468
2461,0.0462334,0.028156
2462,0.0451219,0.0277154
2463,0.0437708,0.0269393
2464,0.0437708,0.0269393
2465,0.0438202,0.0271064
2466,0.0435477,0.0271801
2467,0.0439767,0.0265147
2468,0.0435092,0.0266918
2469,0.044706,0.0269818
2470,0.0451162,0.028382
2471,0.0458996,0.0286918
2472,0.0454792,0.0286552
2473,0.0457155,0.0284295
2474,0.0454305,0.0281643
2475,0.0451759,0.0283
2476,0.0446562,0.0275917
2477,0.0446562,0.0275917
2478,0.0441892,0.0274618
2479,0.0441892,0.0274618
2480,0.0434358,0.0268303
2481,0.0431022,0.0270973
2482,0.0439846,0.0270952
2483,0.0439846,0.0270952
2484,0.0430532,0.0264885
2485,0.0435101,0.0272239
2486,0.0435101,0.0272239
2487,0.0435101,0.0272239
2488,0.0442821,0.0271574
2489,0.0447575,0.0272744
2490,0.0451368,0.0281494
2491,0.0449596,0.0283077
2492,0.0452042,0.0282027
2493,0.0456688,0.0281284
2494,0.0463017,0.0285765
2495,0.0464623,0.0285914
2496,0.0472217,0.0290635
2497,0.0472217,0.0290635
2498,0.0471069,0.0286765
2499,0.0472659,0.0287808
2500,0.0472659,0.0287808
2501,0.0460214,0.0282311
2502,0.0463658,0.0290871
2503,0.0455184,0.0285656
2504,0.0448159,0.0274529
2505,0.0448388,0.027854
2506,0.0448388,0.027854
2507,0.0460173,0.0281928
2508,0.0444012,0.02828
2509,0.0444434,0.0280713
2510,0.0448954,0.028015
2511,0.0446096,0.0282416
2512,0.0446096,0.0282416
2513,0.0454002,0.0291899
2514,0.0454002,0.0291899
2515,0.0462782,0.0294604
2516,0.0449742,0.0290026
2517,0.0449742,0.0290026
2518,0.0443625,0.0279738
2519,0.0443625,0.0279738
2520,0.0442126,0.0277728
2521,0.0442738,0.0274863
2522,0.0435744,0.0275275
2523,0.0444372,0.0284389
2524,0.0448314,0.0277903
2525,0.0448314,0.0277903
2526,0.045519,0.0280824
2527,0.0456957,0.0284529
2528,0.0456411,0.0281005
2529,0.0456411,0.0281005
2530,0.0458112,0.0284006
2531,0.0463422,0.0289282
2532,0.0460448,0.0286085
2533,0.0461897,0.028904
2534,0.0462866,0.0285704
2535,0.0462866,0.0285704
2536,0.044546,0.0276275
2537,0.0458856,0.0285804
2538,0.045664,0.0279808
2539,0.0452337,0.027986
2540,0.0452337,0.027986
2541,0.0449082,0.027716
2542,0.0444296,0.0278257
2543,0.0444296,0.0278257
2544,0.0444296,0.0278257
2545,0.0439516,0.0276681
2546,0.045106,0.02822
2547,0.0443337,0.027574
2548,0.0444124,0.0279438
2549,0.0451587,0.0280749
2550,0.0461375,0.0284367
2551,0.044907,0.0281479
2552,0.044907,0.0281479
2553,0.044907,0.0281479
2554,0.044683,0.0281084
2555,0.0451397,0.0283224
2556,0.0451397,0.0283224
2557,0.0451397,0.0283224
2558,0.0443447,0.0275356
2559,0.0447402,0.0276824
2560,0.0450253,0.0281575
2561,0.0451584,0.0278826
2562,0.0442196,0.0275303
2563,0.0446694,0.0270614
2564,0.0446874,0.0275404
2565,0.0446874,0.0275404
2566,0.0454411,0.0278586
2567,0.0463476,0.0287364
2568,0.0466873,0.0285579
2569,0.0459662,0.0289048
2570,0.0459662,0.0289048
2571,0.0484672,0.0299991
2572,0.0476552,0.029176
2573,0.0473154,0.0290497
2574,0.0457238,0.0280399
2575,0.0460936,0.029111
2576,0.0470428,0.0295625
2577,0.0474222,0.0296334
2578,0.0457757,0.0285912
2579,0.0466067,0.0286996
2580,0.0460258,0.0288128
2581,0.0446878,0.0281457
2582,0.0446878,0.0281457
2583,0.0446878,0.0281457
2584,0.0454224,0.028566
2585,0.0442845,0.0276792
2586,0.0442845,0.0276792
2587,0.0442435,0.0278608
2588,0.0443344,0.0272146
2589,0.0439261,0.0275908
2590,0.044933,0.0281622
2591,0.044933,0.0281622
2592,0.044104,0.0276882
2593,0.0441535,0.0273288
2594,0.0446848,0.0276288
2595,0.0450677,0.0285192
2596,0.0450677,0.0285192
2597,0.0442952,0.027788
2598,0.0442952,0.027788
2599,0.0442952,0.027788
2600,0.0436728,0.027191
2601,0.0436728,0.027191
2602,0.0454361,0.0282159
2603,0.0462919,0.0283779
2604,0.0465097,0.0290094
2605,0.0465097,0.0290094
2606,0.045749,0.028468
2607,0.0470037,0.0289785
2608,0.046344,0.0286239
2609,0.0453465,0.0278969
2610,0.0449723,0.0276302
2611,0.0454549,0.0277191
2612,0.0451058,0.0275145
2613,0.0455139,0.0276975
2614,0.044519,0.0271668
2615,0.0433255,0.0267305
2616,0.0433255,0.0267305
2617,0.0437769,0.0267833
2618,0.0437769,0.0267833
2619,0.0437769,0.0267833
2620,0.044057,0.027087
2621,0.043614,0.0270682
2622,0.0443454,0.0273574
2623,0.0432423,0.0274906
2624,0.0432423,0.0274906
2625,0.0432423,0.0274906
2626,0.0432423,0.0274906
2627,0.0439277,0.0269813
2628,0.0439171,0.0271987
2629,0.0439171,0.0271987
2630,0.0439171,0.0271987
2631,0.0432453,0.0267299
2632,0.044118,0.0270451
2633,0.0425232,0.026199
2634,0.0435767,0.0265662
2635,0.0435767,0.0265662
2636,0.0435767,0.0265662
2637,0.0452763,0.0274951
2638,0.0449568,0.0279837
2639,0.0442333,0.0273367
2640,0.0449644,0.0273494
2641,0.0441919,0.0263909
2642,0.0441919,0.0263909
2643,0.0439926,0.0265777
2644,0.0439846,0.0269031
2645,0.0439846,0.0269031
2646,0.0440269,0.0270797
2647,0.0440269,0.0270797
2648,0.0434934,0.0267154
2649,0.0424242,0.0257809
2650,0.0435253,0.0267847
2651,0.0439165,0.0269635
2652,0.0439656,0.0274724
2653,0.0439656,0.0274724
2654,0.0450859,0.0280245
2655,0.0450366,0.0285264
2656,0.0447313,0.0280967
2657,0.045572,0.0282969
2658,0.0458303,0.028464
2659,0.0458303,0.028464
2660,0.0456881,0.0282179
2661,0.0468196,0.0291249
2662,0.0468196,0.0291249
2663,0.0468196,0.0291249
2664,0.046221,0.0288314
2665,0.0449464,0.0282318
2666,0.0449464,0.0282318
2667,0.0442848,0.0275527
2668,0.0442848,0.0275527
2669,0.0447494,0.0278122
2670,0.0447494,0.0278122
2671,0.0443886,0.0276388
2672,0.0450062,0.0277077
2673,0.0447313,0.0279008
2674,0.0445765,0.0281749
2675,0.0458897,0.0288473
2676,0.0447621,0.0276616
2677,0.0447621,0.0276616
2678,0.0442007,0.0272919
2679,0.0440543,0.0275079
2680,0.043908,0.0274558
2681,0.043908,0.0274558
2682,0.0434513,0.0268142
2683,0.0448319,0.0270311
2684,0.0445973,0.0270491
2685,0.0445973,0.0270491
2686,0.0445615,0.0274451
2687,0.0451573,0.0278607
2688,0.0451573,0.0278607
2689,0.0473213,0.0292294
2690,0.0456843,0.0278546
2691,0.0439414,0.0272693
2692,0.0439414,0.0272693
2693,0.0439414,0.0272693
2694,0.0457386,0.0272466
2695,0.0461356,0.0279108
2696,0.0461356,0.0279108
2697,0.0447335,0.0272284
2698,0.0450595,0.0276417
2699,0.0450595,0.0276417
2700,0.0438962,0.0267542
2701,0.0438962,0.0267542
2702,0.0445495,0.0269934
2703,0.0446217,0.0272728
2704,0.0445752,0.0269766
2705,0.0435818,0.026006
2706,0.0427777,0.0260255
2707,0.0425562,0.025968
2708,0.0413133,0.0251657
2709,0.0416982,0.0254926
2710,0.0406252,0.024966
2711,0.0406252,0.024966
2712,0.04116,0.0252476
2713,0.04116,0.0252476
2714,0.0416659,0.0252433
2715,0.0421079,0.0258443
2716,0.0421079,0.0258443
2717,0.0434894,0.0263427
2718,0.0445832,0.027285
2719,0.0440634,0.0276146
2720,0.0454756,0.0280119
2721,0.0454756,0.0280119
2722,0.0455731,0.0280836
2723,0.0456886,0.0281434
2724,0.0456886,0.0281434
2725,0.0451177,0.0279697
2726,0.0451177,0.0279697
2727,0.0446801,0.0278274
2728,0.0444119,0.0272934
2729,0.0426248,0.0263155
2730,0.0422701,0.0265157
2731,0.0427338,0.0266302
2732,0.0423618,0.0260248
2733,0.0414723,0.0256077
2734,0.0411369,0.0252058
2735,0.0417032,0.025672
2736,0.0416894,0.0253019
2737,0.0416894,0.0253019
2738,0.0418268,0.0255501
2739,0.0418268,0.0255501
2740,0.0418678,0.0257473
2741,0.0418678,0.0257473
2742,0.0418678,0.0257473
2743,0.043134,0.0264128
2744,0.0445645,0.0271645
2745,0.0442012,0.0276458
2746,0.0442012,0.0276458
2747,0.0442012,0.0276458
2748,0.0451565,0.0274465
2749,0.0459243,0.0284119
2750,0.0459243,0.0284119
2751,0.0449725,0.0276734
2752,0.0449503,0.0274694
2753,0.0460749,0.0281327
2754,0.0448696,0.0275155
2755,0.0466181,0.0282389
2756,0.0466181,0.0282389
2757,0.0449163,0.0271438
2758,0.0455239,0.0274621
2759,0.0436993,0.0273323
2760,0.0438056,0.0272066
2761,0.0435624,0.0272063
2762,0.0435624,0.0272063
2763,0.0440264,0.0278263
2764,0.0433932,0.0268697
2765,0.0433932,0.0268697
2766,0.0433932,0.0268697
2767,0.0437755,0.0265301
2768,0.0441927,0.026706
2769,0.0437948,0.0264918
2770,0.044319,0.0270539
2771,0.0448927,0.0273926
2772,0.0440978,0.0273608
2773,0.044475,0.0272739
2774,0.044475,0.0272739
2775,0.0447524,0.0275084
2776,0.0445367,0.0273051
2777,0.0439872,0.0269285
2778,0.0446231,0.0267845
2779,0.0426453,0.0260296
2780,0.0427723,0.0259612
2781,0.0424768,0.0258555
2782,0.0424768,0.0258555
2783,0.0442554,0.0263456
2784,0.043275,0.0265463
2785,0.043275,0.0265463
2786,0.0440504,0.026595
2787,0.0427036,0.0261664
2788,0.0427276,0.0264873
2789,0.0427276,0.0264873
2790,0.0427276,0.0264873
2791,0.0421371,0.0261257
2792,0.042411,0.0258837
2793,0.042411,0.0258837
2794,0.0420202,0.0259339
2795,0.0424394,0.0256141
2796,0.0427197,0.0266129
2797,0.0427197,0.0266129
2798,0.0420106,0.0262766
2799,0.0420106,0.0262766
2800,0.0420106,0.0262766
2801,0.0424593,0.0261114
2802,0.042543,0.0265883
2803,0.042543,0.0265883
2804,0.042543,0.0265883
2805,0.042543,0.0265883
2806,0.0424052,0.0261609
2807,0.0422211,0.0261601
2808,0.0426855,0.0260975
2809,0.0426855,0.0260975
2810,0.0426855,0.0260975
2811,0.042839,0.0261232
2812,0.042839,0.0261232
2813,0.0433102,0.0261863
2814,0.0430033,0.0264947
2815,0.0419844,0.0261292
2816,0.0427045,0.0262986
2817,0.0426678,0.0262912
2818,0.0426678,0.0262912
2819,0.0432915,0.0264035
2820,0.043115,0.0267359
2821,0.043115,0.0267359
2822,0.043115,0.0267359
2823,0.043115,0.0267359
2824,0.043115,0.0267359
2825,0.0432803,0.0266949
2826,0.0428815,0.0259681
2827,0.042864,0.0258942
2828,0.042864,0.0258942
2829,0.042864,0.0258942
2830,0.042778,0.0260602
2831,0.0444155,0.0272141
2832,0.0441188,0.0271074
2833,0.0440002,0.0270513
2834,0.0440002,0.0270513
2835,0.0449062,0.0276333
2836,0.044837,0.0275209
2837,0.0442766,0.0276399
2838,0.044412,0.0276738
2839,0.044412,0.0276738
2840,0.0446382,0.0275897
2841,0.0446382,0.0275897
2842,0.0448648,0.0275706
2843,0.0446092,0.0273377
2844,0.0452617,0.0281401
2845,0.0436772,0.027194
2846,0.0444058,0.0275141
2847,0.0446035,0.0275998
2848,0.043908,0.0270706
2849,0.043908,0.0270706
2850,0.0449017,0.0278751
2851,0.0444481,0.0274452
2852,0.0440412,0.0271614
2853,0.0440412,0.0271614
2854,0.0440412,0.0271614
2855,0.0441261,0.0265529
2856,0.0443221,0.0274331
2857,0.0444342,0.0278498
2858,0.0447113,0.0275021
2859,0.0454757,0.028049
2860,0.0454757,0.028049
2861,0.0454757,0.028049
2862,0.0448761,0.0279695
2863,0.0449392,0.0277072
2864,0.0445292,0.0278176
2865,0.0453907,0.0284569
2866,0.0463618,0.0287002
2867,0.0452269,0.0276979
2868,0.0452269,0.0276979
2869,0.0445617,0.0273244
2870,0.0449075,0.0276723
2871,0.0458413,0.0281366
2872,0.0458413,0.0281366
2873,0.0462696,0.0282645
2874,0.0457247,0.0281418
2875,0.0462546,0.0284365
2876,0.0462546,0.0284365
2877,0.0462546,0.0284365
2878,0.0462546,0.0284365
2879,0.0455318,0.0276825
2880,0.0448419,0.0275937
2881,0.0448419,0.0275937
2882,0.0439572,0.0273975
2883,0.0444958,0.0276298
2884,0.0442964,0.0275841
2885,0.0439556,0.0271796
2886,0.0439556,0.0271796
2887,0.0434753,0.0270937
2888,0.0439486,0.0269348
2889,0.0437742,0.0267044
2890,0.0437742,0.0267044
2891,0.0431293,0.0261409
2892,0.0431293,0.0261409
2893,0.044101,0.0274196
2894,0.0436506,0.0271893
2895,0.0436506,0.0271893
2896,0.0450889,0.0276066
2897,0.044771,0.0273942
2898,0.0455216,0.027705
2899,0.0455216,0.027705
2900,0.0455216,0.027705
2901,0.0466289,0.0288543
2902,0.0451616,0.0279677
2903,0.0441569,0.0272491
2904,0.044518,0.0273703
2905,0.0434741,0.0266734
2906,0.0443384,0.0271054
2907,0.044714,0.0269353
2908,0.0441811,0.0268487
2909,0.043049,0.0264704
2910,0.0419528,0.0262689
2911,0.0431489,0.026701
2912,0.0436212,0.0266407
2913,0.0436212,0.0266407
2914,0.0436212,0.0266407
2915,0.0436986,0.0269166
2916,0.0432068,0.0264543
2917,0.0420115,0.0255804
2918,0.0439071,0.0263529
2919,0.043256,0.0269061
2920,0.0441478,0.0273584
2921,0.0453858,0.0282738
2922,0.0460967,0.0288017
2923,0.0450582,0.0277042
2924,0.0450582,0.0277042
2925,0.0443057,0.0273679
2926,0.0465713,0.0290078
2927,0.0463827,0.0288656
2928,0.0473852,0.0288177
2929,0.046878,0.0291709
2930,0.0480792,0.0297874
2931,0.0479785,0.0302112
2932,0.04841,0.0302389
2933,0.0472863,0.0299312
2934,0.045337,0.0284628
2935,0.0464332,0.0289569
2936,0.0452137,0.0286186
2937,0.045197,0.0281657
2938,0.045197,0.0281657
2939,0.0450367,0.0278484
2940,0.0450367,0.0278484
2941,0.0453376,0.0277177
2942,0.0449622,0.027396
2943,0.0449622,0.027396
2944,0.0449622,0.027396
2945,0.0440099,0.0270602
2946,0.0438717,0.0268219
2947,0.0439744,0.027409
2948,0.0439744,0.027409
2949,0.044248,0.0271026
2950,0.044248,0.0271026
2951,0.044248,0.0271026
2952,0.0450369,0.0276267
2953,0.0450369,0.0276267
2954,0.0450369,0.0276267
2955,0.0443108,0.0276091
2956,0.0440183,0.0272909
2957,0.0434404,0.0262557
2958,0.043157,0.0265417
2959,0.0440007,0.0261834
2960,0.0444444,0.0273694
2961,0.0447724,0.0277235
2962,0.0444217,0.0271744
2963,0.0455217,0.02796
2964,0.0453416,0.0281814
2965,0.0448385,0.0275284
2966,0.0448385,0.0275284
2967,0.0453134,0.0284762
2968,0.0453134,0.0284762
2969,0.0451564,0.0281359
2970,0.0451564,0.0281359
2971,0.0451564,0.0281359
2972,0.0465374,0.0296917
2973,0.0451634,0.0286599
2974,0.0454241,0.028053
2975,0.0456156,0.028354
2976,0.0456156,0.028354
2977,0.0456156,0.028354
2978,0.0456156,0.028354
2979,0.0459574,0.0287348
2980,0.0459574,0.0287348
2981,0.0460717,0.0289033
2982,0.0455761,0.0284029
2983,0.0451839,0.0283456
2984,0.0446607,0.0280886
2985,0.0440986,0.027448
2986,0.0440986,0.027448
2987,0.0440986,0.027448
2988,0.0440986,0.027448
2989,0.0442532,0.0278194
2990,0.0448456,0.0279367
2991,0.0448456,0.0279367
2992,0.0448456,0.0279367
2993,0.0445478,0.0280289
2994,0.0434118,0.0266183
2995,0.0440497,0.0269653
2996,0.0436596,0.0268928
2997,0.0436596,0.0268928
2998,0.0437457,0.0269922
2999,0.0449752,0.0273961
3000,0.0446961,0.0277767
3001,0.0445262,0.0274827
3002,0.045544,0.0277548
3003,0.0452694,0.0277273
3004,0.0448146,0.0281441
3005,0.0454592,0.0280449
3006,0.0454592,0.0280449
3007,0.0454256,0.0276644
3008,0.0454256,0.0276644
3009,0.0442342,0.0275317
3010,0.0441062,0.02744
3011,0.0450667,0.0277124
3012,0.0449935,0.0275051
3013,0.0448982,0.027815
3014,0.0448982,0.027815
3015,0.0447579,0.0275812
3016,0.0447579,0.0275812
3017,0.0447579,0.0275812
3018,0.0447579,0.0275812
3019,0.0435674,0.0266084
3020,0.0444072,0.0273469
3021,0.0441486,0.0272629
3022,0.0441486,0.0272629
3023,0.0437906,0.0273592
3024,0.0437906,0.0273592
3025,0.0437062,0.0273107
3026,0.0437062,0.0273107
3027,0.0437062,0.0273107
3028,0.0445178,0.0274702
3029,0.0445178,0.0274702
3030,0.0445178,0.0274702
3031,0.0445178,0.0274702
3032,0.0445178,0.0274702
3033,0.0445178,0.0274702
3034,0.0435017,0.0267773
3035,0.0435017,0.0267773
3036,0.0437282,0.0264694
3037,0.0436231,0.026657
3038,0.0441098,0.0270879
3039,0.0448906,0.0269508
3040,0.0450106,0.0274773
3041,0.0450106,0.0274773
3042,0.0456867,0.0280175
3043,0.0450863,0.0275603
3044,0.0450863,0.0275603
3045,0.0450863,0.0275603
3046,0.0446573,0.0270994
3047,0.0442581,0.0269627
3048,0.0454194,0.0278858
3049,0.0456373,0.0276863
3050,0.0456373,0.0276863
3051,0.0457786,0.0277222
3052,0.0457786,0.0277222
3053,0.0457786,0.0277222
3054,0.0454668,0.0275969
3055,0.0454668,0.0275969
3056,0.0441812,0.026714
3057,0.0441812,0.026714
3058,0.0441812,0.026714
3059,0.0452379,0.0274939
3060,0.0447399,0.0272827
3061,0.0439918,0.0268878
3062,0.045023,0.0280526
3063,0.045023,0.0280526
3064,0.045023,0.0280526
3065,0.0440074,0.0279964
3066,0.0448692,0.0274773
3067,0.0444867,0.0275598
3068,0.0443618,0.0273946
3069,0.044361,0.0272375
3070,0.0452734,0.0270128
3071,0.0436066,0.026017
3072,0.0436066,0.026017
3073,0.0443177,0.0262988
3074,0.0431144,0.0259652
3075,0.0431144,0.0259652
3076,0.043699,0.0264119
3077,0.0434616,0.0266779
3078,0.0432643,0.0269258
3079,0.0430636,0.0264842
3080,0.0433799,0.026582
3081,0.0433799,0.026582
3082,0.043764,0.0272913
3083,0.043764,0.0272913
3084,0.0437417,0.0265155
3085,0.0437417,0.0265155
3086,0.0436759,0.0261845
3087,0.043536,0.0263869
3088,0.0433409,0.026497
3089,0.0439207,0.0267763
3090,0.0439207,0.0267763
3091,0.0439207,0.0267763
3092,0.0439207,0.0267763
3093,0.0455111,0.0273368
3094,0.0449501,0.0273818
3095,0.0449002,0.0275507
3096,0.0458089,0.0280449
3097,0.044898,0.0277379
3098,0.0441353,0.0268093
3099,0.0439641,0.0263514
3100,0.0429691,0.0262765
3101,0.043779,0.0269341
3102,0.043087,0.0262511
3103,0.042396,0.0259385
3104,0.0430253,0.0265572
3105,0.0430041,0.0265303
3106,0.042958,0.0264423
3107,0.0437648,0.027174
3108,0.0444248,0.027539
3109,0.0444248,0.027539
3110,0.0440566,0.0278299
3111,0.0439768,0.02763
3112,0.0447586,0.0278063
3113,0.044495,0.02824
3114,0.0446493,0.0282833
3115,0.0457239,0.0281952
3116,0.0441674,0.027221
3117,0.0441674,0.027221
3118,0.0449394,0.0280438
3119,0.0458518,0.0288097
3120,0.0442511,0.0279942
3121,0.044822,0.0283788
3122,0.044822,0.0283788
3123,0.0457184,0.0297135
3124,0.0456444,0.0286182
3125,0.0449061,0.0285979
3126,0.0456866,0.0285127
3127,0.0452746,0.0284534
3128,0.0456247,0.0281964
3129,0.0469768,0.0288892
3130,0.0487453,0.0297217
3131,0.0487453,0.0297217
3132,0.0487453,0.0297217
3133,0.0478074,0.0297842
3134,0.0481409,0.029987
3135,0.0457446,0.0285864
3136,0.0445709,0.0276995
3137,0.0445401,0.027474
3138,0.0445401,0.027474
3139,0.0447604,0.027439
3140,0.0435611,0.0274502
3141,0.0435611,0.0274502
3142,0.0435611,0.0274502
3143,0.0445087,0.0277141
3144,0.0450838,0.0283479
3145,0.0450838,0.0283479
3146,0.0454028,0.0286996
3147,0.0460754,0.0291685
3148,0.0457317,0.0289
3149,0.0460463,0.0282932
3150,0.0452765,0.0279582
3151,0.0452765,0.0279582
3152,0.0447469,0.0273257
3153,0.0440947,0.0275001
3154,0.0440947,0.027494
3155,0.0446243,0.0278088
3156,0.0453729,0.0287113
3157,0.0445805,0.0280841
3158,0.0449866,0.0281143
3159,0.0439814,0.0270772
3160,0.0437201,0.0271971
3161,0.0437201,0.0271971
3162,0.0437645,0.027583
3163,0.044058,0.0268512
3164,0.0442558,0.0275412
3165,0.0452307,0.0280145
3166,0.0450854,0.0277657
3167,0.0450854,0.0277657
3168,0.0445925,0.0281141
3169,0.0446857,0.0281367
3170,0.0431518,0.026766
3171,0.0436989,0.0268009
3172,0.0433339,0.0266359
3173,0.0433339,0.0266359
3174,0.0440909,0.0271021
3175,0.0445894,0.0270868
3176,0.0445894,0.0270868
3177,0.0439309,0.0272391
3178,0.0439945,0.0277491
3179,0.0449218,0.02761
3180,0.0439429,0.0269952
3181,0.0427853,0.0264376
3182,0.0426679,0.0264107
3183,0.0426315,0.0259424
3184,0.0431228,0.0262167
3185,0.0431228,0.0262167
3186,0.0433807,0.027476
3187,0.0428832,0.0267221
3188,0.0428832,0.0267221
3189,0.0419797,0.0261297
3190,0.0427653,0.026228
3191,0.043688,0.0270241
3192,0.0437732,0.0266861
3193,0.0431403,0.0264768
3194,0.042817,0.0266797
3195,0.043888,0.0273208
3196,0.043888,0.0273208
3197,0.0449554,0.0275636
3198,0.0449244,0.0280805
3199,0.0450224,0.0279221
3200,0.0443834,0.0276333
3201,0.0443834,0.0276333
3202,0.0443834,0.0276333
3203,0.0450426,0.0276935
3204,0.0444462,0.0281167
3205,0.0450765,0.027484
3206,0.0451404,0.0274729
3207,0.0454145,0.0282126
3208,0.0454145,0.0282126
3209,0.0447001,0.0276675
3210,0.0447001,0.0276675
3211,0.0454447,0.0283151
3212,0.0451096,0.0280293
3213,0.04495,0.0278534
3214,0.0459685,0.0282385
3215,0.0459224,0.0285002
3216,0.0459224,0.0285002
3217,0.0459224,0.0285002
3218,0.0459224,0.0285002
3219,0.0464737,0.0290781
3220,0.0448404,0.0282619
3221,0.0448404,0.0282619
3222,0.0451914,0.0281004
3223,0.0444368,0.0279318
3224,0.0440968,0.0277227
3225,0.0440968,0.0277227
3226,0.0443126,0.0273682
3227,0.0452269,0.0279667
3228,0.045766,0.0283949
3229,0.0444918,0.0281635
3230,0.0438991,0.0280488
3231,0.0451602,0.0281287
3232,0.0451602,0.0281287
3233,0.0438007,0.0278343
3234,0.0438007,0.0278343
3235,0.0438007,0.0278343
3236,0.0438007,0.0278343
3237,0.0436552,0.0275557
3238,0.0435509,0.0272175
3239,0.0447094,0.0278491
3240,0.0447094,0.0278491
3241,0.0451051,0.0277304
3242,0.0439092,0.0272332
3243,0.0453249,0.0284935
3244,0.0453249,0.0284935
3245,0.0453249,0.0284935
3246,0.0440472,0.0275878
3247,0.0440472,0.0275878
3248,0.0455099,0.0285444
3249,0.0447405,0.0280744
3250,0.0449798,0.0281609
3251,0.0445183,0.0277271
3252,0.0437128,0.0275243
3253,0.0431429,0.0268126
3254,0.0428635,0.0261222
3255,0.0428635,0.0261222
3256,0.0428635,0.0261222
3257,0.041823,0.0256803
3258,0.0414232,0.0252923
3259,0.0417605,0.0252329
3260,0.0414219,0.0251891
3261,0.0414219,0.0251891
3262,0.0415726,0.0253894
3263,0.04183,0.0261316
3264,0.0430164,0.0263381
3265,0.0430164,0.0263381
3266,0.0430164,0.0263381
3267,0.042964,0.0262845
3268,0.0431813,0.0261683
3269,0.0431813,0.0261683
3270,0.0431813,0.0261683
3271,0.044332,0.0272372
3272,0.0446352,0.0272164
3273,0.0456303,0.0282706
3274,0.0459776,0.0278855
3275,0.0473336,0.0289973
3276,0.0473336,0.0289973
3277,0.0474906,0.0289469
3278,0.0474906,0.0289469
3279,0.0474906,0.0289469
3280,0.0456234,0.0278843
3281,0.0457994,0.0283167
3282,0.0456883,0.0286672
3283,0.0456883,0.0286672
3284,0.0446855,0.0275782
3285,0.0435344,0.0271263
3286,0.0435304,0.0267678
3287,0.0435304,0.0267678
3288,0.044903,0.0277426
3289,0.0456302,0.0280916
3290,0.0447829,0.0280836
3291,0.0454413,0.0285842
3292,0.0453714,0.028522
3293,0.045154,0.0287152
3294,0.0457233,0.0283467
3295,0.0457233,0.0283467
3296,0.0457408,0.0282397
3297,0.0450504,0.0276518
3298,0.0450504,0.0276518
3299,0.0452089,0.0275306
3300,0.0452089,0.0275306
3301,0.044754,0.0274586
3302,0.0453454,0.0279109
3303,0.0459053,0.0279685
3304,0.0454744,0.0275736
3305,0.0459214,0.0285158
3306,0.0459214,0.0285158
3307,0.0459776,0.0285128
3308,0.0466836,0.0287181
3309,0.0466836,0.0287181
3310,0.0466131,0.0286959
3311,0.046453,0.028381
3312,0.046453,0.028381
3313,0.046453,0.028381
3314,0.045419,0.0287583
3315,0.0444925,0.0279009
3316,0.0467747,0.0293314
3317,0.0474527,0.0291872
3318,0.0474527,0.0291872
3319,0.0474527,0.0291872
3320,0.0476651,0.0298461
3321,0.0464201,0.0294809
3322,0.0464201,0.0294809
3323,0.047529,0.0295592
3324,0.047529,0.0295592
3325,0.047529,0.0295592
3326,0.0458975,0.0289034
3327,0.0476119,0.0297695
3328,0.047055,0.0291205
3329,0.0451654,0.0275731
3330,0.0452178,0.0276968
3331,0.0449691,0.0275909
3332,0.0439574,0.0267282
3333,0.0444805,0.0276724
3334,0.0444805,0.0276724
3335,0.0444805,0.0276724
3336,0.0447077,0.0273037
3337,0.0447077,0.0273037
3338,0.0445763,0.0276288
3339,0.0454206,0.0281904
3340,0.0452585,0.0283255
3341,0.0463957,0.0291099
3342,0.0462594,0.0279722
3343,0.0472047,0.0292114
3344,0.0472047,0.0292114
3345,0.0459134,0.0284524
3346,0.0461207,0.0281861
3347,0.0460956,0.0286556
3348,0.0460956,0.0286556
3349,0.0448618,0.0279323
3350,0.0464445,0.0289028
3351,0.0464445,0.0289028
3352,0.0464445,0.0289028
3353,0.0450532,0.0280292
3354,0.0450532,0.0280292
3355,0.0452481,0.0281112
3356,0.0444725,0.0272027
3357,0.0440833,0.0274322
3358,0.0436522,0.0272167
3359,0.0430335,0.0265428
3360,0.043633,0.0268035
3361,0.0435704,0.027109
3362,0.0429377,0.0267113
3363,0.0415746,0.0253778
3364,0.0418873,0.0254811
3365,0.0418873,0.0254811
3366,0.0423622,0.02578
3367,0.0419447,0.0256978
3368,0.0414026,0.0256693
3369,0.0431563,0.0265858
3370,0.0431563,0.0265858
3371,0.0436342,0.0265735
3372,0.0449435,0.0273667
3373,0.0449435,0.0273667
3374,0.0451862,0.0277017
3375,0.0449328,0.0275475
3376,0.0439376,0.0270529
3377,0.0436913,0.027196
3378,0.0445343,0.0274219
3379,0.0445343,0.0274219
3380,0.0454313,0.0274
3381,0.0450717,0.0271804
3382,0.0450717,0.0271804
3383,0.0456281,0.0280863
3384,0.0444815,0.0275494
3385,0.0438063,0.0274917
3386,0.0444482,0.0278295
3387,0.0438387,0.0268626
3388,0.0438387,0.0268626
3389,0.0446132,0.0272521
3390,0.0446132,0.0272521
3391,0.0452059,0.0274189
3392,0.0452059,0.0274189
3393,0.045224,0.0280504
3394,0.0451232,0.0279351
3395,0.0441872,0.0276443
3396,0.045544,0.0286409
3397,0.0458194,0.0287614
3398,0.0459886,0.028395
3399,0.0455761,0.029007
3400,0.0464986,0.0288274
3401,0.0455617,0.0289113
3402,0.045321,0.0283613
3403,0.0459492,0.0298099
3404,0.0459492,0.0298099
3405,0.0438633,0.027568
3406,0.0438633,0.027568
3407,0.0438633,0.027568
3408,0.0439253,0.0271455
3409,0.0439087,0.0273377
3410,0.0438986,0.0271831
3411,0.0436194,0.0270236
3412,0.0433725,0.0268694
3413,0.0440929,0.0275547
3414,0.0444228,0.0277245
3415,0.0448169,0.0283089
3416,0.0444305,0.0279931
3417,0.0445849,0.0276581
3418,0.0445849,0.0276581
3419,0.0445886,0.0278857
3420,0.0455142,0.0282426
3421,0.0447422,0.0279014
3422,0.0439749,0.0278397
3423,0.0454315,0.028217
3424,0.0454315,0.028217
3425,0.0448419,0.0278205
3426,0.0455806,0.0282982
3427,0.0455149,0.028452
3428,0.0457184,0.027739
3429,0.0457184,0.027739
3430,0.0453694,0.0281005
3431,0.0452019,0.0276711
3432,0.0451356,0.0281365
3433,0.0453525,0.0280983
3434,0.0462735,0.0285036
3435,0.0462686,0.0286213
3436,0.0455701,0.0278007
3437,0.045708,0.0282807
3438,0.0452505,0.0283025
3439,0.0454849,0.0278581
3440,0.0454849,0.0278581
3441,0.0454849,0.0278581
3442,0.0461782,0.0288216
3443,0.0456843,0.0281244
3444,0.0441845,0.0281035
3445,0.0451181,0.0282748
3446,0.0463113,0.0292163
3447,0.04707,0.0288572
3448,0.0455491,0.0279244
3449,0.0455491,0.0279244
3450,0.0455545,0.0283426
3451,0.0454964,0.0281896
3452,0.0454964,0.0281896
3453,0.0452294,0.0279651
3454,0.0452294,0.0279651
3455,0.0466981,0.0283912
3456,0.0462154,0.0288103
3457,0.04571,0.0285107
3458,0.0455384,0.0285923
3459,0.0464979,0.029264
3460,0.0471793,0.0298576
3461,0.0474695,0.0294619
3462,0.0474695,0.0294619
3463,0.0474695,0.0294619
3464,0.0458109,0.0286918
3465,0.0464026,0.0289151
3466,0.0465565,0.028418
3467,0.0471707,0.0291863
3468,0.0465603,0.0284879
3469,0.0465603,0.0284879
3470,0.0465603,0.0284879
3471,0.0463574,0.0287228
3472,0.0457951,0.0284345
3473,0.046237,0.0282322
3474,0.0470252,0.0289566
3475,0.0467192,0.0291575
3476,0.0467192,0.0291575
3477,0.046453,0.0282373
3478,0.0464301,0.0283277
3479,0.0464301,0.0283277
3480,0.0448685,0.0273613
3481,0.0447623,0.0273267
3482,0.0437362,0.0271961
3483,0.0444402,0.0276299
3484,0.0444402,0.0276299
3485,0.0442739,0.0278675
3486,0.0456084,0.0285955
3487,0.0455744,0.0283664
3488,0.0464506,0.0289963
3489,0.0450243,0.0286747
3490,0.0454707,0.0282878
3491,0.0462594,0.0283948
3492,0.0462594,0.0283948
3493,0.0462594,0.0283948
3494,0.0466584,0.0286632
3495,0.0473683,0.0290969
3496,0.0465151,0.0285742
3497,0.0470929,0.0292843
3498,0.0470929,0.0292843
3499,0.0485477,0.0295963
3500,0.0460447,0.0282541
3501,0.0460447,0.0282541
3502,0.0457644,0.0274385
3503,0.0476543,0.0288589
3504,0.0476543,0.0288589
3505,0.0460513,0.0276808
3506,0.0460513,0.0276808
3507,0.0454911,0.0276566
3508,0.0442855,0.0274491
3509,0.0453802,0.0277992
3510,0.0446719,0.0269692
3511,0.0446719,0.0269692
3512,0.0448505,0.027361
3513,0.0448505,0.027361
3514,0.0441028,0.027144
3515,0.0441028,0.027144
3516,0.0431172,0.0264178
3517,0.0431172,0.0264178
3518,0.0431958,0.0264641
3519,0.0431958,0.0264641
3520,0.0431958,0.0264641
3521,0.0430037,0.0265805
3522,0.0421308,0.0260471
3523,0.0426784,0.0261405
3524,0.0426784,0.0261405
3525,0.0426784,0.0261405
3526,0.0420792,0.0259668
3527,0.0429421,0.0264363
3528,0.0431915,0.0265039
3529,0.0432098,0.0263478
3530,0.0439025,0.0263208
3531,0.0446703,0.027213
3532,0.0460579,0.0284401
3533,0.0460579,0.0284401
3534,0.0446037,0.0273614
3535,0.0446037,0.0273614
3536,0.0446424,0.0273546
3537,0.0431966,0.0271545
3538,0.0431966,0.0271545
3539,0.0431966,0.0271545
3540,0.0423899,0.0264597
3541,0.0423899,0.0264597
3542,0.043709,0.0270707
3543,0.043709,0.0270707
3544,0.0445432,0.0272361
3545,0.0438549,0.027033
3546,0.0438549,0.027033
3547,0.0438549,0.027033
3548,0.0438549,0.027033
3549,0.043434,0.0267615
3550,0.0422222,0.0259573
3551,0.0418302,0.0256548
3552,0.0414244,0.0248474
3553,0.0416612,0.0254608
3554,0.0416334,0.0255709
3555,0.0424514,0.0260646
3556,0.0430341,0.0261955
3557,0.0438565,0.0263751
3558,0.0440441,0.0264973
3559,0.0435805,0.026809
3560,0.043784,0.0272291
3561,0.043784,0.0272291
3562,0.043784,0.0272291
3563,0.0440185,0.027292
3564,0.0440185,0.027292
3565,0.0432324,0.026628
3566,0.0430882,0.0263924
3567,0.0426313,0.0259019
3568,0.0426313,0.0259019
3569,0.0421064,0.0256465
3570,0.0427308,0.0263939
3571,0.0420291,0.0259974
3572,0.0418718,0.0255431
3573,0.0427413,0.0262276
3574,0.0424588,0.026386
3575,0.0424588,0.026386
3576,0.0423295,0.0260928
3577,0.0423295,0.0260928
3578,0.0423295,0.0260928
3579,0.042277,0.0257278
3580,0.0422658,0.0256332
3581,0.0422658,0.0256332
3582,0.0430759,0.026125
3583,0.0429362,0.0268891
3584,0.0444832,0.027391
3585,0.0439817,0.027235
3586,0.0449229,0.027547
3587,0.0449229,0.027547
3588,0.0450323,0.0276696
3589,0.0450323,0.0276696
3590,0.0450323,0.0276696
3591,0.0437581,0.0266636
3592,0.0437581,0.0266636
3593,0.0443835,0.0274681
3594,0.0440886,0.0272345
3595,0.0440886,0.0272345
3596,0.0439849,0.0272254
3597,0.0430696,0.0265885
3598,0.0426236,0.0268263
3599,0.0436776,0.0266848
3600,0.0439832,0.0268151
3601,0.0440893,0.0272141
3602,0.0431582,0.0260907
3603,0.0435206,0.0264441
3604,0.0435206,0.0264441
3605,0.0443293,0.0268908
3606,0.0454916,0.0275188
3607,0.0447134,0.0277426
3608,0.045567,0.0285563
3609,0.045567,0.0285563
3610,0.0460363,0.0296033
3611,0.0466246,0.0292396
3612,0.0461233,0.0286741
3613,0.0469998,0.0294168
3614,0.0463033,0.029208
3615,0.0463033,0.029208
3616,0.047104,0.0294336
3617,0.0479212,0.0302915
3618,0.0468211,0.0300125
3619,0.0463098,0.0294076
3620,0.0465126,0.029549
3621,0.0456745,0.0286344
3622,0.0464178,0.0293643
3623,0.0456216,0.028748
3624,0.0463173,0.0288114
3625,0.0462282,0.0289828
3626,0.0455111,0.0290259
3627,0.0455758,0.0283822
3628,0.0458018,0.0286446
3629,0.0467079,0.0293319
3630,0.0474833,0.0293501
3631,0.046665,0.0291354
3632,0.0465861,0.0294428
3633,0.045949,0.0288271
3634,0.0456047,0.0285256
3635,0.0456047,0.0285256
3636,0.0464294,0.0291026
3637,0.0456103,0.0282104
3638,0.0453411,0.0277301
3639,0.0447481,0.0276248
3640,0.0447714,0.0268292
3641,0.0455372,0.0275076
3642,0.0439544,0.0263464
3643,0.0444838,0.0266766
3644,0.046305,0.0273835
3645,0.0447971,0.0276154
3646,0.0442804,0.026426
3647,0.0446907,0.0271748
3648,0.0446907,0.0271748
3649,0.0446907,0.0271748
3650,0.0456393,0.0281196
3651,0.046021,0.028401
3652,0.0456899,0.0283842
3653,0.0436614,0.0271428
3654,0.0432809,0.0267033
3655,0.0426669,0.0265133
3656,0.0435655,0.0265499
3657,0.0435125,0.0262536
3658,0.0435521,0.0266799
3659,0.0458925,0.0278298
3660,0.0458925,0.0278298
3661,0.0458925,0.0278298
3662,0.0458925,0.0278298
3663,0.0458925,0.0278298
3664,0.0458925,0.0278298
3665,0.0458925,0.0278298
3666,0.0448523,0.0273647
3667,0.045362,0.0275474
3668,0.0440751,0.0274123
3669,0.0438547,0.0270077
3670,0.0436858,0.0267824
3671,0.0425491,0.0260299
3672,0.0424928,0.0257341
3673,0.0424928,0.0257341
3674,0.0424906,0.0256485
3675,0.0424906,0.0256485
3676,0.0424446,0.0258908
3677,0.0426314,0.0255148
3678,0.04344,0.0258566
3679,0.0429455,0.0260985
3680,0.0425591,0.0255814
3681,0.0420495,0.0255059
3682,0.0407723,0.0248353
3683,0.0409172,0.0247916
3684,0.0409172,0.0247916
3685,0.0405424,0.024767
3686,0.0411117,0.024668
3687,0.0411284,0.0250203
3688,0.0424553,0.0251178
3689,0.0424553,0.0251178
3690,0.0416865,0.0252845
3691,0.042174,0.0252974
3692,0.0417546,0.0253692
3693,0.0417546,0.0253692
3694,0.0414659,0.0254897
3695,0.0414659,0.0254897
3696,0.0410434,0.0250172
3697,0.0415786,0.0249358
3698,0.0413795,0.0250462
3699,0.0413795,0.0250462
3700,0.0413795,0.0250462
3701,0.0413795,0.0250462
3702,0.0418157,0.0254277
3703,0.0418637,0.0255561
3704,0.0418637,0.0255561
3705,0.0424688,0.0261527
3706,0.0429124,0.0262375
3707,0.0442127,0.0272516
3708,0.0441714,0.027504
3709,0.0442042,0.0270543
3710,0.0455091,0.0282844
3711,0.0450182,0.027912
3712,0.0450182,0.027912
3713,0.044304,0.0276308
3714,0.044934,0.0277548
3715,0.0444636,0.0274967
3716,0.0444636,0.0274967
3717,0.0437291,0.0268617
3718,0.044651,0.0268141
3719,0.0435678,0.0266171
3720,0.0436718,0.0262614
3721,0.0433003,0.0260815
3722,0.0429183,0.0264221
3723,0.0425737,0.0260757
3724,0.0425737,0.0260757
3725,0.0431993,0.0266828
3726,0.0431993,0.0266828
3727,0.0430519,0.0264862
3728,0.0435072,0.0271404
3729,0.0442926,0.0271997
3730,0.0435206,0.0267912
3731,0.0437918,0.0272012
3732,0.0431703,0.0266502
3733,0.0430402,0.0268494
3734,0.0439254,0.0273747
3735,0.0434923,0.0268399
3736,0.0451002,0.0281871
3737,0.0432518,0.0268726
3738,0.0432518,0.0268726
3739,0.0433104,0.0270764
3740,0.0433104,0.0270764
3741,0.0447849,0.0274901
3742,0.0442595,0.0269695
3743,0.0449196,0.0274488
3744,0.0448605,0.0273718
3745,0.0443076,0.0270422
3746,0.0456941,0.0280195
3747,0.0454343,0.0281011
3748,0.0447863,0.0274128
3749,0.0447863,0.0274128
3750,0.044966,0.0277316
3751,0.0451368,0.0281505
3752,0.045751,0.0286867
3753,0.045751,0.0286867
3754,0.045751,0.0286867
3755,0.045751,0.0286867
3756,0.045751,0.0286867
3757,0.0451789,0.0281314
3758,0.0448896,0.0284571
3759,0.0439863,0.0277188
3760,0.0439863,0.0277188
3761,0.0439863,0.0277188
3762,0.0449621,0.0288756
3763,0.0449621,0.0288756
3764,0.0441036,0.0276201
3765,0.0455565,0.0282493
3766,0.0455565,0.0282493
3767,0.0454716,0.0282281
3768,0.0459878,0.0282359
3769,0.0459878,0.0282359
3770,0.0468455,0.0296751
3771,0.0466958,0.0286715
3772,0.045689,0.0286664
3773,0.044493,0.0281133
3774,0.044493,0.0281133
3775,0.0444679,0.0275667
3776,0.0444679,0.0275667
3777,0.0444679,0.0275667
3778,0.044108,0.0273213
3779,0.044108,0.0273213
3780,0.044108,0.0273213
3781,0.0445633,0.0280474
3782,0.045772,0.0289054
3783,0.045772,0.0289054
3784,0.0451424,0.0287247
3785,0.0455905,0.0281491
3786,0.0453288,0.0282357
3787,0.0446583,0.0272986
3788,0.0441656,0.0276621
3789,0.0451398,0.0274722
3790,0.0439751,0.027475
3791,0.0450425,0.0280899
3792,0.0450425,0.0280899
3793,0.0445157,0.027559
3794,0.0458683,0.028842
3795,0.0442226,0.0279797
3796,0.046252,0.0285518
3797,0.0463544,0.0284371
3798,0.0450628,0.0283784
3799,0.0443011,0.0276824
3800,0.04322,0.0267848
3801,0.0430598,0.0263545
3802,0.0442248,0.027255
3803,0.0440943,0.0274288
3804,0.0437353,0.0275042
3805,0.0437353,0.0275042
3806,0.0444566,0.0280692
3807,0.0444566,0.0280692
3808,0.0451359,0.0286337
3809,0.0457085,0.028554
3810,0.0462287,0.0288004
3811,0.0458473,0.0281893
3812,0.0447016,0.0280551
3813,0.0447016,0.0280551
3814,0.0447016,0.0280551
3815,0.0436569,0.027094
3816,0.0435389,0.0266219
3817,0.0437937,0.0268266
3818,0.0450996,0.0280243
3819,0.0448064,0.0276676
3820,0.0444039,0.027374
3821,0.0442666,0.026984
3822,0.0442666,0.026984
3823,0.0445472,0.0273736
3824,0.0446932,0.0269115
3825,0.0446932,0.0269115
3826,0.0446932,0.0269115
3827,0.0446932,0.0269115
3828,0.0446932,0.0269115
3829,0.0446932,0.0269115
3830,0.0447889,0.0274517
3831,0.04474,0.0271644
3832,0.0438812,0.0269547
3833,0.0433519,0.0266718
3834,0.0426304,0.026297
3835,0.0432043,0.0265996
3836,0.0433778,0.0261263
3837,0.0426833,0.0263163
3838,0.0433423,0.0266202
3839,0.0427477,0.0266512
3840,0.0436362,0.0270183
3841,0.0433836,0.0272722
3842,0.0427434,0.0261309
3843,0.0427434,0.0261309
3844,0.0427434,0.0261309
3845,0.0432893,0.0266046
3846,0.0419368,0.0260161
3847,0.0419368,0.0260161
3848,0.0418037,0.0254026
3849,0.0420128,0.025692
3850,0.0417038,0.0256486
3851,0.0413861,0.0260639
3852,0.0431963,0.0272146
3853,0.0429954,0.0264355
3854,0.0429954,0.0264355
3855,0.0423828,0.0267628
3856,0.042501,0.0262239
3857,0.042501,0.0262239
3858,0.042501,0.0262239
3859,0.0428621,0.0261553
3860,0.0437847,0.0272195
3861,0.0444585,0.0275627
3862,0.0429281,0.0263212
3863,0.04282,0.0265215
3864,0.0438327,0.0264478
3865,0.0435664,0.0262602
3866,0.0435081,0.0268586
3867,0.0434895,0.0266352
3868,0.0434895,0.0266352
3869,0.0431351,0.0267608
3870,0.0432259,0.0264427
3871,0.0428741,0.0262762
3872,0.0428861,0.0260792
3873,0.0434521,0.0263951
3874,0.0434521,0.0263951
3875,0.0438154,0.0269798
3876,0.0445597,0.0270308
3877,0.0445597,0.0270308
3878,0.0449515,0.0270131
3879,0.0451451,0.026724
3880,0.0451451,0.026724
3881,0.0451451,0.026724
3882,0.0449781,0.0268057
3883,0.0449037,0.0271832
3884,0.0453491,0.0278234
3885,0.0466695,0.028512
3886,0.046767,0.0283771
3887,0.046767,0.0283771
3888,0.0459268,0.0279824
3889,0.0463424,0.0280587
3890,0.046669,0.0285938
3891,0.0454603,0.02798
3892,0.0454603,0.02798
3893,0.0454603,0.02798
3894,0.0454603,0.02798
3895,0.0452343,0.0277282
3896,0.0441459,0.0275637
3897,0.0438656,0.0270782
3898,0.044072,0.0270208
3899,0.0434936,0.0265816
3900,0.0435471,0.026281
3901,0.0435471,0.026281
3902,0.0439379,0.0266268
3903,0.043889,0.0270005
3904,0.043889,0.0270005
3905,0.0446524,0.0272643
3906,0.0446524,0.0272643
3907,0.0448417,0.0273582
3908,0.0448417,0.0273582
3909,0.0439382,0.027479
3910,0.0443896,0.0271853
3911,0.0449249,0.0278022
3912,0.0450483,0.0279129
3913,0.0437951,0.0266822
3914,0.0437858,0.0267687
3915,0.0439601,0.0269442
3916,0.0430989,0.0268775
3917,0.0442447,0.0273294
3918,0.0448167,0.0273848
3919,0.0453609,0.0273283
3920,0.0453609,0.0273283
3921,0.0453609,0.0273283
3922,0.0453609,0.0273283
3923,0.0449332,0.0276135
3924,0.0448319,0.0276414
3925,0.0449597,0.0270177
3926,0.0449597,0.0270177
3927,0.0448769,0.0273101
3928,0.0448557,0.0271705
3929,0.0441127,0.0268782
3930,0.0441127,0.0268782
3931,0.0440791,0.0268139
3932,0.0440791,0.0268139
3933,0.04502,0.0269944
3934,0.046013,0.0277307
3935,0.046013,0.0277307
3936,0.046013,0.0277307
3937,0.0457009,0.0281382
3938,0.0450624,0.0278962
3939,0.0447859,0.0276978
3940,0.0449735,0.0278044
3941,0.0448726,0.0278578
3942,0.0447335,0.0278803
3943,0.0443307,0.0276576
3944,0.0439872,0.0269354
3945,0.0447906,0.0271504
3946,0.0447906,0.0271504
3947,0.0449769,0.0272547
3948,0.0449769,0.0272547
3949,0.0441648,0.026739
3950,0.0430467,0.0265585
3951,0.0426161,0.0260016
3952,0.0434898,0.0266221
3953,0.0439668,0.0267203
3954,0.0442945,0.0266755
3955,0.0442945,0.0266755
3956,0.0429522,0.0263715
3957,0.0429522,0.0263715
3958,0.0427239,0.026114
3959,0.0427239,0.026114
3960,0.0427239,0.026114
3961,0.0425641,0.0258453
3962,0.0421753,0.0259642
3963,0.0429759,0.0263531
3964,0.0433506,0.0262471
3965,0.0427135,0.0256884
3966,0.0423842,0.0262089
3967,0.0423842,0.0262089
3968,0.0416262,0.0257545
3969,0.042398,0.0261279
3970,0.042398,0.0261279
3971,0.042398,0.0261279
3972,0.042398,0.0261279
3973,0.0433413,0.02645
3974,0.0448664,0.027714
3975,0.042882,0.0265245
3976,0.0435999,0.0267238
3977,0.0427956,0.0262819
3978,0.0423016,0.0261265
3979,0.0428012,0.0264029
3980,0.0436858,0.027081
3981,0.0436858,0.027081
3982,0.0430595,0.0268686
3983,0.0430595,0.0268686
3984,0.0430595,0.0268686
3985,0.0430595,0.0268686
3986,0.0432177,0.0267378
3987,0.0442847,0.0275517
3988,0.0444037,0.0275793
3989,0.0446181,0.0277855
3990,0.0446181,0.0277855
3991,0.0447853,0.0277278
3992,0.045298,0.0277089
3993,0.0463236,0.0285053
3994,0.047026,0.0289785
3995,0.047026,0.0289785
3996,0.04478,0.0273525
3997,0.044301,0.0273076
3998,0.0438495,0.0267216
3999,0.0445921,0.0275519
4000,0.0442925,0.0276998
4001,0.0460028,0.0279504
4002,0.0466479,0.0284212
4003,0.0460396,0.0285146
4004,0.0461792,0.028282
4005,0.0461792,0.028282
4006,0.0461792,0.028282
4007,0.0453776,0.0278777
4008,0.0461831,0.0283607
4009,0.0461831,0.0283607
4010,0.044758,0.0283652
4011,0.0457044,0.0284301
4012,0.0435791,0.0278163
4013,0.0435791,0.0278163
4014,0.0435791,0.0278163
4015,0.0439084,0.0272607
4016,0.0445695,0.0272929
4017,0.0448743,0.0275859
4018,0.0448743,0.0275859
4019,0.0448743,0.0275859
4020,0.0442314,0.0270707
4021,0.0442314,0.0270707
4022,0.0445007,0.0272218
4023,0.0446465,0.0272508
4024,0.0446366,0.0273929
4025,0.0446366,0.0273929
4026,0.0441125,0.0269662
4027,0.0431698,0.0262153
4028,0.0433594,0.0264393
4029,0.0433594,0.0264393
4030,0.0439825,0.0269223
4031,0.042027,0.0259324
4032,0.0415904,0.0256084
4033,0.0430052,0.0265319
4034,0.0432004,0.026414
4035,0.0432004,0.026414
4036,0.0436811,0.0269422
4037,0.0439622,0.026896
4038,0.0439622,0.026896
4039,0.044944,0.0270861
4040,0.0446508,0.0276793
4041,0.0440923,0.0274487
4042,0.0440939,0.0273252
4043,0.0440939,0.0273252
4044,0.0460626,0.0285664
4045,0.0460626,0.0285664
4046,0.0460626,0.0285664
4047,0.0460626,0.0285664
4048,0.0459764,0.0286006
4049,0.0460783,0.0286931
4050,0.0452108,0.0280258
4051,0.0452878,0.0281945
4052,0.0456449,0.028492
4053,0.0469286,0.0288537
4054,0.0461959,0.02835
4055,0.045861,0.0285731
4056,0.0452268,0.0281346
4057,0.0459582,0.0285933
4058,0.0459582,0.0285933
4059,0.0459582,0.0285933
4060,0.0449465,0.0276175
4061,0.0446264,0.0276585
4062,0.043862,0.0268477
4063,0.0441156,0.0271774
4064,0.0441156,0.0271774
4065,0.0456166,0.0278866
4066,0.0441848,0.0272512
4067,0.0438953,0.0270484
4068,0.0433808,0.0264854
4069,0.0437808,0.0263766
4070,0.0437808,0.0263766
4071,0.0432487,0.0266525
4072,0.0438271,0.0271012
4073,0.0437245,0.0272835
4074,0.0437245,0.0272835
4075,0.0436577,0.0268613
4076,0.0441766,0.027118
4077,0.0445112,0.0274794
4078,0.0453873,0.0274773
4079,0.0453873,0.0274773
4080,0.0453873,0.0274773
4081,0.0438949,0.0269792
4082,0.0441336,0.0271188
4083,0.0429475,0.0269918
4084,0.0432369,0.0267713
4085,0.0445896,0.0276788
4086,0.0442571,0.0275
4087,0.0449866,0.0273624
4088,0.0449866,0.0273624
4089,0.0433983,0.0270528
4090,0.0433983,0.0270528
4091,0.0433561,0.0264328
4092,0.0433561,0.0264328
4093,0.0443492,0.0266794
4094,0.0443492,0.0266794
4095,0.0445425,0.0271362
4096,0.0434755,0.0260422
4097,0.0430554,0.0259377
4098,0.0430554,0.0259377
4099,0.0430554,0.0259377
4100,0.0430554,0.0259377
4101,0.043688,0.0266638
4102,0.043688,0.0266638
4103,0.043688,0.0266638
4104,0.0432789,0.0264076
4105,0.0432789,0.0264076
4106,0.044214,0.0273168
4107,0.0436326,0.0271172
4108,0.0443462,0.0275071
4109,0.0443462,0.0275071
4110,0.0433951,0.0272063
4111,0.0436622,0.027204
4112,0.043999,0.026951
4113,0.0438261,0.0267584
4114,0.0448259,0.0274229
4115,0.0450583,0.0278199
4116,0.0450583,0.0278199
4117,0.0452612,0.0275656
4118,0.0452612,0.0275656
4119,0.0452612,0.0275656
4120,0.0453551,0.0274231
4121,0.0453551,0.0274231
4122,0.0452461,0.0280661
4123,0.0452461,0.0280661
4124,0.0444321,0.0269419
4125,0.0453618,0.0276741
4126,0.0453618,0.0276741
4127,0.0440808,0.0268399
4128,0.0440808,0.0268399
4129,0.043721,0.0267467
4130,0.0447925,0.0274074
4131,0.044105,0.0270454
4132,0.0448601,0.027838
4133,0.0449076,0.0273473
4134,0.0451658,0.0280183
4135,0.0453711,0.027824
4136,0.0449123,0.0281908
4137,0.0451506,0.028141
4138,0.0445958,0.0276873
4139,0.0445958,0.0276873
4140,0.0460979,0.0286093
4141,0.0454535,0.0282749
4142,0.0462554,0.0285214
4143,0.0464267,0.0287441
4144,0.0477523,0.0294337
4145,0.0477523,0.0294337
4146,0.0494277,0.0306187
4147,0.0474791,0.030263
4148,0.0474787,0.0296646
4149,0.0491473,0.0300829
4150,0.0492749,0.0310767
4151,0.0490762,0.0309807
4152,0.0490762,0.0309807
4153,0.0481818,0.0299515
4154,0.048108,0.0293568
4155,0.0474328,0.0293712
4156,0.048759,0.0301687
4157,0.048759,0.0301687
4158,0.0482209,0.0297773
4159,0.0498314,0.0304744
4160,0.0503981,0.0307644
4161,0.0495848,0.0307111
4162,0.0482325,0.0300079
4163,0.0494025,0.03088
4164,0.0494025,0.03088
4165,0.0491276,0.0310055
4166,0.0481807,0.0307182
4167,0.0479383,0.0300769
4168,0.0486135,0.0307472
4169,0.0486135,0.0307472
4170,0.0486135,0.0307472
4171,0.0470263,0.0296611
4172,0.0470263,0.0296611
4173,0.048253,0.0306473
4174,0.0484677,0.0309433
4175,0.0486536,0.0311092
4176,0.04811,0.0301808
4177,0.04811,0.0301808
4178,0.04811,0.0301808
4179,0.0473961,0.0295111
4180,0.0473961,0.0295111
4181,0.0473961,0.0295111
4182,0.0473961,0.0295111
4183,0.0459442,0.0282464
4184,0.0459521,0.0281642
4185,0.046787,0.0288017
4186,0.0464078,0.0282788
4187,0.0464078,0.0282788
4188,0.0461857,0.0284227
4189,0.0456335,0.0285587
4190,0.0463563,0.028139
4191,0.047172,0.0292377
4192,0.047172,0.0292377
4193,0.047172,0.0292377
4194,0.0478966,0.0298027
4195,0.0468534,0.0286921
4196,0.0468534,0.0286921
4197,0.0468736,0.0280379
4198,0.0450482,0.0274017
4199,0.0450482,0.0274017
4200,0.0446682,0.0271376
4201,0.0446682,0.0271376
4202,0.0448548,0.0279711
4203,0.046135,0.0280014
4204,0.0454282,0.0280649
4205,0.044781,0.0275543
4206,0.044781,0.0275543
4207,0.044781,0.0275543
4208,0.0445892,0.0274183
4209,0.0437097,0.027389
4210,0.044246,0.0275073
4211,0.044377,0.0277087
4212,0.044377,0.0277087
4213,0.0446705,0.0279804
4214,0.0447176,0.0274369
4215,0.0447176,0.0274369
4216,0.044302,0.0271401
4217,0.044302,0.0271401
4218,0.0448314,0.0271846
4219,0.0448314,0.0271846
4220,0.0448314,0.0271846
4221,0.0446465,0.0273598
4222,0.0439569,0.0272253
4223,0.0439569,0.0272253
4224,0.043328,0.0267609
4225,0.0428864,0.0260392
4226,0.0432681,0.0264088
4227,0.0439797,0.027108
4228,0.0450031,0.0276332
4229,0.0450266,0.0280202
4230,0.0436195,0.027941
4231,0.0452906,0.0283715
4232,0.0445845,0.0275555
4233,0.0434634,0.0269051
4234,0.0433021,0.0263607
4235,0.0425737,0.025919
4236,0.0427794,0.0258307
4237,0.0425289,0.0260126
4238,0.0426847,0.0260798
4239,0.0421308,0.0259387
4240,0.0431459,0.0264717
4241,0.0431459,0.0264717
4242,0.0424621,0.0261021
4243,0.0424621,0.0261021
4244,0.0424198,0.0262437
4245,0.0427929,0.0263614
4246,0.0417434,0.0257829
4247,0.0418896,0.0260201
4248,0.0418896,0.0260201
4249,0.0429759,0.0265177
4250,0.0432243,0.0267891
4251,0.0432243,0.0267891
4252,0.0433974,0.0276108
4253,0.0436692,0.0279421
4254,0.0439917,0.0271011
4255,0.0439917,0.0271011
4256,0.0449906,0.0268833
4257,0.0432687,0.026845
4258,0.0442326,0.0272768
4259,0.0442326,0.0272768
4260,0.0431469,0.026517
4261,0.0431949,0.02712
4262,0.0441351,0.0271874
4263,0.0452524,0.0282787
4264,0.0452524,0.0282787
4265,0.0448697,0.0279416
4266,0.0453074,0.0278763
4267,0.0454081,0.0279203
4268,0.0454081,0.0279203
4269,0.0454081,0.0279203
4270,0.0459423,0.0287676
4271,0.0456106,0.027881
4272,0.0456106,0.027881
4273,0.0458398,0.0277208
4274,0.0458398,0.0277208
4275,0.0458398,0.0277208
4276,0.0465348,0.0284396
4277,0.0459991,0.0286681
4278,0.0459991,0.0286681
4279,0.0459991,0.0286681
4280,0.0468301,0.0293165
4281,0.0480317,0.0297798
4282,0.0466583,0.0290165
4283,0.0466583,0.0290165
4284,0.0466583,0.0290165
4285,0.044454,0.0276936
4286,0.0450197,0.0282374
4287,0.045147,0.0282933
4288,0.0452864,0.0277908
4289,0.0452889,0.0280913
4290,0.0461397,0.029068
4291,0.0458235,0.0280111
4292,0.0458235,0.0280111
4293,0.045828,0.0283809
4294,0.0462256,0.0285218
4295,0.0462256,0.0285218
4296,0.0460371,0.0289575
4297,0.0456581,0.0284414
4298,0.0457092,0.0283959
4299,0.0437038,0.0273051
4300,0.0438947,0.0279439
4301,0.0438947,0.0279439
4302,0.0441276,0.0277212
4303,0.0443142,0.0282603
4304,0.0443142,0.0282603
4305,0.0466325,0.0293528
4306,0.0466325,0.0293528
4307,0.0466325,0.0293528
4308,0.0466325,0.0293528
4309,0.0466325,0.0293528
4310,0.0466325,0.0293528
4311,0.0491193,0.0313768
4312,0.0488345,0.0309692
4313,0.048782,0.0305291
4314,0.048031,0.0294159
4315,0.0469688,0.0288685
4316,0.0463928,0.0288571
4317,0.0463928,0.0288571
4318,0.0456645,0.0290228
4319,0.0454375,0.0289955
4320,0.0463923,0.0298395
4321,0.0463923,0.0298395
4322,0.0456062,0.0284806
4323,0.0456341,0.0285333
4324,0.0456341,0.0285333
4325,0.0456076,0.0289893
4326,0.0477438,0.0304829
4327,0.0463199,0.0292122
4328,0.0460792,0.0293037
4329,0.0458179,0.0291203
4330,0.0465067,0.0287435
4331,0.0465067,0.0287435
4332,0.0456737,0.0287959
4333,0.0468552,0.0287866
4334,0.0459583,0.0280697
4335,0.0459583,0.0280697
4336,0.0458312,0.0279551
4337,0.0453095,0.0275271
4338,0.0453095,0.0275271
4339,0.0453095,0.0275271
4340,0.0462684,0.0280573
4341,0.0462684,0.0280573
4342,0.0451229,0.0282013
4343,0.044816,0.0277097
4344,0.044816,0.0277097
4345,0.0433247,0.0265896
4346,0.0441842,0.0273505
4347,0.04476,0.0270542
4348,0.04476,0.0270542
4349,0.0451458,0.0281807
4350,0.0456493,0.0280245
4351,0.0456493,0.0280245
4352,0.0438719,0.0273331
4353,0.0442211,0.0272716
4354,0.0441165,0.0274697
4355,0.0441165,0.0274697
4356,0.0441165,0.0274697
4357,0.0435863,0.0274021
4358,0.0444184,0.0280618
4359,0.0445445,0.0274851
4360,0.0445445,0.0274851
4361,0.0448448,0.0273303
4362,0.0448448,0.0273303
4363,0.043707,0.0268871
4364,0.0445637,0.0270187
4365,0.0442961,0.0273276
4366,0.0442961,0.0273276
4367,0.0451191,0.0277467
4368,0.0445809,0.026844
4369,0.0442063,0.0268461
4370,0.0442063,0.0268461
4371,0.0442063,0.0268461
4372,0.0442063,0.0268461
4373,0.0454275,0.0281302
4374,0.045856,0.028226
4375,0.045762,0.0280219
4376,0.045762,0.0280219
4377,0.045762,0.0280219
4378,0.0449999,0.027858
4379,0.044986,0.0275718
4380,0.044986,0.0275718
4381,0.0465343,0.0294292
4382,0.0464888,0.0285055
4383,0.0470617,0.0293678
4384,0.0470617,0.0293678
4385,0.0459789,0.0292699
4386,0.0460868,0.0286425
4387,0.0460868,0.0286425
4388,0.0448092,0.0276708
4389,0.044627,0.0278199
4390,0.0457032,0.0287106
4391,0.0457032,0.0287106
4392,0.0475885,0.0299654
4393,0.0475885,0.0299654
4394,0.0470983,0.0295963
4395,0.0470983,0.0295963
4396,0.0470983,0.0295963
4397,0.0472248,0.0296824
4398,0.0472248,0.0296824
4399,0.0472248,0.0296824
4400,0.0465991,0.0299145
4401,0.0465991,0.0299145
4402,0.0462854,0.0291214
4403,0.0465219,0.0296146
4404,0.0465219,0.0296146
4405,0.0465219,0.0296146
4406,0.0465219,0.0296146
4407,0.0469808,0.0300063
4408,0.046013,0.0291448
4409,0.0452102,0.0286669
4410,0.0451542,0.0290004
4411,0.0444565,0.0282042
4412,0.0448843,0.0276664
4413,0.0467212,0.0288943
4414,0.0454559,0.0286242
4415,0.0450822,0.0282179
4416,0.0461467,0.0284454
4417,0.0472939,0.0294659
4418,0.0472939,0.0294659
4419,0.0481117,0.0301661
4420,0.0466969,0.0298754
4421,0.0464204,0.0291116
4422,0.0466127,0.0283711
4423,0.0466127,0.0283711
4424,0.0463247,0.0282622
4425,0.0462569,0.0289491
4426,0.0457139,0.0282402
4427,0.0462878,0.0286633
4428,0.0462878,0.0286633
4429,0.0451839,0.0278829
4430,0.0465725,0.028328
4431,0.0459203,0.0285056
4432,0.0466279,0.0294623
4433,0.0468058,0.0296365
4434,0.0468058,0.0296365
4435,0.0468058,0.0296365
4436,0.0467936,0.0292492
4437,0.0467936,0.0292492
4438,0.0448352,0.0284538
4439,0.0448352,0.0284538
4440,0.0453476,0.0281461
4441,0.0461744,0.0291319
4442,0.0455849,0.0292633
4443,0.0455849,0.0292633
4444,0.046818,0.0301004
4445,0.046818,0.0301004
4446,0.0468048,0.0298123
4447,0.0471852,0.0300605
4448,0.0471852,0.0300605
4449,0.0471852,0.0300605
4450,0.0471852,0.0300605
4451,0.0479182,0.0305347
4452,0.0469681,0.0291513
4453,0.047326,0.0291601
4454,0.0461863,0.0285299
4455,0.0446007,0.0280851
4456,0.0448045,0.0283273
4457,0.0448045,0.0283273
4458,0.0449424,0.0282439
4459,0.0462147,0.0290636
4460,0.0464679,0.029299
4461,0.0458869,0.0288044
4462,0.0451398,0.0281205
4463,0.0451398,0.0281205
4464,0.0451398,0.0281205
4465,0.0441513,0.0276832
4466,0.0449816,0.0284412
4467,0.0460491,0.0283577
4468,0.0460491,0.0283577
4469,0.045902,0.0288209
4470,0.0469876,0.0300424
4471,0.0475181,0.029645
4472,0.0475181,0.029645
4473,0.0460458,0.0287488
4474,0.0458204,0.0285723
4475,0.0451718,0.0276355
4476,0.0448845,0.0276112
4477,0.0448845,0.0276112
4478,0.0429093,0.0270906
4479,0.0430746,0.0267481
4480,0.043772,0.0269112
4481,0.0427391,0.0266809
4482,0.0428503,0.0262336
4483,0.0433203,0.0267337
4484,0.0433203,0.0267337
4485,0.0430205,0.0260921
4486,0.0442286,0.0273112
4487,0.0445517,0.0276057
4488,0.0445517,0.0276057
4489,0.0453845,0.027736
4490,0.0453845,0.027736
4491,0.0453004,0.0279073
4492,0.0453004,0.0279073
4493,0.0445393,0.0271142
4494,0.0442717,0.0268354
4495,0.0448072,0.0272768
4496,0.0448072,0.0272768
4497,0.0436154,0.0266664
4498,0.0447996,0.0273192
4499,0.0455444,0.0276374
4500,0.0455444,0.0276374
4501,0.0459689,0.0281607
4502,0.0450256,0.0280328
4503,0.0454028,0.0285013
4504,0.0451576,0.0279526
4505,0.0451576,0.0279526
4506,0.0457956,0.0280022
4507,0.0457956,0.0280022
4508,0.0460551,0.0287147
4509,0.0454367,0.0282993
4510,0.0447832,0.0283077
4511,0.0439889,0.027403
4512,0.0439889,0.027403
4513,0.0439889,0.027403
4514,0.0447512,0.0278595
4515,0.0456873,0.0285436
4516,0.045534,0.028713
4517,0.045534,0.028713
4518,0.0457954,0.027987
4519,0.0439991,0.0277427
4520,0.0439991,0.0277427
4521,0.0449688,0.0283091
4522,0.0459618,0.0280254
4523,0.0461868,0.0287857
4524,0.0461868,0.0287857
4525,0.0461868,0.0287857
4526,0.0469544,0.0284755
4527,0.0469544,0.0284755
4528,0.0469544,0.0284755
4529,0.0474318,0.029106
4530,0.0474318,0.029106
4531,0.0470839,0.028939
4532,0.0471821,0.0285791
4533,0.0444022,0.0277352
4534,0.0449354,0.0279529
4535,0.0449354,0.0279529
4536,0.0449354,0.0279529
4537,0.0439494,0.0276743
4538,0.0439494,0.0276743
4539,0.0439494,0.0276743
4540,0.0439494,0.0276743
4541,0.0451066,0.0277885
4542,0.0449396,0.0276371
4543,0.044009,0.0273975
4544,0.0433801,0.0268702
4545,0.04392,0.027187
4546,0.0430234,0.0264437
4547,0.0430234,0.0264437
4548,0.0430234,0.0264437
4549,0.0431238,0.0265506
4550,0.0423864,0.0263133
4551,0.0428234,0.0259959
4552,0.0438849,0.0271846
4553,0.0438849,0.0271846
4554,0.0442263,0.0270945
4555,0.0446013,0.0275789
4556,0.0446421,0.027785
4557,0.0446421,0.027785
4558,0.0457135,0.0285049
4559,0.0464119,0.0292803
4560,0.0450987,0.0279013
4561,0.0470957,0.0293468
4562,0.0465022,0.0294369
4563,0.0464666,0.0289949
4564,0.0464666,0.0289949
4565,0.0464666,0.0289949
4566,0.0464666,0.0289949
4567,0.0464666,0.0289949
4568,0.0464827,0.02876
4569,0.0449081,0.0282382
4570,0.0438941,0.027506
4571,0.0445864,0.0277478
4572,0.044689,0.0276831
4573,0.0453771,0.0283767
4574,0.0457051,0.028109
4575,0.0457051,0.028109
4576,0.0457833,0.0285007
4577,0.0466621,0.0292623
4578,0.0466621,0.0292623
4579,0.04664,0.0290749
4580,0.047458,0.0297023
4581,0.0469843,0.0295428
4582,0.0469843,0.0295428
4583,0.0469843,0.0295428
4584,0.0469843,0.0295428
4585,0.0470728,0.028827
4586,0.0470194,0.0288229
4587,0.0478009,0.0295214
4588,0.0467871,0.0284575
4589,0.0460017,0.0279644
4590,0.0460017,0.0279644
4591,0.0460017,0.0279644
4592,0.0448392,0.0276441
4593,0.0449957,0.0278527
4594,0.0445772,0.0277187
4595,0.0446619,0.0275134
4596,0.0444185,0.027449
4597,0.0440372,0.0270904
4598,0.0446769,0.0272268
4599,0.0432643,0.026774
4600,0.0431839,0.0259513
4601,0.0431839,0.0259513
4602,0.0431839,0.0259513
4603,0.0431839,0.0259513
4604,0.0429564,0.0266567
4605,0.0432193,0.0270904
4606,0.0441618,0.0277604
4607,0.0441618,0.0277604
4608,0.0441618,0.0277604
4609,0.0431542,0.0266933
4610,0.0441275,0.0271844
4611,0.044108,0.0273065
4612,0.0435913,0.0271321
4613,0.0435913,0.0271321
4614,0.0442527,0.0269788
4615,0.0442527,0.0269788
4616,0.0434144,0.0268091
4617,0.0450972,0.0281548
4618,0.0444403,0.027792
4619,0.0444403,0.027792
4620,0.0446656,0.0283939
4621,0.0442595,0.0275776
4622,0.0438956,0.0277036
4623,0.0438956,0.0277036
4624,0.0433884,0.0267475
4625,0.0433299,0.026667
4626,0.0440761,0.0266995
4627,0.0435878,0.0263488
4628,0.0434117,0.0263863
4629,0.0435244,0.0268026
4630,0.0434951,0.0268174
4631,0.0434951,0.0268174
4632,0.0433737,0.0265123
4633,0.0438075,0.0267858
4634,0.0438075,0.0267858
4635,0.0438075,0.0267858
4636,0.0439304,0.0266963
4637,0.0433595,0.0267777
4638,0.0433595,0.0267777
4639,0.0444228,0.0266727
4640,0.0443766,0.0273505
4641,0.0435202,0.0265181
4642,0.0433833,0.0265334
4643,0.0442031,0.0268001
4644,0.043636,0.0265802
4645,0.0431317,0.0262664
4646,0.0436874,0.0265081
4647,0.0434705,0.0263349
4648,0.0434705,0.0263349
4649,0.0438616,0.0269673
4650,0.0438616,0.0269673
4651,0.0441808,0.026761
4652,0.0441808,0.026761
4653,0.044887,0.0271234
4654,0.0444288,0.0272323
4655,0.0444288,0.0272323
4656,0.0444288,0.0272323
4657,0.0447583,0.0267734
4658,0.0456237,0.0276753
4659,0.0449014,0.0275923
4660,0.0449014,0.0275923
4661,0.0449014,0.0275923
4662,0.045037,0.028325
4663,0.0458755,0.0282635
4664,0.0458755,0.0282635
4665,0.0458755,0.0282635
4666,0.0463575,0.0285919
4667,0.0470416,0.0289258
4668,0.0462023,0.0284152
4669,0.0465693,0.028766
4670,0.0468674,0.0288529
4671,0.0458155,0.0279787
4672,0.0450107,0.0276395
4673,0.0458098,0.0276003
4674,0.0466355,0.0280919
4675,0.0458493,0.0282187
4676,0.0464408,0.0285847
4677,0.0463031,0.028516
4678,0.0463031,0.028516
4679,0.0463031,0.028516
4680,0.0462256,0.0284376
4681,0.0455948,0.0281384
4682,0.0452475,0.0280445
4683,0.0452475,0.0280445
4684,0.0443454,0.0273329
4685,0.0442987,0.0272156
4686,0.0456303,0.0278466
4687,0.0451671,0.027775
4688,0.045997,0.0282209
4689,0.0458794,0.0286605
4690,0.0459847,0.0282932
4691,0.0459847,0.0282932
4692,0.0459847,0.0282932
4693,0.0460652,0.0279713
4694,0.0466601,0.0282911
4695,0.0466601,0.0282911
4696,0.0464488,0.0287159
4697,0.0475149,0.0291091
4698,0.0475519,0.0290085
4699,0.0475519,0.0290085
4700,0.0458944,0.0282973
4701,0.0456801,0.0278014
4702,0.0459687,0.0282393
4703,0.046108,0.0282188
4704,0.0461232,0.0284401
4705,0.0461232,0.0284401
4706,0.0461232,0.0284401
4707,0.0461232,0.0284401
4708,0.0461232,0.0284401
4709,0.0465258,0.0287811
4710,0.0457309,0.0284421
4711,0.0457309,0.0284421
4712,0.0457309,0.0284421
4713,0.0466063,0.0286022
4714,0.0446901,0.0277444
4715,0.0439994,0.0273385
4716,0.0447811,0.0277897
4717,0.0445547,0.0277773
4718,0.0445547,0.0277773
4719,0.0451608,0.028217
4720,0.0459869,0.028477
4721,0.0459869,0.028477
4722,0.0459869,0.028477
4723,0.045119,0.0274793
4724,0.045119,0.0274793
4725,0.0449831,0.0272492
4726,0.0449831,0.0272492
4727,0.0451408,0.0277572
4728,0.0452507,0.0276214
4729,0.0440373,0.0272503
4730,0.0440373,0.0272503
4731,0.0439348,0.0266514
4732,0.0435615,0.0269232
4733,0.043772,0.0267297
4734,0.0441199,0.0270879
4735,0.0441199,0.0270879
4736,0.0442717,0.0265653
4737,0.0447804,0.0268126
4738,0.0445692,0.027122
4739,0.0435206,0.0268966
4740,0.0434727,0.0269851
4741,0.0442603,0.0272374
4742,0.0450764,0.0281644
4743,0.0450764,0.0281644
4744,0.0459513,0.0290362
4745,0.045298,0.0281995
4746,0.0448633,0.027534
4747,0.0448633,0.027534
4748,0.0458886,0.0281576
4749,0.0465504,0.0291619
4750,0.0463211,0.028598
4751,0.0468099,0.0288792
4752,0.0467763,0.0283493
4753,0.0467763,0.0283493
4754,0.0473682,0.02922
4755,0.0473682,0.02922
4756,0.0473682,0.02922
4757,0.0473682,0.02922
4758,0.0466095,0.027956
4759,0.0466095,0.027956
4760,0.0464934,0.0284959
4761,0.0464934,0.0284959
4762,0.0455031,0.0281218
4763,0.0455031,0.0281218
4764,0.0450121,0.0276507
4765,0.0450121,0.0276507
4766,0.045565,0.0274829
4767,0.0454602,0.0277872
4768,0.0448457,0.0273481
4769,0.0446651,0.0271792
4770,0.0443024,0.0268028
4771,0.0428673,0.0258011
4772,0.0440497,0.0269782
4773,0.0432155,0.0263031
4774,0.0429725,0.0260781
4775,0.0426846,0.0261085
4776,0.0426122,0.0259396
4777,0.0421103,0.0262947
4778,0.0431206,0.0263427
4779,0.0431206,0.0263427
4780,0.0431206,0.0263427
4781,0.0420079,0.0258454
4782,0.0421105,0.0256219
4783,0.0436476,0.0268255
4784,0.0440102,0.0268712
4785,0.0440102,0.0268712
4786,0.0427318,0.0264781
4787,0.0431453,0.0265573
4788,0.0431453,0.0265573
4789,0.0431453,0.0265573
4790,0.0431453,0.0265573
4791,0.0424659,0.0262573
4792,0.0420647,0.0260788
4793,0.0426291,0.0266873
4794,0.0424708,0.0266796
4795,0.0435328,0.0269266
4796,0.0441752,0.0269435
4797,0.0440085,0.02736
4798,0.0437551,0.0277288
4799,0.0437551,0.0277288
4800,0.0437551,0.0277288
4801,0.0448175,0.0284818
4802,0.0450717,0.0282254
4803,0.0451476,0.0279822
4804,0.0445991,0.027283
4805,0.045675,0.0276764
4806,0.0460386,0.0280816
4807,0.0460386,0.0280816
4808,0.0464738,0.0291128
4809,0.0471879,0.0291946
4810,0.0476713,0.0291358
4811,0.046303,0.0291349
4812,0.045676,0.0283913
4813,0.045676,0.0283913
4814,0.045676,0.0283913
4815,0.0462465,0.0283607
4816,0.0450208,0.0279048
4817,0.0448623,0.0283248
4818,0.0446682,0.0287201
4819,0.0439796,0.027366
4820,0.0439796,0.027366
4821,0.0433448,0.0265613
4822,0.0433448,0.0265613
4823,0.0440853,0.0274297
4824,0.0435841,0.0269992
4825,0.0440925,0.0270713
4826,0.0440925,0.0270713
4827,0.0437749,0.0267838
4828,0.0437749,0.0267838
4829,0.0437749,0.0267838
4830,0.0441652,0.0271618
4831,0.0449633,0.0276653
4832,0.0436993,0.0273381
4833,0.0436993,0.0273381
4834,0.0428185,0.0266819
4835,0.0429808,0.027182
4836,0.0445116,0.0269395
4837,0.0445116,0.0269395
4838,0.0441611,0.0276059
4839,0.0443517,0.0275556
4840,0.0448319,0.0279256
4841,0.044049,0.0278056
4842,0.0440865,0.0274025
4843,0.0440865,0.0274025
4844,0.0445457,0.027673
4845,0.0445457,0.027673
4846,0.0455682,0.0284425
4847,0.0455682,0.0284425
4848,0.0458279,0.0285067
4849,0.0453621,0.0279351
4850,0.0453621,0.0279351
4851,0.0457559,0.0287966
4852,0.0457559,0.0287966
4853,0.0462821,0.0286225
4854,0.0455637,0.0286346
4855,0.0462163,0.0285101
4856,0.0452903,0.0278962
4857,0.0446644,0.0274654
4858,0.0461109,0.027918
4859,0.0461109,0.027918
4860,0.0452261,0.0274888
4861,0.0447788,0.0274102
4862,0.0448432,0.0274009
4863,0.0440442,0.0268064
4864,0.0437485,0.0267641
4865,0.0442066,0.0275971
4866,0.0436128,0.0266797
4867,0.0447826,0.0277106
4868,0.0440428,0.0269735
4869,0.0437301,0.0275015
4870,0.0445033,0.0281311
4871,0.0445033,0.0281311
4872,0.0451907,0.0287424
4873,0.0450316,0.0281548
4874,0.044843,0.0284072
4875,0.044843,0.0284072
4876,0.045188,0.0281496
4877,0.0464196,0.0290823
4878,0.0456514,0.0286365
4879,0.0456514,0.0286365
4880,0.0466647,0.0287245
4881,0.0464458,0.0290595
4882,0.0463093,0.0287612
4883,0.0467497,0.0290705
4884,0.0470565,0.0294759
4885,0.0470565,0.0294759
4886,0.0474624,0.0303956
4887,0.0477455,0.0297589
4888,0.0472701,0.0293989
4889,0.0472701,0.0293989
4890,0.0471041,0.0294717
4891,0.0483737,0.0302539
4892,0.0483737,0.0302539
4893,0.0483737,0.0302539
4894,0.047731,0.0295286
4895,0.047069,0.0294685
4896,0.0464559,0.0288889
4897,0.0464559,0.0288889
4898,0.0468926,0.0290554
4899,0.0468926,0.0290554
4900,0.0445298,0.0276461
