MDTU,S_F
1,1.65503e-05
2,1.64114e-05
3,1.62591e-05
4,1.61152e-05
5,1.60898e-05
6,1.59216e-05
7,1.60404e-05
8,1.60353e-05
9,1.60054e-05
10,1.59156e-05
11,1.57877e-05
12,1.59156e-05
13,1.57877e-05
14,1.59002e-05
15,1.57464e-05
16,1.59004e-05
17,1.59002e-05
18,1.58085e-05
19,1.59004e-05
20,1.58146e-05
21,1.58085e-05
22,1.58938e-05
23,1.58146e-05
24,1.57389e-05
25,1.58938e-05
26,1.57389e-05
27,1.5714e-05
28,1.5714e-05
29,1.57305e-05
30,-1
