t,eps_f,eps_g
10,0.00833333,0.000833333
20,0.00833333,0.000833333
20,0.00833333,0.000833333
