MDTU,|Tr(L)|,ReTr(L),ImTr(L)
1,2.5374,0.953411,-2.35147
2,2.39526,0.902459,-2.21875
3,2.4248,1.03074,-2.19482
4,2.37783,1.02896,-2.14367
5,2.3759,1.01074,-2.15019
6,2.29789,0.897422,-2.1154
7,2.3305,0.896429,-2.1512
8,2.42811,0.880844,-2.2627
9,2.36136,0.968108,-2.15378
10,2.27371,0.93588,-2.07216
11,2.29378,0.943048,-2.09096
12,2.23612,0.812027,-2.08347
13,2.29965,0.71993,-2.18405
14,2.26403,0.675115,-2.16103
15,2.24534,0.694602,-2.1352
16,2.24689,0.749401,-2.11823
17,2.24837,0.62129,-2.16083
18,2.24614,0.661566,-2.1465
19,2.13951,0.708546,-2.01877
20,2.28035,0.726587,-2.1615
21,2.24119,0.551655,-2.17224
22,2.24119,0.551655,-2.17224
23,2.21482,0.509235,-2.15549
24,2.21482,0.509235,-2.15549
25,2.16683,0.424585,-2.12483
26,2.16683,0.424585,-2.12483
27,2.17317,0.351811,-2.14451
28,2.23675,0.36999,-2.20594
29,2.10131,0.268827,-2.08405
30,2.09326,0.36213,-2.06169
31,2.09326,0.36213,-2.06169
32,2.00009,0.295659,-1.97811
33,1.9636,0.197092,-1.95369
34,2.03185,0.160059,-2.02554
35,2.11297,0.217716,-2.10172
36,2.11297,0.217716,-2.10172
37,2.11218,0.181888,-2.10433
38,2.09557,0.203502,-2.08567
39,2.1248,0.272584,-2.10724
40,2.14296,0.367906,-2.11115
41,2.10037,0.406436,-2.06068
42,1.96129,0.35855,-1.92824
43,2.00294,0.323196,-1.97669
44,2.00294,0.323196,-1.97669
45,1.92137,0.219795,-1.90876
46,1.91476,0.10684,-1.91178
47,1.87342,0.112404,-1.87005
48,1.84492,0.103052,-1.84204
49,1.88859,0.0578706,-1.8877
50,1.92241,0.0722661,-1.92105
51,1.94102,0.0803467,-1.93935
52,1.94102,0.0803467,-1.93935
53,1.89639,0.0679575,-1.89517
54,1.89639,0.0679575,-1.89517
55,1.96081,0.0952915,-1.9585
56,2.05219,0.239682,-2.03814
57,2.00436,0.186798,-1.99563
58,2.00436,0.186798,-1.99563
59,1.96149,0.12681,-1.95738
60,1.99488,0.200216,-1.98481
61,2.02041,0.118699,-2.01692
62,2.02041,0.118699,-2.01692
63,1.96509,0.119813,-1.96143
64,1.96509,0.119813,-1.96143
65,1.98199,0.127267,-1.9779
66,1.94737,0.163646,-1.94048
67,1.94903,0.0907054,-1.94691
68,1.92049,0.0595458,-1.91956
69,1.92049,0.0595458,-1.91956
70,1.95407,0.126954,-1.94994
71,1.87215,0.125643,-1.86793
72,1.85615,0.139081,-1.85093
73,1.8186,0.164865,-1.81111
74,1.82318,0.186259,-1.81364
75,1.82318,0.186259,-1.81364
76,1.82318,0.186259,-1.81364
77,1.75285,0.120238,-1.74872
78,1.71581,0.0471184,-1.71516
79,1.74334,-0.0447483,-1.74277
80,1.81893,-0.0962856,-1.81638
81,1.791,-0.055637,-1.79014
82,1.791,-0.055637,-1.79014
83,1.75582,-0.0398359,-1.75537
84,1.76134,0.00686025,-1.76132
85,1.76291,-0.00180702,-1.76291
86,1.76291,-0.00180702,-1.76291
87,1.72527,0.0455214,-1.72467
88,1.72527,0.0455214,-1.72467
89,1.72527,0.0455214,-1.72467
90,1.71606,0.02116,-1.71593
91,1.64434,-0.0144223,-1.64427
92,1.64434,-0.0144223,-1.64427
93,1.69163,-0.0283012,-1.6914
94,1.66231,-0.0415569,-1.66179
95,1.66231,-0.0415569,-1.66179
96,1.6822,0.0114914,-1.68216
97,1.66117,0.0114219,-1.66113
98,1.69119,-0.0692135,-1.68977
99,1.63987,-0.100678,-1.63678
100,1.63987,-0.100678,-1.63678
101,1.63987,-0.100678,-1.63678
102,1.63987,-0.100678,-1.63678
103,1.7318,-0.0672397,-1.7305
104,1.7159,-0.09959,-1.71301
105,1.6533,-0.0797775,-1.65137
106,1.6533,-0.0797775,-1.65137
107,1.6533,-0.0797775,-1.65137
108,1.73972,0.0222686,-1.73957
109,1.78499,0.0644115,-1.78383
110,1.77802,0.0632092,-1.7769
111,1.77802,0.0632092,-1.7769
112,1.84205,0.0350124,-1.84172
113,1.7817,-0.0101347,-1.78167
114,1.7817,-0.0101347,-1.78167
115,1.7955,0.0133456,-1.79545
116,1.82754,0.148622,-1.82148
117,1.97124,0.199903,-1.96108
118,1.97124,0.199903,-1.96108
119,1.9835,0.234147,-1.96963
120,1.98878,0.136891,-1.98406
121,1.91824,0.0820244,-1.91649
122,1.90738,-0.0363866,-1.90703
123,1.90738,-0.0363866,-1.90703
124,1.93884,-0.0649872,-1.93775
125,1.90556,-0.079184,-1.90391
126,1.90556,-0.079184,-1.90391
127,1.93934,-0.137888,-1.93443
128,1.94768,-0.23928,-1.93293
129,1.94402,-0.218662,-1.93169
130,1.94402,-0.218662,-1.93169
131,1.94402,-0.218662,-1.93169
132,1.92758,-0.202938,-1.91687
133,1.96473,-0.155091,-1.9586
134,1.91952,-0.195761,-1.90951
135,1.91952,-0.195761,-1.90951
136,1.85885,-0.183342,-1.84979
137,1.93869,-0.104557,-1.93587
138,1.93869,-0.104557,-1.93587
139,1.89918,-0.0476863,-1.89859
140,1.91286,0.0479602,-1.91225
141,1.92245,0.178781,-1.91412
142,1.88686,0.308254,-1.86151
143,1.88686,0.308254,-1.86151
144,1.82134,0.270159,-1.80119
145,1.80807,0.308254,-1.7816
146,1.86381,0.304721,-1.83874
147,1.86381,0.304721,-1.83874
148,1.88335,0.337318,-1.85289
149,1.92508,0.407644,-1.88143
150,1.94293,0.381242,-1.90516
151,1.94293,0.381242,-1.90516
152,1.94293,0.381242,-1.90516
153,2.00668,0.433564,-1.95929
154,1.99215,0.519069,-1.92334
155,2.03825,0.428529,-1.9927
156,2.01999,0.48565,-1.96075
157,1.98906,0.429719,-1.94208
158,1.98906,0.429719,-1.94208
159,1.9915,0.464291,-1.93663
160,2.02521,0.491265,-1.96472
161,2.00364,0.54648,-1.92767
162,2.01211,0.624463,-1.91276
163,2.01211,0.624463,-1.91276
164,2.01211,0.624463,-1.91276
165,2.08885,0.651651,-1.9846
166,2.08885,0.651651,-1.9846
167,2.07162,0.678548,-1.95734
168,2.04202,0.723799,-1.90944
169,2.04202,0.723799,-1.90944
170,2.08844,0.738286,-1.95359
171,2.08844,0.738286,-1.95359
172,2.22008,0.748969,-2.08993
173,2.15902,0.68817,-2.04641
174,2.11786,0.603346,-2.0301
175,2.16413,0.507499,-2.10378
176,2.23251,0.493989,-2.17717
177,2.23251,0.493989,-2.17717
178,2.23251,0.493989,-2.17717
179,2.13537,0.433116,-2.09099
180,2.1339,0.403545,-2.09539
181,2.08516,0.401496,-2.04614
182,2.03281,0.502321,-1.96977
183,2.03916,0.597006,-1.94981
184,1.93692,0.635142,-1.82982
185,1.93168,0.714575,-1.79465
186,1.921,0.683733,-1.7952
187,1.96647,0.751765,-1.8171
188,1.96647,0.751765,-1.8171
189,1.96647,0.751765,-1.8171
190,2.03215,0.786942,-1.87359
191,1.95112,0.803713,-1.7779
192,1.98038,0.845255,-1.79093
193,1.98497,0.808999,-1.81263
194,1.89577,0.871472,-1.68359
195,1.83965,0.800346,-1.65643
196,1.79872,0.826978,-1.59734
197,1.79133,0.798587,-1.60347
198,1.79133,0.798587,-1.60347
199,1.8098,0.760417,-1.6423
200,1.75588,0.684254,-1.61707
201,1.75588,0.684254,-1.61707
202,1.79513,0.710172,-1.64868
203,1.7834,0.650812,-1.66041
204,1.73442,0.601954,-1.62661
205,1.75324,0.601352,-1.64688
206,1.77222,0.603971,-1.66613
207,1.83385,0.597069,-1.73393
208,1.76768,0.552935,-1.67897
209,1.78642,0.657887,-1.66087
210,1.7706,0.685584,-1.63248
211,1.7706,0.685584,-1.63248
212,1.76708,0.640611,-1.64687
213,1.86992,0.742464,-1.7162
214,1.84018,0.646954,-1.7227
215,1.85849,0.685299,-1.72752
216,1.85676,0.78798,-1.68127
217,1.96311,0.797856,-1.79366
218,1.96311,0.797856,-1.79366
219,1.89114,0.811292,-1.70828
220,1.89114,0.811292,-1.70828
221,1.89114,0.811292,-1.70828
222,1.89114,0.811292,-1.70828
223,1.89114,0.811292,-1.70828
224,1.89114,0.811292,-1.70828
225,1.92379,0.869277,-1.7162
226,1.90427,0.83749,-1.71022
227,1.90427,0.83749,-1.71022
228,1.92892,0.843068,-1.73493
229,1.89333,0.867798,-1.68275
230,1.87531,0.856551,-1.66826
231,1.90743,0.841485,-1.71178
232,1.96668,0.857455,-1.76992
233,1.90953,0.905272,-1.68131
234,1.90953,0.905272,-1.68131
235,1.90953,0.905272,-1.68131
236,1.86983,0.862151,-1.6592
237,1.85831,0.768243,-1.69207
238,1.89772,0.759959,-1.73891
239,1.91345,0.746697,-1.76174
240,1.81998,0.65081,-1.69964
241,1.81998,0.65081,-1.69964
242,1.78448,0.687105,-1.6469
243,1.78448,0.687105,-1.6469
244,1.80279,0.672056,-1.67284
245,1.7987,0.628013,-1.6855
246,1.77919,0.523178,-1.70053
247,1.84578,0.56636,-1.75674
248,1.84578,0.56636,-1.75674
249,1.85616,0.534796,-1.77745
250,1.92926,0.51049,-1.86049
251,1.91833,0.496032,-1.85309
252,1.91833,0.496032,-1.85309
253,1.95948,0.521768,-1.88873
254,2.02512,0.659748,-1.91464
255,1.97917,0.631394,-1.87575
256,1.98902,0.656827,-1.87744
257,1.93022,0.578679,-1.84143
258,1.88044,0.529087,-1.80447
259,1.89102,0.51923,-1.81834
260,1.92684,0.460573,-1.87098
261,1.92684,0.460573,-1.87098
262,1.92684,0.460573,-1.87098
263,1.90534,0.470429,-1.84635
264,1.90534,0.470429,-1.84635
265,1.91794,0.376969,-1.88053
266,1.91794,0.376969,-1.88053
267,1.85842,0.341578,-1.82676
268,1.83316,0.325328,-1.80406
269,1.83316,0.325328,-1.80406
270,1.79275,0.298188,-1.76777
271,1.74442,0.29852,-1.71869
272,1.74205,0.245743,-1.72463
273,1.74205,0.245743,-1.72463
274,1.80875,0.273822,-1.7879
275,1.80875,0.273822,-1.7879
276,1.80875,0.273822,-1.7879
277,1.79781,0.343653,-1.76466
278,1.79781,0.343653,-1.76466
279,1.73568,0.307861,-1.70816
280,1.78145,0.370831,-1.74242
281,1.79894,0.404574,-1.75285
282,1.86863,0.289616,-1.84605
283,1.86863,0.289616,-1.84605
284,1.86863,0.289616,-1.84605
285,1.86863,0.289616,-1.84605
286,1.86863,0.289616,-1.84605
287,1.86492,0.32648,-1.83612
288,1.86492,0.32648,-1.83612
289,1.86492,0.32648,-1.83612
290,1.83357,0.27435,-1.81293
291,1.90791,0.295315,-1.88491
292,1.87325,0.246459,-1.85697
293,1.89412,0.232566,-1.87979
294,1.84004,0.204607,-1.82863
295,1.80121,0.279068,-1.77946
296,1.86267,0.27343,-1.84249
297,1.86267,0.27343,-1.84249
298,1.81051,0.409969,-1.76349
299,1.81051,0.409969,-1.76349
300,1.79395,0.338885,-1.76165
301,1.83334,0.339821,-1.80157
302,1.90583,0.341647,-1.87495
303,1.895,0.346041,-1.86314
304,1.895,0.346041,-1.86314
305,1.84038,0.303303,-1.81522
306,1.85123,0.280183,-1.8299
307,1.8676,0.330682,-1.83809
308,1.78592,0.354639,-1.75035
309,1.78592,0.354639,-1.75035
310,1.78592,0.354639,-1.75035
311,1.84465,0.299905,-1.82011
312,1.78131,0.261039,-1.76208
313,1.75073,0.245439,-1.73344
314,1.73905,0.23555,-1.72302
315,1.78201,0.239516,-1.76584
316,1.80734,0.237631,-1.79165
317,1.80734,0.237631,-1.79165
318,1.80734,0.237631,-1.79165
319,1.82217,0.196952,-1.8115
320,1.82217,0.196952,-1.8115
321,1.77316,0.111239,-1.76967
322,1.80103,0.087899,-1.79888
323,1.80103,0.087899,-1.79888
324,1.81724,0.0495033,-1.81656
325,1.81724,0.0495033,-1.81656
326,1.83775,0.0600781,-1.83677
327,1.89984,0.0604521,-1.89888
328,1.80209,0.0628615,-1.801
329,1.83246,0.09893,-1.82978
330,1.91924,0.0258597,-1.91907
331,1.91924,0.0258597,-1.91907
332,1.91924,0.0258597,-1.91907
333,1.91924,0.0258597,-1.91907
334,1.91924,0.0258597,-1.91907
335,1.8771,0.0913037,-1.87488
336,1.92632,0.0705033,-1.92503
337,1.98586,0.0185476,-1.98577
338,1.9505,0.00401641,-1.9505
339,1.9505,0.00401641,-1.9505
340,1.95986,0.0663225,-1.95874
341,1.95986,0.0663225,-1.95874
342,1.99889,-0.0158945,-1.99882
343,1.99889,-0.0158945,-1.99882
344,1.98772,0.0400952,-1.98732
345,2.03557,0.0701395,-2.03436
346,1.97425,0.0562886,-1.97345
347,2.03819,0.0150844,-2.03813
348,2.01764,-0.0129976,-2.0176
349,2.05606,0.00838409,-2.05604
350,2.05606,0.00838409,-2.05604
351,2.04743,0.064742,-2.0464
352,1.97586,-0.0288671,-1.97565
353,1.92713,-0.000508774,-1.92713
354,1.92713,-0.000508774,-1.92713
355,1.94514,0.123926,-1.94119
356,1.95705,0.0948566,-1.95474
357,1.85997,0.0660401,-1.8588
358,1.85788,0.126932,-1.85354
359,1.92872,0.188027,-1.91953
360,1.92872,0.188027,-1.91953
361,1.8833,0.299893,-1.85927
362,1.95886,0.306716,-1.9347
363,2.03396,0.184713,-2.02555
364,2.03396,0.184713,-2.02555
365,1.96005,0.237692,-1.94558
366,1.96005,0.237692,-1.94558
367,1.98842,0.357595,-1.956
368,1.94425,0.402262,-1.90218
369,1.99892,0.406419,-1.95717
370,1.97866,0.357584,-1.94608
371,1.91232,0.406363,-1.86865
372,1.87641,0.340954,-1.84518
373,1.93556,0.383801,-1.89713
374,1.95649,0.296906,-1.93383
375,1.99074,0.25825,-1.97391
376,1.97479,0.255871,-1.95815
377,1.97479,0.255871,-1.95815
378,1.97479,0.255871,-1.95815
379,2.02473,0.32198,-1.99896
380,2.07732,0.250573,-2.06215
381,2.08337,0.134508,-2.07902
382,2.05353,0.0960902,-2.05129
383,2.10638,0.0764399,-2.10499
384,2.10638,0.0764399,-2.10499
385,2.02865,0.19263,-2.01948
386,2.02865,0.19263,-2.01948
387,2.05134,0.221066,-2.0394
388,2.06837,0.177183,-2.06077
389,1.98598,0.238241,-1.97164
390,1.90716,0.25503,-1.89003
391,1.90716,0.25503,-1.89003
392,1.9193,0.272022,-1.89992
393,1.86857,0.302386,-1.84394
394,1.86857,0.302386,-1.84394
395,1.88593,0.23867,-1.87076
396,1.94503,0.344495,-1.91428
397,1.8718,0.412607,-1.82575
398,1.8718,0.412607,-1.82575
399,1.80808,0.354015,-1.77309
400,1.79855,0.456814,-1.73957
401,1.83015,0.398795,-1.78618
402,1.77459,0.41698,-1.7249
403,1.81429,0.437136,-1.76084
404,1.82475,0.547097,-1.7408
405,1.82475,0.547097,-1.7408
406,1.82475,0.547097,-1.7408
407,1.86994,0.540428,-1.79014
408,1.86994,0.540428,-1.79014
409,1.88942,0.669209,-1.76694
410,1.91933,0.659817,-1.80235
411,1.92471,0.751666,-1.77186
412,1.92471,0.751666,-1.77186
413,1.92033,0.727567,-1.77716
414,1.92033,0.727567,-1.77716
415,1.87427,0.735714,-1.72384
416,1.89868,0.779526,-1.73128
417,1.89868,0.779526,-1.73128
418,1.89311,0.847965,-1.69258
419,1.89311,0.847965,-1.69258
420,1.89311,0.847965,-1.69258
421,1.89311,0.847965,-1.69258
422,1.91173,0.911855,-1.68024
423,1.94907,0.985759,-1.68141
424,2.01452,1.02464,-1.73447
425,2.01452,1.02464,-1.73447
426,2.04064,1.0158,-1.76985
427,1.97444,0.948239,-1.73184
428,2.08365,1.01574,-1.81931
429,2.08365,1.01574,-1.81931
430,2.11643,0.96964,-1.88124
431,2.01501,1.00954,-1.74387
432,2.01501,1.00954,-1.74387
433,2.01501,1.00954,-1.74387
434,2.00697,1.01466,-1.73159
435,1.94237,0.932527,-1.70387
436,1.98741,0.927525,-1.7577
437,2.10967,0.999682,-1.85778
438,2.01502,0.872103,-1.81652
439,2.01502,0.872103,-1.81652
440,1.97546,0.750378,-1.8274
441,1.97546,0.750378,-1.8274
442,1.92575,0.729188,-1.78235
443,1.93948,0.667277,-1.82108
444,1.89202,0.63416,-1.78258
445,1.91158,0.602987,-1.81398
446,1.8304,0.55768,-1.74337
447,1.82563,0.581421,-1.73057
448,1.79989,0.603995,-1.69552
449,1.83519,0.616737,-1.72845
450,1.85578,0.61117,-1.75225
451,1.90766,0.683036,-1.78119
452,1.99929,0.630694,-1.89721
453,2.0024,0.542415,-1.92753
454,2.06747,0.567878,-1.98795
455,2.08641,0.577388,-2.00492
456,2.05003,0.549162,-1.97511
457,1.9774,0.472407,-1.92015
458,1.95547,0.449343,-1.90315
459,1.95547,0.449343,-1.90315
460,1.95547,0.449343,-1.90315
461,1.91967,0.573242,-1.83208
462,2.03864,0.722228,-1.90642
463,2.02229,0.744318,-1.88034
464,2.0426,0.717301,-1.91251
465,2.0426,0.717301,-1.91251
466,2.00325,0.654837,-1.8932
467,2.00325,0.654837,-1.8932
468,2.07322,0.674196,-1.96054
469,1.94791,0.589543,-1.85656
470,1.92154,0.557735,-1.83881
471,1.83888,0.566119,-1.74957
472,1.89075,0.614733,-1.78803
473,1.89075,0.614733,-1.78803
474,1.96873,0.638917,-1.86218
475,1.96873,0.638917,-1.86218
476,1.95485,0.603349,-1.85942
477,1.95485,0.603349,-1.85942
478,1.95485,0.603349,-1.85942
479,1.95485,0.603349,-1.85942
480,1.99507,0.679573,-1.87576
481,2.01124,0.801649,-1.84458
482,1.99157,0.692254,-1.86738
483,1.95011,0.61405,-1.85092
484,1.95151,0.661827,-1.83586
485,1.92781,0.670721,-1.80737
486,1.89039,0.67162,-1.76706
487,1.90771,0.640684,-1.79691
488,1.9164,0.739551,-1.76796
489,1.9164,0.739551,-1.76796
490,1.9164,0.739551,-1.76796
491,1.96346,0.676294,-1.84332
492,1.96346,0.676294,-1.84332
493,1.96745,0.678274,-1.84684
494,1.89917,0.750522,-1.74458
495,1.86952,0.720146,-1.72525
496,1.93809,0.689588,-1.81126
497,1.88321,0.65073,-1.76721
498,1.81459,0.58992,-1.71602
499,1.81245,0.599454,-1.71044
500,1.85814,0.660276,-1.73687
501,1.85814,0.660276,-1.73687
502,1.86205,0.723086,-1.71592
503,1.87251,0.65679,-1.75354
504,1.82422,0.620783,-1.71534
505,1.82422,0.620783,-1.71534
506,1.86411,0.606674,-1.76263
507,1.84155,0.646435,-1.72436
508,1.78898,0.604134,-1.68388
509,1.78898,0.604134,-1.68388
510,1.72158,0.578469,-1.62148
511,1.71562,0.53546,-1.62992
512,1.74462,0.534301,-1.66079
513,1.74462,0.534301,-1.66079
514,1.69934,0.527624,-1.61535
515,1.69566,0.549948,-1.604
516,1.60443,0.489464,-1.52795
517,1.61641,0.476237,-1.54466
518,1.6693,0.555079,-1.5743
519,1.68096,0.559941,-1.58495
520,1.67933,0.539128,-1.59044
521,1.81229,0.596775,-1.71121
522,1.74914,0.580503,-1.65
523,1.74914,0.580503,-1.65
524,1.74914,0.580503,-1.65
525,1.72897,0.54805,-1.63981
526,1.73989,0.596902,-1.6343
527,1.74008,0.619391,-1.62611
528,1.71222,0.702516,-1.56147
529,1.82672,0.773204,-1.65501
530,1.80661,0.734362,-1.65062
531,1.7744,0.757542,-1.60456
532,1.81988,0.804291,-1.6325
533,1.72916,0.779757,-1.54336
534,1.70906,0.734665,-1.5431
535,1.70906,0.734665,-1.5431
536,1.70906,0.734665,-1.5431
537,1.70906,0.734665,-1.5431
538,1.70906,0.734665,-1.5431
539,1.73675,0.774139,-1.55467
540,1.73675,0.774139,-1.55467
541,1.73224,0.714072,-1.57821
542,1.73224,0.714072,-1.57821
543,1.73224,0.714072,-1.57821
544,1.75948,0.674963,-1.62487
545,1.75257,0.735379,-1.59082
546,1.72305,0.726784,-1.56227
547,1.72305,0.726784,-1.56227
548,1.66877,0.717662,-1.50658
549,1.66078,0.733012,-1.49026
550,1.66078,0.733012,-1.49026
551,1.66078,0.733012,-1.49026
552,1.66078,0.733012,-1.49026
553,1.69422,0.719625,-1.5338
554,1.71164,0.734194,-1.54618
555,1.71164,0.734194,-1.54618
556,1.72037,0.674707,-1.58255
557,1.74691,0.731079,-1.58657
558,1.74293,0.602586,-1.63545
559,1.74293,0.602586,-1.63545
560,1.70154,0.617966,-1.58536
561,1.73985,0.618398,-1.62624
562,1.73985,0.618398,-1.62624
563,1.72472,0.659569,-1.59362
564,1.85617,0.63266,-1.74502
565,1.83286,0.618596,-1.72532
566,1.79934,0.60799,-1.69351
567,1.80909,0.66948,-1.68066
568,1.86957,0.652272,-1.7521
569,1.86957,0.652272,-1.7521
570,1.97689,0.617591,-1.87795
571,1.8874,0.598622,-1.78996
572,1.86217,0.592891,-1.76526
573,1.87509,0.668629,-1.75183
574,1.87509,0.668629,-1.75183
575,1.87509,0.668629,-1.75183
576,1.91798,0.763259,-1.75957
577,1.94658,0.814026,-1.7682
578,1.90065,0.760642,-1.7418
579,1.90065,0.760642,-1.7418
580,1.90065,0.760642,-1.7418
581,1.90065,0.760642,-1.7418
582,1.90065,0.760642,-1.7418
583,1.90065,0.760642,-1.7418
584,1.89307,0.75359,-1.73661
585,1.92826,0.763812,-1.77053
586,1.84308,0.733958,-1.69064
587,1.84308,0.733958,-1.69064
588,1.80335,0.712782,-1.6565
589,1.69798,0.705282,-1.54458
590,1.69798,0.705282,-1.54458
591,1.77968,0.766432,-1.60619
592,1.82805,0.814553,-1.63654
593,1.82805,0.814553,-1.63654
594,1.802,0.809657,-1.60986
595,1.82889,0.765447,-1.661
596,1.80704,0.808279,-1.61619
597,1.8564,0.809185,-1.67077
598,1.8564,0.809185,-1.67077
599,1.88735,0.855062,-1.68255
600,1.86279,0.897321,-1.63242
601,1.90132,0.904177,-1.67257
602,1.90132,0.904177,-1.67257
603,1.90132,0.904177,-1.67257
604,1.85027,0.915362,-1.60798
605,1.81834,0.927024,-1.56429
606,1.82587,1.06975,-1.47967
607,1.76215,1.05069,-1.41465
608,1.78967,1.01201,-1.47606
609,1.76256,0.972655,-1.46989
610,1.7682,0.93593,-1.50019
611,1.77641,0.934595,-1.51069
612,1.78887,0.905776,-1.5426
613,1.78887,0.905776,-1.5426
614,1.74099,0.889595,-1.49655
615,1.77663,0.843785,-1.56347
616,1.77663,0.843785,-1.56347
617,1.86861,0.927353,-1.62225
618,1.80947,0.970829,-1.52699
619,1.89442,0.930295,-1.65027
620,1.83756,0.883432,-1.61126
621,1.9141,0.970611,-1.64976
622,1.86632,0.922044,-1.62265
623,1.86632,0.922044,-1.62265
624,1.86632,0.922044,-1.62265
625,1.86221,0.949487,-1.60197
626,1.86221,0.949487,-1.60197
627,1.86221,0.949487,-1.60197
628,1.78465,0.899069,-1.54163
629,1.76574,0.907898,-1.51445
630,1.76574,0.907898,-1.51445
631,1.76574,0.907898,-1.51445
632,1.86286,0.978409,-1.58523
633,1.86688,0.968998,-1.59571
634,1.80584,0.978216,-1.51794
635,1.77208,0.908706,-1.52135
636,1.77727,0.908855,-1.52731
637,1.77727,0.908855,-1.52731
638,1.77727,0.908855,-1.52731
639,1.77727,0.908855,-1.52731
640,1.73509,0.788562,-1.54554
641,1.6898,0.692021,-1.5416
642,1.6898,0.692021,-1.5416
643,1.64932,0.679625,-1.50278
644,1.64932,0.679625,-1.50278
645,1.63552,0.671003,-1.49153
646,1.65784,0.716531,-1.49499
647,1.69388,0.719115,-1.53365
648,1.69673,0.631992,-1.57464
649,1.69673,0.631992,-1.57464
650,1.69122,0.647625,-1.56231
651,1.70327,0.658922,-1.57066
652,1.67459,0.54066,-1.58491
653,1.66683,0.655471,-1.53254
654,1.63324,0.65624,-1.4956
655,1.68067,0.624841,-1.56021
656,1.67217,0.67022,-1.53198
657,1.76069,0.679611,-1.62424
658,1.7111,0.668314,-1.57519
659,1.7111,0.668314,-1.57519
660,1.6996,0.655205,-1.56823
661,1.6617,0.611547,-1.54508
662,1.6617,0.611547,-1.54508
663,1.6617,0.611547,-1.54508
664,1.62567,0.58096,-1.51832
665,1.62567,0.58096,-1.51832
666,1.6574,0.658669,-1.52089
667,1.71269,0.611358,-1.59985
668,1.65106,0.524661,-1.56548
669,1.6039,0.484141,-1.52908
670,1.63216,0.471706,-1.56252
671,1.61349,0.510675,-1.53054
672,1.63149,0.502735,-1.5521
673,1.63149,0.502735,-1.5521
674,1.66179,0.518353,-1.57888
675,1.66179,0.518353,-1.57888
676,1.59315,0.514964,-1.50763
677,1.6044,0.49321,-1.52671
678,1.6302,0.417395,-1.57586
679,1.68103,0.350888,-1.644
680,1.68103,0.350888,-1.644
681,1.60089,0.352394,-1.56163
682,1.60089,0.352394,-1.56163
683,1.63376,0.371591,-1.59094
684,1.67133,0.459235,-1.607
685,1.6564,0.389409,-1.60998
686,1.6564,0.389409,-1.60998
687,1.6564,0.389409,-1.60998
688,1.6564,0.389409,-1.60998
689,1.6564,0.389409,-1.60998
690,1.73218,0.422395,-1.67989
691,1.70531,0.364491,-1.6659
692,1.71009,0.327331,-1.67847
693,1.66068,0.339868,-1.62553
694,1.69505,0.363576,-1.6556
695,1.6408,0.320035,-1.60929
696,1.62373,0.351951,-1.58513
697,1.60982,0.401922,-1.55884
698,1.60982,0.401922,-1.55884
699,1.60982,0.401922,-1.55884
700,1.5994,0.344206,-1.56192
701,1.59743,0.304502,-1.56814
702,1.54565,0.312215,-1.51379
703,1.58695,0.334943,-1.5512
704,1.58695,0.334943,-1.5512
705,1.60745,0.342195,-1.57061
706,1.60745,0.342195,-1.57061
707,1.59073,0.224238,-1.57484
708,1.59073,0.224238,-1.57484
709,1.53627,0.219937,-1.52044
710,1.49643,0.19999,-1.483
711,1.48139,0.186511,-1.4696
712,1.53286,0.182395,-1.52197
713,1.52734,0.204303,-1.51361
714,1.56496,0.261,-1.54304
715,1.56803,0.292834,-1.54045
716,1.56803,0.292834,-1.54045
717,1.57786,0.258184,-1.55659
718,1.56279,0.304327,-1.53287
719,1.58521,0.275474,-1.56109
720,1.58521,0.275474,-1.56109
721,1.6155,0.306747,-1.58611
722,1.6155,0.306747,-1.58611
723,1.61084,0.35107,-1.57212
724,1.59483,0.364052,-1.55272
725,1.59483,0.364052,-1.55272
726,1.59483,0.364052,-1.55272
727,1.57878,0.354939,-1.53837
728,1.55451,0.350239,-1.51454
729,1.63733,0.281197,-1.613
730,1.62213,0.381567,-1.57662
731,1.6325,0.404706,-1.58154
732,1.64684,0.382438,-1.60181
733,1.67022,0.384127,-1.62545
734,1.58252,0.345032,-1.54445
735,1.61926,0.349385,-1.58112
736,1.60899,0.280794,-1.5843
737,1.60899,0.280794,-1.5843
738,1.61733,0.286372,-1.59178
739,1.62579,0.278718,-1.60172
740,1.68409,0.311307,-1.65507
741,1.68409,0.311307,-1.65507
742,1.6716,0.293238,-1.64568
743,1.63663,0.343978,-1.60008
744,1.6592,0.280728,-1.63528
745,1.6592,0.280728,-1.63528
746,1.6592,0.280728,-1.63528
747,1.6592,0.280728,-1.63528
748,1.6592,0.280728,-1.63528
749,1.6592,0.280728,-1.63528
750,1.6592,0.280728,-1.63528
751,1.6592,0.280728,-1.63528
752,1.6791,0.276283,-1.65621
753,1.69098,0.320577,-1.66031
754,1.69098,0.320577,-1.66031
755,1.69098,0.320577,-1.66031
756,1.72047,0.349141,-1.68467
757,1.72047,0.349141,-1.68467
758,1.72047,0.349141,-1.68467
759,1.72047,0.349141,-1.68467
760,1.72047,0.349141,-1.68467
761,1.72047,0.349141,-1.68467
762,1.62298,0.297009,-1.59557
763,1.61827,0.33068,-1.58413
764,1.68496,0.346917,-1.64886
765,1.6789,0.387501,-1.63357
766,1.69498,0.34295,-1.65992
767,1.69498,0.34295,-1.65992
768,1.69498,0.34295,-1.65992
769,1.69511,0.268829,-1.67366
770,1.69511,0.268829,-1.67366
771,1.69511,0.268829,-1.67366
772,1.71712,0.298178,-1.69103
773,1.73432,0.198333,-1.72294
774,1.77255,0.165463,-1.76481
775,1.77255,0.165463,-1.76481
776,1.77255,0.165463,-1.76481
777,1.71329,0.217298,-1.69945
778,1.71329,0.217298,-1.69945
779,1.7222,0.179228,-1.71284
780,1.7222,0.179228,-1.71284
781,1.73068,0.246846,-1.71299
782,1.73068,0.246846,-1.71299
783,1.73068,0.246846,-1.71299
784,1.73068,0.246846,-1.71299
785,1.80864,0.217228,-1.79555
786,1.76413,0.184882,-1.75441
787,1.74311,0.280627,-1.72038
788,1.72127,0.254263,-1.70238
789,1.72816,0.278816,-1.70552
790,1.73085,0.36383,-1.69218
791,1.72712,0.379365,-1.68494
792,1.62868,0.32667,-1.59559
793,1.57024,0.24507,-1.55099
794,1.57024,0.24507,-1.55099
795,1.57984,0.25103,-1.55977
796,1.56985,0.272973,-1.54594
797,1.56985,0.272973,-1.54594
798,1.60952,0.247482,-1.59038
799,1.60952,0.247482,-1.59038
800,1.58594,0.337139,-1.54969
801,1.57425,0.398921,-1.52287
802,1.56857,0.495577,-1.48822
803,1.54797,0.4955,-1.46652
804,1.58442,0.535856,-1.49106
805,1.58442,0.535856,-1.49106
806,1.58442,0.535856,-1.49106
807,1.58442,0.535856,-1.49106
808,1.65143,0.550286,-1.55705
809,1.64995,0.647691,-1.5175
810,1.64995,0.647691,-1.5175
811,1.64995,0.647691,-1.5175
812,1.64995,0.647691,-1.5175
813,1.67784,0.626138,-1.55663
814,1.6533,0.5618,-1.55492
815,1.60942,0.521633,-1.52254
816,1.64475,0.40012,-1.59533
817,1.6471,0.475029,-1.57711
818,1.6382,0.349276,-1.60053
819,1.6382,0.349276,-1.60053
820,1.71787,0.295873,-1.6922
821,1.6641,0.281522,-1.64011
822,1.6641,0.281522,-1.64011
823,1.59563,0.28352,-1.57024
824,1.65839,0.319563,-1.62731
825,1.64484,0.387618,-1.59851
826,1.67024,0.412178,-1.61858
827,1.58311,0.323136,-1.54978
828,1.61676,0.290098,-1.59052
829,1.65789,0.277361,-1.63453
830,1.63874,0.283214,-1.61409
831,1.67188,0.383085,-1.6274
832,1.67188,0.383085,-1.6274
833,1.67188,0.383085,-1.6274
834,1.67188,0.383085,-1.6274
835,1.69297,0.383877,-1.64888
836,1.64814,0.387451,-1.60195
837,1.64814,0.387451,-1.60195
838,1.63098,0.350782,-1.59281
839,1.64442,0.375076,-1.60107
840,1.57991,0.414318,-1.52461
841,1.57991,0.414318,-1.52461
842,1.67478,0.506205,-1.59644
843,1.66238,0.424055,-1.60738
844,1.64398,0.470877,-1.5751
845,1.64398,0.470877,-1.5751
846,1.64398,0.470877,-1.5751
847,1.59731,0.373993,-1.55291
848,1.61918,0.42931,-1.56123
849,1.61918,0.42931,-1.56123
850,1.61918,0.42931,-1.56123
851,1.69726,0.464494,-1.63247
852,1.69726,0.464494,-1.63247
853,1.69726,0.464494,-1.63247
854,1.68776,0.434317,-1.63092
855,1.68453,0.411575,-1.63348
856,1.73405,0.435869,-1.67838
857,1.67607,0.36466,-1.63592
858,1.67607,0.36466,-1.63592
859,1.69254,0.36704,-1.65226
860,1.69254,0.36704,-1.65226
861,1.69254,0.36704,-1.65226
862,1.69254,0.36704,-1.65226
863,1.72578,0.38519,-1.68224
864,1.72578,0.38519,-1.68224
865,1.71557,0.466024,-1.65106
866,1.72153,0.399134,-1.67462
867,1.65683,0.370896,-1.61479
868,1.65683,0.370896,-1.61479
869,1.65683,0.370896,-1.61479
870,1.71515,0.354274,-1.67816
871,1.74945,0.34831,-1.71443
872,1.69208,0.365927,-1.65204
873,1.69208,0.365927,-1.65204
874,1.71041,0.390121,-1.66533
875,1.71041,0.390121,-1.66533
876,1.66383,0.297452,-1.63702
877,1.72132,0.35996,-1.68326
878,1.65496,0.433954,-1.59706
879,1.62294,0.339526,-1.58703
880,1.73095,0.371252,-1.69067
881,1.73095,0.371252,-1.69067
882,1.73394,0.313038,-1.70544
883,1.66646,0.281925,-1.64244
884,1.61021,0.296349,-1.5827
885,1.63165,0.342923,-1.59521
886,1.62515,0.354518,-1.58601
887,1.6025,0.315273,-1.57118
888,1.6025,0.315273,-1.57118
889,1.54844,0.340853,-1.51045
890,1.54844,0.340853,-1.51045
891,1.54844,0.340853,-1.51045
892,1.54844,0.340853,-1.51045
893,1.54341,0.364984,-1.49963
894,1.59653,0.378825,-1.55094
895,1.55292,0.407374,-1.49853
896,1.55292,0.407374,-1.49853
897,1.56655,0.408779,-1.51227
898,1.56655,0.408779,-1.51227
899,1.55575,0.365218,-1.51228
900,1.55572,0.313892,-1.52373
901,1.65464,0.347613,-1.61771
902,1.66572,0.228503,-1.64997
903,1.66572,0.228503,-1.64997
904,1.69393,0.233559,-1.67775
905,1.69393,0.233559,-1.67775
906,1.69393,0.233559,-1.67775
907,1.736,0.254581,-1.71724
908,1.81074,0.224483,-1.79677
909,1.78051,0.196566,-1.76963
910,1.78051,0.196566,-1.76963
911,1.77417,0.148116,-1.76798
912,1.80998,0.200646,-1.79882
913,1.80998,0.200646,-1.79882
914,1.80998,0.200646,-1.79882
915,1.8251,0.133836,-1.82018
916,1.7791,0.180277,-1.76994
917,1.75687,0.105944,-1.75368
918,1.77917,0.134766,-1.77406
919,1.75567,0.200437,-1.74419
920,1.75567,0.200437,-1.74419
921,1.76178,0.199404,-1.75045
922,1.7692,0.14229,-1.76347
923,1.7692,0.14229,-1.76347
924,1.77589,0.0704862,-1.77449
925,1.77907,0.0424403,-1.77857
926,1.77907,0.0424403,-1.77857
927,1.77907,0.0424403,-1.77857
928,1.87644,0.0668727,-1.87524
929,1.83789,0.137281,-1.83275
930,1.81306,0.152738,-1.80661
931,1.9094,0.280727,-1.88865
932,1.84251,0.26461,-1.82341
933,1.84251,0.26461,-1.82341
934,1.84251,0.26461,-1.82341
935,1.78318,0.159155,-1.77607
936,1.84682,0.145216,-1.8411
937,1.89087,0.0608281,-1.88989
938,1.95247,0.0217613,-1.95235
939,1.95181,-0.0193182,-1.95172
940,1.96881,-0.00593624,-1.9688
941,1.91611,0.067958,-1.91491
942,1.99575,0.0216941,-1.99564
943,1.99575,0.0216941,-1.99564
944,1.99575,0.0216941,-1.99564
945,1.99575,0.0216941,-1.99564
946,1.99575,0.0216941,-1.99564
947,1.93288,0.072713,-1.93151
948,1.93209,0.175941,-1.92406
949,1.91168,0.168696,-1.90423
950,1.91168,0.168696,-1.90423
951,1.95081,0.127189,-1.94666
952,1.90671,0.160594,-1.89993
953,1.94413,0.23281,-1.93014
954,1.92048,0.246696,-1.90457
955,1.9616,0.296546,-1.93906
956,1.94768,0.263566,-1.92977
957,1.94768,0.263566,-1.92977
958,1.94768,0.263566,-1.92977
959,2.0362,0.300603,-2.01389
960,2.05645,0.191496,-2.04752
961,2.05645,0.191496,-2.04752
962,2.05089,0.249659,-2.03564
963,2.05089,0.249659,-2.03564
964,1.96438,0.265038,-1.94642
965,1.96788,0.240183,-1.95317
966,2.00824,0.254788,-1.99201
967,2.00824,0.254788,-1.99201
968,1.90689,0.2216,-1.89397
969,1.96124,0.233922,-1.94724
970,2.00773,0.239934,-1.99334
971,2.00773,0.239934,-1.99334
972,2.00773,0.239934,-1.99334
973,2.00408,0.391015,-1.96556
974,1.94154,0.374909,-1.905
975,1.95079,0.414873,-1.90617
976,1.9473,0.329412,-1.91923
977,1.9473,0.329412,-1.91923
978,1.919,0.269563,-1.89998
979,1.919,0.269563,-1.89998
980,1.97777,0.179087,-1.96964
981,1.93057,0.165623,-1.92345
982,1.93057,0.165623,-1.92345
983,1.93057,0.165623,-1.92345
984,1.99708,0.207734,-1.98625
985,1.87622,0.190971,-1.86648
986,1.94509,0.168529,-1.93778
987,1.90923,0.0811487,-1.90751
988,1.90923,0.0811487,-1.90751
989,1.88939,0.028483,-1.88917
990,1.88939,0.028483,-1.88917
991,1.88939,0.028483,-1.88917
992,1.83676,0.0657213,-1.83558
993,1.82421,-0.0454666,-1.82364
994,1.80286,0.0128985,-1.80281
995,1.80286,0.0128985,-1.80281
996,1.80286,0.0128985,-1.80281
997,1.77673,-0.0735793,-1.7752
998,1.77267,-0.0402051,-1.77221
999,1.77267,-0.0402051,-1.77221
1000,1.78024,0.0136246,-1.78019
1001,1.75135,0.0449226,-1.75078
1002,1.78118,-0.0202171,-1.78107
1003,1.72634,0.0216471,-1.7262
1004,1.71471,0.0937946,-1.71214
1005,1.70847,0.0766676,-1.70675
1006,1.70847,0.0766676,-1.70675
1007,1.73999,0.150578,-1.73346
1008,1.76978,0.0967617,-1.76713
1009,1.69064,0.139194,-1.6849
1010,1.69064,0.139194,-1.6849
1011,1.68263,0.108405,-1.67913
1012,1.68709,0.14549,-1.6808
1013,1.64882,0.13234,-1.6435
1014,1.64882,0.13234,-1.6435
1015,1.64882,0.13234,-1.6435
1016,1.64882,0.13234,-1.6435
1017,1.64882,0.13234,-1.6435
1018,1.64882,0.13234,-1.6435
1019,1.64882,0.13234,-1.6435
1020,1.62557,0.102073,-1.62236
1021,1.6684,0.0474396,-1.66773
1022,1.71577,0.120773,-1.71152
1023,1.73865,0.116525,-1.73474
1024,1.66585,0.12632,-1.66105
1025,1.67086,0.154687,-1.66369
1026,1.63202,0.214048,-1.61792
1027,1.65751,0.213737,-1.64367
1028,1.65854,0.186259,-1.64805
1029,1.63813,0.271269,-1.61551
1030,1.66998,0.327439,-1.63756
1031,1.64171,0.288898,-1.61609
1032,1.66669,0.323014,-1.63509
1033,1.66669,0.323014,-1.63509
1034,1.66669,0.323014,-1.63509
1035,1.67121,0.348296,-1.63452
1036,1.71124,0.388396,-1.66658
1037,1.6866,0.371991,-1.64507
1038,1.6977,0.485613,-1.62677
1039,1.6977,0.485613,-1.62677
1040,1.6977,0.485613,-1.62677
1041,1.72919,0.479941,-1.66125
1042,1.72919,0.479941,-1.66125
1043,1.72919,0.479941,-1.66125
1044,1.74065,0.362397,-1.70251
1045,1.74065,0.362397,-1.70251
1046,1.73899,0.378106,-1.69739
1047,1.79929,0.371515,-1.76052
1048,1.76878,0.364368,-1.73084
1049,1.75747,0.395888,-1.7123
1050,1.75133,0.437426,-1.69582
1051,1.81766,0.475112,-1.75446
1052,1.81211,0.452789,-1.75463
1053,1.71138,0.384367,-1.66766
1054,1.69574,0.433491,-1.6394
1055,1.69574,0.433491,-1.6394
1056,1.69519,0.529388,-1.61041
1057,1.77816,0.594203,-1.67594
1058,1.76511,0.537041,-1.68143
1059,1.76511,0.537041,-1.68143
1060,1.68238,0.492841,-1.60857
1061,1.68321,0.485658,-1.61163
1062,1.69416,0.472112,-1.62705
1063,1.68152,0.507143,-1.60322
1064,1.68152,0.507143,-1.60322
1065,1.68959,0.432244,-1.63336
1066,1.70949,0.474141,-1.64242
1067,1.66752,0.574639,-1.56538
1068,1.67346,0.544876,-1.58227
1069,1.67346,0.544876,-1.58227
1070,1.67346,0.544876,-1.58227
1071,1.67407,0.537591,-1.58541
1072,1.70465,0.537218,-1.61779
1073,1.7614,0.542411,-1.6758
1074,1.79344,0.559091,-1.70407
1075,1.8282,0.605342,-1.72507
1076,1.8039,0.613063,-1.69652
1077,1.8039,0.613063,-1.69652
1078,1.81191,0.565852,-1.72128
1079,1.81191,0.565852,-1.72128
1080,1.7794,0.631218,-1.66368
1081,1.77296,0.667398,-1.64255
1082,1.78872,0.70899,-1.64221
1083,1.78872,0.70899,-1.64221
1084,1.74442,0.708234,-1.59417
1085,1.79367,0.69405,-1.65395
1086,1.69154,0.636461,-1.56723
1087,1.69154,0.636461,-1.56723
1088,1.66861,0.573126,-1.56709
1089,1.66861,0.573126,-1.56709
1090,1.68442,0.618189,-1.56688
1091,1.68442,0.618189,-1.56688
1092,1.67627,0.601777,-1.56453
1093,1.67197,0.579224,-1.56844
1094,1.67809,0.65694,-1.54415
1095,1.74306,0.632219,-1.62436
1096,1.69242,0.461608,-1.62825
1097,1.65443,0.521592,-1.57006
1098,1.70903,0.530791,-1.62451
1099,1.69136,0.599442,-1.58157
1100,1.6026,0.509399,-1.51949
1101,1.61425,0.428476,-1.55634
1102,1.61681,0.539612,-1.5241
1103,1.70995,0.415549,-1.65869
1104,1.65914,0.390573,-1.61251
1105,1.65914,0.390573,-1.61251
1106,1.66547,0.393292,-1.61836
1107,1.66547,0.393292,-1.61836
1108,1.67066,0.296218,-1.64419
1109,1.68413,0.369251,-1.64315
1110,1.68413,0.369251,-1.64315
1111,1.69537,0.390196,-1.64985
1112,1.66265,0.432001,-1.60555
1113,1.66265,0.432001,-1.60555
1114,1.57985,0.375715,-1.53452
1115,1.67191,0.429735,-1.61573
1116,1.69133,0.521129,-1.60905
1117,1.71429,0.516374,-1.63468
1118,1.69591,0.463235,-1.63142
1119,1.70932,0.37456,-1.66778
1120,1.62469,0.346293,-1.58736
1121,1.65996,0.339384,-1.62489
1122,1.65996,0.339384,-1.62489
1123,1.65996,0.339384,-1.62489
1124,1.71251,0.392484,-1.66693
1125,1.71401,0.427723,-1.65978
1126,1.71401,0.427723,-1.65978
1127,1.73793,0.365029,-1.69916
1128,1.71076,0.350722,-1.67442
1129,1.58396,0.31307,-1.55271
1130,1.58472,0.342309,-1.54731
1131,1.58472,0.342309,-1.54731
1132,1.58472,0.342309,-1.54731
1133,1.54448,0.298592,-1.51535
1134,1.54448,0.298592,-1.51535
1135,1.63025,0.340306,-1.59433
1136,1.63025,0.340306,-1.59433
1137,1.63025,0.340306,-1.59433
1138,1.70274,0.426189,-1.64854
1139,1.70274,0.426189,-1.64854
1140,1.68262,0.418712,-1.62969
1141,1.72384,0.512726,-1.64583
1142,1.73241,0.642939,-1.60869
1143,1.73241,0.642939,-1.60869
1144,1.73301,0.589416,-1.6297
1145,1.73301,0.589416,-1.6297
1146,1.73301,0.589416,-1.6297
1147,1.64008,0.589028,-1.53066
1148,1.64008,0.589028,-1.53066
1149,1.64008,0.589028,-1.53066
1150,1.67753,0.650462,-1.54629
1151,1.67753,0.650462,-1.54629
1152,1.67753,0.650462,-1.54629
1153,1.67753,0.650462,-1.54629
1154,1.63482,0.746789,-1.45428
1155,1.59878,0.706729,-1.4341
1156,1.59878,0.706729,-1.4341
1157,1.59878,0.706729,-1.4341
1158,1.59878,0.706729,-1.4341
1159,1.581,0.738027,-1.39817
1160,1.60801,0.74864,-1.42311
1161,1.58724,0.755908,-1.39568
1162,1.61304,0.785132,-1.40907
1163,1.61304,0.785132,-1.40907
1164,1.59035,0.766978,-1.39319
1165,1.54348,0.751067,-1.34841
1166,1.64011,0.818271,-1.4214
1167,1.61475,0.879738,-1.35406
1168,1.61475,0.879738,-1.35406
1169,1.60068,0.868046,-1.34486
1170,1.63594,0.844592,-1.40106
1171,1.69758,0.824416,-1.48395
1172,1.70709,0.90522,-1.44732
1173,1.70709,0.90522,-1.44732
1174,1.70709,0.90522,-1.44732
1175,1.70709,0.90522,-1.44732
1176,1.66625,0.944022,-1.37303
1177,1.72635,0.914754,-1.46407
1178,1.70941,0.937032,-1.42971
1179,1.66984,0.899833,-1.40665
1180,1.62373,0.919411,-1.33835
1181,1.63642,0.97329,-1.31552
1182,1.66593,1.03376,-1.3064
1183,1.69665,1.07283,-1.3144
1184,1.69358,1.12183,-1.26875
1185,1.69358,1.12183,-1.26875
1186,1.69358,1.12183,-1.26875
1187,1.7331,1.10132,-1.33818
1188,1.7331,1.10132,-1.33818
1189,1.7331,1.10132,-1.33818
1190,1.7331,1.10132,-1.33818
1191,1.72782,1.10807,-1.32572
1192,1.72414,1.16306,-1.27276
1193,1.67797,1.13855,-1.2326
1194,1.67797,1.13855,-1.2326
1195,1.73503,1.11047,-1.33311
1196,1.76891,1.09997,-1.38532
1197,1.76891,1.09997,-1.38532
1198,1.76891,1.09997,-1.38532
1199,1.76891,1.09997,-1.38532
1200,1.76891,1.09997,-1.38532
1201,1.77686,1.12563,-1.37484
1202,1.79215,1.14165,-1.38146
1203,1.76467,1.09429,-1.3844
1204,1.76467,1.09429,-1.3844
1205,1.77936,1.15142,-1.3566
1206,1.84036,1.17267,-1.41836
1207,1.82374,1.15084,-1.41478
1208,1.82374,1.15084,-1.41478
1209,1.85718,1.16932,-1.44285
1210,1.86362,1.05953,-1.53313
1211,1.90214,1.00959,-1.61209
1212,1.85895,0.937811,-1.60505
1213,1.8734,0.964915,-1.60579
1214,1.8734,0.964915,-1.60579
1215,1.86269,0.951566,-1.60129
1216,1.86269,0.951566,-1.60129
1217,1.85996,0.898249,-1.62868
1218,1.85996,0.898249,-1.62868
1219,1.7791,0.77204,-1.60286
1220,1.7791,0.77204,-1.60286
1221,1.7791,0.77204,-1.60286
1222,1.80994,0.859812,-1.59267
1223,1.80994,0.859812,-1.59267
1224,1.82798,0.940817,-1.56728
1225,1.82493,0.887037,-1.59484
1226,1.82493,0.887037,-1.59484
1227,1.84404,0.884364,-1.61814
1228,1.81997,0.815257,-1.62716
1229,1.81997,0.815257,-1.62716
1230,1.85949,0.828869,-1.66453
1231,1.85949,0.828869,-1.66453
1232,1.8361,0.806532,-1.64948
1233,1.85255,0.776911,-1.68176
1234,1.85255,0.776911,-1.68176
1235,1.85255,0.776911,-1.68176
1236,1.85255,0.776911,-1.68176
1237,1.85255,0.776911,-1.68176
1238,1.85255,0.776911,-1.68176
1239,1.84391,0.8063,-1.65828
1240,1.84391,0.8063,-1.65828
1241,1.79485,0.744872,-1.63298
1242,1.79575,0.712663,-1.64828
1243,1.78162,0.63663,-1.664
1244,1.75856,0.59648,-1.65431
1245,1.75856,0.59648,-1.65431
1246,1.75615,0.581768,-1.65699
1247,1.74003,0.552285,-1.65005
1248,1.77535,0.550599,-1.68781
1249,1.77535,0.550599,-1.68781
1250,1.77929,0.55215,-1.69145
1251,1.78568,0.483424,-1.71899
1252,1.77077,0.512969,-1.69485
1253,1.69022,0.514631,-1.60997
1254,1.69022,0.514631,-1.60997
1255,1.69022,0.514631,-1.60997
1256,1.69022,0.514631,-1.60997
1257,1.69022,0.514631,-1.60997
1258,1.75454,0.523577,-1.67459
1259,1.75454,0.523577,-1.67459
1260,1.69918,0.425671,-1.645
1261,1.74901,0.49077,-1.67875
1262,1.74901,0.49077,-1.67875
1263,1.73632,0.570903,-1.63978
1264,1.69056,0.572521,-1.59067
1265,1.64801,0.567195,-1.54733
1266,1.60981,0.566156,-1.50697
1267,1.61681,0.581596,-1.50858
1268,1.61681,0.581596,-1.50858
1269,1.61681,0.581596,-1.50858
1270,1.62001,0.637726,-1.48921
1271,1.62001,0.637726,-1.48921
1272,1.65054,0.647412,-1.51827
1273,1.65943,0.693269,-1.50768
1274,1.7477,0.734375,-1.58592
1275,1.62634,0.677459,-1.47852
1276,1.65766,0.672514,-1.51512
1277,1.65766,0.672514,-1.51512
1278,1.74519,0.677204,-1.60844
1279,1.77325,0.724785,-1.61836
1280,1.79337,0.649265,-1.67171
1281,1.79337,0.649265,-1.67171
1282,1.79337,0.649265,-1.67171
1283,1.79337,0.649265,-1.67171
1284,1.79722,0.675627,-1.66539
1285,1.81112,0.702184,-1.66946
1286,1.81112,0.702184,-1.66946
1287,1.81028,0.738822,-1.65265
1288,1.81028,0.738822,-1.65265
1289,1.81426,0.710622,-1.6693
1290,1.81426,0.710622,-1.6693
1291,1.80897,0.743787,-1.64898
1292,1.80897,0.743787,-1.64898
1293,1.82034,0.757443,-1.65527
1294,1.82034,0.757443,-1.65527
1295,1.82942,0.707411,-1.68712
1296,1.82942,0.707411,-1.68712
1297,1.76976,0.686721,-1.63109
1298,1.76861,0.643754,-1.64729
1299,1.76861,0.643754,-1.64729
1300,1.67423,0.562272,-1.57699
1301,1.67423,0.562272,-1.57699
1302,1.66606,0.461727,-1.6008
1303,1.66606,0.461727,-1.6008
1304,1.66606,0.461727,-1.6008
1305,1.66606,0.461727,-1.6008
1306,1.66606,0.461727,-1.6008
1307,1.65035,0.419221,-1.59621
1308,1.65035,0.419221,-1.59621
1309,1.65839,0.44482,-1.59762
1310,1.69599,0.524643,-1.6128
1311,1.73121,0.530116,-1.64805
1312,1.6583,0.536371,-1.56916
1313,1.6583,0.536371,-1.56916
1314,1.6583,0.536371,-1.56916
1315,1.69365,0.597689,-1.58468
1316,1.70343,0.588375,-1.59858
1317,1.70343,0.588375,-1.59858
1318,1.73691,0.635494,-1.61648
1319,1.80985,0.632198,-1.69585
1320,1.90066,0.705654,-1.76481
1321,1.90066,0.705654,-1.76481
1322,1.8476,0.672014,-1.72105
1323,1.82862,0.674548,-1.69965
1324,1.82862,0.674548,-1.69965
1325,1.82741,0.683812,-1.69465
1326,1.83117,0.733019,-1.67806
1327,1.82263,0.798087,-1.63861
1328,1.90536,0.819613,-1.72007
1329,1.8227,0.814726,-1.63048
1330,1.82922,0.74717,-1.66966
1331,1.82922,0.74717,-1.66966
1332,1.79245,0.700387,-1.64995
1333,1.82789,0.687486,-1.69368
1334,1.82789,0.687486,-1.69368
1335,1.82789,0.687486,-1.69368
1336,1.88474,0.735428,-1.73534
1337,1.85351,0.793049,-1.67528
1338,1.80446,0.82991,-1.60229
1339,1.80446,0.82991,-1.60229
1340,1.80446,0.82991,-1.60229
1341,1.80446,0.82991,-1.60229
1342,1.83069,0.805174,-1.64412
1343,1.80905,0.825646,-1.60965
1344,1.86951,0.877994,-1.65051
1345,1.92289,1.12999,-1.55583
1346,1.85631,1.10042,-1.49498
1347,1.92035,1.13874,-1.54629
1348,1.8837,1.1163,-1.5173
1349,1.8837,1.1163,-1.5173
1350,1.87415,1.03866,-1.56
1351,1.80532,1.07047,-1.45372
1352,1.76532,1.0487,-1.42006
1353,1.76532,1.0487,-1.42006
1354,1.76532,1.0487,-1.42006
1355,1.7763,1.07315,-1.41548
1356,1.78066,1.07573,-1.419
1357,1.78066,1.07573,-1.419
1358,1.76038,1.12516,-1.35386
1359,1.74239,1.13258,-1.32408
1360,1.78807,1.22048,-1.30676
1361,1.78807,1.22048,-1.30676
1362,1.78807,1.22048,-1.30676
1363,1.8058,1.27309,-1.28068
1364,1.84307,1.28512,-1.32113
1365,1.84307,1.28512,-1.32113
1366,1.83329,1.33441,-1.2571
1367,1.83329,1.33441,-1.2571
1368,1.82336,1.35726,-1.21756
1369,1.71419,1.28912,-1.12988
1370,1.70608,1.29099,-1.11537
1371,1.75211,1.30322,-1.17112
1372,1.73273,1.23765,-1.21267
1373,1.68863,1.14039,-1.24538
1374,1.73444,1.16581,-1.28421
1375,1.76948,1.20106,-1.29943
1376,1.76948,1.20106,-1.29943
1377,1.70427,1.17893,-1.23072
1378,1.74288,1.18588,-1.27723
1379,1.74288,1.18588,-1.27723
1380,1.74288,1.18588,-1.27723
1381,1.73886,1.1906,-1.26733
1382,1.73886,1.1906,-1.26733
1383,1.73886,1.1906,-1.26733
1384,1.73886,1.1906,-1.26733
1385,1.73886,1.1906,-1.26733
1386,1.69367,1.1948,-1.20041
1387,1.69367,1.1948,-1.20041
1388,1.72324,1.27069,-1.164
1389,1.67613,1.23163,-1.13688
1390,1.69562,1.29276,-1.09722
1391,1.67927,1.2486,-1.12292
1392,1.72447,1.30956,-1.12198
1393,1.69414,1.28293,-1.10643
1394,1.70506,1.28747,-1.11788
1395,1.71736,1.34909,-1.06268
1396,1.71736,1.34909,-1.06268
1397,1.76895,1.36877,-1.12055
1398,1.70777,1.32387,-1.07881
1399,1.70777,1.32387,-1.07881
1400,1.69258,1.28957,-1.09628
1401,1.70046,1.2801,-1.11934
1402,1.72262,1.31048,-1.11806
1403,1.69049,1.21223,-1.17824
1404,1.70272,1.19682,-1.21115
1405,1.73199,1.23256,-1.2168
1406,1.71801,1.28009,-1.14584
1407,1.73327,1.26283,-1.18721
1408,1.73327,1.26283,-1.18721
1409,1.76551,1.26574,-1.23082
1410,1.76551,1.26574,-1.23082
1411,1.76551,1.26574,-1.23082
1412,1.76551,1.26574,-1.23082
1413,1.81441,1.29126,-1.27465
1414,1.7862,1.2903,-1.23518
1415,1.76425,1.26027,-1.23463
1416,1.77249,1.24243,-1.26415
1417,1.77249,1.24243,-1.26415
1418,1.77249,1.24243,-1.26415
1419,1.77249,1.24243,-1.26415
1420,1.77249,1.24243,-1.26415
1421,1.76518,1.21826,-1.27738
1422,1.83273,1.26835,-1.32295
1423,1.85862,1.29649,-1.33175
1424,1.85862,1.29649,-1.33175
1425,1.70422,1.19936,-1.21074
1426,1.70422,1.19936,-1.21074
1427,1.70422,1.19936,-1.21074
1428,1.70422,1.19936,-1.21074
1429,1.70422,1.19936,-1.21074
1430,1.70422,1.19936,-1.21074
1431,1.69855,1.23835,-1.16256
1432,1.73932,1.26228,-1.19661
1433,1.7793,1.26352,-1.25276
1434,1.78991,1.2469,-1.28415
1435,1.78991,1.2469,-1.28415
1436,1.72757,1.25487,-1.18735
1437,1.67472,1.25325,-1.11088
1438,1.67472,1.25325,-1.11088
1439,1.67472,1.25325,-1.11088
1440,1.6576,1.25434,-1.08365
1441,1.6576,1.25434,-1.08365
1442,1.71352,1.31368,-1.10017
1443,1.65481,1.27315,-1.05712
1444,1.65481,1.27315,-1.05712
1445,1.65481,1.27315,-1.05712
1446,1.75352,1.34923,-1.12
1447,1.80798,1.45011,-1.07979
1448,1.83444,1.49855,-1.05806
1449,1.83444,1.49855,-1.05806
1450,1.83122,1.52507,-1.01366
1451,1.83122,1.52507,-1.01366
1452,1.88745,1.62377,-0.962205
1453,1.88745,1.62377,-0.962205
1454,1.88745,1.62377,-0.962205
1455,1.85259,1.61744,-0.903323
1456,1.85259,1.61744,-0.903323
1457,1.90154,1.67046,-0.908525
1458,1.94474,1.74541,-0.857646
1459,1.86819,1.63555,-0.902846
1460,1.85243,1.64255,-0.856455
1461,1.85243,1.64255,-0.856455
1462,1.83398,1.58055,-0.930239
1463,1.81563,1.59674,-0.864255
1464,1.83259,1.63297,-0.831743
1465,1.83259,1.63297,-0.831743
1466,1.82244,1.57613,-0.914919
1467,1.82244,1.57613,-0.914919
1468,1.77588,1.50206,-0.947397
1469,1.7331,1.5455,-0.784248
1470,1.75595,1.5676,-0.791188
1471,1.74338,1.56554,-0.767105
1472,1.77269,1.60923,-0.743519
1473,1.75083,1.58082,-0.752605
1474,1.75282,1.55993,-0.799388
1475,1.75987,1.56903,-0.797048
1476,1.75987,1.56903,-0.797048
1477,1.71768,1.48341,-0.865989
1478,1.71323,1.47334,-0.874322
1479,1.71323,1.47334,-0.874322
1480,1.65494,1.41594,-0.856699
1481,1.65651,1.43392,-0.829394
1482,1.60107,1.39208,-0.790899
1483,1.61802,1.35185,-0.889098
1484,1.57966,1.39119,-0.748278
1485,1.60847,1.40088,-0.79038
1486,1.59185,1.38305,-0.788142
1487,1.51394,1.25005,-0.854054
1488,1.51394,1.25005,-0.854054
1489,1.51394,1.25005,-0.854054
1490,1.51394,1.25005,-0.854054
1491,1.51394,1.25005,-0.854054
1492,1.53894,1.27428,-0.862866
1493,1.54691,1.27372,-0.877813
1494,1.54691,1.27372,-0.877813
1495,1.54691,1.27372,-0.877813
1496,1.54691,1.27372,-0.877813
1497,1.54087,1.28397,-0.85188
1498,1.55914,1.29502,-0.868243
1499,1.56576,1.27985,-0.901989
1500,1.57042,1.32406,-0.844443
1501,1.5981,1.32667,-0.890985
1502,1.6187,1.37917,-0.847387
1503,1.6187,1.37917,-0.847387
1504,1.59233,1.34906,-0.845907
1505,1.58735,1.34654,-0.840541
1506,1.55083,1.31594,-0.820589
1507,1.55083,1.31594,-0.820589
1508,1.55083,1.31594,-0.820589
1509,1.61614,1.36032,-0.872608
1510,1.61614,1.36032,-0.872608
1511,1.61614,1.36032,-0.872608
1512,1.61813,1.37671,-0.850308
1513,1.61813,1.37671,-0.850308
1514,1.61813,1.37671,-0.850308
1515,1.59439,1.33386,-0.87343
1516,1.53525,1.31008,-0.800431
1517,1.53525,1.31008,-0.800431
1518,1.53525,1.31008,-0.800431
1519,1.53525,1.31008,-0.800431
1520,1.61561,1.37965,-0.840681
1521,1.61561,1.37965,-0.840681
1522,1.61502,1.36701,-0.859985
1523,1.65494,1.43926,-0.816923
1524,1.7157,1.51993,-0.795889
1525,1.73028,1.55162,-0.765735
1526,1.71575,1.51036,-0.814008
1527,1.66634,1.46317,-0.797395
1528,1.63065,1.40772,-0.823009
1529,1.65425,1.41238,-0.86124
1530,1.74201,1.49894,-0.88757
1531,1.74201,1.49894,-0.88757
1532,1.71365,1.47756,-0.867989
1533,1.71365,1.47756,-0.867989
1534,1.72907,1.48627,-0.883559
1535,1.69329,1.50225,-0.781333
1536,1.74661,1.57013,-0.765069
1537,1.74661,1.57013,-0.765069
1538,1.68182,1.53839,-0.679607
1539,1.60429,1.47761,-0.62485
1540,1.60856,1.47854,-0.633545
1541,1.61441,1.45121,-0.70734
1542,1.62929,1.45341,-0.736328
1543,1.57384,1.39706,-0.724711
1544,1.60323,1.44364,-0.697309
1545,1.55485,1.42813,-0.61483
1546,1.52945,1.39007,-0.637896
1547,1.52945,1.39007,-0.637896
1548,1.53717,1.39636,-0.642687
1549,1.58685,1.45146,-0.641377
1550,1.63147,1.48762,-0.669837
1551,1.65398,1.48096,-0.73648
1552,1.61216,1.40438,-0.791689
1553,1.54963,1.37316,-0.718193
1554,1.54561,1.37734,-0.701299
1555,1.584,1.37774,-0.781597
1556,1.584,1.37774,-0.781597
1557,1.584,1.37774,-0.781597
1558,1.6206,1.43364,-0.755648
1559,1.6057,1.41451,-0.759891
1560,1.6057,1.41451,-0.759891
1561,1.6057,1.41451,-0.759891
1562,1.63835,1.47133,-0.720693
1563,1.67265,1.50665,-0.726492
1564,1.69922,1.49714,-0.803698
1565,1.69922,1.49714,-0.803698
1566,1.65702,1.41494,-0.862352
1567,1.66029,1.45841,-0.793482
1568,1.57195,1.36453,-0.780442
1569,1.57195,1.36453,-0.780442
1570,1.57195,1.36453,-0.780442
1571,1.57692,1.3792,-0.764503
1572,1.48164,1.33514,-0.642397
1573,1.48164,1.33514,-0.642397
1574,1.48164,1.33514,-0.642397
1575,1.51271,1.38146,-0.616312
1576,1.51271,1.38146,-0.616312
1577,1.59445,1.46488,-0.629612
1578,1.5857,1.43401,-0.67681
1579,1.55783,1.37795,-0.726679
1580,1.60175,1.43556,-0.71047
1581,1.68264,1.5425,-0.672291
1582,1.68264,1.5425,-0.672291
1583,1.72832,1.57851,-0.703844
1584,1.72832,1.57851,-0.703844
1585,1.72832,1.57851,-0.703844
1586,1.79229,1.61814,-0.77067
1587,1.79229,1.61814,-0.77067
1588,1.79229,1.61814,-0.77067
1589,1.817,1.62982,-0.803228
1590,1.81295,1.60421,-0.844587
1591,1.77526,1.55337,-0.859431
1592,1.77526,1.55337,-0.859431
1593,1.77437,1.57007,-0.826605
1594,1.78121,1.61975,-0.741025
1595,1.82016,1.66679,-0.731293
1596,1.75815,1.59737,-0.734503
1597,1.77115,1.5944,-0.771277
1598,1.77115,1.5944,-0.771277
1599,1.81258,1.64694,-0.756997
1600,1.74332,1.56646,-0.765105
1601,1.73116,1.58369,-0.699172
1602,1.69258,1.57205,-0.627283
1603,1.7454,1.62432,-0.638761
1604,1.7454,1.62432,-0.638761
1605,1.78812,1.67486,-0.626276
1606,1.77632,1.64139,-0.679079
1607,1.79842,1.64434,-0.728334
1608,1.82183,1.71913,-0.603049
1609,1.80312,1.70368,-0.59052
1610,1.78706,1.65559,-0.672753
1611,1.89507,1.76642,-0.686335
1612,1.90708,1.77633,-0.693989
1613,1.90708,1.77633,-0.693989
1614,1.94083,1.804,-0.715831
1615,1.94083,1.804,-0.715831
1616,1.97703,1.86126,-0.666613
1617,1.97703,1.86126,-0.666613
1618,1.97703,1.86126,-0.666613
1619,1.97703,1.86126,-0.666613
1620,1.97703,1.86126,-0.666613
1621,1.97703,1.86126,-0.666613
1622,1.97703,1.86126,-0.666613
1623,1.90269,1.78879,-0.648443
1624,1.90269,1.78879,-0.648443
1625,1.90269,1.78879,-0.648443
1626,1.88222,1.8016,-0.544951
1627,1.90531,1.85452,-0.437012
1628,1.8975,1.82539,-0.518121
1629,1.90019,1.85246,-0.423209
1630,1.88116,1.80962,-0.513829
1631,1.88116,1.80962,-0.513829
1632,1.82942,1.76843,-0.468441
1633,1.82942,1.76843,-0.468441
1634,1.7602,1.70186,-0.449404
1635,1.7602,1.70186,-0.449404
1636,1.7602,1.70186,-0.449404
1637,1.78885,1.72782,-0.463256
1638,1.78885,1.72782,-0.463256
1639,1.81958,1.75704,-0.472954
1640,1.71297,1.67998,-0.334576
1641,1.71297,1.67998,-0.334576
1642,1.71297,1.67998,-0.334576
1643,1.71297,1.67998,-0.334576
1644,1.72018,1.69569,-0.289255
1645,1.74034,1.70884,-0.329593
1646,1.74034,1.70884,-0.329593
1647,1.70092,1.66906,-0.327646
1648,1.68327,1.64832,-0.34122
1649,1.73889,1.71928,-0.26037
1650,1.73889,1.71928,-0.26037
1651,1.68014,1.64586,-0.337622
1652,1.68014,1.64586,-0.337622
1653,1.6707,1.64002,-0.318695
1654,1.6707,1.64002,-0.318695
1655,1.70435,1.68116,-0.280145
1656,1.66285,1.64413,-0.248802
1657,1.69147,1.67532,-0.233219
1658,1.69147,1.67532,-0.233219
1659,1.68494,1.67973,-0.132458
1660,1.68494,1.67973,-0.132458
1661,1.68445,1.67624,-0.16607
1662,1.68913,1.67795,-0.194059
1663,1.6343,1.62312,-0.190887
1664,1.61904,1.60681,-0.198564
1665,1.61904,1.60681,-0.198564
1666,1.61904,1.60681,-0.198564
1667,1.61904,1.60681,-0.198564
1668,1.6783,1.6507,-0.30309
1669,1.6783,1.6507,-0.30309
1670,1.67726,1.65079,-0.296804
1671,1.78204,1.75939,-0.283169
1672,1.7363,1.72192,-0.223015
1673,1.7363,1.72192,-0.223015
1674,1.78618,1.76975,-0.241709
1675,1.78618,1.76975,-0.241709
1676,1.7743,1.75318,-0.272985
1677,1.7743,1.75318,-0.272985
1678,1.70623,1.69483,-0.196977
1679,1.67213,1.66862,-0.108216
1680,1.70604,1.7006,-0.136179
1681,1.65577,1.63326,-0.272128
1682,1.66029,1.6496,-0.188051
1683,1.71212,1.70122,-0.192926
1684,1.66495,1.66223,-0.0951255
1685,1.64719,1.64591,-0.0649586
1686,1.59717,1.59513,-0.0806511
1687,1.68297,1.68165,-0.0666896
1688,1.68297,1.68165,-0.0666896
1689,1.68449,1.68383,-0.0472681
1690,1.68449,1.68383,-0.0472681
1691,1.75856,1.75726,-0.0675604
1692,1.87224,1.8719,-0.0356759
1693,1.87224,1.8719,-0.0356759
1694,1.87586,1.87585,0.0072175
1695,1.81742,1.81558,0.0816961
1696,1.81742,1.81558,0.0816961
1697,1.77703,1.77322,0.116186
1698,1.82614,1.81514,0.200181
1699,1.85825,1.84438,0.226623
1700,1.823,1.80441,0.259654
1701,1.78907,1.76884,0.268251
1702,1.78907,1.76884,0.268251
1703,1.78907,1.76884,0.268251
1704,1.81637,1.8084,0.169979
1705,1.78609,1.77935,0.155015
1706,1.78609,1.77935,0.155015
1707,1.80184,1.80053,0.0686547
1708,1.78475,1.782,0.0990611
1709,1.79822,1.79238,0.1448
1710,1.87861,1.87297,0.145486
1711,1.87861,1.87297,0.145486
1712,1.88935,1.88329,0.151255
1713,1.95254,1.94907,0.116438
1714,1.96513,1.96312,0.0889069
1715,1.91422,1.91354,0.0509283
1716,1.9037,1.90369,-0.00239592
1717,1.88318,1.88312,0.0155743
1718,1.80958,1.8091,-0.0415356
1719,1.76335,1.7633,-0.0126003
1720,1.75743,1.75719,-0.0287775
1721,1.75743,1.75719,-0.0287775
1722,1.75743,1.75719,-0.0287775
1723,1.72662,1.7245,-0.085585
1724,1.72662,1.7245,-0.085585
1725,1.72662,1.7245,-0.085585
1726,1.72662,1.7245,-0.085585
1727,1.77609,1.7737,-0.0922189
1728,1.77609,1.7737,-0.0922189
1729,1.82909,1.82658,-0.0957617
1730,1.79156,1.79129,-0.0312069
1731,1.7958,1.79573,-0.0158852
1732,1.7958,1.79573,-0.0158852
1733,1.7958,1.79573,-0.0158852
1734,1.7958,1.79573,-0.0158852
1735,1.74721,1.7464,-0.05302
1736,1.6588,1.65612,-0.0941067
1737,1.68175,1.68175,-0.000427663
1738,1.66827,1.66827,0.000898894
1739,1.65778,1.6561,0.0746356
1740,1.66358,1.66239,0.0629566
1741,1.64449,1.64069,0.111727
1742,1.66759,1.66409,0.108004
1743,1.67667,1.67474,0.0805896
1744,1.67667,1.67474,0.0805896
1745,1.63514,1.63511,0.00940627
1746,1.65645,1.65636,-0.0174048
1747,1.64593,1.6459,0.0104267
1748,1.62408,1.62196,-0.0829975
1749,1.62408,1.62196,-0.0829975
1750,1.6237,1.61856,-0.129034
1751,1.64466,1.63443,-0.183086
1752,1.71345,1.70677,-0.151132
1753,1.71345,1.70677,-0.151132
1754,1.76447,1.74883,-0.234479
1755,1.7738,1.74029,-0.343165
1756,1.81408,1.77175,-0.389588
1757,1.81408,1.77175,-0.389588
1758,1.82143,1.78558,-0.359616
1759,1.84383,1.80474,-0.377646
1760,1.84383,1.80474,-0.377646
1761,1.90244,1.83504,-0.501902
1762,1.90244,1.83504,-0.501902
1763,1.91478,1.84333,-0.518163
1764,1.89097,1.82788,-0.484353
1765,1.75797,1.6956,-0.464109
1766,1.73802,1.69528,-0.383106
1767,1.79308,1.74718,-0.403114
1768,1.79308,1.74718,-0.403114
1769,1.7709,1.72676,-0.392926
1770,1.7709,1.72676,-0.392926
1771,1.7709,1.72676,-0.392926
1772,1.74797,1.69037,-0.444995
1773,1.74797,1.69037,-0.444995
1774,1.73797,1.64858,-0.550207
1775,1.72421,1.63579,-0.545083
1776,1.78762,1.6887,-0.586406
1777,1.79838,1.72395,-0.512037
1778,1.76653,1.69272,-0.505294
1779,1.7655,1.67849,-0.54742
1780,1.77287,1.68925,-0.538042
1781,1.77287,1.68925,-0.538042
1782,1.71443,1.65797,-0.436355
1783,1.77109,1.73047,-0.377174
1784,1.75807,1.70947,-0.410478
1785,1.75807,1.70947,-0.410478
1786,1.72422,1.67193,-0.421413
1787,1.72422,1.67193,-0.421413
1788,1.7267,1.66328,-0.463666
1789,1.70142,1.64598,-0.430803
1790,1.72706,1.67585,-0.417455
1791,1.72378,1.66935,-0.42973
1792,1.72378,1.66935,-0.42973
1793,1.75,1.68975,-0.455205
1794,1.75,1.68975,-0.455205
1795,1.73817,1.68236,-0.436907
1796,1.73817,1.68236,-0.436907
1797,1.70572,1.64483,-0.451708
1798,1.70572,1.64483,-0.451708
1799,1.6691,1.61486,-0.42203
1800,1.6691,1.61486,-0.42203
1801,1.59369,1.53233,-0.437941
1802,1.57001,1.51294,-0.419438
1803,1.57001,1.51294,-0.419438
1804,1.51425,1.4569,-0.41278
1805,1.53916,1.50693,-0.313314
1806,1.5159,1.4742,-0.353098
1807,1.5159,1.4742,-0.353098
1808,1.5159,1.4742,-0.353098
1809,1.60699,1.57021,-0.341824
1810,1.62953,1.59457,-0.335717
1811,1.67489,1.61343,-0.449564
1812,1.68584,1.63589,-0.407339
1813,1.68584,1.63589,-0.407339
1814,1.75964,1.71836,-0.378897
1815,1.79398,1.74871,-0.400476
1816,1.84037,1.7782,-0.474299
1817,1.82265,1.76824,-0.44203
1818,1.75867,1.70551,-0.429119
1819,1.75867,1.70551,-0.429119
1820,1.75867,1.70551,-0.429119
1821,1.79031,1.74338,-0.407225
1822,1.77267,1.72519,-0.407534
1823,1.78987,1.75606,-0.346285
1824,1.71929,1.6871,-0.33113
1825,1.70389,1.67566,-0.308927
1826,1.70389,1.67566,-0.308927
1827,1.71733,1.70202,-0.228765
1828,1.6518,1.62493,-0.296707
1829,1.6518,1.62493,-0.296707
1830,1.6518,1.62493,-0.296707
1831,1.6518,1.62493,-0.296707
1832,1.68542,1.65046,-0.341523
1833,1.74042,1.731,-0.180918
1834,1.74312,1.72961,-0.216555
1835,1.6649,1.6501,-0.22149
1836,1.6649,1.6501,-0.22149
1837,1.63728,1.6192,-0.242648
1838,1.6939,1.67777,-0.233205
1839,1.68937,1.67932,-0.183968
1840,1.71142,1.69989,-0.198303
1841,1.68535,1.66733,-0.245773
1842,1.74707,1.7369,-0.188176
1843,1.76835,1.75791,-0.1918
1844,1.76835,1.75791,-0.1918
1845,1.76835,1.75791,-0.1918
1846,1.80758,1.78592,-0.279008
1847,1.71409,1.68857,-0.294695
1848,1.75974,1.72881,-0.32847
1849,1.75974,1.72881,-0.32847
1850,1.73952,1.70802,-0.329568
1851,1.6776,1.63953,-0.355358
1852,1.67063,1.6284,-0.373277
1853,1.67063,1.6284,-0.373277
1854,1.67063,1.6284,-0.373277
1855,1.67063,1.6284,-0.373277
1856,1.67063,1.6284,-0.373277
1857,1.74111,1.70638,-0.346025
1858,1.71079,1.6793,-0.326711
1859,1.71079,1.6793,-0.326711
1860,1.6943,1.65288,-0.372353
1861,1.66946,1.62137,-0.397806
1862,1.66946,1.62137,-0.397806
1863,1.66946,1.62137,-0.397806
1864,1.65679,1.60349,-0.416865
1865,1.6747,1.61692,-0.436086
1866,1.76231,1.68588,-0.513363
1867,1.78455,1.70733,-0.519278
1868,1.76191,1.67024,-0.560905
1869,1.71663,1.60068,-0.620192
1870,1.71663,1.60068,-0.620192
1871,1.71663,1.60068,-0.620192
1872,1.71663,1.60068,-0.620192
1873,1.71663,1.60068,-0.620192
1874,1.73105,1.63123,-0.579325
1875,1.73105,1.63123,-0.579325
1876,1.79841,1.6973,-0.594514
1877,1.81824,1.70459,-0.632753
1878,1.81824,1.70459,-0.632753
1879,1.75516,1.6498,-0.598956
1880,1.75516,1.6498,-0.598956
1881,1.71464,1.60301,-0.608546
1882,1.71464,1.60301,-0.608546
1883,1.80461,1.67146,-0.680323
1884,1.75432,1.62963,-0.649593
1885,1.7436,1.62957,-0.620198
1886,1.69921,1.60141,-0.568168
1887,1.71548,1.64165,-0.497838
1888,1.77696,1.6945,-0.535022
1889,1.75268,1.65332,-0.581746
1890,1.75268,1.65332,-0.581746
1891,1.75268,1.65332,-0.581746
1892,1.75268,1.65332,-0.581746
1893,1.75268,1.65332,-0.581746
1894,1.75268,1.65332,-0.581746
1895,1.74215,1.64858,-0.563253
1896,1.66779,1.56266,-0.582782
1897,1.6929,1.58235,-0.601735
1898,1.6929,1.58235,-0.601735
1899,1.6929,1.58235,-0.601735
1900,1.68338,1.55728,-0.639251
1901,1.64143,1.50264,-0.66059
1902,1.67299,1.54222,-0.648444
1903,1.6583,1.55036,-0.588515
1904,1.6583,1.55036,-0.588515
1905,1.71598,1.58667,-0.653501
1906,1.63144,1.52293,-0.58507
1907,1.63144,1.52293,-0.58507
1908,1.71128,1.59497,-0.620131
1909,1.77736,1.64028,-0.684444
1910,1.7405,1.56105,-0.769728
1911,1.76212,1.56076,-0.817984
1912,1.76212,1.56076,-0.817984
1913,1.69332,1.51945,-0.747402
1914,1.68748,1.50451,-0.764223
1915,1.68748,1.50451,-0.764223
1916,1.68594,1.53468,-0.69796
1917,1.68594,1.53468,-0.69796
1918,1.68594,1.53468,-0.69796
1919,1.68594,1.53468,-0.69796
1920,1.68594,1.53468,-0.69796
1921,1.74776,1.54277,-0.821303
1922,1.74956,1.52955,-0.849388
1923,1.78285,1.54518,-0.88936
1924,1.77087,1.54814,-0.859783
1925,1.77087,1.54814,-0.859783
1926,1.81718,1.60945,-0.843703
1927,1.85565,1.65236,-0.844479
1928,1.79948,1.62007,-0.783261
1929,1.79948,1.62007,-0.783261
1930,1.79948,1.62007,-0.783261
1931,1.78595,1.59722,-0.799068
1932,1.78511,1.59351,-0.804579
1933,1.79735,1.6202,-0.778085
1934,1.69421,1.55944,-0.662167
1935,1.69895,1.57779,-0.630106
1936,1.66289,1.54684,-0.610337
1937,1.66998,1.55902,-0.598571
1938,1.66998,1.55902,-0.598571
1939,1.61338,1.52895,-0.515077
1940,1.6694,1.5722,-0.561322
1941,1.69206,1.60318,-0.541207
1942,1.70526,1.61366,-0.551367
1943,1.69823,1.61714,-0.518502
1944,1.67163,1.60988,-0.450153
1945,1.69039,1.65208,-0.357847
1946,1.75989,1.73022,-0.321769
1947,1.75169,1.69376,-0.446751
1948,1.67961,1.61628,-0.456875
1949,1.74881,1.70498,-0.389072
1950,1.70769,1.66871,-0.362802
1951,1.779,1.7361,-0.388349
1952,1.779,1.7361,-0.388349
1953,1.79057,1.74891,-0.383998
1954,1.8143,1.77954,-0.353455
1955,1.83499,1.80948,-0.304923
1956,1.8035,1.78296,-0.271436
1957,1.8283,1.80974,-0.259849
1958,1.80415,1.79208,-0.208351
1959,1.85344,1.83592,-0.254209
1960,1.76927,1.7568,-0.209695
1961,1.76927,1.7568,-0.209695
1962,1.76964,1.75421,-0.233166
1963,1.71238,1.68563,-0.30146
1964,1.74352,1.70995,-0.340461
1965,1.74929,1.71967,-0.320538
1966,1.70584,1.67558,-0.319855
1967,1.69898,1.66796,-0.323178
1968,1.69898,1.66796,-0.323178
1969,1.81086,1.78003,-0.332736
1970,1.77556,1.74566,-0.324469
1971,1.77556,1.74566,-0.324469
1972,1.85703,1.82499,-0.343466
1973,1.859,1.82331,-0.362495
1974,1.859,1.82331,-0.362495
1975,1.859,1.82331,-0.362495
1976,1.86245,1.82232,-0.384573
1977,1.85814,1.83864,-0.268456
1978,1.85814,1.83864,-0.268456
1979,1.88146,1.86025,-0.281739
1980,1.82493,1.79695,-0.318319
1981,1.82493,1.79695,-0.318319
1982,1.78589,1.74624,-0.374227
1983,1.7835,1.7539,-0.323574
1984,1.75338,1.71691,-0.355782
1985,1.75338,1.71691,-0.355782
1986,1.75338,1.71691,-0.355782
1987,1.80182,1.7618,-0.377654
1988,1.72326,1.70712,-0.235273
1989,1.74604,1.71723,-0.315861
1990,1.74604,1.71723,-0.315861
1991,1.66897,1.63268,-0.346185
1992,1.67189,1.63354,-0.356046
1993,1.73221,1.66835,-0.46602
1994,1.71722,1.66514,-0.419698
1995,1.71722,1.66514,-0.419698
1996,1.71722,1.66514,-0.419698
1997,1.71722,1.66514,-0.419698
1998,1.71722,1.66514,-0.419698
1999,1.71722,1.66514,-0.419698
2000,1.71722,1.66514,-0.419698
2001,1.78378,1.73989,-0.393273
2002,1.78378,1.73989,-0.393273
2003,1.78378,1.73989,-0.393273
2004,1.81092,1.77772,-0.345156
2005,1.77771,1.74111,-0.358854
2006,1.84934,1.82091,-0.323023
2007,1.84934,1.82091,-0.323023
2008,1.81722,1.77654,-0.382342
2009,1.81722,1.77654,-0.382342
2010,1.79137,1.72891,-0.468891
2011,1.7304,1.69963,-0.324849
2012,1.7304,1.69963,-0.324849
2013,1.6981,1.66382,-0.33946
2014,1.64568,1.61324,-0.325179
2015,1.64568,1.61324,-0.325179
2016,1.7455,1.71207,-0.339957
2017,1.7455,1.71207,-0.339957
2018,1.71993,1.67821,-0.376529
2019,1.69481,1.64493,-0.408146
2020,1.69481,1.64493,-0.408146
2021,1.77664,1.73422,-0.385921
2022,1.73504,1.67945,-0.435682
2023,1.71619,1.65699,-0.4469
2024,1.71619,1.65699,-0.4469
2025,1.71619,1.65699,-0.4469
2026,1.69395,1.62283,-0.485673
2027,1.68922,1.61859,-0.483361
2028,1.64844,1.59115,-0.430773
2029,1.64844,1.59115,-0.430773
2030,1.6988,1.65248,-0.394024
2031,1.6988,1.65248,-0.394024
2032,1.66204,1.62565,-0.345922
2033,1.67074,1.63373,-0.349724
2034,1.67074,1.63373,-0.349724
2035,1.61392,1.58473,-0.305567
2036,1.60936,1.56483,-0.375949
2037,1.57209,1.52503,-0.381761
2038,1.59445,1.56107,-0.324557
2039,1.60454,1.56782,-0.341292
2040,1.65877,1.6183,-0.364187
2041,1.65877,1.6183,-0.364187
2042,1.59918,1.56926,-0.307901
2043,1.61454,1.57456,-0.357095
2044,1.63084,1.57956,-0.405736
2045,1.63821,1.601,-0.347217
2046,1.69869,1.66663,-0.328456
2047,1.71303,1.67333,-0.366662
2048,1.71732,1.6665,-0.414693
2049,1.76134,1.71137,-0.41656
2050,1.75683,1.71001,-0.402867
2051,1.75683,1.71001,-0.402867
2052,1.75683,1.71001,-0.402867
2053,1.81025,1.78619,-0.294129
2054,1.76429,1.73454,-0.322605
2055,1.79593,1.75667,-0.373481
2056,1.79593,1.75667,-0.373481
2057,1.79593,1.75667,-0.373481
2058,1.79593,1.75667,-0.373481
2059,1.79593,1.75667,-0.373481
2060,1.79593,1.75667,-0.373481
2061,1.77584,1.73122,-0.395575
2062,1.69418,1.64461,-0.406789
2063,1.69418,1.64461,-0.406789
2064,1.68957,1.64259,-0.395654
2065,1.68957,1.64259,-0.395654
2066,1.60432,1.57214,-0.319718
2067,1.57974,1.54222,-0.342264
2068,1.57974,1.54222,-0.342264
2069,1.52021,1.48434,-0.328316
2070,1.45412,1.43717,-0.221404
2071,1.50818,1.49345,-0.210296
2072,1.52795,1.51796,-0.174447
2073,1.52795,1.51796,-0.174447
2074,1.5517,1.54476,-0.146574
2075,1.5517,1.54476,-0.146574
2076,1.52211,1.5144,-0.152993
2077,1.51663,1.5101,-0.140593
2078,1.50647,1.50395,-0.0871175
2079,1.55498,1.55416,-0.0505826
2080,1.4941,1.49104,-0.0955565
2081,1.56731,1.56202,-0.128733
2082,1.53323,1.51981,-0.202348
2083,1.53323,1.51981,-0.202348
2084,1.5519,1.54127,-0.181333
2085,1.5519,1.54127,-0.181333
2086,1.57065,1.56041,-0.179062
2087,1.60705,1.57913,-0.298299
2088,1.58997,1.5646,-0.282872
2089,1.59938,1.58302,-0.228188
2090,1.59938,1.58302,-0.228188
2091,1.59938,1.58302,-0.228188
2092,1.54331,1.52974,-0.204157
2093,1.58523,1.5636,-0.260988
2094,1.58523,1.5636,-0.260988
2095,1.57229,1.54102,-0.312014
2096,1.57229,1.54102,-0.312014
2097,1.57229,1.54102,-0.312014
2098,1.64262,1.60378,-0.355062
2099,1.67764,1.62835,-0.403666
2100,1.67764,1.62835,-0.403666
2101,1.67764,1.62835,-0.403666
2102,1.67764,1.62835,-0.403666
2103,1.67764,1.62835,-0.403666
2104,1.69592,1.64997,-0.392132
2105,1.69592,1.64997,-0.392132
2106,1.69592,1.64997,-0.392132
2107,1.7689,1.73677,-0.335608
2108,1.75955,1.72575,-0.343254
2109,1.75955,1.72575,-0.343254
2110,1.69917,1.66178,-0.354498
2111,1.72367,1.69487,-0.313776
2112,1.72367,1.69487,-0.313776
2113,1.72241,1.70848,-0.218598
2114,1.68469,1.65326,-0.323902
2115,1.701,1.66784,-0.334222
2116,1.71627,1.69052,-0.296206
2117,1.71627,1.69052,-0.296206
2118,1.71627,1.69052,-0.296206
2119,1.68013,1.65017,-0.315905
2120,1.68013,1.65017,-0.315905
2121,1.74931,1.72771,-0.274005
2122,1.69291,1.66192,-0.32245
2123,1.69291,1.66192,-0.32245
2124,1.69291,1.66192,-0.32245
2125,1.69291,1.66192,-0.32245
2126,1.72391,1.69083,-0.336083
2127,1.70691,1.67249,-0.341023
2128,1.662,1.63504,-0.298146
2129,1.69257,1.65913,-0.334758
2130,1.74429,1.72844,-0.23463
2131,1.80374,1.78192,-0.279686
2132,1.79697,1.76597,-0.332329
2133,1.79697,1.76597,-0.332329
2134,1.78937,1.75662,-0.340756
2135,1.79572,1.76902,-0.308527
2136,1.75016,1.72321,-0.305938
2137,1.83326,1.79846,-0.355489
2138,1.83416,1.79879,-0.358459
2139,1.81565,1.78489,-0.332807
2140,1.83863,1.81838,-0.27212
2141,1.83863,1.81838,-0.27212
2142,1.93265,1.91079,-0.289815
2143,1.86297,1.83933,-0.295837
2144,1.86356,1.83979,-0.296675
2145,1.92364,1.8938,-0.337537
2146,1.96852,1.94456,-0.306192
2147,1.97852,1.94077,-0.384636
2148,1.99695,1.95963,-0.384261
2149,1.99695,1.95963,-0.384261
2150,1.99695,1.95963,-0.384261
2151,1.99695,1.95963,-0.384261
2152,1.99695,1.95963,-0.384261
2153,1.99695,1.95963,-0.384261
2154,1.95818,1.9315,-0.322158
2155,1.95818,1.9315,-0.322158
2156,1.8854,1.85269,-0.349682
2157,1.8854,1.85269,-0.349682
2158,1.8854,1.85269,-0.349682
2159,1.89068,1.8599,-0.33976
2160,1.88948,1.86474,-0.304789
2161,1.88948,1.86474,-0.304789
2162,1.88247,1.84672,-0.365109
2163,1.95966,1.91754,-0.404119
2164,1.95966,1.91754,-0.404119
2165,1.95721,1.92101,-0.374702
2166,1.88373,1.84973,-0.356276
2167,1.95785,1.92208,-0.37258
2168,1.90242,1.86325,-0.384087
2169,1.90242,1.86325,-0.384087
2170,1.89372,1.86294,-0.340009
2171,1.89372,1.86294,-0.340009
2172,1.87417,1.81803,-0.455256
2173,1.87417,1.81803,-0.455256
2174,1.87417,1.81803,-0.455256
2175,1.80766,1.74346,-0.477474
2176,1.80766,1.74346,-0.477474
2177,1.88365,1.83802,-0.412121
2178,1.85475,1.81499,-0.381993
2179,1.77655,1.74469,-0.334948
2180,1.74382,1.69776,-0.398127
2181,1.80983,1.77564,-0.350152
2182,1.76036,1.737,-0.28584
2183,1.76036,1.737,-0.28584
2184,1.74754,1.73261,-0.227981
2185,1.718,1.70713,-0.192983
2186,1.77027,1.76472,-0.140051
2187,1.77027,1.76472,-0.140051
2188,1.77027,1.76472,-0.140051
2189,1.77027,1.76472,-0.140051
2190,1.77027,1.76472,-0.140051
2191,1.77027,1.76472,-0.140051
2192,1.72297,1.71504,-0.165132
2193,1.72297,1.71504,-0.165132
2194,1.72297,1.71504,-0.165132
2195,1.66544,1.65714,-0.166046
2196,1.63125,1.62129,-0.180018
2197,1.63125,1.62129,-0.180018
2198,1.66863,1.6464,-0.271454
2199,1.7094,1.67355,-0.348258
2200,1.73175,1.70086,-0.325639
2201,1.68229,1.65662,-0.292741
2202,1.67263,1.63915,-0.332988
2203,1.63473,1.60351,-0.317974
2204,1.6152,1.57694,-0.349505
2205,1.62284,1.57934,-0.373188
2206,1.64744,1.60519,-0.370733
2207,1.66517,1.63199,-0.330755
2208,1.70089,1.65273,-0.401876
2209,1.70089,1.65273,-0.401876
2210,1.75789,1.68767,-0.491877
2211,1.74895,1.69009,-0.449931
2212,1.7243,1.66966,-0.430634
2213,1.68844,1.6561,-0.328871
2214,1.68506,1.64395,-0.369946
2215,1.72904,1.698,-0.326176
2216,1.67278,1.64297,-0.314387
2217,1.66577,1.62512,-0.365722
2218,1.66577,1.62512,-0.365722
2219,1.64097,1.60127,-0.358782
2220,1.57975,1.51563,-0.445505
2221,1.57975,1.51563,-0.445505
2222,1.53246,1.48233,-0.388761
2223,1.51658,1.46061,-0.408223
2224,1.51658,1.46061,-0.408223
2225,1.51658,1.46061,-0.408223
2226,1.53778,1.48019,-0.416918
2227,1.54617,1.48858,-0.41806
2228,1.54617,1.48858,-0.41806
2229,1.56621,1.52927,-0.338148
2230,1.56621,1.52927,-0.338148
2231,1.5623,1.54043,-0.260492
2232,1.55171,1.53347,-0.237244
2233,1.55171,1.53347,-0.237244
2234,1.55138,1.51044,-0.354078
2235,1.54616,1.50144,-0.369202
2236,1.49723,1.44596,-0.388429
2237,1.49723,1.44596,-0.388429
2238,1.49723,1.44596,-0.388429
2239,1.43645,1.37471,-0.416603
2240,1.43645,1.37471,-0.416603
2241,1.48204,1.41867,-0.428756
2242,1.48204,1.41867,-0.428756
2243,1.48059,1.40378,-0.470697
2244,1.5372,1.44527,-0.523622
2245,1.55299,1.46128,-0.525778
2246,1.55299,1.46128,-0.525778
2247,1.55299,1.46128,-0.525778
2248,1.55299,1.46128,-0.525778
2249,1.57077,1.48673,-0.506911
2250,1.57077,1.48673,-0.506911
2251,1.51811,1.42573,-0.521472
2252,1.58288,1.47398,-0.576978
2253,1.58867,1.46313,-0.618971
2254,1.58867,1.46313,-0.618971
2255,1.62758,1.49546,-0.642359
2256,1.52014,1.40669,-0.576244
2257,1.58613,1.44591,-0.652033
2258,1.61369,1.48982,-0.62004
2259,1.60956,1.51029,-0.556516
2260,1.55497,1.47811,-0.482857
2261,1.55295,1.4877,-0.445414
2262,1.60261,1.5473,-0.417415
2263,1.60261,1.5473,-0.417415
2264,1.5837,1.52134,-0.440037
2265,1.59774,1.54621,-0.40249
2266,1.62582,1.56331,-0.44649
2267,1.62582,1.56331,-0.44649
2268,1.64705,1.58637,-0.442939
2269,1.64705,1.58637,-0.442939
2270,1.64705,1.58637,-0.442939
2271,1.67722,1.60812,-0.476448
2272,1.67722,1.60812,-0.476448
2273,1.7153,1.64422,-0.488678
2274,1.7153,1.64422,-0.488678
2275,1.7153,1.64422,-0.488678
2276,1.7153,1.64422,-0.488678
2277,1.70141,1.61148,-0.545815
2278,1.70141,1.61148,-0.545815
2279,1.63792,1.5553,-0.513633
2280,1.63792,1.5553,-0.513633
2281,1.63792,1.5553,-0.513633
2282,1.63792,1.5553,-0.513633
2283,1.74754,1.67413,-0.501199
2284,1.74754,1.67413,-0.501199
2285,1.74754,1.67413,-0.501199
2286,1.74754,1.67413,-0.501199
2287,1.75319,1.6743,-0.519995
2288,1.77998,1.72007,-0.457902
2289,1.77998,1.72007,-0.457902
2290,1.82745,1.76201,-0.484681
2291,1.82745,1.76201,-0.484681
2292,1.82745,1.76201,-0.484681
2293,1.78707,1.71562,-0.500285
2294,1.78707,1.71562,-0.500285
2295,1.78707,1.71562,-0.500285
2296,1.88244,1.80734,-0.526408
2297,1.89393,1.81,-0.557559
2298,1.89393,1.81,-0.557559
2299,1.89393,1.81,-0.557559
2300,1.83741,1.73842,-0.594967
2301,1.84934,1.76215,-0.561148
2302,1.90305,1.81471,-0.573094
2303,1.90305,1.81471,-0.573094
2304,1.90564,1.82067,-0.562684
2305,1.84649,1.75627,-0.570123
2306,1.86596,1.78235,-0.552302
2307,1.82,1.74139,-0.529123
2308,1.84632,1.77811,-0.497226
2309,1.84783,1.78166,-0.490043
2310,1.83263,1.75043,-0.542697
2311,1.83263,1.75043,-0.542697
2312,1.83263,1.75043,-0.542697
2313,1.87187,1.77163,-0.604353
2314,1.87024,1.79695,-0.51844
2315,1.89299,1.83053,-0.482274
2316,1.89299,1.83053,-0.482274
2317,1.88516,1.84779,-0.373465
2318,1.76456,1.73577,-0.317426
2319,1.75302,1.71249,-0.374778
2320,1.75302,1.71249,-0.374778
2321,1.76139,1.71517,-0.400867
2322,1.76139,1.71517,-0.400867
2323,1.74762,1.70219,-0.395893
2324,1.74656,1.71057,-0.352738
2325,1.80469,1.77102,-0.34698
2326,1.81925,1.78051,-0.373456
2327,1.71829,1.67298,-0.391955
2328,1.71829,1.67298,-0.391955
2329,1.77448,1.72754,-0.405477
2330,1.84438,1.76391,-0.538829
2331,1.84438,1.76391,-0.538829
2332,1.86716,1.78755,-0.539369
2333,1.79133,1.67366,-0.638523
2334,1.79133,1.67366,-0.638523
2335,1.79133,1.67366,-0.638523
2336,1.76618,1.65652,-0.612649
2337,1.68963,1.57538,-0.610773
2338,1.68963,1.57538,-0.610773
2339,1.68019,1.58846,-0.547561
2340,1.72588,1.59032,-0.670487
2341,1.65867,1.54552,-0.602137
2342,1.7,1.5649,-0.664139
2343,1.68883,1.5321,-0.710509
2344,1.68883,1.5321,-0.710509
2345,1.73472,1.58869,-0.696648
2346,1.73472,1.58869,-0.696648
2347,1.73472,1.58869,-0.696648
2348,1.73371,1.57377,-0.727306
2349,1.73139,1.57022,-0.729463
2350,1.72438,1.58252,-0.684916
2351,1.65292,1.53,-0.625486
2352,1.61979,1.47369,-0.672276
2353,1.61979,1.47369,-0.672276
2354,1.61979,1.47369,-0.672276
2355,1.64407,1.52442,-0.615721
2356,1.64407,1.52442,-0.615721
2357,1.6839,1.52765,-0.708363
2358,1.6839,1.52765,-0.708363
2359,1.68348,1.53434,-0.692745
2360,1.68348,1.53434,-0.692745
2361,1.67301,1.52366,-0.690955
2362,1.72661,1.5493,-0.762131
2363,1.72661,1.5493,-0.762131
2364,1.73512,1.53032,-0.817767
2365,1.7554,1.56041,-0.804082
2366,1.6925,1.53542,-0.712071
2367,1.69514,1.55309,-0.679289
2368,1.58289,1.47534,-0.573486
2369,1.58289,1.47534,-0.573486
2370,1.63866,1.51944,-0.613612
2371,1.63866,1.51944,-0.613612
2372,1.70279,1.6046,-0.569897
2373,1.68439,1.55929,-0.637026
2374,1.71593,1.59144,-0.641654
2375,1.64841,1.55072,-0.559045
2376,1.64841,1.55072,-0.559045
2377,1.65866,1.57949,-0.506332
2378,1.72786,1.63883,-0.547469
2379,1.72786,1.63883,-0.547469
2380,1.72786,1.63883,-0.547469
2381,1.74689,1.6404,-0.600607
2382,1.77142,1.6815,-0.557227
2383,1.77529,1.70259,-0.50286
2384,1.85809,1.7876,-0.506949
2385,1.85809,1.7876,-0.506949
2386,1.85809,1.7876,-0.506949
2387,1.79628,1.73405,-0.468708
2388,1.7533,1.65681,-0.573608
2389,1.7533,1.65681,-0.573608
2390,1.7533,1.65681,-0.573608
2391,1.83569,1.70384,-0.683138
2392,1.79031,1.67607,-0.629278
2393,1.79031,1.67607,-0.629278
2394,1.79031,1.67607,-0.629278
2395,1.88058,1.71633,-0.768634
2396,1.79852,1.61426,-0.79298
2397,1.82889,1.61078,-0.866161
2398,1.88016,1.67555,-0.852964
2399,1.89428,1.70545,-0.824459
2400,1.89428,1.70545,-0.824459
2401,1.89428,1.70545,-0.824459
2402,1.89335,1.69406,-0.84552
2403,1.82785,1.62017,-0.846213
2404,1.81086,1.6027,-0.842949
2405,1.81086,1.6027,-0.842949
2406,1.81086,1.6027,-0.842949
2407,1.81726,1.60249,-0.857006
2408,1.86819,1.62788,-0.916573
2409,1.86819,1.62788,-0.916573
2410,1.86993,1.58348,-0.994597
2411,1.90811,1.64649,-0.964341
2412,1.81957,1.57365,-0.913493
2413,1.83927,1.62137,-0.868372
2414,1.87459,1.61369,-0.953977
2415,1.83317,1.56979,-0.946725
2416,1.83317,1.56979,-0.946725
2417,1.78919,1.51957,-0.944505
2418,1.83412,1.52181,-1.02377
2419,1.83412,1.52181,-1.02377
2420,1.83412,1.52181,-1.02377
2421,1.83412,1.52181,-1.02377
2422,1.87835,1.54769,-1.06437
2423,1.87835,1.54769,-1.06437
2424,1.8562,1.48404,-1.11494
2425,1.8562,1.48404,-1.11494
2426,1.88831,1.50019,-1.14679
2427,1.88831,1.50019,-1.14679
2428,1.86201,1.46664,-1.1472
2429,1.88717,1.47148,-1.1816
2430,1.88717,1.47148,-1.1816
2431,1.81124,1.3803,-1.17275
2432,1.94174,1.48326,-1.25312
2433,1.93668,1.46897,-1.26209
2434,1.89285,1.4194,-1.25227
2435,1.8295,1.40171,-1.17571
2436,1.8295,1.40171,-1.17571
2437,1.8295,1.40171,-1.17571
2438,1.83826,1.35242,-1.24505
2439,1.79768,1.37136,-1.16233
2440,1.83512,1.40609,-1.17922
2441,1.90593,1.45307,-1.23335
2442,1.90593,1.45307,-1.23335
2443,1.80559,1.40791,-1.13047
2444,1.74914,1.36161,-1.09796
2445,1.83389,1.37826,-1.20978
2446,1.83389,1.37826,-1.20978
2447,1.80166,1.3802,-1.15803
2448,1.75858,1.35243,-1.12408
2449,1.80019,1.37987,-1.15613
2450,1.76422,1.39451,-1.08066
2451,1.74606,1.3763,-1.07447
2452,1.74606,1.3763,-1.07447
2453,1.72287,1.37085,-1.04358
2454,1.73899,1.358,-1.08625
2455,1.73899,1.358,-1.08625
2456,1.71902,1.34796,-1.06679
2457,1.71902,1.34796,-1.06679
2458,1.7453,1.39531,-1.04842
2459,1.71184,1.40879,-0.972485
2460,1.71184,1.40879,-0.972485
2461,1.74523,1.42781,-1.00358
2462,1.80028,1.45553,-1.05944
2463,1.80028,1.45553,-1.05944
2464,1.80028,1.45553,-1.05944
2465,1.89301,1.51438,-1.13584
2466,1.88618,1.51462,-1.1241
2467,1.88618,1.51462,-1.1241
2468,1.85756,1.49288,-1.10537
2469,1.85756,1.49288,-1.10537
2470,1.85029,1.48587,-1.10262
2471,1.84567,1.45641,-1.13374
2472,1.82165,1.4473,-1.10622
2473,1.83562,1.49399,-1.06653
2474,1.83562,1.49399,-1.06653
2475,1.90372,1.54836,-1.10758
2476,1.90372,1.54836,-1.10758
2477,1.81295,1.48122,-1.04536
2478,1.78526,1.47199,-1.01014
2479,1.82474,1.50516,-1.03159
2480,1.85455,1.54136,-1.03129
2481,1.84474,1.58917,-0.9368
2482,1.84556,1.56781,-0.973681
2483,1.78124,1.48909,-0.977461
2484,1.8142,1.523,-0.985806
2485,1.76567,1.43672,-1.02637
2486,1.77883,1.44519,-1.03715
2487,1.75772,1.43213,-1.01911
2488,1.76959,1.4895,-0.955426
2489,1.75421,1.55932,-0.803604
2490,1.68267,1.51507,-0.732068
2491,1.71362,1.55967,-0.709869
2492,1.71362,1.55967,-0.709869
2493,1.78708,1.61413,-0.766973
2494,1.78708,1.61413,-0.766973
2495,1.71238,1.54024,-0.748279
2496,1.64999,1.48024,-0.728952
2497,1.64999,1.48024,-0.728952
2498,1.63726,1.47618,-0.708176
2499,1.63726,1.47618,-0.708176
2500,1.59577,1.39465,-0.775511
2501,1.59625,1.37569,-0.809634
2502,1.59625,1.37569,-0.809634
2503,1.64851,1.41772,-0.841211
2504,1.61202,1.39949,-0.800009
2505,1.62658,1.40688,-0.816361
2506,1.64689,1.40208,-0.863959
2507,1.6379,1.39862,-0.852401
2508,1.68094,1.43808,-0.870344
2509,1.72416,1.44902,-0.934387
2510,1.709,1.39034,-0.993802
2511,1.76935,1.46189,-0.996732
2512,1.76935,1.46189,-0.996732
2513,1.81701,1.51424,-1.0043
2514,1.76278,1.44831,-1.00489
2515,1.75936,1.42889,-1.02645
2516,1.75936,1.42889,-1.02645
2517,1.75936,1.42889,-1.02645
2518,1.75936,1.42889,-1.02645
2519,1.65964,1.33196,-0.990091
2520,1.65964,1.33196,-0.990091
2521,1.7337,1.38529,-1.04244
2522,1.67692,1.30221,-1.05655
2523,1.67692,1.30221,-1.05655
2524,1.67692,1.30221,-1.05655
2525,1.70863,1.30445,-1.10356
2526,1.70863,1.30445,-1.10356
2527,1.66364,1.23037,-1.11977
2528,1.66364,1.23037,-1.11977
2529,1.64821,1.22436,-1.10342
2530,1.69356,1.24635,-1.14663
2531,1.72613,1.29202,-1.14464
2532,1.80483,1.27593,-1.27648
2533,1.80483,1.27593,-1.27648
2534,1.72845,1.26825,-1.17434
2535,1.75249,1.2659,-1.21191
2536,1.75631,1.25125,-1.23248
2537,1.75631,1.25125,-1.23248
2538,1.75631,1.25125,-1.23248
2539,1.75631,1.25125,-1.23248
2540,1.81991,1.30618,-1.26726
2541,1.81991,1.30618,-1.26726
2542,1.81991,1.30618,-1.26726
2543,1.81991,1.30618,-1.26726
2544,1.75479,1.24056,-1.24109
2545,1.76836,1.2257,-1.27466
2546,1.76836,1.2257,-1.27466
2547,1.74014,1.17034,-1.28778
2548,1.72912,1.21661,-1.22869
2549,1.72912,1.21661,-1.22869
2550,1.75386,1.31278,-1.16303
2551,1.7521,1.24139,-1.23644
2552,1.70381,1.26374,-1.14278
2553,1.6588,1.23776,-1.10435
2554,1.69623,1.29279,-1.09813
2555,1.67587,1.26887,-1.09477
2556,1.73812,1.30399,-1.1492
2557,1.734,1.36264,-1.07237
2558,1.78292,1.38908,-1.1177
2559,1.7912,1.3526,-1.17425
2560,1.7912,1.3526,-1.17425
2561,1.7745,1.34755,-1.15453
2562,1.81545,1.33711,-1.22801
2563,1.82636,1.27839,-1.30434
2564,1.80646,1.24752,-1.30651
2565,1.80646,1.24752,-1.30651
2566,1.80103,1.18023,-1.36042
2567,1.80576,1.22235,-1.32914
2568,1.80576,1.22235,-1.32914
2569,1.80671,1.24654,-1.30779
2570,1.77893,1.28084,-1.23453
2571,1.72325,1.20651,-1.23042
2572,1.69274,1.16851,-1.22473
2573,1.72287,1.18506,-1.25057
2574,1.7133,1.1974,-1.22541
2575,1.70715,1.19323,-1.22088
2576,1.70715,1.19323,-1.22088
2577,1.63353,1.15626,-1.1539
2578,1.63353,1.15626,-1.1539
2579,1.63353,1.15626,-1.1539
2580,1.68746,1.19174,-1.19469
2581,1.72981,1.22894,-1.21735
2582,1.68318,1.20442,-1.17578
2583,1.68666,1.2467,-1.13602
2584,1.68862,1.30908,-1.06666
2585,1.71128,1.29919,-1.11382
2586,1.72235,1.28752,-1.14401
2587,1.6597,1.24027,-1.10287
2588,1.6593,1.28038,-1.05541
2589,1.65248,1.26397,-1.06446
2590,1.58905,1.23071,-1.00519
2591,1.58905,1.23071,-1.00519
2592,1.58905,1.23071,-1.00519
2593,1.58905,1.23071,-1.00519
2594,1.56526,1.26036,-0.928186
2595,1.56526,1.26036,-0.928186
2596,1.54539,1.25219,-0.905671
2597,1.54539,1.25219,-0.905671
2598,1.56121,1.29144,-0.877253
2599,1.62882,1.33241,-0.936888
2600,1.62882,1.33241,-0.936888
2601,1.62882,1.33241,-0.936888
2602,1.61168,1.25717,-1.00848
2603,1.61168,1.25717,-1.00848
2604,1.61168,1.25717,-1.00848
2605,1.66094,1.29959,-1.0343
2606,1.66094,1.29959,-1.0343
2607,1.66094,1.29959,-1.0343
2608,1.64243,1.30332,-0.999468
2609,1.64243,1.30332,-0.999468
2610,1.64243,1.30332,-0.999468
2611,1.6512,1.31707,-0.995879
2612,1.71442,1.36692,-1.03478
2613,1.71359,1.31147,-1.10292
2614,1.73778,1.37676,-1.06037
2615,1.73778,1.37676,-1.06037
2616,1.71194,1.38802,-1.00207
2617,1.78719,1.48625,-0.992528
2618,1.7218,1.44121,-0.942067
2619,1.73306,1.43405,-0.973141
2620,1.73306,1.43405,-0.973141
2621,1.70725,1.45313,-0.896154
2622,1.70238,1.459,-0.877174
2623,1.70238,1.459,-0.877174
2624,1.74362,1.44977,-0.968695
2625,1.67356,1.35763,-0.978582
2626,1.68151,1.3438,-1.01078
2627,1.68151,1.3438,-1.01078
2628,1.68151,1.3438,-1.01078
2629,1.71322,1.3698,-1.02898
2630,1.73575,1.41869,-1.00008
2631,1.7493,1.42312,-1.01724
2632,1.84792,1.47367,-1.11495
2633,1.81124,1.42307,-1.12048
2634,1.81892,1.37947,-1.18555
2635,1.81892,1.37947,-1.18555
2636,1.79835,1.36799,-1.16733
2637,1.73325,1.35195,-1.08462
2638,1.78906,1.45,-1.04798
2639,1.74768,1.39183,-1.05697
2640,1.71092,1.31331,-1.09657
2641,1.71092,1.31331,-1.09657
2642,1.71092,1.31331,-1.09657
2643,1.73704,1.32124,-1.12767
2644,1.79059,1.33908,-1.18873
2645,1.80084,1.28906,-1.25752
2646,1.74512,1.31193,-1.15077
2647,1.74512,1.31193,-1.15077
2648,1.77532,1.39177,-1.10214
2649,1.71189,1.35653,-1.04421
2650,1.76606,1.37666,-1.10625
2651,1.76606,1.37666,-1.10625
2652,1.80627,1.43591,-1.09579
2653,1.7473,1.37651,-1.07623
2654,1.78198,1.44746,-1.03938
2655,1.82983,1.48388,-1.07069
2656,1.79486,1.46793,-1.03282
2657,1.79486,1.46793,-1.03282
2658,1.82931,1.53753,-0.991144
2659,1.8424,1.53362,-1.021
2660,1.88964,1.60702,-0.994105
2661,1.88964,1.60702,-0.994105
2662,1.88964,1.60702,-0.994105
2663,1.93046,1.62253,-1.04598
2664,1.93046,1.62253,-1.04598
2665,1.93046,1.62253,-1.04598
2666,1.85319,1.51077,-1.07326
2667,1.85319,1.51077,-1.07326
2668,1.84804,1.51846,-1.05334
2669,1.90587,1.53895,-1.12427
2670,1.83736,1.46348,-1.11092
2671,1.83579,1.45327,-1.12167
2672,1.83648,1.48171,-1.085
2673,1.83798,1.37697,-1.21743
2674,1.86728,1.39502,-1.24122
2675,1.86189,1.36583,-1.26536
2676,1.92617,1.41339,-1.30861
2677,1.87628,1.34526,-1.30794
2678,1.91514,1.3786,-1.32938
2679,1.90397,1.37676,-1.31515
2680,1.88694,1.44918,-1.20847
2681,1.88694,1.44918,-1.20847
2682,1.88694,1.44918,-1.20847
2683,1.90258,1.46253,-1.21689
2684,1.89385,1.45936,-1.20703
2685,1.95593,1.51436,-1.2379
2686,1.95593,1.51436,-1.2379
2687,1.96139,1.62352,-1.10056
2688,1.93111,1.65532,-0.994545
2689,1.90999,1.63307,-0.990527
2690,1.90999,1.63307,-0.990527
2691,1.89197,1.66422,-0.89996
2692,1.89395,1.63443,-0.956923
2693,1.90885,1.63564,-0.984065
2694,1.90885,1.63564,-0.984065
2695,1.85098,1.54967,-1.01226
2696,1.8457,1.53862,-1.01944
2697,1.87554,1.57164,-1.02352
2698,1.87554,1.57164,-1.02352
2699,1.85544,1.52576,-1.05581
2700,1.8439,1.5679,-0.970393
2701,1.8439,1.5679,-0.970393
2702,1.79976,1.56384,-0.890801
2703,1.78978,1.57422,-0.851548
2704,1.80155,1.56807,-0.886988
2705,1.80155,1.56807,-0.886988
2706,1.80155,1.56807,-0.886988
2707,1.83334,1.60369,-0.888421
2708,1.83334,1.60369,-0.888421
2709,1.83334,1.60369,-0.888421
2710,1.86261,1.67427,-0.816173
2711,1.86261,1.67427,-0.816173
2712,1.84465,1.69839,-0.719868
2713,1.84776,1.71743,-0.681658
2714,1.87788,1.76113,-0.651817
2715,1.87788,1.76113,-0.651817
2716,1.87788,1.76113,-0.651817
2717,1.91508,1.77959,-0.70752
2718,1.87214,1.73271,-0.708974
2719,1.95712,1.82336,-0.711089
2720,1.95712,1.82336,-0.711089
2721,1.92623,1.79099,-0.709025
2722,1.92623,1.79099,-0.709025
2723,1.91441,1.76209,-0.748328
2724,1.82086,1.60928,-0.85191
2725,1.93839,1.69686,-0.937033
2726,1.94431,1.67694,-0.983989
2727,1.93874,1.62905,-1.05115
2728,1.88998,1.59061,-1.02077
2729,1.90394,1.58008,-1.06222
2730,1.90394,1.58008,-1.06222
2731,1.95669,1.5765,-1.159
2732,1.89897,1.52364,-1.13339
2733,1.89897,1.52364,-1.13339
2734,1.89897,1.52364,-1.13339
2735,1.89897,1.52364,-1.13339
2736,1.89897,1.52364,-1.13339
2737,1.89897,1.52364,-1.13339
2738,1.93704,1.56884,-1.13616
2739,2.01261,1.63006,-1.18047
2740,2.01261,1.63006,-1.18047
2741,2.10477,1.73832,-1.18671
2742,2.11313,1.7798,-1.13914
2743,2.10505,1.73365,-1.19402
2744,2.1142,1.77208,-1.15306
2745,2.08032,1.79376,-1.05364
2746,2.02687,1.76522,-0.996095
2747,2.02687,1.76522,-0.996095
2748,1.99345,1.77478,-0.907749
2749,1.94761,1.71737,-0.918588
2750,1.94761,1.71737,-0.918588
2751,2.05485,1.85862,-0.876324
2752,1.96286,1.78946,-0.806618
2753,2.00981,1.85541,-0.772512
2754,2.05323,1.88833,-0.806202
2755,2.07013,1.88696,-0.851383
2756,1.97907,1.80243,-0.817298
2757,1.97907,1.80243,-0.817298
2758,1.94919,1.79054,-0.770267
2759,2.04857,1.85356,-0.872311
2760,2.00805,1.813,-0.863298
2761,2.21099,1.94745,-1.04687
2762,2.19358,1.95942,-0.986135
2763,2.17736,1.93326,-1.0017
2764,2.17736,1.93326,-1.0017
2765,2.10028,1.89172,-0.912453
2766,2.10601,1.94059,-0.818149
2767,2.08857,1.92227,-0.816696
2768,2.09674,1.92902,-0.821723
2769,2.13515,1.93893,-0.8941
2770,2.20097,2.03914,-0.828344
2771,2.13444,1.98416,-0.786743
2772,2.13444,1.98416,-0.786743
2773,2.13444,1.98416,-0.786743
2774,2.09301,1.95997,-0.734316
2775,2.09301,1.95997,-0.734316
2776,2.09301,1.95997,-0.734316
2777,2.09301,1.95997,-0.734316
2778,2.09301,1.95997,-0.734316
2779,2.10724,1.96977,-0.748644
2780,2.12533,2.0203,-0.659853
2781,2.10582,2.01444,-0.613591
2782,2.11062,2.01012,-0.64354
2783,2.07216,1.98687,-0.588392
2784,2.07216,1.98687,-0.588392
2785,2.07472,1.99921,-0.554624
2786,2.07472,1.99921,-0.554624
2787,1.98834,1.91559,-0.532898
2788,2.07678,2.03421,-0.418324
2789,2.07678,2.03421,-0.418324
2790,2.07108,2.01013,-0.498734
2791,2.06002,1.99372,-0.518436
2792,2.15845,2.06846,-0.616736
2793,2.14865,2.07154,-0.570475
2794,2.12916,2.05982,-0.538937
2795,2.08432,1.99003,-0.619844
2796,2.0131,1.93321,-0.561485
2797,2.04854,1.98974,-0.487298
2798,1.97203,1.90795,-0.498631
2799,1.90315,1.81107,-0.584797
2800,1.88951,1.8202,-0.50707
2801,1.85548,1.79046,-0.486885
2802,1.82917,1.76446,-0.48222
2803,1.82917,1.76446,-0.48222
2804,1.8781,1.78566,-0.58197
2805,1.79727,1.69917,-0.585661
2806,1.7534,1.66816,-0.540025
2807,1.75017,1.67511,-0.507051
2808,1.76193,1.66591,-0.57373
2809,1.74372,1.62195,-0.640186
2810,1.69145,1.55783,-0.658909
2811,1.69145,1.55783,-0.658909
2812,1.72548,1.58634,-0.678833
2813,1.76043,1.62229,-0.683577
2814,1.84475,1.678,-0.766437
2815,1.80798,1.62703,-0.788401
2816,1.80798,1.62703,-0.788401
2817,1.80798,1.62703,-0.788401
2818,1.80798,1.62703,-0.788401
2819,1.79493,1.60454,-0.804502
2820,1.75342,1.54125,-0.836073
2821,1.8062,1.56708,-0.898107
2822,1.80286,1.50574,-0.991505
2823,1.77484,1.45917,-1.01038
2824,1.79934,1.48307,-1.01889
2825,1.79934,1.48307,-1.01889
2826,1.79934,1.48307,-1.01889
2827,1.7269,1.39808,-1.01369
2828,1.7269,1.39808,-1.01369
2829,1.74863,1.42316,-1.01604
2830,1.7413,1.4378,-0.982269
2831,1.76062,1.43892,-1.01455
2832,1.76736,1.40724,-1.06922
2833,1.72754,1.36626,-1.05722
2834,1.72754,1.36626,-1.05722
2835,1.76092,1.46417,-0.978282
2836,1.8205,1.50148,-1.02946
2837,1.7877,1.44824,-1.04809
2838,1.80388,1.43811,-1.08897
2839,1.80388,1.43811,-1.08897
2840,1.8504,1.46561,-1.12957
2841,1.80118,1.41696,-1.11197
2842,1.80118,1.41696,-1.11197
2843,1.82617,1.45101,-1.10881
2844,1.82617,1.45101,-1.10881
2845,1.77426,1.37684,-1.11907
2846,1.78922,1.39378,-1.12192
2847,1.79599,1.38157,-1.14754
2848,1.79599,1.38157,-1.14754
2849,1.79599,1.38157,-1.14754
2850,1.79599,1.38157,-1.14754
2851,1.82329,1.43304,-1.12729
2852,1.81035,1.40509,-1.14153
2853,1.85468,1.48753,-1.10774
2854,1.86642,1.50926,-1.09803
2855,1.86642,1.50926,-1.09803
2856,1.87279,1.50282,-1.11753
2857,1.87279,1.50282,-1.11753
2858,1.90004,1.47514,-1.19754
2859,1.84051,1.41951,-1.17153
2860,1.86917,1.50798,-1.10443
2861,1.84849,1.50643,-1.07125
2862,1.87085,1.55299,-1.04321
2863,1.86226,1.51456,-1.08357
2864,1.86226,1.51456,-1.08357
2865,1.85863,1.49989,-1.09764
2866,1.77273,1.42963,-1.04822
2867,1.76281,1.41694,-1.0487
2868,1.68766,1.34191,-1.02347
2869,1.68766,1.34191,-1.02347
2870,1.64283,1.28098,-1.02859
2871,1.7484,1.40067,-1.04644
2872,1.62713,1.29056,-0.990961
2873,1.62713,1.29056,-0.990961
2874,1.62701,1.28909,-0.992681
2875,1.76783,1.38604,-1.09732
2876,1.7553,1.37856,-1.08657
2877,1.80967,1.46137,-1.06738
2878,1.88409,1.579,-1.02788
2879,1.88409,1.579,-1.02788
2880,1.88409,1.579,-1.02788
2881,1.88409,1.579,-1.02788
2882,1.88409,1.579,-1.02788
2883,1.92674,1.58556,-1.09468
2884,1.98613,1.62889,-1.13642
2885,1.98613,1.62889,-1.13642
2886,1.9395,1.53398,-1.18684
2887,1.96386,1.5895,-1.15337
2888,1.99492,1.56316,-1.23945
2889,1.9544,1.49768,-1.25563
2890,1.9544,1.49768,-1.25563
2891,1.89189,1.41961,-1.25059
2892,1.89189,1.41961,-1.25059
2893,1.89189,1.41961,-1.25059
2894,1.89189,1.41961,-1.25059
2895,1.88271,1.43893,-1.21411
2896,1.91215,1.4993,-1.18677
2897,1.87318,1.48251,-1.14497
2898,1.96426,1.55071,-1.20567
2899,1.94348,1.49986,-1.23593
2900,1.87053,1.43496,-1.1999
2901,1.99101,1.52288,-1.28256
2902,1.98193,1.38578,-1.41692
2903,1.93017,1.35065,-1.37888
2904,1.93917,1.37538,-1.367
2905,1.93917,1.37538,-1.367
2906,1.93917,1.37538,-1.367
2907,1.98689,1.36208,-1.44653
2908,1.98689,1.36208,-1.44653
2909,1.95156,1.39748,-1.36222
2910,1.94586,1.31034,-1.43853
2911,1.91673,1.2608,-1.44369
2912,1.92863,1.28501,-1.43817
2913,1.97564,1.30989,-1.47896
2914,1.98311,1.348,-1.45451
2915,1.98311,1.348,-1.45451
2916,2.00275,1.40359,-1.42862
2917,2.00883,1.4258,-1.41509
2918,1.94784,1.39634,-1.35805
2919,1.94784,1.39634,-1.35805
2920,1.91233,1.40959,-1.29231
2921,1.91233,1.40959,-1.29231
2922,1.90556,1.37523,-1.31905
2923,1.89003,1.34682,-1.32601
2924,1.92168,1.37254,-1.34498
2925,1.92187,1.38261,-1.3349
2926,1.92187,1.38261,-1.3349
2927,1.92187,1.38261,-1.3349
2928,1.92187,1.38261,-1.3349
2929,1.87805,1.34809,-1.30756
2930,1.97799,1.41884,-1.37816
2931,1.98629,1.46092,-1.34576
2932,1.94689,1.52652,-1.20835
2933,1.94689,1.52652,-1.20835
2934,1.89323,1.48685,-1.172
2935,1.89323,1.48685,-1.172
2936,1.89323,1.48685,-1.172
2937,1.84436,1.45865,-1.12871
2938,1.89696,1.44123,-1.23341
2939,1.89696,1.44123,-1.23341
2940,1.90885,1.38841,-1.30997
2941,1.82469,1.28565,-1.29484
2942,1.82469,1.28565,-1.29484
2943,1.7612,1.23712,-1.25353
2944,1.78445,1.26585,-1.25772
2945,1.81403,1.2135,-1.34838
2946,1.81403,1.2135,-1.34838
2947,1.83297,1.23823,-1.3515
2948,1.83297,1.23823,-1.3515
2949,1.83297,1.23823,-1.3515
2950,1.8057,1.25734,-1.29601
2951,1.8057,1.25734,-1.29601
2952,1.8057,1.25734,-1.29601
2953,1.8057,1.25734,-1.29601
2954,1.73596,1.194,-1.26013
2955,1.77525,1.1848,-1.32202
2956,1.77525,1.1848,-1.32202
2957,1.77525,1.1848,-1.32202
2958,1.77525,1.1848,-1.32202
2959,1.76971,1.09516,-1.39014
2960,1.76971,1.09516,-1.39014
2961,1.77961,1.04091,-1.44344
2962,1.80009,1.11097,-1.41636
2963,1.80009,1.11097,-1.41636
2964,1.80009,1.11097,-1.41636
2965,1.7238,1.05657,-1.36204
2966,1.7238,1.05657,-1.36204
2967,1.73061,1.03251,-1.38886
2968,1.73061,1.03251,-1.38886
2969,1.73061,1.03251,-1.38886
2970,1.81977,1.0889,-1.45803
2971,1.84037,1.10427,-1.47227
2972,1.75784,1.05434,-1.40655
2973,1.79816,1.07926,-1.43826
2974,1.73067,1.1093,-1.32841
2975,1.81695,1.13128,-1.42179
2976,1.76577,1.08996,-1.38922
2977,1.73322,1.02285,-1.39922
2978,1.73322,1.02285,-1.39922
2979,1.7689,1.12933,-1.36147
2980,1.70405,1.06094,-1.33349
2981,1.73307,1.09069,-1.34682
2982,1.73914,1.1345,-1.31815
2983,1.74212,1.16602,-1.29436
2984,1.73722,1.14994,-1.30214
2985,1.73722,1.14994,-1.30214
2986,1.74973,1.12308,-1.34173
2987,1.74973,1.12308,-1.34173
2988,1.68877,0.996338,-1.36355
2989,1.65126,0.928973,-1.36517
2990,1.6864,1.05063,-1.31914
2991,1.6864,1.05063,-1.31914
2992,1.6864,1.05063,-1.31914
2993,1.63113,1.05233,-1.24627
2994,1.61788,0.955604,-1.30551
2995,1.61788,0.955604,-1.30551
2996,1.67545,0.990827,-1.35107
2997,1.63744,0.942845,-1.33875
2998,1.63744,0.942845,-1.33875
2999,1.63744,0.942845,-1.33875
3000,1.67092,1.00622,-1.33397
3001,1.68538,1.02297,-1.33942
3002,1.80885,1.13996,-1.40443
3003,1.88405,1.09403,-1.53386
3004,1.88405,1.09403,-1.53386
3005,1.86945,1.06276,-1.53798
3006,1.86945,1.06276,-1.53798
3007,1.86945,1.06276,-1.53798
3008,1.86945,1.06276,-1.53798
3009,1.85171,1.10851,-1.48325
3010,1.85171,1.10851,-1.48325
3011,1.89474,1.1828,-1.48022
3012,1.89474,1.1828,-1.48022
3013,1.93538,1.16097,-1.54849
3014,2.01423,1.17562,-1.63556
3015,2.00801,1.19423,-1.61429
3016,2.00801,1.19423,-1.61429
3017,2.04752,1.25923,-1.61453
3018,2.0713,1.24451,-1.65574
3019,2.04746,1.20655,-1.65418
3020,2.04746,1.20655,-1.65418
3021,2.04746,1.20655,-1.65418
3022,2.04746,1.20655,-1.65418
3023,2.02156,1.22105,-1.61113
3024,2.02156,1.22105,-1.61113
3025,2.02156,1.22105,-1.61113
3026,1.95187,1.1499,-1.57718
3027,1.92059,1.13317,-1.55067
3028,1.97593,1.11564,-1.63084
3029,1.97593,1.11564,-1.63084
3030,1.94136,1.124,-1.58288
3031,1.94136,1.124,-1.58288
3032,1.94136,1.124,-1.58288
3033,1.94136,1.124,-1.58288
3034,1.94136,1.124,-1.58288
3035,1.89975,1.15104,-1.51134
3036,1.84386,1.115,-1.46853
3037,1.85095,1.15308,-1.4479
3038,1.86139,1.19992,-1.42302
3039,1.86139,1.19992,-1.42302
3040,1.85413,1.1962,-1.41665
3041,1.86617,1.25102,-1.38475
3042,1.8483,1.23287,-1.37704
3043,1.8483,1.23287,-1.37704
3044,1.79902,1.20227,-1.33829
3045,1.74649,1.13469,-1.32767
3046,1.73767,1.0914,-1.35217
3047,1.7259,1.17907,-1.26037
3048,1.70031,1.23199,-1.17186
3049,1.70031,1.23199,-1.17186
3050,1.70031,1.23199,-1.17186
3051,1.70031,1.23199,-1.17186
3052,1.74625,1.23184,-1.23772
3053,1.73686,1.23546,-1.22079
3054,1.72825,1.21731,-1.22679
3055,1.75075,1.25434,-1.22138
3056,1.75075,1.25434,-1.22138
3057,1.75075,1.25434,-1.22138
3058,1.75075,1.25434,-1.22138
3059,1.7721,1.21515,-1.28986
3060,1.7721,1.21515,-1.28986
3061,1.75675,1.21523,-1.26862
3062,1.74355,1.21735,-1.24821
3063,1.79471,1.26783,-1.27027
3064,1.79648,1.37241,-1.15923
3065,1.79885,1.38057,-1.15322
3066,1.79308,1.37645,-1.14914
3067,1.79308,1.37645,-1.14914
3068,1.88936,1.53474,-1.10193
3069,1.88936,1.53474,-1.10193
3070,1.8563,1.55218,-1.01814
3071,1.8563,1.55218,-1.01814
3072,1.79036,1.47193,-1.01923
3073,1.76523,1.42389,-1.04334
3074,1.73759,1.41473,-1.00883
3075,1.67054,1.35228,-0.980845
3076,1.67054,1.35228,-0.980845
3077,1.65216,1.3373,-0.970185
3078,1.65216,1.3373,-0.970185
3079,1.67857,1.36278,-0.980013
3080,1.67857,1.36278,-0.980013
3081,1.7254,1.41471,-0.987721
3082,1.72353,1.39633,-1.01036
3083,1.70447,1.4259,-0.933832
3084,1.70447,1.4259,-0.933832
3085,1.73565,1.4457,-0.960422
3086,1.73565,1.4457,-0.960422
3087,1.77719,1.46064,-1.01239
3088,1.77719,1.46064,-1.01239
3089,1.79065,1.51965,-0.947157
3090,1.82578,1.49673,-1.04558
3091,1.78513,1.46886,-1.01447
3092,1.78513,1.46886,-1.01447
3093,1.77031,1.4453,-1.02229
3094,1.82008,1.45962,-1.08729
3095,1.79624,1.3968,-1.12934
3096,1.79355,1.37089,-1.15649
3097,1.81313,1.46981,-1.06165
3098,1.81313,1.46981,-1.06165
3099,1.81313,1.46981,-1.06165
3100,1.81275,1.50783,-1.00624
3101,1.78642,1.49779,-0.973613
3102,1.76972,1.42254,-1.05276
3103,1.85538,1.42151,-1.19236
3104,1.85538,1.42151,-1.19236
3105,1.83821,1.4181,-1.16961
3106,1.80518,1.37657,-1.16779
3107,1.89774,1.48104,-1.18655
3108,1.92499,1.52054,-1.18048
3109,1.83534,1.48117,-1.0838
3110,1.84207,1.48377,-1.09163
3111,1.82982,1.46677,-1.094
3112,1.82982,1.46677,-1.094
3113,1.81296,1.45028,-1.08789
3114,1.78531,1.39592,-1.11299
3115,1.83265,1.40281,-1.17929
3116,1.87393,1.36729,-1.28145
3117,1.80625,1.38761,-1.15632
3118,1.84117,1.41051,-1.18337
3119,1.8442,1.38049,-1.22283
3120,1.90115,1.43418,-1.248
3121,1.9441,1.4492,-1.29589
3122,1.91239,1.39904,-1.30381
3123,1.87954,1.39907,-1.25509
3124,1.90079,1.36847,-1.31921
3125,1.91959,1.32834,-1.38576
3126,1.94112,1.33952,-1.40486
3127,1.86812,1.33385,-1.30794
3128,1.86812,1.33385,-1.30794
3129,1.86699,1.33495,-1.30521
3130,1.83774,1.26427,-1.33375
3131,1.83774,1.26427,-1.33375
3132,1.82911,1.25849,-1.32735
3133,1.82636,1.28623,-1.29662
3134,1.82636,1.28623,-1.29662
3135,1.82862,1.30706,-1.27884
3136,1.85698,1.30856,-1.31759
3137,1.80679,1.29434,-1.26062
3138,1.83755,1.34443,-1.25264
3139,1.80716,1.31205,-1.24271
3140,1.80716,1.31205,-1.24271
3141,1.79219,1.34719,-1.18196
3142,1.78805,1.37893,-1.13829
3143,1.8085,1.36244,-1.1893
3144,1.8085,1.36244,-1.1893
3145,1.78416,1.31641,-1.20428
3146,1.68578,1.23492,-1.14754
3147,1.68578,1.23492,-1.14754
3148,1.73372,1.28907,-1.15935
3149,1.73372,1.28907,-1.15935
3150,1.72641,1.30955,-1.12498
3151,1.75412,1.35321,-1.11614
3152,1.8174,1.43168,-1.11949
3153,1.8174,1.43168,-1.11949
3154,1.6924,1.35067,-1.01976
3155,1.66662,1.30345,-1.03858
3156,1.66662,1.30345,-1.03858
3157,1.66662,1.30345,-1.03858
3158,1.69594,1.3479,-1.02926
3159,1.69594,1.3479,-1.02926
3160,1.64246,1.2693,-1.04238
3161,1.64246,1.2693,-1.04238
3162,1.64246,1.2693,-1.04238
3163,1.64246,1.2693,-1.04238
3164,1.64246,1.2693,-1.04238
3165,1.73851,1.36827,-1.07251
3166,1.79287,1.46538,-1.03299
3167,1.76726,1.44644,-1.0154
3168,1.76741,1.43581,-1.03062
3169,1.72551,1.38959,-1.02295
3170,1.67359,1.35073,-0.988149
3171,1.7045,1.34054,-1.05274
3172,1.77953,1.424,-1.06722
3173,1.77953,1.424,-1.06722
3174,1.72525,1.42313,-0.975284
3175,1.68143,1.36963,-0.975352
3176,1.72175,1.42813,-0.961689
3177,1.76089,1.50917,-0.907284
3178,1.70875,1.40836,-0.967639
3179,1.76827,1.45668,-1.00242
3180,1.79017,1.43446,-1.07099
3181,1.807,1.41361,-1.12558
3182,1.80955,1.47107,-1.05377
3183,1.79056,1.43467,-1.07137
3184,1.89004,1.46796,-1.19053
3185,1.89004,1.46796,-1.19053
3186,1.85503,1.41143,-1.20374
3187,1.7743,1.35049,-1.15078
3188,1.7743,1.35049,-1.15078
3189,1.89883,1.50305,-1.16034
3190,1.89883,1.50305,-1.16034
3191,1.84897,1.42056,-1.18351
3192,1.81757,1.39846,-1.16097
3193,1.86805,1.48557,-1.13256
3194,1.86805,1.48557,-1.13256
3195,1.92154,1.54448,-1.1432
3196,1.86654,1.50975,-1.09755
3197,1.86654,1.50975,-1.09755
3198,1.86654,1.50975,-1.09755
3199,1.86654,1.50975,-1.09755
3200,1.86654,1.50975,-1.09755
3201,1.86654,1.50975,-1.09755
3202,1.86654,1.50975,-1.09755
3203,1.86654,1.50975,-1.09755
3204,1.86654,1.50975,-1.09755
3205,1.86654,1.50975,-1.09755
3206,1.86654,1.50975,-1.09755
3207,1.86654,1.50975,-1.09755
3208,1.86654,1.50975,-1.09755
3209,1.86654,1.50975,-1.09755
3210,1.79578,1.42539,-1.09229
3211,1.70398,1.36055,-1.02589
3212,1.73108,1.38902,-1.03309
3213,1.77097,1.37582,-1.11511
3214,1.77097,1.37582,-1.11511
3215,1.77097,1.37582,-1.11511
3216,1.7779,1.30493,-1.20751
3217,1.7779,1.30493,-1.20751
3218,1.7779,1.30493,-1.20751
3219,1.71389,1.24709,-1.17567
3220,1.7297,1.24937,-1.19623
3221,1.68937,1.2963,-1.08331
3222,1.76326,1.40389,-1.06685
3223,1.78117,1.39173,-1.11159
3224,1.72648,1.26381,-1.17623
3225,1.82805,1.37841,-1.20073
3226,1.74911,1.33879,-1.12562
3227,1.80213,1.42522,-1.10291
3228,1.80309,1.46238,-1.05478
3229,1.76392,1.46431,-0.983473
3230,1.7771,1.51365,-0.931101
3231,1.87339,1.61035,-0.957258
3232,1.81154,1.61923,-0.812254
3233,1.81154,1.61923,-0.812254
3234,1.80513,1.58143,-0.870372
3235,1.87373,1.67528,-0.839219
3236,1.87299,1.643,-0.899247
3237,1.87299,1.643,-0.899247
3238,1.87299,1.643,-0.899247
3239,1.87299,1.643,-0.899247
3240,1.86567,1.57912,-0.993534
3241,1.86567,1.57912,-0.993534
3242,1.86432,1.62497,-0.913873
3243,1.86432,1.62497,-0.913873
3244,1.83509,1.60033,-0.898041
3245,1.89908,1.67443,-0.895978
3246,1.9419,1.7166,-0.907877
3247,1.9419,1.7166,-0.907877
3248,1.9419,1.7166,-0.907877
3249,1.9093,1.68452,-0.898785
3250,1.9101,1.69369,-0.883105
3251,1.9101,1.69369,-0.883105
3252,1.84078,1.61709,-0.879478
3253,1.89388,1.68342,-0.867682
3254,1.94764,1.69553,-0.958355
3255,1.88619,1.65226,-0.909823
3256,1.88619,1.65226,-0.909823
3257,1.88619,1.65226,-0.909823
3258,1.88619,1.65226,-0.909823
3259,1.88619,1.65226,-0.909823
3260,1.94032,1.68438,-0.963183
3261,1.94032,1.68438,-0.963183
3262,1.94032,1.68438,-0.963183
3263,1.94032,1.68438,-0.963183
3264,1.94032,1.68438,-0.963183
3265,1.89156,1.61516,-0.984501
3266,1.8906,1.59336,-1.01763
3267,1.94983,1.67622,-0.996049
3268,1.99823,1.6977,-1.05393
3269,1.92879,1.59389,-1.08617
3270,1.86515,1.52324,-1.07635
3271,1.87736,1.50671,-1.11996
3272,1.87736,1.50671,-1.11996
3273,1.87736,1.50671,-1.11996
3274,1.87736,1.50671,-1.11996
3275,1.88595,1.54919,-1.07556
3276,1.87252,1.5639,-1.02983
3277,1.87352,1.53115,-1.07966
3278,1.87352,1.53115,-1.07966
3279,1.8523,1.49758,-1.09009
3280,1.8523,1.49758,-1.09009
3281,1.89345,1.54346,-1.09675
3282,1.85768,1.52063,-1.06708
3283,1.85768,1.52063,-1.06708
3284,1.85768,1.52063,-1.06708
3285,1.85768,1.52063,-1.06708
3286,1.85651,1.47732,-1.12435
3287,1.83766,1.40205,-1.18796
3288,1.81197,1.37277,-1.18268
3289,1.897,1.40096,-1.27903
3290,1.88074,1.42331,-1.22938
3291,1.90898,1.40817,-1.2889
3292,1.91038,1.34789,-1.35378
3293,1.90134,1.32274,-1.36581
3294,1.93146,1.40745,-1.32273
3295,1.94141,1.47867,-1.25802
3296,1.94141,1.47867,-1.25802
3297,2.04219,1.60235,-1.2661
3298,2.04219,1.60235,-1.2661
3299,1.98699,1.54517,-1.24924
3300,1.989,1.50779,-1.29719
3301,1.989,1.50779,-1.29719
3302,1.989,1.50779,-1.29719
3303,1.9201,1.44582,-1.26348
3304,1.95246,1.5688,-1.1623
3305,1.95246,1.5688,-1.1623
3306,1.88762,1.44782,-1.21116
3307,1.88853,1.45853,-1.19968
3308,1.91607,1.4681,-1.23127
3309,1.91607,1.4681,-1.23127
3310,1.91607,1.4681,-1.23127
3311,1.82902,1.41014,-1.16483
3312,1.82902,1.41014,-1.16483
3313,1.82902,1.41014,-1.16483
3314,1.84402,1.40217,-1.19764
3315,1.84402,1.40217,-1.19764
3316,1.84986,1.39459,-1.21537
3317,1.82178,1.35305,-1.21989
3318,1.81292,1.34423,-1.21644
3319,1.81292,1.34423,-1.21644
3320,1.81292,1.34423,-1.21644
3321,1.78768,1.32378,-1.20142
3322,1.78768,1.32378,-1.20142
3323,1.72956,1.31094,-1.12819
3324,1.72956,1.31094,-1.12819
3325,1.72956,1.31094,-1.12819
3326,1.67244,1.29968,-1.05256
3327,1.67244,1.29968,-1.05256
3328,1.67244,1.29968,-1.05256
3329,1.67244,1.29968,-1.05256
3330,1.70952,1.36455,-1.02979
3331,1.70952,1.36455,-1.02979
3332,1.64043,1.31103,-0.985997
3333,1.67111,1.347,-0.989037
3334,1.67111,1.347,-0.989037
3335,1.67111,1.347,-0.989037
3336,1.66967,1.36644,-0.959497
3337,1.68233,1.38975,-0.948065
3338,1.70761,1.35574,-1.03822
3339,1.70761,1.35574,-1.03822
3340,1.69574,1.30911,-1.07784
3341,1.69574,1.30911,-1.07784
3342,1.69574,1.30911,-1.07784
3343,1.6828,1.33222,-1.02811
3344,1.63858,1.33427,-0.951145
3345,1.63858,1.33427,-0.951145
3346,1.63858,1.33427,-0.951145
3347,1.58231,1.30286,-0.897915
3348,1.61406,1.37546,-0.844562
3349,1.60794,1.38305,-0.820153
3350,1.61975,1.41642,-0.785718
3351,1.62183,1.41921,-0.784975
3352,1.63333,1.45904,-0.734157
3353,1.60129,1.47173,-0.630983
3354,1.65038,1.4719,-0.746505
3355,1.62832,1.46332,-0.714246
3356,1.6359,1.45831,-0.741289
3357,1.63347,1.43687,-0.776938
3358,1.68003,1.50954,-0.737423
3359,1.68003,1.50954,-0.737423
3360,1.61678,1.46174,-0.690881
3361,1.61678,1.46174,-0.690881
3362,1.65558,1.52681,-0.640157
3363,1.65558,1.52681,-0.640157
3364,1.70824,1.58269,-0.64279
3365,1.77335,1.65057,-0.648371
3366,1.71222,1.58551,-0.646408
3367,1.75084,1.61542,-0.675172
3368,1.75904,1.61941,-0.686812
3369,1.75904,1.61941,-0.686812
3370,1.75904,1.61941,-0.686812
3371,1.71152,1.51349,-0.799167
3372,1.71812,1.48708,-0.860539
3373,1.72031,1.49224,-0.85596
3374,1.74097,1.52126,-0.846606
3375,1.74097,1.52126,-0.846606
3376,1.72532,1.48438,-0.879402
3377,1.71282,1.42748,-0.946607
3378,1.71282,1.42748,-0.946607
3379,1.71282,1.42748,-0.946607
3380,1.71282,1.42748,-0.946607
3381,1.78581,1.47095,-1.01264
3382,1.78581,1.47095,-1.01264
3383,1.78581,1.47095,-1.01264
3384,1.78581,1.47095,-1.01264
3385,1.78762,1.51285,-0.952301
3386,1.78762,1.51285,-0.952301
3387,1.78762,1.51285,-0.952301
3388,1.78762,1.51285,-0.952301
3389,1.78762,1.51285,-0.952301
3390,1.87222,1.58408,-0.997956
3391,1.87222,1.58408,-0.997956
3392,1.90917,1.60855,-1.02835
3393,1.90991,1.61464,-1.02014
3394,1.90991,1.61464,-1.02014
3395,1.92898,1.60244,-1.07385
3396,1.87886,1.56355,-1.04183
3397,1.87886,1.56355,-1.04183
3398,1.96982,1.67763,-1.03235
3399,2.06524,1.74369,-1.10668
3400,1.99807,1.63319,-1.15108
3401,1.93601,1.57683,-1.12327
3402,1.96472,1.50234,-1.26614
3403,1.98973,1.56024,-1.23477
3404,1.98466,1.50396,-1.29498
3405,1.94749,1.41701,-1.33596
3406,1.9771,1.45058,-1.34342
3407,1.9771,1.45058,-1.34342
3408,2.00617,1.50387,-1.32782
3409,2.08544,1.59217,-1.34688
3410,2.08544,1.59217,-1.34688
3411,2.02888,1.53008,-1.33236
3412,2.02888,1.53008,-1.33236
3413,1.93574,1.5265,-1.19033
3414,1.93574,1.5265,-1.19033
3415,1.90378,1.48688,-1.18894
3416,1.88042,1.4355,-1.21463
3417,1.88042,1.4355,-1.21463
3418,1.85899,1.4116,-1.20963
3419,1.85899,1.4116,-1.20963
3420,1.85899,1.4116,-1.20963
3421,1.90899,1.42555,-1.26967
3422,1.90899,1.42555,-1.26967
3423,1.89595,1.42169,-1.25436
3424,1.89595,1.42169,-1.25436
3425,1.89595,1.42169,-1.25436
3426,1.88788,1.46155,-1.19496
3427,1.83341,1.45183,-1.11964
3428,1.83341,1.45183,-1.11964
3429,1.87702,1.46094,-1.17849
3430,1.84242,1.37431,-1.2271
3431,1.89855,1.48348,-1.18481
3432,1.89855,1.48348,-1.18481
3433,1.85825,1.44006,-1.17445
3434,1.76548,1.36145,-1.12399
3435,1.69863,1.33488,-1.05045
3436,1.73414,1.3863,-1.04183
3437,1.78457,1.38258,-1.12834
3438,1.78021,1.34489,-1.16637
3439,1.74624,1.30972,-1.15498
3440,1.74624,1.30972,-1.15498
3441,1.74624,1.30972,-1.15498
3442,1.74624,1.30972,-1.15498
3443,1.74624,1.30972,-1.15498
3444,1.74624,1.30972,-1.15498
3445,1.76088,1.33097,-1.15292
3446,1.84674,1.2899,-1.3216
3447,1.76885,1.31679,-1.18105
3448,1.76885,1.31679,-1.18105
3449,1.8252,1.38268,-1.19145
3450,1.8252,1.38268,-1.19145
3451,1.79094,1.397,-1.12065
3452,1.81975,1.38868,-1.17604
3453,1.86712,1.42655,-1.20461
3454,1.91313,1.48665,-1.20414
3455,1.87832,1.42537,-1.22328
3456,1.91294,1.47234,-1.2213
3457,1.87929,1.43776,-1.2102
3458,1.87929,1.43776,-1.2102
3459,1.87929,1.43776,-1.2102
3460,1.83006,1.37481,-1.20789
3461,1.83006,1.37481,-1.20789
3462,1.82697,1.37676,-1.20098
3463,1.82697,1.37676,-1.20098
3464,1.82697,1.37676,-1.20098
3465,1.82697,1.37676,-1.20098
3466,1.82697,1.37676,-1.20098
3467,1.82697,1.37676,-1.20098
3468,1.82697,1.37676,-1.20098
3469,1.81439,1.32913,-1.23509
3470,1.8326,1.28021,-1.31128
3471,1.8326,1.28021,-1.31128
3472,1.80823,1.15575,-1.39066
3473,1.80823,1.15575,-1.39066
3474,1.90568,1.23304,-1.45301
3475,1.90568,1.23304,-1.45301
3476,1.90568,1.23304,-1.45301
3477,1.94371,1.24463,-1.49295
3478,1.94371,1.24463,-1.49295
3479,1.96733,1.2105,-1.55082
3480,1.91644,1.14613,-1.53595
3481,1.84949,1.15724,-1.44271
3482,1.85238,1.14758,-1.45409
3483,1.79115,1.15837,-1.36617
3484,1.71169,1.08454,-1.32425
3485,1.8039,1.09666,-1.43226
3486,1.8039,1.09666,-1.43226
3487,1.76213,1.06235,-1.40589
3488,1.67676,1.01437,-1.33513
3489,1.73966,1.11244,-1.3375
3490,1.7595,1.13214,-1.34689
3491,1.7595,1.13214,-1.34689
3492,1.79245,1.13044,-1.39104
3493,1.79245,1.13044,-1.39104
3494,1.79245,1.13044,-1.39104
3495,1.75176,1.14284,-1.32762
3496,1.75164,1.15214,-1.3194
3497,1.75164,1.15214,-1.3194
3498,1.75164,1.15214,-1.3194
3499,1.75164,1.15214,-1.3194
3500,1.70803,1.17571,-1.23899
3501,1.74958,1.24211,-1.23215
3502,1.68145,1.24197,-1.13348
3503,1.68989,1.17592,-1.21364
3504,1.64062,1.09856,-1.21853
3505,1.66979,1.20818,-1.1526
3506,1.74583,1.28123,-1.18591
3507,1.75903,1.22916,-1.25831
3508,1.74663,1.15986,-1.30592
3509,1.79401,1.18185,-1.3497
3510,1.79401,1.18185,-1.3497
3511,1.79401,1.18185,-1.3497
3512,1.76629,1.14456,-1.34527
3513,1.76629,1.14456,-1.34527
3514,1.76629,1.14456,-1.34527
3515,1.85059,1.25929,-1.35604
3516,1.87268,1.24751,-1.39666
3517,1.85171,1.28562,-1.33267
3518,1.85171,1.28562,-1.33267
3519,1.85171,1.28562,-1.33267
3520,1.79657,1.21106,-1.32703
3521,1.82708,1.21696,-1.3628
3522,1.85317,1.20928,-1.40424
3523,1.85317,1.20928,-1.40424
3524,1.8868,1.22351,-1.43632
3525,1.95534,1.19363,-1.54875
3526,1.80979,1.06768,-1.4613
3527,1.87145,1.19305,-1.44186
3528,1.85851,1.19778,-1.42105
3529,1.85851,1.19778,-1.42105
3530,1.79417,1.19169,-1.34124
3531,1.79417,1.19169,-1.34124
3532,1.79417,1.19169,-1.34124
3533,1.8459,1.18988,-1.41122
3534,1.85308,1.18866,-1.42162
3535,1.84269,1.15379,-1.43677
3536,1.84269,1.15379,-1.43677
3537,1.85601,1.12665,-1.47493
3538,1.8033,1.16036,-1.38038
3539,1.8033,1.16036,-1.38038
3540,1.8033,1.16036,-1.38038
3541,1.8033,1.16036,-1.38038
3542,1.78349,1.14758,-1.36525
3543,1.78349,1.14758,-1.36525
3544,1.77204,1.09417,-1.39388
3545,1.77204,1.09417,-1.39388
3546,1.77204,1.09417,-1.39388
3547,1.85785,1.11401,-1.48681
3548,1.81023,1.14669,-1.40073
3549,1.80364,1.06204,-1.4578
3550,1.80364,1.06204,-1.4578
3551,1.74254,0.97415,-1.44481
3552,1.74254,0.97415,-1.44481
3553,1.74254,0.97415,-1.44481
3554,1.78906,1.05341,-1.44605
3555,1.78906,1.05341,-1.44605
3556,1.83586,1.08111,-1.48378
3557,1.87019,1.11411,-1.50212
3558,1.88435,1.19244,-1.45906
3559,1.85218,1.11283,-1.4806
3560,1.84159,1.09613,-1.47985
3561,1.84159,1.09613,-1.47985
3562,1.84159,1.09613,-1.47985
3563,1.93177,1.17937,-1.52997
3564,1.9381,1.19465,-1.52612
3565,1.91902,1.19919,-1.49819
3566,1.96462,1.27045,-1.49857
3567,1.90402,1.25114,-1.43525
3568,1.8848,1.35404,-1.31113
3569,1.8848,1.35404,-1.31113
3570,1.82028,1.30289,-1.27118
3571,1.82665,1.30173,-1.28147
3572,1.82665,1.30173,-1.28147
3573,1.86011,1.34068,-1.28941
3574,1.87959,1.39486,-1.25985
3575,1.87533,1.40991,-1.23654
3576,1.87533,1.40991,-1.23654
3577,1.81742,1.34067,-1.22703
3578,1.81742,1.34067,-1.22703
3579,1.77756,1.32733,-1.18233
3580,1.85649,1.29132,-1.33382
3581,1.87379,1.34857,-1.30094
3582,1.87728,1.27433,-1.3785
3583,1.90359,1.38626,-1.30458
3584,1.86337,1.43508,-1.18857
3585,1.86633,1.38869,-1.24689
3586,1.88926,1.46266,-1.19581
3587,1.88926,1.46266,-1.19581
3588,1.82059,1.3558,-1.21505
3589,1.79119,1.35847,-1.16744
3590,1.72145,1.31497,-1.11096
3591,1.75452,1.33447,-1.13909
3592,1.75452,1.33447,-1.13909
3593,1.78568,1.3,-1.2242
3594,1.78568,1.3,-1.2242
3595,1.77266,1.34464,-1.1551
3596,1.72644,1.26606,-1.17375
3597,1.73268,1.22714,-1.22324
3598,1.71388,1.18412,-1.23906
3599,1.68691,1.23946,-1.14429
3600,1.68691,1.23946,-1.14429
3601,1.64267,1.19921,-1.12262
3602,1.64,1.15585,-1.16345
3603,1.65852,1.16377,-1.18167
3604,1.65852,1.16377,-1.18167
3605,1.65852,1.16377,-1.18167
3606,1.58663,1.0883,-1.15455
3607,1.63326,1.13126,-1.17805
3608,1.62692,1.1588,-1.14195
3609,1.5832,1.0974,-1.14115
3610,1.5832,1.0974,-1.14115
3611,1.5832,1.0974,-1.14115
3612,1.70803,1.16433,-1.24968
3613,1.70803,1.16433,-1.24968
3614,1.73601,1.13777,-1.31119
3615,1.76334,1.13841,-1.34662
3616,1.76334,1.13841,-1.34662
3617,1.70445,1.09368,-1.3073
3618,1.70445,1.09368,-1.3073
3619,1.71467,1.12491,-1.29409
3620,1.77513,1.1799,-1.32624
3621,1.80528,1.18527,-1.36168
3622,1.78928,1.20574,-1.32201
3623,1.78928,1.20574,-1.32201
3624,1.78928,1.20574,-1.32201
3625,1.78928,1.20574,-1.32201
3626,1.78094,1.19411,-1.32131
3627,1.78094,1.19411,-1.32131
3628,1.84894,1.2008,-1.40594
3629,1.85714,1.17856,-1.43526
3630,1.93591,1.26009,-1.46968
3631,1.92849,1.24816,-1.47009
3632,1.95832,1.34897,-1.41961
3633,1.88402,1.26618,-1.3951
3634,1.91227,1.36306,-1.3412
3635,1.91227,1.36306,-1.3412
3636,1.9718,1.39542,-1.39313
3637,1.90869,1.27209,-1.42299
3638,1.91854,1.22007,-1.48062
3639,1.86691,1.1762,-1.4498
3640,1.86691,1.1762,-1.4498
3641,1.92758,1.21739,-1.4945
3642,1.92758,1.21739,-1.4945
3643,1.90759,1.2363,-1.45274
3644,1.80946,1.22292,-1.33364
3645,1.80946,1.22292,-1.33364
3646,1.783,1.20548,-1.31374
3647,1.79296,1.18111,-1.34896
3648,1.82271,1.18268,-1.38692
3649,1.82271,1.18268,-1.38692
3650,1.82271,1.18268,-1.38692
3651,1.88547,1.22398,-1.43418
3652,1.90025,1.18904,-1.48227
3653,1.82824,1.16766,-1.40678
3654,1.82824,1.16766,-1.40678
3655,1.82824,1.16766,-1.40678
3656,1.83985,1.11236,-1.4655
3657,1.83985,1.11236,-1.4655
3658,1.90067,1.10389,-1.54725
3659,1.89936,1.12258,-1.53212
3660,1.94849,1.24548,-1.49846
3661,1.94849,1.24548,-1.49846
3662,2.02275,1.26694,-1.57683
3663,2.07938,1.34646,-1.58457
3664,2.09463,1.36055,-1.5926
3665,2.09463,1.36055,-1.5926
3666,2.13932,1.45295,-1.57023
3667,1.99507,1.37404,-1.44649
3668,1.97569,1.40553,-1.38847
3669,2.00466,1.43432,-1.40049
3670,2.01234,1.41702,-1.42883
3671,2.04546,1.38002,-1.50979
3672,2.03344,1.28352,-1.57716
3673,2.03762,1.35257,-1.52396
3674,2.03762,1.35257,-1.52396
3675,2.03762,1.35257,-1.52396
3676,2.01951,1.36304,-1.49016
3677,2.06578,1.38106,-1.53627
3678,2.06578,1.38106,-1.53627
3679,2.06759,1.37434,-1.5447
3680,2.07087,1.45371,-1.47487
3681,2.07087,1.45371,-1.47487
3682,2.02188,1.43539,-1.42396
3683,2.02188,1.43539,-1.42396
3684,1.93236,1.35969,-1.37305
3685,1.93236,1.35969,-1.37305
3686,1.93236,1.35969,-1.37305
3687,1.89468,1.40247,-1.27393
3688,1.94846,1.54082,-1.19262
3689,2.00217,1.67047,-1.10373
3690,2.00139,1.67086,-1.10173
3691,1.89903,1.54755,-1.10064
3692,1.89903,1.54755,-1.10064
3693,1.87231,1.48669,-1.13812
3694,1.87231,1.48669,-1.13812
3695,1.86448,1.46799,-1.14947
3696,1.92986,1.48971,-1.22685
3697,1.86216,1.44615,-1.17315
3698,1.85141,1.45416,-1.14594
3699,1.85141,1.45416,-1.14594
3700,1.88446,1.53781,-1.08918
3701,1.87848,1.53468,-1.08325
3702,1.88563,1.54678,-1.07845
3703,1.86636,1.5752,-1.00101
3704,1.8571,1.52782,-1.05574
3705,1.93245,1.60596,-1.07483
3706,1.89369,1.5632,-1.06886
3707,1.86171,1.59554,-0.959263
3708,1.86171,1.59554,-0.959263
3709,1.81801,1.5286,-0.984148
3710,1.81801,1.5286,-0.984148
3711,1.84394,1.56086,-0.981748
3712,1.80108,1.50344,-0.991755
3713,1.7959,1.51701,-0.961221
3714,1.76327,1.52639,-0.882756
3715,1.87072,1.57302,-1.01253
3716,1.83634,1.53729,-1.00444
3717,1.866,1.5765,-0.998294
3718,1.866,1.5765,-0.998294
3719,1.86259,1.59209,-0.9667
3720,1.86438,1.62166,-0.919841
3721,1.94791,1.64286,-1.04659
3722,1.96071,1.66883,-1.02927
3723,1.96071,1.66883,-1.02927
3724,1.96071,1.66883,-1.02927
3725,1.96071,1.66883,-1.02927
3726,1.96071,1.66883,-1.02927
3727,1.94407,1.62139,-1.07262
3728,1.96792,1.65743,-1.06095
3729,1.96792,1.65743,-1.06095
3730,1.96792,1.65743,-1.06095
3731,1.96792,1.65743,-1.06095
3732,1.94686,1.65474,-1.02572
3733,1.94686,1.65474,-1.02572
3734,1.81607,1.52363,-0.988255
3735,1.78805,1.51873,-0.943703
3736,1.84201,1.55493,-0.987514
3737,1.85067,1.59521,-0.938247
3738,1.86562,1.61198,-0.939178
3739,1.89608,1.63344,-0.962798
3740,1.89608,1.63344,-0.962798
3741,1.89608,1.63344,-0.962798
3742,1.89608,1.63344,-0.962798
3743,1.89608,1.63344,-0.962798
3744,1.9024,1.64059,-0.963111
3745,1.92055,1.62976,-1.01606
3746,1.86453,1.59744,-0.961591
3747,1.82408,1.56548,-0.936231
3748,1.90198,1.68997,-0.872665
3749,1.87421,1.63521,-0.915837
3750,1.90208,1.6077,-1.01646
3751,1.97569,1.61417,-1.13922
3752,1.97944,1.58244,-1.18915
3753,1.99383,1.59464,-1.19686
3754,1.99383,1.59464,-1.19686
3755,1.8824,1.48423,-1.1578
3756,1.87585,1.47548,-1.15836
3757,1.78606,1.45171,-1.04045
3758,1.78606,1.45171,-1.04045
3759,1.82994,1.45247,-1.11311
3760,1.82994,1.45247,-1.11311
3761,1.83454,1.47813,-1.08659
3762,1.82457,1.50317,-1.03418
3763,1.82457,1.50317,-1.03418
3764,1.77394,1.51264,-0.926704
3765,1.74869,1.47392,-0.941007
3766,1.74869,1.47392,-0.941007
3767,1.79626,1.5111,-0.971141
3768,1.81189,1.54034,-0.954103
3769,1.84512,1.5426,-1.01235
3770,1.84512,1.5426,-1.01235
3771,1.88292,1.5224,-1.108
3772,1.88292,1.5224,-1.108
3773,1.88292,1.5224,-1.108
3774,1.88292,1.5224,-1.108
3775,1.86229,1.49287,-1.11331
3776,1.9875,1.66812,-1.08053
3777,1.96658,1.66718,-1.04306
3778,2.03603,1.76702,-1.01147
3779,2.03603,1.76702,-1.01147
3780,2.03603,1.76702,-1.01147
3781,2.07093,1.78057,-1.05751
3782,2.12509,1.8137,-1.10746
3783,2.12509,1.8137,-1.10746
3784,2.17625,1.88163,-1.0934
3785,2.07846,1.80852,-1.02433
3786,2.10911,1.8265,-1.05463
3787,2.10911,1.8265,-1.05463
3788,2.1238,1.87144,-1.0041
3789,2.1238,1.87144,-1.0041
3790,2.1238,1.87144,-1.0041
3791,2.1238,1.87144,-1.0041
3792,2.1238,1.87144,-1.0041
3793,2.04737,1.75747,-1.05024
3794,2.04737,1.75747,-1.05024
3795,2.09991,1.84061,-1.01082
3796,1.99378,1.74971,-0.955854
3797,1.83832,1.61202,-0.883623
3798,1.89753,1.65474,-0.92869
3799,1.89753,1.65474,-0.92869
3800,1.90444,1.58508,-1.05565
3801,1.90444,1.58508,-1.05565
3802,1.90444,1.58508,-1.05565
3803,1.90444,1.58508,-1.05565
3804,1.9099,1.60545,-1.03453
3805,1.89188,1.58398,-1.03452
3806,1.89188,1.58398,-1.03452
3807,1.89188,1.58398,-1.03452
3808,1.86194,1.55813,-1.01934
3809,1.80224,1.52021,-0.967994
3810,1.80224,1.52021,-0.967994
3811,1.80224,1.52021,-0.967994
3812,1.83474,1.54661,-0.987049
3813,1.83474,1.54661,-0.987049
3814,1.83474,1.54661,-0.987049
3815,1.79798,1.4942,-1.00005
3816,1.83003,1.48709,-1.06656
3817,1.84657,1.46794,-1.12026
3818,1.87208,1.48874,-1.13504
3819,1.78895,1.43731,-1.06513
3820,1.78895,1.43731,-1.06513
3821,1.83232,1.48926,-1.06748
3822,1.77637,1.44359,-1.03516
3823,1.77357,1.4737,-0.986789
3824,1.80467,1.53264,-0.952817
3825,1.80564,1.48901,-1.02136
3826,1.82725,1.46783,-1.08826
3827,1.8151,1.47072,-1.06375
3828,1.85713,1.47874,-1.1235
3829,1.97986,1.6324,-1.12031
3830,1.97986,1.6324,-1.12031
3831,1.96687,1.65159,-1.06809
3832,1.96319,1.63704,-1.08362
3833,1.96319,1.63704,-1.08362
3834,1.96319,1.63704,-1.08362
3835,1.96319,1.63704,-1.08362
3836,1.94672,1.6674,-1.00472
3837,1.86677,1.57346,-1.00453
3838,1.84258,1.53882,-1.01347
3839,1.84258,1.53882,-1.01347
3840,1.84258,1.53882,-1.01347
3841,1.82994,1.52524,-1.0111
3842,1.78592,1.54058,-0.903389
3843,1.82285,1.59743,-0.878082
3844,1.83358,1.54678,-0.98463
3845,1.825,1.50176,-1.03697
3846,1.74567,1.43223,-0.998039
3847,1.74567,1.43223,-0.998039
3848,1.77579,1.44176,-1.03671
3849,1.73558,1.41448,-1.00571
3850,1.69495,1.42108,-0.923789
3851,1.69495,1.42108,-0.923789
3852,1.72991,1.39673,-1.02065
3853,1.72991,1.39673,-1.02065
3854,1.72991,1.39673,-1.02065
3855,1.75589,1.36799,-1.1008
3856,1.7563,1.36465,-1.10558
3857,1.7563,1.36465,-1.10558
3858,1.83226,1.36143,-1.22625
3859,1.82371,1.39999,-1.16874
3860,1.86957,1.41882,-1.21748
3861,1.92517,1.49282,-1.21563
3862,1.92517,1.49282,-1.21563
3863,1.92517,1.49282,-1.21563
3864,1.92517,1.49282,-1.21563
3865,1.89611,1.47786,-1.18792
3866,1.9201,1.45563,-1.25218
3867,1.95752,1.43239,-1.33421
3868,1.85166,1.34105,-1.27681
3869,1.87661,1.28818,-1.36465
3870,1.89815,1.27612,-1.40517
3871,1.89165,1.29522,-1.37867
3872,1.86479,1.28093,-1.35523
3873,1.80043,1.28123,-1.26491
3874,1.80043,1.28123,-1.26491
3875,1.92199,1.3378,-1.37998
3876,1.82802,1.24791,-1.3358
3877,1.93385,1.35193,-1.38277
3878,1.92404,1.34911,-1.3718
3879,1.92174,1.33488,-1.38246
3880,1.92174,1.33488,-1.38246
3881,1.94282,1.41085,-1.33568
3882,1.97947,1.53579,-1.24887
3883,1.92569,1.45872,-1.25715
3884,1.8939,1.40176,-1.27355
3885,1.8939,1.40176,-1.27355
3886,1.96619,1.44325,-1.33526
3887,2.00675,1.38915,-1.44822
3888,1.90162,1.33353,-1.35567
3889,1.94479,1.3725,-1.37785
3890,1.88195,1.3369,-1.32455
3891,1.93201,1.37341,-1.35883
3892,1.93201,1.37341,-1.35883
3893,1.93201,1.37341,-1.35883
3894,1.93201,1.37341,-1.35883
3895,1.93201,1.37341,-1.35883
3896,1.82208,1.25212,-1.3237
3897,1.82208,1.25212,-1.3237
3898,1.82365,1.30659,-1.27222
3899,1.85472,1.2969,-1.32591
3900,1.91483,1.32739,-1.38008
3901,1.92185,1.36953,-1.3483
3902,1.8253,1.27262,-1.3085
3903,1.81778,1.18488,-1.37855
3904,1.79906,1.218,-1.32405
3905,1.79906,1.218,-1.32405
3906,1.79477,1.2402,-1.29735
3907,1.8475,1.22882,-1.37959
3908,1.83901,1.22124,-1.37496
3909,1.83901,1.22124,-1.37496
3910,1.89396,1.22698,-1.44278
3911,1.91824,1.23896,-1.46445
3912,1.88809,1.20233,-1.45579
3913,1.88809,1.20233,-1.45579
3914,1.88809,1.20233,-1.45579
3915,1.88809,1.20233,-1.45579
3916,1.88809,1.20233,-1.45579
3917,1.90628,1.19745,-1.48325
3918,1.93256,1.26582,-1.46031
3919,1.83477,1.19814,-1.38955
3920,1.83477,1.19814,-1.38955
3921,1.80212,1.24172,-1.30605
3922,1.80212,1.24172,-1.30605
3923,1.79044,1.25638,-1.27562
3924,1.79044,1.25638,-1.27562
3925,1.79044,1.25638,-1.27562
3926,1.72163,1.22708,-1.20758
3927,1.77187,1.25673,-1.24907
3928,1.73498,1.18357,-1.26858
3929,1.73498,1.18357,-1.26858
3930,1.73498,1.18357,-1.26858
3931,1.7556,1.2002,-1.28127
3932,1.7424,1.20976,-1.25397
3933,1.7424,1.20976,-1.25397
3934,1.77208,1.20902,-1.29558
3935,1.77208,1.20902,-1.29558
3936,1.83007,1.2908,-1.29729
3937,1.83007,1.2908,-1.29729
3938,1.76445,1.21663,-1.27792
3939,1.76445,1.21663,-1.27792
3940,1.84355,1.16525,-1.42859
3941,1.81212,1.04693,-1.47909
3942,1.81212,1.04693,-1.47909
3943,1.78195,1.00188,-1.47363
3944,1.84428,1.04732,-1.51805
3945,1.87298,1.03329,-1.56217
3946,1.92298,1.11324,-1.56797
3947,1.90313,1.08218,-1.5655
3948,1.87458,0.970159,-1.60401
3949,1.88943,0.897886,-1.66245
3950,1.88943,0.897886,-1.66245
3951,1.86694,0.913853,-1.62799
3952,1.86694,0.913853,-1.62799
3953,1.93802,0.984215,-1.6695
3954,1.92466,0.999154,-1.645
3955,1.92466,0.999154,-1.645
3956,1.95621,0.941136,-1.71494
3957,1.99314,0.990987,-1.72932
3958,1.99314,0.990987,-1.72932
3959,2.00656,1.01243,-1.73242
3960,2.01207,1.01565,-1.73692
3961,2.03178,0.976408,-1.78178
3962,2.03178,0.976408,-1.78178
3963,2.06963,1.03453,-1.79251
3964,2.06963,1.03453,-1.79251
3965,2.06963,1.03453,-1.79251
3966,1.92154,1.01469,-1.63178
3967,1.92154,1.01469,-1.63178
3968,1.92154,1.01469,-1.63178
3969,1.91775,1.04807,-1.60603
3970,1.91775,1.04807,-1.60603
3971,1.91775,1.04807,-1.60603
3972,1.89086,0.968037,-1.62428
3973,1.84506,0.940397,-1.58742
3974,1.82921,0.858494,-1.61524
3975,1.82921,0.858494,-1.61524
3976,1.80502,0.856589,-1.58882
3977,1.80502,0.856589,-1.58882
3978,1.80502,0.856589,-1.58882
3979,1.87965,0.931486,-1.63261
3980,1.90161,0.954812,-1.64452
3981,1.8481,0.960623,-1.57882
3982,1.84865,0.927494,-1.59914
3983,1.87914,0.930024,-1.63286
3984,1.9313,0.93252,-1.69124
3985,1.82605,0.940137,-1.56544
3986,1.80636,0.931133,-1.54787
3987,1.85836,0.914597,-1.61772
3988,1.84259,0.96573,-1.56924
3989,1.84259,0.96573,-1.56924
3990,1.84259,0.96573,-1.56924
3991,1.89435,1.03907,-1.58395
3992,1.87962,1.17488,-1.46719
3993,1.92969,1.16009,-1.54204
3994,1.92969,1.16009,-1.54204
3995,1.81968,1.01878,-1.50775
3996,1.86119,1.11022,-1.4938
3997,1.86119,1.11022,-1.4938
3998,1.81294,1.08242,-1.45435
3999,1.78559,1.00702,-1.47452
4000,1.78559,1.00702,-1.47452
4001,1.78559,1.00702,-1.47452
4002,1.78559,1.00702,-1.47452
4003,1.79441,1.00994,-1.48322
4004,1.8643,1.02063,-1.56011
4005,1.8559,1.04792,-1.53175
4006,1.86261,1.00039,-1.57115
4007,1.84997,0.97527,-1.57202
4008,1.84997,0.97527,-1.57202
4009,1.84997,0.97527,-1.57202
4010,1.84997,0.97527,-1.57202
4011,1.85349,0.998751,-1.56139
4012,1.80446,1.06665,-1.45546
4013,1.80446,1.06665,-1.45546
4014,1.80446,1.06665,-1.45546
4015,1.80446,1.06665,-1.45546
4016,1.7865,0.962281,-1.50519
4017,1.7865,0.962281,-1.50519
4018,1.7453,0.943183,-1.46849
4019,1.7453,0.943183,-1.46849
4020,1.7453,0.943183,-1.46849
4021,1.80593,0.984637,-1.5139
4022,1.73302,0.98523,-1.42572
4023,1.73723,1.05378,-1.38113
4024,1.76576,1.11765,-1.36703
4025,1.78636,1.12232,-1.38978
4026,1.78636,1.12232,-1.38978
4027,1.71708,1.12426,-1.29784
4028,1.7446,1.16866,-1.29532
4029,1.74914,1.22968,-1.24393
4030,1.73774,1.18645,-1.26968
4031,1.72202,1.18415,-1.25026
4032,1.74078,1.22877,-1.23307
4033,1.74078,1.22877,-1.23307
4034,1.75118,1.27745,-1.19781
4035,1.75118,1.27745,-1.19781
4036,1.74619,1.26775,-1.20083
4037,1.79829,1.33136,-1.20886
4038,1.80748,1.26888,-1.28722
4039,1.80748,1.26888,-1.28722
4040,1.80748,1.26888,-1.28722
4041,1.88379,1.39287,-1.2683
4042,1.80629,1.35054,-1.19948
4043,1.78295,1.34894,-1.16588
4044,1.85915,1.45174,-1.16142
4045,1.85915,1.45174,-1.16142
4046,1.85915,1.45174,-1.16142
4047,1.85915,1.45174,-1.16142
4048,1.91641,1.53867,-1.14242
4049,1.86943,1.46458,-1.16179
4050,1.88476,1.42188,-1.23716
4051,1.96953,1.50275,-1.27309
4052,2.02107,1.56175,-1.28284
4053,1.905,1.47273,-1.20834
4054,1.88901,1.42441,-1.24073
4055,1.88901,1.42441,-1.24073
4056,1.82662,1.41058,-1.16052
4057,1.82662,1.41058,-1.16052
4058,1.8227,1.40349,-1.16295
4059,1.79855,1.40778,-1.11935
4060,1.83044,1.33726,-1.2499
4061,1.80106,1.33314,-1.21102
4062,1.81208,1.34606,-1.21316
4063,1.85317,1.4254,-1.18426
4064,1.89067,1.5036,-1.14622
4065,1.90531,1.56517,-1.08649
4066,1.90531,1.56517,-1.08649
4067,1.84745,1.54811,-1.00817
4068,1.84256,1.53632,-1.01723
4069,1.84256,1.53632,-1.01723
4070,1.8161,1.53931,-0.963725
4071,1.86904,1.60898,-0.95106
4072,1.86904,1.60898,-0.95106
4073,1.85287,1.63213,-0.877094
4074,1.85287,1.63213,-0.877094
4075,1.87087,1.64359,-0.893718
4076,1.87087,1.64359,-0.893718
4077,1.86945,1.64303,-0.891785
4078,1.86945,1.64303,-0.891785
4079,1.86945,1.64303,-0.891785
4080,1.93222,1.63871,-1.02377
4081,1.93222,1.63871,-1.02377
4082,1.99536,1.72013,-1.01125
4083,1.95288,1.67304,-1.00731
4084,1.90984,1.63723,-0.983334
4085,1.90984,1.63723,-0.983334
4086,1.96536,1.67904,-1.0215
4087,1.96536,1.67904,-1.0215
4088,1.97396,1.69611,-1.00982
4089,1.99684,1.65946,-1.11066
4090,1.99684,1.65946,-1.11066
4091,1.99684,1.65946,-1.11066
4092,1.99684,1.65946,-1.11066
4093,1.99684,1.65946,-1.11066
4094,1.91653,1.59777,-1.05839
4095,1.91653,1.59777,-1.05839
4096,1.91653,1.59777,-1.05839
4097,1.93493,1.56537,-1.13734
4098,1.97202,1.62969,-1.11041
4099,1.95489,1.59991,-1.12334
4100,2.01721,1.63745,-1.17809
4101,1.94362,1.57257,-1.14223
4102,1.94362,1.57257,-1.14223
4103,2.00575,1.64862,-1.14241
4104,2.00575,1.64862,-1.14241
4105,2.05731,1.68963,-1.17373
4106,2.05399,1.71337,-1.13279
4107,1.99982,1.622,-1.16979
4108,1.99982,1.622,-1.16979
4109,1.9785,1.56156,-1.2149
4110,1.9785,1.56156,-1.2149
4111,1.96322,1.57626,-1.17032
4112,1.92181,1.6048,-1.05734
4113,1.92181,1.6048,-1.05734
4114,1.95477,1.58277,-1.14716
4115,1.96318,1.61092,-1.12205
4116,1.96318,1.61092,-1.12205
4117,2.02354,1.61463,-1.21972
4118,2.01835,1.55811,-1.28298
4119,2.02334,1.57362,-1.27185
4120,2.01828,1.55146,-1.2909
4121,2.0078,1.5728,-1.24803
4122,1.98214,1.5026,-1.2927
4123,1.99595,1.45351,-1.3679
4124,1.93874,1.41013,-1.33051
4125,1.8671,1.41411,-1.21915
4126,1.86237,1.43712,-1.18452
4127,1.92852,1.47705,-1.23997
4128,1.97409,1.48655,-1.29892
4129,1.88549,1.38606,-1.27825
4130,1.84474,1.39801,-1.20359
4131,1.84474,1.39801,-1.20359
4132,1.81217,1.3117,-1.25036
4133,1.77735,1.31303,-1.19788
4134,1.77735,1.31303,-1.19788
4135,1.81133,1.33505,-1.22415
4136,1.83853,1.29214,-1.30789
4137,1.90516,1.38971,-1.3032
4138,1.95086,1.41781,-1.34002
4139,1.92159,1.4058,-1.31006
4140,1.89987,1.3598,-1.32682
4141,1.81844,1.24186,-1.32835
4142,1.75625,1.24589,-1.23782
4143,1.74392,1.20061,-1.26483
4144,1.74392,1.20061,-1.26483
4145,1.70257,1.14632,-1.25884
4146,1.70257,1.14632,-1.25884
4147,1.70257,1.14632,-1.25884
4148,1.7245,1.09881,-1.32911
4149,1.7245,1.09881,-1.32911
4150,1.65592,0.969796,-1.34222
4151,1.60584,0.911051,-1.32238
4152,1.60638,0.901618,-1.32949
4153,1.59718,0.886574,-1.32852
4154,1.59718,0.886574,-1.32852
4155,1.59718,0.886574,-1.32852
4156,1.59718,0.886574,-1.32852
4157,1.59764,0.832475,-1.36361
4158,1.61974,0.837283,-1.38655
4159,1.67502,0.932435,-1.3915
4160,1.63331,0.845521,-1.39743
4161,1.63331,0.845521,-1.39743
4162,1.63331,0.845521,-1.39743
4163,1.63331,0.845521,-1.39743
4164,1.6667,0.902304,-1.40134
4165,1.6667,0.902304,-1.40134
4166,1.69584,0.873405,-1.45363
4167,1.65164,0.810488,-1.43911
4168,1.65164,0.810488,-1.43911
4169,1.65164,0.810488,-1.43911
4170,1.6512,0.775907,-1.45754
4171,1.62094,0.769884,-1.42644
4172,1.62094,0.769884,-1.42644
4173,1.62094,0.769884,-1.42644
4174,1.67805,0.744677,-1.50376
4175,1.70217,0.784979,-1.51036
4176,1.70217,0.784979,-1.51036
4177,1.75075,0.937355,-1.47868
4178,1.74113,0.914929,-1.48136
4179,1.74113,0.914929,-1.48136
4180,1.76215,0.933049,-1.49486
4181,1.7314,0.820537,-1.52462
4182,1.7314,0.820537,-1.52462
4183,1.7314,0.820537,-1.52462
4184,1.73996,0.783344,-1.55365
4185,1.72494,0.642873,-1.60066
4186,1.72494,0.642873,-1.60066
4187,1.72494,0.642873,-1.60066
4188,1.75755,0.690282,-1.61632
4189,1.75755,0.690282,-1.61632
4190,1.73894,0.67949,-1.60069
4191,1.75761,0.730035,-1.59883
4192,1.75761,0.730035,-1.59883
4193,1.75761,0.730035,-1.59883
4194,1.75761,0.730035,-1.59883
4195,1.72788,0.740601,-1.56112
4196,1.74365,0.746895,-1.57558
4197,1.74365,0.746895,-1.57558
4198,1.70405,0.726352,-1.54149
4199,1.70405,0.726352,-1.54149
4200,1.76553,0.751126,-1.59778
4201,1.83594,0.794227,-1.65526
4202,1.83594,0.794227,-1.65526
4203,1.78404,0.78948,-1.59986
4204,1.72552,0.815328,-1.52075
4205,1.72552,0.815328,-1.52075
4206,1.84034,0.91403,-1.59731
4207,1.91089,0.852477,-1.7102
4208,1.91089,0.852477,-1.7102
4209,1.91089,0.852477,-1.7102
4210,1.95285,0.867055,-1.74981
4211,1.90094,0.837582,-1.70647
4212,1.90698,0.931834,-1.66381
4213,1.93291,1.019,-1.6425
4214,1.93291,1.019,-1.6425
4215,1.90657,1.0156,-1.61356
4216,1.99546,1.03874,-1.70378
4217,2.03021,1.06146,-1.73063
4218,1.97736,0.963357,-1.72681
4219,1.97736,0.963357,-1.72681
4220,1.96724,1.02336,-1.68011
4221,1.96724,1.02336,-1.68011
4222,1.96661,1.01891,-1.68207
4223,1.90301,1.0057,-1.61556
4224,1.90301,1.0057,-1.61556
4225,1.90301,1.0057,-1.61556
4226,1.90301,1.0057,-1.61556
4227,1.90301,1.0057,-1.61556
4228,1.96484,1.01741,-1.68092
4229,1.81449,0.980363,-1.52685
4230,1.81449,0.980363,-1.52685
4231,1.86066,1.03275,-1.54773
4232,1.81706,1.00465,-1.51406
4233,1.81706,1.00465,-1.51406
4234,1.81706,1.00465,-1.51406
4235,1.78149,0.98336,-1.4855
4236,1.78149,0.98336,-1.4855
4237,1.78149,0.98336,-1.4855
4238,1.78149,0.98336,-1.4855
4239,1.78149,0.98336,-1.4855
4240,1.72877,0.970504,-1.43065
4241,1.71837,0.956116,-1.42781
4242,1.65372,0.829329,-1.43074
4243,1.65372,0.829329,-1.43074
4244,1.66275,0.801254,-1.45696
4245,1.66275,0.801254,-1.45696
4246,1.66275,0.801254,-1.45696
4247,1.60504,0.773378,-1.40643
4248,1.65153,0.791047,-1.44976
4249,1.65153,0.791047,-1.44976
4250,1.65153,0.791047,-1.44976
4251,1.66633,0.74438,-1.49082
4252,1.66633,0.74438,-1.49082
4253,1.6777,0.739969,-1.50569
4254,1.6777,0.739969,-1.50569
4255,1.7303,0.755965,-1.55642
4256,1.74716,0.759557,-1.57342
4257,1.74929,0.842015,-1.53331
4258,1.83152,0.852945,-1.62079
4259,1.83152,0.852945,-1.62079
4260,1.7081,0.780268,-1.51947
4261,1.74012,0.836683,-1.52578
4262,1.75902,0.795901,-1.56866
4263,1.85628,0.892256,-1.62778
4264,1.76239,0.881108,-1.52632
4265,1.76239,0.881108,-1.52632
4266,1.73267,0.869571,-1.49867
4267,1.73529,0.914046,-1.47504
4268,1.72588,0.925526,-1.45673
4269,1.69201,0.85315,-1.46117
4270,1.65932,0.789347,-1.45955
4271,1.66736,0.751396,-1.48845
4272,1.62722,0.699151,-1.46936
4273,1.62722,0.699151,-1.46936
4274,1.62722,0.699151,-1.46936
4275,1.58888,0.663344,-1.44379
4276,1.61733,0.655873,-1.47837
4277,1.67164,0.720228,-1.50852
4278,1.59682,0.670272,-1.44934
4279,1.63526,0.703907,-1.476
4280,1.57608,0.659345,-1.43154
4281,1.59395,0.729207,-1.41737
4282,1.60856,0.702353,-1.44712
4283,1.5697,0.65777,-1.42524
4284,1.61694,0.683141,-1.46555
4285,1.5875,0.691147,-1.42915
4286,1.57318,0.752191,-1.3817
4287,1.61327,0.767587,-1.41896
4288,1.63252,0.740167,-1.45508
4289,1.66492,0.745645,-1.48861
4290,1.63366,0.740007,-1.45645
4291,1.63366,0.740007,-1.45645
4292,1.69485,0.744256,-1.5227
4293,1.68988,0.775458,-1.50145
4294,1.69311,0.751469,-1.51721
4295,1.69311,0.751469,-1.51721
4296,1.69311,0.751469,-1.51721
4297,1.76582,0.870048,-1.5366
4298,1.73818,0.85023,-1.51604
4299,1.6839,0.871681,-1.44073
4300,1.70475,0.859142,-1.47243
4301,1.70475,0.859142,-1.47243
4302,1.70475,0.859142,-1.47243
4303,1.70475,0.859142,-1.47243
4304,1.7453,0.850141,-1.52425
4305,1.73307,0.822455,-1.52548
4306,1.72246,0.887852,-1.47601
4307,1.6698,0.97772,-1.35363
4308,1.6698,0.97772,-1.35363
4309,1.7302,0.982115,-1.42444
4310,1.68483,1.01017,-1.34841
4311,1.68483,1.01017,-1.34841
4312,1.61778,0.933795,-1.32108
4313,1.63721,0.962466,-1.32443
4314,1.64422,0.946738,-1.3443
4315,1.64422,0.946738,-1.3443
4316,1.73768,1.05212,-1.38295
4317,1.7239,0.9907,-1.4108
4318,1.68531,0.89299,-1.42928
4319,1.64718,0.866506,-1.40085
4320,1.72433,0.880806,-1.4824
4321,1.73367,0.942429,-1.45514
4322,1.84187,1.0864,-1.48736
4323,1.84187,1.0864,-1.48736
4324,1.77627,1.10633,-1.38967
4325,1.80234,1.13669,-1.39869
4326,1.76528,1.13716,-1.35021
4327,1.76528,1.13716,-1.35021
4328,1.7392,1.17524,-1.28203
4329,1.7392,1.17524,-1.28203
4330,1.7392,1.17524,-1.28203
4331,1.70494,1.16471,-1.24509
4332,1.70494,1.16471,-1.24509
4333,1.76124,1.2472,-1.24356
4334,1.76124,1.2472,-1.24356
4335,1.76124,1.2472,-1.24356
4336,1.78322,1.19675,-1.32199
4337,1.78322,1.19675,-1.32199
4338,1.83181,1.19624,-1.38728
4339,1.76882,1.12309,-1.36653
4340,1.76882,1.12309,-1.36653
4341,1.76882,1.12309,-1.36653
4342,1.72006,1.13783,-1.28995
4343,1.74374,1.11128,-1.34376
4344,1.74374,1.11128,-1.34376
4345,1.73186,1.13365,-1.30926
4346,1.73076,1.10545,-1.33173
4347,1.83876,1.22802,-1.36857
4348,1.78223,1.18935,-1.32732
4349,1.79252,1.21519,-1.31775
4350,1.77057,1.14768,-1.34824
4351,1.77106,1.27505,-1.22919
4352,1.79115,1.29109,-1.24149
4353,1.80366,1.34908,-1.19714
4354,1.80366,1.34908,-1.19714
4355,1.76503,1.3212,-1.17037
4356,1.80156,1.40238,-1.13089
4357,1.80156,1.40238,-1.13089
4358,1.77905,1.47958,-0.987849
4359,1.77905,1.47958,-0.987849
4360,1.77905,1.47958,-0.987849
4361,1.77905,1.47958,-0.987849
4362,1.82344,1.53251,-0.988093
4363,1.87094,1.54024,-1.06211
4364,1.87094,1.54024,-1.06211
4365,1.87094,1.54024,-1.06211
4366,1.87094,1.54024,-1.06211
4367,1.87094,1.54024,-1.06211
4368,1.87094,1.54024,-1.06211
4369,1.90266,1.54834,-1.10578
4370,1.8964,1.54721,-1.09658
4371,1.94096,1.57479,-1.13462
4372,1.93103,1.64435,-1.01242
4373,1.92176,1.61345,-1.04399
4374,1.91826,1.62712,-1.01596
4375,1.89086,1.63187,-0.955163
4376,1.87674,1.61127,-0.962279
4377,1.95291,1.70939,-0.944373
4378,1.93731,1.70537,-0.91917
4379,1.93731,1.70537,-0.91917
4380,1.89947,1.66497,-0.914249
4381,1.81376,1.61953,-0.816594
4382,1.78004,1.62343,-0.730094
4383,1.75835,1.60227,-0.724229
4384,1.79995,1.64169,-0.738016
4385,1.79995,1.64169,-0.738016
4386,1.79995,1.64169,-0.738016
4387,1.76832,1.63103,-0.683151
4388,1.74288,1.60993,-0.66766
4389,1.74288,1.60993,-0.66766
4390,1.83663,1.67032,-0.763696
4391,1.83663,1.67032,-0.763696
4392,1.82991,1.61961,-0.851728
4393,1.85718,1.65824,-0.836286
4394,1.76525,1.56034,-0.825505
4395,1.8056,1.60145,-0.833987
4396,1.8056,1.60145,-0.833987
4397,1.83167,1.63111,-0.833373
4398,1.77546,1.58963,-0.790787
4399,1.77546,1.58963,-0.790787
4400,1.77546,1.58963,-0.790787
4401,1.77546,1.58963,-0.790787
4402,1.78571,1.58278,-0.826769
4403,1.78571,1.58278,-0.826769
4404,1.78571,1.58278,-0.826769
4405,1.77106,1.58133,-0.797532
4406,1.77106,1.58133,-0.797532
4407,1.77106,1.58133,-0.797532
4408,1.83121,1.6958,-0.69109
4409,1.78811,1.66003,-0.664558
4410,1.81863,1.6946,-0.660101
4411,1.81337,1.69783,-0.636919
4412,1.81337,1.69783,-0.636919
4413,1.81337,1.69783,-0.636919
4414,1.81091,1.71105,-0.593045
4415,1.81091,1.71105,-0.593045
4416,1.81091,1.71105,-0.593045
4417,1.76586,1.66729,-0.581728
4418,1.76561,1.65807,-0.606786
4419,1.70139,1.56772,-0.66106
4420,1.72272,1.60886,-0.615912
4421,1.72272,1.60886,-0.615912
4422,1.73088,1.64995,-0.523098
4423,1.73088,1.64995,-0.523098
4424,1.73088,1.64995,-0.523098
4425,1.698,1.65652,-0.373031
4426,1.698,1.65652,-0.373031
4427,1.67415,1.64658,-0.302566
4428,1.67415,1.64658,-0.302566
4429,1.69823,1.65966,-0.359873
4430,1.72321,1.67778,-0.393059
4431,1.73951,1.69404,-0.395141
4432,1.7242,1.66324,-0.454416
4433,1.775,1.73893,-0.356008
4434,1.829,1.79434,-0.35435
4435,1.83781,1.80575,-0.341815
4436,1.83781,1.80575,-0.341815
4437,1.82945,1.80734,-0.283535
4438,1.86112,1.83362,-0.318722
4439,1.84368,1.81178,-0.341487
4440,1.88152,1.83441,-0.418422
4441,1.78596,1.74865,-0.363113
4442,1.77589,1.74591,-0.324945
4443,1.73144,1.69495,-0.353575
4444,1.76164,1.73998,-0.275369
4445,1.76164,1.73998,-0.275369
4446,1.75463,1.74011,-0.225251
4447,1.80316,1.78629,-0.246066
4448,1.74022,1.72538,-0.226747
4449,1.7476,1.72943,-0.251375
4450,1.79256,1.77927,-0.217849
4451,1.79925,1.78308,-0.240697
4452,1.78876,1.7678,-0.272996
4453,1.76665,1.74187,-0.294823
4454,1.74359,1.71578,-0.310126
4455,1.75173,1.72425,-0.309077
4456,1.75173,1.72425,-0.309077
4457,1.86337,1.79323,-0.506431
4458,1.86337,1.79323,-0.506431
4459,1.84638,1.78259,-0.481151
4460,1.77184,1.69982,-0.50001
4461,1.81519,1.74801,-0.489277
4462,1.81519,1.74801,-0.489277
4463,1.81519,1.74801,-0.489277
4464,1.78942,1.73777,-0.426829
4465,1.84638,1.78269,-0.480777
4466,1.84036,1.77377,-0.490585
4467,1.84036,1.77377,-0.490585
4468,1.88927,1.80714,-0.550992
4469,1.86495,1.75019,-0.644122
4470,1.86495,1.75019,-0.644122
4471,1.86053,1.7562,-0.614268
4472,1.86053,1.7562,-0.614268
4473,1.86053,1.7562,-0.614268
4474,1.93119,1.84366,-0.574828
4475,1.93119,1.84366,-0.574828
4476,1.94842,1.88549,-0.491193
4477,1.87729,1.82031,-0.459025
4478,1.77499,1.72405,-0.422188
4479,1.84227,1.79205,-0.427221
4480,1.86079,1.78268,-0.533475
4481,1.86079,1.78268,-0.533475
4482,1.87396,1.81539,-0.464866
4483,1.84521,1.75894,-0.557619
4484,1.84521,1.75894,-0.557619
4485,1.88682,1.80835,-0.538502
4486,1.85604,1.75373,-0.607694
4487,1.90372,1.82879,-0.528829
4488,1.86782,1.8088,-0.465797
4489,1.92077,1.88071,-0.390269
4490,1.86998,1.82383,-0.412892
4491,1.86998,1.82383,-0.412892
4492,1.89085,1.83549,-0.454185
4493,1.91469,1.83884,-0.533573
4494,1.8885,1.81431,-0.524114
4495,1.8885,1.81431,-0.524114
4496,1.8885,1.81431,-0.524114
4497,1.85215,1.76146,-0.572472
4498,1.83219,1.72318,-0.62255
4499,1.9091,1.81634,-0.587866
4500,1.9091,1.81634,-0.587866
4501,1.89771,1.82633,-0.515568
4502,1.8478,1.7761,-0.509744
4503,1.87106,1.78008,-0.576351
4504,1.84495,1.72573,-0.652455
4505,1.87758,1.74219,-0.700044
4506,1.87784,1.71875,-0.756426
4507,1.86526,1.73897,-0.674685
4508,1.88324,1.78451,-0.601751
4509,1.90329,1.80721,-0.597081
4510,1.90329,1.80721,-0.597081
4511,1.89068,1.77077,-0.662606
4512,1.89068,1.77077,-0.662606
4513,1.89068,1.77077,-0.662606
4514,1.90331,1.77184,-0.695103
4515,1.95615,1.77726,-0.817234
4516,1.8758,1.68643,-0.821338
4517,1.8758,1.68643,-0.821338
4518,1.85048,1.64666,-0.84428
4519,1.77678,1.60888,-0.753957
4520,1.78745,1.62947,-0.734723
4521,1.79291,1.63088,-0.744811
4522,1.75464,1.61046,-0.696554
4523,1.80567,1.66165,-0.706658
4524,1.80986,1.6557,-0.730938
4525,1.8384,1.6915,-0.720113
4526,1.79347,1.64966,-0.703667
4527,1.79347,1.64966,-0.703667
4528,1.78043,1.64884,-0.671766
4529,1.75387,1.58802,-0.744475
4530,1.77464,1.5975,-0.772872
4531,1.77464,1.5975,-0.772872
4532,1.80984,1.61152,-0.823738
4533,1.80984,1.61152,-0.823738
4534,1.80984,1.61152,-0.823738
4535,1.86382,1.68745,-0.791408
4536,1.87973,1.72692,-0.742375
4537,1.89326,1.72517,-0.779903
4538,1.89048,1.7203,-0.7839
4539,1.87413,1.73078,-0.71887
4540,1.87413,1.73078,-0.71887
4541,1.87413,1.73078,-0.71887
4542,1.7795,1.62898,-0.716276
4543,1.7795,1.62898,-0.716276
4544,1.79198,1.62352,-0.758534
4545,1.78136,1.63622,-0.70429
4546,1.84129,1.69793,-0.712309
4547,1.81455,1.62859,-0.800177
4548,1.85845,1.65376,-0.847886
4549,1.96802,1.74902,-0.902246
4550,1.9382,1.71875,-0.895833
4551,1.99559,1.78667,-0.888929
4552,1.91817,1.69968,-0.889075
4553,1.91817,1.69968,-0.889075
4554,1.87747,1.68749,-0.82295
4555,1.87747,1.68749,-0.82295
4556,1.79368,1.61366,-0.783189
4557,1.83126,1.65229,-0.789608
4558,1.76153,1.58042,-0.777991
4559,1.76153,1.58042,-0.777991
4560,1.77299,1.61709,-0.726994
4561,1.7499,1.55847,-0.795833
4562,1.7499,1.55847,-0.795833
4563,1.74913,1.5199,-0.865668
4564,1.74913,1.5199,-0.865668
4565,1.73073,1.4805,-0.896392
4566,1.70828,1.46198,-0.883645
4567,1.70828,1.46198,-0.883645
4568,1.63245,1.42777,-0.791445
4569,1.63245,1.42777,-0.791445
4570,1.63245,1.42777,-0.791445
4571,1.63245,1.42777,-0.791445
4572,1.63245,1.42777,-0.791445
4573,1.67457,1.45364,-0.831346
4574,1.74756,1.50379,-0.890274
4575,1.74756,1.50379,-0.890274
4576,1.73605,1.4819,-0.904354
4577,1.73605,1.4819,-0.904354
4578,1.73605,1.4819,-0.904354
4579,1.78735,1.53452,-0.916449
4580,1.78735,1.53452,-0.916449
4581,1.78735,1.53452,-0.916449
4582,1.78735,1.53452,-0.916449
4583,1.80091,1.51093,-0.97998
4584,1.71598,1.46862,-0.887541
4585,1.7291,1.46133,-0.924292
4586,1.68504,1.45304,-0.85326
4587,1.73492,1.50626,-0.860894
4588,1.75016,1.5448,-0.822592
4589,1.71372,1.51338,-0.804048
4590,1.71372,1.51338,-0.804048
4591,1.71372,1.51338,-0.804048
4592,1.71372,1.51338,-0.804048
4593,1.71372,1.51338,-0.804048
4594,1.81161,1.62287,-0.805115
4595,1.76597,1.60573,-0.735028
4596,1.89857,1.72649,-0.789811
4597,1.93685,1.73578,-0.85932
4598,1.93668,1.72793,-0.87463
4599,1.94317,1.74096,-0.863108
4600,1.94317,1.74096,-0.863108
4601,1.94317,1.74096,-0.863108
4602,1.94317,1.74096,-0.863108
4603,1.95408,1.73451,-0.899937
4604,1.88711,1.65776,-0.901672
4605,1.8529,1.5822,-0.964302
4606,1.86259,1.57272,-0.997899
4607,1.81896,1.59662,-0.871462
4608,1.78818,1.51564,-0.948894
4609,1.79377,1.49073,-0.997652
4610,1.82093,1.52575,-0.993925
4611,1.82093,1.52575,-0.993925
4612,1.85427,1.53818,-1.03553
4613,1.86047,1.56206,-1.0106
4614,1.87657,1.49973,-1.12796
4615,1.86264,1.44011,-1.18131
4616,1.77843,1.4251,-1.06391
4617,1.77843,1.4251,-1.06391
4618,1.77677,1.36896,-1.13263
4619,1.76811,1.39623,-1.08478
4620,1.72595,1.3973,-1.01314
4621,1.65372,1.32585,-0.988391
4622,1.65372,1.32585,-0.988391
4623,1.66978,1.37217,-0.951489
4624,1.66978,1.37217,-0.951489
4625,1.64825,1.36084,-0.92997
4626,1.59687,1.31449,-0.906703
4627,1.56285,1.30395,-0.861521
4628,1.51831,1.30048,-0.783602
4629,1.60598,1.37824,-0.824386
4630,1.60598,1.37824,-0.824386
4631,1.60616,1.38303,-0.816678
4632,1.60616,1.38303,-0.816678
4633,1.59175,1.29631,-0.923712
4634,1.59175,1.29631,-0.923712
4635,1.59216,1.32197,-0.887344
4636,1.63977,1.35523,-0.923151
4637,1.63977,1.35523,-0.923151
4638,1.61099,1.33743,-0.898088
4639,1.6099,1.30401,-0.944108
4640,1.6099,1.30401,-0.944108
4641,1.65185,1.30499,-1.01272
4642,1.65185,1.30499,-1.01272
4643,1.65185,1.30499,-1.01272
4644,1.67832,1.30436,-1.05612
4645,1.67832,1.30436,-1.05612
4646,1.67831,1.33706,-1.0144
4647,1.66612,1.3154,-1.02258
4648,1.61024,1.27845,-0.978985
4649,1.70548,1.42755,-0.933151
4650,1.73642,1.45468,-0.948189
4651,1.73642,1.45468,-0.948189
4652,1.70453,1.43573,-0.918765
4653,1.77434,1.51051,-0.93093
4654,1.77434,1.51051,-0.93093
4655,1.72759,1.45194,-0.936197
4656,1.72934,1.49569,-0.868058
4657,1.69182,1.49543,-0.791161
4658,1.70068,1.50301,-0.795774
4659,1.79416,1.56706,-0.873676
4660,1.82896,1.56216,-0.951198
4661,1.82896,1.56216,-0.951198
4662,1.82896,1.56216,-0.951198
4663,1.88004,1.58688,-1.00815
4664,1.82831,1.51931,-1.01705
4665,1.8456,1.48875,-1.0908
4666,1.8456,1.48875,-1.0908
4667,1.8456,1.48875,-1.0908
4668,1.8456,1.48875,-1.0908
4669,1.93693,1.61872,-1.0637
4670,1.93693,1.61872,-1.0637
4671,1.95791,1.63324,-1.07979
4672,1.96453,1.67778,-1.02198
4673,1.93637,1.63405,-1.03894
4674,1.93637,1.63405,-1.03894
4675,1.93637,1.63405,-1.03894
4676,1.8843,1.5599,-1.05703
4677,1.91785,1.56666,-1.10621
4678,1.94064,1.62076,-1.06735
4679,1.97233,1.58453,-1.17446
4680,1.97233,1.58453,-1.17446
4681,1.97233,1.58453,-1.17446
4682,1.97233,1.58453,-1.17446
4683,1.93575,1.57402,-1.12676
4684,1.92377,1.58193,-1.0947
4685,2.02776,1.66136,-1.16264
4686,2.01366,1.68711,-1.0993
4687,1.96137,1.6481,-1.06336
4688,1.96137,1.6481,-1.06336
4689,2.04665,1.6184,-1.25283
4690,2.00933,1.62716,-1.17889
4691,2.00933,1.62716,-1.17889
4692,1.92048,1.56833,-1.10841
4693,2.01481,1.56709,-1.26637
4694,1.93203,1.49797,-1.22018
4695,1.91151,1.4943,-1.19203
4696,1.91072,1.49129,-1.19453
4697,1.91072,1.49129,-1.19453
4698,1.88912,1.48202,-1.17149
4699,1.89707,1.45531,-1.21694
4700,1.89707,1.45531,-1.21694
4701,1.905,1.37123,-1.3224
4702,1.83525,1.26556,-1.3291
4703,1.81596,1.23148,-1.33461
4704,1.90975,1.28367,-1.41398
4705,1.90975,1.28367,-1.41398
4706,1.90975,1.28367,-1.41398
4707,1.87603,1.28974,-1.36237
4708,1.87083,1.28573,-1.35901
4709,1.87635,1.30244,-1.35068
4710,1.86431,1.29131,-1.34469
4711,1.86431,1.29131,-1.34469
4712,1.93337,1.37097,-1.36322
4713,1.962,1.39209,-1.38258
4714,1.962,1.39209,-1.38258
4715,1.95426,1.40631,-1.357
4716,1.92443,1.35323,-1.36828
4717,1.91418,1.35495,-1.35211
4718,1.91418,1.35495,-1.35211
4719,1.91418,1.35495,-1.35211
4720,1.90965,1.30758,-1.39176
4721,1.91853,1.2768,-1.43197
4722,1.95778,1.25474,-1.50284
4723,1.95778,1.25474,-1.50284
4724,1.95504,1.22806,-1.52121
4725,1.95504,1.22806,-1.52121
4726,2.02068,1.24052,-1.59507
4727,1.95974,1.20807,-1.54309
4728,1.99271,1.23439,-1.56434
4729,1.9898,1.36123,-1.45133
4730,1.9642,1.30623,-1.46691
4731,1.9696,1.27633,-1.5001
4732,1.9696,1.27633,-1.5001
4733,1.9696,1.27633,-1.5001
4734,1.9696,1.27633,-1.5001
4735,1.94851,1.28622,-1.46367
4736,1.94851,1.28622,-1.46367
4737,1.8929,1.26329,-1.40967
4738,1.98655,1.27171,-1.52615
4739,1.91942,1.20527,-1.49382
4740,1.85918,1.12956,-1.4767
4741,1.85918,1.12956,-1.4767
4742,1.85918,1.12956,-1.4767
4743,1.82699,1.06365,-1.48544
4744,1.76768,1.05718,-1.41671
4745,1.76768,1.05718,-1.41671
4746,1.76039,1.10614,-1.36947
4747,1.76228,1.10605,-1.37196
4748,1.76228,1.10605,-1.37196
4749,1.75937,1.12391,-1.35359
4750,1.72514,1.07889,-1.34615
4751,1.72514,1.07889,-1.34615
4752,1.71409,1.07938,-1.33155
4753,1.79017,1.12327,-1.39391
4754,1.79017,1.12327,-1.39391
4755,1.79017,1.12327,-1.39391
4756,1.75211,1.10634,-1.35864
4757,1.74619,1.067,-1.38227
4758,1.77974,1.09023,-1.40672
4759,1.73813,1.02232,-1.40569
4760,1.72825,1.05467,-1.36912
4761,1.68912,1.05751,-1.31711
4762,1.734,1.08608,-1.35173
4763,1.76814,1.17561,-1.3207
4764,1.76543,1.14726,-1.34184
4765,1.76113,1.0668,-1.40125
4766,1.6981,1.06637,-1.32152
4767,1.7455,1.05813,-1.38821
4768,1.7455,1.05813,-1.38821
4769,1.7455,1.05813,-1.38821
4770,1.71491,1.01425,-1.38283
4771,1.7204,0.983762,-1.41138
4772,1.6826,0.859232,-1.44667
4773,1.6826,0.859232,-1.44667
4774,1.6826,0.859232,-1.44667
4775,1.75004,0.971526,-1.4556
4776,1.75004,0.971526,-1.4556
4777,1.71735,0.901798,-1.46152
4778,1.7598,0.922686,-1.49852
4779,1.7598,0.922686,-1.49852
4780,1.66894,0.799905,-1.46475
4781,1.72411,0.774795,-1.54021
4782,1.72411,0.774795,-1.54021
4783,1.72411,0.774795,-1.54021
4784,1.72411,0.774795,-1.54021
4785,1.68869,0.740334,-1.51775
4786,1.76846,0.829514,-1.56184
4787,1.76567,0.785015,-1.58157
4788,1.80009,0.803998,-1.61056
4789,1.76308,0.749319,-1.59592
4790,1.76858,0.770535,-1.5919
