ReTr(L),ImTr(L)
0.324308,-0.816636
0.326943,-0.811248
0.372745,-0.796061
0.373065,-0.793141
0.365364,-0.793015
0.340475,-0.800164
0.333639,-0.806035
0.31221,-0.810554
0.353002,-0.797245
0.356966,-0.789852
0.347562,-0.795366
0.312834,-0.808574
0.272583,-0.821749
0.261944,-0.823671
0.271245,-0.82623
0.294722,-0.81259
0.252386,-0.829257
0.265701,-0.825403
0.294429,-0.813072
0.282281,-0.819209
0.221064,-0.845623
0.221064,-0.845623
0.204871,-0.847406
0.204871,-0.847406
0.162434,-0.852729
0.162434,-0.852729
0.138307,-0.849026
0.152891,-0.860097
0.114229,-0.85762
0.14218,-0.859896
0.14218,-0.859896
0.126653,-0.854715
0.0903446,-0.862027
0.0696839,-0.868328
0.0875516,-0.865136
0.0875516,-0.865136
0.0750396,-0.862804
0.0895925,-0.862889
0.105552,-0.861672
0.143336,-0.8601
0.168259,-0.853668
0.149489,-0.84276
0.120933,-0.849936
0.120933,-0.849936
0.0921984,-0.852746
0.0556898,-0.86306
0.0504145,-0.858657
0.0424394,-0.865838
0.0245356,-0.865627
0.0282689,-0.869034
0.0358895,-0.861513
0.0358895,-0.861513
0.0278596,-0.859724
0.0278596,-0.859724
0.0392505,-0.860366
0.094039,-0.863984
0.0736881,-0.864912
0.0736881,-0.864912
0.045337,-0.861884
0.0698874,-0.855243
0.0381514,-0.863215
0.0381514,-0.863215
0.0393685,-0.857519
0.0393685,-0.857519
0.0551056,-0.861635
0.0708748,-0.857859
0.0387723,-0.8655
0.0240331,-0.867839
0.0240331,-0.867839
0.0554391,-0.861671
0.0517669,-0.863186
0.0712466,-0.861911
0.0859223,-0.854944
0.0746327,-0.857982
0.0746327,-0.857982
0.0746327,-0.857982
0.0572205,-0.863949
0.0157016,-0.863398
-0.0247557,-0.86191
-0.0461843,-0.862659
-0.0298857,-0.86395
-0.0298857,-0.86395
-0.0176262,-0.862509
-0.0093973,-0.859706
-0.0104107,-0.861734
-0.0104107,-0.861734
2.4266e-05,-0.862736
2.4266e-05,-0.862736
2.4266e-05,-0.862736
-0.00312096,-0.858619
-0.0119799,-0.860126
-0.0119799,-0.860126
-0.0239119,-0.859463
-0.0243012,-0.868289
-0.0243012,-0.868289
0.00460364,-0.859341
-0.00231695,-0.858001
-0.0364433,-0.861955
-0.0483317,-0.857603
-0.0483317,-0.857603
-0.0483317,-0.857603
-0.0483317,-0.857603
-0.0294062,-0.863622
-0.052304,-0.855769
-0.0504409,-0.859487
-0.0504409,-0.859487
-0.0504409,-0.859487
-0.00479188,-0.863196
0.0212154,-0.861939
0.0220398,-0.857415
0.0220398,-0.857415
0.00380805,-0.862564
-0.00873319,-0.863757
-0.00873319,-0.863757
0.00282811,-0.87007
0.0541801,-0.858285
0.0875738,-0.865975
0.0875738,-0.865975
0.0938268,-0.863994
0.0666863,-0.868326
0.0396874,-0.85893
-0.019278,-0.86798
-0.019278,-0.86798
-0.0309924,-0.869252
-0.0442894,-0.864876
-0.0442894,-0.864876
-0.0569641,-0.860756
-0.108198,-0.855337
-0.0983477,-0.853736
-0.0983477,-0.853736
-0.0983477,-0.853736
-0.0920528,-0.850921
-0.0681004,-0.856684
-0.0899084,-0.855951
-0.0899084,-0.855951
-0.0828834,-0.858994
-0.0372753,-0.860931
-0.0372753,-0.860931
-0.0122234,-0.864677
0.0312854,-0.865989
0.0870474,-0.86189
0.133494,-0.847723
0.133494,-0.847723
0.122313,-0.852326
0.142308,-0.845293
0.142499,-0.850045
0.142499,-0.850045
0.147736,-0.849159
0.170689,-0.839831
0.172204,-0.839104
0.172204,-0.839104
0.172204,-0.839104
0.187615,-0.84701
0.228116,-0.83626
0.18673,-0.852557
0.20673,-0.839662
0.190511,-0.84917
0.190511,-0.84917
0.208973,-0.841235
0.20301,-0.842981
0.233035,-0.83021
0.252486,-0.825346
0.252486,-0.825346
0.252486,-0.825346
0.262831,-0.828315
0.262831,-0.828315
0.275684,-0.824324
0.307818,-0.811825
0.307818,-0.811825
0.304102,-0.809111
0.304102,-0.809111
0.28924,-0.813758
0.284772,-0.813941
0.257837,-0.815155
0.216099,-0.839152
0.190188,-0.851235
0.190188,-0.851235
0.190188,-0.851235
0.175874,-0.84655
0.16076,-0.849688
0.169903,-0.85056
0.211451,-0.838434
0.254545,-0.830723
0.282693,-0.814341
0.317902,-0.80609
0.301794,-0.809588
0.322153,-0.805055
0.322153,-0.805055
0.322153,-0.805055
0.32646,-0.798005
0.357455,-0.781194
0.371289,-0.775751
0.349784,-0.788219
0.39586,-0.765872
0.378461,-0.778214
0.398831,-0.766046
0.38081,-0.776239
0.38081,-0.776239
0.359549,-0.780622
0.329509,-0.79519
0.329509,-0.79519
0.336118,-0.791595
0.316732,-0.806476
0.295499,-0.810601
0.292235,-0.814521
0.292772,-0.804874
0.277048,-0.811471
0.274761,-0.808142
0.320879,-0.797257
0.336159,-0.78972
0.336159,-0.78972
0.31164,-0.800438
0.340409,-0.788857
0.2983,-0.803928
0.320726,-0.800936
0.356324,-0.777401
0.347811,-0.785214
0.347811,-0.785214
0.37546,-0.773641
0.37546,-0.773641
0.37546,-0.773641
0.37546,-0.773641
0.37546,-0.773641
0.37546,-0.773641
0.390924,-0.772469
0.389084,-0.768282
0.389084,-0.768282
0.381713,-0.771674
0.399375,-0.766079
0.401346,-0.766411
0.385455,-0.773154
0.386225,-0.77511
0.408861,-0.75243
0.408861,-0.75243
0.408861,-0.75243
0.400323,-0.764103
0.36148,-0.786265
0.35616,-0.790579
0.34046,-0.792138
0.312877,-0.80233
0.312877,-0.80233
0.329473,-0.79561
0.329473,-0.79561
0.319802,-0.798536
0.298709,-0.810222
0.253446,-0.82417
0.271024,-0.815978
0.271024,-0.815978
0.261286,-0.820955
0.236689,-0.832583
0.225405,-0.838008
0.225405,-0.838008
0.233148,-0.829481
0.273647,-0.814764
0.274106,-0.813639
0.298395,-0.808749
0.257299,-0.826878
0.255384,-0.814015
0.234835,-0.82983
0.213007,-0.832871
0.213007,-0.832871
0.213007,-0.832871
0.209368,-0.834785
0.209368,-0.834785
0.167636,-0.84982
0.167636,-0.84982
0.153185,-0.849836
0.144998,-0.850348
0.144998,-0.850348
0.133768,-0.843856
0.1523,-0.845965
0.135495,-0.842809
0.135495,-0.842809
0.141881,-0.841275
0.141881,-0.841275
0.141881,-0.841275
0.166131,-0.846325
0.166131,-0.846325
0.156241,-0.843738
0.173459,-0.842371
0.192721,-0.836621
0.13601,-0.847691
0.13601,-0.847691
0.13601,-0.847691
0.13601,-0.847691
0.13601,-0.847691
0.14496,-0.852071
0.14496,-0.852071
0.14496,-0.852071
0.121199,-0.850252
0.132911,-0.847592
0.11256,-0.850067
0.0926773,-0.852515
0.0944729,-0.855553
0.12517,-0.848006
0.128117,-0.850051
0.128117,-0.850051
0.194574,-0.835189
0.194574,-0.835189
0.166455,-0.84123
0.168024,-0.832636
0.165404,-0.844954
0.165286,-0.846929
0.165286,-0.846929
0.14827,-0.841392
0.134655,-0.849031
0.154044,-0.845825
0.156244,-0.838789
0.156244,-0.838789
0.156244,-0.838789
0.135001,-0.849786
0.123539,-0.843811
0.126952,-0.848768
0.12013,-0.840257
0.117607,-0.849165
0.112251,-0.849349
0.112251,-0.849349
0.112251,-0.849349
0.0972696,-0.856279
0.0972696,-0.856279
0.0518964,-0.855591
0.0267292,-0.858814
0.0267292,-0.858814
0.0316316,-0.856164
0.0316316,-0.856164
0.0259581,-0.856945
0.0258411,-0.856486
0.0286811,-0.848566
0.0560601,-0.84586
0.0244537,-0.853023
0.0244537,-0.853023
0.0244537,-0.853023
0.0244537,-0.853023
0.0244537,-0.853023
0.0432063,-0.860005
0.0396461,-0.866114
0.00644759,-0.86452
0.000339566,-0.855592
0.000339566,-0.855592
0.0176443,-0.860469
0.0176443,-0.860469
-0.0109085,-0.8617
-0.0109085,-0.8617
0.013332,-0.865112
0.0329681,-0.864996
0.025228,-0.85759
-0.00322902,-0.856627
-0.00814537,-0.856049
0.0072444,-0.865853
0.0072444,-0.865853
0.0283858,-0.861481
-0.00478215,-0.859306
0.00726822,-0.861509
0.00726822,-0.861509
0.0545955,-0.862079
0.0445393,-0.863433
0.0275395,-0.861444
0.0595238,-0.852789
0.07699,-0.855484
0.07699,-0.855484
0.130645,-0.855624
0.129925,-0.855246
0.0852317,-0.867099
0.0852317,-0.867099
0.108533,-0.854861
0.108533,-0.854861
0.147144,-0.845538
0.178505,-0.84455
0.180789,-0.841735
0.157337,-0.851044
0.179507,-0.847956
0.164453,-0.844487
0.17726,-0.843548
0.136476,-0.851631
0.107314,-0.855487
0.110131,-0.85148
0.110131,-0.85148
0.110131,-0.85148
0.124307,-0.84548
0.104528,-0.856904
0.0551663,-0.851032
0.0429486,-0.858004
0.0403631,-0.867771
0.0403631,-0.867771
0.0881487,-0.860081
0.0881487,-0.860081
0.0932699,-0.857629
0.0786523,-0.85708
0.0973187,-0.852315
0.114521,-0.845035
0.114521,-0.845035
0.113553,-0.846178
0.139335,-0.847395
0.139335,-0.847395
0.113083,-0.856049
0.16532,-0.853322
0.196637,-0.8348
0.196637,-0.8348
0.177648,-0.837251
0.20689,-0.831981
0.198336,-0.839545
0.20204,-0.836404
0.216603,-0.836279
0.264699,-0.824751
0.264699,-0.824751
0.264699,-0.824751
0.246451,-0.832021
0.246451,-0.832021
0.309706,-0.8102
0.305554,-0.80444
0.347321,-0.789952
0.347321,-0.789952
0.335367,-0.7902
0.335367,-0.7902
0.352105,-0.787416
0.367429,-0.780585
0.367429,-0.780585
0.390015,-0.760201
0.390015,-0.760201
0.390015,-0.760201
0.390015,-0.760201
0.418806,-0.748166
0.439104,-0.733224
0.437943,-0.733931
0.437943,-0.733931
0.419755,-0.744701
0.409576,-0.74499
0.420498,-0.756652
0.420498,-0.756652
0.406019,-0.766726
0.431613,-0.738965
0.431613,-0.738965
0.431613,-0.738965
0.42879,-0.750103
0.411204,-0.759316
0.403218,-0.762004
0.412029,-0.766015
0.377588,-0.77995
0.377588,-0.77995
0.334612,-0.789573
0.334612,-0.789573
0.330165,-0.793135
0.308986,-0.805615
0.293844,-0.815619
0.26974,-0.82154
0.265855,-0.827037
0.271359,-0.82083
0.28421,-0.80797
0.284732,-0.810087
0.281495,-0.80522
0.306075,-0.79896
0.277266,-0.813391
0.241042,-0.829449
0.23762,-0.82646
0.230441,-0.833744
0.232072,-0.830967
0.210309,-0.83144
0.202249,-0.836782
0.202249,-0.836782
0.202249,-0.836782
0.270735,-0.807679
0.313425,-0.804645
0.31779,-0.798142
0.300925,-0.804752
0.300925,-0.804752
0.285838,-0.813529
0.285838,-0.813529
0.281746,-0.820164
0.261026,-0.820539
0.256599,-0.820887
0.26839,-0.81499
0.280081,-0.809721
0.280081,-0.809721
0.286701,-0.812079
0.286701,-0.812079
0.275354,-0.817168
0.275354,-0.817168
0.275354,-0.817168
0.275354,-0.817168
0.292721,-0.812844
0.345404,-0.793079
0.29634,-0.808889
0.279166,-0.816503
0.285561,-0.80934
0.297775,-0.808817
0.303795,-0.79912
0.28631,-0.806983
0.340885,-0.790491
0.340885,-0.790491
0.340885,-0.790491
0.299344,-0.809105
0.299344,-0.809105
0.302269,-0.80955
0.336899,-0.785356
0.32427,-0.79639
0.309085,-0.801154
0.299615,-0.802887
0.283147,-0.805334
0.292531,-0.805514
0.31293,-0.802664
0.31293,-0.802664
0.324034,-0.79206
0.304159,-0.804486
0.302702,-0.79992
0.302702,-0.79992
0.281111,-0.813532
0.297945,-0.809985
0.29164,-0.81162
0.29164,-0.81162
0.282999,-0.815284
0.269093,-0.821186
0.267741,-0.820154
0.267741,-0.820154
0.275377,-0.816723
0.277452,-0.823281
0.265681,-0.819804
0.259916,-0.817246
0.298,-0.806076
0.290075,-0.810207
0.290006,-0.811265
0.288981,-0.81486
0.286243,-0.815
0.286243,-0.815
0.286243,-0.815
0.274895,-0.813758
0.290758,-0.81175
0.292579,-0.81312
0.353496,-0.784459
0.371113,-0.782809
0.350525,-0.78917
0.352955,-0.783325
0.379292,-0.775221
0.38535,-0.769323
0.372606,-0.765605
0.372606,-0.765605
0.372606,-0.765605
0.372606,-0.765605
0.372606,-0.765605
0.388571,-0.766139
0.388571,-0.766139
0.360589,-0.775555
0.360589,-0.775555
0.360589,-0.775555
0.340983,-0.77753
0.358662,-0.777106
0.37085,-0.775325
0.37085,-0.775325
0.364779,-0.769493
0.384161,-0.76551
0.384161,-0.76551
0.384161,-0.76551
0.384161,-0.76551
0.365095,-0.777685
0.366211,-0.774226
0.366211,-0.774226
0.344405,-0.788595
0.361629,-0.776632
0.303525,-0.804464
0.303525,-0.804464
0.316787,-0.793895
0.316114,-0.805342
0.316114,-0.805342
0.329341,-0.786921
0.298665,-0.805076
0.286684,-0.807191
0.29373,-0.804911
0.320351,-0.79073
0.301376,-0.794898
0.301376,-0.794898
0.272149,-0.822351
0.274008,-0.812201
0.271775,-0.803037
0.321191,-0.79789
0.321191,-0.79789
0.321191,-0.79789
0.350836,-0.778431
0.364149,-0.769613
0.34012,-0.78423
0.34012,-0.78423
0.34012,-0.78423
0.34012,-0.78423
0.34012,-0.78423
0.34012,-0.78423
0.346957,-0.792083
0.342334,-0.795562
0.350501,-0.788916
0.350501,-0.788916
0.340558,-0.788989
0.352561,-0.780571
0.352561,-0.780571
0.369345,-0.768254
0.382396,-0.76173
0.382396,-0.76173
0.374881,-0.76504
0.355204,-0.78128
0.389714,-0.762565
0.380875,-0.773169
0.380875,-0.773169
0.387545,-0.765687
0.417055,-0.74837
0.412209,-0.75134
0.412209,-0.75134
0.412209,-0.75134
0.422177,-0.746968
0.446131,-0.738163
0.499572,-0.698325
0.512799,-0.687793
0.492287,-0.709025
0.481088,-0.710845
0.455111,-0.726426
0.45117,-0.729378
0.441472,-0.741644
0.441472,-0.741644
0.435674,-0.738557
0.404111,-0.75254
0.404111,-0.75254
0.423503,-0.750081
0.45613,-0.727932
0.41664,-0.748517
0.408074,-0.759047
0.427815,-0.748344
0.42039,-0.747814
0.42039,-0.747814
0.42039,-0.747814
0.436486,-0.736426
0.436486,-0.736426
0.436486,-0.736426
0.435011,-0.733404
0.441864,-0.736885
0.441864,-0.736885
0.441864,-0.736885
0.450275,-0.736865
0.448553,-0.730988
0.465999,-0.718477
0.447145,-0.731496
0.438719,-0.734016
0.438719,-0.734016
0.438719,-0.734016
0.438719,-0.734016
0.388074,-0.758239
0.351765,-0.780076
0.351765,-0.780076
0.343771,-0.774445
0.343771,-0.774445
0.344339,-0.777839
0.364891,-0.772416
0.363223,-0.775863
0.307789,-0.793623
0.307789,-0.793623
0.315629,-0.795511
0.332508,-0.78585
0.285741,-0.800937
0.333265,-0.786744
0.340181,-0.784645
0.325049,-0.790192
0.35087,-0.783779
0.337247,-0.79094
0.339288,-0.796406
0.339288,-0.796406
0.333575,-0.787282
0.313945,-0.789791
0.313945,-0.789791
0.313945,-0.789791
0.307616,-0.801195
0.307616,-0.801195
0.333933,-0.790775
0.303196,-0.806395
0.26538,-0.812129
0.261986,-0.816717
0.245941,-0.82444
0.273778,-0.815989
0.263537,-0.819263
0.263537,-0.819263
0.266349,-0.815667
0.266349,-0.815667
0.275734,-0.808051
0.251056,-0.816429
0.221151,-0.822665
0.177754,-0.833924
0.177754,-0.833924
0.1854,-0.83408
0.1854,-0.83408
0.189576,-0.832825
0.23866,-0.826721
0.20431,-0.82358
0.20431,-0.82358
0.20431,-0.82358
0.20431,-0.82358
0.20431,-0.82358
0.21703,-0.831734
0.174817,-0.84393
0.164964,-0.845415
0.179229,-0.840876
0.192886,-0.839099
0.174741,-0.835069
0.194277,-0.831456
0.21931,-0.82982
0.21931,-0.82982
0.21931,-0.82982
0.182248,-0.836902
0.162903,-0.838076
0.170758,-0.831958
0.181329,-0.838525
0.181329,-0.838525
0.178341,-0.842653
0.178341,-0.842653
0.122988,-0.847986
0.122988,-0.847986
0.12752,-0.845982
0.10905,-0.849705
0.106555,-0.846831
0.104379,-0.847761
0.114638,-0.84747
0.142475,-0.841354
0.162073,-0.846853
0.162073,-0.846853
0.137395,-0.84913
0.161763,-0.840689
0.145759,-0.845305
0.145759,-0.845305
0.166186,-0.84113
0.166186,-0.84113
0.198114,-0.8368
0.202699,-0.831379
0.202699,-0.831379
0.202699,-0.831379
0.192911,-0.833634
0.18971,-0.830169
0.16379,-0.843319
0.202389,-0.832017
0.214796,-0.828172
0.206607,-0.837917
0.193761,-0.83679
0.19219,-0.827222
0.19884,-0.829623
0.155369,-0.832724
0.155369,-0.832724
0.156824,-0.832794
0.167555,-0.83825
0.154334,-0.8377
0.154334,-0.8377
0.158639,-0.843267
0.177223,-0.835207
0.145369,-0.84419
0.145369,-0.84419
0.145369,-0.84419
0.145369,-0.84419
0.145369,-0.84419
0.145369,-0.84419
0.145369,-0.84419
0.145369,-0.84419
0.139134,-0.84184
0.162662,-0.834325
0.162662,-0.834325
0.162662,-0.834325
0.175778,-0.841463
0.175778,-0.841463
0.175778,-0.841463
0.175778,-0.841463
0.175778,-0.841463
0.175778,-0.841463
0.153859,-0.846796
0.164969,-0.834494
0.173281,-0.841433
0.192944,-0.829067
0.163304,-0.842368
0.163304,-0.842368
0.163304,-0.842368
0.131246,-0.846701
0.131246,-0.846701
0.131246,-0.846701
0.146424,-0.845233
0.103946,-0.852513
0.0839081,-0.857639
0.0839081,-0.857639
0.0839081,-0.857639
0.113439,-0.842995
0.113439,-0.842995
0.103366,-0.849727
0.103366,-0.849727
0.12465,-0.850067
0.12465,-0.850067
0.12465,-0.850067
0.12465,-0.850067
0.117283,-0.855955
0.0918703,-0.857684
0.1424,-0.84554
0.121783,-0.840611
0.145386,-0.847754
0.176739,-0.847043
0.190392,-0.842914
0.175505,-0.843449
0.135294,-0.845073
0.135294,-0.845073
0.131604,-0.846281
0.15152,-0.838174
0.15152,-0.838174
0.124279,-0.840269
0.124279,-0.840269
0.191776,-0.829004
0.226736,-0.825573
0.269106,-0.81157
0.276315,-0.804659
0.283856,-0.80269
0.283856,-0.80269
0.283856,-0.80269
0.283856,-0.80269
0.291235,-0.805376
0.329434,-0.79136
0.329434,-0.79136
0.329434,-0.79136
0.329434,-0.79136
0.314881,-0.79553
0.294444,-0.81307
0.265886,-0.815033
0.201044,-0.828825
0.241705,-0.82106
0.186975,-0.834095
0.186975,-0.834095
0.151471,-0.84618
0.144357,-0.846854
0.144357,-0.846854
0.146354,-0.83859
0.161989,-0.835451
0.204201,-0.830109
0.208779,-0.824964
0.169494,-0.839711
0.158299,-0.84604
0.146801,-0.840154
0.150891,-0.834641
0.188383,-0.830914
0.188383,-0.830914
0.188383,-0.830914
0.188383,-0.830914
0.195289,-0.833894
0.203934,-0.830725
0.203934,-0.830725
0.19591,-0.830958
0.203365,-0.834217
0.224213,-0.830488
0.224213,-0.830488
0.257597,-0.81973
0.215445,-0.838364
0.243932,-0.817251
0.243932,-0.817251
0.243932,-0.817251
0.188642,-0.82609
0.22647,-0.828316
0.22647,-0.828316
0.22647,-0.828316
0.233715,-0.828161
0.233715,-0.828161
0.233715,-0.828161
0.216025,-0.82805
0.212224,-0.825075
0.227529,-0.824546
0.194524,-0.832789
0.194524,-0.832789
0.203314,-0.829106
0.203314,-0.829106
0.203314,-0.829106
0.203314,-0.829106
0.19663,-0.839964
0.19663,-0.839964
0.222874,-0.824568
0.199983,-0.83102
0.19313,-0.831119
0.19313,-0.831119
0.19313,-0.831119
0.183828,-0.838359
0.173114,-0.836899
0.18089,-0.832944
0.18089,-0.832944
0.190922,-0.831429
0.190922,-0.831429
0.152265,-0.843119
0.179072,-0.842425
0.224747,-0.821573
0.178149,-0.83691
0.178,-0.843791
0.178,-0.843791
0.15968,-0.844705
0.133759,-0.847599
0.146805,-0.838893
0.175205,-0.835751
0.185541,-0.835984
0.158401,-0.836351
0.158401,-0.836351
0.184171,-0.824339
0.184171,-0.824339
0.184171,-0.824339
0.184171,-0.824339
0.189835,-0.820929
0.195139,-0.828902
0.216599,-0.825444
0.216599,-0.825444
0.222952,-0.825636
0.222952,-0.825636
0.191446,-0.827882
0.164752,-0.837769
0.168362,-0.840579
0.11703,-0.854137
0.11703,-0.854137
0.120094,-0.855357
0.120094,-0.855357
0.120094,-0.855357
0.132524,-0.852845
0.107308,-0.847856
0.0959266,-0.85548
0.0959266,-0.85548
0.0711854,-0.853815
0.0866486,-0.853746
0.0866486,-0.853746
0.0866486,-0.853746
0.0585138,-0.853775
0.0834596,-0.850283
0.0530611,-0.854336
0.0677195,-0.847091
0.0968265,-0.843476
0.0968265,-0.843476
0.085112,-0.856908
0.0656028,-0.852214
0.0656028,-0.852214
0.0340685,-0.854426
0.016906,-0.860711
0.016906,-0.860711
0.016906,-0.860711
0.0328264,-0.863631
0.0647384,-0.855832
0.0594445,-0.860101
0.121409,-0.853576
0.108933,-0.85252
0.108933,-0.85252
0.108933,-0.85252
0.0591366,-0.856836
0.0546325,-0.847931
0.0169767,-0.861012
0.00156861,-0.861833
-0.00999255,-0.860161
9.91587e-05,-0.862819
0.0144967,-0.861117
0.00868129,-0.870656
0.00868129,-0.870656
0.00868129,-0.870656
0.00868129,-0.870656
0.00868129,-0.870656
0.0295179,-0.858044
0.0737086,-0.861844
0.0804167,-0.853375
0.0804167,-0.853375
0.05509,-0.85546
0.0616261,-0.85245
0.105524,-0.849208
0.101662,-0.848684
0.123346,-0.854173
0.104992,-0.851946
0.104992,-0.851946
0.104992,-0.851946
0.119867,-0.851746
0.0800628,-0.858719
0.0800628,-0.858719
0.102074,-0.865444
0.102074,-0.865444
0.118503,-0.85651
0.116103,-0.852406
0.11469,-0.85805
0.11469,-0.85805
0.10063,-0.852779
0.0992674,-0.858871
0.0988771,-0.859491
0.0988771,-0.859491
0.0988771,-0.859491
0.151669,-0.84385
0.151834,-0.845511
0.177749,-0.848419
0.143681,-0.848398
0.143681,-0.848398
0.121096,-0.850004
0.121096,-0.850004
0.082306,-0.854015
0.0706673,-0.85937
0.0706673,-0.85937
0.0706673,-0.85937
0.0875436,-0.86042
0.081413,-0.853814
0.07589,-0.858255
0.0383783,-0.852842
0.0383783,-0.852842
0.0123274,-0.857654
0.0123274,-0.857654
0.0123274,-0.857654
0.0365233,-0.85791
-0.0217446,-0.858791
-0.000548228,-0.858114
-0.000548228,-0.858114
-0.000548228,-0.858114
-0.033457,-0.85126
-0.0153679,-0.860071
-0.0153679,-0.860071
0.00983661,-0.860875
0.0196559,-0.865008
-0.0109686,-0.862835
0.00982513,-0.860124
0.0501446,-0.858084
0.038552,-0.858664
0.038552,-0.858664
0.0783549,-0.852976
0.0506506,-0.855736
0.0709913,-0.849661
0.0709913,-0.849661
0.0630602,-0.85275
0.071368,-0.856595
0.0717649,-0.850768
0.0717649,-0.850768
0.0717649,-0.850768
0.0717649,-0.850768
0.0717649,-0.850768
0.0717649,-0.850768
0.0717649,-0.850768
0.0539359,-0.841205
0.0138106,-0.856858
0.051372,-0.851095
0.062422,-0.852819
0.072679,-0.847686
0.084643,-0.847676
0.112518,-0.841588
0.112987,-0.849415
0.102003,-0.852029
0.137708,-0.84397
0.167085,-0.841861
0.143288,-0.83675
0.1654,-0.84293
0.1654,-0.84293
0.1654,-0.84293
0.163889,-0.83208
0.204375,-0.829901
0.194357,-0.83973
0.245565,-0.819359
0.245565,-0.819359
0.245565,-0.819359
0.225504,-0.8241
0.225504,-0.8241
0.225504,-0.8241
0.183581,-0.835148
0.183581,-0.835148
0.174721,-0.822923
0.180709,-0.830199
0.178443,-0.834975
0.188537,-0.832384
0.202154,-0.82251
0.21911,-0.828519
0.206375,-0.82226
0.185734,-0.826236
0.207286,-0.825022
0.207286,-0.825022
0.270062,-0.808369
0.287516,-0.80245
0.258919,-0.817156
0.258919,-0.817156
0.24728,-0.812195
0.250156,-0.826706
0.230036,-0.818695
0.261279,-0.82011
0.261279,-0.82011
0.22794,-0.823431
0.240995,-0.81856
0.289971,-0.806796
0.274765,-0.804882
0.274765,-0.804882
0.274765,-0.804882
0.279615,-0.805658
0.269949,-0.81078
0.274175,-0.810586
0.268444,-0.818304
0.284485,-0.81576
0.293108,-0.812226
0.293108,-0.812226
0.277185,-0.815631
0.277185,-0.815631
0.304359,-0.80562
0.314123,-0.798246
0.341376,-0.786837
0.341376,-0.786837
0.346069,-0.780845
0.333899,-0.789191
0.321555,-0.789749
0.321555,-0.789749
0.292561,-0.793535
0.292561,-0.793535
0.311609,-0.797189
0.311609,-0.797189
0.313235,-0.790034
0.301504,-0.794609
0.326376,-0.780977
0.308016,-0.795496
0.238927,-0.81892
0.269016,-0.807076
0.275649,-0.810242
0.307985,-0.793619
0.271376,-0.813751
0.233659,-0.813685
0.286735,-0.805886
0.207271,-0.824377
0.195353,-0.824568
0.195353,-0.824568
0.191332,-0.833336
0.191332,-0.833336
0.152913,-0.845679
0.193406,-0.832503
0.193406,-0.832503
0.193257,-0.83556
0.212262,-0.830697
0.212262,-0.830697
0.197879,-0.83567
0.209061,-0.834884
0.26322,-0.816404
0.252909,-0.81676
0.232021,-0.825069
0.198475,-0.837481
0.18954,-0.829213
0.180915,-0.838873
0.180915,-0.838873
0.180915,-0.838873
0.207221,-0.841274
0.214982,-0.833035
0.214982,-0.833035
0.187693,-0.8404
0.181236,-0.843928
0.170104,-0.838664
0.172613,-0.837037
0.172613,-0.837037
0.172613,-0.837037
0.154935,-0.83577
0.154935,-0.83577
0.174226,-0.83143
0.174226,-0.83143
0.174226,-0.83143
0.219336,-0.824754
0.219336,-0.824754
0.221036,-0.821041
0.262094,-0.8109
0.322568,-0.797816
0.322568,-0.797816
0.30079,-0.80739
0.30079,-0.80739
0.30079,-0.80739
0.311909,-0.795461
0.311909,-0.795461
0.311909,-0.795461
0.332093,-0.790531
0.332093,-0.790531
0.332093,-0.790531
0.332093,-0.790531
0.38635,-0.767246
0.374676,-0.765247
0.374676,-0.765247
0.374676,-0.765247
0.374676,-0.765247
0.394834,-0.75779
0.389961,-0.761053
0.406985,-0.754727
0.40872,-0.74942
0.40872,-0.74942
0.41098,-0.749036
0.417116,-0.746559
0.430362,-0.745332
0.467481,-0.722716
0.467481,-0.722716
0.472697,-0.72348
0.450096,-0.731935
0.420491,-0.749514
0.461471,-0.730551
0.461471,-0.730551
0.461471,-0.730551
0.461471,-0.730551
0.488357,-0.704696
0.463875,-0.72507
0.464618,-0.717931
0.454904,-0.726851
0.48297,-0.703681
0.509624,-0.677119
0.53172,-0.673955
0.54631,-0.667074
0.573017,-0.644182
0.573017,-0.644182
0.573017,-0.644182
0.556215,-0.65572
0.556215,-0.65572
0.556215,-0.65572
0.556215,-0.65572
0.552509,-0.659055
0.583474,-0.634214
0.587113,-0.637896
0.587113,-0.637896
0.555191,-0.651465
0.531991,-0.673135
0.531991,-0.673135
0.531991,-0.673135
0.531991,-0.673135
0.531991,-0.673135
0.551154,-0.654652
0.5495,-0.658751
0.534076,-0.668429
0.534076,-0.668429
0.550098,-0.652219
0.542312,-0.660573
0.539282,-0.669331
0.539282,-0.669331
0.542084,-0.667384
0.489117,-0.705429
0.46957,-0.716456
0.44107,-0.727459
0.448263,-0.728609
0.448263,-0.728609
0.43893,-0.734504
0.43893,-0.734504
0.414544,-0.74324
0.414544,-0.74324
0.375354,-0.762594
0.375354,-0.762594
0.375354,-0.762594
0.412677,-0.745434
0.412677,-0.745434
0.446889,-0.735724
0.419478,-0.751204
0.419478,-0.751204
0.41813,-0.746997
0.382673,-0.760975
0.382673,-0.760975
0.385276,-0.761159
0.385276,-0.761159
0.370391,-0.76983
0.358897,-0.777571
0.358897,-0.777571
0.358897,-0.777571
0.358897,-0.777571
0.358897,-0.777571
0.358897,-0.777571
0.374177,-0.774075
0.374177,-0.774075
0.352702,-0.78271
0.345042,-0.789155
0.3163,-0.792726
0.29827,-0.805929
0.29827,-0.805929
0.280599,-0.808735
0.274411,-0.811996
0.259263,-0.820932
0.259263,-0.820932
0.267619,-0.815755
0.241169,-0.823771
0.253972,-0.816566
0.258199,-0.807185
0.258199,-0.807185
0.258199,-0.807185
0.258199,-0.807185
0.258199,-0.807185
0.255937,-0.81685
0.255937,-0.81685
0.22098,-0.827638
0.243701,-0.81951
0.243701,-0.81951
0.289569,-0.805078
0.296624,-0.799142
0.30042,-0.801134
0.30617,-0.800014
0.309198,-0.794752
0.309198,-0.794752
0.309198,-0.794752
0.327481,-0.789514
0.327481,-0.789514
0.334731,-0.79089
0.35912,-0.779038
0.362179,-0.774798
0.361481,-0.76875
0.360214,-0.770236
0.360214,-0.770236
0.338595,-0.777531
0.355011,-0.784725
0.308206,-0.803168
0.308206,-0.803168
0.308206,-0.803168
0.308206,-0.803168
0.324145,-0.798878
0.32862,-0.790013
0.32862,-0.790013
0.34327,-0.785244
0.34327,-0.785244
0.342374,-0.789736
0.342374,-0.789736
0.347788,-0.782766
0.347788,-0.782766
0.35383,-0.782751
0.35383,-0.782751
0.330764,-0.79291
0.330764,-0.79291
0.335895,-0.790244
0.325829,-0.788476
0.325829,-0.788476
0.291366,-0.802324
0.291366,-0.802324
0.233536,-0.823246
0.233536,-0.823246
0.233536,-0.823246
0.233536,-0.823246
0.233536,-0.823246
0.214035,-0.81955
0.214035,-0.81955
0.231637,-0.809621
0.259019,-0.803907
0.25319,-0.810871
0.273786,-0.808849
0.273786,-0.808849
0.273786,-0.808849
0.299364,-0.806594
0.302882,-0.798543
0.302882,-0.798543
0.318873,-0.786286
0.306689,-0.792155
0.326179,-0.7937
0.326179,-0.7937
0.311795,-0.80054
0.315776,-0.795266
0.315776,-0.795266
0.322387,-0.797046
0.351021,-0.784484
0.381317,-0.774622
0.376518,-0.77884
0.388584,-0.770604
0.348102,-0.784265
0.348102,-0.784265
0.337849,-0.785845
0.325999,-0.793815
0.325999,-0.793815
0.325999,-0.793815
0.331993,-0.792691
0.358619,-0.782936
0.385327,-0.760409
0.385327,-0.760409
0.385327,-0.760409
0.385327,-0.760409
0.36747,-0.772885
0.380223,-0.763261
0.398976,-0.759443
0.493226,-0.707666
0.497142,-0.69233
0.50478,-0.695221
0.502676,-0.692995
0.502676,-0.692995
0.475488,-0.71064
0.508953,-0.693426
0.505799,-0.689286
0.505799,-0.689286
0.505799,-0.689286
0.51085,-0.686199
0.517756,-0.677865
0.517756,-0.677865
0.548926,-0.65893
0.56827,-0.640891
0.591753,-0.626641
0.591753,-0.626641
0.591753,-0.626641
0.619178,-0.608546
0.606545,-0.607489
0.606545,-0.607489
0.629954,-0.594851
0.629954,-0.594851
0.639142,-0.586194
0.646121,-0.571133
0.647308,-0.565191
0.632437,-0.575963
0.616669,-0.60203
0.579398,-0.631417
0.582039,-0.634935
0.581591,-0.625741
0.581591,-0.625741
0.591453,-0.620919
0.583345,-0.635811
0.583345,-0.635811
0.583345,-0.635811
0.589037,-0.625225
0.589037,-0.625225
0.589037,-0.625225
0.589037,-0.625225
0.589037,-0.625225
0.59642,-0.615965
0.59642,-0.615965
0.633537,-0.588647
0.625528,-0.58099
0.649038,-0.559645
0.637679,-0.572005
0.651569,-0.563326
0.640894,-0.558688
0.650552,-0.564154
0.675338,-0.53672
0.675338,-0.53672
0.667379,-0.553338
0.659183,-0.545312
0.659183,-0.545312
0.657194,-0.553432
0.641948,-0.556805
0.64462,-0.557899
0.618803,-0.584832
0.606945,-0.593444
0.610356,-0.592477
0.640698,-0.564017
0.614788,-0.587274
0.614788,-0.587274
0.605032,-0.593616
0.605032,-0.593616
0.605032,-0.593616
0.605032,-0.593616
0.608008,-0.601116
0.620249,-0.592485
0.603924,-0.599622
0.597789,-0.612415
0.597789,-0.612415
0.597789,-0.612415
0.597789,-0.612415
0.597789,-0.612415
0.592786,-0.627498
0.594125,-0.61909
0.597514,-0.624707
0.597514,-0.624707
0.602572,-0.604116
0.602572,-0.604116
0.602572,-0.604116
0.602572,-0.604116
0.602572,-0.604116
0.602572,-0.604116
0.624045,-0.590181
0.6234,-0.5941
0.614502,-0.607474
0.59945,-0.617085
0.59945,-0.617085
0.611141,-0.598808
0.626136,-0.577354
0.626136,-0.577354
0.626136,-0.577354
0.646586,-0.567761
0.646586,-0.567761
0.661856,-0.557804
0.658863,-0.546663
0.658863,-0.546663
0.658863,-0.546663
0.66317,-0.552122
0.68863,-0.516432
0.702191,-0.492176
0.702191,-0.492176
0.715976,-0.469111
0.715976,-0.469111
0.744942,-0.435298
0.744942,-0.435298
0.744942,-0.435298
0.754965,-0.408954
0.754965,-0.408954
0.757766,-0.397989
0.772208,-0.378435
0.750212,-0.417844
0.766007,-0.394767
0.766007,-0.394767
0.747498,-0.438495
0.759885,-0.41563
0.769096,-0.39287
0.769096,-0.39287
0.746439,-0.436851
0.746439,-0.436851
0.734395,-0.458185
0.759962,-0.398284
0.763119,-0.39326
0.762879,-0.378796
0.773273,-0.365246
0.768035,-0.371047
0.760366,-0.393022
0.763656,-0.392794
0.763656,-0.392794
0.741097,-0.437236
0.743457,-0.440267
0.743457,-0.440267
0.734481,-0.442764
0.737352,-0.430315
0.741821,-0.419953
0.727599,-0.465386
0.757409,-0.399565
0.75092,-0.419594
0.748179,-0.419478
0.708651,-0.482544
0.708651,-0.482544
0.708651,-0.482544
0.708651,-0.482544
0.708651,-0.482544
0.70647,-0.477394
0.70747,-0.471373
0.70747,-0.471373
0.70747,-0.471373
0.70747,-0.471373
0.711715,-0.46017
0.703629,-0.478563
0.702503,-0.496245
0.72056,-0.456618
0.710108,-0.47799
0.726189,-0.456139
0.726189,-0.456139
0.722762,-0.454509
0.73582,-0.443876
0.720905,-0.456647
0.720905,-0.456647
0.720905,-0.456647
0.71991,-0.46257
0.71991,-0.46257
0.71991,-0.46257
0.741032,-0.454804
0.741032,-0.454804
0.741032,-0.454804
0.722289,-0.470355
0.720681,-0.443151
0.720681,-0.443151
0.720681,-0.443151
0.720681,-0.443151
0.732585,-0.451239
0.732585,-0.451239
0.72052,-0.458693
0.739317,-0.426517
0.755231,-0.406739
0.77175,-0.383192
0.752904,-0.414251
0.749996,-0.406204
0.739736,-0.434827
0.732211,-0.440299
0.738279,-0.43729
0.738279,-0.43729
0.735769,-0.432014
0.735769,-0.432014
0.737785,-0.451105
0.754054,-0.409014
0.76801,-0.388574
0.76801,-0.388574
0.780141,-0.348671
0.780106,-0.339236
0.7855,-0.340228
0.768579,-0.375975
0.764331,-0.388143
0.755529,-0.395985
0.770309,-0.372535
0.791731,-0.344243
0.781055,-0.348474
0.781055,-0.348474
0.778802,-0.355239
0.783046,-0.332876
0.78253,-0.352505
0.772364,-0.3792
0.749587,-0.414006
0.764169,-0.393977
0.764615,-0.393424
0.743305,-0.430966
0.743305,-0.430966
0.743305,-0.430966
0.75617,-0.404832
0.760984,-0.400696
0.760984,-0.400696
0.760984,-0.400696
0.770854,-0.377196
0.76724,-0.375796
0.748166,-0.410934
0.748166,-0.410934
0.738892,-0.441341
0.760254,-0.40467
0.742314,-0.412835
0.742314,-0.412835
0.742314,-0.412835
0.752511,-0.40843
0.765217,-0.372454
0.765217,-0.372454
0.765217,-0.372454
0.787809,-0.357074
0.787809,-0.357074
0.789898,-0.340247
0.768506,-0.366379
0.756815,-0.398373
0.754444,-0.378896
0.78518,-0.342559
0.78518,-0.342559
0.779101,-0.354092
0.779101,-0.354092
0.779101,-0.354092
0.777976,-0.36754
0.777976,-0.36754
0.777976,-0.36754
0.770535,-0.379673
0.764737,-0.402105
0.750135,-0.406763
0.750135,-0.406763
0.763247,-0.389852
0.783092,-0.360116
0.787957,-0.33713
0.777532,-0.367573
0.777605,-0.378429
0.777605,-0.378429
0.780151,-0.361175
0.776971,-0.37183
0.783752,-0.351126
0.800968,-0.316831
0.800511,-0.318621
0.800511,-0.318621
0.810476,-0.300042
0.801729,-0.334435
0.788316,-0.341031
0.820496,-0.28323
0.81429,-0.265364
0.794751,-0.314496
0.805641,-0.306634
0.80183,-0.31255
0.80183,-0.31255
0.812664,-0.312316
0.812664,-0.312316
0.81014,-0.293259
0.81014,-0.293259
0.81014,-0.293259
0.81014,-0.293259
0.81014,-0.293259
0.81014,-0.293259
0.81014,-0.293259
0.812294,-0.291343
0.812294,-0.291343
0.812294,-0.291343
0.831711,-0.248041
0.837908,-0.195379
0.827911,-0.229892
0.839011,-0.186209
0.830098,-0.220369
0.830098,-0.220369
0.834738,-0.218826
0.834738,-0.218826
0.830929,-0.213152
0.830929,-0.213152
0.830929,-0.213152
0.830064,-0.220934
0.830064,-0.220934
0.827305,-0.228678
0.835292,-0.158564
0.835292,-0.158564
0.835292,-0.158564
0.835292,-0.158564
0.841624,-0.13437
0.84246,-0.160952
0.84246,-0.160952
0.838125,-0.162006
0.831592,-0.165601
0.847986,-0.120863
0.847986,-0.120863
0.835256,-0.154902
0.835256,-0.154902
0.833961,-0.145315
0.833961,-0.145315
0.846893,-0.134442
0.85162,-0.131544
0.84972,-0.114616
0.84972,-0.114616
0.853964,-0.0715202
0.853964,-0.0715202
0.854236,-0.0823294
0.853234,-0.107281
0.847526,-0.107407
0.84914,-0.111442
0.84914,-0.111442
0.84914,-0.111442
0.84914,-0.111442
0.84064,-0.150531
0.84064,-0.150531
0.839089,-0.150753
0.84922,-0.131685
0.843699,-0.107998
0.843699,-0.107998
0.850656,-0.112436
0.850656,-0.112436
0.848219,-0.128294
0.848219,-0.128294
0.854499,-0.0958209
0.854959,-0.0595554
0.855437,-0.0833602
0.84834,-0.140568
0.852249,-0.102668
0.856735,-0.0838019
0.852938,-0.0367974
0.85489,-0.0359215
0.85973,-0.0372297
0.850171,-0.0298846
0.850171,-0.0298846
0.86143,-0.0231259
0.86143,-0.0231259
0.858178,-0.0296068
0.863635,-0.00584877
0.863635,-0.00584877
0.865185,0.0110505
0.860553,0.0353038
0.860553,0.0353038
0.86118,0.054454
0.851278,0.0890678
0.850591,0.103898
0.852234,0.11548
0.845801,0.119697
0.845801,0.119697
0.845801,0.119697
0.847546,0.0722179
0.849919,0.0693645
0.849919,0.0693645
0.856921,0.0226858
0.854486,0.0235701
0.85477,0.0498246
0.855416,0.0460156
0.855416,0.0460156
0.856648,0.0655893
0.863322,0.0461539
0.859289,0.032155
0.85989,0.0150743
0.861627,0.00163707
0.865555,0.00819925
0.861962,-0.0177747
0.855541,-0.00350542
0.856755,-0.00711121
0.856755,-0.00711121
0.856755,-0.00711121
0.85171,-0.043302
0.85171,-0.043302
0.85171,-0.043302
0.85171,-0.043302
0.845211,-0.0349629
0.845211,-0.0349629
0.855695,-0.0414039
0.859534,-0.013744
0.855313,0.00718926
0.855313,0.00718926
0.855313,0.00718926
0.855313,0.00718926
0.843849,-0.0176506
0.85376,-0.0370244
0.85447,0.00613191
0.852463,0.0146167
0.86513,0.0382738
0.855592,0.0270359
0.858781,0.056308
0.853862,0.0667499
0.85385,0.0533069
0.85385,0.0533069
0.859579,0.0181021
0.853194,0.00252628
0.854387,0.0101929
0.859751,-0.0439254
0.859751,-0.0439254
0.846647,-0.0754605
0.851932,-0.0972641
0.855429,-0.0826601
0.855429,-0.0826601
0.853761,-0.116904
0.838436,-0.17287
0.837233,-0.182097
0.837233,-0.182097
0.835975,-0.167439
0.844817,-0.181938
0.844817,-0.181938
0.822266,-0.225836
0.822266,-0.225836
0.82738,-0.235884
0.831544,-0.223834
0.82031,-0.230272
0.824923,-0.199304
0.843476,-0.189073
0.843476,-0.189073
0.839383,-0.189499
0.839383,-0.189499
0.839383,-0.189499
0.83718,-0.203866
0.83718,-0.203866
0.81582,-0.26342
0.816056,-0.266461
0.81373,-0.2827
0.821674,-0.24801
0.825471,-0.247409
0.819001,-0.271473
0.822169,-0.251154
0.822169,-0.251154
0.833919,-0.208069
0.834882,-0.17923
0.829654,-0.199495
0.829654,-0.199495
0.825372,-0.214205
0.825372,-0.214205
0.821214,-0.23097
0.82477,-0.212741
0.837045,-0.200316
0.830048,-0.203384
0.830048,-0.203384
0.829163,-0.216344
0.829163,-0.216344
0.826102,-0.204568
0.826102,-0.204568
0.825821,-0.225521
0.825821,-0.225521
0.827241,-0.22117
0.827241,-0.22117
0.823005,-0.244009
0.823981,-0.235575
0.823981,-0.235575
0.815465,-0.227274
0.836819,-0.17132
0.831966,-0.197496
0.831966,-0.197496
0.831966,-0.197496
0.837762,-0.16584
0.837999,-0.171662
0.822471,-0.234444
0.820055,-0.215089
0.820055,-0.215089
0.833747,-0.19687
0.828946,-0.208159
0.829978,-0.232546
0.8327,-0.212194
0.822294,-0.20503
0.822294,-0.20503
0.822294,-0.20503
0.83114,-0.199169
0.838395,-0.200985
0.839823,-0.182484
0.84202,-0.177333
0.841116,-0.155232
0.841116,-0.155232
0.844378,-0.120753
0.839125,-0.14373
0.839125,-0.14373
0.839125,-0.14373
0.839125,-0.14373
0.842216,-0.157167
0.849249,-0.0890235
0.851468,-0.098653
0.849701,-0.107301
0.849701,-0.107301
0.849065,-0.122872
0.841156,-0.118808
0.846943,-0.0931156
0.850322,-0.102695
0.846145,-0.117797
0.853925,-0.0854483
0.847272,-0.0907736
0.847272,-0.0907736
0.847272,-0.0907736
0.849862,-0.120446
0.842589,-0.149299
0.841006,-0.15643
0.841006,-0.15643
0.839465,-0.16443
0.8344,-0.170186
0.832309,-0.188369
0.832309,-0.188369
0.832309,-0.188369
0.832309,-0.188369
0.832309,-0.188369
0.834932,-0.173909
0.841434,-0.16458
0.841434,-0.16458
0.831422,-0.182744
0.827751,-0.197051
0.827751,-0.197051
0.827751,-0.197051
0.829738,-0.212994
0.825228,-0.22051
0.821591,-0.251521
0.820221,-0.257115
0.815245,-0.272936
0.796169,-0.303723
0.796169,-0.303723
0.796169,-0.303723
0.796169,-0.303723
0.796169,-0.303723
0.804571,-0.280454
0.804571,-0.280454
0.809694,-0.291351
0.801916,-0.297645
0.801916,-0.297645
0.801581,-0.285876
0.801581,-0.285876
0.795262,-0.297154
0.795262,-0.297154
0.796441,-0.330269
0.78824,-0.321901
0.795925,-0.308761
0.804485,-0.288875
0.816189,-0.256685
0.816324,-0.260605
0.808089,-0.284874
0.808089,-0.284874
0.808089,-0.284874
0.808089,-0.284874
0.808089,-0.284874
0.808089,-0.284874
0.812917,-0.284788
0.802315,-0.29402
0.804619,-0.311028
0.804619,-0.311028
0.804619,-0.311028
0.794728,-0.328842
0.783335,-0.344373
0.794271,-0.334914
0.804588,-0.306646
0.804588,-0.306646
0.800096,-0.31811
0.798675,-0.303785
0.798675,-0.303785
0.803266,-0.305314
0.787639,-0.322839
0.765175,-0.372471
0.757857,-0.396701
0.757857,-0.396701
0.765053,-0.373819
0.767295,-0.393846
0.767295,-0.393846
0.781096,-0.362039
0.781096,-0.362039
0.781096,-0.362039
0.781096,-0.362039
0.781096,-0.362039
0.755391,-0.410131
0.745384,-0.421027
0.74685,-0.428054
0.741165,-0.409784
0.741165,-0.409784
0.751143,-0.399086
0.76218,-0.392898
0.77658,-0.369075
0.77658,-0.369075
0.77658,-0.369075
0.767489,-0.383352
0.76861,-0.387462
0.776775,-0.367129
0.788146,-0.326474
0.797404,-0.312959
0.797826,-0.314689
0.804558,-0.298878
0.804558,-0.298878
0.809632,-0.270803
0.805126,-0.285066
0.805846,-0.266448
0.814565,-0.269589
0.810582,-0.262876
0.818019,-0.240232
0.838533,-0.18472
0.837979,-0.158045
0.828167,-0.222495
0.823371,-0.236916
0.83844,-0.19297
0.834829,-0.181054
0.838356,-0.18311
0.838356,-0.18311
0.844686,-0.183434
0.847146,-0.175744
0.850331,-0.143304
0.84931,-0.123301
0.856269,-0.11626
0.855783,-0.0946121
0.852484,-0.117303
0.851962,-0.114216
0.851962,-0.114216
0.855825,-0.111194
0.843299,-0.148847
0.840134,-0.171585
0.843965,-0.163044
0.842376,-0.166339
0.834681,-0.167815
0.834681,-0.167815
0.847056,-0.155539
0.835987,-0.17132
0.835987,-0.17132
0.843699,-0.169662
0.837646,-0.167504
0.837646,-0.167504
0.837646,-0.167504
0.843859,-0.180732
0.846591,-0.122795
0.846591,-0.122795
0.849533,-0.128433
0.84659,-0.155982
0.84659,-0.155982
0.844874,-0.186481
0.848074,-0.161064
0.840265,-0.175388
0.840265,-0.175388
0.840265,-0.175388
0.84263,-0.189244
0.838685,-0.132626
0.835524,-0.160048
0.835524,-0.160048
0.832894,-0.165696
0.834169,-0.191395
0.830156,-0.224315
0.843981,-0.20547
0.843981,-0.20547
0.843981,-0.20547
0.843981,-0.20547
0.843981,-0.20547
0.843981,-0.20547
0.843981,-0.20547
0.838384,-0.187486
0.838384,-0.187486
0.838384,-0.187486
0.849603,-0.173071
0.847675,-0.174559
0.846621,-0.154482
0.846621,-0.154482
0.837228,-0.18345
0.837228,-0.18345
0.822945,-0.224493
0.835536,-0.171978
0.835536,-0.171978
0.83682,-0.177732
0.837299,-0.169894
0.837299,-0.169894
0.83977,-0.165531
0.83977,-0.165531
0.838058,-0.188135
0.832995,-0.19757
0.832995,-0.19757
0.836451,-0.183062
0.83162,-0.214759
0.824558,-0.222952
0.824558,-0.222952
0.824558,-0.222952
0.818979,-0.245446
0.823166,-0.247259
0.832703,-0.224302
0.832703,-0.224302
0.834311,-0.2067
0.834311,-0.2067
0.838045,-0.181505
0.839058,-0.169972
0.839058,-0.169972
0.838228,-0.166598
0.834644,-0.185231
0.827695,-0.200674
0.833301,-0.178616
0.835958,-0.180669
0.83309,-0.192221
0.83309,-0.192221
0.833043,-0.175091
0.827509,-0.189027
0.821731,-0.208132
0.8336,-0.172813
0.83377,-0.166348
0.839694,-0.19019
0.830966,-0.214436
0.836568,-0.201035
0.839736,-0.198683
0.839736,-0.198683
0.839736,-0.198683
0.853824,-0.146168
0.845853,-0.162381
0.846516,-0.175185
0.846516,-0.175185
0.846516,-0.175185
0.846516,-0.175185
0.846516,-0.175185
0.846516,-0.175185
0.83697,-0.195573
0.826056,-0.212764
0.826056,-0.212764
0.833079,-0.201206
0.833079,-0.201206
0.837031,-0.178921
0.841252,-0.186793
0.841252,-0.186793
0.836294,-0.180394
0.836224,-0.139766
0.848753,-0.117902
0.841844,-0.104787
0.841844,-0.104787
0.850063,-0.0920811
0.850063,-0.0920811
0.851621,-0.0898588
0.852171,-0.0755815
0.854814,-0.0577228
0.860311,-0.0321181
0.854449,-0.0535668
0.851699,-0.0701176
0.840224,-0.113189
0.840224,-0.113189
0.843919,-0.0966304
0.843919,-0.0966304
0.848951,-0.0978045
0.842102,-0.157738
0.843448,-0.151865
0.845985,-0.116222
0.845985,-0.116222
0.845985,-0.116222
0.848504,-0.109858
0.846143,-0.146455
0.846143,-0.146455
0.837919,-0.164016
0.837919,-0.164016
0.837919,-0.164016
0.838144,-0.185025
0.834668,-0.213056
0.834668,-0.213056
0.834668,-0.213056
0.834668,-0.213056
0.834668,-0.213056
0.829634,-0.216819
0.829634,-0.216819
0.829634,-0.216819
0.842779,-0.173564
0.84363,-0.166724
0.84363,-0.166724
0.836675,-0.178643
0.839981,-0.156364
0.839981,-0.156364
0.848903,-0.114866
0.833916,-0.163975
0.843758,-0.171279
0.844719,-0.152306
0.844719,-0.152306
0.844719,-0.152306
0.847172,-0.15162
0.847172,-0.15162
0.849026,-0.140973
0.845542,-0.166119
0.845542,-0.166119
0.845542,-0.166119
0.845542,-0.166119
0.842809,-0.172109
0.839915,-0.177693
0.847378,-0.15501
0.839191,-0.172344
0.853588,-0.123503
0.85399,-0.134299
0.850365,-0.166126
0.850365,-0.166126
0.845726,-0.159965
0.845815,-0.152012
0.844095,-0.149803
0.844809,-0.169354
0.843576,-0.159337
0.838202,-0.156628
0.850459,-0.130754
0.850459,-0.130754
0.849002,-0.139733
0.848413,-0.143492
0.842962,-0.136264
0.851285,-0.155456
0.853166,-0.139361
0.84738,-0.164617
0.845368,-0.17233
0.845368,-0.17233
0.845368,-0.17233
0.845368,-0.17233
0.845368,-0.17233
0.845368,-0.17233
0.84881,-0.143593
0.84881,-0.143593
0.843699,-0.160773
0.843699,-0.160773
0.843699,-0.160773
0.843555,-0.160733
0.847356,-0.140159
0.847356,-0.140159
0.841929,-0.16452
0.845326,-0.174514
0.845326,-0.174514
0.847011,-0.168856
0.842594,-0.161328
0.851841,-0.161469
0.841318,-0.170442
0.841318,-0.170442
0.848307,-0.149226
0.848307,-0.149226
0.840639,-0.212764
0.840639,-0.212764
0.840639,-0.212764
0.833571,-0.221713
0.833571,-0.221713
0.836659,-0.196369
0.837642,-0.174765
0.842607,-0.163186
0.83279,-0.183275
0.839391,-0.165069
0.841727,-0.136804
0.841727,-0.136804
0.842064,-0.117247
0.845214,-0.0807281
0.848845,-0.0606231
0.848845,-0.0606231
0.848845,-0.0606231
0.848845,-0.0606231
0.848845,-0.0606231
0.848845,-0.0606231
0.848734,-0.086006
0.848734,-0.086006
0.848734,-0.086006
0.843838,-0.084671
0.848078,-0.0903845
0.848078,-0.0903845
0.837169,-0.142994
0.835466,-0.166119
0.842032,-0.151308
0.841399,-0.14599
0.839004,-0.162752
0.835993,-0.174499
0.837094,-0.195141
0.825693,-0.193367
0.828815,-0.194669
0.83749,-0.182147
0.828775,-0.213784
0.828775,-0.213784
0.820859,-0.237899
0.828747,-0.227326
0.837135,-0.22006
0.843606,-0.173854
0.835376,-0.199063
0.840542,-0.172585
0.845372,-0.163311
0.836434,-0.193133
0.836434,-0.193133
0.83436,-0.189532
0.817479,-0.25368
0.817479,-0.25368
0.828874,-0.230314
0.830876,-0.234526
0.830876,-0.234526
0.830876,-0.234526
0.824998,-0.240929
0.826365,-0.238055
0.826365,-0.238055
0.837433,-0.188235
0.837433,-0.188235
0.839865,-0.149424
0.843336,-0.134728
0.843336,-0.134728
0.833178,-0.202259
0.832984,-0.200015
0.825514,-0.22807
0.825514,-0.22807
0.825514,-0.22807
0.819944,-0.259114
0.819944,-0.259114
0.815944,-0.245817
0.815944,-0.245817
0.816155,-0.266974
0.80568,-0.302996
0.807736,-0.29382
0.807736,-0.29382
0.807736,-0.29382
0.807736,-0.29382
0.806793,-0.27667
0.806793,-0.27667
0.792704,-0.291805
0.785385,-0.304966
0.782705,-0.33567
0.782705,-0.33567
0.778805,-0.339194
0.785701,-0.321964
0.786258,-0.342664
0.796486,-0.328405
0.801898,-0.29442
0.81926,-0.261254
0.823646,-0.23421
0.83054,-0.218734
0.83054,-0.218734
0.823836,-0.235852
0.825019,-0.212396
0.82367,-0.235322
0.82367,-0.235322
0.829604,-0.224861
0.829604,-0.224861
0.829604,-0.224861
0.821183,-0.246681
0.821183,-0.246681
0.824283,-0.245062
0.824283,-0.245062
0.824283,-0.245062
0.824283,-0.245062
0.813269,-0.259776
0.813269,-0.259776
0.813445,-0.267176
0.813445,-0.267176
0.813445,-0.267176
0.813445,-0.267176
0.822935,-0.256553
0.822935,-0.256553
0.822935,-0.256553
0.822935,-0.256553
0.819566,-0.262986
0.823186,-0.22226
0.823186,-0.22226
0.830669,-0.242725
0.830669,-0.242725
0.830669,-0.242725
0.829069,-0.239856
0.829069,-0.239856
0.829069,-0.239856
0.824873,-0.241196
0.817521,-0.256651
0.817521,-0.256651
0.817521,-0.256651
0.816469,-0.269394
0.817006,-0.257511
0.817979,-0.253949
0.817979,-0.253949
0.817791,-0.249764
0.820395,-0.264912
0.821152,-0.255335
0.820362,-0.250499
0.823881,-0.230251
0.828488,-0.21904
0.826998,-0.254959
0.826998,-0.254959
0.826998,-0.254959
0.820189,-0.274381
0.829339,-0.238615
0.838835,-0.216399
0.838835,-0.216399
0.847278,-0.178948
0.837553,-0.152003
0.838421,-0.183682
0.838421,-0.183682
0.8367,-0.185216
0.8367,-0.185216
0.832055,-0.194979
0.834296,-0.177028
0.835638,-0.169806
0.843475,-0.182066
0.830753,-0.195139
0.830753,-0.195139
0.833509,-0.200676
0.825017,-0.251261
0.825017,-0.251261
0.821117,-0.244622
0.801619,-0.300787
0.801619,-0.300787
0.801619,-0.300787
0.804325,-0.298896
0.801442,-0.315381
0.801442,-0.315381
0.808849,-0.286641
0.787505,-0.336626
0.785654,-0.323924
0.792811,-0.344353
0.772545,-0.361957
0.772545,-0.361957
0.786041,-0.347513
0.786041,-0.347513
0.786041,-0.347513
0.77457,-0.36394
0.778176,-0.368563
0.792395,-0.344129
0.78777,-0.333594
0.772036,-0.358214
0.772036,-0.358214
0.772036,-0.358214
0.797053,-0.322624
0.797053,-0.322624
0.776613,-0.359504
0.776613,-0.359504
0.783381,-0.354349
0.783381,-0.354349
0.782698,-0.363811
0.764881,-0.384034
0.764881,-0.384034
0.754969,-0.409307
0.757336,-0.40359
0.777097,-0.36549
0.780964,-0.344495
0.794939,-0.307787
0.794939,-0.307787
0.798199,-0.314066
0.798199,-0.314066
0.803907,-0.292339
0.793206,-0.32783
0.803511,-0.317182
0.807836,-0.290658
0.807836,-0.290658
0.81061,-0.267196
0.812274,-0.27444
0.812274,-0.27444
0.812274,-0.27444
0.798895,-0.291631
0.81609,-0.270301
0.823477,-0.240151
0.827371,-0.238915
0.827371,-0.238915
0.827371,-0.238915
0.822256,-0.226832
0.80738,-0.285255
0.80738,-0.285255
0.80738,-0.285255
0.793115,-0.326571
0.79904,-0.308396
0.79904,-0.308396
0.79904,-0.308396
0.790206,-0.353194
0.771765,-0.381767
0.768872,-0.394012
0.774354,-0.390603
0.780381,-0.366953
0.780381,-0.366953
0.780381,-0.366953
0.776639,-0.376727
0.767286,-0.397191
0.765064,-0.397631
0.765064,-0.397631
0.765064,-0.397631
0.761974,-0.403747
0.748432,-0.429675
0.748432,-0.429675
0.72819,-0.449927
0.742214,-0.435393
0.739025,-0.432919
0.754141,-0.409509
0.74048,-0.433696
0.740785,-0.442656
0.740785,-0.442656
0.735014,-0.449084
0.716296,-0.473574
0.716296,-0.473574
0.716296,-0.473574
0.716296,-0.473574
0.70564,-0.484195
0.70564,-0.484195
0.682105,-0.522463
0.682105,-0.522463
0.674713,-0.527763
0.674713,-0.527763
0.672745,-0.523578
0.670734,-0.535646
0.670734,-0.535646
0.643769,-0.548148
0.657526,-0.555297
0.65178,-0.568206
0.644289,-0.574535
0.647844,-0.560102
0.647844,-0.560102
0.647844,-0.560102
0.631097,-0.588235
0.653165,-0.556679
0.656099,-0.554685
0.657055,-0.565828
0.657055,-0.565828
0.66387,-0.539839
0.669239,-0.532863
0.650593,-0.556331
0.650593,-0.556331
0.655802,-0.54801
0.661629,-0.543056
0.655598,-0.557555
0.673412,-0.529086
0.665744,-0.535979
0.665744,-0.535979
0.678534,-0.527686
0.664191,-0.539876
0.664191,-0.539876
0.667385,-0.531746
0.667385,-0.531746
0.679516,-0.52033
0.709641,-0.484677
0.709641,-0.484677
0.697311,-0.484939
0.686678,-0.507417
0.686678,-0.507417
0.686678,-0.507417
0.683998,-0.514059
0.682634,-0.517721
0.682634,-0.517721
0.665837,-0.523841
0.665837,-0.523841
0.687374,-0.512472
0.682181,-0.538659
0.690209,-0.528619
0.706272,-0.501656
0.706272,-0.501656
0.703322,-0.503596
0.703322,-0.503596
0.707245,-0.493459
0.703555,-0.492729
0.70044,-0.495075
0.717911,-0.480895
0.73832,-0.43967
0.735784,-0.459895
0.717703,-0.47755
0.72352,-0.463734
0.710187,-0.495421
0.706237,-0.506249
0.699242,-0.495702
0.722836,-0.46445
0.759094,-0.400544
0.771195,-0.380142
0.778779,-0.358381
0.778779,-0.358381
0.78151,-0.368539
0.78151,-0.368539
0.773145,-0.369384
0.76674,-0.376331
0.76674,-0.376331
0.774834,-0.368871
0.774834,-0.368871
0.754045,-0.409977
0.747981,-0.423517
0.747981,-0.423517
0.743831,-0.434305
0.74263,-0.425621
0.738831,-0.435604
0.733393,-0.449241
0.72806,-0.450654
0.735664,-0.447877
0.724976,-0.469129
0.696739,-0.49811
0.718661,-0.481426
0.718661,-0.481426
0.725929,-0.472697
0.706395,-0.488574
0.70252,-0.503324
0.70252,-0.503324
0.70252,-0.503324
0.70252,-0.503324
0.684334,-0.513795
0.684334,-0.513795
0.680612,-0.526569
0.663051,-0.549815
0.663051,-0.549815
0.663051,-0.549815
0.653264,-0.565731
0.653264,-0.565731
0.637535,-0.574013
0.637535,-0.574013
0.645106,-0.569549
0.631101,-0.577694
0.64542,-0.575477
0.614657,-0.617819
0.614657,-0.617819
0.627359,-0.59021
0.623244,-0.58857
0.608677,-0.596847
0.608677,-0.596847
0.608677,-0.596847
0.608677,-0.596847
0.62281,-0.597554
0.62281,-0.597554
0.62281,-0.597554
0.62281,-0.597554
0.598411,-0.612938
0.591897,-0.622705
0.591897,-0.622705
0.576457,-0.630891
0.607334,-0.610561
0.607334,-0.610561
0.636833,-0.572741
0.606699,-0.606206
0.641541,-0.56835
0.643674,-0.567395
0.651438,-0.55816
0.643188,-0.558894
0.649949,-0.569781
0.671164,-0.532844
0.673085,-0.545528
0.653388,-0.559241
0.653388,-0.559241
0.651109,-0.557331
0.638328,-0.585461
0.601553,-0.615215
0.591964,-0.620378
0.591964,-0.620378
0.571856,-0.633205
0.580601,-0.629274
0.580601,-0.629274
0.597779,-0.615358
0.616818,-0.593413
0.602705,-0.617313
0.589261,-0.616784
0.590534,-0.618123
0.604401,-0.617975
0.593641,-0.614621
0.593641,-0.614621
0.602565,-0.605084
0.602565,-0.605084
0.602565,-0.605084
0.601591,-0.603986
0.609601,-0.593839
0.6149,-0.602999
0.639365,-0.570854
0.66486,-0.536359
0.658034,-0.55402
0.651288,-0.563512
0.642745,-0.570873
0.6679,-0.552096
0.655706,-0.562334
0.659899,-0.549015
0.659899,-0.549015
0.659899,-0.549015
0.659899,-0.549015
0.681189,-0.508676
0.681189,-0.508676
0.684612,-0.511585
0.684612,-0.511585
0.707209,-0.480165
0.704777,-0.493686
0.704777,-0.493686
0.704777,-0.493686
0.672423,-0.523374
0.672423,-0.523374
0.672423,-0.523374
0.672902,-0.526525
0.672902,-0.526525
0.672902,-0.526525
0.679379,-0.523388
0.679379,-0.523388
0.679379,-0.523388
0.683496,-0.518539
0.685159,-0.529265
0.661181,-0.546447
0.682004,-0.52262
0.682004,-0.52262
0.699289,-0.50275
0.715261,-0.475396
0.722559,-0.470066
0.711516,-0.487929
0.711516,-0.487929
0.737524,-0.455632
0.738938,-0.443219
0.738938,-0.443219
0.7056,-0.48715
0.695484,-0.509355
0.684671,-0.521896
0.684671,-0.521896
0.684671,-0.521896
0.687014,-0.517519
0.695653,-0.500619
0.69449,-0.500417
0.687867,-0.521456
0.676371,-0.530834
0.650833,-0.558756
0.650833,-0.558756
0.651994,-0.565436
0.663216,-0.542919
0.688852,-0.509692
0.683359,-0.518718
0.664234,-0.548739
0.664234,-0.548739
0.664234,-0.548739
0.659624,-0.553682
0.641786,-0.580286
0.623564,-0.596688
0.651895,-0.564501
0.651895,-0.564501
0.665975,-0.533695
0.673209,-0.52517
0.669482,-0.535169
0.669482,-0.535169
0.685126,-0.513434
0.674271,-0.529536
0.695111,-0.511685
0.693456,-0.50867
0.704595,-0.48722
0.704595,-0.48722
0.72896,-0.464365
0.718344,-0.469884
0.733825,-0.453161
0.733825,-0.453161
0.733825,-0.453161
0.723025,-0.468458
0.723025,-0.468458
0.723025,-0.468458
0.696364,-0.499723
0.696364,-0.499723
0.707681,-0.489789
0.69435,-0.498487
0.688494,-0.519174
0.678464,-0.52472
0.690462,-0.507845
0.650635,-0.573937
0.64691,-0.576345
0.643933,-0.576724
0.634559,-0.590771
0.620581,-0.592889
0.618938,-0.593279
0.618241,-0.593415
0.661041,-0.545172
0.661041,-0.545172
0.661041,-0.545172
0.657471,-0.552273
0.664771,-0.546694
0.672294,-0.546115
0.672294,-0.546115
0.712041,-0.485965
0.736394,-0.450309
0.741014,-0.448452
0.741014,-0.448452
0.751135,-0.411821
0.739606,-0.433183
0.737871,-0.437833
0.737871,-0.437833
0.723539,-0.459537
0.717286,-0.470904
0.718143,-0.464175
0.718143,-0.464175
0.698585,-0.496141
0.721815,-0.463026
0.721815,-0.463026
0.736925,-0.42866
0.748146,-0.414355
0.74227,-0.429449
0.74227,-0.429449
0.74227,-0.429449
0.751826,-0.419456
0.751826,-0.419456
0.751826,-0.419456
0.769497,-0.38367
0.769497,-0.38367
0.784154,-0.340628
0.790486,-0.324228
0.808712,-0.284986
0.808712,-0.284986
0.808712,-0.284986
0.798285,-0.321742
0.794562,-0.31909
0.806183,-0.312531
0.806183,-0.312531
0.806706,-0.322679
0.806706,-0.322679
0.794004,-0.346938
0.757045,-0.409084
0.75544,-0.420914
0.747229,-0.427866
0.719165,-0.464449
0.71506,-0.471502
0.706481,-0.480595
0.706481,-0.480595
0.696981,-0.507734
0.691724,-0.51511
0.691724,-0.51511
0.691724,-0.51511
0.691724,-0.51511
0.691724,-0.51511
0.691724,-0.51511
0.696477,-0.498416
0.698085,-0.507615
0.698085,-0.507615
0.716793,-0.479201
0.727141,-0.466625
0.709568,-0.494035
0.71725,-0.466856
0.735295,-0.443154
0.750616,-0.426837
0.750616,-0.426837
0.77077,-0.389373
0.756581,-0.405246
0.756581,-0.405246
0.780667,-0.363198
0.789698,-0.353135
0.800928,-0.324914
0.794547,-0.334097
0.781965,-0.344243
0.79122,-0.350466
0.79122,-0.350466
0.788523,-0.331066
0.781789,-0.36602
0.787801,-0.363664
0.765559,-0.402637
0.774323,-0.378481
0.767288,-0.379758
0.767288,-0.379758
0.780319,-0.373736
0.799667,-0.337464
0.799512,-0.329139
0.795344,-0.33234
0.781224,-0.353264
0.802999,-0.320896
0.804856,-0.312879
0.804856,-0.312879
0.804856,-0.312879
0.808793,-0.30705
0.808793,-0.30705
0.808793,-0.30705
0.808793,-0.30705
0.808793,-0.30705
0.808913,-0.309318
0.818152,-0.269481
0.824024,-0.255505
0.817461,-0.256543
0.828028,-0.244487
0.828028,-0.244487
0.835438,-0.234811
0.835438,-0.234811
0.819071,-0.232186
0.845025,-0.179686
0.845025,-0.179686
0.834745,-0.210796
0.828554,-0.21856
0.826151,-0.251858
0.832673,-0.23936
0.833551,-0.221521
0.814641,-0.259479
0.81487,-0.249269
0.832066,-0.21303
0.832812,-0.218586
0.818586,-0.254291
0.824164,-0.233751
0.827771,-0.221286
0.815585,-0.226497
0.815585,-0.226497
0.811524,-0.257043
0.805469,-0.264714
0.814174,-0.255178
0.826016,-0.247262
0.812518,-0.281536
0.804435,-0.31642
0.790796,-0.338616
0.790796,-0.338616
0.783276,-0.340784
0.793131,-0.334778
0.781445,-0.366602
0.775436,-0.380406
0.775436,-0.380406
0.775436,-0.380406
0.775436,-0.380406
0.771479,-0.390933
0.751228,-0.412651
0.747801,-0.427283
0.711997,-0.473279
0.707791,-0.490322
0.701797,-0.489829
0.701797,-0.489829
0.701797,-0.489829
0.687354,-0.505665
0.687354,-0.505665
0.701932,-0.498661
0.711349,-0.479936
0.692693,-0.503018
0.671928,-0.522494
0.672362,-0.530465
0.672362,-0.530465
0.708997,-0.487357
0.690233,-0.488701
0.697519,-0.499046
0.67759,-0.526499
0.67759,-0.526499
0.676639,-0.527464
0.666104,-0.538055
0.666104,-0.538055
0.681596,-0.522796
0.681596,-0.522796
0.660609,-0.537441
0.6601,-0.535748
0.659281,-0.55243
0.659281,-0.55243
0.659281,-0.55243
0.659281,-0.55243
0.674094,-0.529071
0.662223,-0.536567
0.683466,-0.522493
0.686646,-0.520123
0.686646,-0.520123
0.69306,-0.514515
0.69306,-0.514515
0.670464,-0.543646
0.656546,-0.545589
0.686164,-0.513064
0.69966,-0.509569
0.709411,-0.482388
0.697825,-0.497204
0.697825,-0.497204
0.689881,-0.519271
0.694661,-0.506193
0.694196,-0.514563
0.679129,-0.520162
0.679129,-0.520162
0.664224,-0.53856
0.692151,-0.519494
0.675325,-0.522364
0.675325,-0.522364
0.673271,-0.51209
0.669451,-0.533341
0.681335,-0.532785
0.703011,-0.506459
0.725036,-0.471216
0.725036,-0.471216
0.725036,-0.471216
0.725036,-0.471216
0.725036,-0.471216
0.711441,-0.486988
0.709864,-0.494876
0.709864,-0.494876
0.670694,-0.534142
0.689295,-0.51767
0.67496,-0.538704
0.663516,-0.555837
0.663516,-0.555837
0.65038,-0.57132
0.65038,-0.57132
0.65038,-0.57132
0.65038,-0.57132
0.653409,-0.554905
0.670986,-0.539631
0.676028,-0.527936
0.684069,-0.528417
0.669199,-0.540863
0.672935,-0.53234
0.657022,-0.552629
0.597904,-0.626086
0.594886,-0.618059
0.59677,-0.600849
0.59677,-0.600849
0.59677,-0.600849
0.588756,-0.624969
0.588756,-0.624969
0.604783,-0.604555
0.566497,-0.640661
0.56332,-0.643437
0.572249,-0.644536
0.576555,-0.647478
0.590466,-0.62757
0.590466,-0.62757
0.60989,-0.612934
0.619401,-0.602186
0.620361,-0.596356
0.620361,-0.596356
0.639123,-0.583283
0.639123,-0.583283
0.62445,-0.589279
0.616805,-0.599001
0.605939,-0.604756
0.615791,-0.601812
0.615791,-0.601812
0.615791,-0.601812
0.615791,-0.601812
0.621041,-0.594951
0.618657,-0.599249
0.628633,-0.594704
0.675238,-0.537084
0.675238,-0.537084
0.671057,-0.535074
0.671057,-0.535074
0.671057,-0.535074
0.674585,-0.523511
0.651361,-0.554836
0.651361,-0.554836
0.630744,-0.58443
0.595975,-0.609659
0.595975,-0.609659
0.60051,-0.60529
0.611074,-0.607638
0.575731,-0.641302
0.575731,-0.641302
0.581307,-0.63496
0.581307,-0.63496
0.581307,-0.63496
0.601791,-0.612381
0.601791,-0.612381
0.601791,-0.612381
0.601791,-0.612381
0.592797,-0.623029
0.574832,-0.640891
0.574832,-0.640891
0.574832,-0.640891
0.574832,-0.640891
0.538446,-0.678024
0.538446,-0.678024
0.508417,-0.701791
0.527918,-0.686609
0.527918,-0.686609
0.527918,-0.686609
0.530776,-0.683931
0.530776,-0.683931
0.520548,-0.694525
0.520548,-0.694525
0.520548,-0.694525
0.527336,-0.6828
0.526265,-0.683699
0.515988,-0.677952
0.518975,-0.676898
0.552149,-0.661371
0.537229,-0.674456
0.533123,-0.670955
0.50805,-0.696911
0.50805,-0.696911
0.548025,-0.670717
0.525659,-0.679754
0.531729,-0.677899
0.552986,-0.653133
0.565269,-0.646746
0.563061,-0.654226
0.563061,-0.654226
0.558006,-0.668283
0.558006,-0.668283
0.512034,-0.68899
0.48724,-0.708221
0.534505,-0.672531
0.534505,-0.672531
0.534505,-0.672531
0.548245,-0.66123
0.514746,-0.676366
0.514746,-0.676366
0.509395,-0.693364
0.494316,-0.702264
0.494316,-0.702264
0.494316,-0.702264
0.511589,-0.688392
0.516253,-0.680297
0.533834,-0.67524
0.493285,-0.704544
0.493285,-0.704544
0.486504,-0.714843
0.486504,-0.714843
0.486504,-0.714843
0.486504,-0.714843
0.511437,-0.691885
0.511437,-0.691885
0.543651,-0.67762
0.543651,-0.67762
0.520975,-0.688553
0.50341,-0.69926
0.513565,-0.696255
0.513565,-0.696255
0.526474,-0.683395
0.520014,-0.684966
0.508587,-0.688377
0.508587,-0.688377
0.508587,-0.688377
0.508587,-0.688377
0.518771,-0.683825
0.518771,-0.683825
0.518771,-0.683825
0.511624,-0.693099
0.502114,-0.691304
0.486351,-0.710429
0.486351,-0.710429
0.490328,-0.70865
0.490328,-0.70865
0.490328,-0.70865
0.490328,-0.70865
0.490328,-0.70865
0.510633,-0.692611
0.51354,-0.691368
0.528654,-0.687514
0.556268,-0.656521
0.556268,-0.656521
0.543776,-0.660359
0.574631,-0.636935
0.57477,-0.64166
0.57477,-0.64166
0.57467,-0.64367
0.5573,-0.654968
0.548126,-0.663344
0.57989,-0.633552
0.601724,-0.59585
0.601724,-0.59585
0.601724,-0.59585
0.601724,-0.59585
0.589708,-0.604309
0.60156,-0.587949
0.599255,-0.603696
0.600971,-0.60843
0.600971,-0.60843
0.600971,-0.60843
0.600971,-0.60843
0.58056,-0.631968
0.58056,-0.631968
0.588855,-0.620461
0.595785,-0.612714
0.60971,-0.600503
0.651269,-0.552957
0.658767,-0.550978
0.66086,-0.555453
0.66086,-0.555453
0.706422,-0.499979
0.706422,-0.499979
0.72334,-0.475979
0.72334,-0.475979
0.708712,-0.497673
0.701994,-0.505906
0.696828,-0.499791
0.694242,-0.504771
0.694242,-0.504771
0.694163,-0.514216
0.694163,-0.514216
0.686571,-0.510015
0.686571,-0.510015
0.696046,-0.499804
0.692791,-0.506487
0.708296,-0.480524
0.708296,-0.480524
0.710867,-0.484814
0.710867,-0.484814
0.71069,-0.490619
0.71069,-0.490619
0.728285,-0.456891
0.703084,-0.488497
0.712514,-0.485376
0.712514,-0.485376
0.707951,-0.494205
0.688168,-0.519238
0.666885,-0.540276
0.658462,-0.551806
0.695418,-0.502196
0.695418,-0.502196
0.695418,-0.502196
0.716193,-0.480837
0.715058,-0.470755
0.682495,-0.512807
0.663048,-0.55467
0.663048,-0.55467
0.665035,-0.541234
0.650505,-0.554615
0.668356,-0.5338
0.675855,-0.536725
0.693374,-0.504058
0.692476,-0.505439
0.68769,-0.507355
0.68769,-0.507355
0.690846,-0.502671
0.683966,-0.520929
0.660715,-0.544841
0.635144,-0.577109
0.651972,-0.552701
0.655039,-0.555292
0.642746,-0.571381
0.65718,-0.561171
0.641922,-0.580219
0.632095,-0.583008
0.644648,-0.576519
0.616899,-0.604075
0.59162,-0.628548
0.600191,-0.623389
0.620138,-0.595066
0.620138,-0.595066
0.621722,-0.591976
0.596666,-0.621476
0.596666,-0.621476
0.598115,-0.618675
0.608498,-0.597785
0.608498,-0.597785
0.61299,-0.593084
0.607691,-0.595809
0.605939,-0.588831
0.629294,-0.58109
0.626992,-0.583967
0.626992,-0.583967
0.651892,-0.560643
0.656945,-0.543172
0.634669,-0.569439
0.634669,-0.569439
0.639332,-0.587845
0.633671,-0.582128
0.633671,-0.582128
0.646791,-0.572166
0.646791,-0.572166
0.652582,-0.562776
0.66763,-0.546325
0.678669,-0.52782
0.678669,-0.52782
0.687226,-0.520159
0.672819,-0.54121
0.672819,-0.54121
0.672819,-0.54121
0.674895,-0.530061
0.674895,-0.530061
0.658809,-0.542388
0.658809,-0.542388
0.658809,-0.542388
0.658809,-0.542388
0.658809,-0.542388
0.670004,-0.538062
0.70594,-0.501494
0.699255,-0.498706
0.695187,-0.50933
0.698899,-0.507935
0.693523,-0.51325
0.683098,-0.52557
0.691898,-0.511225
0.691898,-0.511225
0.705866,-0.48614
0.697316,-0.49637
0.719402,-0.478659
0.736206,-0.442784
0.714631,-0.478309
0.711002,-0.487142
0.685763,-0.523131
0.671535,-0.544386
0.699795,-0.509126
0.694439,-0.519625
0.676319,-0.546118
0.676319,-0.546118
0.660299,-0.5648
0.659992,-0.5609
0.659992,-0.5609
0.679798,-0.533954
0.679798,-0.533954
0.662485,-0.55647
0.658373,-0.552054
0.680424,-0.53056
0.680424,-0.53056
0.69425,-0.503621
0.693494,-0.503876
0.693494,-0.503876
0.693494,-0.503876
0.693494,-0.503876
0.693494,-0.503876
0.693494,-0.503876
0.693494,-0.503876
0.693494,-0.503876
0.693494,-0.503876
0.693494,-0.503876
0.693494,-0.503876
0.693494,-0.503876
0.693494,-0.503876
0.693494,-0.503876
0.680646,-0.527717
0.67957,-0.527105
0.688994,-0.518229
0.669318,-0.54305
0.669318,-0.54305
0.669318,-0.54305
0.629794,-0.582484
0.629794,-0.582484
0.629794,-0.582484
0.625208,-0.595039
0.622722,-0.595039
0.649375,-0.553524
0.682214,-0.51944
0.658842,-0.542076
0.614834,-0.584205
0.636753,-0.570438
0.646726,-0.55718
0.67406,-0.52584
0.695605,-0.50068
0.717117,-0.466046
0.733439,-0.432989
0.748206,-0.430614
0.774095,-0.37485
0.774095,-0.37485
0.758945,-0.397619
0.776115,-0.384418
0.754559,-0.412569
0.754559,-0.412569
0.754559,-0.412569
0.754559,-0.412569
0.727252,-0.453172
0.727252,-0.453172
0.751569,-0.41723
0.751569,-0.41723
0.748201,-0.413619
0.76301,-0.402093
0.76924,-0.393213
0.76924,-0.393213
0.76924,-0.393213
0.762775,-0.412123
0.772616,-0.393899
0.772616,-0.393899
0.763485,-0.397776
0.774249,-0.392221
0.75778,-0.415353
0.757698,-0.42036
0.757698,-0.42036
0.757698,-0.42036
0.757698,-0.42036
0.757698,-0.42036
0.743294,-0.442393
0.743294,-0.442393
0.743294,-0.442393
0.743294,-0.442393
0.743294,-0.442393
0.7279,-0.459711
0.720954,-0.464446
0.742441,-0.448415
0.732832,-0.457959
0.712321,-0.491931
0.697726,-0.501329
0.682885,-0.52358
0.682885,-0.52358
0.682885,-0.52358
0.682885,-0.52358
0.702286,-0.490847
0.717555,-0.479984
0.697943,-0.506575
0.697943,-0.506575
0.691122,-0.504045
0.691122,-0.504045
0.704451,-0.499239
0.706145,-0.490901
0.706145,-0.490901
0.706145,-0.490901
0.706145,-0.490901
0.685626,-0.519813
0.662019,-0.55119
0.658599,-0.562069
0.630735,-0.580454
0.652355,-0.570128
0.63812,-0.584178
0.611464,-0.609466
0.596115,-0.613496
0.630918,-0.591348
0.658971,-0.558712
0.658971,-0.558712
0.686418,-0.53657
0.686418,-0.53657
0.671435,-0.545374
0.656508,-0.554691
0.656508,-0.554691
0.656508,-0.554691
0.650138,-0.559165
0.683353,-0.518234
0.683353,-0.518234
0.647691,-0.544233
0.651991,-0.552694
0.656282,-0.559473
0.656282,-0.559473
0.656282,-0.559473
0.663138,-0.54811
0.663138,-0.54811
0.663138,-0.54811
0.649041,-0.559002
0.649041,-0.559002
0.653197,-0.563761
0.64098,-0.579403
0.635719,-0.587383
0.635719,-0.587383
0.635719,-0.587383
0.632366,-0.578205
0.632366,-0.578205
0.657295,-0.551951
0.657295,-0.551951
0.657295,-0.551951
0.666939,-0.539686
0.666939,-0.539686
0.666939,-0.539686
0.666939,-0.539686
0.681346,-0.518595
0.681346,-0.518595
0.682376,-0.511726
0.688776,-0.508955
0.688776,-0.508955
0.688776,-0.508955
0.69649,-0.492335
0.703784,-0.483276
0.681174,-0.515991
0.681174,-0.515991
0.661719,-0.537342
0.661719,-0.537342
0.661719,-0.537342
0.681725,-0.52135
0.691335,-0.493855
0.691335,-0.493855
0.691335,-0.493855
0.705354,-0.477353
0.732182,-0.440817
0.733572,-0.431409
0.746516,-0.409382
0.753009,-0.408583
0.768811,-0.377522
0.781345,-0.343656
0.761635,-0.383922
0.766494,-0.371405
0.761319,-0.387358
0.747014,-0.396779
0.7693,-0.371142
0.7693,-0.371142
0.77146,-0.369503
0.77146,-0.369503
0.786072,-0.334653
0.786072,-0.334653
0.79398,-0.321669
0.806693,-0.30634
0.792416,-0.315688
0.79179,-0.327624
0.790359,-0.336494
0.790359,-0.336494
0.790359,-0.336494
0.759151,-0.401334
0.737836,-0.430521
0.749263,-0.427411
0.754393,-0.414772
0.754393,-0.414772
0.744369,-0.43995
0.726596,-0.470711
0.726596,-0.470711
0.726596,-0.470711
0.726596,-0.470711
0.713856,-0.484116
0.713856,-0.484116
0.713856,-0.484116
0.713856,-0.484116
0.720307,-0.45974
0.720307,-0.45974
0.720307,-0.45974
0.720307,-0.45974
0.720307,-0.45974
0.72975,-0.46357
0.72975,-0.46357
0.727989,-0.461002
0.732766,-0.439274
0.732766,-0.439274
0.716183,-0.470714
0.720174,-0.47592
0.720174,-0.47592
0.735201,-0.452104
0.725703,-0.468975
0.701305,-0.49763
0.70695,-0.498445
0.663134,-0.546529
0.676691,-0.531079
0.653455,-0.558978
0.634728,-0.586825
0.634519,-0.58263
0.634519,-0.58263
0.648811,-0.56218
0.661341,-0.560863
0.661341,-0.560863
0.647336,-0.572809
0.647336,-0.572809
0.677359,-0.528164
0.677359,-0.528164
0.682656,-0.533441
0.660029,-0.549391
0.660029,-0.549391
0.653319,-0.551852
0.653319,-0.551852
0.653319,-0.551852
0.650374,-0.565684
0.650374,-0.565684
0.649874,-0.567694
0.649874,-0.567694
0.649874,-0.567694
0.668386,-0.542055
0.684675,-0.525634
0.684675,-0.525634
0.676221,-0.544674
0.64233,-0.575967
0.67535,-0.539321
0.67535,-0.539321
0.665221,-0.550589
0.661504,-0.536474
0.671271,-0.527126
0.687887,-0.520892
0.668821,-0.543107
0.654119,-0.561643
0.642341,-0.575075
0.642341,-0.575075
0.642341,-0.575075
0.642341,-0.575075
0.642341,-0.575075
0.642341,-0.575075
0.645007,-0.55766
0.603598,-0.61377
0.634308,-0.579076
0.634308,-0.579076
0.647585,-0.552778
0.647585,-0.552778
0.665175,-0.545064
0.658857,-0.562685
0.658056,-0.559159
0.665434,-0.548694
0.663275,-0.561346
0.661346,-0.548026
0.658558,-0.550891
0.658558,-0.550891
0.658558,-0.550891
0.648968,-0.562324
0.648968,-0.562324
0.64645,-0.556619
0.64645,-0.556619
0.64645,-0.556619
0.64645,-0.556619
0.64645,-0.556619
0.64645,-0.556619
0.64645,-0.556619
0.624695,-0.579674
0.593117,-0.617996
0.593117,-0.617996
0.549714,-0.66217
0.549714,-0.66217
0.561276,-0.651631
0.561276,-0.651631
0.561276,-0.651631
0.55502,-0.659924
0.55502,-0.659924
0.534371,-0.677858
0.5191,-0.687506
0.546131,-0.666511
0.538541,-0.678268
0.554915,-0.654112
0.545822,-0.65743
0.529584,-0.68414
0.529584,-0.68414
0.522138,-0.682612
0.518511,-0.684981
0.549725,-0.65721
0.554697,-0.663154
0.554697,-0.663154
0.548075,-0.661745
0.548075,-0.661745
0.548075,-0.661745
0.560976,-0.651089
0.567836,-0.641822
0.567836,-0.641822
0.567836,-0.641822
0.567836,-0.641822
0.592128,-0.624894
0.608607,-0.605806
0.629561,-0.58186
0.598487,-0.618641
0.573769,-0.634726
0.625228,-0.594024
0.617504,-0.579849
0.58997,-0.620739
0.5601,-0.650757
0.566383,-0.646083
0.566383,-0.646083
0.566383,-0.646083
0.558569,-0.651619
0.558569,-0.651619
0.558569,-0.651619
0.590609,-0.627819
0.577175,-0.645891
0.598861,-0.617241
0.598861,-0.617241
0.598861,-0.617241
0.563752,-0.634714
0.568381,-0.64352
0.546825,-0.659722
0.546825,-0.659722
0.547199,-0.65955
0.530092,-0.680357
0.507274,-0.694014
0.54735,-0.658969
0.561214,-0.654388
0.561214,-0.654388
0.575166,-0.642435
0.575166,-0.642435
0.575166,-0.642435
0.55008,-0.65907
0.548346,-0.66408
0.52904,-0.677296
0.52904,-0.677296
0.51752,-0.685714
0.544234,-0.656737
0.544234,-0.656737
0.544234,-0.656737
0.544234,-0.656737
0.553593,-0.654062
0.553593,-0.654062
0.519694,-0.676264
0.519694,-0.676264
0.519694,-0.676264
0.519245,-0.692454
0.547504,-0.671289
0.513185,-0.695856
0.513185,-0.695856
0.483541,-0.704545
0.483541,-0.704545
0.483541,-0.704545
0.50262,-0.698843
0.50262,-0.698843
0.51229,-0.694511
0.509654,-0.70025
0.538505,-0.666063
0.515771,-0.688636
0.500178,-0.696084
0.500178,-0.696084
0.500178,-0.696084
0.524279,-0.68797
0.530255,-0.68131
0.52959,-0.676976
0.553324,-0.654211
0.560747,-0.648721
0.614695,-0.602028
0.614695,-0.602028
0.623516,-0.604101
0.609774,-0.606905
0.609774,-0.606905
0.61283,-0.595899
0.63623,-0.581113
0.639822,-0.578451
0.639822,-0.578451
0.633134,-0.58743
0.633134,-0.58743
0.634809,-0.583976
0.595911,-0.624191
0.615914,-0.606565
0.580183,-0.62829
0.624636,-0.589516
0.650231,-0.561381
0.637962,-0.581475
0.665754,-0.545737
0.665754,-0.545737
0.641559,-0.575276
0.660048,-0.558377
0.657986,-0.54718
0.65897,-0.555994
0.65897,-0.555994
0.634614,-0.583635
0.634614,-0.583635
0.656085,-0.557066
0.631965,-0.58751
0.601692,-0.597001
0.588546,-0.616524
0.621914,-0.5811
0.621914,-0.5811
0.618181,-0.576535
0.590519,-0.606996
0.602874,-0.615229
0.602874,-0.615229
0.602874,-0.615229
0.578257,-0.621541
0.590047,-0.623446
0.603999,-0.609501
0.594989,-0.615746
0.594989,-0.615746
0.594989,-0.615746
0.579618,-0.633264
0.579618,-0.633264
0.556941,-0.659238
0.552327,-0.661839
0.552327,-0.661839
0.546749,-0.663014
0.546749,-0.663014
0.565335,-0.652109
0.576874,-0.637977
0.570778,-0.64739
0.584229,-0.636193
0.584229,-0.636193
0.584229,-0.636193
0.584229,-0.636193
0.580641,-0.634676
0.580641,-0.634676
0.56477,-0.6485
0.547673,-0.663581
0.564036,-0.658301
0.556517,-0.655296
0.601199,-0.625274
0.592324,-0.635051
0.62461,-0.606449
0.62461,-0.606449
0.618886,-0.607801
0.573453,-0.648435
0.547071,-0.663528
0.537274,-0.668439
0.537274,-0.668439
0.536721,-0.669154
0.536721,-0.669154
0.558406,-0.650104
0.574885,-0.627199
0.574885,-0.627199
0.58396,-0.623231
0.56739,-0.642269
0.563031,-0.644375
0.563031,-0.644375
0.563031,-0.644375
0.554831,-0.650761
0.541555,-0.670625
0.547597,-0.658258
0.547597,-0.658258
0.547597,-0.658258
0.512628,-0.681976
0.512628,-0.681976
0.498226,-0.704364
0.51129,-0.69076
0.554111,-0.66136
0.554111,-0.66136
0.544512,-0.671775
0.562612,-0.658675
0.565421,-0.657626
0.565421,-0.657626
0.596201,-0.623664
0.607074,-0.614119
0.612075,-0.609614
0.61715,-0.602169
0.61219,-0.608688
0.586859,-0.639872
0.552554,-0.663679
0.58175,-0.641713
0.58175,-0.641713
0.58175,-0.641713
0.585228,-0.634689
0.571442,-0.633923
0.571442,-0.633923
0.577769,-0.646473
0.61399,-0.612459
0.61399,-0.612459
0.613114,-0.605076
0.613114,-0.605076
0.606569,-0.611254
0.606569,-0.611254
0.606569,-0.611254
0.638803,-0.57829
0.680726,-0.529487
0.720629,-0.477431
0.718579,-0.478141
0.696805,-0.504566
0.696805,-0.504566
0.692051,-0.515525
0.692051,-0.515525
0.669775,-0.538071
0.67141,-0.548069
0.675269,-0.545759
0.676547,-0.536062
0.676547,-0.536062
0.709566,-0.497175
0.709916,-0.49363
0.706334,-0.489815
0.728161,-0.454107
0.708815,-0.481976
0.714939,-0.47692
0.720104,-0.480455
0.740039,-0.442604
0.740039,-0.442604
0.727851,-0.466894
0.727851,-0.466894
0.734402,-0.452697
0.716433,-0.469098
0.737195,-0.45432
0.745216,-0.442211
0.724751,-0.468936
0.718947,-0.470643
0.725774,-0.463904
0.725774,-0.463904
0.72993,-0.445142
0.739413,-0.432903
0.725186,-0.46437
0.731533,-0.457176
0.731533,-0.457176
0.731533,-0.457176
0.731533,-0.457176
0.731533,-0.457176
0.721986,-0.47516
0.731031,-0.462027
0.731031,-0.462027
0.731031,-0.462027
0.731031,-0.462027
0.73203,-0.457341
0.73203,-0.457341
0.71465,-0.470285
0.726873,-0.448941
0.729769,-0.457179
0.735999,-0.433559
0.737097,-0.435781
0.745236,-0.440504
0.745236,-0.440504
0.745236,-0.440504
0.745236,-0.440504
0.745236,-0.440504
0.742413,-0.439503
0.730176,-0.439806
0.741695,-0.436713
0.740781,-0.433073
0.765914,-0.395792
0.755436,-0.417155
0.72799,-0.46797
0.70575,-0.500572
0.697564,-0.519486
0.694935,-0.521173
0.694935,-0.521173
0.68,-0.528044
0.678244,-0.529706
0.694121,-0.500289
0.694121,-0.500289
0.683856,-0.518869
0.683856,-0.518869
0.688765,-0.499051
0.709646,-0.48581
0.709646,-0.48581
0.731179,-0.448999
0.71904,-0.46338
0.71904,-0.46338
0.720827,-0.464136
0.734293,-0.452533
0.723584,-0.473521
0.723584,-0.473521
0.696275,-0.519197
0.696275,-0.519197
0.696275,-0.519197
0.696275,-0.519197
0.683465,-0.521631
0.706486,-0.484206
0.738249,-0.45258
0.752456,-0.429362
0.752456,-0.429362
0.752456,-0.429362
0.734328,-0.441446
0.725555,-0.454549
0.725555,-0.454549
0.730917,-0.439194
0.748467,-0.427115
0.736629,-0.439041
0.736629,-0.439041
0.742923,-0.42581
0.742923,-0.42581
0.742923,-0.42581
0.742923,-0.42581
0.742923,-0.42581
0.737825,-0.446277
0.737825,-0.446277
0.755304,-0.424416
0.757571,-0.416155
0.751314,-0.4181
0.739284,-0.423309
0.739284,-0.423309
0.71536,-0.474668
0.71536,-0.474668
0.71536,-0.474668
0.71536,-0.474668
0.727038,-0.467782
0.725295,-0.473579
0.725295,-0.473579
0.725295,-0.473579
0.719932,-0.474941
0.724819,-0.465602
0.724819,-0.465602
0.724819,-0.465602
0.728267,-0.464814
0.728267,-0.464814
0.728267,-0.464814
0.711761,-0.480712
0.697667,-0.503365
0.685566,-0.528776
0.681595,-0.526111
0.693591,-0.515061
0.693591,-0.515061
0.695218,-0.499384
0.700395,-0.50548
0.718981,-0.472196
0.737141,-0.461584
0.712538,-0.493755
0.688646,-0.503195
0.694028,-0.507317
0.683301,-0.521301
0.712248,-0.484566
0.712248,-0.484566
0.72772,-0.469751
0.723344,-0.478115
0.723344,-0.478115
0.723344,-0.478115
0.723344,-0.478115
0.736519,-0.445138
0.720871,-0.463695
0.713642,-0.474523
0.713642,-0.474523
0.713642,-0.474523
0.715994,-0.472294
0.734065,-0.434134
0.750347,-0.408055
0.728123,-0.454939
0.709369,-0.483035
0.6903,-0.488615
0.6903,-0.488615
0.69311,-0.501026
0.699459,-0.49879
0.713676,-0.458359
0.713676,-0.458359
0.68869,-0.504476
0.68869,-0.504476
0.68869,-0.504476
0.668439,-0.526617
0.665778,-0.543436
0.665778,-0.543436
0.638354,-0.576474
0.650421,-0.548865
0.642781,-0.562242
0.659121,-0.553142
0.659121,-0.553142
0.659121,-0.553142
0.659121,-0.553142
0.664698,-0.545813
0.638127,-0.564176
0.63139,-0.595299
0.613931,-0.601087
0.589731,-0.631169
0.581374,-0.641325
0.588422,-0.629129
0.60089,-0.610522
0.614444,-0.600328
0.614444,-0.600328
0.60314,-0.61305
0.578661,-0.626417
0.591174,-0.620609
0.59716,-0.618757
0.591954,-0.622243
0.591954,-0.622243
0.616908,-0.592433
0.658489,-0.545148
0.654766,-0.566579
0.642816,-0.56915
0.642816,-0.56915
0.636061,-0.58167
0.596267,-0.616454
0.605754,-0.61487
0.602845,-0.616969
0.607823,-0.60643
0.605214,-0.614298
0.605214,-0.614298
0.605214,-0.614298
0.605214,-0.614298
0.605214,-0.614298
0.590257,-0.626814
0.590257,-0.626814
0.6135,-0.601577
0.60053,-0.611371
0.594086,-0.617719
0.616953,-0.599304
0.601537,-0.614961
0.568438,-0.646744
0.584171,-0.637734
0.584171,-0.637734
0.588671,-0.626654
0.575646,-0.637874
0.568756,-0.643275
0.568756,-0.643275
0.551303,-0.656524
0.559264,-0.654606
0.548011,-0.670226
0.548011,-0.670226
0.548011,-0.670226
0.548011,-0.670226
0.548011,-0.670226
0.541275,-0.673447
0.562728,-0.658055
0.55523,-0.656026
0.55523,-0.656026
0.584673,-0.6335
0.584673,-0.6335
0.596435,-0.618385
0.596435,-0.618385
0.596435,-0.618385
0.608229,-0.607211
0.615413,-0.607939
0.584427,-0.625053
0.584427,-0.625053
0.584427,-0.625053
0.586904,-0.624451
0.591867,-0.622096
0.591867,-0.622096
0.587512,-0.631394
0.587512,-0.631394
0.596216,-0.626907
0.596216,-0.626907
0.584691,-0.627831
0.584691,-0.627831
0.544851,-0.662739
0.500807,-0.689751
0.500807,-0.689751
0.472687,-0.714559
0.48342,-0.7054
0.471262,-0.705249
0.493428,-0.708368
0.493081,-0.701793
0.455235,-0.726675
0.424102,-0.746888
0.424102,-0.746888
0.418879,-0.749669
0.418879,-0.749669
0.438933,-0.741446
0.453908,-0.730454
0.453908,-0.730454
0.420057,-0.752139
0.427679,-0.750316
0.427679,-0.750316
0.434441,-0.750546
0.440174,-0.744669
0.421548,-0.757869
0.421548,-0.757869
0.4378,-0.752411
0.4378,-0.752411
0.4378,-0.752411
0.452529,-0.731575
0.452529,-0.731575
0.452529,-0.731575
0.476772,-0.721463
0.476772,-0.721463
0.476772,-0.721463
0.439809,-0.741359
0.440767,-0.737038
0.400571,-0.762617
0.400571,-0.762617
0.411059,-0.762206
0.411059,-0.762206
0.411059,-0.762206
0.432384,-0.746698
0.425347,-0.742045
0.429671,-0.740181
0.424743,-0.740641
0.438214,-0.737134
0.414737,-0.754915
0.44032,-0.7443
0.448286,-0.736698
0.426751,-0.743821
0.450342,-0.733084
0.450342,-0.733084
0.450342,-0.733084
0.480303,-0.715655
0.538547,-0.66731
0.520437,-0.689659
0.520437,-0.689659
0.469511,-0.715394
0.506763,-0.691928
0.506763,-0.691928
0.509126,-0.692461
0.47939,-0.711299
0.47939,-0.711299
0.47939,-0.711299
0.47939,-0.711299
0.481693,-0.71233
0.469247,-0.721624
0.485233,-0.709761
0.45245,-0.727903
0.446081,-0.733606
0.446081,-0.733606
0.446081,-0.733606
0.446081,-0.733606
0.461023,-0.721607
0.50268,-0.696316
0.50268,-0.696316
0.50268,-0.696316
0.50268,-0.696316
0.467035,-0.72425
0.467035,-0.72425
0.461146,-0.72525
0.461146,-0.72525
0.461146,-0.72525
0.468929,-0.715299
0.478574,-0.708415
0.516894,-0.682514
0.526924,-0.665184
0.53714,-0.66681
0.53714,-0.66681
0.556106,-0.645989
0.578999,-0.630872
0.603009,-0.614781
0.58521,-0.626061
0.582046,-0.618926
0.604354,-0.60181
0.604354,-0.60181
0.618066,-0.587191
0.618066,-0.587191
0.612116,-0.593966
0.633636,-0.57912
0.602301,-0.605599
0.602301,-0.605599
0.602301,-0.605599
0.631193,-0.577592
0.640001,-0.572582
0.646988,-0.559593
0.671787,-0.537435
0.671787,-0.537435
0.671787,-0.537435
0.671787,-0.537435
0.686806,-0.512625
0.678163,-0.526641
0.654806,-0.558295
0.660599,-0.550254
0.672374,-0.547486
0.658748,-0.543584
0.649345,-0.567409
0.649345,-0.567409
0.664157,-0.544271
0.664157,-0.544271
0.659385,-0.550045
0.670184,-0.536514
0.633334,-0.577006
0.631216,-0.583514
0.634724,-0.575225
0.652881,-0.55574
0.68247,-0.52701
0.697889,-0.500089
0.697889,-0.500089
0.71038,-0.477453
0.705794,-0.475209
0.705794,-0.475209
0.723705,-0.450317
0.735326,-0.438211
0.735326,-0.438211
0.753535,-0.411669
0.753535,-0.411669
0.756991,-0.407901
0.756991,-0.407901
0.754041,-0.408241
0.754041,-0.408241
0.754041,-0.408241
0.732862,-0.445808
0.732862,-0.445808
0.744159,-0.427422
0.740006,-0.443761
0.738145,-0.436542
0.738145,-0.436542
0.739468,-0.431099
0.739468,-0.431099
0.742409,-0.4397
0.716548,-0.469807
0.716548,-0.469807
0.716548,-0.469807
0.716548,-0.469807
0.716548,-0.469807
0.719016,-0.462433
0.719016,-0.462433
0.719016,-0.462433
0.698839,-0.503774
0.713924,-0.49338
0.69828,-0.496404
0.703472,-0.494082
0.701207,-0.494529
0.701207,-0.494529
0.713971,-0.483117
0.713971,-0.483117
0.708503,-0.481869
0.723379,-0.473575
0.697732,-0.492
0.697732,-0.492
0.686488,-0.525666
0.686488,-0.525666
0.693544,-0.511949
0.713564,-0.477289
0.713564,-0.477289
0.695529,-0.501291
0.698511,-0.495315
0.698511,-0.495315
0.679107,-0.52682
0.663153,-0.537752
0.665464,-0.539497
0.660261,-0.55333
0.679523,-0.536305
0.6577,-0.558241
0.636293,-0.59642
0.638138,-0.590146
0.64596,-0.574064
0.65353,-0.555638
0.659929,-0.557509
0.64241,-0.575601
0.631029,-0.591351
0.638916,-0.572277
0.638916,-0.572277
0.615576,-0.591986
0.625393,-0.57299
0.625393,-0.57299
0.624995,-0.571083
0.597875,-0.609279
0.624645,-0.587079
0.619533,-0.589871
0.626214,-0.588591
0.608428,-0.603549
0.586318,-0.623194
0.615956,-0.600657
0.599181,-0.615504
0.599181,-0.615504
0.5817,-0.63009
0.5817,-0.63009
0.5817,-0.63009
0.545395,-0.663408
0.545395,-0.663408
0.504415,-0.688086
0.488179,-0.696689
0.478095,-0.703372
0.484986,-0.709719
0.484986,-0.709719
0.484986,-0.709719
0.484986,-0.709719
0.436561,-0.73218
0.439095,-0.727111
0.465463,-0.709144
0.43275,-0.728534
0.43275,-0.728534
0.43275,-0.728534
0.43275,-0.728534
0.466305,-0.71921
0.466305,-0.71921
0.445189,-0.734296
0.42609,-0.75184
0.42609,-0.75184
0.42609,-0.75184
0.408134,-0.755041
0.407627,-0.755399
0.407627,-0.755399
0.407627,-0.755399
0.372872,-0.765663
0.387855,-0.764678
0.387855,-0.764678
0.443614,-0.735707
0.447746,-0.733144
0.447746,-0.733144
0.444351,-0.727665
0.400651,-0.757664
0.400651,-0.757664
0.400651,-0.757664
0.385757,-0.763329
0.335807,-0.790004
0.335807,-0.790004
0.335807,-0.790004
0.350177,-0.78658
0.350177,-0.78658
0.349395,-0.782799
0.365393,-0.778813
0.365393,-0.778813
0.365393,-0.778813
0.365393,-0.778813
0.368189,-0.774115
0.36496,-0.777029
0.36496,-0.777029
0.359545,-0.777351
0.359545,-0.777351
0.371629,-0.781935
0.379705,-0.776869
0.379705,-0.776869
0.381273,-0.771979
0.402089,-0.762583
0.402089,-0.762583
0.434654,-0.749774
0.387647,-0.770643
0.387647,-0.770643
0.387647,-0.770643
0.376774,-0.778126
0.380588,-0.775431
0.419712,-0.75862
0.456111,-0.731601
0.456111,-0.731601
0.455416,-0.724831
0.462554,-0.732707
0.453969,-0.739486
0.424484,-0.746947
0.424484,-0.746947
0.456474,-0.735256
0.456474,-0.735256
0.449295,-0.734216
0.449155,-0.730173
0.449155,-0.730173
0.449155,-0.730173
0.449155,-0.730173
0.449155,-0.730173
0.449075,-0.734402
0.466735,-0.714819
0.466735,-0.714819
0.479177,-0.714198
0.474179,-0.718032
0.474179,-0.718032
0.474179,-0.718032
0.47584,-0.705525
0.47584,-0.705525
0.47584,-0.705525
0.47584,-0.705525
0.47584,-0.705525
0.475124,-0.708546
0.481659,-0.702734
0.431155,-0.733429
0.431155,-0.733429
0.40595,-0.747661
0.40595,-0.747661
0.40595,-0.747661
0.41212,-0.736501
0.411706,-0.750215
0.411706,-0.750215
0.411706,-0.750215
0.378897,-0.76674
0.378897,-0.76674
0.380699,-0.764549
0.380699,-0.764549
0.38425,-0.769919
0.377946,-0.774972
0.411677,-0.749779
0.397805,-0.758645
0.397805,-0.758645
0.388572,-0.755489
0.403421,-0.750461
0.390535,-0.77126
0.40934,-0.75926
0.42501,-0.750031
0.42501,-0.750031
0.435519,-0.748971
0.449468,-0.733871
0.460485,-0.731398
0.435053,-0.741361
0.399675,-0.757694
0.388451,-0.774339
0.369642,-0.783447
0.369642,-0.783447
0.369642,-0.783447
0.357321,-0.784071
0.350986,-0.782678
0.371726,-0.77832
0.364893,-0.777749
0.363896,-0.781092
0.362405,-0.77015
0.389781,-0.752804
0.372261,-0.764894
0.357432,-0.772338
0.36477,-0.780154
0.374874,-0.773933
0.411705,-0.753745
0.406945,-0.761833
0.38903,-0.767903
0.376261,-0.770841
0.378611,-0.77145
0.378611,-0.77145
0.37342,-0.769517
0.393201,-0.763185
0.375854,-0.768124
0.375854,-0.768124
0.375854,-0.768124
0.419884,-0.756414
0.421309,-0.759491
0.432439,-0.741023
0.429219,-0.74239
0.429219,-0.74239
0.429219,-0.74239
0.429219,-0.74239
0.409435,-0.754051
0.403421,-0.755944
0.445443,-0.743469
0.500243,-0.704791
0.500243,-0.704791
0.491582,-0.709229
0.509176,-0.687965
0.509176,-0.687965
0.496935,-0.70311
0.506214,-0.694999
0.496486,-0.698846
0.496486,-0.698846
0.516219,-0.683318
0.492579,-0.699086
0.464971,-0.719596
0.45842,-0.722179
0.43507,-0.739905
0.469221,-0.723684
0.50897,-0.700932
0.50897,-0.700932
0.539046,-0.666436
0.548615,-0.66221
0.556155,-0.653706
0.556155,-0.653706
0.576835,-0.633077
0.576835,-0.633077
0.576835,-0.633077
0.580228,-0.624833
0.580228,-0.624833
0.608391,-0.606927
0.608391,-0.606927
0.608391,-0.606927
0.577052,-0.63675
0.577052,-0.63675
0.56314,-0.653447
0.55096,-0.662284
0.55096,-0.662284
0.55096,-0.662284
0.57239,-0.636026
0.549714,-0.657184
0.549714,-0.657184
0.563512,-0.640636
0.540726,-0.66367
0.560024,-0.65036
0.563204,-0.640499
0.575712,-0.639079
0.551124,-0.6534
0.618045,-0.602507
0.609529,-0.600366
0.647335,-0.575489
0.647335,-0.575489
0.647077,-0.572028
0.670521,-0.547399
0.670521,-0.547399
0.709074,-0.479169
0.709074,-0.479169
0.709074,-0.479169
0.709074,-0.479169
0.712298,-0.473391
0.710185,-0.48254
0.710185,-0.48254
0.710185,-0.48254
0.710185,-0.48254
0.710185,-0.48254
0.710185,-0.48254
0.702614,-0.495447
0.699693,-0.498046
0.70599,-0.50087
0.730555,-0.451241
0.720915,-0.471932
0.727816,-0.4617
0.740123,-0.44588
0.73414,-0.449217
0.748311,-0.435737
0.758155,-0.415584
0.758155,-0.415584
0.749734,-0.428091
0.760992,-0.398495
0.777095,-0.3534
0.780062,-0.353853
0.785041,-0.364565
0.785041,-0.364565
0.785041,-0.364565
0.789446,-0.340586
0.782874,-0.341757
0.782874,-0.341757
0.787621,-0.358718
0.787621,-0.358718
0.760939,-0.398375
0.769364,-0.38167
0.757509,-0.396296
0.764161,-0.394358
0.764161,-0.394358
0.768369,-0.390276
0.774308,-0.379763
0.774308,-0.379763
0.774308,-0.379763
0.774308,-0.379763
0.759524,-0.398072
0.759524,-0.398072
0.759524,-0.398072
0.76715,-0.386777
0.76715,-0.386777
0.76715,-0.386777
0.797514,-0.326776
0.79835,-0.323016
0.803113,-0.313767
0.804373,-0.306871
0.804373,-0.306871
0.804373,-0.306871
0.810269,-0.283181
0.810269,-0.283181
0.810269,-0.283181
0.807064,-0.284187
0.806035,-0.296035
0.779764,-0.32909
0.799229,-0.300557
0.799229,-0.300557
0.821444,-0.255232
0.821444,-0.255232
0.821444,-0.255232
0.839618,-0.188171
0.839618,-0.188171
0.848969,-0.15414
0.848969,-0.15414
0.844345,-0.184246
0.837899,-0.191399
0.828145,-0.18752
0.824881,-0.223749
0.839489,-0.183858
0.842186,-0.174546
0.848585,-0.159696
0.848585,-0.159696
0.848776,-0.139726
0.851151,-0.144305
0.85121,-0.156848
0.847736,-0.186752
0.845509,-0.173318
0.848264,-0.161375
0.838183,-0.182956
0.834111,-0.145168
0.834111,-0.145168
0.85301,-0.122611
0.848477,-0.123528
0.851535,-0.11126
0.849252,-0.114206
0.85745,-0.104584
0.854211,-0.108657
0.848049,-0.126931
0.842908,-0.134392
0.846171,-0.14389
0.844668,-0.150465
0.844668,-0.150465
0.826689,-0.224484
0.826689,-0.224484
0.832865,-0.225111
0.821615,-0.23763
0.832808,-0.222128
0.832808,-0.222128
0.832808,-0.222128
0.83344,-0.204627
0.827879,-0.227336
0.832975,-0.22468
0.832975,-0.22468
0.821523,-0.2477
0.813545,-0.289705
0.813545,-0.289705
0.804619,-0.287134
0.804619,-0.287134
0.804619,-0.287134
0.824561,-0.264848
0.824561,-0.264848
0.837966,-0.213754
0.840564,-0.198705
0.834159,-0.200368
0.832036,-0.203349
0.822128,-0.245405
0.822128,-0.245405
0.839705,-0.231005
0.817919,-0.27135
0.817919,-0.27135
0.831645,-0.24803
0.819755,-0.270999
0.832721,-0.236764
0.839491,-0.219158
0.841035,-0.17755
0.842416,-0.180031
0.842416,-0.180031
0.836281,-0.21009
0.825004,-0.235407
0.818846,-0.235761
0.818846,-0.235761
0.818846,-0.235761
0.822365,-0.258944
0.815102,-0.282409
0.815875,-0.258124
0.815875,-0.258124
0.829324,-0.222881
0.831466,-0.232156
0.81658,-0.274136
0.798578,-0.315897
0.793789,-0.324021
0.788891,-0.35
0.808983,-0.316202
0.813206,-0.289154
0.81904,-0.277771
0.81904,-0.277771
0.811651,-0.298044
0.811651,-0.298044
0.811651,-0.298044
0.80123,-0.318109
0.785594,-0.36681
0.771296,-0.367659
0.771296,-0.367659
0.763739,-0.382706
0.77156,-0.364218
0.775965,-0.363167
0.782725,-0.359743
0.791987,-0.345346
0.79806,-0.345083
0.782369,-0.346859
0.783471,-0.34064
0.789669,-0.34348
0.789669,-0.34348
0.795206,-0.3382
0.778135,-0.357575
0.776109,-0.382886
0.776109,-0.382886
0.770191,-0.400373
0.770191,-0.400373
0.770191,-0.400373
0.774273,-0.370576
0.789416,-0.335161
0.78679,-0.356879
0.788184,-0.363026
0.79694,-0.338726
0.79694,-0.338726
0.79694,-0.338726
0.790324,-0.353311
0.790324,-0.353311
0.778225,-0.364255
0.793636,-0.338068
0.800315,-0.333015
0.767513,-0.384204
0.767785,-0.394502
0.765135,-0.390426
0.769554,-0.395594
0.774657,-0.38391
0.765896,-0.393951
0.765896,-0.393951
0.776907,-0.371947
0.776907,-0.371947
0.77437,-0.374457
0.78208,-0.369078
0.774842,-0.381015
0.774842,-0.381015
0.784025,-0.35923
0.765536,-0.39554
0.765536,-0.39554
0.742439,-0.428017
0.742439,-0.428017
0.741229,-0.441836
0.736221,-0.43657
0.736221,-0.43657
0.754886,-0.413131
0.754886,-0.413131
0.754886,-0.413131
0.754886,-0.413131
0.754886,-0.413131
0.75033,-0.420036
0.745324,-0.43548
0.745324,-0.43548
0.739224,-0.444909
0.739224,-0.444909
0.739224,-0.444909
0.738915,-0.443814
0.738915,-0.443814
0.738915,-0.443814
0.738915,-0.443814
0.720266,-0.47852
0.731851,-0.448229
0.726043,-0.459785
0.734433,-0.446616
0.742105,-0.424505
0.752229,-0.411504
0.758224,-0.405932
0.758224,-0.405932
0.758224,-0.405932
0.758224,-0.405932
0.758224,-0.405932
0.775046,-0.376411
0.779985,-0.356984
0.781818,-0.361123
0.768912,-0.381126
0.762841,-0.390497
0.763424,-0.390242
0.763424,-0.390242
0.763424,-0.390242
0.763424,-0.390242
0.751946,-0.410094
0.741598,-0.420627
0.720586,-0.458121
0.715466,-0.470222
0.742094,-0.423797
0.723531,-0.4561
0.714216,-0.480523
0.723805,-0.47153
0.723805,-0.47153
0.714115,-0.480834
0.719961,-0.470129
0.686964,-0.52621
0.667239,-0.547144
0.68122,-0.510598
0.68122,-0.510598
0.665837,-0.540565
0.681098,-0.522663
0.690678,-0.510402
0.691214,-0.508961
0.691214,-0.508961
0.704576,-0.494544
0.704576,-0.494544
0.702557,-0.493471
0.700439,-0.489466
0.714665,-0.467351
0.725733,-0.443845
0.730932,-0.443129
0.730932,-0.443129
0.732282,-0.437175
0.732282,-0.437175
0.699629,-0.492495
0.699629,-0.492495
0.708618,-0.48066
0.709354,-0.485085
0.709354,-0.485085
0.712319,-0.477924
0.696407,-0.501345
0.696407,-0.501345
0.680496,-0.530931
0.680496,-0.530931
0.680496,-0.530931
0.66882,-0.539918
0.66882,-0.539918
0.673767,-0.524513
0.675077,-0.535841
0.678811,-0.518537
0.725164,-0.465001
0.727421,-0.464197
0.727421,-0.464197
0.72861,-0.455319
0.727367,-0.44978
0.727367,-0.44978
0.723017,-0.462886
0.74129,-0.429985
0.75584,-0.400085
0.75489,-0.392309
0.75425,-0.413675
0.725824,-0.441866
0.725824,-0.441866
0.725824,-0.441866
0.727524,-0.457238
0.707603,-0.476944
0.69313,-0.503409
0.69313,-0.503409
0.69313,-0.503409
0.69313,-0.503409
0.719206,-0.45611
0.719206,-0.45611
0.710496,-0.475172
0.726492,-0.453409
0.730017,-0.464365
0.730017,-0.464365
0.730017,-0.464365
0.709575,-0.482931
0.698509,-0.501901
0.722967,-0.481251
0.689338,-0.51838
0.689338,-0.51838
0.689338,-0.51838
0.689338,-0.51838
0.686325,-0.503127
0.703259,-0.48956
0.704411,-0.493683
0.716146,-0.475385
0.724555,-0.470881
0.724555,-0.470881
0.677764,-0.530621
0.692096,-0.514036
0.692096,-0.514036
0.698251,-0.49409
0.668119,-0.537431
0.664671,-0.544319
0.675145,-0.535436
0.669639,-0.53829
0.669639,-0.53829
0.661467,-0.541289
0.658355,-0.560512
0.658355,-0.560512
0.622405,-0.592875
0.585638,-0.622856
0.580107,-0.627345
0.579866,-0.632537
0.579866,-0.632537
0.579866,-0.632537
0.591712,-0.626351
0.586782,-0.623871
0.600109,-0.621247
0.595052,-0.618046
0.595052,-0.618046
0.609223,-0.609067
0.602521,-0.610821
0.602521,-0.610821
0.614182,-0.603539
0.598936,-0.6203
0.601343,-0.614272
0.601343,-0.614272
0.601343,-0.614272
0.580379,-0.63164
0.571165,-0.648493
0.55907,-0.657665
0.55907,-0.657665
0.540625,-0.666443
0.540625,-0.666443
0.530096,-0.683101
0.531149,-0.678122
0.530989,-0.684061
0.58412,-0.633062
0.573155,-0.634269
0.555825,-0.655836
0.555825,-0.655836
0.555825,-0.655836
0.555825,-0.655836
0.557576,-0.64274
0.557576,-0.64274
0.569897,-0.63734
0.547334,-0.66612
0.53999,-0.667386
0.523992,-0.680151
0.523992,-0.680151
0.523992,-0.680151
0.503711,-0.700724
0.507125,-0.686211
0.507125,-0.686211
0.538544,-0.66689
0.540732,-0.668748
0.540732,-0.668748
0.542702,-0.654438
0.532488,-0.670871
0.532488,-0.670871
0.530026,-0.672292
0.543223,-0.668591
0.543223,-0.668591
0.543223,-0.668591
0.53343,-0.674186
0.513745,-0.676826
0.522425,-0.683475
0.509169,-0.686799
0.529684,-0.677144
0.532963,-0.668593
0.530604,-0.669129
0.560614,-0.648127
0.552409,-0.658787
0.530497,-0.675234
0.538517,-0.671306
0.520426,-0.681251
0.520426,-0.681251
0.520426,-0.681251
0.499529,-0.69468
0.48139,-0.699834
0.434028,-0.737564
0.434028,-0.737564
0.434028,-0.737564
0.47753,-0.714899
0.47753,-0.714899
0.45133,-0.733461
0.46219,-0.724401
0.46219,-0.724401
0.414365,-0.738082
0.384035,-0.758686
0.384035,-0.758686
0.384035,-0.758686
0.384035,-0.758686
0.375543,-0.760463
0.403799,-0.751774
0.379459,-0.764865
0.389121,-0.757069
0.371997,-0.778772
0.375982,-0.777969
0.374569,-0.779666
0.350623,-0.784524
0.350623,-0.784524
0.378165,-0.779872
0.39388,-0.764921
0.39388,-0.764921
0.35142,-0.783376
0.35142,-0.783376
0.336389,-0.791804
0.322447,-0.793423
0.299287,-0.807305
0.297026,-0.814554
0.283338,-0.814998
0.300463,-0.812274
0.255402,-0.821286
0.255402,-0.821286
0.255402,-0.821286
0.298465,-0.809791
0.264999,-0.820105
0.278653,-0.813878
0.269552,-0.81221
0.267824,-0.813259
0.23439,-0.831469
0.250509,-0.822111
0.250509,-0.822111
0.237179,-0.82419
0.244811,-0.822799
0.244811,-0.822799
0.255555,-0.820564
0.28843,-0.810211
0.28843,-0.810211
0.28843,-0.810211
0.28843,-0.810211
0.265004,-0.814316
0.27693,-0.802156
0.27693,-0.802156
0.282266,-0.813074
0.282266,-0.813074
0.282266,-0.813074
0.282266,-0.813074
0.342085,-0.793044
0.342085,-0.793044
0.353725,-0.789641
0.353725,-0.789641
0.353725,-0.789641
0.350826,-0.792863
0.350826,-0.792863
0.384977,-0.772693
0.371148,-0.778579
0.374532,-0.777898
0.374532,-0.777898
0.374532,-0.777898
0.345039,-0.77547
0.345039,-0.77547
0.341097,-0.779707
0.379621,-0.76501
0.373454,-0.765255
0.42297,-0.740541
0.432506,-0.737197
0.449047,-0.73999
0.449047,-0.73999
0.453754,-0.735812
0.458174,-0.736668
0.458174,-0.736668
0.472855,-0.711476
0.461049,-0.723396
0.459162,-0.726639
0.505302,-0.694307
0.506351,-0.693955
0.51584,-0.673279
0.51584,-0.673279
0.559296,-0.645581
0.559296,-0.645581
0.52699,-0.675002
0.526262,-0.681445
0.537133,-0.67534
0.543103,-0.660623
0.560662,-0.655581
0.604452,-0.612656
0.629216,-0.588566
0.629216,-0.588566
0.629216,-0.588566
0.599159,-0.619411
0.600276,-0.615956
0.600276,-0.615956
0.599588,-0.618934
0.612478,-0.600002
0.60801,-0.614704
0.567275,-0.653849
0.567275,-0.653849
0.567275,-0.653849
0.523965,-0.68097
0.523965,-0.68097
0.523965,-0.68097
0.516945,-0.688924
0.47772,-0.723116
0.476344,-0.718404
0.476344,-0.718404
0.476344,-0.718404
0.48376,-0.707335
0.48376,-0.707335
0.479737,-0.720289
0.479737,-0.720289
0.434345,-0.739818
0.434345,-0.739818
0.43978,-0.736777
0.43978,-0.736777
0.455122,-0.732622
0.455122,-0.732622
0.467307,-0.718075
0.481124,-0.714237
0.480739,-0.7111
0.476209,-0.721716
0.461491,-0.727574
0.474175,-0.720823
0.476496,-0.71924
0.449717,-0.739224
0.442516,-0.742386
0.473083,-0.723086
0.473083,-0.723086
0.473083,-0.723086
0.473083,-0.723086
0.473083,-0.723086
0.473083,-0.723086
0.48992,-0.705439
0.488918,-0.709885
0.462755,-0.718829
0.457562,-0.726591
0.449004,-0.733561
0.449004,-0.733561
0.449004,-0.733561
0.493815,-0.703461
0.493815,-0.703461
0.486214,-0.696876
0.510674,-0.687588
0.510674,-0.687588
0.496556,-0.695474
0.496556,-0.695474
0.496556,-0.695474
0.496556,-0.695474
0.53967,-0.676028
0.509844,-0.693473
0.509844,-0.693473
0.499546,-0.698386
0.503864,-0.69031
0.524833,-0.680439
0.526076,-0.677685
0.55694,-0.64686
0.55694,-0.64686
0.561922,-0.645986
0.561922,-0.645986
0.547415,-0.664181
0.554625,-0.653946
0.53632,-0.674983
0.53632,-0.674983
0.50739,-0.684945
0.503032,-0.694093
0.503032,-0.694093
0.503032,-0.694093
0.505021,-0.691685
0.469904,-0.721797
0.495723,-0.704955
0.495723,-0.704955
0.501625,-0.69645
0.501625,-0.69645
0.454838,-0.723927
0.454838,-0.723927
0.428369,-0.739648
0.399292,-0.759929
0.394944,-0.756435
0.426492,-0.755689
0.426492,-0.755689
0.411538,-0.768787
0.411538,-0.768787
0.408961,-0.759552
0.419856,-0.759901
0.387734,-0.76822
0.340736,-0.796954
0.369139,-0.779346
0.369139,-0.779346
0.324562,-0.791929
0.326997,-0.79724
0.329004,-0.795992
0.310175,-0.802381
0.351866,-0.787351
0.351866,-0.787351
0.34967,-0.786491
0.34256,-0.785729
0.360368,-0.787254
0.342363,-0.782254
0.33905,-0.791813
0.329201,-0.797709
0.340315,-0.800851
0.340315,-0.800851
0.340315,-0.800851
0.287394,-0.813659
0.228146,-0.835654
0.222353,-0.834401
0.21857,-0.837172
0.235113,-0.832506
0.24443,-0.825144
0.24443,-0.825144
0.211207,-0.839878
0.211207,-0.839878
0.188556,-0.844744
0.188556,-0.844744
0.222346,-0.825533
0.270899,-0.812635
0.277809,-0.811124
0.308748,-0.806441
0.290526,-0.80993
0.290526,-0.80993
0.276529,-0.816647
0.292995,-0.814304
0.252011,-0.827624
0.276049,-0.809391
0.248798,-0.81853
0.263093,-0.81497
0.277936,-0.81111
0.288011,-0.815142
0.28942,-0.820185
0.284636,-0.817934
0.303981,-0.807724
0.289191,-0.811265
0.245816,-0.829679
0.245816,-0.829679
0.238651,-0.833181
0.225545,-0.834454
0.220784,-0.83085
0.183495,-0.84862
0.209389,-0.841384
0.209389,-0.841384
0.216011,-0.841709
0.231846,-0.831471
0.235449,-0.828708
0.243421,-0.830134
0.260126,-0.817689
0.260126,-0.817689
0.260126,-0.817689
0.260126,-0.817689
0.260126,-0.817689
0.25755,-0.815362
0.21672,-0.824126
0.20265,-0.8188
0.197861,-0.830065
0.16623,-0.826901
0.199231,-0.828307
0.199231,-0.828307
0.199231,-0.828307
0.20679,-0.835846
0.205166,-0.840355
0.193589,-0.838115
0.180681,-0.837115
0.180681,-0.837115
0.16114,-0.844668
0.167469,-0.847615
0.167469,-0.847615
0.196371,-0.843144
0.220244,-0.832286
0.218326,-0.829579
0.19117,-0.837008
0.163197,-0.840477
0.109379,-0.845551
0.0976266,-0.852795
0.0865952,-0.850411
0.0865952,-0.850411
0.0865952,-0.850411
0.118032,-0.85285
0.184932,-0.838008
0.184932,-0.838008
0.206534,-0.833504
0.206534,-0.833504
0.179484,-0.833242
0.140327,-0.842159
0.142514,-0.839976
0.138626,-0.848234
0.135423,-0.840271
0.135423,-0.840271
0.135423,-0.840271
0.199866,-0.833433
0.215821,-0.828649
0.234363,-0.828597
0.22874,-0.83492
0.239554,-0.825201
0.239554,-0.825201
0.202004,-0.837256
0.223309,-0.826462
0.158581,-0.839471
0.153196,-0.84425
0.174109,-0.838625
0.174109,-0.838625
0.174109,-0.838625
0.195209,-0.839978
0.184825,-0.839387
0.176292,-0.837858
0.183951,-0.831006
0.195394,-0.833981
0.207776,-0.834307
0.207776,-0.834307
0.207776,-0.834307
0.20432,-0.83155
0.223251,-0.825392
0.241553,-0.820175
0.241553,-0.820175
0.241553,-0.820175
0.241553,-0.820175
0.241553,-0.820175
0.241553,-0.820175
0.251682,-0.817438
0.251682,-0.817438
0.273976,-0.806801
0.268354,-0.80942
0.268354,-0.80942
0.260034,-0.816886
0.235327,-0.819921
0.235327,-0.819921
0.241299,-0.818595
0.229139,-0.825195
0.23044,-0.825689
0.241402,-0.816431
0.261444,-0.810747
0.261444,-0.810747
0.261444,-0.810747
0.261444,-0.810747
0.24998,-0.812305
0.249426,-0.810327
0.249426,-0.810327
0.227311,-0.821819
0.227311,-0.821819
0.227311,-0.821819
0.227311,-0.821819
0.198671,-0.829384
0.198671,-0.829384
0.204946,-0.827854
0.200511,-0.829711
0.187112,-0.831278
0.151085,-0.844265
0.140923,-0.84573
0.150199,-0.849738
0.150199,-0.849738
0.150199,-0.849738
0.150199,-0.849738
0.124072,-0.845788
0.12003,-0.845882
0.115355,-0.849762
0.162949,-0.855059
0.155235,-0.851741
0.155235,-0.851741
0.155235,-0.851741
0.155235,-0.851741
0.156163,-0.853182
0.156163,-0.853182
0.153609,-0.854616
0.153609,-0.854616
0.132519,-0.851704
0.108152,-0.852407
0.108152,-0.852407
0.108152,-0.852407
0.0781975,-0.857662
0.0769227,-0.857535
0.0769227,-0.857535
0.0769227,-0.857535
0.0769227,-0.857535
0.0789084,-0.851692
0.0782773,-0.858818
0.05406,-0.85652
0.0808324,-0.85906
0.0808324,-0.85906
0.0952139,-0.857865
0.101936,-0.855926
0.165281,-0.844695
0.198233,-0.837624
0.198233,-0.837624
0.198233,-0.837624
0.173475,-0.847941
0.242325,-0.82325
0.242325,-0.82325
0.21202,-0.839433
0.204364,-0.841414
0.192966,-0.83784
0.19197,-0.833518
0.179085,-0.833936
0.179085,-0.833936
0.183996,-0.834505
0.183996,-0.834505
0.178792,-0.836512
0.177731,-0.831354
0.153716,-0.848501
0.153716,-0.848501
0.153716,-0.848501
0.1312,-0.849577
0.114464,-0.850792
0.102091,-0.853
0.0977932,-0.85533
0.0977932,-0.85533
0.0600749,-0.859209
0.0877518,-0.852516
0.10403,-0.85076
0.113211,-0.847525
0.133763,-0.848109
0.133763,-0.848109
0.133763,-0.848109
0.144317,-0.849006
0.144317,-0.849006
0.144317,-0.849006
0.144317,-0.849006
0.143425,-0.852361
0.187609,-0.843973
0.187609,-0.843973
0.187609,-0.843973
0.183083,-0.842673
0.156584,-0.852121
0.156584,-0.852121
0.137344,-0.850311
0.159125,-0.850618
0.188128,-0.837117
0.188128,-0.837117
0.248007,-0.830481
0.252576,-0.828911
0.262606,-0.826846
0.262606,-0.826846
0.239609,-0.826011
0.239609,-0.826011
0.254202,-0.812811
0.289075,-0.816521
0.289075,-0.816521
0.284981,-0.812929
0.284981,-0.812929
0.284981,-0.812929
0.268891,-0.812588
0.252949,-0.823697
0.216379,-0.823547
0.216379,-0.823547
0.216379,-0.823547
0.239349,-0.829925
0.202717,-0.843205
0.202717,-0.843205
0.17603,-0.84152
0.170316,-0.84674
0.176855,-0.840455
0.197709,-0.827295
0.197709,-0.827295
0.2046,-0.8355
0.162224,-0.837136
0.17539,-0.842135
0.204235,-0.831285
0.234224,-0.829906
0.223764,-0.826836
0.223764,-0.826836
0.253864,-0.827536
0.253864,-0.827536
0.255899,-0.833298
0.255899,-0.833298
0.204355,-0.841541
0.206357,-0.837938
0.216425,-0.831599
0.216425,-0.831599
0.216425,-0.831599
0.249803,-0.817483
0.238451,-0.82493
0.260209,-0.824131
0.285186,-0.811499
0.297507,-0.806814
0.311113,-0.79273
0.311113,-0.79273
0.294406,-0.810636
0.319229,-0.793261
0.33215,-0.79052
0.33215,-0.79052
0.32631,-0.790373
0.332725,-0.782604
0.332725,-0.782604
0.336402,-0.78168
0.336402,-0.78168
0.336402,-0.78168
0.350332,-0.777141
0.31273,-0.796188
0.259121,-0.814508
0.228964,-0.829064
0.228964,-0.829064
0.234906,-0.821264
0.247939,-0.818704
0.259308,-0.807153
0.259308,-0.807153
0.237288,-0.819124
0.25146,-0.818799
0.230439,-0.830206
0.200916,-0.839292
0.200916,-0.839292
0.185659,-0.841418
0.199009,-0.835476
0.177676,-0.845664
0.177676,-0.845664
0.210405,-0.840136
0.210405,-0.840136
0.21638,-0.83607
0.239961,-0.829252
0.235956,-0.824425
0.226132,-0.83112
0.24099,-0.827307
0.236754,-0.823304
0.236754,-0.823304
0.236754,-0.823304
0.267161,-0.812704
0.247539,-0.820055
0.249197,-0.815349
0.247289,-0.827383
0.247289,-0.827383
0.247289,-0.827383
0.214668,-0.833043
0.214064,-0.824307
0.214064,-0.824307
0.231785,-0.828134
0.231785,-0.828134
0.231785,-0.828134
0.231785,-0.828134
0.245503,-0.822204
0.26495,-0.81635
0.269156,-0.817609
0.275704,-0.816133
0.296466,-0.80462
0.298926,-0.8055
0.298926,-0.8055
0.299712,-0.809826
0.299712,-0.809826
0.259241,-0.825356
0.268462,-0.814512
0.268462,-0.814512
0.283229,-0.805091
0.283229,-0.805091
0.297938,-0.802326
0.297938,-0.802326
0.290687,-0.806439
0.352056,-0.777574
0.335085,-0.796528
0.298391,-0.808251
0.298391,-0.808251
0.31558,-0.803229
0.316379,-0.80477
0.310779,-0.808419
0.33513,-0.79811
0.320245,-0.801325
0.358911,-0.788786
0.348477,-0.794835
0.346174,-0.79361
0.346174,-0.79361
0.346174,-0.79361
0.331867,-0.798098
0.331867,-0.798098
0.304631,-0.809496
0.293747,-0.81544
0.319104,-0.805854
0.325095,-0.805096
0.325095,-0.805096
0.325095,-0.805096
0.340058,-0.799475
0.320005,-0.807638
0.320005,-0.807638
0.336741,-0.800538
0.336741,-0.800538
0.32448,-0.798734
0.29156,-0.809256
0.316904,-0.802835
0.357755,-0.792831
0.357755,-0.792831
0.317731,-0.804206
0.312437,-0.806371
0.329471,-0.806579
0.304992,-0.808284
0.286044,-0.818886
0.279165,-0.820849
0.298871,-0.811734
0.291085,-0.812033
0.291085,-0.812033
0.308113,-0.807199
0.301615,-0.806296
0.347658,-0.78899
0.371791,-0.77634
0.355886,-0.78947
0.329521,-0.801646
0.329521,-0.801646
0.331684,-0.794871
0.331684,-0.794871
0.35943,-0.791782
0.323865,-0.800902
0.323865,-0.800902
0.309341,-0.806103
0.308939,-0.802994
0.303358,-0.808616
0.3153,-0.807078
0.3153,-0.807078
0.310866,-0.806341
0.306053,-0.802345
0.306053,-0.802345
0.306053,-0.802345
0.306053,-0.802345
0.286009,-0.812736
0.286009,-0.812736
0.286009,-0.812736
0.298659,-0.808931
0.292293,-0.803496
0.297216,-0.801555
0.297216,-0.801555
0.346665,-0.781088
0.346665,-0.781088
0.333891,-0.790394
0.34935,-0.783045
0.385754,-0.772977
0.396071,-0.764354
0.396071,-0.764354
0.386462,-0.770835
0.414919,-0.750895
0.44379,-0.739181
0.44379,-0.739181
0.44379,-0.739181
0.44379,-0.739181
0.448531,-0.737399
0.453061,-0.738078
0.438374,-0.739892
0.438374,-0.739892
0.428646,-0.744376
0.428646,-0.744376
0.443383,-0.74006
0.422212,-0.760355
0.400759,-0.763332
0.40617,-0.751197
0.386713,-0.76259
0.407008,-0.754498
0.407008,-0.754498
0.407008,-0.754498
0.407008,-0.754498
0.397446,-0.755973
0.379727,-0.761992
0.379727,-0.761992
0.36929,-0.769328
0.390955,-0.747868
0.390955,-0.747868
0.390955,-0.747868
0.412728,-0.745089
0.451025,-0.719287
0.451025,-0.719287
0.425971,-0.742624
0.425971,-0.742624
0.402084,-0.75878
0.402084,-0.75878
0.402084,-0.75878
0.403059,-0.747771
0.435741,-0.739886
0.444099,-0.732564
0.434525,-0.745827
0.432961,-0.736454
0.431034,-0.740811
0.431034,-0.740811
0.437684,-0.736535
0.450225,-0.736819
0.450225,-0.736819
0.450225,-0.736819
0.449545,-0.731372
0.449545,-0.731372
0.449545,-0.731372
0.449545,-0.731372
0.449545,-0.731372
0.449545,-0.731372
0.449545,-0.731372
0.421048,-0.733931
0.415719,-0.748862
0.415719,-0.748862
0.415179,-0.742079
0.437659,-0.7292
0.423131,-0.738845
0.437889,-0.744041
0.449066,-0.725361
0.449066,-0.725361
0.454765,-0.73546
0.454765,-0.73546
0.454765,-0.73546
0.454765,-0.73546
0.461101,-0.729853
0.461101,-0.729853
0.48196,-0.717725
0.508649,-0.69526
0.508649,-0.69526
0.508649,-0.69526
0.494974,-0.694329
0.529159,-0.68238
0.514399,-0.682198
0.514399,-0.682198
0.514399,-0.682198
0.536848,-0.670326
0.507454,-0.687549
0.507454,-0.687549
0.507454,-0.687549
0.531027,-0.670573
0.507701,-0.687373
0.507701,-0.687373
0.517665,-0.696995
0.524253,-0.693562
0.53075,-0.683277
0.538174,-0.669743
0.538174,-0.669743
0.569321,-0.642331
0.543361,-0.66988
0.556511,-0.65171
0.568316,-0.641892
0.568316,-0.641892
0.549576,-0.660207
0.503219,-0.696708
0.503219,-0.696708
0.516919,-0.693982
0.516919,-0.693982
0.516919,-0.693982
0.516919,-0.693982
0.505578,-0.707161
0.473146,-0.718845
0.47806,-0.714735
0.483787,-0.707565
0.463141,-0.720712
0.459859,-0.719264
0.485284,-0.6974
0.485509,-0.707281
0.492389,-0.708187
0.441617,-0.741862
0.441617,-0.741862
0.475212,-0.71869
0.461647,-0.730411
0.46342,-0.728317
0.504295,-0.68682
0.532466,-0.661171
0.532466,-0.661171
0.553297,-0.656977
0.573589,-0.637104
0.573589,-0.637104
0.572475,-0.644174
0.572475,-0.644174
0.572475,-0.644174
0.572475,-0.644174
0.581472,-0.631845
0.581472,-0.631845
0.568559,-0.642047
0.571976,-0.642447
0.571976,-0.642447
0.571214,-0.637835
0.584725,-0.625536
0.584494,-0.623895
0.606275,-0.604636
0.606275,-0.604636
0.614826,-0.606019
0.614826,-0.606019
0.614826,-0.606019
0.628709,-0.595941
0.628709,-0.595941
0.628709,-0.595941
0.635679,-0.58376
0.631452,-0.592261
0.609599,-0.608035
0.609599,-0.608035
0.609599,-0.608035
0.621694,-0.612247
0.608675,-0.617668
0.608675,-0.617668
0.608675,-0.617668
0.564972,-0.649218
0.564972,-0.649218
0.585383,-0.628132
0.567257,-0.635191
0.603919,-0.605452
0.603919,-0.605452
0.602199,-0.608648
0.602199,-0.608648
0.60617,-0.59859
0.628143,-0.583636
0.628143,-0.583636
0.628143,-0.583636
0.628143,-0.583636
0.634741,-0.575601
0.638584,-0.570444
0.638584,-0.570444
0.64236,-0.575466
0.64236,-0.575466
0.628684,-0.588736
0.628986,-0.575565
0.612378,-0.589549
0.623366,-0.576965
0.61072,-0.587782
0.61072,-0.587782
0.61072,-0.587782
0.618287,-0.595571
0.618287,-0.595571
0.640725,-0.569747
0.650425,-0.557837
0.631842,-0.578011
0.651936,-0.551621
0.651936,-0.551621
0.672198,-0.515746
0.692314,-0.50647
0.665646,-0.548381
0.665679,-0.528755
0.665679,-0.528755
0.66965,-0.530809
0.665602,-0.526443
0.69104,-0.49732
0.69104,-0.49732
0.716128,-0.467036
0.726461,-0.456697
0.726461,-0.456697
0.722375,-0.467406
0.710732,-0.481523
0.710732,-0.481523
0.712314,-0.471278
0.696928,-0.492631
0.696928,-0.492631
0.70787,-0.48556
0.70787,-0.48556
0.692836,-0.507649
0.710599,-0.45722
0.721274,-0.455398
0.733537,-0.439476
0.741491,-0.428934
0.7324,-0.44453
0.715584,-0.471834
0.709164,-0.482729
0.671652,-0.528214
0.642206,-0.565617
0.642206,-0.565617
0.645497,-0.566832
0.645497,-0.566832
0.645497,-0.566832
0.624491,-0.572982
0.606149,-0.593839
0.602398,-0.607946
0.601653,-0.610439
0.590855,-0.620989
0.583399,-0.630366
0.583399,-0.630366
0.586383,-0.626241
0.586383,-0.626241
0.579186,-0.632715
0.579186,-0.632715
0.561336,-0.651024
0.561336,-0.651024
0.561336,-0.651024
0.561336,-0.651024
0.543806,-0.658096
0.543806,-0.658096
0.558025,-0.644197
0.540579,-0.667506
0.542829,-0.663445
0.53568,-0.660907
0.53568,-0.660907
0.53568,-0.660907
0.53493,-0.674439
0.53493,-0.674439
0.517819,-0.684421
0.517819,-0.684421
0.517819,-0.684421
0.5216,-0.676678
0.491719,-0.701471
0.491719,-0.701471
0.487896,-0.712376
0.469427,-0.723565
0.485961,-0.704174
0.493696,-0.698995
0.493696,-0.698995
0.516931,-0.693309
0.516931,-0.693309
0.483812,-0.71279
0.466671,-0.721346
0.478844,-0.711414
0.478844,-0.711414
0.47819,-0.710096
0.47819,-0.710096
0.47819,-0.710096
0.486853,-0.706536
0.501971,-0.695849
0.516001,-0.68188
0.546529,-0.657763
0.546529,-0.657763
0.540601,-0.65827
0.540601,-0.65827
0.538245,-0.668885
0.538245,-0.668885
0.538245,-0.668885
0.575776,-0.645359
0.575776,-0.645359
0.560455,-0.658996
0.592897,-0.632676
0.569856,-0.647835
0.569856,-0.647835
0.573142,-0.63101
0.569984,-0.641432
0.569984,-0.641432
0.581326,-0.638864
0.574291,-0.638749
0.570729,-0.643925
0.570729,-0.643925
0.580559,-0.63392
0.559494,-0.642954
0.579406,-0.636437
0.543837,-0.666051
0.561805,-0.649714
0.561805,-0.649714
0.584599,-0.616336
0.584599,-0.616336
0.584599,-0.616336
0.584599,-0.616336
0.587074,-0.62628
0.587074,-0.62628
0.587074,-0.62628
0.587466,-0.622147
0.627035,-0.581925
0.653439,-0.53683
0.67979,-0.512761
0.679315,-0.507177
0.647247,-0.555235
0.668304,-0.527861
0.669884,-0.521033
0.669884,-0.521033
0.676684,-0.508665
0.676684,-0.508665
0.688064,-0.509394
0.688064,-0.509394
0.688064,-0.509394
0.706326,-0.486935
0.707442,-0.481834
0.710668,-0.478301
0.710668,-0.478301
0.710668,-0.478301
0.710668,-0.478301
0.679999,-0.507088
0.69539,-0.508489
0.69539,-0.508489
0.712204,-0.480561
0.700043,-0.489985
0.699244,-0.494934
0.714827,-0.45512
0.72568,-0.458477
0.699856,-0.490773
0.717186,-0.464345
0.707242,-0.49385
0.707242,-0.49385
0.707242,-0.49385
0.707242,-0.49385
0.707242,-0.49385
0.703699,-0.493599
0.697536,-0.486199
0.711249,-0.475324
0.72338,-0.459417
0.726085,-0.459709
0.726085,-0.459709
0.713043,-0.485755
0.724199,-0.471313
0.738027,-0.458824
0.738027,-0.458824
0.738027,-0.458824
0.708091,-0.493355
0.720195,-0.474119
0.720195,-0.474119
0.722479,-0.463854
0.693674,-0.500405
0.690814,-0.512537
0.690814,-0.512537
0.681884,-0.512811
0.669661,-0.540416
0.669661,-0.540416
0.649429,-0.562399
0.638326,-0.574518
0.653865,-0.558244
0.639311,-0.572066
0.612044,-0.598959
0.633961,-0.575149
0.633961,-0.575149
0.60519,-0.608461
0.568874,-0.642399
0.554514,-0.643992
0.547127,-0.655942
0.547127,-0.655942
0.556071,-0.649311
0.587708,-0.621825
0.587708,-0.621825
0.588641,-0.617836
0.588641,-0.617836
0.592307,-0.627616
0.61263,-0.597843
0.633115,-0.58974
0.639244,-0.568119
0.643012,-0.574056
0.625204,-0.589405
0.625204,-0.589405
0.640755,-0.570765
0.640755,-0.570765
0.617915,-0.594228
0.617915,-0.594228
0.617915,-0.594228
0.605903,-0.604747
0.580691,-0.631443
0.580691,-0.631443
0.580691,-0.631443
0.580856,-0.622736
0.580856,-0.622736
0.580856,-0.622736
0.5909,-0.599295
0.552885,-0.652452
0.552885,-0.652452
0.552885,-0.652452
0.552885,-0.652452
0.552885,-0.652452
0.552885,-0.652452
0.552885,-0.652452
0.552885,-0.652452
0.564316,-0.642366
0.568538,-0.648367
0.568538,-0.648367
0.568538,-0.648367
0.568538,-0.648367
0.568538,-0.648367
0.568538,-0.648367
0.568538,-0.648367
0.551623,-0.661349
0.551623,-0.661349
0.549184,-0.665728
0.537084,-0.670114
0.534445,-0.676891
0.542824,-0.668841
0.542824,-0.668841
0.559901,-0.653544
0.542034,-0.660874
0.535504,-0.675609
0.553133,-0.657563
0.534027,-0.672509
0.534027,-0.672509
0.534027,-0.672509
0.531871,-0.673219
0.531871,-0.673219
0.531871,-0.673219
0.547781,-0.659573
0.559879,-0.647339
0.559879,-0.647339
0.552771,-0.643961
0.601895,-0.598859
0.61593,-0.591039
0.61593,-0.591039
0.613729,-0.588165
0.615947,-0.599419
0.631598,-0.574999
0.631598,-0.574999
0.604683,-0.608475
0.607511,-0.603606
0.550709,-0.666346
0.54961,-0.657101
0.555761,-0.642857
0.534145,-0.655555
0.534145,-0.655555
0.534145,-0.655555
0.534145,-0.655555
0.534145,-0.655555
0.534145,-0.655555
0.534145,-0.655555
0.527161,-0.681713
0.527161,-0.681713
0.527161,-0.681713
0.547225,-0.659541
0.547225,-0.659541
0.547225,-0.659541
0.547225,-0.659541
0.547225,-0.659541
0.535565,-0.677551
0.527857,-0.675024
0.520846,-0.682421
0.520846,-0.682421
0.53287,-0.681793
0.53287,-0.681793
0.554632,-0.658693
0.53403,-0.677175
0.529264,-0.663505
0.529264,-0.663505
0.529264,-0.663505
0.520667,-0.670764
0.502661,-0.695389
0.494756,-0.701894
0.505962,-0.686917
0.505962,-0.686917
0.49851,-0.702415
0.491981,-0.705364
0.491981,-0.705364
0.491981,-0.705364
0.491981,-0.705364
0.491981,-0.705364
0.496381,-0.709533
0.480727,-0.705974
0.491356,-0.708066
0.491356,-0.708066
0.491356,-0.708066
0.526576,-0.68762
0.524809,-0.68521
0.522068,-0.684832
0.522068,-0.684832
0.534695,-0.681218
0.509239,-0.687081
0.524881,-0.672702
0.558669,-0.651984
0.558669,-0.651984
0.550887,-0.658676
0.550887,-0.658676
0.568515,-0.638214
0.568515,-0.638214
0.574101,-0.64059
0.555075,-0.652661
0.566109,-0.648071
0.56467,-0.649177
0.561076,-0.650285
0.561076,-0.650285
0.585316,-0.630297
0.604988,-0.619094
0.604988,-0.619094
0.600193,-0.616356
0.618771,-0.59913
0.652815,-0.553728
0.652815,-0.553728
0.639194,-0.571709
0.639194,-0.571709
0.66249,-0.534968
0.686209,-0.502469
0.689745,-0.51081
0.693024,-0.49628
0.713469,-0.475166
0.713469,-0.475166
0.691017,-0.515096
0.677157,-0.525479
0.677157,-0.525479
0.677157,-0.525479
0.69431,-0.495421
0.69431,-0.495421
0.69431,-0.495421
0.699944,-0.498815
0.699944,-0.498815
0.699944,-0.498815
0.702606,-0.483926
0.702606,-0.483926
0.70467,-0.47299
0.72667,-0.457096
0.704521,-0.489495
0.725982,-0.434246
0.73067,-0.460593
0.728804,-0.435444
0.738525,-0.442666
0.738525,-0.442666
0.709641,-0.463391
0.705888,-0.467696
0.712187,-0.485641
0.701084,-0.486673
0.710791,-0.476353
0.724217,-0.45385
0.729014,-0.447066
0.729014,-0.447066
0.729014,-0.447066
0.729014,-0.447066
0.729014,-0.447066
0.704129,-0.492706
0.704433,-0.491822
0.721166,-0.45803
0.745636,-0.426659
0.749818,-0.426801
0.745184,-0.42487
0.75479,-0.405984
0.744692,-0.428749
0.744551,-0.415828
0.744551,-0.415828
0.73995,-0.428217
0.75081,-0.412841
0.75081,-0.412841
0.75081,-0.412841
0.752371,-0.414954
0.730561,-0.437156
0.752135,-0.409175
0.752135,-0.409175
0.763589,-0.388418
0.763589,-0.388418
0.756254,-0.40134
0.756254,-0.40134
0.756254,-0.40134
0.756254,-0.40134
0.756254,-0.40134
0.756254,-0.40134
0.756254,-0.40134
0.756254,-0.40134
0.756254,-0.40134
0.768075,-0.379855
0.768075,-0.379855
0.768075,-0.379855
0.738721,-0.424555
0.737584,-0.436525
0.754851,-0.405206
0.751091,-0.394147
0.751091,-0.394147
0.774643,-0.348669
0.774643,-0.348669
0.776251,-0.358694
0.776251,-0.358694
0.776251,-0.358694
0.776251,-0.358694
0.784948,-0.331522
0.784948,-0.331522
0.784948,-0.331522
0.798693,-0.317871
0.801159,-0.324875
0.801159,-0.324875
0.801159,-0.324875
0.793745,-0.339228
0.793745,-0.339228
0.79519,-0.331265
0.811285,-0.27945
0.815419,-0.251979
0.815419,-0.251979
0.806488,-0.253676
0.799122,-0.268622
0.823384,-0.215282
0.823384,-0.215282
0.816501,-0.21169
0.82359,-0.231258
0.82359,-0.231258
0.82359,-0.231258
0.82843,-0.209806
0.83023,-0.200588
0.82671,-0.212939
0.820391,-0.233881
0.820277,-0.262915
0.820277,-0.262915
0.826824,-0.235569
0.830051,-0.243784
0.832187,-0.189641
0.832187,-0.189641
0.834179,-0.199635
0.833179,-0.179113
0.840314,-0.185871
0.840314,-0.185871
0.836411,-0.200615
0.832954,-0.195103
0.832039,-0.208962
0.832039,-0.208962
0.833194,-0.210673
0.833194,-0.210673
0.842824,-0.17241
0.845711,-0.170758
0.845711,-0.170758
0.834391,-0.220974
0.834391,-0.220974
0.838284,-0.212723
0.82951,-0.219104
0.841456,-0.190332
0.834987,-0.163938
0.845361,-0.171086
0.834072,-0.17297
0.828786,-0.186592
0.83109,-0.184353
0.848044,-0.147919
0.848694,-0.142657
0.848694,-0.142657
0.854336,-0.116811
0.85277,-0.130489
0.854544,-0.0945444
0.854544,-0.0945444
0.854544,-0.0945444
0.858575,-0.0577509
0.856313,-0.0689149
0.856313,-0.0689149
0.856313,-0.0689149
0.863128,-0.0416489
0.863128,-0.0416489
0.863128,-0.0416489
0.861995,-0.0532026
0.861214,-0.0373028
0.861214,-0.0373028
0.859721,-0.00294553
0.854631,-0.0479137
0.854631,-0.0479137
0.859317,-0.084006
0.855475,-0.094094
0.85009,-0.13987
0.849259,-0.157575
0.845856,-0.13306
0.845856,-0.13306
0.845856,-0.13306
0.855398,-0.123377
0.855398,-0.123377
0.849135,-0.14537
0.849135,-0.14537
0.845544,-0.149875
0.845544,-0.149875
0.845544,-0.149875
0.845544,-0.149875
0.837749,-0.177005
0.835699,-0.186007
0.827618,-0.228641
0.827618,-0.228641
0.827618,-0.228641
0.825979,-0.218273
0.841019,-0.183821
0.82703,-0.213278
0.82703,-0.213278
0.82703,-0.213278
0.82703,-0.213278
0.813845,-0.265616
0.823555,-0.235825
0.799969,-0.277269
0.799969,-0.277269
0.806869,-0.260669
0.818771,-0.259068
0.817735,-0.26699
0.807142,-0.289658
0.807142,-0.289658
0.805339,-0.318629
0.792595,-0.342205
0.776396,-0.365878
0.776396,-0.365878
0.77346,-0.362794
0.77346,-0.362794
0.778649,-0.357336
0.778649,-0.357336
0.778649,-0.357336
0.77996,-0.358044
0.784535,-0.341505
0.791839,-0.331434
0.791839,-0.331434
0.791839,-0.331434
0.803909,-0.296438
0.804342,-0.289743
0.804342,-0.289743
0.823697,-0.258664
0.830978,-0.231105
0.821165,-0.255799
0.8281,-0.212053
0.833086,-0.228519
0.845209,-0.206038
0.842534,-0.212088
0.842534,-0.212088
0.842263,-0.182019
0.842263,-0.182019
0.845714,-0.181787
0.84028,-0.175363
0.83935,-0.155074
0.84458,-0.148774
0.84458,-0.148774
0.84628,-0.137261
0.84628,-0.137261
0.849724,-0.157454
0.849724,-0.157454
0.862126,-0.12247
0.85341,-0.139356
0.85341,-0.139356
0.85341,-0.139356
0.85341,-0.139356
0.85341,-0.139356
0.849769,-0.135971
0.849475,-0.157153
0.851409,-0.139565
0.851409,-0.139565
0.846661,-0.133722
0.843264,-0.139944
0.84901,-0.132447
0.84901,-0.132447
0.845967,-0.1505
0.843289,-0.146559
0.852196,-0.13279
0.852196,-0.13279
0.85626,-0.117184
0.852433,-0.10703
0.854821,-0.101992
0.854821,-0.101992
0.854821,-0.101992
0.853672,-0.0982713
0.850463,-0.0902731
0.850463,-0.0902731
0.850463,-0.0902731
0.849684,-0.091044
0.859851,-0.082144
0.859851,-0.082144
0.859851,-0.082144
0.859851,-0.082144
0.859791,-0.0614403
0.863572,-0.00622753
0.853729,0.0279789
0.853729,0.0279789
0.85546,0.0757114
0.854707,0.120745
0.854707,0.120745
0.854413,0.111791
0.860026,0.0937671
0.860026,0.0937671
0.855784,0.115428
0.855784,0.115428
0.86272,0.101026
0.864594,0.082917
0.858071,0.0822507
0.858071,0.0822507
0.858071,0.0822507
0.858134,0.037124
0.864291,0.0425175
0.864291,0.0425175
0.866317,0.0321489
0.866317,0.0321489
0.857228,0.0358096
0.862164,0.0399916
0.86018,0.00486021
0.863656,0.035668
0.854859,0.0146185
0.858701,0.0135288
0.858701,0.0135288
0.858701,0.0135288
0.858701,0.0135288
0.862557,0.00465544
0.86075,-0.0192275
0.86075,-0.0192275
0.86075,-0.0192275
0.86075,-0.0192275
0.858182,-0.0180226
0.858182,-0.0180226
0.858182,-0.0180226
0.858182,-0.0180226
0.853799,0.00581877
0.862846,-0.0050478
0.861065,-0.038777
0.853503,-0.0550631
0.857106,-0.0579461
0.85906,-0.0475462
0.863341,-0.0532808
0.857193,-0.0666299
0.855468,-0.0946785
0.855468,-0.0946785
0.863041,-0.0786741
0.863041,-0.0786741
0.856611,-0.0764351
0.856611,-0.0764351
0.853411,-0.0688597
0.867768,-0.06183
0.856444,-0.0354179
0.856444,-0.0354179
0.858137,-0.065155
0.865011,-0.0565716
0.865011,-0.0565716
0.858529,-0.048516
0.85183,-0.0521206
0.845002,-0.0311118
0.845002,-0.0311118
0.845002,-0.0311118
0.857317,-0.0341822
0.862149,-0.0109894
0.865748,-0.0364771
0.865748,-0.0364771
0.8604,-0.058724
0.8604,-0.058724
0.8604,-0.058724
0.857889,-0.0632636
0.852747,-0.0157481
0.865178,-0.0399106
0.86222,-0.0480358
0.863755,-0.0450639
0.863755,-0.0450639
0.856501,-0.0410166
0.856501,-0.0410166
0.861814,-0.0476011
0.863073,-0.0553561
0.861194,-0.0269629
0.855574,0.0202684
0.857,0.0480779
0.860525,0.0427456
0.859507,0.0503489
0.862115,0.0748493
0.855463,0.0824286
0.85512,0.0728731
0.863851,0.0849078
0.855132,0.0565865
0.858186,0.0274108
0.860123,0.030959
0.862259,0.0679489
0.861489,0.0721935
0.861489,0.0721935
0.853825,0.023457
0.853825,0.023457
0.853825,0.023457
0.853825,0.023457
0.853825,0.023457
0.853825,0.023457
0.85495,0.0629999
0.856263,0.0411701
0.867364,0.04427
0.863626,0.0630129
0.858661,0.0527424
0.858661,0.0527424
0.861151,0.0936724
0.861151,0.0936724
0.847263,0.107657
0.84522,0.086613
0.839405,0.12179
0.850886,0.0903825
0.850886,0.0903825
0.852839,0.0790634
0.842461,0.109431
0.839089,0.156603
0.839089,0.156603
0.834836,0.146072
0.838086,0.172308
0.8461,0.141016
0.8461,0.141016
0.84183,0.171719
0.844031,0.160675
0.845707,0.164895
0.845707,0.164895
0.84796,0.154495
0.843657,0.189828
0.851047,0.167772
0.851457,0.161835
0.855041,0.143616
0.845527,0.184078
0.846931,0.166478
0.846931,0.166478
0.846931,0.166478
0.846931,0.166478
0.845175,0.167016
0.845175,0.167016
0.845175,0.167016
0.846151,0.168588
0.846151,0.168588
0.841776,0.156688
0.841776,0.156688
0.841776,0.156688
0.841583,0.174162
0.850674,0.14262
0.841915,0.17367
0.850988,0.157095
0.842396,0.153613
0.856219,0.101355
0.856219,0.101355
0.856219,0.101355
0.85389,0.110805
0.85389,0.110805
0.85202,0.107244
0.83985,0.134695
0.861514,0.0798239
0.861514,0.0798239
0.854982,0.0993341
0.854982,0.0993341
0.845866,0.146529
0.845941,0.173066
0.846216,0.164243
0.836163,0.149351
0.846515,0.108137
0.848551,0.144847
0.848043,0.147714
0.841117,0.145482
0.846864,0.128965
0.849886,0.0975481
0.837859,0.147695
0.84178,0.14302
0.83586,0.164461
0.829404,0.191348
0.840398,0.191429
0.840398,0.191429
0.836834,0.196739
0.837121,0.162504
0.837121,0.162504
0.837121,0.162504
0.8416,0.12983
0.843246,0.124848
0.850777,0.0900976
0.851314,0.104108
0.850073,0.0723136
0.850073,0.0723136
0.844931,0.0871927
0.848217,0.0843005
0.848217,0.0843005
0.848217,0.0843005
0.84457,0.100109
0.855205,0.10101
0.855205,0.10101
0.855205,0.10101
0.855205,0.10101
0.848847,0.0989616
0.848847,0.0989616
0.846786,0.0843659
0.845,0.0983492
0.846621,0.0956555
0.846621,0.0956555
0.840731,0.119731
0.843934,0.145921
0.841065,0.145787
0.841065,0.145787
0.850095,0.152901
0.845665,0.126197
0.853605,0.0750298
0.851199,0.0528416
0.851199,0.0528416
0.851199,0.0528416
0.858309,0.0502385
0.864258,0.045807
0.864258,0.045807
0.858981,0.00701385
0.85072,-0.0178666
0.853999,-0.0250052
0.853999,-0.0250052
0.856086,0.00331538
0.858839,0.027483
0.858839,0.027483
0.858839,0.027483
0.854595,0.0739286
0.848993,0.047631
0.848993,0.047631
0.850631,0.0810456
0.842172,0.0862176
0.84551,0.113134
0.83723,0.146244
0.843422,0.133784
0.853989,0.100432
0.84801,0.0970759
0.84801,0.0970759
0.83957,0.129836
0.841159,0.162722
0.834254,0.197099
0.834254,0.197099
0.834254,0.197099
0.834254,0.197099
0.83238,0.194497
0.8274,0.177503
0.824048,0.209639
0.815334,0.256309
0.815334,0.256309
0.815334,0.256309
0.815334,0.256309
0.815334,0.256309
0.815334,0.256309
0.815334,0.256309
0.821846,0.236201
0.813392,0.255368
0.815101,0.258443
0.794595,0.304925
0.807029,0.281159
0.797397,0.282806
0.797397,0.282806
0.813269,0.257361
0.808971,0.25654
0.819728,0.241195
0.828684,0.23766
0.829618,0.22017
0.832469,0.218064
0.832469,0.218064
0.834401,0.214119
0.835039,0.201643
0.81697,0.250287
0.80957,0.275176
0.800216,0.300599
0.792303,0.311872
0.792303,0.311872
0.793586,0.310069
0.8037,0.300451
0.803225,0.299221
0.804626,0.285209
0.811971,0.294166
0.818985,0.260524
0.818985,0.260524
0.818985,0.260524
0.818985,0.260524
0.827814,0.24014
0.828904,0.243635
0.829776,0.252631
0.829776,0.252631
0.829776,0.252631
0.821651,0.251421
0.825685,0.241924
0.825685,0.241924
0.825662,0.247859
0.829876,0.229691
0.827146,0.267228
0.824564,0.255896
0.824564,0.255896
0.823734,0.234203
0.833905,0.225535
0.818921,0.25355
0.82682,0.226601
0.82682,0.226601
0.82682,0.226601
0.80815,0.280756
0.814035,0.26313
0.808329,0.272994
0.808329,0.272994
0.811702,0.253207
0.811631,0.273424
0.804881,0.301794
0.798276,0.318557
0.793765,0.32019
0.793765,0.32019
0.796715,0.316937
0.788704,0.327802
0.788704,0.327802
0.797599,0.315387
0.804671,0.305585
0.804671,0.305585
0.79841,0.279961
0.79841,0.279961
0.79841,0.279961
0.793003,0.300577
0.793003,0.300577
0.80965,0.277251
0.814052,0.277401
0.792515,0.298561
0.805737,0.297019
0.806189,0.278129
0.806189,0.278129
0.818958,0.237854
0.818958,0.237854
0.822121,0.236434
0.822121,0.236434
0.822121,0.236434
0.822121,0.236434
0.81472,0.244009
0.81472,0.244009
0.81472,0.244009
0.818929,0.229604
0.819616,0.242954
0.819616,0.242954
0.841201,0.187011
0.838268,0.172471
0.838268,0.172471
0.837454,0.19294
0.833642,0.202821
0.833642,0.202821
0.831418,0.209952
0.843477,0.166008
0.836069,0.176131
0.836069,0.176131
0.836069,0.176131
0.836069,0.176131
0.836965,0.181553
0.835216,0.171734
0.832771,0.186376
0.824705,0.203656
0.824705,0.203656
0.822083,0.214391
0.822083,0.214391
0.834908,0.198785
0.82639,0.182734
0.82639,0.182734
0.828649,0.201749
0.828649,0.201749
0.828649,0.201749
0.828649,0.201749
0.828649,0.201749
0.831349,0.204017
0.831349,0.204017
0.831349,0.204017
0.826926,0.223611
0.826926,0.223611
0.830412,0.207201
0.82273,0.230436
0.82273,0.230436
0.826801,0.20028
0.826801,0.20028
0.829711,0.194139
0.829711,0.194139
0.816596,0.21885
0.817906,0.245029
0.821194,0.23622
0.821194,0.23622
0.816949,0.257746
0.807079,0.282583
0.807079,0.282583
0.807079,0.282583
0.807079,0.282583
0.806603,0.269105
0.806603,0.269105
0.81234,0.244133
0.81234,0.244133
0.81234,0.244133
0.820595,0.216906
0.820595,0.216906
0.831084,0.184839
0.831084,0.184839
0.829636,0.212381
0.824706,0.22035
0.819083,0.239445
0.819083,0.239445
0.819083,0.239445
0.819083,0.239445
0.81692,0.255365
0.81692,0.255365
0.808789,0.275448
0.804403,0.283459
0.797848,0.304067
0.774219,0.346994
0.774219,0.346994
0.774219,0.346994
0.774219,0.346994
0.761171,0.381089
0.76553,0.381788
0.754602,0.394807
0.7644,0.382848
0.7644,0.382848
0.769796,0.356326
0.769796,0.356326
0.792094,0.319704
0.791394,0.303771
0.807863,0.254852
0.82003,0.246528
0.820357,0.211266
0.820357,0.211266
0.820357,0.211266
0.828629,0.194216
0.828629,0.194216
0.834471,0.164963
0.839176,0.122333
0.841126,0.091304
0.841126,0.091304
0.839149,0.0820356
0.839149,0.0820356
0.845265,0.0910845
0.832754,0.13448
0.849219,0.123486
0.85035,0.106388
0.85035,0.106388
0.842289,0.125264
0.84647,0.0893005
0.84647,0.0893005
0.84647,0.0893005
0.84647,0.0893005
0.84647,0.0893005
0.84647,0.0893005
0.84647,0.0893005
0.843315,0.0837335
0.844069,0.0937303
0.84687,0.0727306
0.84687,0.0727306
0.844786,0.0721337
0.84593,0.0541437
0.851287,0.00384431
0.855844,-0.0188922
0.851276,-0.0242891
0.857546,-0.000678731
0.857546,-0.000678731
0.85132,-0.0330536
0.856175,-0.048798
0.853971,-0.0787674
0.856526,-0.0861505
0.854585,-0.059965
0.854585,-0.059965
0.854812,-0.0509057
0.857194,-0.0751161
0.857194,-0.0751161
0.850149,-0.0934066
0.850015,-0.0845309
0.850015,-0.0845309
0.861425,-0.0430427
0.847935,-0.11709
0.847935,-0.11709
0.860163,-0.0645618
0.855324,-0.0362696
0.852835,-0.0807679
0.855904,-0.0891818
0.855904,-0.0891818
0.855904,-0.0891818
0.855904,-0.0891818
0.85665,-0.0411608
0.853786,-0.0373035
0.851134,-0.0560256
0.856429,-0.0644204
0.858094,-0.0900629
0.851239,-0.133178
0.851696,-0.149981
0.844017,-0.146572
0.84842,-0.143431
0.84842,-0.143431
0.845378,-0.156416
0.845378,-0.156416
0.847932,-0.128929
0.850554,-0.142815
0.848239,-0.144309
0.838896,-0.173583
0.838896,-0.173583
0.838896,-0.173583
0.840885,-0.17892
0.840885,-0.17892
0.843867,-0.148914
0.848171,-0.120236
0.849361,-0.138198
0.849361,-0.138198
0.84358,-0.154589
0.846931,-0.106527
0.846366,-0.0958988
0.851947,-0.104806
0.848659,-0.0894463
0.850751,-0.0977655
0.850125,-0.119115
0.861269,-0.0843585
0.85947,-0.0839991
0.850466,-0.101948
0.851469,-0.0812401
0.851469,-0.0812401
0.854491,-0.0816372
0.851769,-0.080421
0.848738,-0.116338
0.848738,-0.116338
0.846586,-0.117494
0.85002,-0.128314
0.85002,-0.128314
0.845949,-0.143739
0.845949,-0.143739
0.855128,-0.0916223
0.858876,-0.0944202
0.86103,-0.0475611
0.86103,-0.0475611
0.86103,-0.0475611
0.855703,-0.079891
0.855703,-0.079891
0.851666,-0.113998
0.840434,-0.140483
0.843039,-0.128169
0.8509,-0.0988471
0.860213,-0.0573736
0.855549,-0.0248958
0.857587,-0.0155691
0.857587,-0.0155691
0.860232,-0.00198732
0.853132,0.0447891
0.857439,0.0157735
0.857439,0.0157735
0.857439,0.0157735
0.857439,0.0157735
0.858141,0.0271001
0.858141,0.0271001
0.862436,0.0148211
0.85484,0.00876474
0.856144,0.0271104
0.856144,0.0271104
0.858712,0.0510984
0.858712,0.0510984
0.858712,0.0510984
0.857809,0.0600062
0.85024,0.0633284
0.85024,0.0633284
0.848378,0.0592825
0.865017,0.0418043
0.862054,0.0507296
0.862054,0.0507296
0.857014,0.0698325
0.852378,0.0619839
0.852378,0.0619839
0.852378,0.0619839
0.855904,0.0672153
0.860466,0.0404871
0.860466,0.0404871
0.853024,0.0586189
0.853024,0.0586189
0.859955,0.0488157
0.856815,0.101822
0.841124,0.112067
0.841124,0.112067
0.841124,0.112067
0.841124,0.112067
0.850784,0.0534236
0.850784,0.0534236
0.850733,0.0185265
0.852871,0.0449107
0.845031,0.0728967
0.858387,0.0244876
0.858387,0.0244876
0.858387,0.0244876
0.858387,0.0244876
0.849256,-0.00199584
0.849256,-0.00199584
0.862402,0.00351479
0.858409,0.0157723
0.85727,0.018333
0.85727,0.018333
0.857026,0.0102864
0.862921,-0.0194441
0.862611,0.0182339
0.862611,0.0182339
0.854202,0.0461895
0.850714,0.0160061
0.858466,-0.00406536
0.860009,0.0389268
0.860009,0.0389268
0.859629,0.0394769
0.86042,0.0602261
0.865779,2.16736e-05
0.860955,0.00576109
0.860449,0.0481926
0.854849,0.0592683
0.854741,0.0641603
0.858158,0.0487026
0.861704,0.0347351
0.866348,0.0241262
0.863081,0.00794506
0.863081,0.00794506
0.863081,0.00794506
0.861017,-0.0145682
0.861017,-0.0145682
0.864958,-0.0436648
0.86212,-0.0179644
0.857163,-0.017362
0.860243,0.0361322
0.860243,0.0361322
0.854451,0.0571726
0.845289,0.130589
0.845289,0.130589
0.845289,0.130589
0.846755,0.108106
0.846755,0.108106
0.846755,0.108106
0.850818,0.0922168
0.856587,0.0635794
0.84966,0.0926658
0.845166,0.0447609
0.845166,0.0447609
0.845166,0.0447609
0.857405,0.0619982
0.859858,0.0514237
0.85761,0.0313571
0.855855,0.0473379
0.855463,0.0593611
0.85647,0.0874749
0.854619,0.0789265
0.850349,0.0358831
0.852509,0.0260037
0.852509,0.0260037
0.852509,0.0260037
0.860167,-0.0179434
0.855035,0.00394826
0.855035,0.00394826
0.863735,0.00865448
0.859679,0.0299211
0.856959,0.026097
0.864056,-7.34566e-05
0.864056,-7.34566e-05
0.864056,-7.34566e-05
0.863223,-0.0270836
0.863223,-0.0270836
0.858389,-0.0266994
0.85841,0.0369489
0.866101,0.0269717
0.861711,0.0533835
0.853765,0.0832269
0.856915,0.112976
0.856915,0.112976
0.856915,0.112976
0.856915,0.112976
0.853834,0.123289
0.853834,0.123289
0.853834,0.123289
0.853834,0.123289
0.853834,0.123289
0.847984,0.176144
0.847984,0.176144
0.847984,0.176144
0.847984,0.176144
0.847984,0.176144
0.848501,0.188295
0.848501,0.188295
0.842806,0.175132
0.837838,0.177315
0.837838,0.177315
0.837838,0.177315
0.845184,0.189839
0.845129,0.154224
0.845129,0.154224
0.845129,0.154224
0.849475,0.167911
0.851356,0.144435
0.851356,0.144435
0.849862,0.153496
0.855059,0.103364
0.862121,0.0837526
0.854239,0.105117
0.85248,0.0430735
0.85248,0.0430735
0.854415,-0.00951857
0.855478,-0.0110679
0.857418,0.0147321
0.855526,0.0282528
0.85622,0.022267
0.857095,-0.0107443
0.857716,-0.0404091
0.85967,-0.0181084
0.855814,-0.0558507
0.858969,-0.000411584
0.858969,-0.000411584
0.858969,-0.000411584
0.855854,-0.0142695
0.855539,0.0490366
0.852745,0.0215089
0.848371,0.0123731
0.848371,0.0123731
0.856173,-0.0193019
0.854317,-0.0134654
0.854317,-0.0134654
0.852185,-0.0358074
0.856686,-0.051814
0.858982,-0.0310605
0.863735,-0.0217302
0.86122,-0.0128395
0.86122,-0.0128395
0.854399,-0.0342198
0.854399,-0.0342198
0.85326,-0.0675004
0.85326,-0.0675004
0.856546,-0.100799
0.861204,-0.0800574
0.857043,-0.0786516
0.857043,-0.0786516
0.86139,-0.0633081
0.86139,-0.0633081
0.86139,-0.0633081
0.857746,-0.0982632
0.857746,-0.0982632
0.857746,-0.0982632
0.852147,-0.100246
0.850946,-0.0698006
0.851537,-0.0456439
0.851537,-0.0456439
0.860036,-0.0712626
0.860036,-0.0712626
0.860036,-0.0712626
0.859374,-0.0887365
0.859374,-0.0887365
0.859374,-0.0887365
0.85987,-0.0776931
0.85987,-0.0776931
0.85987,-0.0776931
0.850326,-0.099864
0.859795,-0.0923821
0.859795,-0.0923821
0.85913,-0.0708009
0.85913,-0.0708009
0.85913,-0.0708009
0.853134,-0.0443083
0.853134,-0.0443083
0.85873,-0.0224657
0.861478,-0.0242644
0.862381,-0.00573749
0.862381,-0.00573749
0.862381,-0.00573749
0.862322,-0.0255605
0.862322,-0.0255605
0.862322,-0.0255605
0.862322,-0.0255605
0.861856,-0.0133205
0.859021,-0.000491476
0.863015,-0.0303415
0.863015,-0.0303415
0.858757,-0.0264678
0.858757,-0.0264678
0.861805,-0.014401
0.860698,0.0313876
0.859882,0.0208841
0.853376,0.0425784
0.851409,0.00541474
0.851409,0.00541474
0.857629,-0.0289989
0.855211,-0.0235911
0.851566,-0.0619431
0.851566,-0.0619431
0.852703,-0.0497381
0.851906,-0.0678909
0.851906,-0.0678909
0.851906,-0.0678909
0.853056,-0.0274816
0.851298,-0.0676525
0.851425,-0.0816415
0.847352,-0.0752508
0.852151,-0.0382103
0.852151,-0.0382103
0.852151,-0.0382103
0.852151,-0.0382103
0.854548,-0.048019
0.854548,-0.048019
0.848862,-0.0601679
0.848862,-0.0601679
0.853251,-0.0535694
0.856163,-0.0323932
0.855115,-0.0140361
0.853006,0.00275046
0.851456,0.0173172
0.851456,0.0173172
0.851456,0.0173172
0.851456,0.0173172
0.858574,0.0344034
0.858574,0.0344034
0.858574,0.0344034
0.861355,0.0102615
0.853216,0.0304176
0.854703,0.0561692
0.854703,0.0561692
0.847649,0.0792331
0.847649,0.0792331
0.847649,0.0792331
0.84952,0.0932824
0.850379,0.0583043
0.860099,0.0412154
0.856489,0.0793209
0.856489,0.0793209
0.851097,0.0599219
0.842814,0.083884
0.844435,0.0995208
0.844435,0.0995208
0.843049,0.137593
0.83642,0.155336
0.83642,0.155336
0.840625,0.127186
0.852601,0.0631461
0.850164,0.0635901
0.850164,0.0635901
0.846681,0.0869858
0.855925,0.0938278
0.850544,0.090759
0.84893,0.0932707
0.847211,0.125754
0.845056,0.140788
0.845513,0.141132
0.845513,0.141132
0.854123,0.103087
0.857116,0.093765
0.84494,0.125078
0.851114,0.088386
0.851114,0.088386
0.857143,0.0877251
0.857143,0.0877251
0.855082,0.0757429
0.855082,0.0757429
0.863413,0.0605806
0.853557,0.113984
0.844699,0.15854
0.844699,0.15854
0.844699,0.15854
0.844699,0.15854
0.8392,0.138771
0.84146,0.147999
0.834917,0.147136
0.84195,0.156109
0.84195,0.156109
0.835795,0.188646
0.835795,0.188646
0.829329,0.187596
0.829329,0.187596
0.829817,0.19552
0.829817,0.19552
0.829817,0.19552
0.829817,0.19552
0.830257,0.185603
0.830257,0.185603
0.84003,0.166898
0.84906,0.130876
0.851071,0.145132
0.84391,0.13626
0.84971,0.152076
0.851499,0.118225
0.850799,0.0987457
0.850799,0.0987457
0.850799,0.0987457
0.846128,0.0734026
0.846128,0.0734026
0.849269,0.095565
0.849269,0.095565
0.845655,0.0921702
0.856881,0.0320639
0.856881,0.0320639
0.856881,0.0320639
0.856881,0.0320639
0.850074,0.0861479
0.850074,0.0861479
0.851302,0.0569186
0.84466,0.0983295
0.840546,0.132796
0.851825,0.108051
0.851825,0.108051
0.852557,0.112046
0.85787,0.0600569
0.856924,0.0667879
0.859945,0.0285769
0.855589,0.044444
0.855535,0.0667604
0.852279,0.0582585
0.855668,0.0519301
0.855668,0.0519301
0.854006,0.045451
0.854006,0.045451
0.857557,0.00476537
0.858677,-0.00526306
0.852894,0.0305944
0.848518,0.0230401
0.848518,0.0230401
0.848518,0.0230401
0.848518,0.0230401
0.854285,0.0309674
0.856844,0.0233211
0.856844,0.0233211
0.852313,0.00959996
0.858684,0.0406716
0.859464,0.024612
0.859464,0.024612
0.859464,0.024612
0.859464,0.024612
0.852875,0.0522075
0.852875,0.0522075
0.850259,0.0537975
0.850259,0.0537975
0.853258,0.0681819
0.846601,0.0497536
0.855446,0.0894387
0.852733,0.0710338
0.852733,0.0710338
0.85535,0.0831209
0.846765,0.113328
0.846765,0.113328
0.836871,0.159225
0.836871,0.159225
0.845714,0.147005
0.840712,0.170874
0.840712,0.170874
0.826794,0.226515
0.826794,0.226515
0.814948,0.259586
0.811257,0.265511
0.811257,0.265511
0.811257,0.265511
0.811257,0.265511
0.811534,0.260497
0.799799,0.295808
0.805682,0.287041
0.795098,0.294644
0.8046,0.308569
0.786077,0.342037
0.792144,0.322479
0.792144,0.322479
0.792144,0.322479
0.791351,0.319742
0.791351,0.319742
0.791351,0.319742
0.791351,0.319742
0.791351,0.319742
0.785787,0.334685
0.777513,0.343527
0.777513,0.343527
0.802556,0.298126
0.803616,0.271676
0.803616,0.271676
0.818306,0.250585
0.817381,0.244661
0.820554,0.242465
0.803295,0.283865
0.793921,0.300045
0.793921,0.300045
0.804935,0.277162
0.819811,0.238583
0.824214,0.235259
0.824214,0.235259
0.830686,0.202767
0.836975,0.178644
0.83508,0.196142
0.832337,0.170471
0.832337,0.170471
0.832337,0.170471
0.835202,0.187046
0.835202,0.187046
0.848774,0.14806
0.850275,0.102459
0.846873,0.136857
0.846873,0.136857
0.848205,0.141869
0.851638,0.150836
0.851638,0.150836
0.84616,0.163855
0.84616,0.163855
0.84616,0.163855
0.84616,0.163855
0.84616,0.163855
0.84616,0.163855
0.836662,0.190189
0.840979,0.165935
0.840979,0.165935
0.83858,0.17929
0.84787,0.144824
0.84787,0.144824
0.847276,0.124314
0.847276,0.124314
0.841839,0.12327
0.835901,0.119134
0.835901,0.119134
0.835901,0.119134
0.842866,0.137495
0.836536,0.167709
0.822625,0.22973
0.822625,0.22973
0.825935,0.225499
0.825935,0.225499
0.826257,0.224331
0.827405,0.240386
0.818024,0.273906
0.818024,0.273906
0.818024,0.273906
0.818024,0.273906
0.818024,0.273906
0.818024,0.273906
0.814353,0.272265
0.822375,0.256173
0.810667,0.289191
0.810667,0.289191
0.791729,0.332282
0.791729,0.332282
0.787177,0.34878
0.787177,0.34878
0.78607,0.346643
0.776654,0.374311
0.776654,0.374311
0.780269,0.384189
0.780269,0.384189
0.764169,0.399427
0.741471,0.425768
0.747866,0.428869
0.747866,0.428869
0.746348,0.431248
0.7361,0.428548
0.7361,0.428548
0.738766,0.428711
0.738766,0.428711
0.738766,0.428711
0.721529,0.454196
0.732387,0.44127
0.715932,0.48321
0.715932,0.48321
0.733735,0.451454
0.733735,0.451454
0.719507,0.461989
0.733413,0.452635
0.733413,0.452635
0.733413,0.452635
0.710217,0.481199
0.73059,0.446576
0.73059,0.446576
0.745232,0.432506
0.721151,0.473719
0.721151,0.473719
0.720879,0.47234
0.720879,0.47234
0.712249,0.466644
0.712249,0.466644
0.712249,0.466644
0.711533,0.484183
0.688623,0.511683
0.688623,0.511683
0.667015,0.542584
0.667015,0.542584
0.684374,0.519096
0.684374,0.519096
0.673136,0.533094
0.673136,0.533094
0.673136,0.533094
0.688271,0.496266
0.688271,0.496266
0.688271,0.496266
0.688271,0.496266
0.711315,0.47567
0.711315,0.47567
0.711315,0.47567
0.726014,0.457621
0.744941,0.436142
0.744941,0.436142
0.735173,0.444701
0.735173,0.444701
0.735173,0.444701
0.746589,0.426752
0.751116,0.426999
0.725655,0.449989
0.710961,0.457172
0.739231,0.426981
0.747196,0.409168
0.747196,0.409168
0.747196,0.409168
0.747196,0.409168
0.731986,0.439756
0.731986,0.439756
0.74607,0.418403
0.738229,0.419364
0.75575,0.401077
0.763705,0.363639
0.783931,0.346214
0.778035,0.358176
0.75978,0.391643
0.75978,0.391643
0.760005,0.395581
0.772393,0.377376
0.772393,0.377376
0.772393,0.377376
0.735905,0.42934
0.738533,0.429158
0.738533,0.429158
0.738533,0.429158
0.735991,0.432975
0.735991,0.432975
0.73007,0.446089
0.73007,0.446089
0.7703,0.384632
0.773766,0.366409
0.788975,0.336377
0.788975,0.336377
0.788975,0.336377
0.800401,0.315057
0.786201,0.327779
0.801766,0.32005
0.802,0.316855
0.791204,0.328292
0.805196,0.298496
0.802759,0.301664
0.814731,0.254054
0.80273,0.28534
0.813684,0.274998
0.813684,0.274998
0.820026,0.254159
0.807049,0.281203
0.807049,0.281203
0.809588,0.297116
0.794949,0.327833
0.794949,0.327833
0.794809,0.33507
0.765968,0.344611
0.796619,0.278901
0.807705,0.282955
0.809925,0.280963
0.816906,0.280066
0.800495,0.295013
0.807279,0.282548
0.814338,0.253953
0.824286,0.239028
0.814732,0.273851
0.814732,0.273851
0.801061,0.310032
0.801061,0.310032
0.804218,0.293527
0.804218,0.293527
0.804218,0.293527
0.804218,0.293527
0.807799,0.294534
0.807966,0.297275
0.802453,0.307465
0.806455,0.304297
0.805914,0.294911
0.810957,0.291253
0.821396,0.244299
0.820144,0.252744
0.820144,0.252744
0.822746,0.227546
0.833646,0.163266
0.841346,0.15261
0.847964,0.10443
0.853854,0.106372
0.845291,0.0806034
0.845291,0.0806034
0.845291,0.0806034
0.852591,0.09927
0.853577,0.115594
0.854445,0.0910886
0.854445,0.0910886
0.854445,0.0910886
0.844233,0.0838946
0.844233,0.0838946
0.84597,0.0927431
0.836284,0.109877
0.8395,0.123223
0.850591,0.124648
0.844307,0.119362
0.847839,0.123934
0.853404,0.0767628
0.853404,0.0767628
0.853404,0.0767628
0.84496,0.0969742
0.851514,0.0884554
0.867114,0.0728122
0.867114,0.0728122
0.857889,0.0549746
0.857889,0.0549746
0.858181,0.095409
0.859102,0.0546738
0.862485,0.0130688
0.851791,0.00944549
0.851791,0.00944549
0.851791,0.00944549
0.852731,0.0478681
0.851281,0.00646678
0.850442,-0.0276679
0.850605,-0.0153164
0.848964,-0.000553068
0.848964,-0.000553068
0.848964,-0.000553068
0.848964,-0.000553068
0.85268,0.0281803
0.857375,0.0267606
0.857375,0.0267606
0.8569,0.00270688
0.856282,-0.0103519
0.85745,-0.0246154
0.862851,-0.0153145
0.857313,0.000143184
0.857313,0.000143184
0.857313,0.000143184
0.851428,0.00989966
0.8623,-0.0234982
0.8623,-0.0234982
0.851854,-0.0238159
0.855182,-0.0400431
0.858925,-0.020956
0.864061,-0.0475359
0.863062,-0.0349018
0.863062,-0.0349018
0.856284,-0.0500485
0.856853,-0.0500748
0.852805,-0.0135356
0.852805,-0.0135356
0.855834,-0.055358
0.855834,-0.055358
0.855834,-0.055358
0.855834,-0.055358
0.855834,-0.055358
0.861361,-0.0695077
0.861197,-0.0328134
0.862489,-0.0555921
0.860791,-0.00679885
0.855002,0.00801789
0.860143,0.0172813
0.860143,0.0172813
0.857476,0.0423067
0.857668,-0.0058622
0.857668,-0.0058622
0.857668,-0.0058622
0.857668,-0.0058622
0.856416,-0.0339078
0.86153,-0.062041
0.86153,-0.062041
0.86153,-0.062041
0.85209,-0.0657917
0.85209,-0.0657917
0.856483,-0.0546525
0.851287,-0.104812
0.851287,-0.104812
0.851287,-0.104812
0.848445,-0.114974
0.848356,-0.100238
0.855137,-0.104669
0.85049,-0.129429
0.849916,-0.105821
0.849916,-0.105821
0.849916,-0.105821
0.852452,-0.118462
0.856849,-0.0949346
0.850994,-0.0983595
0.851017,-0.137297
0.841896,-0.159184
0.84579,-0.169903
0.84579,-0.169903
0.84579,-0.169903
0.850507,-0.175139
0.850507,-0.175139
0.850507,-0.175139
0.842597,-0.179773
0.847919,-0.150413
0.848703,-0.112669
0.859275,-0.0551844
0.859275,-0.0551844
0.859824,-0.0709567
0.861081,-0.0764255
0.8525,-0.140039
0.841569,-0.164626
0.851319,-0.120726
0.843498,-0.149533
0.838955,-0.134577
0.838955,-0.134577
0.838955,-0.134577
0.838955,-0.134577
0.857541,-0.0993911
0.851395,-0.104232
0.851395,-0.104232
0.849391,-0.112477
0.844041,-0.103353
0.844041,-0.103353
0.849754,-0.10937
0.8529,-0.0816486
0.85551,-0.0641174
0.85551,-0.0641174
0.858175,-0.0757219
0.849344,-0.0790485
0.853925,-0.0556861
0.853925,-0.0556861
0.857028,-0.0603841
0.857028,-0.0603841
0.854173,-0.099144
0.847859,-0.098423
0.850495,-0.125476
0.856115,-0.13185
0.856115,-0.13185
0.852866,-0.128539
0.852866,-0.128539
0.857126,-0.110165
0.853125,-0.12825
0.852234,-0.122297
0.856656,-0.112651
0.856656,-0.112651
0.843886,-0.129218
0.847344,-0.132625
0.847344,-0.132625
0.847344,-0.132625
0.843475,-0.15015
0.842791,-0.161227
0.835169,-0.181129
0.848032,-0.150605
0.844944,-0.17724
0.830688,-0.226344
0.830688,-0.226344
0.818594,-0.23166
0.828129,-0.210982
0.828129,-0.210982
0.842568,-0.145046
0.842568,-0.145046
0.838345,-0.155104
0.846401,-0.150794
0.845621,-0.118754
0.845621,-0.118754
0.850666,-0.115719
0.850666,-0.115719
0.849794,-0.0801255
0.858258,-0.0728299
0.858258,-0.0728299
0.858258,-0.0728299
0.861032,-0.0632075
0.861032,-0.0632075
0.85128,-0.069633
0.85506,-0.0628075
0.85506,-0.0628075
0.85506,-0.0628075
0.856808,-0.0591453
0.856808,-0.0591453
0.857325,-0.0571019
0.852463,-0.0274951
0.850985,-0.0511241
0.842919,-0.0377328
0.847539,-0.0413591
0.850607,-0.0222595
0.847296,0.00587119
0.850109,-0.00157794
0.857425,0.0014545
0.859395,-0.00326631
0.851939,-0.0108494
0.856229,-0.0402979
0.856229,-0.0402979
0.852398,-0.0631579
0.861677,-0.0502741
0.861677,-0.0502741
0.858644,-0.02014
0.858374,-0.00701644
0.850806,-0.00927851
0.858999,0.0422112
0.861321,0.0484192
0.858812,0.0554036
0.853418,0.0309396
0.855921,0.0206841
0.855921,0.0206841
0.861751,0.00827537
0.858495,-0.0217166
0.854419,-0.0197474
0.854419,-0.0197474
0.847058,-0.0230614
0.858642,0.0165215
0.85865,0.01335
0.85958,0.0377141
0.855226,0.0480794
0.855226,0.0480794
0.857731,0.0272618
0.857731,0.0272618
0.857731,0.0272618
0.862803,0.0392445
0.858548,0.0327163
0.853621,0.0454884
0.8573,0.0310218
0.8564,0.00840275
0.855194,-0.0180769
0.858147,-0.0287189
0.849719,-0.0313037
0.849719,-0.0313037
0.851016,-0.0240251
0.851874,-0.00342372
0.850244,0.0449056
0.852996,0.0121402
0.856343,-0.0181789
0.859298,0.0146811
0.866364,0.0275348
0.86235,0.0555335
0.862144,0.0231638
0.861146,0.0301147
0.863383,0.02348
0.859174,0.058201
0.859174,0.058201
0.853941,0.0601461
0.853941,0.0601461
0.85512,0.0785742
0.842589,0.129378
0.85456,0.137228
0.85456,0.137228
0.850654,0.122677
0.850654,0.122677
0.841615,0.161754
0.84312,0.136926
0.84312,0.136926
0.84312,0.136926
0.852321,0.129685
0.852321,0.129685
0.854638,0.116222
0.849959,0.12559
0.848906,0.124768
0.851376,0.150804
0.840696,0.191721
0.840696,0.191721
0.830422,0.229951
0.82144,0.244416
0.82144,0.244416
0.82144,0.244416
0.82144,0.244416
0.822741,0.24889
0.810205,0.275653
0.810157,0.259561
0.822575,0.233541
0.810916,0.257097
0.810916,0.257097
0.807039,0.275585
0.80954,0.272629
0.804728,0.285372
0.791336,0.339882
0.787948,0.34866
0.788409,0.326277
0.770455,0.369224
0.764465,0.379574
0.764465,0.379574
0.755997,0.388779
0.768304,0.394714
0.755876,0.392211
0.755876,0.392211
0.767495,0.388289
0.765444,0.387276
0.777212,0.381641
0.760956,0.411495
0.755297,0.411205
0.744868,0.425337
0.743123,0.422761
0.743123,0.422761
0.764269,0.385485
0.760624,0.394951
0.776985,0.354523
0.776985,0.354523
0.777685,0.372646
0.788869,0.339359
0.788869,0.339359
0.786091,0.332486
0.794744,0.311412
0.78758,0.338704
0.785286,0.331626
0.785286,0.331626
0.784246,0.349711
0.771745,0.359066
0.78308,0.342324
0.771528,0.383854
0.778277,0.356881
0.773711,0.373702
0.797153,0.325749
0.797153,0.325749
0.813405,0.284449
0.82203,0.257122
0.82203,0.257122
0.807594,0.285799
0.807594,0.285799
0.824654,0.217019
0.840061,0.155451
0.84222,0.166307
0.827727,0.220964
0.827727,0.220964
0.827727,0.220964
0.827727,0.220964
0.827749,0.200107
0.842058,0.146625
0.841959,0.15031
0.83812,0.171734
0.834102,0.193607
0.834102,0.193607
0.834102,0.193607
0.834102,0.193607
0.834102,0.193607
0.840826,0.163518
0.836439,0.152505
0.836439,0.152505
0.833494,0.180341
0.84345,0.151431
0.833339,0.210578
0.833339,0.210578
0.82694,0.213971
0.82694,0.213971
0.831577,0.234689
0.826492,0.244091
0.83604,0.215975
0.833102,0.234606
0.829148,0.246754
0.832329,0.227442
0.832329,0.227442
0.837821,0.213879
0.828976,0.240427
0.828229,0.22991
0.829675,0.223282
0.832214,0.224595
0.833085,0.221463
0.833085,0.221463
0.833085,0.221463
0.839791,0.190344
0.829786,0.191155
0.835769,0.187482
0.842846,0.191241
0.823928,0.222608
0.823928,0.222608
0.826148,0.223862
0.83229,0.204165
0.83229,0.204165
0.841255,0.216566
0.838938,0.209041
0.83113,0.222075
0.83113,0.222075
0.83113,0.222075
0.837729,0.225582
0.838853,0.208402
0.838853,0.208402
0.830711,0.233965
