ReTr(L*),ImTr(Lx),ImTr(Ly),ImTr(Lz),ImTr(L5)
0.98453,0.00968455,null,null,null
0.129806,null,0.418879,null,null
0.0403849,null,null,0.0709527,null
-0.00710313,null,null,null,0.00297503
0.984524,0.009072,null,null,null
0.177742,null,0.434074,null,null
0.0141528,null,null,0.0809125,null
-0.00353286,null,null,null,0.000568893
0.985036,0.000251307,null,null,null
0.191603,null,0.404705,null,null
-0.022339,null,null,0.0913763,null
0.000283612,null,null,null,0.00297687
0.984934,-0.00169667,null,null,null
0.112681,null,0.381079,null,null
0.0131837,null,null,0.124084,null
0.00138369,null,null,null,-0.00815854
0.984815,-0.00178234,null,null,null
0.0976878,null,0.3195,null,null
0.00202755,null,null,0.119654,null
-0.000441217,null,null,null,-0.00252347
0.984784,-0.00447273,null,null,null
0.0841421,null,0.291815,null,null
0.00243547,null,null,0.154372,null
-0.00645055,null,null,null,-0.00379721
0.984533,-0.0014636,null,null,null
0.0483074,null,0.324418,null,null
-0.0290774,null,null,0.122828,null
-0.00166362,null,null,null,-0.00434814
0.984546,0.00213574,null,null,null
0.0387938,null,0.347509,null,null
-0.0211375,null,null,0.106039,null
-0.00093017,null,null,null,-0.00827194
0.984469,8.29394e-06,null,null,null
0.0795804,null,0.366893,null,null
-0.0222145,null,null,0.092954,null
0.000182102,null,null,null,-0.00918989
0.984472,-0.00881902,null,null,null
0.101491,null,0.373518,null,null
-0.0326215,null,null,0.105029,null
-0.00353338,null,null,null,-0.010494
0.984654,-0.00883985,null,null,null
0.118254,null,0.356156,null,null
-0.0382443,null,null,0.0680225,null
0.00212811,null,null,null,-0.00213735
0.984322,-0.00795019,null,null,null
0.0497991,null,0.333154,null,null
-0.0194079,null,null,0.0802421,null
-0.00344173,null,null,null,-0.00700491
0.984739,-0.00792019,null,null,null
0.111118,null,0.31713,null,null
-0.0283691,null,null,0.0717724,null
-0.00354811,null,null,null,-0.00104134
0.984481,-0.000148245,null,null,null
0.0766108,null,0.329835,null,null
-0.0536416,null,null,0.0379606,null
-0.00257389,null,null,null,0.00153783
0.984351,0.00335643,null,null,null
0.109603,null,0.333785,null,null
-0.0365444,null,null,0.00543911,null
-0.0029702,null,null,null,0.00222396
0.984315,0.00497159,null,null,null
0.148682,null,0.363453,null,null
-0.0520524,null,null,0.0191575,null
-0.00830188,null,null,null,0.00692264
0.984179,0.0118374,null,null,null
0.11816,null,0.37484,null,null
-0.0699136,null,null,0.0295024,null
0.000918409,null,null,null,0.00382183
0.984361,0.00566032,null,null,null
0.0556885,null,0.384465,null,null
-0.0718872,null,null,0.0755615,null
0.00788413,null,null,null,0.00316352
0.984258,0.00144501,null,null,null
0.0422433,null,0.386725,null,null
-0.00151056,null,null,0.0979911,null
0.00352175,null,null,null,0.00524907
0.98422,0.00229609,null,null,null
0.0533489,null,0.36982,null,null
0.0134421,null,null,0.0948149,null
0.00746633,null,null,null,0.00514551
0.984256,-0.00340608,null,null,null
0.0472979,null,0.37574,null,null
-0.0176816,null,null,0.0792296,null
0.000589726,null,null,null,0.00167449
0.984026,0.00344542,null,null,null
0.0137475,null,0.393078,null,null
0.013089,null,null,0.0857955,null
-0.000565434,null,null,null,0.000651558
0.983797,0.00478779,null,null,null
-0.0145959,null,0.363649,null,null
-0.0209495,null,null,0.0936021,null
-0.000222617,null,null,null,0.00206379
0.983784,-0.00435855,null,null,null
0.00689735,null,0.371777,null,null
-0.031026,null,null,0.0951251,null
-0.00177002,null,null,null,-0.000463702
0.983784,-0.00435855,null,null,null
0.00689735,null,0.371777,null,null
-0.031026,null,null,0.0951251,null
-0.00177002,null,null,null,-0.000463702
0.983683,-0.00660829,null,null,null
-0.0261278,null,0.333144,null,null
-0.0283505,null,null,0.0998534,null
-0.00195017,null,null,null,-0.00274445
0.983425,-0.00769945,null,null,null
-0.0502641,null,0.372391,null,null
-0.0133371,null,null,0.101598,null
0.00394694,null,null,null,-0.00201708
0.983475,-0.00327124,null,null,null
-0.0759024,null,0.361215,null,null
0.0272245,null,null,0.0481114,null
0.000583735,null,null,null,-0.00207179
0.983492,-0.00720156,null,null,null
-0.0185942,null,0.370185,null,null
0.0587398,null,null,0.0576046,null
-0.00613203,null,null,null,-0.00209938
0.983525,-0.000412243,null,null,null
-0.0228421,null,0.361116,null,null
0.0623442,null,null,0.0484606,null
-0.00409824,null,null,null,-0.00248405
0.983811,-0.000741605,null,null,null
-0.075711,null,0.359335,null,null
0.066759,null,null,0.0327275,null
-0.00942659,null,null,null,-0.00963444
0.983598,-0.00784572,null,null,null
-0.105482,null,0.359269,null,null
0.0417556,null,null,0.0192216,null
-0.000439929,null,null,null,-0.00253631
0.983598,-0.00784572,null,null,null
-0.105482,null,0.359269,null,null
0.0417556,null,null,0.0192216,null
-0.000439929,null,null,null,-0.00253631
0.983954,-0.0108288,null,null,null
-0.146989,null,0.346467,null,null
0.0467976,null,null,0.041482,null
0.00150037,null,null,null,-0.00281406
0.983879,-0.0129461,null,null,null
-0.148329,null,0.292235,null,null
0.0701024,null,null,0.0810095,null
0.00318195,null,null,null,-0.00512872
0.98389,-0.00580829,null,null,null
-0.111028,null,0.256436,null,null
-0.015891,null,null,0.053123,null
-0.00333034,null,null,null,0.0071259
0.98389,-0.00580829,null,null,null
-0.111028,null,0.256436,null,null
-0.015891,null,null,0.053123,null
-0.00333034,null,null,null,0.0071259
0.98429,-0.00408359,null,null,null
-0.139929,null,0.274948,null,null
-6.22511e-05,null,null,0.117707,null
0.00208861,null,null,null,0.00918096
0.983939,-0.0059273,null,null,null
-0.162683,null,0.216954,null,null
-0.0177862,null,null,0.0909665,null
-0.00331307,null,null,null,0.0117676
0.983916,-0.0133349,null,null,null
-0.181089,null,0.165279,null,null
-0.0358601,null,null,0.0685463,null
0.00437739,null,null,null,-0.00156374
0.983613,-0.0119924,null,null,null
-0.179434,null,0.171487,null,null
0.0032993,null,null,0.0615822,null
0.00448291,null,null,null,-0.00352034
0.983613,-0.0119924,null,null,null
-0.179434,null,0.171487,null,null
0.0032993,null,null,0.0615822,null
0.00448291,null,null,null,-0.00352034
0.983656,-0.00991249,null,null,null
-0.167851,null,0.208865,null,null
-0.00912081,null,null,0.077974,null
0.00254081,null,null,null,-0.00491915
0.983557,-0.00671634,null,null,null
-0.200836,null,0.173364,null,null
0.00964627,null,null,0.0610299,null
0.00130429,null,null,null,-0.00375771
0.983586,-0.00562645,null,null,null
-0.206561,null,0.233256,null,null
0.0054441,null,null,0.0691054,null
0.00535561,null,null,null,-0.00138189
0.983516,-0.00806284,null,null,null
-0.204412,null,0.234549,null,null
-0.0426998,null,null,0.107452,null
0.00226021,null,null,null,1.83191e-05
0.983516,-0.00806284,null,null,null
-0.204412,null,0.234549,null,null
-0.0426998,null,null,0.107452,null
0.00226021,null,null,null,1.83191e-05
0.983699,-0.0080397,null,null,null
-0.184642,null,0.181364,null,null
-0.0625004,null,null,0.0989931,null
-0.00605456,null,null,null,-0.00924325
0.983699,-0.0080397,null,null,null
-0.184642,null,0.181364,null,null
-0.0625004,null,null,0.0989931,null
-0.00605456,null,null,null,-0.00924325
0.983541,-0.00203849,null,null,null
-0.231734,null,0.219889,null,null
-0.0715698,null,null,0.115584,null
0.00270936,null,null,null,-0.00232965
0.983629,-0.00365568,null,null,null
-0.245919,null,0.217349,null,null
-0.0848731,null,null,0.0752225,null
0.00985401,null,null,null,-0.0030165
0.98355,-0.00850893,null,null,null
-0.30158,null,0.207106,null,null
-0.0783652,null,null,0.0266972,null
0.00434646,null,null,null,0.00206947
0.983529,-0.00750702,null,null,null
-0.351739,null,0.198025,null,null
-0.14351,null,null,-0.0201864,null
0.0144929,null,null,null,0.00210914
0.983471,-0.0120662,null,null,null
-0.312265,null,0.18312,null,null
-0.151932,null,null,-0.0250469,null
0.00545201,null,null,null,-0.00103741
0.983724,-0.00888074,null,null,null
-0.278639,null,0.157858,null,null
-0.142712,null,null,-0.00249051,null
0.00503514,null,null,null,0.00180356
0.983492,-0.0090396,null,null,null
-0.274061,null,0.177732,null,null
-0.172834,null,null,0.00840588,null
-0.0019056,null,null,null,-0.000347014
0.983585,-0.00975835,null,null,null
-0.248229,null,0.162285,null,null
-0.165429,null,null,0.0156055,null
0.00144789,null,null,null,0.000619442
0.983684,-0.00892424,null,null,null
-0.264029,null,0.165263,null,null
-0.127631,null,null,-0.0017658,null
0.00528692,null,null,null,0.00129469
0.983502,-0.00674435,null,null,null
-0.252412,null,0.122527,null,null
-0.149113,null,null,0.0064447,null
-0.00200913,null,null,null,-0.00730212
0.983309,-0.0045073,null,null,null
-0.290881,null,0.145856,null,null
-0.130013,null,null,-0.00232305,null
-0.000201499,null,null,null,-0.00301261
0.983504,-0.00546915,null,null,null
-0.258266,null,0.128965,null,null
-0.117583,null,null,0.0262661,null
0.00711192,null,null,null,-0.00562795
0.98342,-0.00729635,null,null,null
-0.243929,null,0.11027,null,null
-0.112937,null,null,0.0170464,null
0.00803751,null,null,null,-0.00818576
0.983733,-0.00242294,null,null,null
-0.22203,null,0.133806,null,null
-0.100654,null,null,-0.000566657,null
0.00338449,null,null,null,0.00705582
0.983474,-0.00679791,null,null,null
-0.273529,null,0.0903276,null,null
-0.112414,null,null,0.0171324,null
0.00397791,null,null,null,-0.00452309
0.983661,-0.009722,null,null,null
-0.256707,null,0.0972474,null,null
-0.0959511,null,null,-0.00690128,null
0.00207414,null,null,null,-0.00371818
0.983661,-0.009722,null,null,null
-0.256707,null,0.0972474,null,null
-0.0959511,null,null,-0.00690128,null
0.00207414,null,null,null,-0.00371818
0.983751,-0.0112506,null,null,null
-0.228492,null,0.121058,null,null
-0.0806264,null,null,0.00703396,null
0.00460136,null,null,null,0.000948096
0.983757,-0.00925555,null,null,null
-0.233281,null,0.113826,null,null
-0.077069,null,null,-0.00869056,null
0.0037375,null,null,null,-0.00609089
0.983689,-0.00530278,null,null,null
-0.259725,null,0.0686846,null,null
-0.100192,null,null,0.03301,null
0.00790065,null,null,null,-0.00145339
0.983414,-0.0144065,null,null,null
-0.258509,null,0.0620196,null,null
-0.0725349,null,null,0.0235035,null
-0.0034042,null,null,null,-0.0102486
0.983364,-0.0116309,null,null,null
-0.249689,null,0.0858825,null,null
-0.0601711,null,null,0.0621042,null
0.00421126,null,null,null,-0.00448119
0.983365,-0.0186497,null,null,null
-0.287467,null,0.102817,null,null
-0.0715106,null,null,0.0490013,null
0.00400822,null,null,null,0.000466931
0.983365,-0.0186497,null,null,null
-0.287467,null,0.102817,null,null
-0.0715106,null,null,0.0490013,null
0.00400822,null,null,null,0.000466931
0.983305,-0.0157554,null,null,null
-0.312314,null,0.13679,null,null
-0.0723598,null,null,0.0467741,null
0.0031665,null,null,null,-0.00233328
0.983321,-0.0152582,null,null,null
-0.301758,null,0.127787,null,null
-0.133585,null,null,0.0317173,null
0.00892039,null,null,null,0.00426203
0.98348,-0.0124407,null,null,null
-0.304003,null,0.138258,null,null
-0.11516,null,null,-0.0112498,null
0.00457719,null,null,null,-0.00072966
0.983313,-0.0158586,null,null,null
-0.299444,null,0.123911,null,null
-0.114531,null,null,-0.000864129,null
0.00389834,null,null,null,-0.00178087
0.983313,-0.0158586,null,null,null
-0.299444,null,0.123911,null,null
-0.114531,null,null,-0.000864129,null
0.00389834,null,null,null,-0.00178087
0.983685,-0.0118699,null,null,null
-0.341413,null,0.121573,null,null
-0.144255,null,null,-0.0470841,null
-0.00345149,null,null,null,-0.00375535
0.983434,-0.00824949,null,null,null
-0.335049,null,0.123493,null,null
-0.122947,null,null,-0.0427784,null
-0.00446669,null,null,null,-0.00349728
0.983611,4.40024e-05,null,null,null
-0.293123,null,0.111461,null,null
-0.0813036,null,null,-0.070405,null
0.00297242,null,null,null,0.00100958
0.983664,0.00339792,null,null,null
-0.292406,null,0.137609,null,null
-0.0673772,null,null,-0.0922065,null
0.00469656,null,null,null,-0.015733
0.98341,0.00893494,null,null,null
-0.316359,null,0.132086,null,null
-0.0962955,null,null,-0.067431,null
-0.00271255,null,null,null,-9.07298e-05
0.983185,0.0156985,null,null,null
-0.276239,null,0.144065,null,null
-0.112802,null,null,-0.0666279,null
-0.00374041,null,null,null,-0.00262912
0.983163,0.00871759,null,null,null
-0.244094,null,0.170749,null,null
-0.102294,null,null,-0.0542007,null
0.00137341,null,null,null,-0.00559961
0.983505,-9.67229e-05,null,null,null
-0.251309,null,0.184764,null,null
-0.00763008,null,null,-0.109657,null
0.0017384,null,null,null,-0.000328709
0.983407,-0.00716806,null,null,null
-0.234094,null,0.216055,null,null
-0.0463266,null,null,-0.1021,null
-0.00491669,null,null,null,-0.00364309
0.983515,0.0021963,null,null,null
-0.181645,null,0.210682,null,null
-0.0565284,null,null,-0.0901195,null
-0.00252441,null,null,null,0.000519029
0.98352,0.00508145,null,null,null
-0.172259,null,0.248976,null,null
-0.0579371,null,null,-0.0866816,null
0.00233754,null,null,null,-0.000666061
0.983785,0.0064277,null,null,null
-0.14856,null,0.278065,null,null
-0.109421,null,null,-0.00924074,null
0.00206455,null,null,null,-0.000212123
0.983785,0.0064277,null,null,null
-0.14856,null,0.278065,null,null
-0.109421,null,null,-0.00924074,null
0.00206455,null,null,null,-0.000212123
0.983665,0.0098393,null,null,null
-0.148652,null,0.301984,null,null
-0.115158,null,null,-0.0397622,null
-5.88279e-05,null,null,null,0.00124172
0.983721,0.0116316,null,null,null
-0.162441,null,0.293349,null,null
-0.100061,null,null,-0.0775855,null
-0.00247174,null,null,null,0.00575479
0.98356,0.0171782,null,null,null
-0.19186,null,0.299049,null,null
-0.0955905,null,null,-0.0273649,null
-0.0057959,null,null,null,0.00298043
0.98356,0.0171782,null,null,null
-0.19186,null,0.299049,null,null
-0.0955905,null,null,-0.0273649,null
-0.0057959,null,null,null,0.00298043
0.983799,0.0181756,null,null,null
-0.23282,null,0.33005,null,null
-0.11031,null,null,-0.075562,null
-0.00214268,null,null,null,-0.00220141
0.983494,0.0163621,null,null,null
-0.204739,null,0.343931,null,null
-0.180776,null,null,-0.0756938,null
-0.00181993,null,null,null,0.000985099
0.98364,0.0198675,null,null,null
-0.168584,null,0.297361,null,null
-0.167712,null,null,-0.0561729,null
-0.0011251,null,null,null,-0.00885841
0.98364,0.0198675,null,null,null
-0.168584,null,0.297361,null,null
-0.167712,null,null,-0.0561729,null
-0.0011251,null,null,null,-0.00885841
0.983561,0.0219946,null,null,null
-0.175792,null,0.281381,null,null
-0.140022,null,null,-0.0843971,null
-0.00294935,null,null,null,-0.0061388
0.983374,0.0245961,null,null,null
-0.159314,null,0.339636,null,null
-0.172907,null,null,-0.0793291,null
-0.0011508,null,null,null,-0.00392267
0.983535,0.0214024,null,null,null
-0.195959,null,0.322831,null,null
-0.118729,null,null,-0.100883,null
-0.00185349,null,null,null,-0.000676289
0.983734,0.0253316,null,null,null
-0.164815,null,0.288562,null,null
-0.14441,null,null,-0.0675164,null
-0.00181193,null,null,null,-0.00699078
0.983234,0.0223071,null,null,null
-0.17174,null,0.299584,null,null
-0.134719,null,null,-0.0280728,null
-0.0046437,null,null,null,-0.00136946
0.983556,0.0161953,null,null,null
-0.149858,null,0.271417,null,null
-0.134629,null,null,-0.0300575,null
0.000358239,null,null,null,-0.000582681
0.983556,0.0161953,null,null,null
-0.149858,null,0.271417,null,null
-0.134629,null,null,-0.0300575,null
0.000358239,null,null,null,-0.000582681
0.98375,0.0116336,null,null,null
-0.132776,null,0.27988,null,null
-0.164111,null,null,-0.0343487,null
-0.00369381,null,null,null,-0.00907856
0.98374,0.015155,null,null,null
-0.184256,null,0.247142,null,null
-0.13276,null,null,-0.055373,null
0.000743999,null,null,null,-0.00383887
0.98358,0.0085288,null,null,null
-0.176775,null,0.262184,null,null
-0.204796,null,null,-0.0665035,null
-0.00644872,null,null,null,0.00390615
0.983839,0.00662103,null,null,null
-0.168001,null,0.25573,null,null
-0.123515,null,null,-0.0186254,null
-0.00220539,null,null,null,-0.00207559
0.983731,0.00323525,null,null,null
-0.151656,null,0.244386,null,null
-0.196955,null,null,-0.0559422,null
-0.00381936,null,null,null,0.00271339
0.98368,0.00495956,null,null,null
-0.163794,null,0.231819,null,null
-0.205305,null,null,0.0394324,null
-0.00107602,null,null,null,-0.00552947
0.983496,0.0099782,null,null,null
-0.157053,null,0.231635,null,null
-0.154608,null,null,0.020945,null
-0.00328313,null,null,null,-0.00045961
0.983374,0.0194061,null,null,null
-0.143331,null,0.202841,null,null
-0.135132,null,null,0.05964,null
0.00113213,null,null,null,-0.0029949
0.983374,0.0194061,null,null,null
-0.143331,null,0.202841,null,null
-0.135132,null,null,0.05964,null
0.00113213,null,null,null,-0.0029949
0.983026,0.0247411,null,null,null
-0.15649,null,0.204431,null,null
-0.130671,null,null,0.0185325,null
0.00300667,null,null,null,-0.00411969
0.982718,0.0280484,null,null,null
-0.142533,null,0.25766,null,null
-0.138006,null,null,0.0261996,null
-0.00681732,null,null,null,-0.00744315
0.982976,0.0211745,null,null,null
-0.168136,null,0.247773,null,null
-0.0638615,null,null,0.0209074,null
0.00123207,null,null,null,-0.0101903
0.982783,0.0181952,null,null,null
-0.175343,null,0.237162,null,null
-0.129009,null,null,0.0195136,null
0.00295864,null,null,null,-0.00213781
0.982997,0.0183915,null,null,null
-0.187793,null,0.229005,null,null
-0.150889,null,null,0.0197447,null
-0.00206434,null,null,null,0.000224796
0.983214,0.024395,null,null,null
-0.182237,null,0.212743,null,null
-0.149591,null,null,0.0503871,null
-0.00359651,null,null,null,-0.0032369
0.983574,0.0206616,null,null,null
-0.209334,null,0.217803,null,null
-0.133539,null,null,0.0713967,null
-0.00544157,null,null,null,-0.00278614
0.983575,0.0162795,null,null,null
-0.217285,null,0.253395,null,null
-0.126885,null,null,0.0137264,null
0.00406885,null,null,null,0.00498409
0.983464,0.0138456,null,null,null
-0.266939,null,0.216996,null,null
-0.0965185,null,null,0.0555578,null
0.00193631,null,null,null,-0.000606744
0.983464,0.0138456,null,null,null
-0.266939,null,0.216996,null,null
-0.0965185,null,null,0.0555578,null
0.00193631,null,null,null,-0.000606744
0.983464,0.0138456,null,null,null
-0.266939,null,0.216996,null,null
-0.0965185,null,null,0.0555578,null
0.00193631,null,null,null,-0.000606744
0.983599,0.00933911,null,null,null
-0.210664,null,0.193475,null,null
-0.0212708,null,null,0.044947,null
-0.00130456,null,null,null,-8.9778e-05
0.98349,0.0101696,null,null,null
-0.207877,null,0.228911,null,null
-0.0555726,null,null,0.062877,null
0.000716997,null,null,null,-0.00239279
0.983694,0.0151429,null,null,null
-0.223264,null,0.228309,null,null
-0.0675962,null,null,0.0082996,null
0.00422341,null,null,null,0.0066904
0.984028,0.0121964,null,null,null
-0.212448,null,0.277618,null,null
-0.064927,null,null,0.0629286,null
0.00290945,null,null,null,0.000487315
0.984019,0.00676921,null,null,null
-0.232411,null,0.261373,null,null
-0.0775842,null,null,0.0503745,null
-0.00355085,null,null,null,0.00208923
0.984019,0.00676921,null,null,null
-0.232411,null,0.261373,null,null
-0.0775842,null,null,0.0503745,null
-0.00355085,null,null,null,0.00208923
0.984019,0.00676921,null,null,null
-0.232411,null,0.261373,null,null
-0.0775842,null,null,0.0503745,null
-0.00355085,null,null,null,0.00208923
0.983959,0.00450581,null,null,null
-0.194314,null,0.251695,null,null
-0.082974,null,null,0.0562136,null
0.000429878,null,null,null,0.0074871
0.984011,-0.0026323,null,null,null
-0.239334,null,0.306091,null,null
-0.0502141,null,null,0.0300109,null
0.000392761,null,null,null,-0.000214919
0.98386,-0.00691059,null,null,null
-0.219777,null,0.264081,null,null
-0.0270305,null,null,0.0169539,null
-0.00396119,null,null,null,0.00130623
0.983861,-0.00203271,null,null,null
-0.242397,null,0.241561,null,null
-0.0286671,null,null,0.0426944,null
0.0018248,null,null,null,-0.00686201
0.983603,-0.000926141,null,null,null
-0.281825,null,0.190589,null,null
-0.0269566,null,null,0.0132622,null
-0.000873165,null,null,null,-0.000974571
0.983603,-0.000926141,null,null,null
-0.281825,null,0.190589,null,null
-0.0269566,null,null,0.0132622,null
-0.000873165,null,null,null,-0.000974571
0.983912,0.00170367,null,null,null
-0.285625,null,0.187952,null,null
-0.02524,null,null,0.030724,null
-0.00371856,null,null,null,-0.0028989
0.983988,0.00205005,null,null,null
-0.332402,null,0.133678,null,null
0.00678929,null,null,-0.0167806,null
0.00485036,null,null,null,-0.00184981
0.98422,0.00612962,null,null,null
-0.287505,null,0.187744,null,null
0.0228954,null,null,0.0541691,null
-0.000696116,null,null,null,0.00560159
0.98422,0.00612962,null,null,null
-0.287505,null,0.187744,null,null
0.0228954,null,null,0.0541691,null
-0.000696116,null,null,null,0.00560159
0.98422,0.00612962,null,null,null
-0.287505,null,0.187744,null,null
0.0228954,null,null,0.0541691,null
-0.000696116,null,null,null,0.00560159
0.984064,0.00244018,null,null,null
-0.280525,null,0.213443,null,null
-0.0137496,null,null,0.019668,null
-0.00828701,null,null,null,0.0079526
0.984064,0.00244018,null,null,null
-0.280525,null,0.213443,null,null
-0.0137496,null,null,0.019668,null
-0.00828701,null,null,null,0.0079526
0.983807,0.00253606,null,null,null
-0.266813,null,0.196174,null,null
-0.052177,null,null,-0.00210539,null
0.0025226,null,null,null,0.00550947
0.983807,0.00253606,null,null,null
-0.266813,null,0.196174,null,null
-0.052177,null,null,-0.00210539,null
0.0025226,null,null,null,0.00550947
0.98386,0.000616806,null,null,null
-0.232886,null,0.26116,null,null
-0.0171367,null,null,0.0137497,null
-0.0017713,null,null,null,0.0120392
0.98386,0.000616806,null,null,null
-0.232886,null,0.26116,null,null
-0.0171367,null,null,0.0137497,null
-0.0017713,null,null,null,0.0120392
0.983625,-0.0037449,null,null,null
-0.243367,null,0.26857,null,null
0.0374625,null,null,0.00257885,null
-0.00815201,null,null,null,0.00339202
0.983625,-0.0037449,null,null,null
-0.243367,null,0.26857,null,null
0.0374625,null,null,0.00257885,null
-0.00815201,null,null,null,0.00339202
0.983686,-0.00448501,null,null,null
-0.253984,null,0.251717,null,null
-0.0212576,null,null,-0.0148393,null
0.00122633,null,null,null,0.00673784
0.983686,-0.00448501,null,null,null
-0.253984,null,0.251717,null,null
-0.0212576,null,null,-0.0148393,null
0.00122633,null,null,null,0.00673784
0.983686,-0.00448501,null,null,null
-0.253984,null,0.251717,null,null
-0.0212576,null,null,-0.0148393,null
0.00122633,null,null,null,0.00673784
0.983525,-0.00810934,null,null,null
-0.277485,null,0.281154,null,null
0.00412219,null,null,-0.0090859,null
-0.000278865,null,null,null,-0.000179676
0.983208,-0.0127708,null,null,null
-0.237301,null,0.29932,null,null
0.0303249,null,null,0.0208237,null
0.00220181,null,null,null,0.00093774
0.983502,-0.0187126,null,null,null
-0.236059,null,0.283927,null,null
0.0245105,null,null,0.0490953,null
0.0026989,null,null,null,-0.00111557
0.983286,-0.0217971,null,null,null
-0.249713,null,0.278585,null,null
-0.014017,null,null,0.0355481,null
0.00245841,null,null,null,-0.00482131
0.983509,-0.0146341,null,null,null
-0.261109,null,0.242767,null,null
-0.0478478,null,null,0.057612,null
0.000484559,null,null,null,0.00409366
0.983614,-0.0103671,null,null,null
-0.239154,null,0.229109,null,null
-0.0490914,null,null,0.106013,null
-0.00672643,null,null,null,0.00180307
0.983456,-0.0143505,null,null,null
-0.203404,null,0.193442,null,null
-0.0278185,null,null,0.0914466,null
-0.000690745,null,null,null,0.0147111
0.983605,-0.00961865,null,null,null
-0.189091,null,0.180335,null,null
-0.0277316,null,null,0.0858441,null
-0.00374787,null,null,null,0.00352434
0.983605,-0.00961865,null,null,null
-0.189091,null,0.180335,null,null
-0.0277316,null,null,0.0858441,null
-0.00374787,null,null,null,0.00352434
0.983476,-0.00953018,null,null,null
-0.177558,null,0.1278,null,null
0.00558124,null,null,0.0796141,null
-0.00326086,null,null,null,0.00365621
0.983476,-0.00953018,null,null,null
-0.177558,null,0.1278,null,null
0.00558124,null,null,0.0796141,null
-0.00326086,null,null,null,0.00365621
0.983476,-0.00953018,null,null,null
-0.177558,null,0.1278,null,null
0.00558124,null,null,0.0796141,null
-0.00326086,null,null,null,0.00365621
0.983476,-0.00953018,null,null,null
-0.177558,null,0.1278,null,null
0.00558124,null,null,0.0796141,null
-0.00326086,null,null,null,0.00365621
0.983476,-0.00953018,null,null,null
-0.177558,null,0.1278,null,null
0.00558124,null,null,0.0796141,null
-0.00326086,null,null,null,0.00365621
0.983476,-0.00953018,null,null,null
-0.177558,null,0.1278,null,null
0.00558124,null,null,0.0796141,null
-0.00326086,null,null,null,0.00365621
0.983594,-0.00293616,null,null,null
-0.190689,null,0.17373,null,null
-0.005632,null,null,0.0330372,null
-0.00242571,null,null,null,0.00853604
0.983711,-0.00690042,null,null,null
-0.158763,null,0.208333,null,null
0.0427035,null,null,0.082283,null
0.00490586,null,null,null,0.0064813
0.983755,-0.00298918,null,null,null
-0.110206,null,0.221421,null,null
0.0654859,null,null,0.0548826,null
0.00309212,null,null,null,0.00714076
0.983803,0.00419314,null,null,null
-0.155475,null,0.24422,null,null
0.052205,null,null,0.0518264,null
-0.00449651,null,null,null,-0.000518157
0.983511,-0.00125069,null,null,null
-0.0895632,null,0.259076,null,null
0.0458554,null,null,0.0302695,null
-0.000820185,null,null,null,0.00423129
0.98358,0.00380017,null,null,null
-0.121636,null,0.240395,null,null
0.0743689,null,null,0.0988717,null
-0.00606744,null,null,null,0.00672491
0.983291,0.00170154,null,null,null
-0.150961,null,0.252663,null,null
0.0950914,null,null,0.102703,null
-0.00909412,null,null,null,-0.00327668
0.983291,0.00170154,null,null,null
-0.150961,null,0.252663,null,null
0.0950914,null,null,0.102703,null
-0.00909412,null,null,null,-0.00327668
0.983291,0.00170154,null,null,null
-0.150961,null,0.252663,null,null
0.0950914,null,null,0.102703,null
-0.00909412,null,null,null,-0.00327668
0.983409,0.00910096,null,null,null
-0.1544,null,0.291731,null,null
0.111389,null,null,0.095657,null
-0.00262098,null,null,null,0.00398166
0.98371,0.00935064,null,null,null
-0.150778,null,0.292673,null,null
0.0839463,null,null,0.165048,null
0.00529464,null,null,null,0.00108666
0.98371,0.00935064,null,null,null
-0.150778,null,0.292673,null,null
0.0839463,null,null,0.165048,null
0.00529464,null,null,null,0.00108666
0.983454,0.0157094,null,null,null
-0.0854249,null,0.266974,null,null
0.0904134,null,null,0.110193,null
0.00741971,null,null,null,0.00587459
0.9832,0.017254,null,null,null
-0.0685427,null,0.286975,null,null
0.122528,null,null,0.133686,null
-0.00383602,null,null,null,0.00998193
0.9832,0.017254,null,null,null
-0.0685427,null,0.286975,null,null
0.122528,null,null,0.133686,null
-0.00383602,null,null,null,0.00998193
0.983261,0.0151321,null,null,null
-0.0771859,null,0.269681,null,null
0.106329,null,null,0.126567,null
-0.00380667,null,null,null,0.00632476
0.983006,0.00958401,null,null,null
-0.0818686,null,0.207374,null,null
0.0971911,null,null,0.121435,null
-0.00575358,null,null,null,-0.00404044
0.983006,0.00958401,null,null,null
-0.0818686,null,0.207374,null,null
0.0971911,null,null,0.121435,null
-0.00575358,null,null,null,-0.00404044
0.983006,0.00958401,null,null,null
-0.0818686,null,0.207374,null,null
0.0971911,null,null,0.121435,null
-0.00575358,null,null,null,-0.00404044
0.983234,0.0111319,null,null,null
-0.127905,null,0.224696,null,null
0.0817164,null,null,0.149673,null
0.00596137,null,null,null,-0.00291591
0.982724,0.0146255,null,null,null
-0.13375,null,0.289602,null,null
0.0586513,null,null,0.155224,null
0.00123083,null,null,null,4.133e-05
0.983199,0.0165421,null,null,null
-0.114967,null,0.260689,null,null
0.0405775,null,null,0.0951167,null
0.00401943,null,null,null,-0.00226364
0.983005,0.0172256,null,null,null
-0.109369,null,0.272572,null,null
0.0787048,null,null,0.164946,null
-0.000233614,null,null,null,-0.00295759
0.983099,0.0137746,null,null,null
-0.109407,null,0.233324,null,null
0.0707666,null,null,0.133919,null
0.000397686,null,null,null,-0.0105926
0.983099,0.0137746,null,null,null
-0.109407,null,0.233324,null,null
0.0707666,null,null,0.133919,null
0.000397686,null,null,null,-0.0105926
0.983091,0.016934,null,null,null
-0.0537406,null,0.190254,null,null
0.0935399,null,null,0.0936721,null
0.00750775,null,null,null,0.000700285
0.983044,0.021195,null,null,null
-0.0603547,null,0.298729,null,null
0.0979555,null,null,0.0759104,null
0.00637177,null,null,null,-0.00121955
0.983108,0.0186686,null,null,null
-0.0790363,null,0.312874,null,null
0.0758797,null,null,0.0864884,null
0.00334026,null,null,null,-0.00146586
0.983149,0.0158252,null,null,null
-0.067124,null,0.333581,null,null
0.0867229,null,null,0.0547046,null
0.00468114,null,null,null,0.00112097
0.982991,0.0127005,null,null,null
-0.105041,null,0.290878,null,null
0.105708,null,null,0.0323399,null
-0.00327349,null,null,null,0.00304326
0.982991,0.0127005,null,null,null
-0.105041,null,0.290878,null,null
0.105708,null,null,0.0323399,null
-0.00327349,null,null,null,0.00304326
0.98332,0.0143116,null,null,null
-0.0959833,null,0.248289,null,null
0.123592,null,null,0.0860499,null
-0.00105792,null,null,null,-0.00669229
0.98332,0.0143116,null,null,null
-0.0959833,null,0.248289,null,null
0.123592,null,null,0.0860499,null
-0.00105792,null,null,null,-0.00669229
0.983366,0.00947221,null,null,null
-0.121672,null,0.30606,null,null
0.101181,null,null,0.084534,null
0.00292269,null,null,null,-0.00467481
0.983343,0.00790373,null,null,null
-0.10379,null,0.307783,null,null
0.114631,null,null,0.123503,null
-0.00136044,null,null,null,-0.00660105
0.9836,0.00846085,null,null,null
-0.104494,null,0.311486,null,null
0.168521,null,null,0.100751,null
0.00272879,null,null,null,0.00516626
0.9836,0.00846085,null,null,null
-0.104494,null,0.311486,null,null
0.168521,null,null,0.100751,null
0.00272879,null,null,null,0.00516626
0.983364,0.00525885,null,null,null
-0.115671,null,0.300304,null,null
0.117496,null,null,0.103677,null
-0.00096836,null,null,null,-0.00221386
0.983325,0.00018363,null,null,null
-0.0249259,null,0.296204,null,null
0.0766319,null,null,0.12754,null
-0.00398351,null,null,null,0.000448437
0.9832,-0.00119683,null,null,null
-0.0323457,null,0.28226,null,null
0.069635,null,null,0.116594,null
0.00344117,null,null,null,-0.00127024
0.983124,0.00503039,null,null,null
0.000853388,null,0.307947,null,null
0.0468954,null,null,0.104513,null
0.0059084,null,null,null,0.00317678
0.983515,0.00669019,null,null,null
-0.0586459,null,0.290895,null,null
0.0261847,null,null,0.0635909,null
-7.9202e-05,null,null,null,-0.00745222
0.983515,0.00669019,null,null,null
-0.0586459,null,0.290895,null,null
0.0261847,null,null,0.0635909,null
-7.9202e-05,null,null,null,-0.00745222
0.983348,0.0112348,null,null,null
-0.0623517,null,0.303968,null,null
0.000861614,null,null,0.0235223,null
0.00329366,null,null,null,0.000124575
0.983348,0.0110039,null,null,null
-0.0470708,null,0.361511,null,null
-0.0117739,null,null,-0.00135709,null
-0.00068508,null,null,null,0.00397407
0.983862,0.00675764,null,null,null
-0.0553297,null,0.332789,null,null
0.0180606,null,null,-0.0262612,null
-0.00377402,null,null,null,0.00374156
0.983861,0.00276407,null,null,null
-0.0590294,null,0.348796,null,null
0.00120932,null,null,0.00835086,null
-0.00317729,null,null,null,-0.0071127
0.983927,-0.000395701,null,null,null
-0.0444753,null,0.347139,null,null
0.0550331,null,null,0.0433495,null
-0.00103788,null,null,null,-0.00411463
0.984108,-0.00287029,null,null,null
-0.0198039,null,0.345152,null,null
0.0148424,null,null,0.027063,null
-0.00584172,null,null,null,-0.00453028
0.983901,-0.00892986,null,null,null
-0.0641476,null,0.361619,null,null
0.00454768,null,null,0.0243573,null
-0.00106105,null,null,null,-0.00221375
0.983831,-0.0101311,null,null,null
-0.0329464,null,0.344981,null,null
-0.0614116,null,null,0.0374256,null
-0.00745457,null,null,null,-0.00318349
0.983831,-0.0101311,null,null,null
-0.0329464,null,0.344981,null,null
-0.0614116,null,null,0.0374256,null
-0.00745457,null,null,null,-0.00318349
0.98401,-0.013923,null,null,null
-0.0346859,null,0.345712,null,null
-0.0570434,null,null,0.0909506,null
-0.00355579,null,null,null,0.00403911
0.984046,-0.0100933,null,null,null
-0.039191,null,0.347035,null,null
-0.0696052,null,null,0.0968881,null
-0.0054535,null,null,null,0.000662761
0.983888,-0.00404754,null,null,null
-0.0512418,null,0.391584,null,null
-0.0448332,null,null,0.0902312,null
-0.00279078,null,null,null,0.00172568
0.983789,-0.00359784,null,null,null
-0.0984281,null,0.387335,null,null
-0.0235856,null,null,0.00850011,null
-0.00826335,null,null,null,0.00185585
0.984032,0.00142932,null,null,null
-0.0537396,null,0.395068,null,null
-0.00872853,null,null,0.0158065,null
-0.00442815,null,null,null,-0.000573865
0.984032,0.00142932,null,null,null
-0.0537396,null,0.395068,null,null
-0.00872853,null,null,0.0158065,null
-0.00442815,null,null,null,-0.000573865
0.983931,-0.00925041,null,null,null
-0.108268,null,0.394033,null,null
-0.0189607,null,null,0.0713175,null
-0.00366195,null,null,null,-0.0107665
0.983838,-0.0105377,null,null,null
-0.104348,null,0.29736,null,null
-0.0104303,null,null,0.0341533,null
0.000266186,null,null,null,0.00188748
0.983354,-0.0171532,null,null,null
-0.0880184,null,0.292872,null,null
-0.0177759,null,null,0.052369,null
-0.00418439,null,null,null,0.00511295
0.983354,-0.0171532,null,null,null
-0.0880184,null,0.292872,null,null
-0.0177759,null,null,0.052369,null
-0.00418439,null,null,null,0.00511295
0.983511,-0.013639,null,null,null
-0.0734397,null,0.342498,null,null
-0.0588476,null,null,0.0273143,null
-0.000137539,null,null,null,-0.000885375
0.983511,-0.013639,null,null,null
-0.0734397,null,0.342498,null,null
-0.0588476,null,null,0.0273143,null
-0.000137539,null,null,null,-0.000885375
0.983555,-0.0119997,null,null,null
-0.0899885,null,0.399369,null,null
-0.0329635,null,null,0.0105073,null
-0.00736026,null,null,null,-0.000515205
0.983401,-0.011186,null,null,null
-0.0921464,null,0.353175,null,null
-0.0383991,null,null,0.0040347,null
-0.00943361,null,null,null,0.000216161
0.983401,-0.011186,null,null,null
-0.0921464,null,0.353175,null,null
-0.0383991,null,null,0.0040347,null
-0.00943361,null,null,null,0.000216161
0.98383,-0.0114891,null,null,null
-0.0948598,null,0.315191,null,null
-0.0325379,null,null,0.00566128,null
0.00123977,null,null,null,-0.00561477
0.983809,-0.013902,null,null,null
-0.11136,null,0.306099,null,null
-0.0619899,null,null,0.0175837,null
-0.0100222,null,null,null,-0.0042072
0.984123,-0.00231515,null,null,null
-0.0845812,null,0.318985,null,null
0.00516981,null,null,-0.00364598,null
-0.000654621,null,null,null,-0.00190639
0.984062,-0.00621475,null,null,null
-0.0849064,null,0.332205,null,null
-0.0116512,null,null,0.0209081,null
0.00342547,null,null,null,-0.00344063
0.983882,-0.00712908,null,null,null
-0.100189,null,0.367316,null,null
0.0091358,null,null,0.0174415,null
0.000683044,null,null,null,-0.0013393
0.98362,-0.00552642,null,null,null
-0.120866,null,0.338193,null,null
0.00954899,null,null,0.060325,null
-0.00340834,null,null,null,0.00474525
0.98362,-0.00552642,null,null,null
-0.120866,null,0.338193,null,null
0.00954899,null,null,0.060325,null
-0.00340834,null,null,null,0.00474525
0.98369,-0.0012359,null,null,null
-0.140302,null,0.285623,null,null
0.0680466,null,null,0.0526416,null
-0.00939847,null,null,null,0.00542007
0.983426,-0.00561735,null,null,null
-0.0955678,null,0.296419,null,null
0.0708691,null,null,0.038203,null
0.00110749,null,null,null,0.00123769
0.983498,-0.000588134,null,null,null
-0.0966795,null,0.33832,null,null
0.0618843,null,null,0.0479081,null
0.00169466,null,null,null,-0.00161812
0.983672,0.00436064,null,null,null
-0.104395,null,0.316503,null,null
0.0623206,null,null,0.073269,null
-0.00370575,null,null,null,0.000680246
0.983701,0.00579936,null,null,null
-0.144134,null,0.328877,null,null
0.0785679,null,null,0.0869426,null
-0.00349686,null,null,null,-0.0038075
0.983463,0.00940025,null,null,null
-0.141275,null,0.323584,null,null
0.0767397,null,null,0.0396875,null
-0.0015298,null,null,null,8.03726e-05
0.983869,0.0055887,null,null,null
-0.093231,null,0.307381,null,null
0.0595074,null,null,-0.00411403,null
0.00519637,null,null,null,0.00537943
0.983869,0.0055887,null,null,null
-0.093231,null,0.307381,null,null
0.0595074,null,null,-0.00411403,null
0.00519637,null,null,null,0.00537943
0.983799,0.010441,null,null,null
-0.13197,null,0.305571,null,null
0.0235668,null,null,0.0138695,null
-0.00121484,null,null,null,0.00791339
0.98388,0.0111085,null,null,null
-0.135529,null,0.271929,null,null
0.0237029,null,null,-0.00726484,null
0.00216596,null,null,null,0.0051519
0.983947,0.00817239,null,null,null
-0.136625,null,0.28288,null,null
-0.00734915,null,null,0.0147009,null
0.0063971,null,null,null,3.07226e-05
0.983947,0.00817239,null,null,null
-0.136625,null,0.28288,null,null
-0.00734915,null,null,0.0147009,null
0.0063971,null,null,null,3.07226e-05
0.983812,-0.000115169,null,null,null
-0.125211,null,0.266434,null,null
-0.0239893,null,null,-0.0390581,null
0.00750142,null,null,null,-0.000606146
0.983686,0.00108194,null,null,null
-0.157259,null,0.241784,null,null
-0.00797712,null,null,-0.028789,null
0.00775364,null,null,null,-0.00413054
0.983502,0.00256825,null,null,null
-0.143956,null,0.250056,null,null
0.0236194,null,null,-0.0208675,null
0.00358025,null,null,null,-0.000520546
0.983555,0.00268347,null,null,null
-0.134759,null,0.261555,null,null
0.0462956,null,null,-0.0800311,null
0.000838004,null,null,null,-0.00238486
0.983215,0.00861314,null,null,null
-0.124265,null,0.259862,null,null
0.0277206,null,null,-0.0604646,null
0.00341534,null,null,null,0.00147525
0.983404,0.0108856,null,null,null
-0.171192,null,0.271806,null,null
0.0212461,null,null,-0.0846293,null
0.000609206,null,null,null,-0.00142271
0.983146,0.0141304,null,null,null
-0.0949824,null,0.254198,null,null
0.0158252,null,null,-0.100645,null
-0.000354696,null,null,null,-0.00528729
0.983298,0.0187886,null,null,null
-0.126495,null,0.259701,null,null
0.0152257,null,null,-0.0644253,null
0.00379411,null,null,null,-0.0115995
0.983099,0.0165614,null,null,null
-0.157125,null,0.228274,null,null
0.0156681,null,null,-0.0602435,null
0.00377182,null,null,null,0.00226015
0.983487,0.0165689,null,null,null
-0.172296,null,0.18497,null,null
-0.0176121,null,null,-0.0905293,null
0.0040127,null,null,null,-0.00239463
0.98319,0.0162874,null,null,null
-0.188989,null,0.16983,null,null
-0.00951984,null,null,-0.0555015,null
0.00082936,null,null,null,-0.0034125
0.983463,0.0127611,null,null,null
-0.149215,null,0.162776,null,null
-0.0354161,null,null,-0.0524498,null
0.00300035,null,null,null,0.00518796
0.983194,0.0073344,null,null,null
-0.209154,null,0.215651,null,null
-0.064687,null,null,-0.0275184,null
0.00564135,null,null,null,0.00825089
0.983164,0.00784236,null,null,null
-0.196596,null,0.253812,null,null
-0.0392395,null,null,-0.0760651,null
0.00185386,null,null,null,0.000914605
0.983164,0.00784236,null,null,null
-0.196596,null,0.253812,null,null
-0.0392395,null,null,-0.0760651,null
0.00185386,null,null,null,0.000914605
0.983284,0.0068422,null,null,null
-0.167309,null,0.237436,null,null
-0.0751444,null,null,-0.115919,null
0.00655963,null,null,null,0.00303312
0.983169,0.0112908,null,null,null
-0.188776,null,0.197834,null,null
-0.055545,null,null,-0.0738126,null
0.000583856,null,null,null,-0.00264862
0.983505,0.0087694,null,null,null
-0.170221,null,0.223647,null,null
-0.0532189,null,null,-0.0567981,null
-0.00586604,null,null,null,0.000890712
0.983454,0.0100026,null,null,null
-0.235919,null,0.168956,null,null
-0.0360311,null,null,-0.0384476,null
-0.00173676,null,null,null,-0.00167835
0.98331,0.0145138,null,null,null
-0.239427,null,0.158871,null,null
-0.0197444,null,null,-0.0275324,null
0.00265553,null,null,null,-0.00102814
0.983544,0.0110308,null,null,null
-0.31332,null,0.15943,null,null
-0.0593846,null,null,-0.00852609,null
0.00149807,null,null,null,-0.00388316
0.983726,0.0098973,null,null,null
-0.307515,null,0.172077,null,null
-0.0211165,null,null,-0.0515056,null
0.0021946,null,null,null,-0.00044456
0.983719,0.00999784,null,null,null
-0.295109,null,0.22092,null,null
-0.0505948,null,null,-0.074558,null
-0.00235267,null,null,null,-0.00474513
0.983842,0.0127784,null,null,null
-0.30457,null,0.192134,null,null
-0.0848495,null,null,-0.0276861,null
-0.00177499,null,null,null,-0.00154473
0.983842,0.0127784,null,null,null
-0.30457,null,0.192134,null,null
-0.0848495,null,null,-0.0276861,null
-0.00177499,null,null,null,-0.00154473
0.983553,0.0140471,null,null,null
-0.30506,null,0.209525,null,null
-0.0907798,null,null,-0.0104668,null
0.00518612,null,null,null,-0.0049462
0.983651,0.0123425,null,null,null
-0.297897,null,0.184316,null,null
0.00900626,null,null,-0.0143721,null
-0.000149972,null,null,null,-0.00201993
0.983371,0.00675403,null,null,null
-0.308206,null,0.242211,null,null
-0.017467,null,null,-0.0245994,null
0.0030467,null,null,null,0.00404721
0.983371,0.00675403,null,null,null
-0.308206,null,0.242211,null,null
-0.017467,null,null,-0.0245994,null
0.0030467,null,null,null,0.00404721
0.983568,0.00773554,null,null,null
-0.314225,null,0.25262,null,null
-0.0494406,null,null,-0.106202,null
0.000427853,null,null,null,-0.0019351
0.983256,0.0110168,null,null,null
-0.338915,null,0.179026,null,null
-0.0194321,null,null,-0.0790488,null
-0.00178329,null,null,null,0.00173733
0.983256,0.0110168,null,null,null
-0.338915,null,0.179026,null,null
-0.0194321,null,null,-0.0790488,null
-0.00178329,null,null,null,0.00173733
0.983106,0.0111667,null,null,null
-0.328858,null,0.177274,null,null
-0.0199929,null,null,-0.0575296,null
-0.00296093,null,null,null,-0.00918007
0.983189,0.0090888,null,null,null
-0.304642,null,0.154482,null,null
-0.0420104,null,null,-0.0188351,null
-0.00116579,null,null,null,0.00196399
0.983355,0.00700764,null,null,null
-0.339926,null,0.134319,null,null
0.0374755,null,null,-0.0553595,null
-0.00202199,null,null,null,-0.00729082
0.983255,0.00627766,null,null,null
-0.322715,null,0.12393,null,null
0.0303984,null,null,-0.0483869,null
-0.00484887,null,null,null,-0.00119317
0.98337,0.00889205,null,null,null
-0.307227,null,0.0564497,null,null
0.0343362,null,null,-0.033907,null
-0.0013426,null,null,null,0.00374439
0.983345,0.00148706,null,null,null
-0.338405,null,0.0868638,null,null
0.0201757,null,null,-0.0143114,null
0.00403501,null,null,null,-0.00296284
0.983271,0.00317929,null,null,null
-0.352677,null,0.055946,null,null
-0.0565522,null,null,0.0265416,null
0.000931265,null,null,null,-0.00464039
0.983361,0.00583364,null,null,null
-0.327475,null,0.0733435,null,null
-0.0884461,null,null,-0.00844994,null
-0.00368409,null,null,null,-0.00078513
0.983361,0.00583364,null,null,null
-0.327475,null,0.0733435,null,null
-0.0884461,null,null,-0.00844994,null
-0.00368409,null,null,null,-0.00078513
0.983285,0.00314445,null,null,null
-0.280389,null,0.0379404,null,null
-0.040635,null,null,-0.0094512,null
0.00118574,null,null,null,0.00571253
0.983248,0.00690534,null,null,null
-0.264494,null,0.0490601,null,null
-0.0529027,null,null,-0.00280959,null
0.00270174,null,null,null,0.000340181
0.983344,0.00563437,null,null,null
-0.289001,null,0.0246576,null,null
-0.0448065,null,null,-0.00285726,null
0.00598464,null,null,null,0.00121787
0.9837,0.00811995,null,null,null
-0.294567,null,-0.0125339,null,null
0.00467823,null,null,0.00278109,null
-6.30439e-05,null,null,null,0.000177209
0.983906,0.0047948,null,null,null
-0.299806,null,0.0233054,null,null
0.0454679,null,null,0.000696616,null
-0.00184639,null,null,null,-0.0039386
0.983727,0.00705538,null,null,null
-0.339971,null,0.0340037,null,null
0.0315074,null,null,-0.0144056,null
-0.0101139,null,null,null,-0.00077104
0.983677,0.00724061,null,null,null
-0.330249,null,0.0651395,null,null
0.0220751,null,null,0.0374476,null
-0.00276374,null,null,null,-0.0022201
0.983881,0.0110133,null,null,null
-0.321723,null,0.0319775,null,null
0.0267368,null,null,0.00516004,null
-0.00680015,null,null,null,0.0029372
0.983864,0.0119476,null,null,null
-0.37914,null,0.024724,null,null
0.0297631,null,null,0.0497259,null
8.11903e-05,null,null,null,0.00184318
0.983402,0.0105012,null,null,null
-0.342966,null,-0.00521901,null,null
0.106101,null,null,0.0234316,null
0.0020325,null,null,null,0.00385039
0.9834,0.0122812,null,null,null
-0.348085,null,0.015375,null,null
0.108942,null,null,0.0481137,null
-0.00610464,null,null,null,0.00296931
0.983267,0.0128869,null,null,null
-0.35031,null,-0.058266,null,null
0.104534,null,null,0.0302725,null
0.00393005,null,null,null,-0.0056445
0.98334,0.00618537,null,null,null
-0.35165,null,-0.0628491,null,null
0.12245,null,null,0.0369029,null
0.00273201,null,null,null,-0.00652017
0.98334,0.00618537,null,null,null
-0.35165,null,-0.0628491,null,null
0.12245,null,null,0.0369029,null
0.00273201,null,null,null,-0.00652017
0.983675,-0.00366561,null,null,null
-0.340874,null,-0.0932146,null,null
0.103412,null,null,0.0471195,null
0.00401884,null,null,null,-0.00315866
0.983314,0.00382289,null,null,null
-0.340005,null,-0.083142,null,null
0.0303132,null,null,0.050802,null
-0.00192676,null,null,null,-0.000905505
0.983055,0.00240786,null,null,null
-0.324425,null,-0.0679952,null,null
0.0338446,null,null,0.0782984,null
0.00304775,null,null,null,0.00653544
0.983055,0.00240786,null,null,null
-0.324425,null,-0.0679952,null,null
0.0338446,null,null,0.0782984,null
0.00304775,null,null,null,0.00653544
0.983607,0.00254636,null,null,null
-0.276639,null,-0.0974046,null,null
0.0183444,null,null,0.0586076,null
-0.00174427,null,null,null,0.00339506
0.983607,0.00254636,null,null,null
-0.276639,null,-0.0974046,null,null
0.0183444,null,null,0.0586076,null
-0.00174427,null,null,null,0.00339506
0.983659,-0.00075004,null,null,null
-0.32179,null,-0.0914245,null,null
-0.0439235,null,null,0.0916024,null
0.00468378,null,null,null,0.00282319
0.983542,-0.00190194,null,null,null
-0.307016,null,-0.0827886,null,null
-0.0163166,null,null,0.093372,null
-0.000596051,null,null,null,0.0024374
0.983479,0.00219996,null,null,null
-0.308379,null,-0.069325,null,null
0.021946,null,null,0.0969045,null
0.0069221,null,null,null,-0.00491729
0.98351,0.000877605,null,null,null
-0.26443,null,-0.0997456,null,null
-0.00575686,null,null,0.0792594,null
-0.000670525,null,null,null,-0.00523615
0.983866,0.00687645,null,null,null
-0.253958,null,-0.0495809,null,null
-0.0104368,null,null,0.107788,null
0.00159888,null,null,null,-0.00114483
0.983784,0.00519194,null,null,null
-0.277361,null,-0.0765245,null,null
-0.0492064,null,null,0.17083,null
-1.99816e-05,null,null,null,0.00562008
0.983684,0.00819062,null,null,null
-0.244292,null,-0.0773595,null,null
-0.0495405,null,null,0.14617,null
-0.00158482,null,null,null,0.00790945
0.983684,0.00819062,null,null,null
-0.244292,null,-0.0773595,null,null
-0.0495405,null,null,0.14617,null
-0.00158482,null,null,null,0.00790945
0.983606,0.00499008,null,null,null
-0.266755,null,-0.0952127,null,null
-0.0502288,null,null,0.135887,null
-0.00303025,null,null,null,-0.00300275
0.983699,0.00341957,null,null,null
-0.27574,null,-0.0883531,null,null
-0.00783685,null,null,0.109573,null
-0.00317914,null,null,null,0.00869659
0.983689,0.00170001,null,null,null
-0.247611,null,-0.0561984,null,null
-0.00576679,null,null,0.095137,null
0.000384229,null,null,null,0.00182245
0.983409,-0.00311261,null,null,null
-0.233098,null,-0.0863921,null,null
0.0498302,null,null,0.103602,null
0.00161886,null,null,null,0.00255399
0.983729,-0.00343016,null,null,null
-0.21976,null,-0.0847004,null,null
0.0339299,null,null,0.06317,null
0.00277755,null,null,null,0.00453274
0.983766,-0.00107284,null,null,null
-0.279349,null,-0.0750989,null,null
0.00581293,null,null,0.110784,null
0.00187517,null,null,null,-0.00174771
0.983321,0.00135476,null,null,null
-0.245611,null,-0.00853154,null,null
0.0165714,null,null,0.108639,null
-0.00232079,null,null,null,-0.00335779
0.983656,-0.00108443,null,null,null
-0.306283,null,-0.0275226,null,null
-0.0321301,null,null,0.0720109,null
0.00263924,null,null,null,-0.000939784
0.983526,0.000334557,null,null,null
-0.266819,null,-0.0197339,null,null
-0.0219649,null,null,0.096328,null
0.00502724,null,null,null,0.00672208
0.983574,-0.00396981,null,null,null
-0.318456,null,-0.0534118,null,null
-0.00912855,null,null,0.0809941,null
-0.000131951,null,null,null,0.00239608
0.983574,-0.00396981,null,null,null
-0.318456,null,-0.0534118,null,null
-0.00912855,null,null,0.0809941,null
-0.000131951,null,null,null,0.00239608
0.983221,-0.00316099,null,null,null
-0.370596,null,-0.0115864,null,null
0.0121937,null,null,0.0374738,null
0.00315475,null,null,null,0.00535063
0.983415,-0.0100413,null,null,null
-0.362123,null,-0.0570409,null,null
0.029356,null,null,0.0311455,null
0.00031277,null,null,null,-0.0003888
0.983252,-0.0153515,null,null,null
-0.373356,null,-0.03198,null,null
0.00311386,null,null,0.0822082,null
0.00153429,null,null,null,0.00107576
0.983431,-0.0140356,null,null,null
-0.309248,null,-0.0780521,null,null
0.0315052,null,null,0.0856782,null
0.000735861,null,null,null,-0.00433292
0.983431,-0.0140356,null,null,null
-0.309248,null,-0.0780521,null,null
0.0315052,null,null,0.0856782,null
0.000735861,null,null,null,-0.00433292
0.983272,-0.0162731,null,null,null
-0.326979,null,-0.053919,null,null
0.0450281,null,null,0.020786,null
-0.00287831,null,null,null,-0.00428102
0.983398,-0.0201204,null,null,null
-0.309827,null,-0.0729861,null,null
0.0434871,null,null,0.0607113,null
0.00232724,null,null,null,-0.00295851
0.983398,-0.0201204,null,null,null
-0.309827,null,-0.0729861,null,null
0.0434871,null,null,0.0607113,null
0.00232724,null,null,null,-0.00295851
0.983688,-0.0164424,null,null,null
-0.320894,null,-0.0639789,null,null
0.0506745,null,null,0.022963,null
0.00127749,null,null,null,-0.00165371
0.983434,-0.0135288,null,null,null
-0.304059,null,-0.0548025,null,null
0.0644134,null,null,0.0383778,null
0.00143529,null,null,null,0.00453103
0.983434,-0.0135288,null,null,null
-0.304059,null,-0.0548025,null,null
0.0644134,null,null,0.0383778,null
0.00143529,null,null,null,0.00453103
0.983638,-0.0145503,null,null,null
-0.244869,null,-0.0890615,null,null
0.0198511,null,null,0.0537125,null
0.000606433,null,null,null,0.00265954
0.983638,-0.0145503,null,null,null
-0.244869,null,-0.0890615,null,null
0.0198511,null,null,0.0537125,null
0.000606433,null,null,null,0.00265954
0.983638,-0.0145503,null,null,null
-0.244869,null,-0.0890615,null,null
0.0198511,null,null,0.0537125,null
0.000606433,null,null,null,0.00265954
0.983638,-0.0145503,null,null,null
-0.244869,null,-0.0890615,null,null
0.0198511,null,null,0.0537125,null
0.000606433,null,null,null,0.00265954
0.983715,-0.0144604,null,null,null
-0.229417,null,-0.076046,null,null
-0.00469496,null,null,0.0579029,null
0.00735286,null,null,null,0.00640514
0.983518,-0.0158548,null,null,null
-0.212234,null,-0.0289387,null,null
-0.0221604,null,null,0.0791909,null
0.0098087,null,null,null,0.00824926
0.983478,-0.0188999,null,null,null
-0.25326,null,-0.0687379,null,null
-0.0427662,null,null,0.0544569,null
0.00308035,null,null,null,0.00421561
0.983478,-0.0188999,null,null,null
-0.25326,null,-0.0687379,null,null
-0.0427662,null,null,0.0544569,null
0.00308035,null,null,null,0.00421561
0.983476,-0.0168769,null,null,null
-0.209271,null,-0.0984879,null,null
-0.0309385,null,null,0.0541794,null
0.00140076,null,null,null,0.00284509
0.983476,-0.0168769,null,null,null
-0.209271,null,-0.0984879,null,null
-0.0309385,null,null,0.0541794,null
0.00140076,null,null,null,0.00284509
0.983205,-0.0129005,null,null,null
-0.238042,null,-0.112911,null,null
-0.0284471,null,null,0.0261474,null
0.00505292,null,null,null,-0.00212299
0.983459,-0.0147279,null,null,null
-0.217895,null,-0.119248,null,null
-0.0332856,null,null,0.0333324,null
-0.00062468,null,null,null,-0.00140131
0.983569,-0.018442,null,null,null
-0.212863,null,-0.101349,null,null
-0.01384,null,null,0.015649,null
0.00518038,null,null,null,0.00231046
0.983741,-0.0107078,null,null,null
-0.208985,null,-0.119767,null,null
-0.0220906,null,null,0.0656034,null
0.00997534,null,null,null,0.000585004
0.983335,-0.0167535,null,null,null
-0.226836,null,-0.100432,null,null
-0.0385625,null,null,0.0538447,null
0.00412127,null,null,null,0.00396546
0.983335,-0.0129617,null,null,null
-0.236813,null,-0.171116,null,null
-0.0620566,null,null,0.0922982,null
-0.00124794,null,null,null,0.00421133
0.983609,-0.00384505,null,null,null
-0.274417,null,-0.127919,null,null
-0.0685029,null,null,0.10035,null
0.00837568,null,null,null,-0.00573419
0.98377,-2.31023e-05,null,null,null
-0.231775,null,-0.163387,null,null
-0.0261107,null,null,0.126943,null
-0.00227957,null,null,null,-0.00364256
0.98387,-0.00431314,null,null,null
-0.235679,null,-0.176954,null,null
-0.0510548,null,null,0.080714,null
-0.0132209,null,null,null,-0.0028303
0.983876,-0.00263644,null,null,null
-0.224306,null,-0.172986,null,null
-0.0580796,null,null,0.078013,null
-0.00455146,null,null,null,-0.00633953
0.983773,-0.00989487,null,null,null
-0.185709,null,-0.114371,null,null
-0.0647134,null,null,0.0193809,null
-0.00608582,null,null,null,-0.00257249
0.983773,-0.00989487,null,null,null
-0.185709,null,-0.114371,null,null
-0.0647134,null,null,0.0193809,null
-0.00608582,null,null,null,-0.00257249
0.983762,-0.00741605,null,null,null
-0.189897,null,-0.171971,null,null
-0.102526,null,null,-0.00460175,null
-0.00335856,null,null,null,-0.0106999
0.983762,-0.00741605,null,null,null
-0.189897,null,-0.171971,null,null
-0.102526,null,null,-0.00460175,null
-0.00335856,null,null,null,-0.0106999
0.983504,-0.00455136,null,null,null
-0.199069,null,-0.19098,null,null
-0.101852,null,null,-0.00539924,null
-0.000747741,null,null,null,0.00432
0.983374,-0.00996056,null,null,null
-0.179831,null,-0.225246,null,null
-0.118861,null,null,0.0637608,null
-0.00179794,null,null,null,0.00795409
0.983374,-0.00996056,null,null,null
-0.179831,null,-0.225246,null,null
-0.118861,null,null,0.0637608,null
-0.00179794,null,null,null,0.00795409
0.983374,-0.00996056,null,null,null
-0.179831,null,-0.225246,null,null
-0.118861,null,null,0.0637608,null
-0.00179794,null,null,null,0.00795409
0.983199,-0.0193615,null,null,null
-0.137192,null,-0.231621,null,null
-0.0870801,null,null,0.059976,null
-0.0100698,null,null,null,-0.00113109
0.983309,-0.0193693,null,null,null
-0.189617,null,-0.217833,null,null
-0.0814493,null,null,0.0240941,null
0.00152469,null,null,null,0.00290111
0.983309,-0.0193693,null,null,null
-0.189617,null,-0.217833,null,null
-0.0814493,null,null,0.0240941,null
0.00152469,null,null,null,0.00290111
0.98332,-0.0179864,null,null,null
-0.164831,null,-0.213367,null,null
-0.13439,null,null,0.0104765,null
-0.00822226,null,null,null,-0.00307113
0.98332,-0.0179864,null,null,null
-0.164831,null,-0.213367,null,null
-0.13439,null,null,0.0104765,null
-0.00822226,null,null,null,-0.00307113
0.98332,-0.0179864,null,null,null
-0.164831,null,-0.213367,null,null
-0.13439,null,null,0.0104765,null
-0.00822226,null,null,null,-0.00307113
0.983609,-0.0200986,null,null,null
-0.164763,null,-0.199085,null,null
-0.071093,null,null,-0.00313598,null
0.00365489,null,null,null,0.0013116
0.98317,-0.0233229,null,null,null
-0.13675,null,-0.201104,null,null
-0.0887508,null,null,0.030464,null
0.00852214,null,null,null,0.00761452
0.98317,-0.0233229,null,null,null
-0.13675,null,-0.201104,null,null
-0.0887508,null,null,0.030464,null
0.00852214,null,null,null,0.00761452
0.983023,-0.0227095,null,null,null
-0.121198,null,-0.201791,null,null
-0.0840603,null,null,-0.00636766,null
0.00715948,null,null,null,0.00462956
0.983023,-0.0227095,null,null,null
-0.121198,null,-0.201791,null,null
-0.0840603,null,null,-0.00636766,null
0.00715948,null,null,null,0.00462956
0.983149,-0.0184206,null,null,null
-0.135019,null,-0.234624,null,null
-0.0992541,null,null,0.0211201,null
0.0068383,null,null,null,0.00932464
0.98314,-0.0198791,null,null,null
-0.082679,null,-0.221921,null,null
-0.044513,null,null,-0.00744115,null
0.00196826,null,null,null,-0.00281203
0.983052,-0.0243086,null,null,null
-0.070668,null,-0.204266,null,null
-0.00831887,null,null,-0.0155244,null
0.000901245,null,null,null,0.00121811
0.983052,-0.0243086,null,null,null
-0.070668,null,-0.204266,null,null
-0.00831887,null,null,-0.0155244,null
0.000901245,null,null,null,0.00121811
0.982894,-0.0197724,null,null,null
-0.113063,null,-0.234034,null,null
0.0292626,null,null,-0.0674525,null
0.00709826,null,null,null,0.0043828
0.983206,-0.0193612,null,null,null
-0.121386,null,-0.215592,null,null
0.0396071,null,null,-0.0419611,null
0.00388235,null,null,null,0.000972138
0.983119,-0.0195771,null,null,null
-0.140118,null,-0.171625,null,null
0.0166234,null,null,-0.064618,null
0.00630454,null,null,null,-0.00260941
0.98324,-0.0192872,null,null,null
-0.151893,null,-0.141033,null,null
-0.0040328,null,null,-0.0739912,null
-0.00220757,null,null,null,0.00024549
0.98324,-0.0192872,null,null,null
-0.151893,null,-0.141033,null,null
-0.0040328,null,null,-0.0739912,null
-0.00220757,null,null,null,0.00024549
0.983061,-0.0223224,null,null,null
-0.147674,null,-0.0842867,null,null
0.0202204,null,null,-0.0452022,null
0.00730653,null,null,null,-0.00253174
0.983061,-0.0223224,null,null,null
-0.147674,null,-0.0842867,null,null
0.0202204,null,null,-0.0452022,null
0.00730653,null,null,null,-0.00253174
0.98292,-0.0250721,null,null,null
-0.186851,null,-0.147581,null,null
-0.0127694,null,null,-0.0215789,null
0.012617,null,null,null,0.000945815
0.983224,-0.0188019,null,null,null
-0.230766,null,-0.240322,null,null
0.0207799,null,null,-0.0700311,null
0.0025411,null,null,null,0.00481519
0.983333,-0.016104,null,null,null
-0.192362,null,-0.221661,null,null
0.0474664,null,null,-0.068164,null
0.00869894,null,null,null,0.00693369
0.983289,-0.0181416,null,null,null
-0.232461,null,-0.222081,null,null
0.0114708,null,null,-0.0512445,null
0.00909532,null,null,null,-0.00292401
0.98315,-0.0195635,null,null,null
-0.132466,null,-0.197769,null,null
0.0249483,null,null,-0.044556,null
0.00275439,null,null,null,-0.00726101
0.98318,-0.0201271,null,null,null
-0.185237,null,-0.227412,null,null
0.0174284,null,null,-0.0531527,null
0.00512145,null,null,null,-0.00332659
0.983569,-0.021599,null,null,null
-0.182546,null,-0.197854,null,null
0.0142449,null,null,-0.0725756,null
0.000878396,null,null,null,-0.0031125
0.983569,-0.021599,null,null,null
-0.182546,null,-0.197854,null,null
0.0142449,null,null,-0.0725756,null
0.000878396,null,null,null,-0.0031125
0.983402,-0.010313,null,null,null
-0.187878,null,-0.241729,null,null
-0.0336186,null,null,-0.0772309,null
-0.00544024,null,null,null,0.0022444
0.98345,-0.0123325,null,null,null
-0.180374,null,-0.221094,null,null
0.0074107,null,null,-0.0550904,null
-0.00487244,null,null,null,0.00715288
0.983645,-0.0081251,null,null,null
-0.187021,null,-0.241819,null,null
-0.00715129,null,null,-0.052191,null
-0.0048474,null,null,null,-0.00249026
0.983958,0.000614496,null,null,null
-0.131417,null,-0.292189,null,null
-0.0121504,null,null,-0.0987016,null
0.00409008,null,null,null,-0.0017306
0.983705,-0.000230249,null,null,null
-0.14811,null,-0.317943,null,null
0.0228733,null,null,-0.0930331,null
0.00195508,null,null,null,-0.0061269
0.983705,-0.000230249,null,null,null
-0.14811,null,-0.317943,null,null
0.0228733,null,null,-0.0930331,null
0.00195508,null,null,null,-0.0061269
0.983705,-0.000230249,null,null,null
-0.14811,null,-0.317943,null,null
0.0228733,null,null,-0.0930331,null
0.00195508,null,null,null,-0.0061269
0.983622,-0.00386469,null,null,null
-0.0823225,null,-0.26282,null,null
-0.00200904,null,null,-0.127867,null
0.00525134,null,null,null,-0.00236263
0.983506,0.00502167,null,null,null
-0.106734,null,-0.293191,null,null
0.0413531,null,null,-0.0998604,null
0.00235121,null,null,null,-0.00348575
0.983564,0.00539407,null,null,null
-0.0590205,null,-0.326401,null,null
0.035569,null,null,-0.058831,null
-0.00101027,null,null,null,-0.00624749
0.983814,0.00359749,null,null,null
-0.0848562,null,-0.284684,null,null
0.0387789,null,null,-0.0643699,null
-0.00265484,null,null,null,-0.00776956
0.983719,0.00862239,null,null,null
-0.0502,null,-0.253603,null,null
0.0596881,null,null,-0.122411,null
-0.000468722,null,null,null,-0.00461204
0.983254,0.00894075,null,null,null
-0.0546585,null,-0.275911,null,null
0.00451654,null,null,-0.113067,null
0.000895141,null,null,null,4.18834e-05
0.983478,0.0106847,null,null,null
-0.0453299,null,-0.305781,null,null
0.0442609,null,null,-0.0794911,null
0.00758835,null,null,null,-0.00424951
0.983534,0.016559,null,null,null
-0.0218439,null,-0.30717,null,null
0.0537894,null,null,-0.0345574,null
0.00769979,null,null,null,0.00222479
0.983144,0.0239418,null,null,null
0.00647493,null,-0.350815,null,null
0.035248,null,null,0.00720985,null
0.00122356,null,null,null,0.00361009
0.983144,0.0239418,null,null,null
0.00647493,null,-0.350815,null,null
0.035248,null,null,0.00720985,null
0.00122356,null,null,null,0.00361009
0.983295,0.0256686,null,null,null
0.0099324,null,-0.354623,null,null
0.060092,null,null,0.0532518,null
0.00188699,null,null,null,0.00663048
0.983215,0.0281295,null,null,null
0.0216056,null,-0.369692,null,null
0.0512802,null,null,0.101254,null
0.00164746,null,null,null,0.00582183
0.983484,0.0324502,null,null,null
0.0393198,null,-0.34108,null,null
0.0694114,null,null,0.0940876,null
0.00236878,null,null,null,0.00797681
0.983484,0.0324502,null,null,null
0.0393198,null,-0.34108,null,null
0.0694114,null,null,0.0940876,null
0.00236878,null,null,null,0.00797681
0.983094,0.0360214,null,null,null
0.0646852,null,-0.29247,null,null
0.0150456,null,null,0.0859104,null
0.00827269,null,null,null,0.00325528
0.983094,0.0360214,null,null,null
0.0646852,null,-0.29247,null,null
0.0150456,null,null,0.0859104,null
0.00827269,null,null,null,0.00325528
0.983279,0.0378704,null,null,null
0.0583204,null,-0.262541,null,null
-0.0321598,null,null,0.0842284,null
0.000150274,null,null,null,0.00314013
0.983363,0.0372871,null,null,null
0.025928,null,-0.317299,null,null
-0.00383005,null,null,0.0193256,null
-0.00411679,null,null,null,-0.000793332
0.983363,0.0372871,null,null,null
0.025928,null,-0.317299,null,null
-0.00383005,null,null,0.0193256,null
-0.00411679,null,null,null,-0.000793332
0.983495,0.0338451,null,null,null
0.02421,null,-0.338288,null,null
-0.027161,null,null,0.0444305,null
-0.00424096,null,null,null,-0.000187384
0.983383,0.0399402,null,null,null
0.0244129,null,-0.345714,null,null
0.0177087,null,null,0.0411459,null
0.000452536,null,null,null,0.00198626
0.983383,0.0399402,null,null,null
0.0244129,null,-0.345714,null,null
0.0177087,null,null,0.0411459,null
0.000452536,null,null,null,0.00198626
0.9834,0.0315081,null,null,null
0.0533384,null,-0.314129,null,null
0.0229393,null,null,0.0444349,null
0.00314946,null,null,null,0.000146735
0.983385,0.0317952,null,null,null
0.0313485,null,-0.328094,null,null
0.0230293,null,null,0.0856514,null
-0.00277619,null,null,null,0.00100539
0.983152,0.034659,null,null,null
0.0521435,null,-0.366117,null,null
0.041401,null,null,0.0680127,null
0.0088198,null,null,null,0.00248961
0.983216,0.0319178,null,null,null
-0.011907,null,-0.36381,null,null
0.0348114,null,null,0.0624209,null
0.00404039,null,null,null,-0.0107666
0.983216,0.0319178,null,null,null
-0.011907,null,-0.36381,null,null
0.0348114,null,null,0.0624209,null
0.00404039,null,null,null,-0.0107666
0.983216,0.0319178,null,null,null
-0.011907,null,-0.36381,null,null
0.0348114,null,null,0.0624209,null
0.00404039,null,null,null,-0.0107666
0.98338,0.0221373,null,null,null
-0.0622055,null,-0.358673,null,null
0.00468541,null,null,0.0783545,null
0.0027701,null,null,null,-0.00229625
0.982977,0.0311639,null,null,null
-0.0875255,null,-0.381101,null,null
0.0129996,null,null,0.094311,null
0.00732408,null,null,null,0.00328801
0.982977,0.0311639,null,null,null
-0.0875255,null,-0.381101,null,null
0.0129996,null,null,0.094311,null
0.00732408,null,null,null,0.00328801
0.983003,0.0304183,null,null,null
-0.0760775,null,-0.350143,null,null
3.53072e-06,null,null,0.128815,null
0.00260063,null,null,null,0.00029532
0.982924,0.0274034,null,null,null
-0.044545,null,-0.338171,null,null
0.0338012,null,null,0.0998752,null
0.00467482,null,null,null,-0.00157828
0.982491,0.036798,null,null,null
-0.0577586,null,-0.334014,null,null
0.0220526,null,null,0.106966,null
0.00644975,null,null,null,0.00570181
0.982625,0.0291674,null,null,null
-0.0954245,null,-0.303524,null,null
-0.0088642,null,null,0.0983475,null
0.000111926,null,null,null,0.00863626
0.983011,0.0261086,null,null,null
-0.0714522,null,-0.335601,null,null
-0.030424,null,null,0.0964529,null
-0.00207379,null,null,null,0.0106803
0.983011,0.0185519,null,null,null
-0.109898,null,-0.301834,null,null
-0.0341451,null,null,0.0675262,null
4.58599e-05,null,null,null,0.00491917
0.983094,0.012144,null,null,null
-0.0639128,null,-0.31628,null,null
-0.093447,null,null,0.0956583,null
-0.00160673,null,null,null,0.00240165
0.983094,0.012144,null,null,null
-0.0639128,null,-0.31628,null,null
-0.093447,null,null,0.0956583,null
-0.00160673,null,null,null,0.00240165
0.983094,0.012144,null,null,null
-0.0639128,null,-0.31628,null,null
-0.093447,null,null,0.0956583,null
-0.00160673,null,null,null,0.00240165
0.983169,0.0163702,null,null,null
-0.0805151,null,-0.298768,null,null
-0.0532549,null,null,0.0915376,null
0.00158359,null,null,null,-0.00228321
0.983169,0.0163702,null,null,null
-0.0805151,null,-0.298768,null,null
-0.0532549,null,null,0.0915376,null
0.00158359,null,null,null,-0.00228321
0.983471,0.0135216,null,null,null
-0.0682741,null,-0.327116,null,null
-0.0610284,null,null,0.0800301,null
-0.00262618,null,null,null,0.00746944
0.983471,0.0135216,null,null,null
-0.0682741,null,-0.327116,null,null
-0.0610284,null,null,0.0800301,null
-0.00262618,null,null,null,0.00746944
0.983481,0.00862296,null,null,null
-0.145641,null,-0.294102,null,null
-0.0669155,null,null,0.051874,null
-0.0010051,null,null,null,0.00317196
0.983258,0.00348624,null,null,null
-0.103052,null,-0.296071,null,null
-0.0623405,null,null,0.0527972,null
0.000179642,null,null,null,-0.00207745
0.983364,0.00432941,null,null,null
-0.0937519,null,-0.32443,null,null
-0.0478247,null,null,0.0545488,null
-0.00148343,null,null,null,-0.00141851
0.983251,-0.00179825,null,null,null
-0.120921,null,-0.271254,null,null
-0.0707439,null,null,0.0302789,null
-0.00370856,null,null,null,-0.000596961
0.983251,-0.00179825,null,null,null
-0.120921,null,-0.271254,null,null
-0.0707439,null,null,0.0302789,null
-0.00370856,null,null,null,-0.000596961
0.983251,-0.00179825,null,null,null
-0.120921,null,-0.271254,null,null
-0.0707439,null,null,0.0302789,null
-0.00370856,null,null,null,-0.000596961
0.983731,0.00366354,null,null,null
-0.0914791,null,-0.293957,null,null
-0.0887276,null,null,0.0275827,null
-0.00425927,null,null,null,-0.000580874
0.983892,0.00246493,null,null,null
-0.0511604,null,-0.29091,null,null
-0.135801,null,null,0.0314625,null
-0.000732275,null,null,null,0.000643195
0.983853,0.00626116,null,null,null
-0.0316651,null,-0.303296,null,null
-0.123452,null,null,0.0527323,null
0.00205534,null,null,null,-0.0055316
0.983641,0.00263854,null,null,null
-0.0346607,null,-0.344718,null,null
-0.127177,null,null,0.0555131,null
-0.000718346,null,null,null,-0.0107186
0.983575,0.00421095,null,null,null
-0.0526994,null,-0.332314,null,null
-0.0986386,null,null,0.086463,null
-8.94204e-05,null,null,null,-0.00643851
0.983546,-0.000585799,null,null,null
-0.0823501,null,-0.350051,null,null
-0.0832429,null,null,0.0693431,null
-0.00446131,null,null,null,-0.00203585
0.983314,-0.00317739,null,null,null
-0.0918772,null,-0.329145,null,null
-0.159841,null,null,0.0647214,null
-0.000545669,null,null,null,0.00158103
0.983376,-0.00453634,null,null,null
-0.0823336,null,-0.285982,null,null
-0.143978,null,null,0.0760141,null
0.00248765,null,null,null,-0.00361996
0.983635,0.000835525,null,null,null
-0.0516119,null,-0.238624,null,null
-0.14157,null,null,0.0866113,null
-0.00533634,null,null,null,0.000434781
0.983635,0.000835525,null,null,null
-0.0516119,null,-0.238624,null,null
-0.14157,null,null,0.0866113,null
-0.00533634,null,null,null,0.000434781
0.983635,0.000835525,null,null,null
-0.0516119,null,-0.238624,null,null
-0.14157,null,null,0.0866113,null
-0.00533634,null,null,null,0.000434781
0.983635,0.000835525,null,null,null
-0.0516119,null,-0.238624,null,null
-0.14157,null,null,0.0866113,null
-0.00533634,null,null,null,0.000434781
0.983194,-0.0125184,null,null,null
-0.0794017,null,-0.279759,null,null
-0.151635,null,null,0.061231,null
0.00499159,null,null,null,-0.00433341
0.983245,-0.00843665,null,null,null
-0.113525,null,-0.253439,null,null
-0.12505,null,null,0.0681591,null
0.00578108,null,null,null,-0.00128064
0.983109,-0.00863256,null,null,null
-0.0985621,null,-0.293236,null,null
-0.0968378,null,null,0.0706944,null
0.00178069,null,null,null,0.00906667
0.983205,-0.00505896,null,null,null
-0.0952858,null,-0.29798,null,null
-0.132039,null,null,0.0656286,null
0.00204691,null,null,null,0.00445229
0.983365,-0.00970237,null,null,null
-0.107793,null,-0.27496,null,null
-0.146698,null,null,0.0337365,null
0.000330615,null,null,null,0.000904035
0.983646,-0.0119055,null,null,null
-0.151571,null,-0.285948,null,null
-0.130211,null,null,-0.00156284,null
0.00152889,null,null,null,-0.00747367
0.983646,-0.0119055,null,null,null
-0.151571,null,-0.285948,null,null
-0.130211,null,null,-0.00156284,null
0.00152889,null,null,null,-0.00747367
0.983646,-0.0119055,null,null,null
-0.151571,null,-0.285948,null,null
-0.130211,null,null,-0.00156284,null
0.00152889,null,null,null,-0.00747367
0.983534,-0.0140689,null,null,null
-0.120541,null,-0.30727,null,null
-0.110278,null,null,-0.0345166,null
0.00263245,null,null,null,-0.00223355
0.983128,-0.0131011,null,null,null
-0.187736,null,-0.268031,null,null
-0.121568,null,null,-0.0520197,null
-0.00121137,null,null,null,-0.0067122
0.983128,-0.0131011,null,null,null
-0.187736,null,-0.268031,null,null
-0.121568,null,null,-0.0520197,null
-0.00121137,null,null,null,-0.0067122
0.983128,-0.0131011,null,null,null
-0.187736,null,-0.268031,null,null
-0.121568,null,null,-0.0520197,null
-0.00121137,null,null,null,-0.0067122
0.983128,-0.0131011,null,null,null
-0.187736,null,-0.268031,null,null
-0.121568,null,null,-0.0520197,null
-0.00121137,null,null,null,-0.0067122
0.982985,-0.0137656,null,null,null
-0.201756,null,-0.246968,null,null
-0.14285,null,null,-0.0212785,null
0.00189234,null,null,null,-0.00543173
0.98285,-0.0159441,null,null,null
-0.214452,null,-0.274261,null,null
-0.162603,null,null,-0.0213216,null
0.00145992,null,null,null,0.003079
0.98285,-0.0159441,null,null,null
-0.214452,null,-0.274261,null,null
-0.162603,null,null,-0.0213216,null
0.00145992,null,null,null,0.003079
0.98285,-0.0159441,null,null,null
-0.214452,null,-0.274261,null,null
-0.162603,null,null,-0.0213216,null
0.00145992,null,null,null,0.003079
0.98332,-0.0175935,null,null,null
-0.183719,null,-0.310588,null,null
-0.180643,null,null,0.0083789,null
0.00119984,null,null,null,0.00941026
0.98332,-0.0175935,null,null,null
-0.183719,null,-0.310588,null,null
-0.180643,null,null,0.0083789,null
0.00119984,null,null,null,0.00941026
0.982923,-0.0261627,null,null,null
-0.213103,null,-0.305859,null,null
-0.141978,null,null,0.0162622,null
0.00284861,null,null,null,-0.000893319
0.982967,-0.0230943,null,null,null
-0.243531,null,-0.292924,null,null
-0.130956,null,null,0.0188542,null
0.0091513,null,null,null,-0.00170545
0.983009,-0.0145219,null,null,null
-0.229425,null,-0.294888,null,null
-0.172961,null,null,0.0249205,null
0.000926919,null,null,null,-0.00490749
0.98279,-0.0255854,null,null,null
-0.238175,null,-0.32818,null,null
-0.136747,null,null,0.033093,null
0.00809664,null,null,null,-0.000890541
0.98279,-0.0255854,null,null,null
-0.238175,null,-0.32818,null,null
-0.136747,null,null,0.033093,null
0.00809664,null,null,null,-0.000890541
0.982871,-0.0291325,null,null,null
-0.235811,null,-0.263884,null,null
-0.108795,null,null,0.0026851,null
-0.000495384,null,null,null,0.000838827
0.983091,-0.0288115,null,null,null
-0.271044,null,-0.272581,null,null
-0.0894391,null,null,-0.0111352,null
0.000603616,null,null,null,-0.000984686
0.983101,-0.0281573,null,null,null
-0.251302,null,-0.244994,null,null
-0.0434204,null,null,-0.0159945,null
-0.00266315,null,null,null,-0.00466731
0.983081,-0.0236484,null,null,null
-0.251887,null,-0.288187,null,null
-0.0827129,null,null,-0.00497474,null
-0.00191731,null,null,null,0.00347591
0.983088,-0.0236095,null,null,null
-0.238651,null,-0.295357,null,null
-0.0580606,null,null,-0.00477806,null
-0.000557856,null,null,null,-0.000168049
0.98298,-0.0211672,null,null,null
-0.271132,null,-0.26284,null,null
-0.0605411,null,null,0.0471741,null
0.00319199,null,null,null,-0.00473283
0.98298,-0.0211672,null,null,null
-0.271132,null,-0.26284,null,null
-0.0605411,null,null,0.0471741,null
0.00319199,null,null,null,-0.00473283
0.98298,-0.0211672,null,null,null
-0.271132,null,-0.26284,null,null
-0.0605411,null,null,0.0471741,null
0.00319199,null,null,null,-0.00473283
0.983265,-0.0258829,null,null,null
-0.337898,null,-0.230946,null,null
-0.0598943,null,null,0.0392476,null
0.00328075,null,null,null,-0.00444643
0.983244,-0.0239875,null,null,null
-0.297903,null,-0.200274,null,null
-0.095358,null,null,0.022387,null
-0.00163344,null,null,null,-0.00292026
0.983463,-0.014134,null,null,null
-0.298631,null,-0.27254,null,null
-0.0775706,null,null,-0.00503199,null
0.00450866,null,null,null,-0.00053632
0.983463,-0.014134,null,null,null
-0.298631,null,-0.27254,null,null
-0.0775706,null,null,-0.00503199,null
0.00450866,null,null,null,-0.00053632
0.983463,-0.014134,null,null,null
-0.298631,null,-0.27254,null,null
-0.0775706,null,null,-0.00503199,null
0.00450866,null,null,null,-0.00053632
0.983555,-0.0123161,null,null,null
-0.261232,null,-0.309831,null,null
-0.0716475,null,null,-0.000545461,null
0.00419282,null,null,null,0.000607164
0.983555,-0.0123161,null,null,null
-0.261232,null,-0.309831,null,null
-0.0716475,null,null,-0.000545461,null
0.00419282,null,null,null,0.000607164
0.983064,-0.0175415,null,null,null
-0.247091,null,-0.293474,null,null
-0.0656656,null,null,-0.0197669,null
0.00456847,null,null,null,0.00115967
0.983064,-0.0175415,null,null,null
-0.247091,null,-0.293474,null,null
-0.0656656,null,null,-0.0197669,null
0.00456847,null,null,null,0.00115967
0.983351,-0.0135365,null,null,null
-0.312075,null,-0.309189,null,null
-0.0871251,null,null,-0.0354452,null
0.00159844,null,null,null,-0.00895109
0.983356,-0.0112871,null,null,null
-0.246853,null,-0.339201,null,null
-0.0974214,null,null,-0.0836185,null
0.00056451,null,null,null,-0.00400784
0.983401,-0.0075447,null,null,null
-0.207349,null,-0.317553,null,null
-0.0786574,null,null,-0.062183,null
-0.0012509,null,null,null,0.00806192
0.983401,-0.0075447,null,null,null
-0.207349,null,-0.317553,null,null
-0.0786574,null,null,-0.062183,null
-0.0012509,null,null,null,0.00806192
0.983606,-0.00303582,null,null,null
-0.186759,null,-0.357796,null,null
-0.0990641,null,null,-0.0867624,null
0.00221148,null,null,null,0.0107373
0.983561,-0.00327048,null,null,null
-0.240175,null,-0.36539,null,null
-0.0809784,null,null,-0.0116802,null
0.000556595,null,null,null,-4.95875e-05
0.983561,-0.00327048,null,null,null
-0.240175,null,-0.36539,null,null
-0.0809784,null,null,-0.0116802,null
0.000556595,null,null,null,-4.95875e-05
0.98351,-1.0255e-06,null,null,null
-0.210896,null,-0.345285,null,null
-0.0424886,null,null,-0.018855,null
-0.000363555,null,null,null,-0.0033396
0.983255,0.000621968,null,null,null
-0.191878,null,-0.327189,null,null
-0.0626454,null,null,-0.00699667,null
-0.00244823,null,null,null,-0.00460841
0.983254,0.00172966,null,null,null
-0.188936,null,-0.320595,null,null
-0.126069,null,null,-0.0455956,null
0.00305891,null,null,null,0.00107437
0.982946,0.00132466,null,null,null
-0.188634,null,-0.336423,null,null
-0.0795654,null,null,-0.0621667,null
0.00377065,null,null,null,-0.00242988
0.982997,0.00948073,null,null,null
-0.173364,null,-0.333984,null,null
-0.0887057,null,null,-0.0894324,null
0.00341908,null,null,null,-0.00440875
0.98327,0.00684872,null,null,null
-0.1499,null,-0.250054,null,null
-0.0257981,null,null,-0.0521186,null
-0.00446992,null,null,null,-0.000253974
0.983246,0.0106027,null,null,null
-0.191007,null,-0.281385,null,null
0.00931085,null,null,-0.0432334,null
-0.0036539,null,null,null,0.00529389
0.983496,0.010234,null,null,null
-0.213484,null,-0.303631,null,null
0.0432454,null,null,-0.0233152,null
-1.69711e-05,null,null,null,0.00670387
0.983625,0.00920522,null,null,null
-0.235484,null,-0.32411,null,null
0.0349843,null,null,-0.0182466,null
-0.00420355,null,null,null,0.00642037
0.983756,0.00809545,null,null,null
-0.249991,null,-0.286676,null,null
0.0208564,null,null,0.00986636,null
-0.00427261,null,null,null,0.000835992
0.983759,0.0045927,null,null,null
-0.249509,null,-0.234797,null,null
0.00800644,null,null,0.0489971,null
0.00259363,null,null,null,0.00302231
0.983759,0.0045927,null,null,null
-0.249509,null,-0.234797,null,null
0.00800644,null,null,0.0489971,null
0.00259363,null,null,null,0.00302231
0.983699,0.0106638,null,null,null
-0.22194,null,-0.277011,null,null
-0.00192917,null,null,0.0339627,null
0.00351321,null,null,null,0.00344229
0.983418,0.00705732,null,null,null
-0.238036,null,-0.226089,null,null
-0.0142206,null,null,0.0069726,null
-0.00217651,null,null,null,0.00457494
0.983561,0.0108633,null,null,null
-0.277076,null,-0.225172,null,null
-0.034552,null,null,0.0140356,null
0.0033056,null,null,null,-0.00057372
0.983807,-0.00320075,null,null,null
-0.224986,null,-0.206033,null,null
-0.0271291,null,null,0.0467612,null
0.00331459,null,null,null,-0.00128278
0.983912,-0.000497351,null,null,null
-0.234124,null,-0.199326,null,null
-0.0531674,null,null,0.0344026,null
-0.00205133,null,null,null,0.0013338
0.983402,-0.00700859,null,null,null
-0.225513,null,-0.183024,null,null
-0.0278176,null,null,0.0789459,null
0.00136812,null,null,null,0.0124635
0.983326,0.00375316,null,null,null
-0.276643,null,-0.170618,null,null
-0.0386514,null,null,0.0423906,null
-0.000685694,null,null,null,0.00794094
0.983422,0.00770748,null,null,null
-0.285815,null,-0.178943,null,null
-0.0314702,null,null,0.0478457,null
0.0045204,null,null,null,0.00110745
0.983422,0.00770748,null,null,null
-0.285815,null,-0.178943,null,null
-0.0314702,null,null,0.0478457,null
0.0045204,null,null,null,0.00110745
0.983422,0.00770748,null,null,null
-0.285815,null,-0.178943,null,null
-0.0314702,null,null,0.0478457,null
0.0045204,null,null,null,0.00110745
0.983337,0.00618186,null,null,null
-0.308554,null,-0.188524,null,null
-0.0524339,null,null,0.0949919,null
-0.00928052,null,null,null,-0.000446389
0.983337,0.00618186,null,null,null
-0.308554,null,-0.188524,null,null
-0.0524339,null,null,0.0949919,null
-0.00928052,null,null,null,-0.000446389
0.983196,0.00301071,null,null,null
-0.277841,null,-0.166071,null,null
-0.0409575,null,null,0.0834245,null
-0.00459401,null,null,null,0.00894759
0.983196,0.00301071,null,null,null
-0.277841,null,-0.166071,null,null
-0.0409575,null,null,0.0834245,null
-0.00459401,null,null,null,0.00894759
0.983285,0.00493741,null,null,null
-0.308179,null,-0.195765,null,null
-0.0354834,null,null,0.050121,null
-0.00278675,null,null,null,-0.000980946
0.983285,0.00493741,null,null,null
-0.308179,null,-0.195765,null,null
-0.0354834,null,null,0.050121,null
-0.00278675,null,null,null,-0.000980946
0.983305,0.00962905,null,null,null
-0.294953,null,-0.189396,null,null
-0.0114595,null,null,0.0492483,null
-0.00728948,null,null,null,0.00110268
0.983305,0.00962905,null,null,null
-0.294953,null,-0.189396,null,null
-0.0114595,null,null,0.0492483,null
-0.00728948,null,null,null,0.00110268
0.983305,0.00962905,null,null,null
-0.294953,null,-0.189396,null,null
-0.0114595,null,null,0.0492483,null
-0.00728948,null,null,null,0.00110268
0.983272,0.00641819,null,null,null
-0.328539,null,-0.210791,null,null
0.00501245,null,null,0.0802272,null
0.00495727,null,null,null,-0.00608193
0.983272,0.00641819,null,null,null
-0.328539,null,-0.210791,null,null
0.00501245,null,null,0.0802272,null
0.00495727,null,null,null,-0.00608193
0.983005,0.00766873,null,null,null
-0.314445,null,-0.182614,null,null
0.00339894,null,null,0.0528088,null
0.000234001,null,null,null,-0.00327626
0.983005,0.00766873,null,null,null
-0.314445,null,-0.182614,null,null
0.00339894,null,null,0.0528088,null
0.000234001,null,null,null,-0.00327626
0.98362,0.0056813,null,null,null
-0.316877,null,-0.175228,null,null
0.0258021,null,null,0.0277189,null
-0.00134771,null,null,null,-0.00118012
0.983788,0.00116044,null,null,null
-0.327205,null,-0.18351,null,null
0.028671,null,null,-0.0077588,null
0.00490858,null,null,null,0.00347993
0.983788,0.00116044,null,null,null
-0.327205,null,-0.18351,null,null
0.028671,null,null,-0.0077588,null
0.00490858,null,null,null,0.00347993
0.983884,0.00430412,null,null,null
-0.251501,null,-0.176445,null,null
0.0267112,null,null,-0.0251544,null
-0.00190607,null,null,null,0.00039776
0.983884,0.00430412,null,null,null
-0.251501,null,-0.176445,null,null
0.0267112,null,null,-0.0251544,null
-0.00190607,null,null,null,0.00039776
0.983884,0.00430412,null,null,null
-0.251501,null,-0.176445,null,null
0.0267112,null,null,-0.0251544,null
-0.00190607,null,null,null,0.00039776
0.983684,0.00389411,null,null,null
-0.235786,null,-0.179794,null,null
0.0540514,null,null,-0.0189385,null
-0.00371791,null,null,null,0.00233352
0.983684,0.00389411,null,null,null
-0.235786,null,-0.179794,null,null
0.0540514,null,null,-0.0189385,null
-0.00371791,null,null,null,0.00233352
0.98373,-0.00273986,null,null,null
-0.22082,null,-0.147666,null,null
0.102351,null,null,-0.0311305,null
0.00375618,null,null,null,-0.0097781
0.98373,-0.00273986,null,null,null
-0.22082,null,-0.147666,null,null
0.102351,null,null,-0.0311305,null
0.00375618,null,null,null,-0.0097781
0.983803,-0.00704949,null,null,null
-0.229814,null,-0.156114,null,null
0.0744429,null,null,-0.036943,null
0.0067958,null,null,null,-0.00494411
0.983803,-0.00704949,null,null,null
-0.229814,null,-0.156114,null,null
0.0744429,null,null,-0.036943,null
0.0067958,null,null,null,-0.00494411
0.98405,-0.00636685,null,null,null
-0.220594,null,-0.189856,null,null
0.0892977,null,null,-0.027508,null
0.00223555,null,null,null,-0.00376517
0.983873,-0.00924139,null,null,null
-0.215976,null,-0.172297,null,null
0.109714,null,null,-0.0245305,null
0.000597835,null,null,null,-0.00397989
0.983741,-0.00731165,null,null,null
-0.188472,null,-0.166264,null,null
0.130695,null,null,-0.0714246,null
0.00582928,null,null,null,-0.00348743
0.983741,-0.00731165,null,null,null
-0.188472,null,-0.166264,null,null
0.130695,null,null,-0.0714246,null
0.00582928,null,null,null,-0.00348743
0.983709,-0.0044069,null,null,null
-0.17817,null,-0.165114,null,null
0.109207,null,null,-0.079729,null
0.00306065,null,null,null,0.00527645
0.983709,-0.0044069,null,null,null
-0.17817,null,-0.165114,null,null
0.109207,null,null,-0.079729,null
0.00306065,null,null,null,0.00527645
0.983454,-0.00512437,null,null,null
-0.169244,null,-0.229014,null,null
0.0833699,null,null,-0.060143,null
6.09649e-05,null,null,null,0.0078502
0.983425,-0.00831348,null,null,null
-0.170715,null,-0.246506,null,null
0.124978,null,null,-0.0608426,null
-0.00517773,null,null,null,0.0072483
0.983381,-0.00855355,null,null,null
-0.154335,null,-0.260893,null,null
0.107631,null,null,-0.0687502,null
0.00218419,null,null,null,0.00982242
0.983463,-0.0124406,null,null,null
-0.201081,null,-0.274083,null,null
0.0990044,null,null,0.00923104,null
0.00438434,null,null,null,0.00665364
0.983286,-0.00808929,null,null,null
-0.181533,null,-0.256381,null,null
0.149017,null,null,-0.0138316,null
0.0051268,null,null,null,-0.00177582
0.98323,-0.00878197,null,null,null
-0.217718,null,-0.216889,null,null
0.163922,null,null,-0.044505,null
0.00114484,null,null,null,-0.00568716
0.98323,-0.00878197,null,null,null
-0.217718,null,-0.216889,null,null
0.163922,null,null,-0.044505,null
0.00114484,null,null,null,-0.00568716
0.983659,-0.00572395,null,null,null
-0.200309,null,-0.23177,null,null
0.148321,null,null,-0.0141397,null
0.00158406,null,null,null,0.000549396
0.983369,-0.00883299,null,null,null
-0.225194,null,-0.225142,null,null
0.129174,null,null,-0.00955788,null
0.00606055,null,null,null,-0.00241449
0.983712,-0.0114302,null,null,null
-0.161444,null,-0.21825,null,null
0.14985,null,null,0.00902341,null
0.00256176,null,null,null,-0.0069663
0.983712,-0.0114302,null,null,null
-0.161444,null,-0.21825,null,null
0.14985,null,null,0.00902341,null
0.00256176,null,null,null,-0.0069663
0.983712,-0.0114302,null,null,null
-0.161444,null,-0.21825,null,null
0.14985,null,null,0.00902341,null
0.00256176,null,null,null,-0.0069663
0.983672,-0.0118905,null,null,null
-0.174443,null,-0.234629,null,null
0.0785995,null,null,0.0484865,null
0.000732667,null,null,null,-0.00077871
0.983672,-0.0118905,null,null,null
-0.174443,null,-0.234629,null,null
0.0785995,null,null,0.0484865,null
0.000732667,null,null,null,-0.00077871
0.983672,-0.0118905,null,null,null
-0.174443,null,-0.234629,null,null
0.0785995,null,null,0.0484865,null
0.000732667,null,null,null,-0.00077871
0.983672,-0.0118905,null,null,null
-0.174443,null,-0.234629,null,null
0.0785995,null,null,0.0484865,null
0.000732667,null,null,null,-0.00077871
0.98369,-0.010979,null,null,null
-0.169851,null,-0.207189,null,null
0.145723,null,null,0.0178046,null
-0.00386789,null,null,null,0.00440644
0.98333,-0.00522811,null,null,null
-0.17277,null,-0.19417,null,null
0.114314,null,null,0.0383659,null
0.00643348,null,null,null,-0.00199176
0.983402,0.00623238,null,null,null
-0.132569,null,-0.144054,null,null
0.0944619,null,null,0.0265759,null
-0.00275264,null,null,null,0.00626837
0.98384,0.0068447,null,null,null
-0.204639,null,-0.138962,null,null
0.110995,null,null,0.0789357,null
-0.00202519,null,null,null,0.00429034
0.983574,0.0038432,null,null,null
-0.229549,null,-0.13857,null,null
0.100588,null,null,0.0923308,null
0.00627795,null,null,null,0.00499135
0.983574,0.0038432,null,null,null
-0.229549,null,-0.13857,null,null
0.100588,null,null,0.0923308,null
0.00627795,null,null,null,0.00499135
0.983333,0.00267245,null,null,null
-0.230535,null,-0.240339,null,null
0.0807671,null,null,0.0570099,null
0.000264678,null,null,null,0.00011588
0.9834,0.0132578,null,null,null
-0.227499,null,-0.273998,null,null
0.0801547,null,null,0.0753827,null
-0.000298019,null,null,null,-0.000264435
0.9834,0.0132578,null,null,null
-0.227499,null,-0.273998,null,null
0.0801547,null,null,0.0753827,null
-0.000298019,null,null,null,-0.000264435
0.983534,0.018392,null,null,null
-0.195219,null,-0.240064,null,null
0.075451,null,null,0.082254,null
0.00143931,null,null,null,-0.00161559
0.98363,0.0190531,null,null,null
-0.160315,null,-0.249287,null,null
0.0338927,null,null,0.10189,null
0.00260817,null,null,null,0.00468504
0.983853,0.0203275,null,null,null
-0.163098,null,-0.235008,null,null
-0.0120859,null,null,0.0608906,null
0.00298581,null,null,null,0.00234325
0.983734,0.0214695,null,null,null
-0.181548,null,-0.22747,null,null
-0.0442259,null,null,0.114494,null
0.00125815,null,null,null,-0.00253358
0.983402,0.0227845,null,null,null
-0.175779,null,-0.181624,null,null
-0.0257496,null,null,0.0772178,null
0.0037628,null,null,null,0.0023682
0.983434,0.0194089,null,null,null
-0.19581,null,-0.222876,null,null
-0.00712004,null,null,0.0214216,null
0.00333255,null,null,null,0.00574275
0.983605,0.0169111,null,null,null
-0.181377,null,-0.216507,null,null
-0.062168,null,null,0.0123822,null
0.00613001,null,null,null,-0.00571606
0.983605,0.0169111,null,null,null
-0.181377,null,-0.216507,null,null
-0.062168,null,null,0.0123822,null
0.00613001,null,null,null,-0.00571606
0.983451,0.0187479,null,null,null
-0.154715,null,-0.22269,null,null
0.021927,null,null,0.066045,null
-0.00221401,null,null,null,-0.00914386
0.983299,0.015596,null,null,null
-0.184009,null,-0.270136,null,null
-0.0397257,null,null,0.0501638,null
-0.00300749,null,null,null,0.000172317
0.983272,0.00967632,null,null,null
-0.148965,null,-0.203766,null,null
-0.00993344,null,null,0.0426416,null
0.00209452,null,null,null,-0.00319194
0.983457,0.00298518,null,null,null
-0.171775,null,-0.217067,null,null
-0.0450411,null,null,0.0973651,null
0.00283351,null,null,null,-0.00513322
0.98319,0.00471029,null,null,null
-0.171936,null,-0.215539,null,null
-0.06124,null,null,0.0807245,null
0.00602766,null,null,null,-0.000611323
0.983431,0.00310186,null,null,null
-0.168795,null,-0.246349,null,null
-0.0232484,null,null,0.120577,null
0.00744786,null,null,null,-0.00116183
0.983431,0.00310186,null,null,null
-0.168795,null,-0.246349,null,null
-0.0232484,null,null,0.120577,null
0.00744786,null,null,null,-0.00116183
0.98329,0.00341866,null,null,null
-0.14282,null,-0.207951,null,null
-0.000738757,null,null,0.144041,null
0.00858965,null,null,null,0.00122229
0.983158,0.00894194,null,null,null
-0.129348,null,-0.2195,null,null
-0.0275634,null,null,0.146564,null
0.00787133,null,null,null,-0.000272275
0.983094,0.010217,null,null,null
-0.112755,null,-0.264234,null,null
-0.0166272,null,null,0.169156,null
-0.00285161,null,null,null,-0.00160486
0.982953,0.00935065,null,null,null
-0.125566,null,-0.21143,null,null
-0.0455326,null,null,0.13032,null
-0.00108142,null,null,null,0.000175391
0.982953,0.00935065,null,null,null
-0.125566,null,-0.21143,null,null
-0.0455326,null,null,0.13032,null
-0.00108142,null,null,null,0.000175391
0.983031,0.00936338,null,null,null
-0.128908,null,-0.215181,null,null
-0.0221177,null,null,0.137318,null
0.0034001,null,null,null,0.00873694
0.9833,0.0053048,null,null,null
-0.129887,null,-0.175042,null,null
0.00303913,null,null,0.101912,null
0.00173748,null,null,null,-0.000881047
0.9833,0.0053048,null,null,null
-0.129887,null,-0.175042,null,null
0.00303913,null,null,0.101912,null
0.00173748,null,null,null,-0.000881047
0.982865,0.00315322,null,null,null
-0.167175,null,-0.182745,null,null
-0.010501,null,null,0.151189,null
0.00234454,null,null,null,0.00222474
0.982941,-0.00107934,null,null,null
-0.214012,null,-0.178863,null,null
-0.0531086,null,null,0.121808,null
0.000220271,null,null,null,0.00363096
0.982842,-0.00257924,null,null,null
-0.161534,null,-0.243154,null,null
-0.012979,null,null,0.156541,null
0.0042995,null,null,null,0.00394305
0.982688,-0.00479557,null,null,null
-0.179894,null,-0.206733,null,null
-0.0335465,null,null,0.186379,null
0.00154028,null,null,null,0.00249429
0.982688,-0.00479557,null,null,null
-0.179894,null,-0.206733,null,null
-0.0335465,null,null,0.186379,null
0.00154028,null,null,null,0.00249429
0.982625,-0.00324279,null,null,null
-0.194993,null,-0.235985,null,null
-0.0396152,null,null,0.149066,null
0.00250226,null,null,null,-0.00501699
0.983008,0.00593712,null,null,null
-0.146936,null,-0.228084,null,null
-0.0786857,null,null,0.183505,null
-0.0011758,null,null,null,-0.00712439
0.983008,0.00593712,null,null,null
-0.146936,null,-0.228084,null,null
-0.0786857,null,null,0.183505,null
-0.0011758,null,null,null,-0.00712439
0.983305,0.0121759,null,null,null
-0.15452,null,-0.21101,null,null
-0.106296,null,null,0.135373,null
-0.000299897,null,null,null,-0.0026932
0.983394,0.00746756,null,null,null
-0.150204,null,-0.168824,null,null
-0.127089,null,null,0.164374,null
0.000570024,null,null,null,-0.00465081
0.983352,0.00948608,null,null,null
-0.1021,null,-0.174965,null,null
-0.0767394,null,null,0.216668,null
-0.0071695,null,null,null,-0.00764976
0.983352,0.00948608,null,null,null
-0.1021,null,-0.174965,null,null
-0.0767394,null,null,0.216668,null
-0.0071695,null,null,null,-0.00764976
0.983352,0.00948608,null,null,null
-0.1021,null,-0.174965,null,null
-0.0767394,null,null,0.216668,null
-0.0071695,null,null,null,-0.00764976
0.983352,0.00948608,null,null,null
-0.1021,null,-0.174965,null,null
-0.0767394,null,null,0.216668,null
-0.0071695,null,null,null,-0.00764976
0.983352,0.00948608,null,null,null
-0.1021,null,-0.174965,null,null
-0.0767394,null,null,0.216668,null
-0.0071695,null,null,null,-0.00764976
0.983267,0.00937095,null,null,null
-0.125064,null,-0.223202,null,null
-0.0330119,null,null,0.200296,null
0.00185286,null,null,null,-0.00228474
0.983267,0.00937095,null,null,null
-0.125064,null,-0.223202,null,null
-0.0330119,null,null,0.200296,null
0.00185286,null,null,null,-0.00228474
0.982871,0.00704849,null,null,null
-0.0829145,null,-0.188961,null,null
-0.0214725,null,null,0.246464,null
-0.00282328,null,null,null,0.00220129
0.983287,0.00905689,null,null,null
-0.100042,null,-0.180425,null,null
-0.00978236,null,null,0.221691,null
-0.00374191,null,null,null,-0.00347504
0.98352,0.00473828,null,null,null
-0.0974892,null,-0.236096,null,null
0.0408156,null,null,0.250619,null
0.00107286,null,null,null,0.00437265
0.983553,0.00424604,null,null,null
-0.0897302,null,-0.24311,null,null
0.0485654,null,null,0.175129,null
-0.000872672,null,null,null,0.0093068
0.983553,0.00424604,null,null,null
-0.0897302,null,-0.24311,null,null
0.0485654,null,null,0.175129,null
-0.000872672,null,null,null,0.0093068
0.983733,0.00689335,null,null,null
-0.0729127,null,-0.239959,null,null
0.0579662,null,null,0.140205,null
0.00466088,null,null,null,-0.00049267
0.983733,0.00689335,null,null,null
-0.0729127,null,-0.239959,null,null
0.0579662,null,null,0.140205,null
0.00466088,null,null,null,-0.00049267
0.983862,0.0090201,null,null,null
-0.0573123,null,-0.229201,null,null
0.0751984,null,null,0.123306,null
-0.00256689,null,null,null,0.00680236
0.983935,0.010715,null,null,null
-0.0313228,null,-0.211528,null,null
0.0812359,null,null,0.0625451,null
0.00978126,null,null,null,0.00190655
0.983671,0.0136726,null,null,null
-0.0439405,null,-0.204015,null,null
0.103114,null,null,0.13056,null
-0.000625412,null,null,null,0.00207392
0.983671,0.0136726,null,null,null
-0.0439405,null,-0.204015,null,null
0.103114,null,null,0.13056,null
-0.000625412,null,null,null,0.00207392
0.983671,0.0136726,null,null,null
-0.0439405,null,-0.204015,null,null
0.103114,null,null,0.13056,null
-0.000625412,null,null,null,0.00207392
0.983786,0.014295,null,null,null
-0.0727012,null,-0.232077,null,null
0.11804,null,null,0.148159,null
0.00399292,null,null,null,-0.00251235
0.983786,0.014295,null,null,null
-0.0727012,null,-0.232077,null,null
0.11804,null,null,0.148159,null
0.00399292,null,null,null,-0.00251235
0.983305,0.0120471,null,null,null
-0.072799,null,-0.212127,null,null
0.0760144,null,null,0.0554649,null
0.00118916,null,null,null,0.00386676
0.983541,0.00833161,null,null,null
-0.0951343,null,-0.268632,null,null
0.061193,null,null,0.0422956,null
0.00178744,null,null,null,0.0077813
0.983636,0.00853355,null,null,null
-0.0474961,null,-0.271336,null,null
-0.000334408,null,null,0.0373773,null
0.00315531,null,null,null,0.00126386
0.983424,0.00101784,null,null,null
0.00380636,null,-0.29569,null,null
0.0290579,null,null,0.0325862,null
0.00309905,null,null,null,0.00456561
0.98339,0.00223638,null,null,null
-0.0119837,null,-0.241545,null,null
-0.011811,null,null,0.0169473,null
0.00265984,null,null,null,-0.00564976
0.983259,0.00441411,null,null,null
0.00743705,null,-0.185475,null,null
-0.0125439,null,null,-0.000422169,null
-0.00895651,null,null,null,0.000799711
0.983259,0.00441411,null,null,null
0.00743705,null,-0.185475,null,null
-0.0125439,null,null,-0.000422169,null
-0.00895651,null,null,null,0.000799711
0.983116,0.00872423,null,null,null
-0.0246033,null,-0.238333,null,null
0.0065542,null,null,0.0211914,null
-0.00841441,null,null,null,-0.00464876
0.983421,0.00708217,null,null,null
-0.0592381,null,-0.186616,null,null
-0.00444136,null,null,0.0113635,null
-0.00854868,null,null,null,-0.00202296
0.983502,0.00426508,null,null,null
-0.0563176,null,-0.258096,null,null
0.0284225,null,null,0.00135106,null
-0.00132147,null,null,null,-0.00103213
0.983502,0.00426508,null,null,null
-0.0563176,null,-0.258096,null,null
0.0284225,null,null,0.00135106,null
-0.00132147,null,null,null,-0.00103213
0.983343,0.00908749,null,null,null
-0.0999112,null,-0.276213,null,null
0.0255614,null,null,0.00233801,null
0.000154419,null,null,null,-0.0034087
0.983873,-0.0005514,null,null,null
-0.0448038,null,-0.201722,null,null
0.0075847,null,null,0.0483086,null
-0.000907626,null,null,null,0.00251384
0.98364,0.00118043,null,null,null
-0.0479627,null,-0.266154,null,null
-0.0510144,null,null,0.0357261,null
0.00885769,null,null,null,0.0026601
0.98364,0.00118043,null,null,null
-0.0479627,null,-0.266154,null,null
-0.0510144,null,null,0.0357261,null
0.00885769,null,null,null,0.0026601
0.98364,0.00118043,null,null,null
-0.0479627,null,-0.266154,null,null
-0.0510144,null,null,0.0357261,null
0.00885769,null,null,null,0.0026601
0.98364,0.00118043,null,null,null
-0.0479627,null,-0.266154,null,null
-0.0510144,null,null,0.0357261,null
0.00885769,null,null,null,0.0026601
0.983679,-0.00155102,null,null,null
-0.0727191,null,-0.281693,null,null
0.00152812,null,null,0.0284841,null
0.00142898,null,null,null,0.00362876
0.983679,-0.00155102,null,null,null
-0.0727191,null,-0.281693,null,null
0.00152812,null,null,0.0284841,null
0.00142898,null,null,null,0.00362876
0.983679,-0.00155102,null,null,null
-0.0727191,null,-0.281693,null,null
0.00152812,null,null,0.0284841,null
0.00142898,null,null,null,0.00362876
0.983679,-0.00155102,null,null,null
-0.0727191,null,-0.281693,null,null
0.00152812,null,null,0.0284841,null
0.00142898,null,null,null,0.00362876
0.983679,-0.00155102,null,null,null
-0.0727191,null,-0.281693,null,null
0.00152812,null,null,0.0284841,null
0.00142898,null,null,null,0.00362876
0.983278,0.0020008,null,null,null
-0.079945,null,-0.250464,null,null
-0.0467892,null,null,0.0324038,null
-0.000526275,null,null,null,-0.000314241
0.983398,-0.000150933,null,null,null
-0.183413,null,-0.242291,null,null
-0.0359591,null,null,0.073613,null
0.0029308,null,null,null,0.00148991
0.98328,0.00269536,null,null,null
-0.16087,null,-0.225995,null,null
-0.0526901,null,null,0.042078,null
-0.00314957,null,null,null,0.00113971
0.98328,0.00269536,null,null,null
-0.16087,null,-0.225995,null,null
-0.0526901,null,null,0.042078,null
-0.00314957,null,null,null,0.00113971
0.98328,0.00269536,null,null,null
-0.16087,null,-0.225995,null,null
-0.0526901,null,null,0.042078,null
-0.00314957,null,null,null,0.00113971
0.983424,0.00741408,null,null,null
-0.14491,null,-0.23874,null,null
-0.0493185,null,null,0.0595404,null
0.00610357,null,null,null,0.00123729
0.983178,0.0122936,null,null,null
-0.17022,null,-0.235424,null,null
-0.0141163,null,null,0.0605506,null
-0.00368949,null,null,null,0.00592379
0.983109,0.0135827,null,null,null
-0.163069,null,-0.272221,null,null
-0.0454574,null,null,0.0431329,null
0.00298752,null,null,null,0.00400118
0.982794,0.0082679,null,null,null
-0.112142,null,-0.284614,null,null
-0.0475354,null,null,0.0601704,null
0.0127155,null,null,null,0.0128325
0.982675,0.0132167,null,null,null
-0.118067,null,-0.267134,null,null
-0.0574726,null,null,0.092202,null
0.00112586,null,null,null,0.00924277
0.982775,0.0124189,null,null,null
-0.0720595,null,-0.226165,null,null
-0.0539991,null,null,0.101733,null
0.00220996,null,null,null,-0.00184904
0.982775,0.0124189,null,null,null
-0.0720595,null,-0.226165,null,null
-0.0539991,null,null,0.101733,null
0.00220996,null,null,null,-0.00184904
0.982429,0.0158821,null,null,null
-0.112393,null,-0.17539,null,null
-0.0881925,null,null,0.0966186,null
0.00783369,null,null,null,0.00023679
0.982387,0.0166453,null,null,null
-0.0765327,null,-0.192587,null,null
-0.0704208,null,null,0.0571466,null
-0.00578238,null,null,null,0.00445194
0.982231,0.0243421,null,null,null
-0.0550665,null,-0.267096,null,null
-0.0351214,null,null,0.0605181,null
-0.000465961,null,null,null,-0.00012821
0.98257,0.0239524,null,null,null
-0.0701318,null,-0.209364,null,null
-0.0252094,null,null,0.106335,null
0.00411965,null,null,null,0.00103295
0.982718,0.0291734,null,null,null
-0.0432232,null,-0.179143,null,null
-0.00439946,null,null,0.101103,null
0.000173754,null,null,null,0.00429139
0.982574,0.0295434,null,null,null
-0.0403719,null,-0.196931,null,null
-0.044653,null,null,0.0426801,null
0.000487281,null,null,null,-0.00177799
0.982894,0.0319421,null,null,null
-0.0709135,null,-0.207884,null,null
-0.0746764,null,null,0.0495258,null
-0.00653383,null,null,null,-0.00270315
0.982757,0.033058,null,null,null
-0.0681041,null,-0.208313,null,null
-0.0606775,null,null,0.0419561,null
-0.00221474,null,null,null,0.000351181
0.983199,0.0312421,null,null,null
-0.0739371,null,-0.20893,null,null
-0.077778,null,null,0.07467,null
0.0014727,null,null,null,0.0009761
0.983356,0.0289126,null,null,null
-0.065802,null,-0.163351,null,null
-0.112116,null,null,0.0785086,null
0.000893253,null,null,null,-0.00607158
0.983369,0.0274501,null,null,null
-0.0926486,null,-0.224704,null,null
-0.102307,null,null,0.105865,null
0.000390884,null,null,null,-0.00208935
0.983041,0.0214876,null,null,null
-0.0867017,null,-0.215791,null,null
-0.103323,null,null,0.0981996,null
-0.00315496,null,null,null,-0.00517107
0.983003,0.0268535,null,null,null
-0.0802941,null,-0.203815,null,null
-0.0984604,null,null,0.113035,null
-0.00853999,null,null,null,0.00253563
0.982871,0.0277846,null,null,null
-0.119096,null,-0.210664,null,null
-0.0694032,null,null,0.0695708,null
-0.0023384,null,null,null,-0.000181412
0.983119,0.0219342,null,null,null
-0.0917261,null,-0.206156,null,null
-0.0278186,null,null,0.106609,null
-0.0116281,null,null,null,-0.000183461
0.983119,0.0219342,null,null,null
-0.0917261,null,-0.206156,null,null
-0.0278186,null,null,0.106609,null
-0.0116281,null,null,null,-0.000183461
0.983156,0.0228589,null,null,null
-0.143636,null,-0.236694,null,null
0.0303955,null,null,0.126515,null
-0.00429883,null,null,null,0.000178373
0.983156,0.0228589,null,null,null
-0.143636,null,-0.236694,null,null
0.0303955,null,null,0.126515,null
-0.00429883,null,null,null,0.000178373
0.983156,0.0228589,null,null,null
-0.143636,null,-0.236694,null,null
0.0303955,null,null,0.126515,null
-0.00429883,null,null,null,0.000178373
0.983131,0.0215058,null,null,null
-0.163697,null,-0.314935,null,null
-0.0128022,null,null,0.0611947,null
-0.00315456,null,null,null,0.00408297
0.983349,0.0205672,null,null,null
-0.201684,null,-0.249009,null,null
-0.0518643,null,null,0.0557303,null
0.000984127,null,null,null,-8.36645e-05
0.983414,0.0200913,null,null,null
-0.262607,null,-0.255182,null,null
0.00214782,null,null,0.0883898,null
0.00310915,null,null,null,-0.000608212
0.983086,0.020841,null,null,null
-0.205217,null,-0.259955,null,null
-0.00134922,null,null,0.0480411,null
0.000365015,null,null,null,-0.00062366
0.983086,0.020841,null,null,null
-0.205217,null,-0.259955,null,null
-0.00134922,null,null,0.0480411,null
0.000365015,null,null,null,-0.00062366
0.983294,0.0208496,null,null,null
-0.143511,null,-0.280314,null,null
0.0181728,null,null,-0.0294129,null
0.000469793,null,null,null,0.00139353
0.983429,0.0218447,null,null,null
-0.146321,null,-0.25068,null,null
0.0779315,null,null,0.0221683,null
-0.00382439,null,null,null,-0.00697654
0.983429,0.0218447,null,null,null
-0.146321,null,-0.25068,null,null
0.0779315,null,null,0.0221683,null
-0.00382439,null,null,null,-0.00697654
0.983429,0.0218447,null,null,null
-0.146321,null,-0.25068,null,null
0.0779315,null,null,0.0221683,null
-0.00382439,null,null,null,-0.00697654
0.983429,0.0218447,null,null,null
-0.146321,null,-0.25068,null,null
0.0779315,null,null,0.0221683,null
-0.00382439,null,null,null,-0.00697654
0.983555,0.0207849,null,null,null
-0.174779,null,-0.228148,null,null
0.0216754,null,null,-0.0125496,null
-0.00908481,null,null,null,0.00119732
0.983384,0.01676,null,null,null
-0.138684,null,-0.269055,null,null
-0.0102121,null,null,0.0570296,null
-0.000928917,null,null,null,-0.0103957
0.983627,0.0115418,null,null,null
-0.160059,null,-0.209459,null,null
-0.00985165,null,null,0.0825941,null
0.00536003,null,null,null,-0.000595866
0.983255,0.0140206,null,null,null
-0.178911,null,-0.190559,null,null
0.0171978,null,null,0.0665977,null
0.00138783,null,null,null,-0.00546746
0.983213,0.0053119,null,null,null
-0.179236,null,-0.146431,null,null
0.00429392,null,null,0.0264511,null
0.00312731,null,null,null,-0.0015616
0.983361,0.00668733,null,null,null
-0.178074,null,-0.161617,null,null
-0.0627735,null,null,0.0661733,null
0.00573711,null,null,null,-0.0048076
0.983409,0.00880456,null,null,null
-0.158431,null,-0.135784,null,null
-0.0153417,null,null,0.0449885,null
-0.00375879,null,null,null,0.00184567
0.983409,0.00880456,null,null,null
-0.158431,null,-0.135784,null,null
-0.0153417,null,null,0.0449885,null
-0.00375879,null,null,null,0.00184567
0.982654,0.00808551,null,null,null
-0.164424,null,-0.121885,null,null
-0.0400446,null,null,0.0394975,null
-0.00389273,null,null,null,0.0041648
0.982824,0.0137219,null,null,null
-0.169789,null,-0.12381,null,null
-0.0380815,null,null,0.0883142,null
0.0059334,null,null,null,0.000979714
0.982633,0.0132073,null,null,null
-0.1408,null,-0.124171,null,null
-0.0360071,null,null,0.0855149,null
0.00775819,null,null,null,-0.00510435
0.982669,0.00994405,null,null,null
-0.161562,null,-0.129277,null,null
-0.0603675,null,null,0.0810995,null
-0.00212458,null,null,null,-0.000114893
0.982719,0.00591477,null,null,null
-0.180287,null,-0.128133,null,null
-0.0203421,null,null,0.0680753,null
0.00307685,null,null,null,-0.00475921
0.982844,0.00671591,null,null,null
-0.186583,null,-0.134903,null,null
-0.0778369,null,null,0.0699909,null
0.00200648,null,null,null,-0.00139596
0.983319,0.000841252,null,null,null
-0.166795,null,-0.129646,null,null
-0.0772214,null,null,0.090507,null
-1.12346e-05,null,null,null,0.000229134
0.983319,0.000841252,null,null,null
-0.166795,null,-0.129646,null,null
-0.0772214,null,null,0.090507,null
-1.12346e-05,null,null,null,0.000229134
0.983515,0.00163009,null,null,null
-0.157213,null,-0.103358,null,null
-0.0342971,null,null,0.131153,null
-0.00670795,null,null,null,-0.00294899
0.98317,0.00236976,null,null,null
-0.179186,null,-0.0876951,null,null
-0.0843095,null,null,0.087696,null
-0.0045882,null,null,null,-0.00165524
0.983209,0.000734655,null,null,null
-0.21205,null,-0.101228,null,null
-0.115875,null,null,0.117834,null
0.0019018,null,null,null,0.00126114
0.983166,0.00224422,null,null,null
-0.178597,null,-0.0738427,null,null
-0.137244,null,null,0.0903636,null
0.00633035,null,null,null,0.000360204
0.983264,0.00676781,null,null,null
-0.194486,null,-0.0684122,null,null
-0.139601,null,null,0.118814,null
7.89558e-05,null,null,null,0.000590659
0.983264,0.00355973,null,null,null
-0.162011,null,-0.0710117,null,null
-0.118726,null,null,0.119669,null
-0.000450551,null,null,null,-0.000650649
0.983264,0.00355973,null,null,null
-0.162011,null,-0.0710117,null,null
-0.118726,null,null,0.119669,null
-0.000450551,null,null,null,-0.000650649
0.983264,0.00355973,null,null,null
-0.162011,null,-0.0710117,null,null
-0.118726,null,null,0.119669,null
-0.000450551,null,null,null,-0.00065065
0.9828,2.54784e-05,null,null,null
-0.209011,null,-0.0417392,null,null
-0.14394,null,null,0.129192,null
0.00176257,null,null,null,-0.00278702
0.983086,-0.00141425,null,null,null
-0.16776,null,-0.0322849,null,null
-0.21591,null,null,0.124717,null
0.000328687,null,null,null,0.00382488
0.983086,-0.00141425,null,null,null
-0.16776,null,-0.0322849,null,null
-0.21591,null,null,0.124717,null
0.000328687,null,null,null,0.00382488
0.983043,-0.000615176,null,null,null
-0.18497,null,-0.0443326,null,null
-0.162816,null,null,0.161538,null
0.00859985,null,null,null,0.000728761
0.983043,-0.000615176,null,null,null
-0.18497,null,-0.0443326,null,null
-0.162816,null,null,0.161538,null
0.00859985,null,null,null,0.000728761
0.982896,-0.0110611,null,null,null
-0.109271,null,-0.0405396,null,null
-0.163263,null,null,0.17429,null
0.00261376,null,null,null,0.00386149
0.982896,-0.0110611,null,null,null
-0.109271,null,-0.0405396,null,null
-0.163263,null,null,0.17429,null
0.00261376,null,null,null,0.00386149
0.983231,-0.00967125,null,null,null
-0.122196,null,-0.0241573,null,null
-0.189684,null,null,0.148592,null
0.00639123,null,null,null,0.000803606
0.983155,-0.00330399,null,null,null
-0.157604,null,-0.018788,null,null
-0.173206,null,null,0.186304,null
0.000526996,null,null,null,0.00372025
0.983251,0.00193095,null,null,null
-0.107817,null,-0.0288299,null,null
-0.121402,null,null,0.18781,null
-0.00422581,null,null,null,0.00108494
0.98336,0.000184124,null,null,null
-0.107756,null,-0.023048,null,null
-0.122996,null,null,0.213236,null
0.00705087,null,null,null,0.0042938
0.98336,0.000184124,null,null,null
-0.107756,null,-0.023048,null,null
-0.122996,null,null,0.213236,null
0.00705087,null,null,null,0.0042938
0.983561,0.00137473,null,null,null
-0.121522,null,-0.0507102,null,null
-0.0558987,null,null,0.167344,null
0.00353219,null,null,null,0.00337481
0.983466,-0.00339661,null,null,null
-0.0767868,null,-0.0207307,null,null
-0.0389315,null,null,0.144001,null
0.0026189,null,null,null,0.00440236
0.983576,-0.00707839,null,null,null
-0.116948,null,0.0223166,null,null
-0.0471701,null,null,0.199161,null
0.00341216,null,null,null,0.00116507
0.983654,-0.00246144,null,null,null
-0.146796,null,-0.0130102,null,null
-0.0795754,null,null,0.217436,null
0.00735825,null,null,null,-0.0062776
0.983711,0.00304312,null,null,null
-0.154535,null,-0.0265521,null,null
-0.025634,null,null,0.20282,null
-0.0021321,null,null,null,-0.00745039
0.983711,0.00304312,null,null,null
-0.154535,null,-0.0265521,null,null
-0.025634,null,null,0.20282,null
-0.0021321,null,null,null,-0.00745039
0.983654,0.00439095,null,null,null
-0.177333,null,-0.030665,null,null
-0.00359474,null,null,0.143361,null
0.00213363,null,null,null,-0.00412084
0.983609,0.00598333,null,null,null
-0.232662,null,0.0041711,null,null
-0.0160106,null,null,0.109659,null
0.00271091,null,null,null,-0.00234199
0.983645,0.00465255,null,null,null
-0.245219,null,-0.00947006,null,null
-0.0230626,null,null,0.108381,null
-0.00123148,null,null,null,0.00139357
0.984049,0.00142819,null,null,null
-0.21553,null,-0.0488596,null,null
0.0360674,null,null,0.0640639,null
-0.00598997,null,null,null,0.00315566
0.983691,9.68788e-05,null,null,null
-0.203986,null,-0.00945714,null,null
0.0150986,null,null,0.124507,null
-0.0013156,null,null,null,-0.00301741
0.983691,9.68788e-05,null,null,null
-0.203986,null,-0.00945714,null,null
0.0150986,null,null,0.124507,null
-0.0013156,null,null,null,-0.00301741
0.983685,-0.00606066,null,null,null
-0.196396,null,-0.0219528,null,null
0.0558997,null,null,0.109796,null
-2.61558e-05,null,null,null,-0.0029632
0.98355,-0.00574182,null,null,null
-0.211822,null,0.0204419,null,null
0.0500234,null,null,0.132625,null
0.00525174,null,null,null,-0.00455021
0.98355,-0.00574182,null,null,null
-0.211822,null,0.0204419,null,null
0.0500234,null,null,0.132625,null
0.00525174,null,null,null,-0.00455021
0.983251,-0.0131378,null,null,null
-0.194465,null,0.0475055,null,null
0.110128,null,null,0.135889,null
0.00889835,null,null,null,-0.0013447
0.983243,-0.0113458,null,null,null
-0.153269,null,0.0614608,null,null
0.112806,null,null,0.138694,null
0.00584629,null,null,null,-0.000371669
0.983591,-0.00582147,null,null,null
-0.140418,null,0.0771798,null,null
0.101302,null,null,0.141887,null
-0.00102618,null,null,null,0.00174107
0.983679,0.000924129,null,null,null
-0.189548,null,0.0679536,null,null
0.0836617,null,null,0.16114,null
-0.00435537,null,null,null,-0.00629902
0.983644,-0.00372931,null,null,null
-0.14918,null,0.0278614,null,null
0.033864,null,null,0.13944,null
-0.00396803,null,null,null,-0.00379934
0.983509,0.000191819,null,null,null
-0.205487,null,-0.000181228,null,null
0.0308551,null,null,0.0961962,null
0.0031416,null,null,null,-0.00161909
0.983509,0.000191819,null,null,null
-0.205487,null,-0.000181228,null,null
0.0308551,null,null,0.0961962,null
0.0031416,null,null,null,-0.00161909
0.98338,-0.00209209,null,null,null
-0.160244,null,0.00783538,null,null
0.0461456,null,null,0.114685,null
0.0004958,null,null,null,0.00217684
0.983436,-0.00278256,null,null,null
-0.144651,null,0.0209187,null,null
0.0660291,null,null,0.113399,null
-0.0083776,null,null,null,-0.00214322
0.983141,-0.0029393,null,null,null
-0.12835,null,0.0169555,null,null
0.0909484,null,null,0.113062,null
-0.00451636,null,null,null,-0.00238864
0.983141,-0.00823031,null,null,null
-0.0846522,null,0.107706,null,null
0.101216,null,null,0.0975402,null
-0.00272895,null,null,null,0.00195566
0.983141,-0.00823031,null,null,null
-0.0846522,null,0.107706,null,null
0.101216,null,null,0.0975402,null
-0.00272895,null,null,null,0.00195566
0.983141,-0.00823031,null,null,null
-0.0846522,null,0.107706,null,null
0.101216,null,null,0.0975402,null
-0.00272895,null,null,null,0.00195566
0.983456,-0.00156934,null,null,null
-0.0626653,null,0.120424,null,null
0.137115,null,null,0.0658234,null
0.00356897,null,null,null,0.000567641
0.983326,-0.000433259,null,null,null
-0.074,null,0.108903,null,null
0.113707,null,null,0.0793699,null
0.00262046,null,null,null,-0.00115122
0.983351,0.00428186,null,null,null
-0.040788,null,0.10657,null,null
0.133853,null,null,0.0638596,null
0.00434521,null,null,null,0.0066362
0.983522,0.0118919,null,null,null
-0.0737847,null,0.106951,null,null
0.116895,null,null,0.0679083,null
0.00196004,null,null,null,0.00208319
0.983193,0.0161709,null,null,null
-0.0810909,null,0.104384,null,null
0.122193,null,null,0.0682984,null
0.000225717,null,null,null,0.00183827
0.983069,0.0127406,null,null,null
-0.0272996,null,0.144107,null,null
0.0901995,null,null,0.0145743,null
-0.00141662,null,null,null,-0.000229679
0.983452,0.0133214,null,null,null
-0.0394938,null,0.136669,null,null
0.0869657,null,null,-0.0325073,null
0.002619,null,null,null,-0.000935566
0.983475,0.00851771,null,null,null
-0.0171868,null,0.150035,null,null
0.0709231,null,null,-0.0137219,null
0.000605978,null,null,null,0.00335621
0.983594,0.0115358,null,null,null
-0.0237881,null,0.103324,null,null
0.105234,null,null,-0.0941969,null
0.00135004,null,null,null,-0.00380691
0.983515,0.0116591,null,null,null
-0.0018925,null,0.136651,null,null
0.106546,null,null,-0.0890825,null
0.000164924,null,null,null,0.00103012
0.983515,0.0116591,null,null,null
-0.0018925,null,0.136651,null,null
0.106546,null,null,-0.0890825,null
0.000164924,null,null,null,0.00103012
0.983428,0.011634,null,null,null
-0.00803207,null,0.119401,null,null
0.101267,null,null,-0.124487,null
-0.000635883,null,null,null,-0.00387988
0.983224,0.0158531,null,null,null
-0.00100408,null,0.108432,null,null
0.067547,null,null,-0.0756939,null
-0.00193561,null,null,null,0.00405275
0.983344,0.0130119,null,null,null
0.012565,null,0.104391,null,null
0.0825392,null,null,-0.045397,null
-2.10201e-06,null,null,null,2.89317e-05
0.983213,0.00974769,null,null,null
-0.0139955,null,0.11092,null,null
0.0589391,null,null,-0.087859,null
-0.00204137,null,null,null,0.00218806
0.983213,0.00974769,null,null,null
-0.0139955,null,0.11092,null,null
0.0589391,null,null,-0.087859,null
-0.00204137,null,null,null,0.00218806
0.983213,0.00974769,null,null,null
-0.0139955,null,0.11092,null,null
0.0589391,null,null,-0.087859,null
-0.00204137,null,null,null,0.00218806
0.983213,0.00974769,null,null,null
-0.0139955,null,0.11092,null,null
0.0589391,null,null,-0.087859,null
-0.00204137,null,null,null,0.00218806
0.983062,0.00612772,null,null,null
-0.0809445,null,0.0840675,null,null
0.106072,null,null,-0.109525,null
0.00318243,null,null,null,0.0028739
0.983181,0.00882039,null,null,null
-0.107859,null,0.0731495,null,null
0.031143,null,null,-0.0599679,null
0.00356239,null,null,null,-0.00491055
0.98306,0.0104263,null,null,null
-0.104759,null,0.100937,null,null
0.072672,null,null,-0.0433077,null
-0.00584496,null,null,null,-0.00366705
0.98324,0.0112933,null,null,null
-0.0916609,null,0.101104,null,null
0.0346001,null,null,-0.0470831,null
-0.000411286,null,null,null,-0.00334548
0.983065,0.00851658,null,null,null
-0.0504122,null,0.0585958,null,null
0.0396632,null,null,-0.0339435,null
-0.00035684,null,null,null,-0.00517755
0.983081,0.00906776,null,null,null
0.0059475,null,0.05624,null,null
0.0361691,null,null,-0.0237961,null
-0.00124738,null,null,null,-0.000126486
0.982936,0.0144633,null,null,null
-0.045784,null,0.0793639,null,null
0.0105569,null,null,-0.0577995,null
0.00030433,null,null,null,0.00182915
0.983298,0.0121319,null,null,null
-0.057852,null,0.0781726,null,null
-0.0195493,null,null,-0.0770688,null
-0.00125252,null,null,null,-0.00724122
0.983298,0.0121319,null,null,null
-0.057852,null,0.0781726,null,null
-0.0195493,null,null,-0.0770688,null
-0.00125252,null,null,null,-0.00724122
0.983463,0.0173522,null,null,null
-0.0792356,null,0.0805682,null,null
0.00677363,null,null,-0.0932421,null
0.0067148,null,null,null,-0.000498724
0.983309,0.0204939,null,null,null
-0.0435427,null,0.103716,null,null
0.00140584,null,null,-0.118077,null
0.00028523,null,null,null,-0.000132764
0.983285,0.0228674,null,null,null
-0.0567019,null,0.132971,null,null
-0.00899709,null,null,-0.128458,null
0.00530228,null,null,null,-0.000729493
0.983285,0.0228674,null,null,null
-0.0567019,null,0.132971,null,null
-0.00899709,null,null,-0.128458,null
0.00530228,null,null,null,-0.000729493
0.983066,0.0233287,null,null,null
-0.0893048,null,0.127549,null,null
-0.0223294,null,null,-0.0626654,null
-0.00521871,null,null,null,0.00274494
0.98319,0.0149742,null,null,null
-0.0708535,null,0.117886,null,null
-0.0250029,null,null,-0.0283883,null
-1.78964e-05,null,null,null,-0.0018662
0.983237,0.0134536,null,null,null
0.0390396,null,0.091332,null,null
-0.0424033,null,null,-0.00863956,null
-0.00365464,null,null,null,-0.00543381
0.983237,0.0134536,null,null,null
0.0390396,null,0.091332,null,null
-0.0424033,null,null,-0.00863956,null
-0.00365464,null,null,null,-0.00543381
0.983695,0.00887776,null,null,null
0.0156141,null,0.122093,null,null
-0.0181484,null,null,0.000363718,null
-0.00174481,null,null,null,0.00428076
0.983272,0.0105331,null,null,null
-0.0198845,null,0.105413,null,null
-0.0623066,null,null,-0.0504851,null
-0.00360253,null,null,null,-0.000463174
0.983194,0.0115447,null,null,null
-0.0107016,null,0.106975,null,null
-0.060638,null,null,-0.0503629,null
-0.00219844,null,null,null,0.00137572
0.982812,0.0174711,null,null,null
0.0307394,null,0.107884,null,null
-0.0522044,null,null,-0.0402955,null
0.00480235,null,null,null,-0.00704269
0.982874,0.0172612,null,null,null
0.0413576,null,0.123955,null,null
-0.0761083,null,null,-0.00631416,null
0.00483215,null,null,null,-0.00711016
0.983295,0.0158844,null,null,null
0.0693511,null,0.129439,null,null
-0.0616569,null,null,-0.0354665,null
0.00620001,null,null,null,-0.000608559
0.983295,0.0158844,null,null,null
0.0693511,null,0.129439,null,null
-0.0616569,null,null,-0.0354665,null
0.00620001,null,null,null,-0.000608559
0.983295,0.0158844,null,null,null
0.0693511,null,0.129439,null,null
-0.0616569,null,null,-0.0354665,null
0.00620001,null,null,null,-0.000608559
0.9833,0.0145895,null,null,null
0.1073,null,0.127985,null,null
-0.0726116,null,null,-0.0772009,null
0.00969301,null,null,null,-0.00517709
0.9833,0.0145895,null,null,null
0.1073,null,0.127985,null,null
-0.0726116,null,null,-0.0772009,null
0.00969301,null,null,null,-0.00517709
0.983235,0.00970644,null,null,null
0.116233,null,0.141961,null,null
-0.0727543,null,null,-0.0672769,null
0.00203016,null,null,null,-0.00414479
0.983235,0.00970644,null,null,null
0.116233,null,0.141961,null,null
-0.0727543,null,null,-0.0672769,null
0.00203016,null,null,null,-0.00414479
0.983106,0.00454134,null,null,null
0.124191,null,0.148299,null,null
-0.0525265,null,null,-0.0108996,null
0.00289865,null,null,null,-0.00315412
0.982779,0.0110702,null,null,null
0.143735,null,0.133954,null,null
-0.0746561,null,null,-0.0599049,null
-0.00430494,null,null,null,-0.00150589
0.982546,0.0122663,null,null,null
0.163816,null,0.193441,null,null
-0.0267606,null,null,-0.0499493,null
0.000778261,null,null,null,-0.000913261
0.982897,0.0169894,null,null,null
0.116051,null,0.130048,null,null
-0.0654166,null,null,-0.0499279,null
-0.00510806,null,null,null,-0.00400472
0.982653,0.0218851,null,null,null
0.166919,null,0.208109,null,null
-0.0522932,null,null,-0.0782613,null
0.00293755,null,null,null,-0.000454699
0.982654,0.0186161,null,null,null
0.172432,null,0.192768,null,null
-0.0521197,null,null,-0.0728213,null
0.000825644,null,null,null,-0.00266691
0.982654,0.0186161,null,null,null
0.172432,null,0.192768,null,null
-0.0521197,null,null,-0.0728213,null
0.000825644,null,null,null,-0.00266691
0.982654,0.0186161,null,null,null
0.172432,null,0.192768,null,null
-0.0521197,null,null,-0.0728213,null
0.000825644,null,null,null,-0.00266691
0.982683,0.0159458,null,null,null
0.128095,null,0.162573,null,null
-0.0541941,null,null,-0.065078,null
-0.0057711,null,null,null,-0.000687639
0.982809,0.0143715,null,null,null
0.206418,null,0.174748,null,null
-0.0320146,null,null,-0.0809895,null
-0.00450159,null,null,null,-0.00366617
0.982749,0.0135765,null,null,null
0.241709,null,0.156279,null,null
-0.0139007,null,null,-0.0727974,null
-0.00264123,null,null,null,-0.00680633
0.982723,0.0222653,null,null,null
0.230066,null,0.182394,null,null
-0.0260172,null,null,-0.0620552,null
-0.000966326,null,null,null,-0.0027163
0.983101,0.0251054,null,null,null
0.185014,null,0.205042,null,null
-0.0614099,null,null,-0.12842,null
0.00438069,null,null,null,-0.00242012
0.983619,0.0127494,null,null,null
0.244156,null,0.165398,null,null
-0.047748,null,null,-0.0944879,null
0.00486519,null,null,null,-0.00225199
0.983619,0.0127494,null,null,null
0.244156,null,0.165398,null,null
-0.047748,null,null,-0.0944879,null
0.00486519,null,null,null,-0.00225199
0.983241,0.0169751,null,null,null
0.228279,null,0.134509,null,null
-0.037837,null,null,-0.0411076,null
0.00983831,null,null,null,-2.14421e-05
0.983241,0.0169751,null,null,null
0.228279,null,0.134509,null,null
-0.037837,null,null,-0.0411076,null
0.00983831,null,null,null,-2.14421e-05
0.982924,0.01508,null,null,null
0.244806,null,0.17657,null,null
0.0152809,null,null,-0.0211906,null
0.000162786,null,null,null,0.00110904
0.983012,0.0150795,null,null,null
0.265391,null,0.0988775,null,null
-0.0191705,null,null,0.00964174,null
0.00600562,null,null,null,-0.000896161
0.983091,0.0149539,null,null,null
0.219587,null,0.131892,null,null
-0.0387289,null,null,-0.0405646,null
0.00189199,null,null,null,0.000439979
0.983179,0.0193286,null,null,null
0.233813,null,0.114544,null,null
-0.00608392,null,null,-0.0590889,null
-0.000755949,null,null,null,0.00274832
0.983179,0.0193286,null,null,null
0.233813,null,0.114544,null,null
-0.00608392,null,null,-0.0590889,null
-0.000755949,null,null,null,0.00274832
0.983025,0.0169686,null,null,null
0.164379,null,0.159386,null,null
-0.0280873,null,null,-0.0407019,null
-0.0109159,null,null,null,-0.00215017
0.983025,0.0169686,null,null,null
0.164379,null,0.159386,null,null
-0.0280873,null,null,-0.0407019,null
-0.0109159,null,null,null,-0.00215017
0.983131,0.016833,null,null,null
0.19942,null,0.113965,null,null
-0.0333598,null,null,0.00439366,null
-0.0050936,null,null,null,-0.00543069
0.983264,0.0164527,null,null,null
0.194214,null,0.152176,null,null
-0.0551331,null,null,0.00443014,null
-0.00642044,null,null,null,-0.00722114
0.983264,0.0164527,null,null,null
0.194214,null,0.152176,null,null
-0.0551331,null,null,0.00443014,null
-0.00642044,null,null,null,-0.00722114
0.983056,0.0166009,null,null,null
0.179783,null,0.153117,null,null
-0.0591644,null,null,-0.0295207,null
-0.0021231,null,null,null,0.000554517
0.983241,0.0109844,null,null,null
0.173088,null,0.151144,null,null
-0.053282,null,null,0.00506882,null
-0.0122137,null,null,null,-0.00440423
0.983152,0.0112674,null,null,null
0.154583,null,0.184849,null,null
-0.0766556,null,null,0.00758169,null
-0.00332239,null,null,null,-0.00144827
0.983152,0.0112674,null,null,null
0.154583,null,0.184849,null,null
-0.0766556,null,null,0.00758169,null
-0.00332239,null,null,null,-0.00144827
0.983152,0.0112674,null,null,null
0.154583,null,0.184849,null,null
-0.0766556,null,null,0.00758169,null
-0.00332239,null,null,null,-0.00144827
0.983152,0.0112674,null,null,null
0.154583,null,0.184849,null,null
-0.0766556,null,null,0.00758169,null
-0.00332239,null,null,null,-0.00144827
0.983152,0.0112674,null,null,null
0.154583,null,0.184849,null,null
-0.0766556,null,null,0.00758169,null
-0.00332239,null,null,null,-0.00144827
0.983152,0.0112674,null,null,null
0.154583,null,0.184849,null,null
-0.0766556,null,null,0.00758169,null
-0.00332239,null,null,null,-0.00144827
0.983152,0.0112674,null,null,null
0.154583,null,0.184849,null,null
-0.0766556,null,null,0.00758169,null
-0.00332239,null,null,null,-0.00144827
0.983152,0.0112674,null,null,null
0.154583,null,0.184849,null,null
-0.0766556,null,null,0.00758169,null
-0.00332239,null,null,null,-0.00144827
0.98317,0.0116031,null,null,null
0.115278,null,0.165632,null,null
-0.0608739,null,null,0.0247559,null
0.00236849,null,null,null,0.0037216
0.98317,0.0116031,null,null,null
0.115278,null,0.165632,null,null
-0.0608739,null,null,0.0247559,null
0.00236849,null,null,null,0.0037216
0.983034,0.0113952,null,null,null
0.13202,null,0.201675,null,null
-0.0686715,null,null,0.0352898,null
0.00885749,null,null,null,-0.00615774
0.983034,0.0113952,null,null,null
0.13202,null,0.201675,null,null
-0.0686715,null,null,0.0352898,null
0.00885749,null,null,null,-0.00615774
0.983229,0.00680163,null,null,null
0.124141,null,0.187142,null,null
-0.0761447,null,null,0.0683784,null
0.00297214,null,null,null,0.00116783
0.983409,0.0105931,null,null,null
0.137502,null,0.201761,null,null
-0.025448,null,null,0.0469577,null
-0.00269721,null,null,null,0.00193766
0.983409,0.0105931,null,null,null
0.137502,null,0.201761,null,null
-0.025448,null,null,0.0469577,null
-0.00269721,null,null,null,0.00193766
0.983448,0.00919694,null,null,null
0.138744,null,0.177009,null,null
-0.0309796,null,null,0.0243797,null
0.00315047,null,null,null,0.00271418
0.983559,0.0119368,null,null,null
0.134492,null,0.202009,null,null
-0.014528,null,null,0.0704651,null
0.000771154,null,null,null,-0.00487999
0.983415,0.00872911,null,null,null
0.155351,null,0.174264,null,null
0.0076607,null,null,0.0365341,null
0.00156839,null,null,null,0.0030323
0.983415,0.00872911,null,null,null
0.155351,null,0.174264,null,null
0.0076607,null,null,0.0365341,null
0.00156839,null,null,null,0.0030323
0.983415,0.00872911,null,null,null
0.155351,null,0.174264,null,null
0.0076607,null,null,0.0365341,null
0.00156839,null,null,null,0.0030323
0.983222,0.0054708,null,null,null
0.16935,null,0.180061,null,null
0.0297461,null,null,0.096335,null
-0.00115451,null,null,null,0.00205969
0.983222,0.0054708,null,null,null
0.16935,null,0.180061,null,null
0.0297461,null,null,0.096335,null
-0.00115451,null,null,null,0.00205969
0.983054,0.0103289,null,null,null
0.171459,null,0.183681,null,null
-0.0388444,null,null,0.113632,null
0.00933349,null,null,null,0.000155719
0.983196,0.0123754,null,null,null
0.209673,null,0.197238,null,null
-0.00485104,null,null,0.0877244,null
0.00804295,null,null,null,0.00368909
0.983221,0.0123146,null,null,null
0.212585,null,0.149941,null,null
0.000364203,null,null,0.100181,null
-0.00426994,null,null,null,0.00295325
0.983221,0.0123146,null,null,null
0.212585,null,0.149941,null,null
0.000364203,null,null,0.100181,null
-0.00426994,null,null,null,0.00295325
0.98301,0.00584074,null,null,null
0.226781,null,0.14329,null,null
0.00998928,null,null,0.123319,null
-0.000805651,null,null,null,-0.000667404
0.982761,0.00285559,null,null,null
0.178911,null,0.129165,null,null
-0.00572553,null,null,0.0975903,null
-0.0082988,null,null,null,-0.00365271
0.982889,0.00560935,null,null,null
0.168742,null,0.15505,null,null
0.0285099,null,null,0.0518363,null
-0.00467033,null,null,null,-0.00321595
0.982889,0.00560935,null,null,null
0.168742,null,0.15505,null,null
0.0285099,null,null,0.0518363,null
-0.00467033,null,null,null,-0.00321595
0.982889,0.00560935,null,null,null
0.168742,null,0.15505,null,null
0.0285099,null,null,0.0518363,null
-0.00467033,null,null,null,-0.00321595
0.98322,0.00480334,null,null,null
0.16277,null,0.151218,null,null
0.0481681,null,null,0.0821893,null
-0.00742486,null,null,null,0.00458564
0.983206,0.000396666,null,null,null
0.137751,null,0.15739,null,null
0.0943744,null,null,0.104393,null
-0.00418646,null,null,null,-0.00112394
0.983205,0.0029123,null,null,null
0.165522,null,0.159579,null,null
0.0635565,null,null,0.0901199,null
-0.00757329,null,null,null,0.00226105
0.983205,0.0029123,null,null,null
0.165522,null,0.159579,null,null
0.0635565,null,null,0.0901199,null
-0.00757329,null,null,null,0.00226105
0.983654,0.0106094,null,null,null
0.13258,null,0.165094,null,null
0.0763061,null,null,0.0645865,null
0.00164803,null,null,null,0.00215507
0.983654,0.0106094,null,null,null
0.13258,null,0.165094,null,null
0.0763061,null,null,0.0645865,null
0.00164803,null,null,null,0.00215507
0.9835,0.0122666,null,null,null
0.113376,null,0.151085,null,null
0.0432134,null,null,0.0852558,null
0.00109851,null,null,null,0.00556672
0.98367,0.00964804,null,null,null
0.129694,null,0.178215,null,null
0.0800686,null,null,0.0404154,null
-0.00589759,null,null,null,-0.00018124
0.983531,0.0140334,null,null,null
0.154139,null,0.145466,null,null
0.0918094,null,null,0.0659309,null
0.0014663,null,null,null,0.000177424
0.983541,0.0120277,null,null,null
0.146792,null,0.171281,null,null
0.0733419,null,null,0.0418077,null
0.00141234,null,null,null,-0.00290953
0.983668,0.0157511,null,null,null
0.112618,null,0.125512,null,null
0.0899275,null,null,0.113384,null
-0.00350673,null,null,null,0.000765381
0.983668,0.0157511,null,null,null
0.112618,null,0.125512,null,null
0.0899275,null,null,0.113384,null
-0.00350673,null,null,null,0.000765381
0.983944,0.0138063,null,null,null
0.108647,null,0.107417,null,null
0.0649194,null,null,0.0798094,null
0.00366079,null,null,null,0.00157509
0.983629,0.0140372,null,null,null
0.155971,null,0.102353,null,null
0.0540841,null,null,0.102662,null
0.00035258,null,null,null,-0.00448898
0.983298,0.0166835,null,null,null
0.176969,null,0.124138,null,null
0.0656146,null,null,0.0922618,null
0.00620284,null,null,null,-0.000231609
0.983298,0.0166835,null,null,null
0.176969,null,0.124138,null,null
0.0656146,null,null,0.0922618,null
0.00620284,null,null,null,-0.000231609
0.983649,0.0156259,null,null,null
0.148161,null,0.105822,null,null
0.0625084,null,null,0.0589252,null
-0.00486899,null,null,null,-0.00220084
0.983616,0.0157475,null,null,null
0.115152,null,0.127529,null,null
0.0624829,null,null,0.0639049,null
-2.67252e-05,null,null,null,-0.00394822
0.983249,0.0252135,null,null,null
0.114547,null,0.0875087,null,null
0.0621494,null,null,0.0392085,null
0.000596315,null,null,null,-0.00139076
0.983282,0.0245008,null,null,null
0.0764475,null,0.123486,null,null
0.0912007,null,null,0.0871519,null
-0.00544722,null,null,null,-0.00274669
0.98337,0.0233004,null,null,null
0.0530669,null,0.155141,null,null
0.0345943,null,null,0.0877046,null
-0.00397501,null,null,null,0.00148286
0.98337,0.0233004,null,null,null
0.0530669,null,0.155141,null,null
0.0345943,null,null,0.0877046,null
-0.00397501,null,null,null,0.00148286
0.983302,0.022327,null,null,null
0.108384,null,0.162159,null,null
0.0266107,null,null,0.0607435,null
-0.00428132,null,null,null,9.20966e-06
0.983598,0.0237869,null,null,null
0.141661,null,0.154709,null,null
0.0488395,null,null,0.0496999,null
-0.00102256,null,null,null,-0.000784665
0.983598,0.0237869,null,null,null
0.141661,null,0.154709,null,null
0.0488395,null,null,0.0496999,null
-0.00102256,null,null,null,-0.000784665
0.983524,0.027838,null,null,null
0.14523,null,0.15853,null,null
0.0459834,null,null,0.0361839,null
-0.00258564,null,null,null,0.000697501
0.983524,0.027838,null,null,null
0.14523,null,0.15853,null,null
0.0459834,null,null,0.0361839,null
-0.00258564,null,null,null,0.000697501
0.983524,0.027838,null,null,null
0.14523,null,0.15853,null,null
0.0459834,null,null,0.0361839,null
-0.00258564,null,null,null,0.000697501
0.983786,0.0216294,null,null,null
0.115408,null,0.127551,null,null
0.0590658,null,null,0.0706919,null
0.000307223,null,null,null,0.00174125
0.983527,0.0238759,null,null,null
0.14613,null,0.183045,null,null
0.0296721,null,null,0.0519457,null
-0.0024882,null,null,null,0.00400094
0.983527,0.0238759,null,null,null
0.14613,null,0.183045,null,null
0.0296721,null,null,0.0519457,null
-0.0024882,null,null,null,0.00400094
0.98371,0.0265209,null,null,null
0.165566,null,0.17877,null,null
0.0495906,null,null,0.101051,null
0.00169761,null,null,null,0.00871279
0.98371,0.0265209,null,null,null
0.165566,null,0.17877,null,null
0.0495906,null,null,0.101051,null
0.00169761,null,null,null,0.00871279
0.98371,0.0265209,null,null,null
0.165566,null,0.17877,null,null
0.0495906,null,null,0.101051,null
0.00169761,null,null,null,0.00871279
0.983646,0.0212874,null,null,null
0.164545,null,0.180918,null,null
0.0946354,null,null,0.149397,null
0.00691556,null,null,null,0.00155544
0.983531,0.0290767,null,null,null
0.167511,null,0.193056,null,null
0.0652875,null,null,0.10462,null
-0.00217936,null,null,null,-0.00148995
0.983531,0.0290767,null,null,null
0.167511,null,0.193056,null,null
0.0652875,null,null,0.10462,null
-0.00217936,null,null,null,-0.00148995
0.983531,0.0290767,null,null,null
0.167511,null,0.193056,null,null
0.0652875,null,null,0.10462,null
-0.00217936,null,null,null,-0.00148995
0.983531,0.0290767,null,null,null
0.167511,null,0.193056,null,null
0.0652875,null,null,0.10462,null
-0.00217936,null,null,null,-0.00148995
0.983531,0.0290767,null,null,null
0.167511,null,0.193056,null,null
0.0652875,null,null,0.10462,null
-0.00217936,null,null,null,-0.00148995
0.983336,0.0332925,null,null,null
0.1782,null,0.206916,null,null
0.080202,null,null,0.149867,null
0.00135514,null,null,null,0.00157305
0.983369,0.0277902,null,null,null
0.183805,null,0.237563,null,null
0.0885853,null,null,0.109128,null
-0.000859706,null,null,null,0.00747211
0.983441,0.0175914,null,null,null
0.172055,null,0.219765,null,null
0.127816,null,null,0.13843,null
0.0002573,null,null,null,-0.00471536
0.983381,0.0186469,null,null,null
0.164235,null,0.299695,null,null
0.06406,null,null,0.166585,null
0.00107765,null,null,null,0.00262324
0.983381,0.0186469,null,null,null
0.164235,null,0.299695,null,null
0.06406,null,null,0.166585,null
0.00107765,null,null,null,0.00262324
0.98333,0.0177415,null,null,null
0.125164,null,0.29534,null,null
0.093898,null,null,0.176305,null
0.00360781,null,null,null,0.00160319
0.983565,0.0175115,null,null,null
0.114417,null,0.301999,null,null
0.0495204,null,null,0.155307,null
0.00036875,null,null,null,-0.00051955
0.983565,0.0175115,null,null,null
0.114417,null,0.301999,null,null
0.0495204,null,null,0.155307,null
0.00036875,null,null,null,-0.00051955
0.983205,0.0215693,null,null,null
0.150163,null,0.343626,null,null
0.0531358,null,null,0.149414,null
0.00368344,null,null,null,0.0018478
0.983205,0.0215693,null,null,null
0.150163,null,0.343626,null,null
0.0531358,null,null,0.149414,null
0.00368344,null,null,null,0.0018478
0.983352,0.02297,null,null,null
0.119243,null,0.34549,null,null
0.0697406,null,null,0.194538,null
-0.00635891,null,null,null,0.0021624
0.983356,0.0170085,null,null,null
0.130933,null,0.320005,null,null
0.128934,null,null,0.169386,null
0.00159987,null,null,null,-0.00563974
0.983299,0.0145596,null,null,null
0.144581,null,0.307489,null,null
0.166607,null,null,0.163974,null
-0.000256291,null,null,null,0.00221531
0.983299,0.0145596,null,null,null
0.144581,null,0.307489,null,null
0.166607,null,null,0.163974,null
-0.000256291,null,null,null,0.00221531
0.983016,0.0182497,null,null,null
0.18756,null,0.279203,null,null
0.153402,null,null,0.159224,null
-0.00560936,null,null,null,-0.00143406
0.983123,0.0140179,null,null,null
0.207015,null,0.252254,null,null
0.128751,null,null,0.10764,null
-0.0100636,null,null,null,0.00255418
0.983529,0.0111457,null,null,null
0.257329,null,0.257036,null,null
0.109933,null,null,0.132534,null
-0.0122649,null,null,null,6.30834e-05
0.983255,0.0103601,null,null,null
0.191901,null,0.259419,null,null
0.138796,null,null,0.09146,null
-0.00257289,null,null,null,-0.000205402
0.983186,0.00773665,null,null,null
0.176191,null,0.257003,null,null
0.142491,null,null,0.0820715,null
0.00240866,null,null,null,0.00152414
0.983385,0.00465484,null,null,null
0.164685,null,0.251779,null,null
0.076552,null,null,0.0837671,null
-0.00243232,null,null,null,-0.00393799
0.983399,0.0024496,null,null,null
0.180425,null,0.254491,null,null
0.0756717,null,null,0.0594467,null
-0.00412833,null,null,null,-0.0037409
0.983399,0.0024496,null,null,null
0.180425,null,0.254491,null,null
0.0756717,null,null,0.0594467,null
-0.00412833,null,null,null,-0.0037409
0.983676,-0.000208947,null,null,null
0.143233,null,0.178875,null,null
0.0459219,null,null,0.115601,null
0.00124169,null,null,null,-0.00115594
0.983676,-0.000208947,null,null,null
0.143233,null,0.178875,null,null
0.0459219,null,null,0.115601,null
0.00124169,null,null,null,-0.00115594
0.983864,-0.00301002,null,null,null
0.14891,null,0.218488,null,null
0.0849289,null,null,0.0843992,null
-0.0046768,null,null,null,0.0109442
0.98384,-0.00219123,null,null,null
0.148756,null,0.163401,null,null
0.052979,null,null,0.117975,null
0.00639087,null,null,null,0.00255682
0.98384,-0.00219123,null,null,null
0.148756,null,0.163401,null,null
0.052979,null,null,0.117975,null
0.00639087,null,null,null,0.00255682
0.983756,-0.00391136,null,null,null
0.1224,null,0.173681,null,null
0.030173,null,null,0.129167,null
-0.00963381,null,null,null,-0.000809414
0.983877,-0.00703144,null,null,null
0.106292,null,0.206381,null,null
0.0323258,null,null,0.127096,null
-0.00106426,null,null,null,-0.00270127
0.983877,-0.00703144,null,null,null
0.106292,null,0.206381,null,null
0.0323258,null,null,0.127096,null
-0.00106426,null,null,null,-0.00270127
0.984039,-0.00934933,null,null,null
0.108197,null,0.189587,null,null
0.0273077,null,null,0.212175,null
-0.00481835,null,null,null,-0.00319784
0.983609,-0.0182874,null,null,null
0.140934,null,0.186847,null,null
0.0437278,null,null,0.168453,null
-0.00262441,null,null,null,-3.62941e-05
0.983609,-0.0182874,null,null,null
0.140934,null,0.186847,null,null
0.0437278,null,null,0.168453,null
-0.00262441,null,null,null,-3.62944e-05
0.983633,-0.0139238,null,null,null
0.122311,null,0.189391,null,null
0.0237036,null,null,0.167151,null
0.00320344,null,null,null,0.000651169
0.983383,-0.0185326,null,null,null
0.124234,null,0.204066,null,null
-0.0199426,null,null,0.178374,null
-0.00109522,null,null,null,-0.00208484
0.983251,-0.0175252,null,null,null
0.148122,null,0.225641,null,null
0.0433241,null,null,0.186965,null
0.00652983,null,null,null,0.00419455
0.983328,-0.017906,null,null,null
0.103642,null,0.196972,null,null
0.0420436,null,null,0.24935,null
0.000898773,null,null,null,2.52681e-05
0.983301,-0.0199374,null,null,null
0.13499,null,0.180484,null,null
0.0741322,null,null,0.220185,null
-0.00273104,null,null,null,0.00370498
0.983301,-0.0199374,null,null,null
0.13499,null,0.180484,null,null
0.0741322,null,null,0.220185,null
-0.00273104,null,null,null,0.00370498
0.983301,-0.0199374,null,null,null
0.13499,null,0.180484,null,null
0.0741322,null,null,0.220185,null
-0.00273104,null,null,null,0.00370498
0.983185,-0.0223243,null,null,null
0.124908,null,0.154101,null,null
0.0744349,null,null,0.210571,null
-0.000370055,null,null,null,0.007538
0.983343,-0.0191665,null,null,null
0.131007,null,0.16339,null,null
0.0961048,null,null,0.153404,null
-0.00152585,null,null,null,-0.00575126
0.983619,-0.0220099,null,null,null
0.124367,null,0.144847,null,null
0.0947589,null,null,0.163843,null
-0.00227581,null,null,null,0.00279117
0.983379,-0.0191077,null,null,null
0.110318,null,0.149279,null,null
0.0749023,null,null,0.138322,null
-0.00497056,null,null,null,0.00431242
0.983267,-0.0134275,null,null,null
0.136125,null,0.162825,null,null
0.0902182,null,null,0.161114,null
-0.00389306,null,null,null,-0.00182789
0.983504,-0.0110495,null,null,null
0.138375,null,0.155806,null,null
0.050916,null,null,0.143005,null
-0.00677231,null,null,null,0.00106526
0.98351,-0.0102896,null,null,null
0.0804195,null,0.146083,null,null
0.0207669,null,null,0.142473,null
-0.00705456,null,null,null,-0.000409441
0.98351,-0.0102896,null,null,null
0.0804195,null,0.146083,null,null
0.0207669,null,null,0.142473,null
-0.00705456,null,null,null,-0.000409441
0.983779,-0.0119226,null,null,null
0.122429,null,0.16598,null,null
0.0243793,null,null,0.203161,null
-0.00273205,null,null,null,-0.00058034
0.983586,-0.0118545,null,null,null
0.0896997,null,0.171764,null,null
0.0457967,null,null,0.18128,null
-0.00646459,null,null,null,0.00556047
0.983974,-0.0108139,null,null,null
0.143799,null,0.208666,null,null
0.00840266,null,null,0.170334,null
-0.000808398,null,null,null,0.00102323
0.983974,-0.0139026,null,null,null
0.113515,null,0.202216,null,null
0.00165687,null,null,0.202953,null
-0.00337502,null,null,null,0.00367324
0.983974,-0.0139026,null,null,null
0.113515,null,0.202216,null,null
0.00165687,null,null,0.202953,null
-0.00337502,null,null,null,0.00367324
0.983725,-0.0149962,null,null,null
0.147301,null,0.191859,null,null
-0.0630083,null,null,0.198924,null
-0.00251661,null,null,null,0.00290355
0.984293,-0.0018191,null,null,null
0.0930256,null,0.152597,null,null
-0.052555,null,null,0.140955,null
0.00103168,null,null,null,-0.000468465
0.984378,-0.00551222,null,null,null
0.118821,null,0.169703,null,null
-0.0618501,null,null,0.113,null
-0.00110794,null,null,null,-0.00187981
0.984258,-0.00502462,null,null,null
0.125837,null,0.164115,null,null
-0.0593487,null,null,0.122724,null
0.000917546,null,null,null,-0.000835082
0.984258,-0.00502462,null,null,null
0.125837,null,0.164115,null,null
-0.0593487,null,null,0.122724,null
0.000917546,null,null,null,-0.000835082
0.984123,-0.00557588,null,null,null
0.128763,null,0.116413,null,null
-0.0297735,null,null,0.15201,null
-0.00065658,null,null,null,-0.00270639
0.983916,0.00132254,null,null,null
0.122605,null,0.103913,null,null
-0.0466247,null,null,0.141533,null
-0.00689176,null,null,null,0.00288327
0.983644,0.0079483,null,null,null
0.125961,null,0.0994141,null,null
-0.0626928,null,null,0.128312,null
0.00422149,null,null,null,-0.00133805
0.983644,0.0079483,null,null,null
0.125961,null,0.0994141,null,null
-0.0626928,null,null,0.128312,null
0.00422149,null,null,null,-0.00133805
0.983644,0.0079483,null,null,null
0.125961,null,0.0994141,null,null
-0.0626928,null,null,0.128312,null
0.00422149,null,null,null,-0.00133805
0.983939,-0.0011441,null,null,null
0.109698,null,0.14855,null,null
-0.0573922,null,null,0.155751,null
-0.000750704,null,null,null,0.000869239
0.984191,0.000885684,null,null,null
0.125394,null,0.166926,null,null
-0.0888071,null,null,0.124101,null
-0.00473545,null,null,null,0.0043379
0.984016,0.00551683,null,null,null
0.0325564,null,0.213685,null,null
-0.0336459,null,null,0.136135,null
-0.005149,null,null,null,-0.000759069
0.984052,-0.00123663,null,null,null
0.0607501,null,0.254555,null,null
-0.0524414,null,null,0.112591,null
0.00183233,null,null,null,0.000825181
0.983875,0.00088677,null,null,null
0.134653,null,0.261404,null,null
0.00206042,null,null,0.116784,null
-0.000459045,null,null,null,0.00221252
0.983788,0.00477173,null,null,null
0.114514,null,0.2431,null,null
0.00134394,null,null,0.154336,null
-0.00274255,null,null,null,-0.000842257
0.98387,0.000625345,null,null,null
0.0962176,null,0.218089,null,null
-0.00563221,null,null,0.0935273,null
-0.00708495,null,null,null,0.00278791
0.98401,0.00109209,null,null,null
0.118398,null,0.256337,null,null
-0.0468326,null,null,0.131264,null
0.00712968,null,null,null,0.000694629
0.983908,-0.00446983,null,null,null
0.105811,null,0.219069,null,null
-0.043287,null,null,0.158645,null
0.000756527,null,null,null,-0.000973899
0.984116,0.000289798,null,null,null
0.136186,null,0.195222,null,null
-0.0425179,null,null,0.151971,null
0.00262784,null,null,null,0.00182503
0.983794,0.00504309,null,null,null
0.172965,null,0.182801,null,null
-0.0358595,null,null,0.120189,null
-0.00688766,null,null,null,0.00314907
0.984026,0.00574607,null,null,null
0.168246,null,0.165925,null,null
-0.078603,null,null,0.157496,null
0.0048397,null,null,null,-0.00866311
0.983895,0.00328421,null,null,null
0.190908,null,0.213316,null,null
-0.0610729,null,null,0.151681,null
0.00751112,null,null,null,-0.00272826
0.983895,0.00328421,null,null,null
0.190908,null,0.213316,null,null
-0.0610729,null,null,0.151681,null
0.00751112,null,null,null,-0.00272826
0.98381,-0.00263889,null,null,null
0.233151,null,0.151855,null,null
-0.0603904,null,null,0.156002,null
0.00394098,null,null,null,-0.00271765
0.98381,-0.00263889,null,null,null
0.233151,null,0.151855,null,null
-0.0603904,null,null,0.156002,null
0.00394098,null,null,null,-0.00271765
0.983892,-0.00541204,null,null,null
0.199474,null,0.1025,null,null
-0.0538192,null,null,0.18122,null
0.00541705,null,null,null,-0.00193555
0.983703,-0.00551125,null,null,null
0.144451,null,0.110814,null,null
-0.0345004,null,null,0.158603,null
0.00461029,null,null,null,-0.00619667
0.983272,-0.00535524,null,null,null
0.157129,null,0.126724,null,null
-0.0283229,null,null,0.152081,null
0.00954566,null,null,null,-0.0051465
0.983463,-0.00159333,null,null,null
0.174175,null,0.0594301,null,null
-0.0230376,null,null,0.153399,null
0.00641168,null,null,null,-0.00630811
0.983823,0.00212796,null,null,null
0.182535,null,0.062768,null,null
-0.000110248,null,null,0.146559,null
0.00397596,null,null,null,-0.00245501
0.983712,0.00549421,null,null,null
0.178631,null,0.132366,null,null
0.0178689,null,null,0.16281,null
0.00274766,null,null,null,-0.00547436
0.984005,0.00420061,null,null,null
0.176841,null,0.153787,null,null
0.00571428,null,null,0.174004,null
0.00338089,null,null,null,-0.00125746
0.983971,0.0064922,null,null,null
0.185651,null,0.154202,null,null
-0.0233664,null,null,0.157007,null
0.00244063,null,null,null,-0.00686683
0.98397,0.00479107,null,null,null
0.17183,null,0.0862929,null,null
-0.0349474,null,null,0.098097,null
0.0043488,null,null,null,-0.00621125
0.983775,0.00871931,null,null,null
0.16588,null,0.144888,null,null
-0.0312338,null,null,0.0584182,null
0.00615051,null,null,null,-0.00474394
0.983832,0.00839286,null,null,null
0.231488,null,0.112302,null,null
-0.0555336,null,null,0.0592089,null
-0.000896741,null,null,null,1.03379e-05
0.984047,0.0136428,null,null,null
0.241625,null,0.026988,null,null
-0.0445513,null,null,0.0636975,null
0.00107466,null,null,null,-0.00426446
0.983946,0.0125314,null,null,null
0.261632,null,0.0066195,null,null
-0.0422535,null,null,0.100841,null
-0.00350974,null,null,null,-0.00131583
0.983784,0.0182676,null,null,null
0.214181,null,-0.0058389,null,null
-0.0810739,null,null,0.145097,null
-0.00376251,null,null,null,0.000332659
0.983784,0.0182676,null,null,null
0.214181,null,-0.0058389,null,null
-0.0810739,null,null,0.145097,null
-0.00376251,null,null,null,0.000332659
0.983784,0.0182676,null,null,null
0.214181,null,-0.0058389,null,null
-0.0810739,null,null,0.145097,null
-0.00376251,null,null,null,0.000332659
0.983784,0.0182676,null,null,null
0.214181,null,-0.0058389,null,null
-0.0810739,null,null,0.145097,null
-0.00376251,null,null,null,0.000332659
0.983835,0.0145524,null,null,null
0.15433,null,-0.00137215,null,null
-0.0650842,null,null,0.216899,null
-0.00111339,null,null,null,0.00263685
0.98373,0.0123332,null,null,null
0.148965,null,-0.0421865,null,null
-0.109349,null,null,0.194733,null
-0.00338609,null,null,null,0.00223597
0.984261,0.0146176,null,null,null
0.139558,null,-0.0615259,null,null
-0.0318449,null,null,0.173939,null
-0.000328736,null,null,null,-0.0017779
0.983444,0.0224105,null,null,null
0.14262,null,-0.0279206,null,null
0.0023991,null,null,0.116271,null
0.00534329,null,null,null,-0.00162547
0.983461,0.0148186,null,null,null
0.128826,null,-0.0273544,null,null
0.00576905,null,null,0.137751,null
-0.00647121,null,null,null,-0.00556775
0.983345,0.0203815,null,null,null
0.10879,null,-0.0341945,null,null
0.00130504,null,null,0.130818,null
-1.25641e-06,null,null,null,0.00474415
0.983478,0.0200792,null,null,null
0.125862,null,-0.0240082,null,null
-0.0251117,null,null,0.14368,null
-0.00217196,null,null,null,0.0026706
0.983411,0.0214521,null,null,null
0.141286,null,-0.0547082,null,null
0.00607651,null,null,0.156789,null
-0.00358353,null,null,null,-0.00224178
0.983694,0.0195682,null,null,null
0.165284,null,-0.0488546,null,null
-0.0423729,null,null,0.199989,null
-0.00638109,null,null,null,-0.000872374
0.983278,0.0182348,null,null,null
0.110093,null,-0.0863925,null,null
-0.0179075,null,null,0.177411,null
-0.00395156,null,null,null,0.00287293
0.983375,0.0179665,null,null,null
0.176288,null,-0.0707795,null,null
-0.0938769,null,null,0.136857,null
0.000651213,null,null,null,0.00907787
0.983556,0.0201696,null,null,null
0.196739,null,-0.063103,null,null
-0.0645209,null,null,0.150824,null
-0.00051247,null,null,null,0.00407495
0.983731,0.0202088,null,null,null
0.225511,null,-0.0817711,null,null
-0.0586904,null,null,0.14301,null
0.00335295,null,null,null,-0.00153323
0.983731,0.0202088,null,null,null
0.225511,null,-0.0817711,null,null
-0.0586904,null,null,0.14301,null
0.00335295,null,null,null,-0.00153323
0.983352,0.0212754,null,null,null
0.172737,null,-0.0603482,null,null
-0.0939128,null,null,0.139763,null
0.00166716,null,null,null,0.00334168
0.983375,0.0147921,null,null,null
0.130551,null,-0.0999276,null,null
-0.0886166,null,null,0.156611,null
0.000771484,null,null,null,-0.00735894
0.983236,0.0187015,null,null,null
0.134451,null,-0.109159,null,null
-0.089752,null,null,0.169215,null
-0.00492615,null,null,null,-0.00638074
0.98292,0.0182376,null,null,null
0.124942,null,-0.0806731,null,null
-0.0640165,null,null,0.179987,null
-0.00461015,null,null,null,0.00148613
0.98292,0.0182376,null,null,null
0.124942,null,-0.0806731,null,null
-0.0640165,null,null,0.179987,null
-0.00461015,null,null,null,0.00148613
0.982869,0.020658,null,null,null
0.180896,null,-0.109625,null,null
-0.108208,null,null,0.15616,null
0.000887076,null,null,null,0.00493806
0.983082,0.0240038,null,null,null
0.134216,null,-0.0635726,null,null
-0.0906509,null,null,0.144979,null
7.78804e-05,null,null,null,0.00676526
0.983082,0.0240038,null,null,null
0.134216,null,-0.0635726,null,null
-0.0906509,null,null,0.144979,null
7.78804e-05,null,null,null,0.00676526
0.983305,0.0185235,null,null,null
0.0879875,null,-0.072788,null,null
-0.111099,null,null,0.187259,null
-0.00522604,null,null,null,0.00124515
0.983575,0.0152932,null,null,null
0.122791,null,-0.055069,null,null
-0.112475,null,null,0.210619,null
0.0086457,null,null,null,-0.00828592
0.983371,0.0132261,null,null,null
0.16614,null,-0.0181719,null,null
-0.132885,null,null,0.220046,null
0.00531031,null,null,null,0.00204735
0.983371,0.0132261,null,null,null
0.16614,null,-0.0181719,null,null
-0.132885,null,null,0.220046,null
0.00531031,null,null,null,0.00204735
0.983274,0.00598073,null,null,null
0.127289,null,-0.00901145,null,null
-0.132205,null,null,0.240067,null
0.00192191,null,null,null,-0.00144627
0.983694,0.00167684,null,null,null
0.119099,null,0.0114342,null,null
-0.164949,null,null,0.196112,null
0.0047694,null,null,null,0.00106117
0.983776,0.00530665,null,null,null
0.142939,null,-0.000925643,null,null
-0.154769,null,null,0.198541,null
0.000752808,null,null,null,-0.000916073
0.983776,0.00530665,null,null,null
0.142939,null,-0.000925643,null,null
-0.154769,null,null,0.198541,null
0.000752808,null,null,null,-0.000916073
0.983627,0.00872983,null,null,null
0.151599,null,-0.0376297,null,null
-0.115553,null,null,0.217018,null
0.0102425,null,null,null,-0.000972224
0.98376,0.0106937,null,null,null
0.186905,null,-0.0439145,null,null
-0.108989,null,null,0.203192,null
-0.000291293,null,null,null,-0.00327066
0.98387,0.0128311,null,null,null
0.154456,null,-0.0410006,null,null
-0.105646,null,null,0.191466,null
-0.00371145,null,null,null,-0.00210445
0.98387,0.0128311,null,null,null
0.154456,null,-0.0410006,null,null
-0.105646,null,null,0.191466,null
-0.00371145,null,null,null,-0.00210445
0.98355,0.0098535,null,null,null
0.13107,null,-0.0180864,null,null
-0.0794742,null,null,0.206758,null
-0.00156742,null,null,null,-0.00126398
0.983862,0.00898017,null,null,null
0.161545,null,-0.000346995,null,null
-0.0378561,null,null,0.245812,null
-0.00372915,null,null,null,0.000338315
0.983877,0.0118767,null,null,null
0.148946,null,0.0167517,null,null
-0.0596062,null,null,0.247215,null
0.0044793,null,null,null,-0.000942424
0.98389,0.00950735,null,null,null
0.178393,null,-0.0235444,null,null
-0.0428601,null,null,0.254656,null
0.00477321,null,null,null,0.0028472
0.98389,0.00950735,null,null,null
0.178393,null,-0.0235444,null,null
-0.0428601,null,null,0.254656,null
0.00477321,null,null,null,0.0028472
0.983536,0.00428511,null,null,null
0.166621,null,-0.00616274,null,null
-0.0259465,null,null,0.307155,null
0.00626399,null,null,null,-0.000607601
0.983794,-0.00327268,null,null,null
0.190117,null,-0.0128387,null,null
-0.0442328,null,null,0.288249,null
0.00943075,null,null,null,0.000478501
0.983537,-0.00343131,null,null,null
0.237269,null,0.00921085,null,null
-0.0425129,null,null,0.264345,null
0.00544356,null,null,null,0.0101802
0.983237,0.00292296,null,null,null
0.267486,null,0.0328504,null,null
-0.0380675,null,null,0.24505,null
-0.0031625,null,null,null,0.00914841
0.983548,0.00319895,null,null,null
0.249452,null,-0.0186794,null,null
-0.105751,null,null,0.247193,null
-0.00244277,null,null,null,0.00737406
0.983548,0.00319895,null,null,null
0.249452,null,-0.0186794,null,null
-0.105751,null,null,0.247193,null
-0.00244277,null,null,null,0.00737406
0.983011,0.0028954,null,null,null
0.247551,null,-0.0709275,null,null
-0.0672932,null,null,0.22682,null
0.000376959,null,null,null,0.00670965
0.983484,0.00108014,null,null,null
0.194692,null,-0.074951,null,null
-0.0984325,null,null,0.24347,null
-0.00306975,null,null,null,-0.00336316
0.983359,0.000913938,null,null,null
0.195412,null,-0.0891169,null,null
-0.0741166,null,null,0.18366,null
0.0019216,null,null,null,-0.00524545
0.983359,0.000913938,null,null,null
0.195412,null,-0.0891169,null,null
-0.0741166,null,null,0.18366,null
0.0019216,null,null,null,-0.00524545
0.983557,4.37126e-05,null,null,null
0.155908,null,-0.0687798,null,null
-0.0910099,null,null,0.19516,null
0.00254681,null,null,null,0.00414498
0.98391,-0.00497763,null,null,null
0.12385,null,-0.0883157,null,null
-0.0572556,null,null,0.220949,null
0.00319073,null,null,null,0.00750947
0.983771,-0.00291766,null,null,null
0.123775,null,-0.0759293,null,null
-0.0583465,null,null,0.232598,null
-0.00417766,null,null,null,0.00159523
0.983402,-0.0028699,null,null,null
0.123105,null,-0.0932483,null,null
-0.0809768,null,null,0.26891,null
-0.00232154,null,null,null,-0.00395778
0.983654,-0.0032871,null,null,null
0.107467,null,-0.0689788,null,null
-0.106372,null,null,0.254927,null
-0.00348523,null,null,null,-0.000914948
0.983574,0.00483079,null,null,null
0.141822,null,-0.0580676,null,null
-0.16731,null,null,0.217128,null
-0.00955119,null,null,null,-0.00190809
0.983884,0.00630674,null,null,null
0.137191,null,-0.0788004,null,null
-0.11191,null,null,0.225845,null
0.00280584,null,null,null,-0.00426427
0.983865,0.00564255,null,null,null
0.176242,null,-0.0287149,null,null
-0.106904,null,null,0.204992,null
-0.00369259,null,null,null,-0.00182861
0.983865,0.00564255,null,null,null
0.176242,null,-0.0287149,null,null
-0.106904,null,null,0.204992,null
-0.00369259,null,null,null,-0.00182861
0.983904,0.00347616,null,null,null
0.161631,null,-0.0842464,null,null
-0.0629126,null,null,0.266481,null
-0.00273186,null,null,null,0.0038794
0.983834,0.00862235,null,null,null
0.131584,null,-0.0951986,null,null
-0.0730718,null,null,0.189057,null
0.000810421,null,null,null,-0.00394784
0.983943,0.0131486,null,null,null
0.147813,null,-0.0454591,null,null
-0.0429756,null,null,0.216584,null
-0.000715201,null,null,null,-0.00361614
0.983943,0.0131486,null,null,null
0.147813,null,-0.0454591,null,null
-0.0429756,null,null,0.216584,null
-0.000715201,null,null,null,-0.00361614
0.983943,0.0131486,null,null,null
0.147813,null,-0.0454591,null,null
-0.0429756,null,null,0.216584,null
-0.000715201,null,null,null,-0.00361614
0.983943,0.0131486,null,null,null
0.147813,null,-0.0454591,null,null
-0.0429756,null,null,0.216584,null
-0.000715201,null,null,null,-0.00361614
0.983513,0.0140594,null,null,null
0.152487,null,-0.064503,null,null
-0.042591,null,null,0.210621,null
-0.000857748,null,null,null,-0.0044138
0.983749,0.00487501,null,null,null
0.217286,null,-0.0991718,null,null
-0.0208276,null,null,0.202491,null
-0.00128357,null,null,null,-0.000709253
0.983696,-0.00464216,null,null,null
0.236686,null,-0.0861187,null,null
-0.0412156,null,null,0.192721,null
-0.00111693,null,null,null,-0.00330259
0.983659,-0.000802717,null,null,null
0.202191,null,-0.0869255,null,null
-0.0268551,null,null,0.175029,null
0.000123936,null,null,null,-0.00209936
0.983641,0.00490389,null,null,null
0.191371,null,-0.129651,null,null
-0.0615141,null,null,0.150245,null
9.52554e-05,null,null,null,-0.000441299
0.983636,0.00673521,null,null,null
0.185899,null,-0.0789316,null,null
-0.013027,null,null,0.161518,null
-0.00301059,null,null,null,-0.00778731
0.983636,0.00673521,null,null,null
0.185899,null,-0.0789316,null,null
-0.013027,null,null,0.161518,null
-0.00301059,null,null,null,-0.00778731
0.983518,0.00736276,null,null,null
0.189406,null,-0.0391571,null,null
-0.0266855,null,null,0.127571,null
-0.00662271,null,null,null,0.00236708
0.983571,0.00558533,null,null,null
0.207813,null,-0.0565221,null,null
-0.0141024,null,null,0.140761,null
-0.00355223,null,null,null,-0.000745209
0.983571,0.00558533,null,null,null
0.207813,null,-0.0565221,null,null
-0.0141024,null,null,0.140761,null
-0.00355223,null,null,null,-0.000745209
0.98369,0.00177042,null,null,null
0.209251,null,-0.038436,null,null
-0.00527821,null,null,0.118651,null
-0.00641894,null,null,null,-0.0044066
0.983685,0.000247947,null,null,null
0.191584,null,0.00190951,null,null
0.0361156,null,null,0.0465699,null
-0.00430134,null,null,null,-0.00320224
0.983751,-0.00315236,null,null,null
0.209177,null,0.011802,null,null
0.0533254,null,null,0.0392479,null
-0.00284871,null,null,null,0.00104701
0.983665,-0.00403262,null,null,null
0.234349,null,-0.0533755,null,null
0.032529,null,null,0.0468019,null
-0.00113516,null,null,null,0.00345039
0.983858,-0.000234251,null,null,null
0.206925,null,-0.068723,null,null
0.0492062,null,null,0.0567174,null
0.00044492,null,null,null,-0.00271911
0.984061,0.00546544,null,null,null
0.1971,null,-0.0997443,null,null
0.0536293,null,null,0.0209035,null
-0.00260931,null,null,null,-0.000304862
0.984102,0.00931291,null,null,null
0.201479,null,-0.0893396,null,null
0.0255426,null,null,0.0376071,null
0.000345531,null,null,null,0.00593142
0.984102,0.00931291,null,null,null
0.201479,null,-0.0893396,null,null
0.0255426,null,null,0.0376071,null
0.000345531,null,null,null,0.00593142
0.984102,0.00931291,null,null,null
0.201479,null,-0.0893396,null,null
0.0255426,null,null,0.0376071,null
0.000345531,null,null,null,0.00593142
0.983507,0.0121358,null,null,null
0.202951,null,-0.0831635,null,null
0.0202594,null,null,0.0357864,null
-0.00451613,null,null,null,0.000800246
0.983275,0.0213375,null,null,null
0.207212,null,-0.067105,null,null
0.0713717,null,null,0.0209907,null
0.000134094,null,null,null,-0.0033645
0.983275,0.0213375,null,null,null
0.207212,null,-0.067105,null,null
0.0713717,null,null,0.0209907,null
0.000134094,null,null,null,-0.0033645
0.983401,0.0196407,null,null,null
0.19586,null,-0.0551541,null,null
0.0355976,null,null,0.0638092,null
-0.00721749,null,null,null,0.00619411
0.983401,0.0196407,null,null,null
0.19586,null,-0.0551541,null,null
0.0355976,null,null,0.0638092,null
-0.00721749,null,null,null,0.00619411
0.983319,0.0151267,null,null,null
0.213034,null,-0.100985,null,null
0.00613825,null,null,0.127549,null
0.00198197,null,null,null,0.0103853
0.983319,0.0151267,null,null,null
0.213034,null,-0.100985,null,null
0.00613825,null,null,0.127549,null
0.00198197,null,null,null,0.0103853
0.983319,0.0151267,null,null,null
0.213034,null,-0.100985,null,null
0.00613825,null,null,0.127549,null
0.00198197,null,null,null,0.0103853
0.983081,0.0114033,null,null,null
0.189275,null,-0.0980994,null,null
0.0296938,null,null,0.105073,null
-0.00580974,null,null,null,-0.00510517
0.983263,0.0158912,null,null,null
0.188947,null,-0.0320736,null,null
0.0303214,null,null,0.11443,null
0.000582125,null,null,null,0.00113962
0.983391,0.0133115,null,null,null
0.181281,null,-0.0033106,null,null
0.0234219,null,null,0.154205,null
-0.00498336,null,null,null,0.00491481
0.983216,0.0112875,null,null,null
0.139882,null,0.00749885,null,null
0.0536874,null,null,0.114585,null
0.00812965,null,null,null,0.00312616
0.983204,0.0125606,null,null,null
0.143761,null,0.0136149,null,null
0.00775485,null,null,0.0573845,null
0.00461275,null,null,null,0.00747062
0.983204,0.0125606,null,null,null
0.143761,null,0.0136149,null,null
0.00775485,null,null,0.0573845,null
0.00461275,null,null,null,0.00747062
0.983331,0.011111,null,null,null
0.154244,null,-0.0245364,null,null
-0.0415046,null,null,0.0210459,null
-0.00369885,null,null,null,0.0033516
0.983341,0.013904,null,null,null
0.137271,null,-0.029133,null,null
-0.043994,null,null,0.050061,null
-0.00597034,null,null,null,0.00239225
0.983341,0.013904,null,null,null
0.137271,null,-0.029133,null,null
-0.043994,null,null,0.050061,null
-0.00597034,null,null,null,0.00239225
0.982985,0.0196641,null,null,null
0.149731,null,-0.0256694,null,null
-0.0663222,null,null,0.0686366,null
-0.00705624,null,null,null,-3.4077e-05
0.983365,0.018023,null,null,null
0.0884619,null,0.00853245,null,null
-0.0450906,null,null,0.04928,null
-0.00455396,null,null,null,-0.00531935
0.983365,0.018023,null,null,null
0.0884619,null,0.00853245,null,null
-0.0450906,null,null,0.04928,null
-0.00455396,null,null,null,-0.00531935
0.983322,0.0151905,null,null,null
0.103099,null,0.00113765,null,null
-0.0354514,null,null,0.00604869,null
-0.000716871,null,null,null,-0.00379475
0.983322,0.0151905,null,null,null
0.103099,null,0.00113765,null,null
-0.0354514,null,null,0.00604869,null
-0.000716871,null,null,null,-0.00379475
0.983486,0.0203255,null,null,null
0.125406,null,-0.0218575,null,null
-0.049238,null,null,0.00586057,null
-0.00235385,null,null,null,-0.00580485
0.983724,0.0205378,null,null,null
0.125569,null,-0.042155,null,null
-0.0230614,null,null,0.0603446,null
0.000597879,null,null,null,0.00051506
0.983724,0.0205378,null,null,null
0.125569,null,-0.042155,null,null
-0.0230614,null,null,0.0603446,null
0.000597879,null,null,null,0.00051506
0.98381,0.0172669,null,null,null
0.123258,null,-0.0405406,null,null
-0.0438379,null,null,0.0698486,null
-0.0011199,null,null,null,0.00182847
0.98335,0.0164169,null,null,null
0.0896017,null,-0.0401531,null,null
-0.0404784,null,null,0.074781,null
0.00667005,null,null,null,0.00325956
0.98355,0.0146439,null,null,null
0.0752976,null,-0.054116,null,null
-0.026036,null,null,0.0634346,null
0.00549866,null,null,null,0.00137948
0.98355,0.0146439,null,null,null
0.0752976,null,-0.054116,null,null
-0.026036,null,null,0.0634346,null
0.00549866,null,null,null,0.00137948
0.98349,0.017542,null,null,null
0.12989,null,-0.0547827,null,null
-0.00644984,null,null,0.054632,null
-0.0010125,null,null,null,-0.000107738
0.98349,0.017542,null,null,null
0.12989,null,-0.0547827,null,null
-0.00644984,null,null,0.054632,null
-0.0010125,null,null,null,-0.000107738
0.983434,0.0193775,null,null,null
0.124003,null,-0.0973796,null,null
0.00687584,null,null,0.0665951,null
0.00210165,null,null,null,-0.00361675
0.983434,0.0193775,null,null,null
0.124003,null,-0.0973796,null,null
0.00687584,null,null,0.0665951,null
0.00210165,null,null,null,-0.00361675
0.983371,0.0252709,null,null,null
0.119206,null,-0.111558,null,null
-0.0260646,null,null,0.0716961,null
0.00438748,null,null,null,0.00596249
0.983618,0.0288805,null,null,null
0.147328,null,-0.104195,null,null
-0.0135236,null,null,0.0605631,null
0.0031824,null,null,null,-0.00446133
0.983618,0.0288805,null,null,null
0.147328,null,-0.104195,null,null
-0.0135236,null,null,0.0605631,null
0.0031824,null,null,null,-0.00446133
0.983074,0.0317778,null,null,null
0.132167,null,-0.0921967,null,null
-0.079467,null,null,0.0432651,null
0.000449758,null,null,null,0.00243561
0.982975,0.0358944,null,null,null
0.123355,null,-0.0380776,null,null
-0.0440619,null,null,0.0967593,null
0.00367831,null,null,null,0.000827204
0.982874,0.0354689,null,null,null
0.161154,null,-0.0423074,null,null
-0.0813772,null,null,0.0767741,null
0.000689866,null,null,null,0.00313657
0.982931,0.0358794,null,null,null
0.142764,null,-0.0774819,null,null
-0.0641058,null,null,0.103133,null
0.00421427,null,null,null,0.000181136
0.982654,0.036202,null,null,null
0.139595,null,-0.0529125,null,null
-0.0592792,null,null,0.0631961,null
0.00282276,null,null,null,-0.000161386
0.982762,0.0381543,null,null,null
0.140206,null,0.032691,null,null
-0.0762116,null,null,0.120101,null
-0.00206119,null,null,null,5.83621e-05
0.982701,0.0429585,null,null,null
0.0707616,null,0.0618573,null,null
-0.0673939,null,null,0.15388,null
-0.00489968,null,null,null,-0.00230255
0.982801,0.042371,null,null,null
0.0590551,null,0.0919211,null,null
-0.0789844,null,null,0.138105,null
-0.00626024,null,null,null,0.00209855
0.982285,0.0468088,null,null,null
0.0519806,null,0.0848405,null,null
-0.0848572,null,null,0.141902,null
-0.00391139,null,null,null,-0.00013845
0.982285,0.0468088,null,null,null
0.0519806,null,0.0848405,null,null
-0.0848572,null,null,0.141902,null
-0.00391139,null,null,null,-0.00013845
0.982502,0.0459581,null,null,null
0.050026,null,0.032205,null,null
-0.0909608,null,null,0.150484,null
-0.0107829,null,null,null,0.00510551
0.98274,0.0453535,null,null,null
0.0523621,null,-0.0133729,null,null
-0.0919704,null,null,0.176077,null
0.00627421,null,null,null,-0.00316269
0.982938,0.0461725,null,null,null
-0.00268451,null,0.00813204,null,null
-0.0739029,null,null,0.183463,null
-0.00190335,null,null,null,-0.00286708
0.982747,0.0484084,null,null,null
0.0468512,null,0.000548935,null,null
-0.108908,null,null,0.230376,null
-0.00512185,null,null,null,-0.00309519
0.982102,0.0552002,null,null,null
0.0188973,null,0.0171874,null,null
-0.110419,null,null,0.207039,null
-0.00451286,null,null,null,0.00154446
0.982102,0.0552002,null,null,null
0.0188973,null,0.0171874,null,null
-0.110419,null,null,0.207039,null
-0.00451286,null,null,null,0.00154446
0.982102,0.0552002,null,null,null
0.0188973,null,0.0171874,null,null
-0.110419,null,null,0.207039,null
-0.00451286,null,null,null,0.00154446
0.982416,0.048744,null,null,null
-0.0234563,null,0.00188883,null,null
-0.111586,null,null,0.202735,null
0.00153661,null,null,null,0.00349322
0.982416,0.048744,null,null,null
-0.0234563,null,0.00188883,null,null
-0.111586,null,null,0.202735,null
0.00153661,null,null,null,0.00349322
0.982306,0.0468522,null,null,null
-0.0312866,null,0.0139705,null,null
-0.0855758,null,null,0.183061,null
0.00194269,null,null,null,0.00994449
0.982502,0.0445996,null,null,null
-0.0134231,null,-0.000213505,null,null
-0.0745446,null,null,0.147136,null
0.00413111,null,null,null,0.00786524
0.982502,0.0445996,null,null,null
-0.0134231,null,-0.000213505,null,null
-0.0745446,null,null,0.147136,null
0.00413111,null,null,null,0.00786524
0.982502,0.0445996,null,null,null
-0.0134231,null,-0.000213505,null,null
-0.0745446,null,null,0.147136,null
0.00413111,null,null,null,0.00786524
0.982243,0.0470545,null,null,null
0.0179379,null,-0.063471,null,null
-0.0958115,null,null,0.13963,null
-9.62828e-06,null,null,null,0.00460843
0.982734,0.0439331,null,null,null
0.015588,null,-0.0430987,null,null
-0.147746,null,null,0.177621,null
0.00448746,null,null,null,0.00307867
0.983069,0.0410994,null,null,null
0.0828548,null,-0.0331634,null,null
-0.0980224,null,null,0.204125,null
0.00564135,null,null,null,-0.0069507
0.983202,0.038509,null,null,null
0.023637,null,-0.0597263,null,null
-0.0587558,null,null,0.184689,null
-0.000533166,null,null,null,-0.00701667
0.983006,0.0406884,null,null,null
0.0209506,null,-0.108952,null,null
-0.026886,null,null,0.178706,null
0.00585586,null,null,null,0.00422401
0.982859,0.040321,null,null,null
0.021247,null,-0.116974,null,null
-0.000634486,null,null,0.145473,null
0.000374105,null,null,null,0.00148004
0.982738,0.0421269,null,null,null
0.0302331,null,-0.126291,null,null
-0.00679556,null,null,0.166141,null
-0.000511707,null,null,null,-0.00162403
0.98251,0.04544,null,null,null
0.00845415,null,-0.138284,null,null
-0.0263479,null,null,0.16045,null
0.00937164,null,null,null,-0.00805129
0.982606,0.0434493,null,null,null
0.0379458,null,-0.134695,null,null
0.00655816,null,null,0.179375,null
0.0040677,null,null,null,-0.00648394
0.982486,0.0397776,null,null,null
0.0429758,null,-0.126045,null,null
-0.02417,null,null,0.164479,null
0.000999114,null,null,null,-0.00355325
0.982486,0.0397776,null,null,null
0.0429758,null,-0.126045,null,null
-0.02417,null,null,0.164479,null
0.000999114,null,null,null,-0.00355325
0.98272,0.041598,null,null,null
0.0556634,null,-0.135928,null,null
0.0346339,null,null,0.220222,null
0.00112038,null,null,null,-0.00494889
0.982349,0.0402264,null,null,null
0.0786099,null,-0.103214,null,null
0.0455497,null,null,0.211914,null
-0.00183506,null,null,null,0.00384447
0.982291,0.046407,null,null,null
0.064664,null,-0.12956,null,null
0.0173393,null,null,0.186707,null
-5.08204e-05,null,null,null,-0.00145099
0.982291,0.046407,null,null,null
0.064664,null,-0.12956,null,null
0.0173393,null,null,0.186707,null
-5.082e-05,null,null,null,-0.00145099
0.982291,0.046407,null,null,null
0.064664,null,-0.12956,null,null
0.0173393,null,null,0.186707,null
-5.082e-05,null,null,null,-0.00145099
0.982499,0.0445809,null,null,null
0.0325511,null,-0.143491,null,null
0.0542524,null,null,0.161075,null
0.00317987,null,null,null,0.00226049
0.983019,0.0401871,null,null,null
-0.0027798,null,-0.106266,null,null
0.0701536,null,null,0.120365,null
-0.00805719,null,null,null,-0.00101434
0.983201,0.0320304,null,null,null
0.00173592,null,-0.13275,null,null
0.0841792,null,null,0.167824,null
-0.000160154,null,null,null,-0.00256381
0.983149,0.0321803,null,null,null
0.0307399,null,-0.125252,null,null
0.090149,null,null,0.174916,null
-0.00448983,null,null,null,0.00372704
0.983149,0.0321803,null,null,null
0.0307399,null,-0.125252,null,null
0.090149,null,null,0.174916,null
-0.00448983,null,null,null,0.00372704
0.983149,0.0321803,null,null,null
0.0307399,null,-0.125252,null,null
0.090149,null,null,0.174916,null
-0.00448983,null,null,null,0.00372704
0.983401,0.0286084,null,null,null
0.0186771,null,-0.140082,null,null
0.127543,null,null,0.19203,null
-0.000319298,null,null,null,0.00391776
0.983401,0.0286084,null,null,null
0.0186771,null,-0.140082,null,null
0.127543,null,null,0.19203,null
-0.000319298,null,null,null,0.00391776
0.982831,0.035278,null,null,null
-0.00131175,null,-0.129403,null,null
0.088035,null,null,0.212364,null
-0.00498855,null,null,null,0.00138442
0.982524,0.0384451,null,null,null
-0.0537406,null,-0.139999,null,null
0.131615,null,null,0.178012,null
-0.00108462,null,null,null,-0.000139325
0.98264,0.0361579,null,null,null
-0.052905,null,-0.163977,null,null
0.100112,null,null,0.1796,null
0.00380553,null,null,null,0.000553051
0.98264,0.0361579,null,null,null
-0.052905,null,-0.163977,null,null
0.100112,null,null,0.1796,null
0.00380553,null,null,null,0.000553051
0.982912,0.0290289,null,null,null
-0.00460921,null,-0.140801,null,null
0.131234,null,null,0.119614,null
-0.00194523,null,null,null,1.47825e-05
0.982912,0.0290289,null,null,null
-0.00460921,null,-0.140801,null,null
0.131234,null,null,0.119614,null
-0.00194523,null,null,null,1.47825e-05
0.983131,0.0266091,null,null,null
-0.016924,null,-0.142962,null,null
0.093196,null,null,0.0822805,null
0.00332104,null,null,null,0.000410883
0.98327,0.0230172,null,null,null
-0.0554294,null,-0.151659,null,null
0.0581957,null,null,0.085112,null
-0.00128215,null,null,null,-0.00193319
0.983391,0.0202312,null,null,null
-0.1081,null,-0.111746,null,null
0.0802734,null,null,0.0939573,null
0.000541461,null,null,null,-0.0069561
0.983749,0.0174772,null,null,null
-0.0671526,null,-0.116086,null,null
0.103054,null,null,0.144839,null
-0.00395301,null,null,null,0.00635769
0.983226,0.0213314,null,null,null
-0.0549502,null,-0.0971611,null,null
0.108269,null,null,0.0870196,null
-0.00270014,null,null,null,-0.00212705
0.983575,0.0158592,null,null,null
-0.111456,null,-0.113171,null,null
0.145148,null,null,0.0668648,null
0.00224199,null,null,null,-0.00400794
0.983575,0.0158592,null,null,null
-0.111456,null,-0.113171,null,null
0.145148,null,null,0.0668648,null
0.00224199,null,null,null,-0.00400794
0.983522,0.0112541,null,null,null
-0.125388,null,-0.0839715,null,null
0.105735,null,null,0.0814074,null
0.00219769,null,null,null,-0.00421573
0.983671,0.00933123,null,null,null
-0.1202,null,-0.0842566,null,null
0.0935016,null,null,0.077282,null
0.0055522,null,null,null,0.00157455
0.983671,0.00933123,null,null,null
-0.1202,null,-0.0842566,null,null
0.0935016,null,null,0.077282,null
0.0055522,null,null,null,0.00157455
0.983671,0.00933123,null,null,null
-0.1202,null,-0.0842566,null,null
0.0935016,null,null,0.077282,null
0.0055522,null,null,null,0.00157455
0.983746,0.0119961,null,null,null
-0.144595,null,-0.125154,null,null
0.0702518,null,null,0.121845,null
0.003673,null,null,null,-0.00202574
0.98374,0.0108749,null,null,null
-0.0973235,null,-0.130862,null,null
0.0921964,null,null,0.0582587,null
0.00907431,null,null,null,-0.0016163
0.983984,0.0134834,null,null,null
-0.120419,null,-0.17439,null,null
0.0541662,null,null,0.0621343,null
0.00697477,null,null,null,-0.00471245
0.983984,0.0134834,null,null,null
-0.120419,null,-0.17439,null,null
0.0541662,null,null,0.0621343,null
0.00697477,null,null,null,-0.00471245
0.983984,0.0134834,null,null,null
-0.120419,null,-0.17439,null,null
0.0541662,null,null,0.0621343,null
0.00697477,null,null,null,-0.00471245
0.983275,0.0177209,null,null,null
-0.129678,null,-0.190433,null,null
0.0724984,null,null,0.121856,null
-0.000725141,null,null,null,-0.00159276
0.983093,0.0146469,null,null,null
-0.194768,null,-0.179859,null,null
0.134041,null,null,0.0759599,null
0.00478224,null,null,null,0.0021461
0.983093,0.0146469,null,null,null
-0.194768,null,-0.179859,null,null
0.134041,null,null,0.0759599,null
0.00478224,null,null,null,0.0021461
0.983006,0.0115076,null,null,null
-0.17905,null,-0.195141,null,null
0.127917,null,null,0.0521074,null
0.00182936,null,null,null,0.00219705
0.983046,0.00959521,null,null,null
-0.200264,null,-0.152635,null,null
0.13156,null,null,0.0484038,null
0.0051474,null,null,null,-0.00308476
0.983121,0.00490479,null,null,null
-0.21195,null,-0.154486,null,null
0.108804,null,null,0.0770664,null
0.0063471,null,null,null,-0.00109447
0.983329,0.00357262,null,null,null
-0.231136,null,-0.16596,null,null
0.100165,null,null,0.0933265,null
0.0137889,null,null,null,0.00523416
0.98312,-0.00143122,null,null,null
-0.253787,null,-0.18058,null,null
0.081593,null,null,0.104834,null
0.00904304,null,null,null,9.00862e-05
0.983175,0.000360779,null,null,null
-0.232701,null,-0.199483,null,null
0.123146,null,null,0.105434,null
0.00376641,null,null,null,0.0049695
0.983175,0.000360779,null,null,null
-0.232701,null,-0.199483,null,null
0.123146,null,null,0.105434,null
0.00376641,null,null,null,0.0049695
0.983106,-0.00333895,null,null,null
-0.222465,null,-0.215998,null,null
0.116322,null,null,0.0986107,null
0.00313547,null,null,null,0.00117009
0.982969,-0.00634589,null,null,null
-0.182528,null,-0.199631,null,null
0.116992,null,null,0.142365,null
0.00114067,null,null,null,-0.00499101
0.983363,-0.0106306,null,null,null
-0.168962,null,-0.229081,null,null
0.200637,null,null,0.146109,null
0.00830946,null,null,null,-0.00226772
0.983363,-0.0106306,null,null,null
-0.168962,null,-0.229081,null,null
0.200637,null,null,0.146109,null
0.00830946,null,null,null,-0.00226772
0.982989,-0.0111885,null,null,null
-0.124515,null,-0.19071,null,null
0.117174,null,null,0.167061,null
0.00809162,null,null,null,0.00015129
0.983279,-0.0104098,null,null,null
-0.115952,null,-0.201297,null,null
0.113653,null,null,0.1836,null
0.0018929,null,null,null,0.00202685
0.982755,-0.00573629,null,null,null
-0.107244,null,-0.184405,null,null
0.16353,null,null,0.147542,null
0.0020634,null,null,null,0.00123764
0.982755,-0.00573629,null,null,null
-0.107244,null,-0.184405,null,null
0.16353,null,null,0.147542,null
0.0020634,null,null,null,0.00123764
0.983197,-0.00358426,null,null,null
-0.168231,null,-0.177034,null,null
0.254964,null,null,0.167039,null
4.3489e-05,null,null,null,-5.7195e-05
0.983219,-0.000748133,null,null,null
-0.181359,null,-0.161227,null,null
0.216993,null,null,0.169788,null
0.00293437,null,null,null,-0.000405726
0.98359,-0.00156763,null,null,null
-0.105294,null,-0.164596,null,null
0.20124,null,null,0.132676,null
0.00109633,null,null,null,-0.00435631
0.983293,0.00761459,null,null,null
-0.122322,null,-0.182443,null,null
0.192025,null,null,0.123011,null
0.000726455,null,null,null,-0.00681156
0.983293,0.00761459,null,null,null
-0.122322,null,-0.182443,null,null
0.192025,null,null,0.123011,null
0.000726455,null,null,null,-0.00681156
0.983416,0.00582471,null,null,null
-0.0636376,null,-0.185265,null,null
0.22585,null,null,0.168135,null
-0.00178215,null,null,null,-0.00657287
0.983396,0.00694379,null,null,null
-0.0668217,null,-0.148289,null,null
0.255696,null,null,0.148425,null
0.000465641,null,null,null,-0.00222806
0.98341,0.014855,null,null,null
-0.122239,null,-0.160545,null,null
0.241335,null,null,0.144116,null
-0.00117219,null,null,null,-0.00153624
0.98341,0.014855,null,null,null
-0.122239,null,-0.160545,null,null
0.241335,null,null,0.144116,null
-0.00117219,null,null,null,-0.00153624
0.983383,0.0114836,null,null,null
-0.0975096,null,-0.190913,null,null
0.202239,null,null,0.118275,null
0.00144096,null,null,null,0.00113344
0.983383,0.0114836,null,null,null
-0.0975096,null,-0.190913,null,null
0.202239,null,null,0.118275,null
0.00144096,null,null,null,0.00113344
0.983584,0.00773087,null,null,null
-0.0971991,null,-0.142156,null,null
0.210495,null,null,0.123753,null
-0.00282713,null,null,null,0.00382848
0.983584,0.00773087,null,null,null
-0.0971991,null,-0.142156,null,null
0.210495,null,null,0.123753,null
-0.00282713,null,null,null,0.00382848
0.983584,0.00773087,null,null,null
-0.0971991,null,-0.142156,null,null
0.210495,null,null,0.123753,null
-0.00282713,null,null,null,0.00382848
0.983584,0.00773087,null,null,null
-0.0971991,null,-0.142156,null,null
0.210495,null,null,0.123753,null
-0.00282713,null,null,null,0.00382848
0.983563,0.00605187,null,null,null
-0.0945216,null,-0.140251,null,null
0.222801,null,null,0.106026,null
-0.00266052,null,null,null,-0.00108875
0.983478,0.00235127,null,null,null
-0.0864991,null,-0.115974,null,null
0.155528,null,null,0.104648,null
0.00131425,null,null,null,-0.00308955
0.983648,-0.00632094,null,null,null
-0.0858335,null,-0.0716514,null,null
0.207059,null,null,0.0816999,null
0.00487245,null,null,null,0.000796506
0.983648,-0.00632094,null,null,null
-0.0858335,null,-0.0716514,null,null
0.207059,null,null,0.0816999,null
0.00487245,null,null,null,0.000796506
0.983505,-0.00631334,null,null,null
-0.0994243,null,-0.121469,null,null
0.17253,null,null,0.108506,null
-0.00271699,null,null,null,-0.00444051
0.983209,-0.0099647,null,null,null
-0.116046,null,-0.139962,null,null
0.212014,null,null,0.158413,null
-0.000216709,null,null,null,-0.00705391
0.983164,-0.0129477,null,null,null
-0.110726,null,-0.15508,null,null
0.202591,null,null,0.148701,null
-0.00413871,null,null,null,-0.000919779
0.983211,-0.00816131,null,null,null
-0.0981323,null,-0.154681,null,null
0.180314,null,null,0.157284,null
0.00717599,null,null,null,0.0015292
0.983249,-0.0071151,null,null,null
-0.112182,null,-0.166066,null,null
0.18165,null,null,0.167536,null
0.0050264,null,null,null,-0.00388036
0.983161,-0.00593432,null,null,null
-0.0548129,null,-0.156879,null,null
0.226772,null,null,0.150804,null
0.00240923,null,null,null,-0.00325605
0.983402,-5.45411e-05,null,null,null
-0.0188625,null,-0.15642,null,null
0.221671,null,null,0.147932,null
0.00636974,null,null,null,0.00238189
0.983402,-5.45411e-05,null,null,null
-0.0188625,null,-0.15642,null,null
0.221671,null,null,0.147932,null
0.00636974,null,null,null,0.00238189
0.983402,-5.45411e-05,null,null,null
-0.0188625,null,-0.15642,null,null
0.221671,null,null,0.147932,null
0.00636974,null,null,null,0.00238189
0.982997,-0.00382553,null,null,null
-0.033679,null,-0.180761,null,null
0.258305,null,null,0.158858,null
-0.00263223,null,null,null,0.00232032
0.983568,-0.00617077,null,null,null
-0.0476256,null,-0.131928,null,null
0.278296,null,null,0.133761,null
-0.000331004,null,null,null,0.00449554
0.983961,-0.00227304,null,null,null
-0.055011,null,-0.138924,null,null
0.190981,null,null,0.0890232,null
-0.0055734,null,null,null,0.00157509
0.98359,-5.90375e-05,null,null,null
-0.0852884,null,-0.12576,null,null
0.263101,null,null,0.139734,null
0.00633268,null,null,null,0.00262421
0.983516,-0.00357875,null,null,null
-0.0787509,null,-0.0792641,null,null
0.224277,null,null,0.0980639,null
-0.000376954,null,null,null,-0.00124998
0.983414,-0.00739814,null,null,null
-0.110164,null,-0.100422,null,null
0.225024,null,null,0.0778313,null
-0.00222982,null,null,null,-0.00183946
0.983452,-0.00670957,null,null,null
-0.126971,null,-0.117716,null,null
0.18131,null,null,0.0686257,null
-0.0048923,null,null,null,0.00275134
0.983365,-0.00459155,null,null,null
-0.126916,null,-0.135411,null,null
0.193106,null,null,0.0977434,null
-0.00346192,null,null,null,0.00236891
0.983258,-0.00268166,null,null,null
-0.116586,null,-0.192471,null,null
0.215406,null,null,0.096011,null
0.00194036,null,null,null,-0.00231603
0.983217,0.000547353,null,null,null
-0.134596,null,-0.220136,null,null
0.235651,null,null,0.0780895,null
0.00188289,null,null,null,0.00327454
0.983112,0.00633294,null,null,null
-0.0883314,null,-0.234981,null,null
0.188422,null,null,0.058438,null
-0.0103157,null,null,null,0.00356301
0.983278,0.00828534,null,null,null
-0.0492655,null,-0.288011,null,null
0.186795,null,null,0.0738136,null
-0.000999989,null,null,null,-0.00203272
0.983266,0.00730245,null,null,null
-0.0435416,null,-0.274969,null,null
0.195672,null,null,0.0715048,null
-0.00115368,null,null,null,-0.00148989
0.983266,0.00730245,null,null,null
-0.0435416,null,-0.274969,null,null
0.195672,null,null,0.0715048,null
-0.00115368,null,null,null,-0.00148989
0.983266,0.00730245,null,null,null
-0.0435416,null,-0.274969,null,null
0.195672,null,null,0.0715048,null
-0.00115368,null,null,null,-0.00148989
0.983266,0.00730245,null,null,null
-0.0435416,null,-0.274969,null,null
0.195672,null,null,0.0715048,null
-0.00115368,null,null,null,-0.00148989
0.983266,0.00730245,null,null,null
-0.0435416,null,-0.274969,null,null
0.195672,null,null,0.0715048,null
-0.00115368,null,null,null,-0.00148989
0.983266,0.00730245,null,null,null
-0.0435416,null,-0.274969,null,null
0.195672,null,null,0.0715048,null
-0.00115368,null,null,null,-0.00148989
0.983266,0.00730245,null,null,null
-0.0435416,null,-0.274969,null,null
0.195672,null,null,0.0715048,null
-0.00115368,null,null,null,-0.00148989
0.983351,6.0555e-05,null,null,null
-0.0620983,null,-0.255721,null,null
0.236744,null,null,0.10821,null
-0.00271083,null,null,null,0.00828486
0.983664,0.000491897,null,null,null
-0.0375106,null,-0.235594,null,null
0.205839,null,null,0.147745,null
-0.00121082,null,null,null,0.00456047
0.983871,0.00174375,null,null,null
-0.0686665,null,-0.257292,null,null
0.242679,null,null,0.119599,null
0.00311262,null,null,null,0.00303396
0.983865,0.00595437,null,null,null
-0.102521,null,-0.18713,null,null
0.279768,null,null,0.079773,null
0.000974157,null,null,null,-0.00435305
0.983674,0.00782604,null,null,null
-0.0471394,null,-0.220204,null,null
0.272174,null,null,0.0432835,null
0.0005768,null,null,null,0.00270389
0.983256,0.0101401,null,null,null
-0.0460536,null,-0.189576,null,null
0.296305,null,null,0.0592141,null
0.00132064,null,null,null,0.00524025
0.9831,0.00762752,null,null,null
-0.039298,null,-0.223908,null,null
0.291304,null,null,0.0943789,null
-0.00083346,null,null,null,0.000735491
0.98318,0.0118744,null,null,null
-0.0562864,null,-0.241571,null,null
0.304658,null,null,0.0651713,null
0.002834,null,null,null,0.00103532
0.983486,0.0102806,null,null,null
-0.0825014,null,-0.245654,null,null
0.3047,null,null,0.0560124,null
-0.00042626,null,null,null,-0.00228635
0.983291,0.00784679,null,null,null
-0.0773782,null,-0.220213,null,null
0.307901,null,null,0.0484691,null
-0.000405836,null,null,null,-0.000810648
0.983291,0.00784679,null,null,null
-0.0773782,null,-0.220213,null,null
0.307901,null,null,0.0484691,null
-0.000405836,null,null,null,-0.000810648
0.982919,0.0030514,null,null,null
-0.115568,null,-0.20275,null,null
0.304078,null,null,0.0645599,null
-0.000901685,null,null,null,-0.00055629
0.983298,0.00601415,null,null,null
-0.128534,null,-0.210044,null,null
0.265851,null,null,0.036014,null
-0.00530103,null,null,null,-0.00667955
0.983365,0.00171633,null,null,null
-0.13105,null,-0.203579,null,null
0.271639,null,null,0.00684394,null
0.00400436,null,null,null,-0.00955045
0.983365,0.00171633,null,null,null
-0.13105,null,-0.203579,null,null
0.271639,null,null,0.00684394,null
0.00400436,null,null,null,-0.00955045
0.983516,0.00256655,null,null,null
-0.125881,null,-0.162635,null,null
0.322404,null,null,0.084989,null
-0.00406536,null,null,null,-0.00339321
0.983516,0.00256655,null,null,null
-0.125881,null,-0.162635,null,null
0.322404,null,null,0.084989,null
-0.00406536,null,null,null,-0.00339321
0.983516,0.00256655,null,null,null
-0.125881,null,-0.162635,null,null
0.322404,null,null,0.084989,null
-0.00406536,null,null,null,-0.00339321
0.983189,0.00138509,null,null,null
-0.0786593,null,-0.231239,null,null
0.307496,null,null,0.0588311,null
-0.00701306,null,null,null,-0.0044913
0.983622,0.00319156,null,null,null
-0.0816181,null,-0.217715,null,null
0.301371,null,null,-0.027462,null
-0.00389731,null,null,null,-0.00302721
0.983594,0.00305594,null,null,null
-0.112662,null,-0.168327,null,null
0.224116,null,null,-0.0245545,null
-0.00158883,null,null,null,0.00041862
0.983594,0.00305594,null,null,null
-0.112662,null,-0.168327,null,null
0.224116,null,null,-0.0245545,null
-0.00158883,null,null,null,0.00041862
0.983594,0.00305594,null,null,null
-0.112662,null,-0.168327,null,null
0.224116,null,null,-0.0245545,null
-0.00158883,null,null,null,0.00041862
0.983805,-0.00200956,null,null,null
-0.134584,null,-0.150347,null,null
0.211834,null,null,0.0205456,null
-0.00389149,null,null,null,-0.00294356
0.983619,0.0029384,null,null,null
-0.139253,null,-0.141621,null,null
0.213218,null,null,0.0114755,null
-0.0012675,null,null,null,-0.0112336
0.983619,0.0029384,null,null,null
-0.139253,null,-0.141621,null,null
0.213218,null,null,0.0114755,null
-0.0012675,null,null,null,-0.0112336
0.98386,0.00250584,null,null,null
-0.0764366,null,-0.112404,null,null
0.243084,null,null,0.0241675,null
0.00397204,null,null,null,-0.0046385
0.983795,0.0029605,null,null,null
-0.0812838,null,-0.113966,null,null
0.225938,null,null,0.116393,null
-0.0060319,null,null,null,-0.0032995
0.983788,0.00441745,null,null,null
-0.0919443,null,-0.105278,null,null
0.235344,null,null,0.0982175,null
-0.00565291,null,null,null,-0.00426758
0.983849,0.0032407,null,null,null
-0.0809734,null,-0.0593986,null,null
0.262881,null,null,0.109457,null
-0.00154039,null,null,null,0.00480503
0.983865,-0.00437744,null,null,null
-0.0186047,null,-0.0691359,null,null
0.243209,null,null,0.0693312,null
-0.00188244,null,null,null,-0.00441283
0.983884,-0.00506133,null,null,null
-0.0306368,null,-0.0894937,null,null
0.269736,null,null,0.0649424,null
-0.00084159,null,null,null,-0.00275464
0.98376,-0.00467215,null,null,null
-0.0446899,null,-0.111652,null,null
0.272679,null,null,0.101536,null
0.0120226,null,null,null,-0.00192263
0.983454,-0.0114613,null,null,null
-0.063118,null,-0.0563673,null,null
0.246359,null,null,0.0776525,null
-0.000922776,null,null,null,-0.00207597
0.983603,-0.00721622,null,null,null
-0.0896737,null,-0.119051,null,null
0.247571,null,null,0.155584,null
-0.00372334,null,null,null,-0.00450889
0.983603,-0.00721622,null,null,null
-0.0896737,null,-0.119051,null,null
0.247571,null,null,0.155584,null
-0.00372334,null,null,null,-0.00450889
0.983584,-0.00099032,null,null,null
-0.0718426,null,-0.0888239,null,null
0.28186,null,null,0.145691,null
-0.000300023,null,null,null,0.00360044
0.983639,0.000660515,null,null,null
-0.0906169,null,-0.0770648,null,null
0.301769,null,null,0.163931,null
0.000752371,null,null,null,-0.00042412
0.983639,0.000660515,null,null,null
-0.0906169,null,-0.0770648,null,null
0.301769,null,null,0.163931,null
0.000752371,null,null,null,-0.00042412
0.983639,0.000660515,null,null,null
-0.0906169,null,-0.0770648,null,null
0.301769,null,null,0.163931,null
0.000752371,null,null,null,-0.00042412
0.98361,0.00496419,null,null,null
-0.093519,null,-0.026579,null,null
0.321961,null,null,0.194821,null
-0.00627076,null,null,null,-0.0062368
0.98361,0.00496419,null,null,null
-0.093519,null,-0.026579,null,null
0.321961,null,null,0.194821,null
-0.00627076,null,null,null,-0.0062368
0.983688,0.0047271,null,null,null
-0.0802399,null,0.0345075,null,null
0.373359,null,null,0.147899,null
-0.00207559,null,null,null,0.00382621
0.983487,-0.00269801,null,null,null
-0.0775501,null,0.00493585,null,null
0.320609,null,null,0.088685,null
-0.000355711,null,null,null,0.00582145
0.983487,-0.00269801,null,null,null
-0.0775501,null,0.00493585,null,null
0.320609,null,null,0.088685,null
-0.000355711,null,null,null,0.00582145
0.983876,-0.00302123,null,null,null
-0.113159,null,0.0494933,null,null
0.375872,null,null,0.085713,null
-0.00080802,null,null,null,2.66745e-05
0.983711,-0.00477369,null,null,null
-0.124228,null,0.0629393,null,null
0.315547,null,null,0.0604917,null
0.00464134,null,null,null,-0.00718621
0.98373,-0.0039783,null,null,null
-0.148104,null,0.0156746,null,null
0.303206,null,null,0.0566075,null
-0.00434235,null,null,null,-0.0005902
0.983929,-0.00378739,null,null,null
-0.08616,null,-0.0470304,null,null
0.302243,null,null,0.0611009,null
0.00184855,null,null,null,-0.00153911
0.984012,-0.00246333,null,null,null
-0.0760916,null,-0.055731,null,null
0.30058,null,null,0.0796276,null
-0.00619284,null,null,null,0.00553814
0.984012,-0.00246333,null,null,null
-0.0760916,null,-0.055731,null,null
0.30058,null,null,0.0796276,null
-0.00619284,null,null,null,0.00553814
0.983815,0.0015681,null,null,null
-0.0936091,null,-0.0654804,null,null
0.337621,null,null,0.032207,null
1.06454e-05,null,null,null,-0.00323888
0.983569,-0.00304899,null,null,null
-0.0916809,null,-0.0152619,null,null
0.333385,null,null,0.00989441,null
0.00492015,null,null,null,0.000498809
0.98352,-0.00220928,null,null,null
-0.128141,null,-0.0181254,null,null
0.335139,null,null,0.0723185,null
0.0036556,null,null,null,0.0025311
0.983786,1.29646e-05,null,null,null
-0.102658,null,-0.0358686,null,null
0.328251,null,null,0.13693,null
0.00857231,null,null,null,-0.00213286
0.983786,1.29646e-05,null,null,null
-0.102658,null,-0.0358686,null,null
0.328251,null,null,0.13693,null
0.00857231,null,null,null,-0.00213286
0.983456,-0.00172258,null,null,null
-0.10176,null,-0.0187667,null,null
0.351404,null,null,0.134667,null
0.00106199,null,null,null,-0.00174196
0.983235,-0.00581125,null,null,null
-0.133175,null,-0.0845034,null,null
0.341413,null,null,0.172208,null
0.00326687,null,null,null,-0.00441787
0.983235,-0.00581125,null,null,null
-0.133175,null,-0.0845034,null,null
0.341413,null,null,0.172208,null
0.00326687,null,null,null,-0.00441787
0.983266,-0.00490279,null,null,null
-0.110053,null,-0.0395279,null,null
0.30678,null,null,0.166019,null
0.00216512,null,null,null,-0.0026783
0.983266,-0.00490279,null,null,null
-0.110053,null,-0.0395279,null,null
0.30678,null,null,0.166019,null
0.00216512,null,null,null,-0.0026783
0.983266,-0.00490279,null,null,null
-0.110053,null,-0.0395279,null,null
0.30678,null,null,0.166019,null
0.00216512,null,null,null,-0.0026783
0.983061,-0.000533458,null,null,null
-0.132116,null,-0.00827411,null,null
0.311006,null,null,0.182067,null
0.00659263,null,null,null,0.00239575
0.983187,0.00203574,null,null,null
-0.1033,null,-0.0918005,null,null
0.26723,null,null,0.140118,null
0.00989089,null,null,null,0.00754464
0.983387,0.00802245,null,null,null
-0.0583486,null,-0.0728379,null,null
0.272263,null,null,0.17749,null
0.00486928,null,null,null,-0.00277749
0.983255,0.00693636,null,null,null
-0.0977099,null,-0.0250839,null,null
0.271766,null,null,0.144226,null
0.00719933,null,null,null,-0.000836646
0.983145,0.00276657,null,null,null
-0.093544,null,-0.0517466,null,null
0.273941,null,null,0.114766,null
0.00997474,null,null,null,8.17645e-05
0.983404,0.00375268,null,null,null
-0.0557716,null,-0.0884084,null,null
0.28682,null,null,0.128171,null
0.000798584,null,null,null,0.0038862
0.982989,0.00513457,null,null,null
-0.0698775,null,-0.162318,null,null
0.306206,null,null,0.134662,null
-0.00520471,null,null,null,0.00782731
0.982866,0.00327346,null,null,null
-0.0761605,null,-0.0818689,null,null
0.354481,null,null,0.123476,null
0.00431315,null,null,null,-0.00144345
0.983481,0.00132226,null,null,null
-0.0277236,null,-0.0887569,null,null
0.34363,null,null,0.143638,null
0.000552611,null,null,null,0.000475053
0.98353,-0.00134193,null,null,null
-0.0200181,null,-0.0735207,null,null
0.291386,null,null,0.118813,null
0.00271824,null,null,null,-0.00200397
0.983322,-0.00550422,null,null,null
-0.0663774,null,-0.083607,null,null
0.291244,null,null,0.13698,null
-0.00783769,null,null,null,0.00273794
0.983433,-0.00647717,null,null,null
-0.0694252,null,-0.0728406,null,null
0.348459,null,null,0.0997766,null
-0.00382453,null,null,null,-8.54006e-05
0.983452,-0.00499541,null,null,null
-0.0267476,null,-0.0639666,null,null
0.32882,null,null,0.054081,null
-0.0115225,null,null,null,-0.00701846
0.983452,-0.00499541,null,null,null
-0.0267476,null,-0.0639666,null,null
0.32882,null,null,0.054081,null
-0.0115225,null,null,null,-0.00701846
0.983485,0.000692284,null,null,null
-0.0223164,null,-0.0920349,null,null
0.330989,null,null,0.0120021,null
-0.00265998,null,null,null,0.00304161
0.983187,0.002828,null,null,null
-0.0154711,null,-0.133112,null,null
0.347288,null,null,0.0428316,null
-0.000653814,null,null,null,-0.00654649
0.983094,-0.000549809,null,null,null
-0.0353924,null,-0.112512,null,null
0.349228,null,null,0.00203846,null
-0.00334593,null,null,null,-0.000428186
0.983076,0.000133333,null,null,null
-0.0132901,null,-0.119963,null,null
0.299252,null,null,-0.0186275,null
-0.00393061,null,null,null,-0.00312992
0.983076,0.000133333,null,null,null
-0.0132901,null,-0.119963,null,null
0.299252,null,null,-0.0186275,null
-0.00393061,null,null,null,-0.00312992
0.983164,-0.00420316,null,null,null
0.0119653,null,-0.13003,null,null
0.308566,null,null,-0.0230744,null
0.00322999,null,null,null,0.00396862
0.98274,-0.010425,null,null,null
-0.00139189,null,-0.14191,null,null
0.281927,null,null,-0.0348896,null
0.00677384,null,null,null,-0.00322109
0.98337,-0.0035955,null,null,null
0.0136011,null,-0.105562,null,null
0.308298,null,null,-0.0376589,null
0.00409854,null,null,null,-0.00444905
0.98337,-0.0035955,null,null,null
0.0136011,null,-0.105562,null,null
0.308298,null,null,-0.0376589,null
0.00409854,null,null,null,-0.00444905
0.98337,-0.0035955,null,null,null
0.0136011,null,-0.105562,null,null
0.308298,null,null,-0.0376589,null
0.00409854,null,null,null,-0.00444905
0.983355,-0.00329455,null,null,null
-0.0103,null,-0.109974,null,null
0.262373,null,null,-0.0775663,null
-0.00094418,null,null,null,-0.00226814
0.983355,-0.00329455,null,null,null
-0.0103,null,-0.109974,null,null
0.262373,null,null,-0.0775663,null
-0.00094418,null,null,null,-0.00226814
0.983386,0.00117935,null,null,null
0.0153448,null,-0.0910273,null,null
0.284584,null,null,-0.0893481,null
0.00984563,null,null,null,-0.00733496
0.983873,0.00229301,null,null,null
0.0323553,null,-0.117239,null,null
0.277597,null,null,-0.0892385,null
0.00472316,null,null,null,0.00492931
0.983856,0.000963077,null,null,null
0.0287852,null,-0.178855,null,null
0.280952,null,null,-0.125749,null
0.00692992,null,null,null,-0.0059227
0.98393,-0.00602959,null,null,null
0.0531584,null,-0.159964,null,null
0.305493,null,null,-0.140407,null
0.00357664,null,null,null,-0.00205368
0.983656,-0.00939665,null,null,null
0.0461242,null,-0.240739,null,null
0.279785,null,null,-0.141099,null
0.00303032,null,null,null,0.00265844
0.983656,-0.00939665,null,null,null
0.0461242,null,-0.240739,null,null
0.279785,null,null,-0.141099,null
0.00303032,null,null,null,0.00265844
0.983656,-0.00939665,null,null,null
0.0461242,null,-0.240739,null,null
0.279785,null,null,-0.141099,null
0.00303032,null,null,null,0.00265844
0.983656,-0.00939665,null,null,null
0.0461242,null,-0.240739,null,null
0.279785,null,null,-0.141099,null
0.00303032,null,null,null,0.00265844
0.983688,-0.0142503,null,null,null
0.0596484,null,-0.21742,null,null
0.315425,null,null,-0.116502,null
0.00385301,null,null,null,-0.000565115
0.983345,-0.0209335,null,null,null
0.0645591,null,-0.0924694,null,null
0.289011,null,null,-0.0922429,null
-0.00995587,null,null,null,0.002836
0.983348,-0.0157301,null,null,null
0.0240311,null,-0.163252,null,null
0.296505,null,null,-0.125164,null
-0.00693795,null,null,null,0.00714932
0.983305,-0.0158314,null,null,null
0.0684326,null,-0.148499,null,null
0.310654,null,null,-0.128499,null
-0.00958061,null,null,null,0.00470449
0.983548,-0.0106447,null,null,null
0.0201935,null,-0.153205,null,null
0.298869,null,null,-0.0836217,null
-0.0130922,null,null,null,0.000105815
0.983208,-0.0206677,null,null,null
0.0489477,null,-0.151042,null,null
0.266041,null,null,-0.0976939,null
-0.00107588,null,null,null,0.00161655
0.983306,-0.022025,null,null,null
0.0556553,null,-0.10523,null,null
0.278304,null,null,-0.0865125,null
0.00546904,null,null,null,-0.00286584
0.983306,-0.022025,null,null,null
0.0556553,null,-0.10523,null,null
0.278304,null,null,-0.0865125,null
0.00546904,null,null,null,-0.00286584
0.982938,-0.0259177,null,null,null
0.0622373,null,-0.107077,null,null
0.3116,null,null,-0.104202,null
0.00366709,null,null,null,0.00292309
0.982927,-0.0231198,null,null,null
0.0876034,null,-0.110396,null,null
0.288633,null,null,-0.0722444,null
5.51035e-05,null,null,null,-0.00360534
0.982714,-0.0289844,null,null,null
0.0535964,null,-0.135009,null,null
0.310726,null,null,-0.0984049,null
0.00622565,null,null,null,0.000488294
0.982821,-0.0306264,null,null,null
0.0751381,null,-0.106859,null,null
0.359064,null,null,-0.0508204,null
0.00292231,null,null,null,-0.000772724
0.982821,-0.0306264,null,null,null
0.0751381,null,-0.106859,null,null
0.359064,null,null,-0.0508204,null
0.00292231,null,null,null,-0.000772724
0.98299,-0.0251675,null,null,null
0.0674749,null,-0.120185,null,null
0.367159,null,null,-0.0469086,null
0.000557355,null,null,null,-0.00422901
0.98299,-0.0251675,null,null,null
0.0674749,null,-0.120185,null,null
0.367159,null,null,-0.0469086,null
0.000557355,null,null,null,-0.00422901
0.982886,-0.0261949,null,null,null
0.0694389,null,-0.134164,null,null
0.370513,null,null,-0.0426984,null
-0.00092372,null,null,null,-0.000741607
0.982886,-0.0261949,null,null,null
0.0694389,null,-0.134164,null,null
0.370513,null,null,-0.0426984,null
-0.00092372,null,null,null,-0.000741607
0.982886,-0.0261949,null,null,null
0.0694389,null,-0.134164,null,null
0.370513,null,null,-0.0426984,null
-0.00092372,null,null,null,-0.000741607
0.98287,-0.0294217,null,null,null
0.0399471,null,-0.157604,null,null
0.334697,null,null,-0.0660561,null
0.00193622,null,null,null,0.00233652
0.98287,-0.0294217,null,null,null
0.0399471,null,-0.157604,null,null
0.334697,null,null,-0.0660561,null
0.00193622,null,null,null,0.00233652
0.982901,-0.024291,null,null,null
0.081758,null,-0.125846,null,null
0.33806,null,null,-0.0401659,null
-0.00244356,null,null,null,0.0115247
0.982926,-0.0167496,null,null,null
0.0521457,null,-0.162598,null,null
0.3439,null,null,-0.00679545,null
-0.00063687,null,null,null,0.00862127
0.983495,-0.0151741,null,null,null
0.0881089,null,-0.15812,null,null
0.350137,null,null,0.0406642,null
0.00280964,null,null,null,-0.000935301
0.983495,-0.0151741,null,null,null
0.0881089,null,-0.15812,null,null
0.350137,null,null,0.0406642,null
0.00280964,null,null,null,-0.000935301
0.983056,-0.0183641,null,null,null
0.0477215,null,-0.172836,null,null
0.356992,null,null,0.0779779,null
0.00339377,null,null,null,-0.000865796
0.98363,-0.0122331,null,null,null
0.0341695,null,-0.240932,null,null
0.34136,null,null,0.0780315,null
-0.00158754,null,null,null,0.0119645
0.983481,-0.0065442,null,null,null
0.00500481,null,-0.26684,null,null
0.376251,null,null,0.0331964,null
0.0030961,null,null,null,0.00790141
