MDTU,plaq,Re(det),Im(det),link
1,0.564131,0.0779117,0.0297412,0.0552033
2,0.567477,0.0747928,0.027855,0.0555918
3,0.568146,0.0736186,0.0276047,0.055556
4,0.55457,0.070807,0.0270846,0.0543153
5,0.552537,0.0709995,0.027289,0.0540144
6,0.552537,0.0709995,0.027289,0.0540144
7,0.547756,0.0732743,0.0282489,0.0535102
8,0.562516,0.0761259,0.0286015,0.0552531
9,0.544173,0.0749355,0.0290603,0.0534706
10,0.567924,0.0829187,0.0309217,0.0556622
11,0.588372,0.0892887,0.0319676,0.0573739
12,0.558751,0.0818297,0.0312254,0.0541555
13,0.561543,0.0859294,0.0324226,0.054727
14,0.547664,0.0810675,0.031413,0.0534938
15,0.577572,0.0916116,0.0338739,0.0567005
16,0.608635,0.10717,0.037862,0.0599242
17,0.58374,0.0995084,0.0361538,0.0576454
18,0.59901,0.104775,0.0375586,0.0584294
19,0.552769,0.0912052,0.0353354,0.0537593
20,0.559599,0.0912954,0.0347177,0.0543822
21,0.559599,0.0912954,0.0347177,0.0543822
22,0.535173,0.0869252,0.035348,0.0517735
23,0.535173,0.0869252,0.035348,0.0517735
24,0.535173,0.0869252,0.035348,0.0517735
25,0.535173,0.0869252,0.035348,0.0517735
26,0.535173,0.0869252,0.035348,0.0517735
27,0.541351,0.0896228,0.0352241,0.0522966
28,0.541351,0.0896228,0.0352241,0.0522966
29,0.541351,0.0896228,0.0352241,0.0522966
30,0.541351,0.0896228,0.0352241,0.0522966
31,0.563319,0.0984943,0.0374839,0.0549455
32,0.563319,0.0984943,0.0374839,0.0549455
33,0.543098,0.0942125,0.0373366,0.0533535
34,0.514472,0.0838602,0.0352777,0.0506656
35,0.529016,0.0924343,0.0376152,0.052122
36,0.533052,0.0905533,0.0368725,0.0528183
37,0.533052,0.0905533,0.0368725,0.0528183
38,0.533052,0.0905533,0.0368725,0.0528183
39,0.541523,0.0989049,0.0390817,0.0534917
40,0.53243,0.0959881,0.0383047,0.0531223
41,0.518452,0.0909883,0.0376877,0.0520339
42,0.521008,0.0973941,0.0402826,0.0524355
43,0.521008,0.0973941,0.0402826,0.0524355
44,0.521008,0.0973941,0.0402826,0.0524355
45,0.504884,0.0934256,0.0402758,0.0513403
46,0.504884,0.0934256,0.0402758,0.0513403
47,0.504884,0.0934256,0.0402758,0.0513403
48,0.485072,0.0914865,0.0408217,0.0488487
49,0.502332,0.0977487,0.0426056,0.0509685
50,0.502332,0.0977487,0.0426056,0.0509685
51,0.526702,0.10758,0.0444546,0.0526185
52,0.534367,0.113427,0.0463498,0.0539125
53,0.534367,0.113427,0.0463498,0.0539125
54,0.534367,0.113427,0.0463498,0.0539125
55,0.534367,0.113427,0.0463498,0.0539125
56,0.516743,0.105713,0.0442245,0.053086
57,0.557623,0.128993,0.0506965,0.0576222
58,0.548566,0.125932,0.050551,0.056252
59,0.563148,0.129344,0.0506067,0.0579532
60,0.586158,0.137832,0.0524508,0.0606701
61,0.586158,0.137832,0.0524508,0.0606701
62,0.563173,0.130237,0.0503729,0.0576846
63,0.563173,0.130237,0.0503729,0.0576846
64,0.547801,0.123307,0.0497998,0.0565867
65,0.547801,0.123307,0.0497998,0.0565867
66,0.547801,0.123307,0.0497998,0.0565867
67,0.547801,0.123307,0.0497998,0.0565867
68,0.544365,0.127476,0.0513544,0.0553756
69,0.544365,0.127476,0.0513544,0.0553756
70,0.544365,0.127476,0.0513544,0.0553756
71,0.529954,0.125507,0.0511645,0.0536158
72,0.529954,0.125507,0.0511645,0.0536158
73,0.512039,0.119719,0.0505464,0.0514936
74,0.49771,0.114421,0.0505576,0.0497714
75,0.500831,0.118452,0.0522418,0.0498592
76,0.500831,0.118452,0.0522418,0.0498592
77,0.500831,0.118452,0.0522418,0.0498592
78,0.500831,0.118452,0.0522418,0.0498592
79,0.480749,0.11382,0.0522497,0.0473338
80,0.506689,0.122706,0.0536915,0.0502119
81,0.506689,0.122706,0.0536915,0.0502119
82,0.506689,0.122706,0.0536915,0.0502119
83,0.504606,0.127964,0.0549042,0.0502965
84,0.49481,0.124105,0.0544555,0.0499776
85,0.537762,0.141102,0.0571253,0.0542822
86,0.537762,0.141102,0.0571253,0.0542822
87,0.520233,0.138805,0.0578145,0.0516894
88,0.523766,0.140475,0.0585692,0.0518006
89,0.504039,0.129741,0.0566556,0.0499467
90,0.504039,0.129741,0.0566556,0.0499467
91,0.496824,0.130427,0.0575664,0.049113
92,0.496824,0.130427,0.0575664,0.049113
93,0.475142,0.122307,0.0570449,0.0466666
94,0.475142,0.122307,0.0570449,0.0466666
95,0.475142,0.122307,0.0570449,0.0466666
96,0.475142,0.122307,0.0570449,0.0466666
97,0.480519,0.123401,0.0569838,0.04752
98,0.480519,0.123401,0.0569838,0.04752
99,0.453174,0.114327,0.0555911,0.045199
100,0.462078,0.119208,0.0567298,0.0464962
101,0.462078,0.119208,0.0567298,0.0464962
102,0.462078,0.119208,0.0567298,0.0464962
103,0.447842,0.115751,0.0572942,0.0457286
104,0.452544,0.120758,0.0589489,0.0458462
105,0.452544,0.120758,0.0589489,0.0458462
106,0.432888,0.113486,0.0578007,0.0445522
107,0.444772,0.11812,0.0594726,0.0454539
108,0.444772,0.11812,0.0594726,0.0454539
109,0.448429,0.120743,0.0594247,0.0465102
110,0.45378,0.123661,0.06018,0.0476623
111,0.45194,0.124838,0.0608997,0.0469265
112,0.45194,0.124838,0.0608997,0.0469265
113,0.449291,0.126398,0.0629746,0.0473279
114,0.456984,0.129406,0.0626772,0.047584
115,0.468042,0.140005,0.0663922,0.0486763
116,0.468042,0.140005,0.0663922,0.0486763
117,0.468042,0.140005,0.0663922,0.0486763
118,0.444643,0.134933,0.0668094,0.0460292
119,0.407869,0.120765,0.0651065,0.043708
120,0.426124,0.130007,0.0672643,0.0448341
121,0.426124,0.130007,0.0672643,0.0448341
122,0.421589,0.130907,0.0688585,0.0443673
123,0.421589,0.130907,0.0688585,0.0443673
124,0.447293,0.143106,0.0713989,0.0472742
125,0.447293,0.143106,0.0713989,0.0472742
126,0.432317,0.138727,0.0707157,0.0449162
127,0.432469,0.134507,0.0693886,0.0447293
128,0.432469,0.134507,0.0693886,0.0447293
129,0.432469,0.134507,0.0693886,0.0447293
130,0.432469,0.134507,0.0693886,0.0447293
131,0.432469,0.134507,0.0693886,0.0447293
132,0.427103,0.133925,0.070759,0.0442685
133,0.447853,0.149432,0.0745677,0.0459734
134,0.447853,0.149432,0.0745677,0.0459734
135,0.450997,0.149489,0.0737675,0.045813
136,0.450997,0.149489,0.0737675,0.045813
137,0.450997,0.149489,0.0737675,0.045813
138,0.450997,0.149489,0.0737675,0.045813
139,0.450997,0.149489,0.0737675,0.045813
140,0.431285,0.146585,0.0752948,0.0438098
141,0.431285,0.146585,0.0752948,0.0438098
142,0.415389,0.13999,0.0760859,0.0422224
143,0.415389,0.13999,0.0760859,0.0422224
144,0.415389,0.13999,0.0760859,0.0422224
145,0.415389,0.13999,0.0760859,0.0422224
146,0.418183,0.144162,0.0772239,0.0426688
147,0.408059,0.137266,0.0743938,0.042443
148,0.408059,0.137266,0.0743938,0.042443
149,0.408059,0.137266,0.0743938,0.042443
150,0.408059,0.137266,0.0743938,0.042443
151,0.385548,0.130184,0.0757517,0.0402151
152,0.385548,0.130184,0.0757517,0.0402151
153,0.385548,0.130184,0.0757517,0.0402151
154,0.385548,0.130184,0.0757517,0.0402151
155,0.385548,0.130184,0.0757517,0.0402151
156,0.381838,0.130519,0.0753578,0.0404098
157,0.381838,0.130519,0.0753578,0.0404098
158,0.371413,0.123283,0.0722305,0.0406845
159,0.371413,0.123283,0.0722305,0.0406845
160,0.413928,0.144024,0.0768346,0.0446549
161,0.413928,0.144024,0.0768346,0.0446549
162,0.413928,0.144024,0.0768346,0.0446549
163,0.417204,0.147325,0.0782479,0.0445395
164,0.423,0.151414,0.0797821,0.0444686
165,0.431023,0.156733,0.0821291,0.0440622
166,0.437373,0.161453,0.0822145,0.0459494
167,0.437373,0.161453,0.0822145,0.0459494
168,0.437373,0.161453,0.0822145,0.0459494
169,0.44681,0.166692,0.0833646,0.046296
170,0.44681,0.166692,0.0833646,0.046296
171,0.44681,0.166692,0.0833646,0.046296
172,0.44681,0.166692,0.0833646,0.046296
173,0.458621,0.170945,0.0842099,0.0480215
174,0.458621,0.170945,0.0842099,0.0480215
175,0.451772,0.171519,0.0847363,0.0470235
176,0.451772,0.171519,0.0847363,0.0470235
177,0.475428,0.174299,0.0823995,0.0487482
178,0.475428,0.174299,0.0823995,0.0487482
179,0.426211,0.155527,0.0824984,0.0436178
180,0.44145,0.161426,0.0814587,0.0453193
181,0.44145,0.161426,0.0814587,0.0453193
182,0.44145,0.161426,0.0814587,0.0453193
183,0.44145,0.161426,0.0814587,0.0453193
184,0.418366,0.150294,0.0803183,0.0432102
185,0.38887,0.135955,0.0780803,0.0407276
186,0.38887,0.135955,0.0780803,0.0407276
187,0.38887,0.135955,0.0780803,0.0407276
188,0.39594,0.141783,0.0785918,0.040727
189,0.413632,0.151514,0.0818827,0.0431889
190,0.40906,0.147175,0.079382,0.043576
191,0.424403,0.15822,0.0832637,0.043587
192,0.424403,0.15822,0.0832637,0.043587
193,0.446273,0.171265,0.085882,0.0454377
194,0.442682,0.172403,0.087924,0.0456465
195,0.449941,0.179653,0.0900672,0.0458434
196,0.464334,0.187473,0.0916032,0.0473214
197,0.441689,0.176643,0.089999,0.0467774
198,0.441689,0.176643,0.089999,0.0467774
199,0.441689,0.176643,0.089999,0.0467774
200,0.426161,0.171161,0.0898275,0.0453803
201,0.409162,0.159705,0.0872727,0.0432503
202,0.411882,0.166618,0.0906582,0.0431384
203,0.413956,0.171059,0.0917501,0.0444938
204,0.419951,0.172956,0.0905867,0.0460857
205,0.441061,0.193268,0.0984699,0.0482452
206,0.436151,0.194404,0.100063,0.0480416
207,0.418104,0.187843,0.100772,0.044285
208,0.418104,0.187843,0.100772,0.044285
209,0.443685,0.208981,0.105788,0.0463017
210,0.443736,0.207366,0.105876,0.0445855
211,0.454841,0.221368,0.109096,0.0458348
212,0.454841,0.221368,0.109096,0.0458348
213,0.454841,0.221368,0.109096,0.0458348
214,0.454841,0.221368,0.109096,0.0458348
215,0.442032,0.213059,0.109099,0.0453466
216,0.437867,0.215681,0.112017,0.0445505
217,0.428986,0.203838,0.107803,0.0439952
218,0.428986,0.203838,0.107803,0.0439952
219,0.41798,0.193802,0.105467,0.0427053
220,0.41798,0.193802,0.105467,0.0427053
221,0.41798,0.193802,0.105467,0.0427053
222,0.402616,0.189091,0.104832,0.0414242
223,0.402616,0.189091,0.104832,0.0414242
224,0.402616,0.189091,0.104832,0.0414242
225,0.402616,0.189091,0.104832,0.0414242
226,0.413062,0.196601,0.10675,0.0428273
227,0.41779,0.196289,0.106547,0.0432276
228,0.419363,0.208537,0.11341,0.0428504
229,0.406635,0.194366,0.109677,0.0410452
230,0.396449,0.189942,0.109092,0.041033
231,0.401821,0.190192,0.107062,0.0407778
232,0.400322,0.191473,0.10816,0.0402055
233,0.410312,0.192518,0.106897,0.0408818
234,0.410312,0.192518,0.106897,0.0408818
235,0.410312,0.192518,0.106897,0.0408818
236,0.397606,0.190027,0.108943,0.0389315
237,0.411608,0.199572,0.111449,0.0409126
238,0.416961,0.201191,0.109828,0.0415248
239,0.416961,0.201191,0.109828,0.0415248
240,0.416961,0.201191,0.109828,0.0415248
241,0.448525,0.218261,0.111732,0.0446404
242,0.431284,0.215644,0.114285,0.0434836
243,0.421191,0.203368,0.10949,0.0425594
244,0.40604,0.202792,0.11247,0.0423951
245,0.397769,0.19035,0.109794,0.0417009
246,0.406991,0.210431,0.115695,0.0432694
247,0.406991,0.210431,0.115695,0.0432694
248,0.386891,0.203446,0.117547,0.0411153
249,0.367408,0.188566,0.115001,0.0393119
250,0.367408,0.188566,0.115001,0.0393119
251,0.3861,0.196662,0.11428,0.0412954
252,0.3861,0.196662,0.11428,0.0412954
253,0.3861,0.196662,0.11428,0.0412954
254,0.3861,0.196662,0.11428,0.0412954
255,0.3861,0.196662,0.11428,0.0412954
256,0.3861,0.196662,0.11428,0.0412954
257,0.3861,0.196662,0.11428,0.0412954
258,0.3861,0.196662,0.11428,0.0412954
259,0.3861,0.196662,0.11428,0.0412954
260,0.407526,0.216121,0.119769,0.0440477
261,0.402714,0.210139,0.116935,0.0441118
262,0.415222,0.216861,0.117965,0.0443567
263,0.416072,0.219689,0.11912,0.0450321
264,0.418594,0.224667,0.121023,0.0453368
265,0.401406,0.216587,0.119389,0.0442834
266,0.401406,0.216587,0.119389,0.0442834
267,0.400204,0.212018,0.11701,0.0440273
268,0.400204,0.212018,0.11701,0.0440273
269,0.400204,0.212018,0.11701,0.0440273
270,0.400204,0.212018,0.11701,0.0440273
271,0.380285,0.200527,0.117092,0.0420803
272,0.385963,0.203501,0.118454,0.042152
273,0.394462,0.220852,0.127157,0.0431765
274,0.397899,0.218838,0.123634,0.0427931
275,0.397899,0.218838,0.123634,0.0427931
276,0.402075,0.224753,0.124115,0.0419655
277,0.404273,0.225962,0.126438,0.0427697
278,0.437206,0.251321,0.131101,0.0452012
279,0.450195,0.259762,0.132013,0.0451942
280,0.403424,0.215953,0.122563,0.0405852
281,0.416232,0.223945,0.123401,0.0417034
282,0.40853,0.21791,0.121519,0.0416354
283,0.417648,0.223585,0.122822,0.043253
284,0.417648,0.223585,0.122822,0.043253
285,0.396556,0.211884,0.121337,0.0405956
286,0.38626,0.19938,0.118284,0.0399186
287,0.376369,0.196049,0.117052,0.0386952
288,0.376369,0.196049,0.117052,0.0386952
289,0.375303,0.196339,0.118111,0.0389183
290,0.375303,0.196339,0.118111,0.0389183
291,0.367371,0.193608,0.11622,0.0399633
292,0.360018,0.192765,0.118342,0.0394222
293,0.373914,0.197134,0.118733,0.0394635
294,0.376097,0.197509,0.11802,0.0398622
295,0.376097,0.197509,0.11802,0.0398622
296,0.360206,0.188181,0.1155,0.0394376
297,0.386909,0.201214,0.116065,0.0413862
298,0.386909,0.201214,0.116065,0.0413862
299,0.39644,0.202394,0.113597,0.0422523
300,0.39644,0.202394,0.113597,0.0422523
301,0.384161,0.196745,0.113994,0.0408239
302,0.384161,0.196745,0.113994,0.0408239
303,0.3931,0.201896,0.118018,0.0408475
304,0.390643,0.205006,0.119074,0.0403402
305,0.390643,0.205006,0.119074,0.0403402
306,0.389065,0.207929,0.121793,0.0408086
307,0.383311,0.203727,0.118368,0.0413519
308,0.397121,0.220797,0.123943,0.0436318
309,0.380653,0.208641,0.122518,0.0415097
310,0.360889,0.203908,0.125122,0.0401512
311,0.396584,0.224677,0.125593,0.0434164
312,0.386128,0.230405,0.132925,0.0425449
313,0.387888,0.222586,0.126459,0.043256
314,0.421165,0.245934,0.130982,0.0465224
315,0.421165,0.245934,0.130982,0.0465224
316,0.411117,0.245611,0.132481,0.045724
317,0.396133,0.233875,0.131169,0.0435375
318,0.386986,0.230007,0.131976,0.0423439
319,0.36653,0.212179,0.1291,0.0403146
320,0.36653,0.212179,0.1291,0.0403146
321,0.386454,0.227213,0.129531,0.0427211
322,0.386454,0.227213,0.129531,0.0427211
323,0.385344,0.219113,0.126926,0.0427442
324,0.389109,0.225819,0.127693,0.0444469
325,0.397585,0.229686,0.127981,0.0460057
326,0.405424,0.239674,0.130844,0.0460243
327,0.405424,0.239674,0.130844,0.0460243
328,0.391616,0.234094,0.131843,0.0445082
329,0.3777,0.221675,0.128648,0.0425957
330,0.3777,0.221675,0.128648,0.0425957
331,0.3777,0.221675,0.128648,0.0425957
332,0.3777,0.221675,0.128648,0.0425957
333,0.380317,0.223182,0.131165,0.041847
334,0.367641,0.210796,0.127613,0.0399628
335,0.383195,0.222712,0.129989,0.0414267
336,0.384432,0.223192,0.13027,0.0418354
337,0.377415,0.218804,0.128603,0.0408126
338,0.386015,0.231613,0.133312,0.0427891
339,0.386015,0.231613,0.133312,0.0427891
340,0.386015,0.231613,0.133312,0.0427891
341,0.385079,0.235791,0.13596,0.042578
342,0.378951,0.229306,0.134445,0.041567
343,0.380309,0.240924,0.14272,0.040861
344,0.365411,0.22831,0.139255,0.0400358
345,0.365411,0.22831,0.139255,0.0400358
346,0.365411,0.22831,0.139255,0.0400358
347,0.360899,0.217429,0.132069,0.0403434
348,0.350952,0.21788,0.135541,0.0400657
349,0.360178,0.228649,0.137768,0.0416067
350,0.360178,0.228649,0.137768,0.0416067
351,0.370224,0.234051,0.136718,0.0427538
352,0.377368,0.238449,0.13942,0.0434745
353,0.377368,0.238449,0.13942,0.0434745
354,0.382958,0.245519,0.140436,0.0430736
355,0.385037,0.244201,0.138703,0.0432349
356,0.390031,0.253504,0.143775,0.0442066
357,0.368189,0.231701,0.13787,0.0419013
358,0.374481,0.243725,0.142844,0.0429645
359,0.374481,0.243725,0.142844,0.0429645
360,0.378558,0.259184,0.15139,0.0430605
361,0.379921,0.263828,0.152618,0.0430537
362,0.367361,0.245192,0.145046,0.0422741
363,0.367361,0.245192,0.145046,0.0422741
364,0.371254,0.242824,0.143687,0.0434826
365,0.379081,0.247471,0.142421,0.0448107
366,0.385657,0.257413,0.145658,0.0457366
367,0.387624,0.264598,0.151801,0.0443238
368,0.39123,0.267556,0.15047,0.0450166
369,0.388902,0.266057,0.151744,0.0455776
370,0.403016,0.274112,0.149588,0.0470652
371,0.403016,0.274112,0.149588,0.0470652
372,0.410139,0.279131,0.15178,0.0471384
373,0.410139,0.279131,0.15178,0.0471384
374,0.410139,0.279131,0.15178,0.0471384
375,0.394718,0.277159,0.153774,0.045311
376,0.388794,0.267485,0.151932,0.0441535
377,0.371008,0.253608,0.15044,0.0418049
378,0.354672,0.245375,0.153816,0.0391761
379,0.354672,0.245375,0.153816,0.0391761
380,0.354672,0.245375,0.153816,0.0391761
381,0.361521,0.257564,0.158514,0.0395224
382,0.367587,0.259376,0.159304,0.0391335
383,0.367587,0.259376,0.159304,0.0391335
384,0.369699,0.266474,0.160693,0.0396911
385,0.396841,0.282203,0.160628,0.0417364
386,0.396841,0.282203,0.160628,0.0417364
387,0.377312,0.27129,0.161371,0.0405889
388,0.380916,0.266952,0.156247,0.0418143
389,0.379196,0.266072,0.158559,0.0416271
390,0.379196,0.266072,0.158559,0.0416271
391,0.377658,0.258343,0.153027,0.0408155
392,0.377658,0.258343,0.153027,0.0408155
393,0.372219,0.258177,0.154872,0.0409765
394,0.372219,0.258177,0.154872,0.0409765
395,0.377891,0.261606,0.154011,0.0422257
396,0.377256,0.271108,0.161659,0.0423529
397,0.377256,0.271108,0.161659,0.0423529
398,0.389445,0.275386,0.157902,0.0431784
399,0.409715,0.29908,0.164777,0.0446391
400,0.381442,0.270883,0.158092,0.0419577
401,0.401832,0.2805,0.156398,0.0443984
402,0.398288,0.272203,0.153119,0.0443725
403,0.417065,0.289207,0.154549,0.0467268
404,0.430642,0.293486,0.154965,0.0473146
405,0.41092,0.27286,0.149533,0.0444405
406,0.41092,0.27286,0.149533,0.0444405
407,0.41092,0.27286,0.149533,0.0444405
408,0.420584,0.289129,0.154961,0.0460826
409,0.39861,0.268483,0.150734,0.0443722
410,0.39861,0.268483,0.150734,0.0443722
411,0.404921,0.280213,0.15658,0.0445708
412,0.42437,0.298999,0.157531,0.0475452
413,0.405123,0.286067,0.157126,0.0454317
414,0.405123,0.286067,0.157126,0.0454317
415,0.405123,0.286067,0.157126,0.0454317
416,0.390642,0.268241,0.152112,0.0445795
417,0.390642,0.268241,0.152112,0.0445795
418,0.396987,0.272295,0.152103,0.0461358
419,0.404496,0.288506,0.157816,0.0463208
420,0.402034,0.296328,0.16311,0.0454262
421,0.402034,0.296328,0.16311,0.0454262
422,0.402034,0.296328,0.16311,0.0454262
423,0.38699,0.278716,0.159623,0.0436984
424,0.38699,0.278716,0.159623,0.0436984
425,0.386836,0.283266,0.160741,0.0443621
426,0.386836,0.283266,0.160741,0.0443621
427,0.398005,0.294209,0.162537,0.0457155
428,0.391821,0.284055,0.162927,0.0447872
429,0.391821,0.284055,0.162927,0.0447872
430,0.391821,0.284055,0.162927,0.0447872
431,0.390273,0.291328,0.1653,0.0437699
432,0.401791,0.297498,0.163862,0.0463261
433,0.395614,0.294208,0.165232,0.0442257
434,0.407,0.304014,0.166624,0.0457239
435,0.40013,0.30658,0.171417,0.0455304
436,0.398689,0.299081,0.166427,0.0461694
437,0.398689,0.299081,0.166427,0.0461694
438,0.392045,0.293818,0.165803,0.0455718
439,0.399861,0.296642,0.1653,0.045891
440,0.399861,0.296642,0.1653,0.045891
441,0.433738,0.333597,0.171916,0.049968
442,0.433738,0.333597,0.171916,0.049968
443,0.426484,0.319165,0.168768,0.0480061
444,0.436138,0.323203,0.166098,0.049029
445,0.430623,0.308506,0.162193,0.0493655
446,0.424029,0.309655,0.164249,0.0482922
447,0.424029,0.309655,0.164249,0.0482922
448,0.424029,0.309655,0.164249,0.0482922
449,0.413668,0.303617,0.163494,0.0470243
450,0.407349,0.293782,0.161094,0.046914
451,0.407349,0.293782,0.161094,0.046914
452,0.407349,0.293782,0.161094,0.046914
453,0.411615,0.294832,0.161073,0.0472152
454,0.411615,0.294832,0.161073,0.0472152
455,0.44342,0.313984,0.160778,0.0510894
456,0.44342,0.313984,0.160778,0.0510894
457,0.44644,0.317975,0.160967,0.0516353
458,0.428276,0.304893,0.158684,0.0495899
459,0.412293,0.298853,0.16224,0.0466808
460,0.412293,0.298853,0.16224,0.0466808
461,0.412293,0.298853,0.16224,0.0466808
462,0.412293,0.298853,0.16224,0.0466808
463,0.396129,0.287509,0.160302,0.045686
464,0.390861,0.28583,0.16172,0.0449337
465,0.390076,0.284287,0.160551,0.0442377
466,0.393921,0.27571,0.156078,0.0443444
467,0.394401,0.284947,0.161393,0.0450685
468,0.394401,0.284947,0.161393,0.0450685
469,0.394401,0.284947,0.161393,0.0450685
470,0.401071,0.291082,0.161734,0.0457872
471,0.399227,0.294193,0.16459,0.0459737
472,0.389697,0.290961,0.165008,0.0442977
473,0.385554,0.284708,0.163225,0.0435921
474,0.385554,0.284708,0.163225,0.0435921
475,0.385554,0.284708,0.163225,0.0435921
476,0.376583,0.271273,0.159898,0.0425071
477,0.381232,0.280631,0.163554,0.042918
478,0.376662,0.266856,0.156168,0.042545
479,0.408425,0.292499,0.16034,0.0455985
480,0.39831,0.285857,0.16003,0.0442015
481,0.39831,0.285857,0.16003,0.0442015
482,0.39831,0.285857,0.16003,0.0442015
483,0.405683,0.289543,0.161133,0.0443377
484,0.405683,0.289543,0.161133,0.0443377
485,0.405683,0.289543,0.161133,0.0443377
486,0.405683,0.289543,0.161133,0.0443377
487,0.403884,0.291909,0.162815,0.0443941
488,0.403884,0.291909,0.162815,0.0443941
489,0.401584,0.288088,0.160373,0.0445818
490,0.384975,0.283357,0.164066,0.0435485
491,0.392398,0.289943,0.163801,0.0442428
492,0.402017,0.300673,0.165381,0.046212
493,0.378541,0.276406,0.161943,0.0424346
494,0.366427,0.270203,0.160932,0.0425983
495,0.368832,0.272017,0.162784,0.041966
496,0.393304,0.286652,0.160674,0.0443497
497,0.401232,0.287953,0.160905,0.0450347
498,0.401232,0.287953,0.160905,0.0450347
499,0.398245,0.287953,0.161364,0.0444226
500,0.400652,0.277253,0.152516,0.0458563
501,0.40989,0.285523,0.156143,0.0465056
502,0.40989,0.285523,0.156143,0.0465056
503,0.408441,0.286259,0.157116,0.0467343
504,0.400772,0.288253,0.158615,0.0458598
505,0.407096,0.294607,0.160652,0.0460119
506,0.420851,0.294571,0.155501,0.047996
507,0.401071,0.285068,0.159663,0.0453301
508,0.398417,0.283601,0.159105,0.044261
509,0.403075,0.282915,0.156281,0.0456131
510,0.39035,0.260126,0.146269,0.0444655
511,0.39035,0.260126,0.146269,0.0444655
512,0.404976,0.281836,0.153231,0.0460716
513,0.391376,0.270256,0.15256,0.0454374
514,0.391376,0.270256,0.15256,0.0454374
515,0.378896,0.260071,0.149837,0.0441563
516,0.378896,0.260071,0.149837,0.0441563
517,0.37849,0.255862,0.147771,0.0450215
518,0.37849,0.255862,0.147771,0.0450215
519,0.362114,0.246483,0.147749,0.0425954
520,0.362114,0.246483,0.147749,0.0425954
521,0.362114,0.246483,0.147749,0.0425954
522,0.362096,0.2432,0.146153,0.0413189
523,0.347686,0.229637,0.145087,0.0390823
524,0.349555,0.230737,0.144893,0.0392778
525,0.349555,0.230737,0.144893,0.0392778
526,0.365244,0.236587,0.14095,0.0422241
527,0.365244,0.236587,0.14095,0.0422241
528,0.379465,0.252358,0.146615,0.0437427
529,0.386623,0.257637,0.146912,0.0453052
530,0.386623,0.257637,0.146912,0.0453052
531,0.386623,0.257637,0.146912,0.0453052
532,0.381936,0.262646,0.151684,0.0425959
533,0.359571,0.24402,0.148924,0.0403473
534,0.3626,0.239952,0.1458,0.0404939
535,0.364616,0.238628,0.144691,0.0415013
536,0.371795,0.254713,0.152195,0.0412205
537,0.376182,0.254648,0.15037,0.0411757
538,0.391744,0.272759,0.155114,0.0431677
539,0.390338,0.266963,0.152197,0.0431035
540,0.390338,0.266963,0.152197,0.0431035
541,0.400538,0.284141,0.157678,0.0435494
542,0.403001,0.274045,0.15103,0.0438407
543,0.401178,0.276393,0.154624,0.0435735
544,0.401178,0.276393,0.154624,0.0435735
545,0.405902,0.279782,0.15438,0.0443602
546,0.392774,0.268,0.152523,0.0427271
547,0.408946,0.293911,0.162322,0.0443922
548,0.396655,0.284545,0.162446,0.0434524
549,0.394755,0.288385,0.165847,0.0426483
550,0.394755,0.288385,0.165847,0.0426483
551,0.395757,0.296154,0.169322,0.0430182
552,0.395757,0.296154,0.169322,0.0430182
553,0.388534,0.288065,0.166956,0.0431775
554,0.398275,0.296768,0.167,0.0441071
555,0.398275,0.296768,0.167,0.0441071
556,0.398275,0.296768,0.167,0.0441071
557,0.412614,0.310026,0.17014,0.0457903
558,0.399965,0.286284,0.159856,0.0451946
559,0.393768,0.277482,0.154334,0.0449582
560,0.393768,0.277482,0.154334,0.0449582
561,0.393768,0.277482,0.154334,0.0449582
562,0.420395,0.305144,0.162466,0.0469558
563,0.410873,0.30584,0.16701,0.0464382
564,0.410873,0.30584,0.16701,0.0464382
565,0.401903,0.300475,0.167681,0.0455457
566,0.428856,0.320776,0.168619,0.0485284
567,0.405939,0.297296,0.162702,0.0468228
568,0.437304,0.326818,0.16702,0.0507043
569,0.433356,0.317456,0.164671,0.0506676
570,0.433356,0.317456,0.164671,0.0506676
571,0.417221,0.299722,0.160274,0.0492164
572,0.439718,0.317699,0.162524,0.0511962
573,0.43096,0.311897,0.16303,0.049931
574,0.426619,0.308168,0.161847,0.0496094
575,0.444802,0.319296,0.162041,0.0513222
576,0.425226,0.309456,0.161271,0.0490406
577,0.425226,0.309456,0.161271,0.0490406
578,0.424516,0.307743,0.159963,0.0490282
579,0.424516,0.307743,0.159963,0.0490282
580,0.424516,0.307743,0.159963,0.0490282
581,0.424516,0.307743,0.159963,0.0490282
582,0.448636,0.328722,0.16227,0.0513908
583,0.448636,0.328722,0.16227,0.0513908
584,0.457398,0.340159,0.168963,0.0530323
585,0.436361,0.340458,0.177308,0.0500988
586,0.43244,0.320325,0.167773,0.0494601
587,0.437866,0.329864,0.170626,0.0510599
588,0.460133,0.34428,0.168889,0.053574
589,0.452779,0.347425,0.174404,0.0528977
590,0.472795,0.368787,0.177753,0.0542603
591,0.472795,0.368787,0.177753,0.0542603
592,0.451197,0.346613,0.174022,0.0524073
593,0.463375,0.350424,0.172148,0.052786
594,0.457693,0.340637,0.169881,0.0518008
595,0.457693,0.340637,0.169881,0.0518008
596,0.457693,0.340637,0.169881,0.0518008
597,0.447723,0.334126,0.169513,0.0496659
598,0.447723,0.334126,0.169513,0.0496659
599,0.447723,0.334126,0.169513,0.0496659
600,0.453368,0.345414,0.174439,0.0504774
601,0.475846,0.352802,0.170212,0.0535715
602,0.475846,0.352802,0.170212,0.0535715
603,0.497343,0.385119,0.181747,0.0555648
604,0.495268,0.391746,0.182884,0.0554227
605,0.495268,0.391746,0.182884,0.0554227
606,0.49114,0.386039,0.182067,0.0550917
607,0.438717,0.343571,0.177143,0.0494535
608,0.43996,0.358839,0.185453,0.0494802
609,0.411227,0.339562,0.184955,0.0456828
610,0.409902,0.338431,0.185124,0.0462276
611,0.409902,0.338431,0.185124,0.0462276
612,0.402929,0.329311,0.181647,0.0458818
613,0.402929,0.329311,0.181647,0.0458818
614,0.385903,0.317198,0.18316,0.0439445
615,0.385903,0.317198,0.18316,0.0439445
616,0.394463,0.327336,0.18339,0.04473
617,0.406712,0.343859,0.189128,0.0463947
618,0.406712,0.343859,0.189128,0.0463947
619,0.388369,0.323353,0.184972,0.0442316
620,0.414881,0.353326,0.190288,0.0473105
621,0.41216,0.335197,0.181662,0.0472609
622,0.403109,0.337322,0.186649,0.0457187
623,0.393335,0.32672,0.183882,0.0443026
624,0.416601,0.355737,0.191781,0.0482145
625,0.408714,0.345022,0.190341,0.0476862
626,0.404786,0.34585,0.191888,0.0471389
627,0.404786,0.34585,0.191888,0.0471389
628,0.389462,0.333496,0.189655,0.0450554
629,0.389462,0.333496,0.189655,0.0450554
630,0.382982,0.32341,0.186739,0.043856
631,0.388419,0.338715,0.193093,0.0447935
632,0.388419,0.338715,0.193093,0.0447935
633,0.398172,0.350803,0.19708,0.0445275
634,0.418697,0.37872,0.207411,0.0465059
635,0.418697,0.37872,0.207411,0.0465059
636,0.418697,0.37872,0.207411,0.0465059
637,0.415708,0.379424,0.206375,0.0462865
638,0.416739,0.378908,0.206699,0.0463493
639,0.395244,0.354684,0.200104,0.044974
640,0.366112,0.324641,0.193404,0.0421209
641,0.372644,0.335141,0.200145,0.0418737
642,0.364521,0.332094,0.201246,0.0418099
643,0.35482,0.325231,0.203862,0.0402331
644,0.370887,0.346173,0.209233,0.0417054
645,0.385899,0.357878,0.206889,0.0440786
646,0.364851,0.340011,0.207574,0.0417399
647,0.371989,0.342993,0.205109,0.0430082
648,0.371989,0.342993,0.205109,0.0430082
649,0.375,0.339426,0.200888,0.0437872
650,0.360481,0.317545,0.194493,0.0420498
651,0.376223,0.328305,0.191821,0.0441439
652,0.376223,0.328305,0.191821,0.0441439
653,0.376223,0.328305,0.191821,0.0441439
654,0.376223,0.328305,0.191821,0.0441439
655,0.385917,0.337141,0.193613,0.0448712
656,0.388913,0.337361,0.193025,0.0458643
657,0.365087,0.321203,0.192715,0.0428342
658,0.375209,0.331304,0.193995,0.0433055
659,0.358469,0.322693,0.198158,0.0415634
660,0.362133,0.326173,0.198028,0.041391
661,0.34674,0.304694,0.195211,0.0401479
662,0.354072,0.309178,0.192973,0.0408159
663,0.349906,0.3021,0.190711,0.0405767
664,0.356825,0.317328,0.19584,0.0421185
665,0.36443,0.327162,0.198635,0.0423786
666,0.36443,0.327162,0.198635,0.0423786
667,0.361923,0.326287,0.199807,0.0420111
668,0.361923,0.326287,0.199807,0.0420111
669,0.35364,0.315851,0.196091,0.0406155
670,0.35364,0.315851,0.196091,0.0406155
671,0.377245,0.336856,0.196081,0.0436458
672,0.377245,0.336856,0.196081,0.0436458
673,0.388829,0.345913,0.199582,0.0454051
674,0.384085,0.353639,0.203977,0.0440919
675,0.388177,0.358333,0.209989,0.043434
676,0.38118,0.36083,0.21132,0.0437217
677,0.38118,0.36083,0.21132,0.0437217
678,0.379138,0.353236,0.207402,0.0440957
679,0.39566,0.360405,0.202719,0.0465637
680,0.390238,0.363893,0.208338,0.0461341
681,0.408582,0.361273,0.197626,0.0484769
682,0.408582,0.361273,0.197626,0.0484769
683,0.408582,0.361273,0.197626,0.0484769
684,0.408582,0.361273,0.197626,0.0484769
685,0.383035,0.338322,0.194434,0.0455377
686,0.383035,0.338322,0.194434,0.0455377
687,0.385037,0.345814,0.198267,0.0442317
688,0.385037,0.345814,0.198267,0.0442317
689,0.385037,0.345814,0.198267,0.0442317
690,0.375324,0.340597,0.200213,0.0431384
691,0.381755,0.347175,0.20247,0.0431592
692,0.375639,0.342011,0.201926,0.0425548
693,0.382964,0.359932,0.21046,0.0432757
694,0.366836,0.347186,0.215127,0.0414619
695,0.356926,0.318459,0.198567,0.0408767
696,0.38686,0.330969,0.189657,0.0453341
697,0.396539,0.345491,0.19408,0.0461482
698,0.396974,0.350432,0.196316,0.046069
699,0.388763,0.339478,0.194893,0.0455892
700,0.381301,0.334156,0.192885,0.0448614
701,0.381301,0.334156,0.192885,0.0448614
702,0.381301,0.334156,0.192885,0.0448614
703,0.381301,0.334156,0.192885,0.0448614
704,0.386179,0.345633,0.200826,0.0441964
705,0.386179,0.345633,0.200826,0.0441964
706,0.370781,0.34045,0.20453,0.0424209
707,0.370781,0.34045,0.20453,0.0424209
708,0.375921,0.3464,0.205195,0.0427126
709,0.36296,0.346516,0.213006,0.041158
710,0.36296,0.346516,0.213006,0.041158
711,0.360465,0.329304,0.205467,0.0401876
712,0.375546,0.35256,0.210616,0.0413991
713,0.356744,0.329674,0.210854,0.0385547
714,0.370134,0.344069,0.212425,0.0392147
715,0.366602,0.331625,0.206014,0.0389964
716,0.353621,0.322774,0.205496,0.0381087
717,0.361247,0.319867,0.201705,0.0387096
718,0.36617,0.325169,0.201299,0.0392811
719,0.36617,0.325169,0.201299,0.0392811
720,0.372344,0.325671,0.195147,0.0414912
721,0.370011,0.33017,0.196956,0.041671
722,0.370011,0.33017,0.196956,0.041671
723,0.371842,0.32963,0.196863,0.0427572
724,0.384557,0.342654,0.197049,0.0442859
725,0.3797,0.341876,0.197061,0.0438618
726,0.381636,0.338466,0.193759,0.0447637
727,0.37479,0.323235,0.192481,0.0439779
728,0.38062,0.33448,0.194536,0.0443065
729,0.386821,0.34324,0.19533,0.0447414
730,0.368233,0.32867,0.197512,0.0418941
731,0.392553,0.340931,0.193464,0.0452657
732,0.386343,0.343146,0.196557,0.0452709
733,0.386343,0.343146,0.196557,0.0452709
734,0.401451,0.346493,0.192552,0.0475263
735,0.401451,0.346493,0.192552,0.0475263
736,0.409959,0.359151,0.19682,0.0483588
737,0.421375,0.366493,0.196882,0.0497472
738,0.421375,0.366493,0.196882,0.0497472
739,0.421375,0.366493,0.196882,0.0497472
740,0.410861,0.358262,0.196011,0.0486227
741,0.401943,0.360602,0.201103,0.0474938
742,0.41248,0.36196,0.1977,0.0486291
743,0.423545,0.357136,0.193193,0.0497871
744,0.423545,0.357136,0.193193,0.0497871
745,0.423545,0.357136,0.193193,0.0497871
746,0.423545,0.357136,0.193193,0.0497871
747,0.411526,0.337914,0.184455,0.0489663
748,0.418912,0.344813,0.188375,0.0501197
749,0.412647,0.337104,0.18488,0.0491292
750,0.430056,0.340745,0.179651,0.0511211
751,0.417082,0.333723,0.180634,0.0497887
752,0.417082,0.333723,0.180634,0.0497887
753,0.398978,0.319433,0.178162,0.0475084
754,0.394054,0.31819,0.179589,0.0467177
755,0.373421,0.292896,0.17265,0.0440109
756,0.348448,0.279542,0.175499,0.0404868
757,0.348448,0.279542,0.175499,0.0404868
758,0.374607,0.289616,0.171901,0.0434611
759,0.36776,0.287027,0.171649,0.0430813
760,0.36776,0.287027,0.171649,0.0430813
761,0.36776,0.287027,0.171649,0.0430813
762,0.367387,0.295191,0.178503,0.041739
763,0.367387,0.295191,0.178503,0.041739
764,0.380016,0.302801,0.17684,0.0436083
765,0.369892,0.290592,0.172967,0.0428452
766,0.392603,0.307818,0.173888,0.0464548
767,0.412553,0.315442,0.170541,0.0484419
768,0.412553,0.315442,0.170541,0.0484419
769,0.429461,0.326253,0.17211,0.0507159
770,0.440949,0.332202,0.172276,0.0521966
771,0.440949,0.332202,0.172276,0.0521966
772,0.457368,0.359031,0.178098,0.0532485
773,0.453041,0.347194,0.17489,0.0531371
774,0.451628,0.346148,0.171991,0.0527242
775,0.45757,0.356801,0.178391,0.0532845
776,0.455783,0.357298,0.178311,0.0530511
777,0.461921,0.352212,0.176659,0.0539356
778,0.461921,0.352212,0.176659,0.0539356
779,0.461921,0.352212,0.176659,0.0539356
780,0.462209,0.337687,0.168223,0.0540213
781,0.449296,0.328216,0.166554,0.0528548
782,0.477451,0.341895,0.168255,0.0560143
783,0.469612,0.343794,0.16897,0.0546912
784,0.457353,0.337482,0.167587,0.052838
785,0.469424,0.340609,0.165776,0.0542375
786,0.472745,0.34928,0.170987,0.0545867
787,0.470599,0.33868,0.164625,0.0543595
788,0.460955,0.334159,0.165954,0.0523474
789,0.460955,0.334159,0.165954,0.0523474
790,0.460955,0.334159,0.165954,0.0523474
791,0.472708,0.351222,0.169486,0.0537745
792,0.478387,0.352074,0.170465,0.0542818
793,0.450456,0.330615,0.164773,0.0507701
794,0.449729,0.334485,0.168268,0.0504072
795,0.431145,0.314344,0.161631,0.0489701
796,0.431145,0.314344,0.161631,0.0489701
797,0.431145,0.314344,0.161631,0.0489701
798,0.455224,0.347568,0.173825,0.0510801
799,0.435342,0.343618,0.177638,0.048273
800,0.425824,0.328618,0.174101,0.0474922
801,0.406534,0.309543,0.172207,0.0445944
802,0.406534,0.309543,0.172207,0.0445944
803,0.408103,0.314823,0.173336,0.044621
804,0.430816,0.333343,0.176929,0.0459883
805,0.418874,0.32577,0.175985,0.0443114
806,0.400901,0.311008,0.174142,0.0429143
807,0.39573,0.301802,0.173342,0.0420818
808,0.392367,0.303332,0.176628,0.0416862
809,0.384433,0.292035,0.168923,0.0425785
810,0.36196,0.275409,0.166647,0.0409665
811,0.36196,0.275409,0.166647,0.0409665
812,0.391194,0.29178,0.167308,0.0425725
813,0.400458,0.292976,0.163338,0.0455468
814,0.400458,0.292976,0.163338,0.0455468
815,0.384217,0.28357,0.162201,0.0436828
816,0.379842,0.273621,0.158393,0.0438001
817,0.379842,0.273621,0.158393,0.0438001
818,0.390638,0.284521,0.160107,0.0448259
819,0.398545,0.277415,0.154581,0.0457016
820,0.392982,0.276172,0.15637,0.0442264
821,0.384612,0.279245,0.161205,0.0429016
822,0.388044,0.281132,0.160673,0.0444427
823,0.37588,0.27316,0.16342,0.041902
824,0.408454,0.304867,0.166262,0.0457127
825,0.411302,0.315689,0.170466,0.0450155
826,0.413695,0.311769,0.165321,0.0463613
827,0.417261,0.302226,0.162567,0.045939
828,0.416568,0.303158,0.1627,0.0461546
829,0.416568,0.303158,0.1627,0.0461546
830,0.382165,0.271813,0.159287,0.0426498
831,0.382165,0.271813,0.159287,0.0426498
832,0.41378,0.293291,0.157415,0.0468548
833,0.4057,0.294748,0.16247,0.045733
834,0.4057,0.294748,0.16247,0.045733
835,0.424305,0.313349,0.165173,0.0477258
836,0.415731,0.305157,0.163792,0.0461839
837,0.415731,0.305157,0.163792,0.0461839
838,0.411808,0.293834,0.160745,0.0453987
839,0.411808,0.293834,0.160745,0.0453987
840,0.411808,0.293834,0.160745,0.0453987
841,0.411808,0.293834,0.160745,0.0453987
842,0.437965,0.321815,0.166087,0.0477377
843,0.448538,0.326159,0.164188,0.0487897
844,0.448538,0.326159,0.164188,0.0487897
845,0.459959,0.333627,0.166655,0.0490586
846,0.459959,0.333627,0.166655,0.0490586
847,0.447278,0.321567,0.163747,0.046674
848,0.447278,0.321567,0.163747,0.046674
849,0.447278,0.321567,0.163747,0.046674
850,0.423131,0.306655,0.164009,0.0449752
851,0.423131,0.306655,0.164009,0.0449752
852,0.410405,0.291928,0.161896,0.0438716
853,0.439324,0.319581,0.166386,0.0470936
854,0.435425,0.306581,0.160333,0.0465467
855,0.437695,0.307728,0.159436,0.0473094
856,0.446882,0.320766,0.162771,0.0493988
857,0.446882,0.320766,0.162771,0.0493988
858,0.441961,0.316653,0.159161,0.0490424
859,0.441961,0.316653,0.159161,0.0490424
860,0.441961,0.316653,0.159161,0.0490424
861,0.469369,0.333478,0.161049,0.0518338
862,0.469369,0.333478,0.161049,0.0518338
863,0.469369,0.333478,0.161049,0.0518338
864,0.472097,0.342982,0.168535,0.0517403
865,0.475535,0.345183,0.168025,0.0524868
866,0.480029,0.361234,0.174357,0.0524087
867,0.464015,0.346181,0.171788,0.0503751
868,0.44746,0.320898,0.166055,0.0482403
869,0.44746,0.320898,0.166055,0.0482403
870,0.44746,0.320898,0.166055,0.0482403
871,0.448734,0.326008,0.165243,0.0485807
872,0.448734,0.326008,0.165243,0.0485807
873,0.451439,0.31984,0.163052,0.0497062
874,0.433918,0.307601,0.15835,0.048022
875,0.451489,0.333138,0.168027,0.0502655
876,0.457421,0.332197,0.165634,0.051523
877,0.457421,0.332197,0.165634,0.051523
878,0.460127,0.329411,0.164886,0.0516513
879,0.452644,0.327568,0.165052,0.0499845
880,0.456289,0.335555,0.169582,0.051107
881,0.479051,0.366676,0.177061,0.0533161
882,0.454957,0.327963,0.165561,0.0505366
883,0.463676,0.343856,0.16886,0.0511106
884,0.473448,0.342093,0.166651,0.051843
885,0.473448,0.342093,0.166651,0.051843
886,0.473448,0.342093,0.166651,0.051843
887,0.467926,0.329129,0.163877,0.0511712
888,0.490026,0.357412,0.170387,0.0534428
889,0.490026,0.357412,0.170387,0.0534428
890,0.490026,0.357412,0.170387,0.0534428
891,0.510069,0.368515,0.1693,0.0554278
892,0.508616,0.371041,0.171954,0.0548923
893,0.50131,0.34575,0.162599,0.0546207
894,0.477481,0.322818,0.158309,0.0515393
895,0.489522,0.333548,0.158207,0.0535628
896,0.489522,0.333548,0.158207,0.0535628
897,0.470019,0.319732,0.15781,0.0509254
898,0.446016,0.31377,0.16282,0.0479923
899,0.450799,0.305543,0.156886,0.0487043
900,0.4234,0.283487,0.152282,0.0462888
901,0.4234,0.283487,0.152282,0.0462888
902,0.419176,0.283845,0.152027,0.0456517
903,0.419176,0.283845,0.152027,0.0456517
904,0.422013,0.283903,0.152388,0.0463629
905,0.422538,0.293846,0.157139,0.0461958
906,0.43361,0.299252,0.15682,0.0469867
907,0.424083,0.290248,0.154381,0.0471
908,0.421606,0.290415,0.156284,0.0461381
909,0.421606,0.290415,0.156284,0.0461381
910,0.415431,0.287196,0.157586,0.0456297
911,0.423915,0.299662,0.160842,0.0465348
912,0.413637,0.294336,0.159173,0.045548
913,0.413427,0.296045,0.162488,0.0451842
914,0.407026,0.288872,0.159352,0.0442597
915,0.407028,0.292868,0.163891,0.0445611
916,0.407028,0.292868,0.163891,0.0445611
917,0.384922,0.265602,0.155741,0.041532
918,0.387267,0.273016,0.156845,0.0425497
919,0.400631,0.279051,0.157143,0.0434458
920,0.400629,0.290741,0.162627,0.0441078
921,0.400629,0.290741,0.162627,0.0441078
922,0.379398,0.27561,0.161603,0.0419583
923,0.379398,0.27561,0.161603,0.0419583
924,0.381225,0.270802,0.156703,0.0423957
925,0.381225,0.270802,0.156703,0.0423957
926,0.376621,0.254594,0.150073,0.0419479
927,0.386797,0.274112,0.157938,0.0428433
928,0.386797,0.274112,0.157938,0.0428433
929,0.386797,0.274112,0.157938,0.0428433
930,0.377366,0.257234,0.15037,0.0423487
931,0.400441,0.274964,0.152225,0.0449851
932,0.393001,0.270531,0.152274,0.0441591
933,0.393001,0.270531,0.152274,0.0441591
934,0.393001,0.270531,0.152274,0.0441591
935,0.400283,0.276669,0.153661,0.0449518
936,0.390143,0.277386,0.156464,0.0435322
937,0.383875,0.270906,0.157777,0.0425545
938,0.369805,0.268,0.160582,0.040038
939,0.369805,0.268,0.160582,0.040038
940,0.368151,0.267051,0.160468,0.040579
941,0.368151,0.267051,0.160468,0.040579
942,0.390329,0.296561,0.172885,0.0423733
943,0.394986,0.298417,0.172136,0.0419309
944,0.394986,0.298417,0.172136,0.0419309
945,0.38678,0.294516,0.170261,0.0419754
946,0.367188,0.267365,0.162119,0.0406971
947,0.367188,0.267365,0.162119,0.0406971
948,0.367188,0.267365,0.162119,0.0406971
949,0.367188,0.267365,0.162119,0.0406971
950,0.367188,0.267365,0.162119,0.0406971
951,0.383437,0.282059,0.163146,0.0431061
952,0.367904,0.273711,0.162541,0.041955
953,0.362808,0.268484,0.163733,0.0399702
954,0.366416,0.269429,0.165629,0.0399056
955,0.366416,0.269429,0.165629,0.0399056
956,0.356125,0.260877,0.161216,0.0408609
957,0.378839,0.274046,0.160433,0.0431217
958,0.378839,0.274046,0.160433,0.0431217
959,0.378839,0.274046,0.160433,0.0431217
960,0.378839,0.274046,0.160433,0.0431217
961,0.378839,0.274046,0.160433,0.0431217
962,0.378839,0.274046,0.160433,0.0431217
963,0.407,0.285988,0.15786,0.046134
964,0.394701,0.280346,0.156142,0.0448389
965,0.381641,0.265978,0.155505,0.0424982
966,0.381641,0.265978,0.155505,0.0424982
967,0.390177,0.275296,0.156272,0.0443169
968,0.402898,0.300268,0.167589,0.0449945
969,0.392159,0.29628,0.167384,0.0432893
970,0.392159,0.29628,0.167384,0.0432893
971,0.392159,0.29628,0.167384,0.0432893
972,0.383718,0.284833,0.165492,0.0420042
973,0.381868,0.268567,0.155991,0.0429665
974,0.384122,0.275828,0.160729,0.0433512
975,0.384122,0.275828,0.160729,0.0433512
976,0.412418,0.309747,0.167611,0.0465909
977,0.416104,0.308536,0.165484,0.0471598
978,0.416104,0.308536,0.165484,0.0471598
979,0.416104,0.308536,0.165484,0.0471598
980,0.409838,0.309843,0.166959,0.0468629
981,0.415696,0.312071,0.16664,0.0477861
982,0.415696,0.312071,0.16664,0.0477861
983,0.417799,0.320042,0.170523,0.0473322
984,0.415951,0.321845,0.173511,0.0467572
985,0.404376,0.304807,0.167351,0.0453996
986,0.39834,0.295982,0.166679,0.0441428
987,0.431834,0.332496,0.17449,0.0472678
988,0.429285,0.325431,0.171387,0.0463216
989,0.429285,0.325431,0.171387,0.0463216
990,0.41566,0.305759,0.166831,0.0462229
991,0.412154,0.29718,0.16351,0.0452077
992,0.412154,0.29718,0.16351,0.0452077
993,0.42138,0.311601,0.166706,0.0472684
994,0.435506,0.318894,0.166862,0.0488499
995,0.439408,0.337887,0.174762,0.0490278
996,0.439408,0.337887,0.174762,0.0490278
997,0.437372,0.337994,0.175632,0.0482129
998,0.437372,0.337994,0.175632,0.0482129
999,0.453364,0.342524,0.175006,0.0492657
1000,0.475788,0.37074,0.180346,0.0512624
1001,0.45489,0.354415,0.182089,0.0485877
1002,0.453853,0.351202,0.180907,0.0474715
1003,0.4127,0.319738,0.17905,0.0435385
1004,0.402072,0.311397,0.175905,0.0429664
1005,0.410886,0.323349,0.180792,0.0436597
1006,0.431143,0.349565,0.18677,0.0451355
1007,0.450718,0.371505,0.191275,0.0462871
1008,0.433668,0.359452,0.196123,0.0437445
1009,0.440545,0.376055,0.200645,0.0448909
1010,0.427792,0.372193,0.202557,0.0443025
1011,0.409026,0.336071,0.191007,0.0423061
1012,0.424552,0.344811,0.188421,0.0440635
1013,0.424552,0.344811,0.188421,0.0440635
1014,0.421671,0.354144,0.191335,0.0447363
1015,0.431516,0.35495,0.189658,0.04617
1016,0.426441,0.346939,0.188859,0.0447375
1017,0.426441,0.346939,0.188859,0.0447375
1018,0.43981,0.357139,0.188613,0.0462879
1019,0.433061,0.351663,0.186959,0.0473798
1020,0.433061,0.351663,0.186959,0.0473798
1021,0.444676,0.365431,0.190113,0.0486687
1022,0.410382,0.328163,0.179385,0.0458769
1023,0.400813,0.323131,0.181185,0.0453218
1024,0.400813,0.323131,0.181185,0.0453218
1025,0.410469,0.331605,0.181112,0.0457264
1026,0.410469,0.331605,0.181112,0.0457264
1027,0.410469,0.331605,0.181112,0.0457264
1028,0.427615,0.352308,0.184175,0.04722
1029,0.414074,0.335753,0.181753,0.0457543
1030,0.405304,0.321011,0.177332,0.0451
1031,0.405304,0.321011,0.177332,0.0451
1032,0.405304,0.321011,0.177332,0.0451
1033,0.391934,0.311047,0.176151,0.0438173
1034,0.391934,0.311047,0.176151,0.0438173
1035,0.394482,0.329333,0.183563,0.0451766
1036,0.399327,0.325693,0.180517,0.045494
1037,0.399327,0.325693,0.180517,0.045494
1038,0.389008,0.320964,0.182248,0.0434508
1039,0.401311,0.337239,0.190157,0.0442283
1040,0.401243,0.343775,0.194617,0.0440292
1041,0.425724,0.359812,0.193769,0.0471327
1042,0.425724,0.359812,0.193769,0.0471327
1043,0.458967,0.382444,0.191404,0.051393
1044,0.458967,0.382444,0.191404,0.051393
1045,0.450477,0.384424,0.195433,0.049965
1046,0.447529,0.383246,0.197729,0.0486065
1047,0.458606,0.393355,0.198019,0.0500433
1048,0.480443,0.408563,0.197655,0.0527092
1049,0.46508,0.39627,0.194971,0.0511088
1050,0.46508,0.39627,0.194971,0.0511088
1051,0.488436,0.426673,0.20526,0.0542051
1052,0.466459,0.396293,0.195916,0.0517878
1053,0.45489,0.381859,0.19461,0.0513095
1054,0.439609,0.363581,0.187956,0.0492964
1055,0.463974,0.377853,0.187777,0.0514425
1056,0.463974,0.377853,0.187777,0.0514425
1057,0.444725,0.372089,0.190893,0.0493967
1058,0.440684,0.373844,0.193675,0.0486361
1059,0.445991,0.376084,0.193892,0.0497925
1060,0.426334,0.337689,0.179113,0.0473518
1061,0.426334,0.337689,0.179113,0.0473518
1062,0.429526,0.347222,0.184155,0.0479732
1063,0.434619,0.353639,0.184467,0.048893
1064,0.434619,0.353639,0.184467,0.048893
1065,0.428631,0.350252,0.187164,0.0470144
1066,0.458879,0.381189,0.189848,0.0489032
1067,0.456591,0.370179,0.187133,0.048439
1068,0.435846,0.35359,0.182989,0.0482052
1069,0.432611,0.347644,0.182559,0.0475464
1070,0.433421,0.352514,0.185064,0.0489329
1071,0.433421,0.352514,0.185064,0.0489329
1072,0.433421,0.352514,0.185064,0.0489329
1073,0.433421,0.352514,0.185064,0.0489329
1074,0.443023,0.347321,0.177732,0.0502169
1075,0.436794,0.339589,0.176427,0.0502336
1076,0.4201,0.322682,0.173648,0.0480237
1077,0.433104,0.342725,0.179786,0.0485321
1078,0.433104,0.342725,0.179786,0.0485321
1079,0.429508,0.333233,0.178297,0.0473706
1080,0.445871,0.349348,0.177757,0.0491284
1081,0.445871,0.349348,0.177757,0.0491284
1082,0.43637,0.32967,0.171369,0.0480438
1083,0.441967,0.325933,0.166214,0.0494339
1084,0.417917,0.302138,0.161158,0.0475661
1085,0.429555,0.316328,0.164894,0.048773
1086,0.40429,0.299241,0.164358,0.0465328
1087,0.414298,0.31567,0.17083,0.0468729
1088,0.398236,0.297869,0.166615,0.0457847
1089,0.404279,0.300499,0.165754,0.0459164
1090,0.40877,0.308188,0.169805,0.0459705
1091,0.40877,0.308188,0.169805,0.0459705
1092,0.405348,0.312023,0.171268,0.0451244
1093,0.418188,0.314011,0.166546,0.0472077
1094,0.408616,0.300234,0.166944,0.0457864
1095,0.408616,0.300234,0.166944,0.0457864
1096,0.408616,0.300234,0.166944,0.0457864
1097,0.4017,0.293175,0.165262,0.0451095
1098,0.403523,0.297733,0.163727,0.0455279
1099,0.406839,0.303255,0.165341,0.0463775
1100,0.393075,0.293396,0.164879,0.0446822
1101,0.403981,0.296842,0.163584,0.0458427
1102,0.403981,0.296842,0.163584,0.0458427
1103,0.403981,0.296842,0.163584,0.0458427
1104,0.428596,0.31639,0.164747,0.0480445
1105,0.419274,0.31434,0.168217,0.0472068
1106,0.419274,0.31434,0.168217,0.0472068
1107,0.405025,0.300131,0.167181,0.0446359
1108,0.427535,0.316078,0.167102,0.0471438
1109,0.427535,0.316078,0.167102,0.0471438
1110,0.427535,0.316078,0.167102,0.0471438
1111,0.427535,0.316078,0.167102,0.0471438
1112,0.427535,0.316078,0.167102,0.0471438
1113,0.428378,0.320209,0.16982,0.046498
1114,0.428378,0.320209,0.16982,0.046498
1115,0.427072,0.320883,0.167849,0.0459286
1116,0.432325,0.320567,0.169612,0.0475443
1117,0.432325,0.320567,0.169612,0.0475443
1118,0.422051,0.330454,0.177807,0.0458849
1119,0.419953,0.332428,0.178129,0.0460802
1120,0.419953,0.332428,0.178129,0.0460802
1121,0.422897,0.327376,0.175422,0.0472458
1122,0.415726,0.321072,0.174312,0.0452965
1123,0.415726,0.321072,0.174312,0.0452965
1124,0.416252,0.326984,0.174772,0.0467827
1125,0.428227,0.337915,0.17752,0.0477081
1126,0.429803,0.336051,0.176637,0.0467707
1127,0.408575,0.311027,0.171878,0.0448746
1128,0.412944,0.323107,0.176657,0.0451006
1129,0.419733,0.327696,0.176838,0.0465158
1130,0.419733,0.327696,0.176838,0.0465158
1131,0.397969,0.294806,0.166889,0.0444277
1132,0.397969,0.294806,0.166889,0.0444277
1133,0.409146,0.306635,0.168775,0.0450115
1134,0.419964,0.314975,0.170573,0.0459421
1135,0.422464,0.308951,0.16765,0.0458182
1136,0.422464,0.308951,0.16765,0.0458182
1137,0.422464,0.308951,0.16765,0.0458182
1138,0.408443,0.304595,0.168622,0.0448598
1139,0.387737,0.288752,0.16783,0.0423133
1140,0.387737,0.288752,0.16783,0.0423133
1141,0.426752,0.310215,0.163734,0.0480051
1142,0.422313,0.309058,0.164797,0.0479483
1143,0.422313,0.309058,0.164797,0.0479483
1144,0.409093,0.303284,0.168015,0.0456874
1145,0.409868,0.30114,0.164288,0.0461055
1146,0.409868,0.30114,0.164288,0.0461055
1147,0.409868,0.30114,0.164288,0.0461055
1148,0.395355,0.292715,0.16349,0.0449506
1149,0.385653,0.281747,0.162068,0.0428837
1150,0.381043,0.273677,0.155189,0.0432729
1151,0.381043,0.273677,0.155189,0.0432729
1152,0.382245,0.276311,0.156832,0.0442294
1153,0.372611,0.28057,0.166375,0.0425589
1154,0.374005,0.286552,0.169902,0.0421297
1155,0.374005,0.286552,0.169902,0.0421297
1156,0.371635,0.287007,0.172012,0.0420203
1157,0.386609,0.297443,0.172449,0.0425259
1158,0.410719,0.333206,0.181594,0.045001
1159,0.417615,0.336333,0.182423,0.0464291
1160,0.439797,0.34814,0.181334,0.0480205
1161,0.435787,0.339377,0.178172,0.0473067
1162,0.405192,0.313119,0.174745,0.0438494
1163,0.405192,0.313119,0.174745,0.0438494
1164,0.424696,0.33371,0.180031,0.0457347
1165,0.424696,0.33371,0.180031,0.0457347
1166,0.424142,0.333164,0.179669,0.0452511
1167,0.424224,0.341704,0.183014,0.0458669
1168,0.417822,0.334675,0.182443,0.044733
1169,0.432932,0.338762,0.17953,0.0469347
1170,0.432932,0.338762,0.17953,0.0469347
1171,0.432932,0.338762,0.17953,0.0469347
1172,0.424816,0.337251,0.181572,0.0459873
1173,0.411751,0.322424,0.177147,0.0451329
1174,0.419309,0.33075,0.179104,0.0461042
1175,0.419309,0.33075,0.179104,0.0461042
1176,0.413423,0.316475,0.172275,0.0457474
1177,0.423213,0.324965,0.172693,0.046624
1178,0.413984,0.313536,0.169307,0.0457414
1179,0.415853,0.306691,0.165436,0.0470498
1180,0.418363,0.310579,0.166946,0.0468499
1181,0.438767,0.323435,0.166229,0.0481297
1182,0.438767,0.323435,0.166229,0.0481297
1183,0.446242,0.337275,0.170659,0.048931
1184,0.446242,0.337275,0.170659,0.048931
1185,0.435677,0.337444,0.177144,0.0475251
1186,0.436133,0.342725,0.179869,0.0470559
1187,0.440722,0.335418,0.173973,0.047992
1188,0.45186,0.354751,0.177763,0.0489002
1189,0.443908,0.347383,0.178735,0.0482394
1190,0.443908,0.347383,0.178735,0.0482394
1191,0.44787,0.340395,0.173857,0.0496088
1192,0.468344,0.362593,0.178155,0.0518154
1193,0.468344,0.362593,0.178155,0.0518154
1194,0.468868,0.374333,0.183716,0.0513883
1195,0.468815,0.360944,0.175795,0.0515124
1196,0.46327,0.353275,0.176756,0.0506039
1197,0.46327,0.353275,0.176756,0.0506039
1198,0.451106,0.347451,0.175664,0.0501899
1199,0.451106,0.347451,0.175664,0.0501899
1200,0.451106,0.347451,0.175664,0.0501899
1201,0.437895,0.332425,0.173371,0.0493738
1202,0.428604,0.323105,0.171528,0.0473362
1203,0.449618,0.343541,0.174568,0.0498867
1204,0.434275,0.328257,0.171348,0.0489845
1205,0.434465,0.329171,0.171354,0.0483319
1206,0.434465,0.329171,0.171354,0.0483319
1207,0.434465,0.329171,0.171354,0.0483319
1208,0.438626,0.339424,0.175141,0.0479968
1209,0.433421,0.32992,0.172119,0.0489578
1210,0.433421,0.32992,0.172119,0.0489578
1211,0.43619,0.34131,0.176103,0.0492956
1212,0.43619,0.34131,0.176103,0.0492956
1213,0.43619,0.34131,0.176103,0.0492956
1214,0.424415,0.315559,0.166765,0.0481557
1215,0.424415,0.315559,0.166765,0.0481557
1216,0.424415,0.315559,0.166765,0.0481557
1217,0.424415,0.315559,0.166765,0.0481557
1218,0.436141,0.323643,0.16839,0.0494501
1219,0.420533,0.310131,0.164626,0.0477208
1220,0.434946,0.332569,0.17241,0.0493436
1221,0.434946,0.332569,0.17241,0.0493436
1222,0.407931,0.310689,0.169525,0.0462883
1223,0.420516,0.327904,0.174162,0.0468043
1224,0.420516,0.327904,0.174162,0.0468043
1225,0.420516,0.327904,0.174162,0.0468043
1226,0.411255,0.324501,0.176184,0.0457032
1227,0.449336,0.349103,0.176518,0.0495998
1228,0.461677,0.365459,0.181923,0.0513433
1229,0.451901,0.348767,0.178017,0.0500731
1230,0.433455,0.32981,0.173494,0.0476826
1231,0.44882,0.345813,0.175683,0.0492927
1232,0.44882,0.345813,0.175683,0.0492927
1233,0.44882,0.345813,0.175683,0.0492927
1234,0.453751,0.34914,0.176274,0.051025
1235,0.483828,0.369094,0.176496,0.0545251
1236,0.483828,0.369094,0.176496,0.0545251
1237,0.4804,0.362481,0.174244,0.0541341
1238,0.4804,0.362481,0.174244,0.0541341
1239,0.450806,0.339381,0.171613,0.0508428
1240,0.433514,0.327259,0.170806,0.0490591
1241,0.43276,0.327668,0.171956,0.049257
1242,0.427872,0.31947,0.167536,0.0486959
1243,0.410163,0.316522,0.172701,0.0467897
1244,0.424205,0.325507,0.17453,0.0484729
1245,0.424205,0.325507,0.17453,0.0484729
1246,0.426201,0.323406,0.171174,0.0478704
1247,0.413023,0.310711,0.168514,0.0465969
1248,0.409737,0.30675,0.167508,0.0458067
1249,0.421603,0.318368,0.172251,0.046422
1250,0.450134,0.340821,0.172516,0.049416
1251,0.445839,0.334331,0.170509,0.0489247
1252,0.44419,0.320052,0.163619,0.0490247
1253,0.434106,0.310222,0.161007,0.0487462
1254,0.434818,0.295501,0.153512,0.0495861
1255,0.434818,0.295501,0.153512,0.0495861
1256,0.434818,0.295501,0.153512,0.0495861
1257,0.439446,0.294152,0.151648,0.0491023
1258,0.43726,0.293562,0.150249,0.0494186
1259,0.43726,0.293562,0.150249,0.0494186
1260,0.448284,0.308311,0.15703,0.0500802
1261,0.442598,0.305632,0.155881,0.0496928
1262,0.442598,0.305632,0.155881,0.0496928
1263,0.442598,0.305632,0.155881,0.0496928
1264,0.443574,0.3084,0.156768,0.0492099
1265,0.443574,0.3084,0.156768,0.0492099
1266,0.421365,0.289507,0.154151,0.0479132
1267,0.421365,0.289507,0.154151,0.0479132
1268,0.422634,0.300401,0.158554,0.0473405
1269,0.422634,0.300401,0.158554,0.0473405
1270,0.422719,0.309952,0.162074,0.0475239
1271,0.441002,0.324836,0.167728,0.0483162
1272,0.441002,0.324836,0.167728,0.0483162
1273,0.434453,0.325242,0.172256,0.0464639
1274,0.434453,0.325242,0.172256,0.0464639
1275,0.434453,0.325242,0.172256,0.0464639
1276,0.434453,0.325242,0.172256,0.0464639
1277,0.434453,0.325242,0.172256,0.0464639
1278,0.434453,0.325242,0.172256,0.0464639
1279,0.437573,0.324551,0.170146,0.0462717
1280,0.441858,0.327225,0.170766,0.0465183
1281,0.453617,0.329721,0.165683,0.0495657
1282,0.453617,0.329721,0.165683,0.0495657
1283,0.455552,0.332829,0.166357,0.0504054
1284,0.444199,0.316225,0.161451,0.0489336
1285,0.432323,0.309666,0.161238,0.0481506
1286,0.431788,0.300973,0.155052,0.048599
1287,0.418891,0.296408,0.15854,0.0472005
1288,0.418891,0.296408,0.15854,0.0472005
1289,0.421778,0.292233,0.156028,0.0472586
1290,0.421778,0.292233,0.156028,0.0472586
1291,0.440646,0.308822,0.158616,0.0486554
1292,0.439992,0.310304,0.158124,0.0491768
1293,0.439706,0.301852,0.153634,0.048899
1294,0.459563,0.309636,0.152305,0.0505039
1295,0.473142,0.321525,0.155554,0.0514837
1296,0.473142,0.321525,0.155554,0.0514837
1297,0.473142,0.321525,0.155554,0.0514837
1298,0.479782,0.330942,0.159674,0.052289
1299,0.479782,0.330942,0.159674,0.052289
1300,0.468557,0.332537,0.162454,0.0522443
1301,0.510603,0.368784,0.171116,0.0563112
1302,0.510603,0.368784,0.171116,0.0563112
1303,0.484847,0.357771,0.172727,0.0528813
1304,0.484847,0.357771,0.172727,0.0528813
1305,0.485247,0.351978,0.169448,0.0529606
1306,0.477156,0.341265,0.163011,0.0520073
1307,0.467524,0.329099,0.160745,0.0512501
1308,0.45966,0.317492,0.158954,0.050333
1309,0.45966,0.317492,0.158954,0.050333
1310,0.45966,0.317492,0.158954,0.050333
1311,0.45966,0.317492,0.158954,0.050333
1312,0.491383,0.346477,0.164856,0.0534842
1313,0.491383,0.346477,0.164856,0.0534842
1314,0.491383,0.346477,0.164856,0.0534842
1315,0.491383,0.346477,0.164856,0.0534842
1316,0.491383,0.346477,0.164856,0.0534842
1317,0.482056,0.338177,0.162589,0.0514109
1318,0.48829,0.355147,0.170862,0.0520536
1319,0.47461,0.335721,0.165322,0.0502479
1320,0.47461,0.335721,0.165322,0.0502479
1321,0.450985,0.320452,0.161597,0.0502064
1322,0.43172,0.312238,0.16425,0.048051
1323,0.440459,0.311654,0.158809,0.0493321
1324,0.440459,0.311654,0.158809,0.0493321
1325,0.426842,0.294074,0.152558,0.0475878
1326,0.414425,0.286934,0.155825,0.0468107
1327,0.412254,0.285827,0.155034,0.0470775
1328,0.404911,0.276913,0.151143,0.046256
1329,0.413854,0.276336,0.149418,0.0474978
1330,0.406537,0.280453,0.153221,0.0463425
1331,0.415648,0.278336,0.147988,0.0474133
1332,0.415648,0.278336,0.147988,0.0474133
1333,0.415648,0.278336,0.147988,0.0474133
1334,0.405545,0.275045,0.151094,0.0463946
1335,0.393448,0.26142,0.145247,0.0457447
1336,0.393448,0.26142,0.145247,0.0457447
1337,0.393448,0.26142,0.145247,0.0457447
1338,0.393448,0.26142,0.145247,0.0457447
1339,0.378047,0.245871,0.142517,0.0439021
1340,0.3752,0.243449,0.143022,0.0436587
1341,0.384348,0.249444,0.142522,0.0438994
1342,0.387274,0.244265,0.138315,0.0443333
1343,0.387274,0.244265,0.138315,0.0443333
1344,0.365594,0.23109,0.137977,0.0419267
1345,0.371504,0.23569,0.13979,0.0411141
1346,0.401509,0.260151,0.146482,0.0436653
1347,0.424548,0.271103,0.14549,0.045605
1348,0.413211,0.26524,0.144835,0.0445385
1349,0.395008,0.250375,0.141486,0.0432465
1350,0.40305,0.259457,0.144916,0.0439571
1351,0.398205,0.262344,0.1478,0.0438644
1352,0.398779,0.263517,0.147842,0.0438654
1353,0.399425,0.252386,0.140888,0.0440586
1354,0.399425,0.252386,0.140888,0.0440586
1355,0.399425,0.252386,0.140888,0.0440586
1356,0.407269,0.257864,0.142754,0.0438156
1357,0.407269,0.257864,0.142754,0.0438156
1358,0.407269,0.257864,0.142754,0.0438156
1359,0.391904,0.243575,0.136282,0.0440501
1360,0.379931,0.23526,0.136234,0.0428782
1361,0.392255,0.248799,0.138811,0.0456366
1362,0.392255,0.248799,0.138811,0.0456366
1363,0.374086,0.233433,0.135013,0.0439451
1364,0.365052,0.229897,0.137391,0.0422995
1365,0.365711,0.232969,0.138827,0.041563
1366,0.381112,0.243256,0.141736,0.0419485
1367,0.407285,0.270988,0.148299,0.0452891
1368,0.409798,0.268941,0.145335,0.0459377
1369,0.415574,0.272427,0.147163,0.0463618
1370,0.442286,0.296809,0.151489,0.0495828
1371,0.437889,0.290094,0.147458,0.0496809
1372,0.433752,0.278953,0.14407,0.0496037
1373,0.433752,0.278953,0.14407,0.0496037
1374,0.433752,0.278953,0.14407,0.0496037
1375,0.408429,0.265104,0.143913,0.0466839
1376,0.408429,0.265104,0.143913,0.0466839
1377,0.409076,0.264909,0.144166,0.046951
1378,0.438578,0.293871,0.153048,0.0497131
1379,0.424826,0.289319,0.152849,0.0481714
1380,0.433409,0.295862,0.154369,0.0494406
1381,0.433409,0.295862,0.154369,0.0494406
1382,0.433409,0.295862,0.154369,0.0494406
1383,0.430919,0.292918,0.15392,0.0493759
1384,0.444231,0.313892,0.161417,0.0497909
1385,0.430668,0.294664,0.152296,0.0486283
1386,0.430668,0.294664,0.152296,0.0486283
1387,0.400653,0.273112,0.152066,0.0449967
1388,0.404389,0.279851,0.153772,0.0453198
1389,0.399654,0.275298,0.15282,0.0454067
1390,0.400733,0.277266,0.153624,0.0457031
1391,0.406686,0.279966,0.151966,0.0463829
1392,0.406686,0.279966,0.151966,0.0463829
1393,0.406686,0.279966,0.151966,0.0463829
1394,0.406686,0.279966,0.151966,0.0463829
1395,0.406686,0.279966,0.151966,0.0463829
1396,0.439199,0.302372,0.154609,0.0505719
1397,0.459799,0.316179,0.157712,0.0528862
1398,0.459799,0.316179,0.157712,0.0528862
1399,0.480397,0.351907,0.168275,0.0545158
1400,0.468356,0.341073,0.164134,0.0526699
1401,0.468356,0.341073,0.164134,0.0526699
1402,0.453196,0.319542,0.16129,0.0504089
1403,0.453196,0.319542,0.16129,0.0504089
1404,0.437757,0.313953,0.16196,0.0484419
1405,0.452483,0.315912,0.159597,0.0502299
1406,0.452483,0.315912,0.159597,0.0502299
1407,0.460926,0.327891,0.164358,0.0515977
1408,0.460926,0.327891,0.164358,0.0515977
1409,0.460926,0.327891,0.164358,0.0515977
1410,0.460926,0.327891,0.164358,0.0515977
1411,0.459175,0.33217,0.166058,0.0517654
1412,0.459175,0.33217,0.166058,0.0517654
1413,0.451109,0.318782,0.161458,0.0511994
1414,0.468234,0.336022,0.164817,0.0534719
1415,0.468234,0.336022,0.164817,0.0534719
1416,0.468234,0.336022,0.164817,0.0534719
1417,0.457585,0.337413,0.16869,0.0516472
1418,0.457585,0.337413,0.16869,0.0516472
1419,0.447641,0.330886,0.167105,0.0509458
1420,0.472189,0.346124,0.169568,0.0529498
1421,0.472189,0.346124,0.169568,0.0529498
1422,0.454447,0.337828,0.166747,0.0518483
1423,0.447989,0.34632,0.174435,0.0510547
1424,0.447989,0.34632,0.174435,0.0510547
1425,0.432904,0.332582,0.171244,0.0495034
1426,0.445261,0.350442,0.178398,0.0504886
1427,0.416384,0.318485,0.171498,0.0478871
1428,0.431406,0.326613,0.170095,0.0493254
1429,0.431406,0.326613,0.170095,0.0493254
1430,0.429176,0.320461,0.167947,0.0484625
1431,0.429176,0.320461,0.167947,0.0484625
1432,0.429176,0.320461,0.167947,0.0484625
1433,0.436303,0.337382,0.173716,0.0486755
1434,0.44884,0.341277,0.17372,0.0497122
1435,0.44884,0.341277,0.17372,0.0497122
1436,0.44884,0.341277,0.17372,0.0497122
1437,0.44884,0.341277,0.17372,0.0497122
1438,0.44884,0.341277,0.17372,0.0497122
1439,0.414975,0.302262,0.165966,0.0452946
1440,0.419064,0.323818,0.174131,0.045988
1441,0.418851,0.324672,0.176942,0.0451094
1442,0.422469,0.328622,0.177814,0.0458657
1443,0.434544,0.348981,0.185127,0.0469388
1444,0.452616,0.36081,0.185672,0.0487163
1445,0.431436,0.339115,0.176597,0.04815
1446,0.429769,0.346959,0.183459,0.047604
1447,0.437936,0.347922,0.181144,0.0482241
1448,0.442673,0.359907,0.185933,0.0478382
1449,0.40778,0.320071,0.177164,0.0449627
1450,0.392225,0.306352,0.174349,0.043708
1451,0.384309,0.306555,0.178339,0.0427972
1452,0.394413,0.298597,0.171704,0.043449
1453,0.394413,0.298597,0.171704,0.043449
1454,0.398506,0.292183,0.164366,0.0450118
1455,0.398506,0.292183,0.164366,0.0450118
1456,0.398506,0.292183,0.164366,0.0450118
1457,0.401966,0.299119,0.164946,0.0457726
1458,0.401966,0.299119,0.164946,0.0457726
1459,0.401966,0.299119,0.164946,0.0457726
1460,0.417332,0.315112,0.171247,0.0466357
1461,0.417332,0.315112,0.171247,0.0466357
1462,0.412188,0.302787,0.166783,0.0465914
1463,0.412188,0.302787,0.166783,0.0465914
1464,0.399062,0.299722,0.170649,0.0441716
1465,0.404204,0.298509,0.167453,0.0446386
1466,0.413977,0.31999,0.176313,0.0454938
1467,0.398152,0.296299,0.167986,0.0434193
1468,0.398152,0.296299,0.167986,0.0434193
1469,0.398152,0.296299,0.167986,0.0434193
1470,0.398152,0.296299,0.167986,0.0434193
1471,0.398152,0.296299,0.167986,0.0434193
1472,0.393109,0.293423,0.166974,0.0430507
1473,0.393109,0.293423,0.166974,0.0430507
1474,0.388503,0.284789,0.16308,0.0435117
1475,0.388503,0.284789,0.16308,0.0435117
1476,0.39809,0.296338,0.168888,0.0442851
1477,0.39809,0.296338,0.168888,0.0442851
1478,0.387107,0.287447,0.164293,0.0437184
1479,0.387107,0.287447,0.164293,0.0437184
1480,0.387107,0.287447,0.164293,0.0437184
1481,0.387107,0.287447,0.164293,0.0437185
1482,0.38856,0.294646,0.169631,0.0430828
1483,0.38856,0.294646,0.169631,0.0430828
1484,0.389573,0.298565,0.171408,0.0432414
1485,0.405694,0.315556,0.175939,0.0442076
1486,0.397331,0.303652,0.17118,0.0440415
1487,0.397331,0.303652,0.17118,0.0440415
1488,0.413997,0.329568,0.178541,0.0458697
1489,0.397552,0.305688,0.173174,0.0444228
1490,0.405967,0.319268,0.176024,0.046243
1491,0.390864,0.303813,0.171899,0.0446511
1492,0.380798,0.297766,0.170613,0.0437476
1493,0.375851,0.289898,0.17025,0.0435772
1494,0.381314,0.296511,0.1713,0.0442314
1495,0.371354,0.28193,0.166964,0.043575
1496,0.383768,0.297216,0.172666,0.0444759
1497,0.383768,0.297216,0.172666,0.0444759
1498,0.377716,0.294634,0.174446,0.0437396
1499,0.374237,0.297382,0.179371,0.042342
1500,0.373237,0.294734,0.178495,0.0408978
1501,0.373315,0.286043,0.17159,0.042138
1502,0.387922,0.309161,0.177919,0.0438276
1503,0.402567,0.322999,0.181545,0.0452507
1504,0.42552,0.34542,0.183214,0.0476609
1505,0.407442,0.327235,0.180786,0.0456515
1506,0.407442,0.327235,0.180786,0.0456515
1507,0.420638,0.336727,0.180338,0.0466952
1508,0.395989,0.307335,0.172718,0.0441441
1509,0.40384,0.326882,0.180173,0.045405
1510,0.407768,0.319565,0.17516,0.0458425
1511,0.422015,0.321495,0.17212,0.0464228
1512,0.425264,0.322665,0.171572,0.0485264
1513,0.424006,0.325547,0.171904,0.0484698
1514,0.423629,0.32592,0.172699,0.0479185
1515,0.435287,0.336048,0.174108,0.0490086
1516,0.440319,0.327715,0.169623,0.0494811
1517,0.440319,0.327715,0.169623,0.0494811
1518,0.424027,0.321677,0.169303,0.0478283
1519,0.417843,0.306397,0.164368,0.0471599
1520,0.418746,0.314821,0.169356,0.0482745
1521,0.418746,0.314821,0.169356,0.0482745
1522,0.406356,0.308244,0.166162,0.0472774
1523,0.410229,0.31059,0.168905,0.0472824
1524,0.410229,0.31059,0.168905,0.0472824
1525,0.403301,0.310541,0.168024,0.0469087
1526,0.403301,0.310541,0.168024,0.0469087
1527,0.394876,0.289172,0.162937,0.0464031
1528,0.394876,0.289172,0.162937,0.0464031
1529,0.422281,0.31714,0.167333,0.0488811
1530,0.426731,0.32263,0.171468,0.04934
1531,0.435849,0.328896,0.169982,0.0501721
1532,0.435849,0.328896,0.169982,0.0501721
1533,0.435849,0.328896,0.169982,0.0501721
1534,0.439485,0.334492,0.17183,0.050638
1535,0.414164,0.306555,0.165138,0.0479254
1536,0.412179,0.307392,0.167902,0.0470724
1537,0.406893,0.307996,0.169232,0.0461355
1538,0.401499,0.303434,0.166043,0.0461792
1539,0.401499,0.303434,0.166043,0.0461792
1540,0.392292,0.296802,0.167044,0.0445358
1541,0.392292,0.296802,0.167044,0.0445358
1542,0.392292,0.296802,0.167044,0.0445358
1543,0.392292,0.296802,0.167044,0.0445358
1544,0.38171,0.283841,0.163836,0.0434477
1545,0.38171,0.283841,0.163836,0.0434477
1546,0.38171,0.283841,0.163836,0.0434477
1547,0.393835,0.288312,0.16222,0.0442364
1548,0.38366,0.284271,0.16834,0.0422507
1549,0.408084,0.294503,0.164553,0.0440546
1550,0.408084,0.294503,0.164553,0.0440546
1551,0.385334,0.268898,0.156047,0.0424664
1552,0.387763,0.279677,0.159779,0.043549
1553,0.374825,0.253092,0.147463,0.042622
1554,0.387391,0.267425,0.15033,0.0446964
1555,0.402504,0.273631,0.149714,0.0464898
1556,0.400959,0.274328,0.150429,0.0467622
1557,0.400959,0.274328,0.150429,0.0467622
1558,0.40517,0.279707,0.150605,0.0470902
1559,0.429344,0.293977,0.152151,0.0500318
1560,0.419987,0.287057,0.151846,0.0492042
1561,0.397802,0.267471,0.146964,0.0461642
1562,0.397802,0.267471,0.146964,0.0461642
1563,0.397802,0.267471,0.146964,0.0461642
1564,0.397802,0.267471,0.146964,0.0461642
1565,0.397802,0.267471,0.146964,0.0461642
1566,0.414013,0.277177,0.147631,0.0479488
1567,0.414013,0.277177,0.147631,0.0479488
1568,0.41703,0.283153,0.15085,0.0483681
1569,0.40412,0.267801,0.145644,0.0453411
1570,0.402675,0.273513,0.148878,0.0460498
1571,0.40478,0.275003,0.151748,0.0467269
1572,0.391555,0.255047,0.143464,0.0441435
1573,0.391555,0.255047,0.143464,0.0441435
1574,0.395493,0.268049,0.149515,0.0453056
1575,0.395493,0.268049,0.149515,0.0453056
1576,0.385633,0.263333,0.150578,0.0446182
1577,0.382717,0.259203,0.147737,0.0446631
1578,0.382717,0.259203,0.147737,0.0446631
1579,0.399109,0.270027,0.152365,0.0441627
1580,0.399109,0.270027,0.152365,0.0441627
1581,0.37976,0.25754,0.150014,0.0412564
1582,0.404816,0.274297,0.150348,0.0446087
1583,0.423589,0.289057,0.152802,0.0473972
1584,0.402828,0.269774,0.150021,0.0444848
1585,0.410934,0.271154,0.148921,0.0455303
1586,0.400888,0.267209,0.148971,0.044002
1587,0.400888,0.267209,0.148971,0.044002
1588,0.41628,0.282286,0.150784,0.0453946
1589,0.410503,0.28191,0.153372,0.0437221
1590,0.408827,0.27664,0.151266,0.0450807
1591,0.408827,0.27664,0.151266,0.0450807
1592,0.408827,0.27664,0.151266,0.0450807
1593,0.408827,0.27664,0.151266,0.0450807
1594,0.392635,0.264236,0.148096,0.0436984
1595,0.407939,0.270405,0.145943,0.0456701
1596,0.407939,0.270405,0.145943,0.0456701
1597,0.39556,0.264922,0.14718,0.0446864
1598,0.389175,0.261157,0.148397,0.0441945
1599,0.420235,0.296546,0.157249,0.0462791
1600,0.420235,0.296546,0.157249,0.0462791
1601,0.420287,0.294527,0.156928,0.04555
1602,0.420287,0.294527,0.156928,0.04555
1603,0.427454,0.297585,0.159406,0.0455185
1604,0.427454,0.297585,0.159406,0.0455185
1605,0.427454,0.297585,0.159406,0.0455185
1606,0.427454,0.297585,0.159406,0.0455185
1607,0.427454,0.297585,0.159406,0.0455185
1608,0.427454,0.297585,0.159406,0.0455185
1609,0.419122,0.299614,0.163742,0.0436502
1610,0.403151,0.28059,0.160437,0.0425542
1611,0.405109,0.279947,0.158457,0.042442
1612,0.405109,0.279947,0.158457,0.042442
1613,0.38266,0.269058,0.158071,0.0419392
1614,0.393405,0.283723,0.16198,0.0432702
1615,0.382142,0.270171,0.15897,0.0426748
1616,0.382539,0.27998,0.159042,0.0438366
1617,0.382539,0.27998,0.159042,0.0438366
1618,0.382539,0.27998,0.159042,0.0438366
1619,0.388833,0.28416,0.161698,0.0438838
1620,0.405681,0.298404,0.165246,0.046167
1621,0.414951,0.308912,0.166667,0.0470181
1622,0.404564,0.289947,0.160528,0.0450073
1623,0.404564,0.289947,0.160528,0.0450073
1624,0.404564,0.289947,0.160528,0.0450073
1625,0.404564,0.289947,0.160528,0.0450073
1626,0.413018,0.301036,0.165577,0.0456106
1627,0.413018,0.301036,0.165577,0.0456106
1628,0.390964,0.289022,0.163682,0.0442623
1629,0.422622,0.311193,0.164629,0.0480025
1630,0.422622,0.311193,0.164629,0.0480025
1631,0.429744,0.31987,0.168189,0.0480682
1632,0.431815,0.311417,0.162246,0.0487792
1633,0.431815,0.311417,0.162246,0.0487792
1634,0.420896,0.304574,0.162681,0.0477261
1635,0.425904,0.303752,0.161195,0.0478181
1636,0.422371,0.29958,0.157721,0.0476957
1637,0.422371,0.29958,0.157721,0.0476957
1638,0.44099,0.326314,0.168421,0.0496788
1639,0.441742,0.329635,0.167316,0.0501962
1640,0.439927,0.319284,0.16199,0.0490563
1641,0.444949,0.333595,0.170418,0.0495311
1642,0.435813,0.316245,0.165506,0.0486471
1643,0.418293,0.303201,0.162863,0.0486478
1644,0.418293,0.303201,0.162863,0.0486478
1645,0.412243,0.288996,0.156464,0.047811
1646,0.401475,0.284152,0.15526,0.0472921
1647,0.385537,0.27779,0.158078,0.0449391
1648,0.385537,0.27779,0.158078,0.0449391
1649,0.385537,0.27779,0.158078,0.0449391
1650,0.416202,0.313283,0.166224,0.0486894
1651,0.416202,0.313283,0.166224,0.0486894
1652,0.410012,0.302689,0.164349,0.048247
1653,0.425961,0.316627,0.165702,0.0495181
1654,0.425961,0.316627,0.165702,0.0495181
1655,0.440992,0.327756,0.166061,0.0511702
1656,0.453671,0.339855,0.170053,0.052741
1657,0.468215,0.351755,0.170481,0.0541366
1658,0.453158,0.331475,0.166794,0.0532522
1659,0.453158,0.331475,0.166794,0.0532522
1660,0.476624,0.353029,0.171288,0.0558157
1661,0.452009,0.349856,0.175707,0.0519408
1662,0.439066,0.327759,0.166346,0.0512088
1663,0.459918,0.336091,0.165974,0.0536794
1664,0.449001,0.326688,0.165576,0.0520376
1665,0.449001,0.326688,0.165576,0.0520376
1666,0.428148,0.32015,0.166854,0.0494426
1667,0.406817,0.3075,0.167729,0.0467863
1668,0.395869,0.294735,0.164112,0.0458348
1669,0.412676,0.314086,0.167925,0.0473301
1670,0.410644,0.322213,0.178055,0.0458693
1671,0.419423,0.326121,0.17447,0.0471052
1672,0.419423,0.326121,0.17447,0.0471052
1673,0.438417,0.348236,0.180997,0.0482411
1674,0.438417,0.348236,0.180997,0.0482411
1675,0.438417,0.348236,0.180997,0.0482411
1676,0.400914,0.304468,0.172004,0.0445598
1677,0.399371,0.309469,0.175739,0.0440145
1678,0.37459,0.284387,0.169145,0.0419498
1679,0.381224,0.296566,0.173448,0.043071
1680,0.398981,0.309731,0.172874,0.0460577
1681,0.420972,0.326578,0.175161,0.0482894
1682,0.411775,0.327274,0.177848,0.0470691
1683,0.416383,0.336545,0.182903,0.0474212
1684,0.419408,0.329335,0.17546,0.0482437
1685,0.424212,0.337424,0.178134,0.0480777
1686,0.414997,0.335355,0.182435,0.046925
1687,0.412106,0.335718,0.184013,0.0465163
1688,0.384552,0.310244,0.179463,0.0441148
1689,0.384552,0.310244,0.179463,0.0441148
1690,0.405752,0.345095,0.190814,0.0459897
1691,0.405641,0.345616,0.186521,0.0464452
1692,0.405641,0.345616,0.186521,0.0464452
1693,0.405641,0.345616,0.186521,0.0464452
1694,0.397302,0.345035,0.191535,0.0455015
1695,0.392375,0.330963,0.185575,0.0444813
1696,0.391906,0.328952,0.185504,0.0440401
1697,0.391906,0.328952,0.185504,0.0440401
1698,0.407842,0.346119,0.19137,0.0453091
1699,0.379133,0.317236,0.187582,0.0428233
1700,0.379133,0.317236,0.187582,0.0428233
1701,0.37462,0.323455,0.191712,0.0431573
1702,0.384709,0.325457,0.189097,0.0436725
1703,0.377366,0.302525,0.179818,0.042733
1704,0.390037,0.317148,0.181335,0.044216
1705,0.392091,0.316493,0.180603,0.0450546
1706,0.385639,0.306221,0.175256,0.0438906
1707,0.401511,0.324016,0.17941,0.0455155
1708,0.401511,0.324016,0.17941,0.0455155
1709,0.414528,0.334489,0.180351,0.0465074
1710,0.413313,0.319729,0.175374,0.0466468
1711,0.425381,0.333098,0.176509,0.0487228
1712,0.432892,0.33842,0.175959,0.0496329
1713,0.428221,0.337197,0.176134,0.0491859
1714,0.436603,0.342286,0.180434,0.0504725
1715,0.427777,0.338575,0.177059,0.0493127
1716,0.427777,0.338575,0.177059,0.0493127
1717,0.405864,0.3186,0.174947,0.0469101
1718,0.38844,0.302006,0.172339,0.0450486
1719,0.392412,0.312448,0.178075,0.0454458
1720,0.412902,0.336981,0.183298,0.0469965
1721,0.400786,0.330576,0.183543,0.046081
1722,0.404716,0.329132,0.182028,0.0456386
1723,0.404716,0.329132,0.182028,0.0456386
1724,0.394036,0.316096,0.179037,0.0439516
1725,0.407854,0.325514,0.178508,0.0456411
1726,0.413913,0.336311,0.182378,0.0464756
1727,0.440996,0.35852,0.186008,0.0495007
1728,0.432792,0.353844,0.18349,0.0485372
1729,0.430429,0.357508,0.18829,0.047844
1730,0.421929,0.355887,0.190868,0.0470515
1731,0.410421,0.345574,0.188946,0.046268
1732,0.434786,0.372924,0.195305,0.049003
1733,0.434786,0.372924,0.195305,0.049003
1734,0.416907,0.347526,0.18769,0.0467925
1735,0.412742,0.356542,0.194245,0.0465646
1736,0.40818,0.341005,0.187433,0.0465729
1737,0.39128,0.348938,0.198263,0.043861
1738,0.402162,0.354127,0.196856,0.0451556
1739,0.395365,0.346493,0.197809,0.0442927
1740,0.406183,0.345789,0.189882,0.0458547
1741,0.406183,0.345789,0.189882,0.0458547
1742,0.406183,0.345789,0.189882,0.0458547
1743,0.406183,0.345789,0.189882,0.0458547
1744,0.40244,0.33824,0.18728,0.0448607
1745,0.392253,0.328782,0.188886,0.0429836
1746,0.390785,0.335353,0.191506,0.0431605
1747,0.402455,0.346222,0.194482,0.0439821
1748,0.37919,0.333132,0.194842,0.0425085
1749,0.37919,0.333132,0.194842,0.0425085
1750,0.394503,0.354296,0.200486,0.0438418
1751,0.394503,0.354296,0.200486,0.0438418
1752,0.394503,0.354296,0.200486,0.0438418
1753,0.386274,0.342959,0.198636,0.0432599
1754,0.403591,0.355546,0.196487,0.0448781
1755,0.401801,0.353412,0.195597,0.0452569
1756,0.403264,0.353754,0.198288,0.0456101
1757,0.40677,0.355572,0.195832,0.0459849
1758,0.40677,0.355572,0.195832,0.0459849
1759,0.40677,0.355572,0.195832,0.0459849
1760,0.430005,0.384665,0.202157,0.0484763
1761,0.426325,0.37237,0.196995,0.0481839
1762,0.440466,0.39287,0.202273,0.0500085
1763,0.435713,0.385212,0.199721,0.0490295
1764,0.419075,0.36215,0.195192,0.0472622
1765,0.399997,0.339191,0.189687,0.0454318
1766,0.409439,0.345089,0.188615,0.0475293
1767,0.393715,0.319688,0.181767,0.0461929
1768,0.40319,0.328897,0.181432,0.0468333
1769,0.400581,0.332064,0.18536,0.0461219
1770,0.389406,0.319234,0.181769,0.0442243
1771,0.40847,0.343481,0.188065,0.0464189
1772,0.390726,0.324104,0.183422,0.0447913
1773,0.392544,0.325246,0.186882,0.0439044
1774,0.392544,0.325246,0.186882,0.0439044
1775,0.394895,0.327146,0.186432,0.0431634
1776,0.395777,0.327794,0.187238,0.0431542
1777,0.394679,0.332304,0.193102,0.0419947
1778,0.418751,0.353018,0.189979,0.0462563
1779,0.431461,0.352418,0.184016,0.0477871
1780,0.431461,0.352418,0.184016,0.0477871
1781,0.416478,0.345722,0.185882,0.046293
1782,0.416478,0.345722,0.185882,0.046293
1783,0.413816,0.347223,0.189957,0.0460006
1784,0.432254,0.349178,0.183125,0.0477839
1785,0.446212,0.376067,0.195472,0.0493053
1786,0.449555,0.370035,0.189193,0.0492119
1787,0.449555,0.370035,0.189193,0.0492119
1788,0.45178,0.366958,0.187621,0.0506364
1789,0.451121,0.377191,0.190842,0.0498277
1790,0.431112,0.350864,0.185111,0.0475609
1791,0.431112,0.350864,0.185111,0.0475609
1792,0.431112,0.350864,0.185111,0.0475609
1793,0.444588,0.365872,0.187505,0.0486479
1794,0.43689,0.353334,0.184517,0.0472924
1795,0.439545,0.356928,0.18286,0.047581
1796,0.465812,0.390816,0.194061,0.0501206
1797,0.465812,0.390816,0.194061,0.0501206
1798,0.437799,0.368129,0.192968,0.0472346
1799,0.437799,0.368129,0.192968,0.0472346
1800,0.434267,0.362242,0.188912,0.0476156
1801,0.466869,0.390216,0.189374,0.0512204
1802,0.466869,0.390216,0.189374,0.0512204
1803,0.431901,0.35432,0.187029,0.0464733
1804,0.418336,0.344842,0.187894,0.0454275
1805,0.391295,0.317208,0.182004,0.0423581
1806,0.391295,0.317208,0.182004,0.0423581
1807,0.404674,0.342781,0.189502,0.0441502
1808,0.390848,0.323113,0.185185,0.0426058
1809,0.398351,0.338936,0.192728,0.0436343
1810,0.404299,0.336614,0.188088,0.0449455
1811,0.405371,0.338317,0.187984,0.0451112
1812,0.405371,0.338317,0.187984,0.0451112
1813,0.426058,0.356596,0.18765,0.0481526
1814,0.441887,0.378328,0.195691,0.0493098
1815,0.454152,0.383652,0.191964,0.0508924
1816,0.4471,0.379033,0.194239,0.0494174
1817,0.427234,0.367452,0.195187,0.0467401
1818,0.417515,0.34825,0.189761,0.0460002
1819,0.393169,0.323343,0.182322,0.0434483
1820,0.400771,0.337474,0.187704,0.0449619
1821,0.424279,0.350057,0.186083,0.0479585
1822,0.455113,0.378038,0.189372,0.0511779
1823,0.461919,0.384334,0.189223,0.0521273
1824,0.480975,0.387972,0.184588,0.0539478
1825,0.438861,0.354224,0.18172,0.0495377
1826,0.456426,0.369774,0.183915,0.05211
1827,0.455208,0.377133,0.190548,0.0518974
1828,0.453924,0.367095,0.183468,0.0518221
1829,0.462209,0.374682,0.186712,0.0516827
1830,0.448341,0.358543,0.182524,0.0504123
1831,0.449399,0.355115,0.181259,0.0508519
1832,0.449399,0.355115,0.181259,0.0508519
1833,0.450144,0.365558,0.185673,0.0507181
1834,0.474824,0.398053,0.193602,0.053074
1835,0.462817,0.372443,0.184104,0.0526002
1836,0.450703,0.372908,0.189411,0.0515582
1837,0.48718,0.396215,0.186233,0.0558903
1838,0.49334,0.39512,0.185717,0.0566258
1839,0.519974,0.421542,0.195177,0.0602235
1840,0.519985,0.426451,0.192211,0.0599155
1841,0.510409,0.414658,0.192051,0.0585017
1842,0.48567,0.401403,0.191365,0.0560786
1843,0.493465,0.407333,0.192774,0.0570248
1844,0.441883,0.346601,0.178609,0.0511501
1845,0.438072,0.347675,0.179996,0.0507924
1846,0.432174,0.338803,0.175268,0.0498186
1847,0.447042,0.354499,0.178435,0.0512811
1848,0.459544,0.374071,0.187199,0.0521493
1849,0.44047,0.360216,0.184917,0.0498261
1850,0.432349,0.359521,0.185859,0.0488983
1851,0.432349,0.359521,0.185859,0.0488983
1852,0.435154,0.352318,0.182335,0.0495917
1853,0.435154,0.352318,0.182335,0.0495917
1854,0.428434,0.354135,0.184996,0.0493556
1855,0.421435,0.345415,0.183623,0.0486083
1856,0.422678,0.352739,0.187766,0.0487645
1857,0.407839,0.331437,0.179979,0.047048
1858,0.409113,0.333286,0.180607,0.0474873
1859,0.405403,0.336809,0.185342,0.0462368
1860,0.40984,0.348839,0.190934,0.0467252
1861,0.40984,0.348839,0.190934,0.0467252
1862,0.39074,0.331339,0.188068,0.0442995
1863,0.39074,0.331339,0.188068,0.0442995
1864,0.395382,0.344857,0.193757,0.0457045
1865,0.380803,0.332378,0.192398,0.0432435
1866,0.383234,0.334673,0.193138,0.0437009
1867,0.36112,0.317996,0.194264,0.0407617
1868,0.371201,0.324308,0.19685,0.0410126
1869,0.393332,0.34792,0.196442,0.0441622
1870,0.403593,0.350498,0.197676,0.0442438
1871,0.405195,0.355605,0.197563,0.045458
1872,0.405195,0.355605,0.197563,0.045458
1873,0.396698,0.349596,0.198108,0.044
1874,0.400682,0.346437,0.192057,0.0455367
1875,0.411338,0.366752,0.19604,0.0471665
1876,0.39716,0.346697,0.194402,0.0457725
1877,0.415312,0.364859,0.197534,0.0479863
1878,0.415312,0.364859,0.197534,0.0479863
1879,0.422004,0.360732,0.191499,0.0492542
1880,0.433138,0.367469,0.194248,0.0499278
1881,0.433138,0.367469,0.194248,0.0499278
1882,0.444678,0.383734,0.195637,0.0514418
1883,0.430088,0.371634,0.194643,0.0491607
1884,0.420677,0.364972,0.195687,0.0471768
1885,0.420677,0.364972,0.195687,0.0471768
1886,0.413618,0.362389,0.196961,0.0460125
1887,0.41342,0.370475,0.203679,0.0461486
1888,0.41342,0.370475,0.203679,0.0461486
1889,0.427983,0.369133,0.195733,0.0485437
1890,0.427983,0.369133,0.195733,0.0485437
1891,0.441846,0.38161,0.197844,0.0497603
1892,0.441846,0.38161,0.197844,0.0497603
1893,0.437326,0.362407,0.19003,0.0493648
1894,0.437326,0.362407,0.19003,0.0493648
1895,0.404003,0.347597,0.193906,0.0458011
1896,0.404003,0.347597,0.193906,0.0458011
1897,0.388165,0.328648,0.189165,0.0437931
1898,0.383922,0.320217,0.186937,0.0417779
1899,0.395229,0.328893,0.188511,0.0440913
1900,0.395229,0.328893,0.188511,0.0440913
1901,0.405593,0.332581,0.185331,0.0459666
1902,0.413241,0.334821,0.183065,0.0477341
1903,0.407233,0.33909,0.188453,0.0471094
1904,0.41094,0.349952,0.193193,0.0465981
1905,0.412932,0.358519,0.195055,0.0468873
1906,0.412932,0.358519,0.195055,0.0468873
1907,0.394211,0.340373,0.191575,0.0450731
1908,0.40244,0.354072,0.195838,0.0456264
1909,0.401947,0.360944,0.201409,0.0460703
1910,0.401947,0.360944,0.201409,0.0460703
1911,0.405297,0.360544,0.19991,0.0454668
1912,0.415533,0.361073,0.19597,0.0462147
1913,0.45285,0.403457,0.204136,0.0499284
1914,0.446177,0.384243,0.197401,0.0500932
1915,0.465948,0.410779,0.201878,0.052048
1916,0.475887,0.411232,0.200774,0.0537749
1917,0.47408,0.419025,0.203701,0.0529589
1918,0.497585,0.4337,0.203396,0.0558828
1919,0.507697,0.455305,0.210648,0.0562932
1920,0.484869,0.432659,0.207075,0.0541584
1921,0.479701,0.432834,0.208569,0.0533217
1922,0.479701,0.432834,0.208569,0.0533217
1923,0.497336,0.441466,0.207441,0.0544444
1924,0.469559,0.404308,0.198295,0.0513338
1925,0.469559,0.404308,0.198295,0.0513338
1926,0.493822,0.428916,0.201199,0.0541682
1927,0.493822,0.428916,0.201199,0.0541682
1928,0.483373,0.420156,0.199776,0.0546698
1929,0.478554,0.415422,0.200821,0.0543149
1930,0.475945,0.416645,0.20238,0.0536919
1931,0.493467,0.4438,0.208706,0.0545805
1932,0.524912,0.48406,0.215862,0.0586269
1933,0.524912,0.48406,0.215862,0.0586269
1934,0.514592,0.455571,0.2074,0.0577702
1935,0.490802,0.447608,0.212068,0.0553826
1936,0.477767,0.426687,0.20514,0.0539076
1937,0.452902,0.405073,0.206514,0.0505195
1938,0.446524,0.384688,0.195407,0.0499525
1939,0.468,0.406507,0.19963,0.0516092
1940,0.469829,0.41409,0.204036,0.0525178
1941,0.469829,0.41409,0.204036,0.0525178
1942,0.461163,0.406937,0.204854,0.0505873
1943,0.461163,0.406937,0.204854,0.0505873
1944,0.461163,0.406937,0.204854,0.0505873
1945,0.461163,0.406937,0.204854,0.0505873
1946,0.477375,0.417806,0.204961,0.0533608
1947,0.477375,0.417806,0.204961,0.0533608
1948,0.466448,0.405845,0.202632,0.0513892
1949,0.439644,0.365772,0.190493,0.0496409
1950,0.430342,0.349459,0.184534,0.0493589
1951,0.428613,0.336571,0.177908,0.049084
1952,0.420015,0.34745,0.187133,0.0473283
1953,0.426349,0.339718,0.178145,0.0484171
1954,0.410756,0.326756,0.178517,0.0463493
1955,0.410756,0.326756,0.178517,0.0463493
1956,0.410756,0.326756,0.178517,0.0463493
1957,0.418525,0.334406,0.180981,0.0473266
1958,0.418525,0.334406,0.180981,0.0473266
1959,0.404046,0.323506,0.178733,0.0451355
1960,0.415852,0.33525,0.182535,0.0469623
1961,0.415852,0.33525,0.182535,0.0469623
1962,0.429563,0.345303,0.182569,0.048775
1963,0.441499,0.347844,0.180216,0.0497015
1964,0.441499,0.347844,0.180216,0.0497015
1965,0.441499,0.347844,0.180216,0.0497015
1966,0.439381,0.344753,0.178262,0.0491392
1967,0.438555,0.34797,0.178775,0.0499151
1968,0.438555,0.34797,0.178775,0.0499151
1969,0.438555,0.34797,0.178775,0.0499151
1970,0.415726,0.33111,0.178387,0.0473609
1971,0.417217,0.329314,0.176157,0.0467334
1972,0.417217,0.329314,0.176157,0.0467334
1973,0.41416,0.322054,0.174403,0.0464459
1974,0.41416,0.322054,0.174403,0.0464459
1975,0.436881,0.345757,0.177987,0.0489226
1976,0.436881,0.345757,0.177987,0.0489226
1977,0.450124,0.374562,0.190404,0.0498198
1978,0.450124,0.374562,0.190404,0.0498198
1979,0.450124,0.374562,0.190404,0.0498198
1980,0.43451,0.357294,0.188447,0.0481692
1981,0.425759,0.36134,0.191851,0.0470172
1982,0.434826,0.363638,0.19086,0.0486181
1983,0.434826,0.363638,0.19086,0.0486181
1984,0.424359,0.358705,0.191255,0.0476982
1985,0.42629,0.356367,0.191341,0.047778
1986,0.427339,0.358781,0.188632,0.0482213
1987,0.414623,0.353705,0.191676,0.0471607
1988,0.429044,0.358944,0.189566,0.0477967
1989,0.436113,0.356153,0.185029,0.0485743
1990,0.461891,0.381686,0.189296,0.0521981
1991,0.445588,0.369502,0.18933,0.0500764
1992,0.450859,0.363599,0.183883,0.0512101
1993,0.443782,0.363803,0.187359,0.0499249
1994,0.441564,0.350988,0.183443,0.0493713
1995,0.425831,0.349636,0.186076,0.047865
1996,0.42162,0.331441,0.176833,0.0480543
1997,0.427721,0.344679,0.181011,0.0486451
1998,0.426553,0.342945,0.182893,0.0468928
1999,0.398511,0.312529,0.175712,0.0439177
2000,0.407427,0.321145,0.178838,0.0448962
2001,0.4165,0.333813,0.18286,0.0461996
2002,0.4165,0.333813,0.18286,0.0461996
2003,0.413941,0.335187,0.181681,0.0463202
2004,0.429488,0.3507,0.183656,0.0475841
2005,0.452252,0.380634,0.195043,0.0499664
2006,0.445922,0.373186,0.19251,0.0494991
2007,0.443156,0.365457,0.18809,0.0495021
2008,0.443156,0.365457,0.18809,0.0495021
2009,0.439014,0.363009,0.188133,0.0492491
2010,0.459709,0.397427,0.199313,0.0514811
2011,0.457069,0.397457,0.199169,0.0510011
2012,0.463752,0.389757,0.192817,0.0525461
2013,0.463752,0.389757,0.192817,0.0525461
2014,0.463752,0.389757,0.192817,0.0525461
2015,0.463752,0.389757,0.192817,0.0525461
2016,0.451091,0.378088,0.190383,0.0515843
2017,0.480971,0.402466,0.192635,0.0554999
2018,0.459969,0.38931,0.193368,0.0532713
2019,0.454185,0.384316,0.195431,0.0522647
2020,0.460849,0.386034,0.192593,0.0533266
2021,0.464148,0.384255,0.191761,0.0535936
2022,0.456709,0.376349,0.188159,0.0522855
2023,0.456709,0.376349,0.188159,0.0522855
2024,0.475562,0.415884,0.203782,0.0546017
2025,0.475562,0.415884,0.203782,0.0546017
2026,0.457883,0.380027,0.188598,0.0525738
2027,0.464942,0.40161,0.198188,0.0530885
2028,0.464942,0.40161,0.198188,0.0530885
2029,0.483649,0.419792,0.201212,0.0553117
2030,0.470447,0.403979,0.19887,0.0541134
2031,0.459649,0.393524,0.19657,0.0525021
2032,0.459649,0.393524,0.19657,0.0525021
2033,0.459649,0.393524,0.19657,0.0525021
2034,0.480241,0.419914,0.20361,0.0545547
2035,0.470959,0.395288,0.192491,0.053209
2036,0.473264,0.390746,0.188786,0.0538768
2037,0.466298,0.391565,0.191486,0.052627
2038,0.465582,0.385034,0.189913,0.0527433
2039,0.4621,0.389676,0.192727,0.0527495
2040,0.460709,0.374166,0.186725,0.0530211
2041,0.454581,0.357548,0.178461,0.0519885
2042,0.470253,0.371862,0.182259,0.0536386
2043,0.496424,0.405143,0.191169,0.055826
2044,0.476093,0.382089,0.186972,0.053097
2045,0.468848,0.376917,0.185927,0.0526844
2046,0.462691,0.373635,0.184609,0.0526828
2047,0.46563,0.381062,0.186578,0.0528778
2048,0.447992,0.391504,0.198285,0.0508314
2049,0.45094,0.393074,0.201588,0.0506078
2050,0.455335,0.385299,0.194499,0.0515782
2051,0.452953,0.386992,0.195224,0.0517972
2052,0.442198,0.37611,0.191312,0.0509175
2053,0.456845,0.388596,0.194921,0.0517809
2054,0.456845,0.388596,0.194921,0.0517809
2055,0.441764,0.366501,0.187082,0.0504705
2056,0.433626,0.343146,0.181132,0.0503222
2057,0.424702,0.333185,0.174856,0.0490884
2058,0.424702,0.333185,0.174856,0.0490884
2059,0.413114,0.333021,0.179844,0.0478623
2060,0.409127,0.332215,0.1806,0.0471704
2061,0.409127,0.332215,0.1806,0.0471704
2062,0.401148,0.32104,0.177647,0.046292
2063,0.391931,0.326314,0.18245,0.0453911
2064,0.391931,0.326314,0.18245,0.0453911
2065,0.397608,0.327988,0.182858,0.0463601
2066,0.381652,0.307245,0.179473,0.0433078
2067,0.375767,0.317642,0.187521,0.0420216
2068,0.369202,0.311005,0.185589,0.0413812
2069,0.369202,0.311005,0.185589,0.0413812
2070,0.378793,0.314739,0.186417,0.041848
2071,0.397574,0.337206,0.188118,0.0449943
2072,0.397574,0.337206,0.188118,0.0449943
2073,0.397574,0.337206,0.188118,0.0449943
2074,0.419026,0.349466,0.187105,0.047234
2075,0.419026,0.349466,0.187105,0.047234
2076,0.411884,0.344368,0.188389,0.047208
2077,0.398891,0.337322,0.189023,0.0455754
2078,0.422027,0.36291,0.194613,0.0482329
2079,0.415989,0.367934,0.20137,0.0466442
2080,0.425791,0.384524,0.20517,0.0470809
2081,0.431121,0.387239,0.204266,0.047502
2082,0.420069,0.365994,0.197606,0.0461521
2083,0.395445,0.339961,0.193619,0.0440799
2084,0.406352,0.345396,0.191192,0.045943
2085,0.410434,0.352738,0.193615,0.0464039
2086,0.419077,0.362262,0.194411,0.0479283
2087,0.419077,0.362262,0.194411,0.0479283
2088,0.41082,0.350496,0.191955,0.0472673
2089,0.41082,0.350496,0.191955,0.0472673
2090,0.419496,0.377666,0.203237,0.0478169
2091,0.410142,0.36074,0.194175,0.047275
2092,0.412176,0.362078,0.199188,0.0470254
2093,0.412176,0.362078,0.199188,0.0470254
2094,0.412176,0.362078,0.199188,0.0470254
2095,0.418283,0.375337,0.203432,0.0473792
2096,0.418283,0.375337,0.203432,0.0473792
2097,0.418283,0.375337,0.203432,0.0473792
2098,0.418283,0.375337,0.203432,0.0473792
2099,0.38429,0.332878,0.192677,0.0438216
2100,0.410001,0.352639,0.191117,0.0471136
2101,0.399345,0.344439,0.193102,0.0460674
2102,0.401828,0.346722,0.193551,0.045783
2103,0.401922,0.337358,0.185828,0.0462663
2104,0.401922,0.337358,0.185828,0.0462663
2105,0.426223,0.374151,0.194525,0.0486833
2106,0.410591,0.357559,0.193252,0.0465253
2107,0.395467,0.344832,0.194916,0.044351
2108,0.394459,0.349609,0.199873,0.0442707
2109,0.394459,0.349609,0.199873,0.0442707
2110,0.394459,0.349609,0.199873,0.0442707
2111,0.394459,0.349609,0.199873,0.0442707
2112,0.388601,0.328758,0.189374,0.0436834
2113,0.397856,0.3382,0.18934,0.046024
2114,0.397856,0.3382,0.18934,0.046024
2115,0.397856,0.3382,0.18934,0.046024
2116,0.406861,0.348836,0.191631,0.0474994
2117,0.406861,0.348836,0.191631,0.0474994
2118,0.421314,0.368629,0.196047,0.0486219
2119,0.421314,0.368629,0.196047,0.0486219
2120,0.439715,0.382772,0.197078,0.050414
2121,0.439715,0.382772,0.197078,0.050414
2122,0.43823,0.384196,0.198065,0.0507896
2123,0.445367,0.375471,0.191341,0.0515021
2124,0.473651,0.401868,0.196683,0.0540262
2125,0.454141,0.388021,0.19602,0.0518964
2126,0.454141,0.388021,0.19602,0.0518964
2127,0.446501,0.367696,0.187344,0.0510549
2128,0.460885,0.390336,0.191959,0.052897
2129,0.463131,0.392353,0.195434,0.0523609
2130,0.483427,0.407643,0.195868,0.0538075
2131,0.451229,0.378863,0.191188,0.0503014
2132,0.451049,0.380904,0.19283,0.0498305
2133,0.417471,0.348746,0.190263,0.046919
2134,0.417471,0.348746,0.190263,0.046919
2135,0.417471,0.348746,0.190263,0.046919
2136,0.417471,0.348746,0.190263,0.046919
2137,0.424737,0.355499,0.191148,0.0477595
2138,0.424737,0.355499,0.191148,0.0477595
2139,0.424737,0.355499,0.191148,0.0477595
2140,0.426974,0.362775,0.191928,0.0484175
2141,0.447528,0.375669,0.192289,0.0514895
2142,0.447528,0.375669,0.192289,0.0514895
2143,0.425311,0.355849,0.188305,0.048631
2144,0.429956,0.353871,0.186264,0.0488367
2145,0.429956,0.353871,0.186264,0.0488367
2146,0.419373,0.354501,0.189168,0.0478465
2147,0.407837,0.34606,0.187941,0.0458364
2148,0.407837,0.34606,0.187941,0.0458364
2149,0.37731,0.314521,0.184463,0.0422869
2150,0.382064,0.319249,0.185121,0.0432938
2151,0.373525,0.315627,0.187379,0.0425593
2152,0.391328,0.325914,0.185046,0.0449011
2153,0.372289,0.308782,0.183729,0.0421072
2154,0.368553,0.300992,0.180991,0.0419726
2155,0.370816,0.303243,0.179885,0.0426817
2156,0.364304,0.288756,0.173894,0.041951
2157,0.36582,0.281864,0.168248,0.0427367
2158,0.371587,0.287391,0.170981,0.0433648
2159,0.370179,0.287724,0.168593,0.0430347
2160,0.360119,0.278638,0.171128,0.0416514
2161,0.366899,0.284545,0.171051,0.0417268
2162,0.381111,0.297358,0.175818,0.0418201
2163,0.370949,0.288895,0.171958,0.0414399
2164,0.378658,0.303232,0.179935,0.0418778
2165,0.363127,0.276423,0.167482,0.0411289
2166,0.371118,0.282861,0.167451,0.0423277
2167,0.38079,0.29771,0.172538,0.0433427
2168,0.392456,0.300855,0.170401,0.043452
2169,0.387176,0.288582,0.166022,0.0429293
2170,0.387176,0.288582,0.166022,0.0429293
2171,0.388467,0.292905,0.167958,0.0428512
2172,0.375795,0.277368,0.163873,0.0425161
2173,0.374428,0.279999,0.168137,0.0414222
2174,0.368901,0.270251,0.163558,0.0407802
2175,0.368901,0.270251,0.163558,0.0407802
2176,0.365071,0.266828,0.161136,0.0425119
2177,0.365071,0.266828,0.161136,0.0425119
2178,0.380768,0.280376,0.162644,0.0442762
2179,0.355063,0.256849,0.157026,0.0411687
2180,0.355063,0.256849,0.157026,0.0411687
2181,0.384972,0.279823,0.159015,0.0454709
2182,0.370269,0.27463,0.159268,0.043609
2183,0.370269,0.27463,0.159268,0.043609
2184,0.370212,0.273215,0.159537,0.0432153
2185,0.367166,0.274573,0.163467,0.0429025
2186,0.374742,0.282245,0.164771,0.0439544
2187,0.374742,0.282245,0.164771,0.0439544
2188,0.381108,0.293518,0.169476,0.0446381
2189,0.374511,0.286625,0.168285,0.0438813
2190,0.374511,0.286625,0.168285,0.0438813
2191,0.376999,0.287408,0.16797,0.0446891
2192,0.377623,0.285516,0.165415,0.044955
2193,0.377623,0.285516,0.165415,0.044955
2194,0.359463,0.266361,0.161606,0.0426019
2195,0.3537,0.262861,0.159548,0.0416967
2196,0.3537,0.262861,0.159548,0.0416967
2197,0.355885,0.261644,0.161122,0.0413878
2198,0.355885,0.261644,0.161122,0.0413878
2199,0.353215,0.265885,0.163976,0.0408955
2200,0.356859,0.270961,0.166419,0.0406386
2201,0.387856,0.297078,0.170516,0.0435462
2202,0.379523,0.296044,0.172902,0.0425145
2203,0.388287,0.302729,0.17579,0.0422301
2204,0.375968,0.294886,0.174746,0.0418804
2205,0.387391,0.295337,0.17151,0.0440345
2206,0.385048,0.298383,0.172434,0.0438234
2207,0.385048,0.298383,0.172434,0.0438234
2208,0.385048,0.298383,0.172434,0.0438234
2209,0.378036,0.290735,0.169994,0.0428215
2210,0.378036,0.290735,0.169994,0.0428215
2211,0.407004,0.306162,0.167666,0.0460291
2212,0.407004,0.306162,0.167666,0.0460291
2213,0.421658,0.305147,0.164075,0.0471314
2214,0.421658,0.305147,0.164075,0.0471314
2215,0.416909,0.30654,0.165262,0.0464264
2216,0.437318,0.335453,0.174478,0.0482891
2217,0.422514,0.324685,0.172979,0.0471747
2218,0.419184,0.318303,0.171134,0.046984
2219,0.419184,0.318303,0.171134,0.046984
2220,0.396992,0.303857,0.170501,0.0440357
2221,0.396992,0.303857,0.170501,0.0440357
2222,0.399304,0.305038,0.170915,0.0445154
2223,0.412039,0.319443,0.172456,0.0460299
2224,0.416667,0.321633,0.173305,0.0468886
2225,0.414236,0.313267,0.171326,0.0469372
2226,0.414236,0.313267,0.171326,0.0469372
2227,0.430191,0.333873,0.175094,0.0481625
2228,0.428068,0.323161,0.170225,0.0483117
2229,0.428068,0.323161,0.170225,0.0483117
2230,0.422822,0.320529,0.17011,0.0472568
2231,0.411699,0.30958,0.169481,0.04608
2232,0.411699,0.30958,0.169481,0.04608
2233,0.388251,0.281289,0.162666,0.0425936
2234,0.388251,0.281289,0.162666,0.0425936
2235,0.399163,0.293108,0.165735,0.0430157
2236,0.399163,0.293108,0.165735,0.0430157
2237,0.392028,0.288835,0.166406,0.0438197
2238,0.402544,0.289538,0.161507,0.0453448
2239,0.402544,0.289538,0.161507,0.0453448
2240,0.414253,0.309326,0.166828,0.0461513
2241,0.414253,0.309326,0.166828,0.0461513
2242,0.383115,0.285629,0.166841,0.0428176
2243,0.372361,0.265058,0.155598,0.041996
2244,0.369285,0.253672,0.151844,0.041111
2245,0.372162,0.261941,0.154224,0.0421619
2246,0.386077,0.268592,0.152534,0.0452521
2247,0.386077,0.268592,0.152534,0.0452521
2248,0.408776,0.291314,0.159484,0.0463647
2249,0.414309,0.303298,0.163189,0.0474454
2250,0.409772,0.283087,0.155564,0.0462572
2251,0.384763,0.266633,0.15369,0.0440571
2252,0.398391,0.268687,0.147997,0.0464426
2253,0.399867,0.271752,0.150205,0.0463027
2254,0.399747,0.280895,0.156024,0.0464035
2255,0.387095,0.268887,0.153077,0.0444554
2256,0.382259,0.280546,0.162237,0.043673
2257,0.382259,0.280546,0.162237,0.043673
2258,0.389736,0.281904,0.159691,0.0438382
2259,0.376767,0.276874,0.161878,0.0434663
2260,0.376767,0.276874,0.161878,0.0434663
2261,0.376767,0.276874,0.161878,0.0434663
2262,0.404926,0.313363,0.170924,0.0462271
2263,0.371514,0.283889,0.16901,0.0422637
2264,0.371514,0.283889,0.16901,0.0422637
2265,0.371514,0.283889,0.16901,0.0422637
2266,0.371514,0.283889,0.16901,0.0422637
2267,0.371514,0.283889,0.16901,0.0422637
2268,0.371514,0.283889,0.16901,0.0422637
2269,0.366943,0.278275,0.166035,0.0416121
2270,0.377871,0.292342,0.173385,0.0423767
2271,0.383489,0.298405,0.172441,0.0433127
2272,0.388541,0.299228,0.172792,0.0425037
2273,0.400626,0.311771,0.172308,0.0446702
2274,0.416077,0.321172,0.172253,0.0471749
2275,0.391026,0.303176,0.172093,0.044247
2276,0.382347,0.299501,0.173956,0.0425222
2277,0.400808,0.322734,0.1799,0.043982
2278,0.386744,0.303383,0.174403,0.0418404
2279,0.394609,0.302384,0.171477,0.0439707
2280,0.409474,0.319173,0.174497,0.045379
2281,0.409474,0.319173,0.174497,0.045379
2282,0.412019,0.315819,0.171737,0.0467736
2283,0.420515,0.3244,0.173517,0.0474105
2284,0.420515,0.3244,0.173517,0.0474105
2285,0.436035,0.352131,0.182681,0.0493962
2286,0.420188,0.330184,0.178814,0.0473502
2287,0.420188,0.330184,0.178814,0.0473502
2288,0.423629,0.338601,0.181933,0.0479059
2289,0.420729,0.3394,0.181464,0.0477458
2290,0.420729,0.3394,0.181464,0.0477458
2291,0.409105,0.334065,0.18385,0.0462717
2292,0.39478,0.321338,0.179524,0.0444112
2293,0.394325,0.323134,0.182093,0.0457046
2294,0.394325,0.323134,0.182093,0.0457046
2295,0.422023,0.355633,0.190202,0.0483373
2296,0.422023,0.355633,0.190202,0.0483373
2297,0.397504,0.324246,0.181738,0.0460901
2298,0.403042,0.336278,0.183661,0.0468223
2299,0.407948,0.325915,0.177729,0.0474643
2300,0.43514,0.366011,0.189427,0.0500866
2301,0.43514,0.366011,0.189427,0.0500866
2302,0.447362,0.372156,0.189121,0.0516835
2303,0.44601,0.365313,0.184659,0.0514111
2304,0.44601,0.365313,0.184659,0.0514111
2305,0.44601,0.365313,0.184659,0.0514111
2306,0.44601,0.365313,0.184659,0.0514111
2307,0.43495,0.353951,0.179113,0.0503778
2308,0.413223,0.327987,0.177866,0.0476593
2309,0.433468,0.347954,0.181369,0.0499737
2310,0.443819,0.381227,0.196603,0.0498232
2311,0.443819,0.381227,0.196603,0.0498232
2312,0.456405,0.406737,0.203106,0.051679
2313,0.48327,0.412055,0.19697,0.0549868
2314,0.448215,0.389583,0.198393,0.0505637
2315,0.448215,0.389583,0.198393,0.0505637
2316,0.448215,0.389583,0.198393,0.0505637
2317,0.451132,0.387567,0.19532,0.0507463
2318,0.448385,0.372675,0.190061,0.0500257
2319,0.453054,0.381996,0.19254,0.050907
2320,0.451301,0.380961,0.195591,0.0508564
2321,0.456778,0.388179,0.196744,0.051295
2322,0.443584,0.374517,0.192516,0.0497134
2323,0.443584,0.374517,0.192516,0.0497134
2324,0.443584,0.374517,0.192516,0.0497134
2325,0.437111,0.364787,0.189926,0.0483636
2326,0.424507,0.349639,0.186193,0.0471269
2327,0.401694,0.324045,0.18129,0.0441745
2328,0.397696,0.313218,0.176002,0.0432431
2329,0.427088,0.351881,0.184979,0.0459753
2330,0.403064,0.318169,0.175542,0.0439593
2331,0.38066,0.291788,0.173045,0.0408458
2332,0.38066,0.291788,0.173045,0.0408458
2333,0.366318,0.274438,0.16733,0.0400818
2334,0.380978,0.287382,0.170063,0.0418082
2335,0.381576,0.289087,0.169392,0.0421948
2336,0.393925,0.301553,0.172434,0.0429147
2337,0.402349,0.303826,0.169891,0.0442749
2338,0.400003,0.295426,0.165548,0.0433512
2339,0.400003,0.295426,0.165548,0.0433512
2340,0.400003,0.295426,0.165548,0.0433512
2341,0.400003,0.295426,0.165548,0.0433512
2342,0.388097,0.290666,0.164577,0.0436978
2343,0.388097,0.290666,0.164577,0.0436978
2344,0.377184,0.275012,0.16296,0.0413123
2345,0.377184,0.275012,0.16296,0.0413123
2346,0.368262,0.268684,0.162355,0.0410963
2347,0.368262,0.268684,0.162355,0.0410963
2348,0.378113,0.274928,0.161006,0.0422401
2349,0.359394,0.25614,0.159108,0.0394853
2350,0.359394,0.25614,0.159108,0.0394853
2351,0.372963,0.273414,0.163475,0.0412091
2352,0.385041,0.294688,0.172811,0.0417705
2353,0.383623,0.292118,0.169551,0.0421084
2354,0.388998,0.28608,0.163767,0.0431199
2355,0.381554,0.27876,0.163517,0.0424909
2356,0.383319,0.271094,0.158247,0.0414779
2357,0.379605,0.269551,0.157332,0.0422116
2358,0.382322,0.274827,0.160924,0.041912
2359,0.382322,0.274827,0.160924,0.041912
2360,0.382322,0.274827,0.160924,0.041912
2361,0.367119,0.264871,0.15756,0.0414386
2362,0.373453,0.265233,0.156537,0.0422335
2363,0.354283,0.25492,0.157711,0.0400261
2364,0.354283,0.25492,0.157711,0.0400261
2365,0.353769,0.254616,0.157226,0.0401068
2366,0.369556,0.274307,0.162339,0.0418736
2367,0.353491,0.262183,0.160724,0.040798
2368,0.351937,0.254125,0.157988,0.039275
2369,0.366014,0.276476,0.166111,0.0415145
2370,0.358556,0.270832,0.16707,0.0400003
2371,0.358556,0.270832,0.16707,0.0400003
2372,0.367196,0.285787,0.171739,0.0411821
2373,0.369544,0.292439,0.176266,0.0411154
2374,0.391297,0.30269,0.172405,0.0437488
2375,0.407454,0.318485,0.175775,0.0453547
2376,0.407454,0.318485,0.175775,0.0453547
2377,0.416845,0.335647,0.180665,0.0473014
2378,0.408149,0.322833,0.179177,0.0458861
2379,0.408149,0.322833,0.179177,0.0458861
2380,0.405738,0.325323,0.181241,0.0450904
2381,0.414604,0.339312,0.185105,0.0451816
2382,0.406865,0.329611,0.182656,0.0450546
2383,0.401905,0.31561,0.177887,0.0447448
2384,0.392949,0.313462,0.179131,0.0443911
2385,0.389872,0.313791,0.179805,0.0439625
2386,0.401909,0.320197,0.179143,0.0438955
2387,0.4404,0.349525,0.180748,0.0490427
2388,0.439688,0.337214,0.176192,0.0497591
2389,0.457568,0.362413,0.182566,0.0518862
2390,0.457568,0.362413,0.182566,0.0518862
2391,0.471005,0.377071,0.183399,0.052735
2392,0.471005,0.377071,0.183399,0.052735
2393,0.471005,0.377071,0.183399,0.052735
2394,0.471005,0.377071,0.183399,0.052735
2395,0.461309,0.375354,0.185631,0.0514001
2396,0.461309,0.375354,0.185631,0.0514001
2397,0.472124,0.393157,0.192094,0.0521281
2398,0.479673,0.410437,0.196737,0.0524264
2399,0.473127,0.405639,0.197364,0.0516605
2400,0.471002,0.412679,0.201673,0.0515378
2401,0.466089,0.406858,0.200603,0.05162
2402,0.449523,0.368076,0.187767,0.0495715
2403,0.451977,0.388195,0.19698,0.0496015
2404,0.46364,0.405558,0.202102,0.050831
2405,0.456644,0.404763,0.204569,0.0501234
2406,0.451222,0.387163,0.197001,0.050062
2407,0.451222,0.387163,0.197001,0.050062
2408,0.457877,0.394888,0.197316,0.0504551
2409,0.450934,0.387131,0.193546,0.0500569
2410,0.454755,0.386328,0.193255,0.0502867
2411,0.454755,0.386328,0.193255,0.0502867
2412,0.460972,0.396209,0.19795,0.0511013
2413,0.460972,0.396209,0.19795,0.0511013
2414,0.460972,0.396209,0.19795,0.0511013
2415,0.466327,0.394476,0.195053,0.0512992
2416,0.466327,0.394476,0.195053,0.0512992
2417,0.470891,0.402274,0.197763,0.0516175
2418,0.490427,0.422356,0.200756,0.0541336
2419,0.459637,0.379019,0.188855,0.0518202
2420,0.464812,0.394949,0.195226,0.0525713
2421,0.458601,0.385984,0.193699,0.052403
2422,0.488889,0.414816,0.198056,0.0554668
2423,0.4863,0.407569,0.195958,0.0556537
2424,0.4863,0.407569,0.195958,0.0556537
2425,0.4863,0.407569,0.195958,0.0556537
2426,0.4863,0.407569,0.195958,0.0556537
2427,0.4863,0.407569,0.195958,0.0556537
2428,0.465532,0.394339,0.194916,0.0533019
2429,0.465532,0.394339,0.194916,0.0533019
2430,0.470575,0.400837,0.196904,0.0538283
2431,0.470575,0.400837,0.196904,0.0538283
2432,0.470575,0.400837,0.196904,0.0538283
2433,0.445416,0.381392,0.196271,0.0513065
2434,0.461489,0.394391,0.196546,0.0529794
2435,0.450027,0.39156,0.198224,0.0519256
2436,0.434895,0.380727,0.198316,0.050434
2437,0.455761,0.395382,0.197644,0.0527061
2438,0.447541,0.397534,0.202167,0.0510604
2439,0.430346,0.37982,0.200454,0.0488928
2440,0.411311,0.363156,0.196403,0.047079
2441,0.413324,0.37414,0.205763,0.0473122
2442,0.400757,0.357337,0.198821,0.0456107
2443,0.400757,0.357337,0.198821,0.0456107
2444,0.404381,0.369467,0.2037,0.0461478
2445,0.398937,0.360286,0.199803,0.0456399
2446,0.398937,0.360286,0.199803,0.0456399
2447,0.398937,0.360286,0.199803,0.0456399
2448,0.397213,0.361172,0.203873,0.0442068
2449,0.397213,0.361172,0.203873,0.0442068
2450,0.397311,0.350597,0.198992,0.0439767
2451,0.399963,0.350788,0.20005,0.044588
2452,0.399963,0.350788,0.20005,0.044588
2453,0.390211,0.353221,0.201299,0.0438677
2454,0.385555,0.342163,0.198859,0.043482
2455,0.385555,0.342163,0.198859,0.043482
2456,0.387269,0.347292,0.19976,0.0427657
2457,0.387337,0.350258,0.201011,0.0426049
2458,0.402538,0.365368,0.204567,0.0433632
2459,0.399603,0.350166,0.199454,0.0424786
2460,0.408206,0.357308,0.197444,0.0429439
2461,0.4056,0.351574,0.195773,0.0445127
2462,0.392062,0.347324,0.196489,0.0438437
2463,0.399736,0.352267,0.197312,0.0442979
2464,0.399502,0.348001,0.196456,0.043796
2465,0.399502,0.348001,0.196456,0.043796
2466,0.404082,0.352159,0.196139,0.0437019
2467,0.400259,0.345813,0.196808,0.0427482
2468,0.40423,0.348525,0.196106,0.0433714
2469,0.392704,0.334597,0.195853,0.0424423
2470,0.392704,0.334597,0.195853,0.0424423
2471,0.392794,0.335159,0.191493,0.0433837
2472,0.40555,0.343095,0.19185,0.0446099
2473,0.40555,0.343095,0.19185,0.0446099
2474,0.411632,0.338378,0.18438,0.0450497
2475,0.417763,0.338689,0.184235,0.0463181
2476,0.443254,0.380702,0.197979,0.049147
2477,0.444586,0.372343,0.191935,0.0492935
2478,0.464338,0.384167,0.192548,0.0519088
2479,0.446581,0.372601,0.189731,0.0503376
2480,0.489,0.400047,0.188406,0.055352
2481,0.451169,0.361556,0.182748,0.0505036
2482,0.451169,0.361556,0.182748,0.0505036
2483,0.451169,0.361556,0.182748,0.0505036
2484,0.439876,0.354395,0.181396,0.0496926
2485,0.444233,0.354534,0.179716,0.04982
2486,0.457827,0.372555,0.185357,0.0520264
2487,0.458914,0.370475,0.184506,0.0521703
2488,0.480804,0.39279,0.189191,0.0542066
2489,0.447076,0.364377,0.185511,0.050619
2490,0.447076,0.364377,0.185511,0.050619
2491,0.447076,0.364377,0.185511,0.050619
2492,0.439465,0.346935,0.178131,0.0501446
2493,0.439465,0.346935,0.178131,0.0501446
2494,0.438673,0.349251,0.180654,0.0501022
2495,0.450131,0.359094,0.18151,0.0516409
2496,0.450131,0.359094,0.18151,0.0516409
2497,0.450688,0.35408,0.177861,0.0513594
2498,0.452601,0.351517,0.176943,0.0516223
2499,0.439045,0.334588,0.173254,0.0509903
2500,0.439045,0.334588,0.173254,0.0509903
2501,0.439045,0.334588,0.173254,0.0509903
2502,0.450191,0.340795,0.173684,0.0534691
2503,0.450191,0.340795,0.173684,0.0534691
2504,0.450191,0.340795,0.173684,0.0534691
2505,0.451583,0.346354,0.174673,0.0521454
2506,0.437263,0.339327,0.174266,0.05061
2507,0.443326,0.348072,0.178252,0.0510297
2508,0.443326,0.348072,0.178252,0.0510297
2509,0.457608,0.373297,0.18581,0.0513136
2510,0.447358,0.367307,0.185662,0.050539
2511,0.451227,0.369611,0.187555,0.0505148
2512,0.478693,0.392512,0.190095,0.0536832
2513,0.465225,0.378002,0.189426,0.0516123
2514,0.472059,0.381155,0.188092,0.0524422
2515,0.478499,0.390723,0.1905,0.0534431
2516,0.460543,0.381687,0.191619,0.0509815
2517,0.460543,0.381687,0.191619,0.0509815
2518,0.470656,0.396102,0.193471,0.0515162
2519,0.471054,0.389093,0.191572,0.0511181
2520,0.444408,0.36273,0.186803,0.0484887
2521,0.440338,0.363593,0.188878,0.04815
2522,0.447963,0.378651,0.192785,0.0485484
2523,0.433975,0.366556,0.190869,0.0463025
2524,0.441347,0.37274,0.194032,0.0472439
2525,0.43532,0.363103,0.190203,0.0470953
2526,0.419036,0.342975,0.182264,0.046583
2527,0.419036,0.342975,0.182264,0.046583
2528,0.424326,0.343084,0.18022,0.046807
2529,0.419859,0.342358,0.18361,0.047145
2530,0.42986,0.341801,0.180891,0.0482987
2531,0.42986,0.341801,0.180891,0.0482987
2532,0.415477,0.33637,0.182748,0.0464316
2533,0.415477,0.33637,0.182748,0.0464316
2534,0.420434,0.328206,0.175613,0.0478996
2535,0.416026,0.333999,0.1803,0.0472046
2536,0.416026,0.333999,0.1803,0.0472046
2537,0.416408,0.327812,0.176894,0.0472518
2538,0.416408,0.327812,0.176894,0.0472518
2539,0.416467,0.334335,0.179286,0.0477707
2540,0.416467,0.334335,0.179286,0.0477707
2541,0.424969,0.349743,0.183932,0.0489211
2542,0.424969,0.349743,0.183932,0.0489211
2543,0.424188,0.345629,0.183058,0.0482933
2544,0.424188,0.345629,0.183058,0.0482933
2545,0.448836,0.377336,0.189235,0.0509812
2546,0.430513,0.354194,0.183216,0.0486419
2547,0.441264,0.356401,0.181842,0.0500827
2548,0.448215,0.362076,0.182147,0.051404
2549,0.448215,0.362076,0.182147,0.051404
2550,0.448215,0.362076,0.182147,0.051404
2551,0.437426,0.357432,0.185236,0.0498494
2552,0.398887,0.330439,0.183685,0.0456984
2553,0.398436,0.326379,0.183667,0.0460136
2554,0.407182,0.339253,0.1851,0.0469844
2555,0.407182,0.339253,0.1851,0.0469844
2556,0.416851,0.340529,0.181697,0.0480057
2557,0.413426,0.338406,0.183168,0.0473871
2558,0.417236,0.349297,0.187228,0.0482353
2559,0.406574,0.340201,0.187057,0.0464429
2560,0.386893,0.321156,0.183105,0.0442166
2561,0.416285,0.352387,0.18999,0.047755
2562,0.399027,0.349983,0.194225,0.0453679
2563,0.396077,0.338351,0.191281,0.0451274
2564,0.396266,0.331418,0.18886,0.0449084
2565,0.388907,0.33692,0.193385,0.0442007
2566,0.375416,0.31791,0.18852,0.0423217
2567,0.377562,0.324417,0.191887,0.0427024
2568,0.377562,0.324417,0.191887,0.0427024
2569,0.375782,0.325436,0.193161,0.0430027
2570,0.398084,0.337562,0.18872,0.0460449
2571,0.415678,0.359531,0.196541,0.0481265
2572,0.415678,0.359531,0.196541,0.0481265
2573,0.415678,0.359531,0.196541,0.0481265
2574,0.410821,0.351156,0.189506,0.0483925
2575,0.41254,0.34782,0.187579,0.0483082
2576,0.396543,0.328391,0.184172,0.0465888
2577,0.378284,0.324911,0.187365,0.0434143
2578,0.364008,0.305887,0.185431,0.0421776
2579,0.383617,0.333625,0.192888,0.0439734
2580,0.383617,0.333625,0.192888,0.0439734
2581,0.387835,0.335551,0.192629,0.0444736
2582,0.382551,0.320961,0.184603,0.0437915
2583,0.383516,0.324319,0.187806,0.0443211
2584,0.389603,0.335236,0.191805,0.0452849
2585,0.389911,0.320585,0.182559,0.0452728
2586,0.389911,0.320585,0.182559,0.0452728
2587,0.388199,0.330472,0.189457,0.0441798
2588,0.40151,0.351087,0.198504,0.0452628
2589,0.407942,0.333951,0.184194,0.0468162
2590,0.406881,0.337677,0.183967,0.0463953
2591,0.419118,0.347384,0.184299,0.0484158
2592,0.427193,0.358373,0.188354,0.0495935
2593,0.417904,0.337738,0.182279,0.0478764
2594,0.413633,0.328993,0.176049,0.0477636
2595,0.434551,0.343322,0.179075,0.0499685
2596,0.434551,0.343322,0.179075,0.0499685
2597,0.420038,0.335002,0.179984,0.048175
2598,0.420038,0.335002,0.179984,0.048175
2599,0.42018,0.317226,0.169814,0.0486354
2600,0.413813,0.32228,0.175623,0.0478855
2601,0.413813,0.32228,0.175623,0.0478855
2602,0.413813,0.32228,0.175623,0.0478855
2603,0.428132,0.330114,0.174644,0.0483427
2604,0.441492,0.337296,0.174156,0.0494691
2605,0.441492,0.337296,0.174156,0.0494691
2606,0.443188,0.356503,0.182254,0.0500099
2607,0.419135,0.324051,0.176213,0.0469936
2608,0.413826,0.323999,0.17494,0.0465711
2609,0.410715,0.325368,0.175905,0.046339
2610,0.442182,0.350504,0.179981,0.0496391
2611,0.442182,0.350504,0.179981,0.0496391
2612,0.44838,0.361015,0.180866,0.0499247
2613,0.44838,0.361015,0.180866,0.0499247
2614,0.464701,0.372934,0.183479,0.0511997
2615,0.452486,0.352488,0.18178,0.0493586
2616,0.452486,0.352488,0.18178,0.0493586
2617,0.456984,0.365478,0.183751,0.0502701
2618,0.456984,0.365478,0.183751,0.0502701
2619,0.443081,0.349029,0.180519,0.0488447
2620,0.424189,0.324279,0.173721,0.0471283
2621,0.424189,0.324279,0.173721,0.0471283
2622,0.438187,0.339202,0.178667,0.0492512
2623,0.448406,0.365035,0.183761,0.0505748
2624,0.44208,0.355766,0.182533,0.0499332
2625,0.44208,0.355766,0.182533,0.0499332
2626,0.44208,0.355766,0.182533,0.0499332
2627,0.441271,0.349516,0.180572,0.049819
2628,0.435694,0.337208,0.17537,0.0494087
2629,0.423666,0.323489,0.17106,0.047881
2630,0.435259,0.326819,0.168368,0.0503289
2631,0.435259,0.326819,0.168368,0.0503289
2632,0.421263,0.315201,0.168082,0.0488611
2633,0.42996,0.324216,0.170495,0.0500171
2634,0.42996,0.324216,0.170495,0.0500171
2635,0.42996,0.324216,0.170495,0.0500171
2636,0.419607,0.308032,0.163814,0.0487927
2637,0.410059,0.315775,0.171122,0.0473367
2638,0.441666,0.345073,0.176074,0.0507863
2639,0.429841,0.343553,0.178288,0.0491867
2640,0.429841,0.343553,0.178288,0.0491867
2641,0.424043,0.336743,0.178407,0.0482358
2642,0.440812,0.35579,0.182046,0.0499117
2643,0.408441,0.323612,0.17542,0.0465224
2644,0.419568,0.339163,0.180991,0.0479258
2645,0.419568,0.339163,0.180991,0.0479258
2646,0.436246,0.348917,0.181589,0.0496363
2647,0.425224,0.338639,0.176746,0.0489655
2648,0.425224,0.338639,0.176746,0.0489655
2649,0.423055,0.346354,0.181166,0.0483343
2650,0.410309,0.33225,0.179728,0.0470384
2651,0.410309,0.33225,0.179728,0.0470384
2652,0.434069,0.353816,0.182943,0.0493468
2653,0.429751,0.337794,0.177154,0.0493546
2654,0.440971,0.350214,0.179797,0.0503365
2655,0.434278,0.342242,0.175967,0.0497686
2656,0.44278,0.35714,0.181964,0.0503283
2657,0.454643,0.360949,0.181506,0.0512909
2658,0.477196,0.378988,0.182858,0.0534392
2659,0.477196,0.378988,0.182858,0.0534392
2660,0.475868,0.384308,0.183667,0.0532171
2661,0.475868,0.384308,0.183667,0.0532171
2662,0.484985,0.400741,0.192448,0.0540609
2663,0.440718,0.35872,0.185713,0.0486961
2664,0.444359,0.367714,0.189347,0.0499776
2665,0.444359,0.367714,0.189347,0.0499776
2666,0.439328,0.35386,0.182737,0.0492435
2667,0.450076,0.385829,0.195782,0.0498445
2668,0.462455,0.406859,0.201842,0.0503943
2669,0.446078,0.394036,0.200596,0.0493285
2670,0.444273,0.398073,0.20708,0.0495194
2671,0.409728,0.372077,0.205358,0.045407
2672,0.409728,0.372077,0.205358,0.045407
2673,0.409728,0.372077,0.205358,0.045407
2674,0.437467,0.40831,0.217485,0.0478719
2675,0.412304,0.374935,0.207585,0.0448258
2676,0.412304,0.374935,0.207585,0.0448258
2677,0.412304,0.374935,0.207585,0.0448258
2678,0.430812,0.387075,0.207083,0.047283
2679,0.42772,0.378724,0.200994,0.0465791
2680,0.414413,0.357467,0.196761,0.0458503
2681,0.417643,0.349564,0.190627,0.0450042
2682,0.400022,0.334474,0.186639,0.044133
2683,0.397187,0.3295,0.186958,0.0435316
2684,0.397187,0.3295,0.186958,0.0435316
2685,0.401257,0.342264,0.191946,0.0447291
2686,0.391162,0.328855,0.188955,0.0438545
2687,0.398369,0.335842,0.190319,0.0438706
2688,0.398369,0.335842,0.190319,0.0438706
2689,0.399514,0.325155,0.184467,0.0443063
2690,0.399514,0.325155,0.184467,0.0443063
2691,0.399514,0.325155,0.184467,0.0443063
2692,0.399514,0.325155,0.184467,0.0443063
2693,0.376786,0.314762,0.186841,0.0417372
2694,0.381058,0.314799,0.185738,0.0423534
2695,0.400147,0.343764,0.193355,0.043871
2696,0.388677,0.324645,0.186241,0.0437431
2697,0.392665,0.33375,0.18994,0.0443833
2698,0.374481,0.311394,0.181311,0.0424603
2699,0.381212,0.3156,0.182799,0.0439769
2700,0.375089,0.318135,0.18733,0.0420044
2701,0.375089,0.318135,0.18733,0.0420044
2702,0.383021,0.319846,0.183819,0.04369
2703,0.383021,0.319846,0.183819,0.04369
2704,0.395711,0.32974,0.185569,0.0450617
2705,0.407179,0.33123,0.179764,0.0470251
2706,0.401663,0.32474,0.179424,0.0461577
2707,0.392091,0.32687,0.183742,0.0448915
2708,0.389988,0.315505,0.179626,0.0441158
2709,0.389988,0.315505,0.179626,0.0441158
2710,0.389988,0.315505,0.179626,0.0441158
2711,0.390505,0.331087,0.188306,0.0441308
2712,0.390505,0.331087,0.188306,0.0441308
2713,0.404203,0.343833,0.191472,0.0448597
2714,0.386904,0.325634,0.188332,0.0437137
2715,0.413462,0.351142,0.192225,0.0463451
2716,0.409385,0.350386,0.195127,0.0448907
2717,0.409385,0.350386,0.195127,0.0448907
2718,0.395937,0.344181,0.195441,0.0442337
2719,0.403723,0.349649,0.193075,0.0455405
2720,0.437726,0.379394,0.193514,0.049584
2721,0.437726,0.379394,0.193514,0.049584
2722,0.4238,0.370591,0.196351,0.0473225
2723,0.431465,0.372978,0.194111,0.0484441
2724,0.422359,0.367966,0.196992,0.0473932
2725,0.422359,0.367966,0.196992,0.0473932
2726,0.419697,0.360705,0.193736,0.0475429
2727,0.418276,0.362412,0.195365,0.0470634
2728,0.399434,0.335667,0.186124,0.0459651
2729,0.398884,0.338535,0.188274,0.0457917
2730,0.398884,0.338535,0.188274,0.0457917
2731,0.398884,0.338535,0.188274,0.0457917
2732,0.396926,0.337913,0.18915,0.0439815
2733,0.386909,0.326515,0.188994,0.0427185
2734,0.394296,0.343106,0.195544,0.0432552
2735,0.394846,0.348414,0.197659,0.0436829
2736,0.394846,0.348414,0.197659,0.0436829
2737,0.399216,0.358777,0.20151,0.0438216
2738,0.422608,0.379258,0.203187,0.0454898
2739,0.416929,0.371051,0.204263,0.044404
2740,0.397773,0.346844,0.199618,0.0424672
2741,0.395434,0.346585,0.20063,0.0419155
2742,0.411416,0.356504,0.198454,0.0442045
2743,0.411416,0.356504,0.198454,0.0442045
2744,0.411416,0.356504,0.198454,0.0442045
2745,0.405672,0.349309,0.193936,0.0432905
2746,0.404622,0.347073,0.194666,0.0437251
2747,0.372888,0.312317,0.187995,0.0413577
2748,0.376951,0.314989,0.187629,0.0410462
2749,0.396365,0.328151,0.186116,0.0432515
2750,0.396365,0.328151,0.186116,0.0432515
2751,0.403399,0.334385,0.185567,0.0452263
2752,0.399529,0.331036,0.185134,0.0455679
2753,0.399529,0.331036,0.185134,0.0455679
2754,0.404549,0.319561,0.176827,0.0469236
2755,0.407025,0.331562,0.181945,0.0465375
2756,0.403882,0.330833,0.183729,0.0460584
2757,0.407167,0.338771,0.187532,0.0455824
2758,0.41752,0.350027,0.187556,0.0480488
2759,0.418242,0.353628,0.190824,0.0470621
2760,0.418242,0.353628,0.190824,0.0470621
2761,0.418242,0.353628,0.190824,0.0470621
2762,0.418242,0.353628,0.190824,0.0470621
2763,0.403268,0.340238,0.187824,0.0450164
2764,0.415049,0.352355,0.190383,0.0474961
2765,0.421101,0.360919,0.19524,0.0473944
2766,0.431936,0.374945,0.196802,0.0489718
2767,0.414362,0.340758,0.183993,0.0464435
2768,0.414362,0.340758,0.183993,0.0464435
2769,0.416798,0.342685,0.185384,0.046718
2770,0.416798,0.342685,0.185384,0.046718
2771,0.402961,0.330734,0.18202,0.0458831
2772,0.442267,0.364,0.18887,0.0500776
2773,0.448217,0.387559,0.196307,0.0501655
2774,0.452699,0.38271,0.192667,0.0507088
2775,0.440077,0.381092,0.196285,0.0493694
2776,0.435423,0.371761,0.19235,0.0490051
2777,0.434028,0.368266,0.192115,0.0488426
2778,0.45108,0.391072,0.1996,0.0503131
2779,0.45108,0.391072,0.1996,0.0503131
2780,0.45108,0.391072,0.1996,0.0503131
2781,0.442817,0.380123,0.197228,0.0490749
2782,0.478037,0.419295,0.204115,0.0522302
2783,0.478037,0.419295,0.204115,0.0522302
2784,0.48798,0.424627,0.203146,0.0527599
2785,0.49153,0.422749,0.201627,0.052904
2786,0.49153,0.422749,0.201627,0.052904
2787,0.481138,0.417186,0.203213,0.052205
2788,0.482672,0.417722,0.202236,0.0534074
2789,0.482672,0.417722,0.202236,0.0534074
2790,0.471927,0.409166,0.201863,0.0516063
2791,0.478232,0.414405,0.203867,0.0514674
2792,0.478232,0.414405,0.203867,0.0514674
2793,0.478232,0.414405,0.203867,0.0514674
2794,0.464447,0.390957,0.193789,0.0496973
2795,0.464447,0.390957,0.193789,0.0496973
2796,0.429878,0.352351,0.187708,0.0463601
2797,0.429878,0.352351,0.187708,0.0463601
2798,0.429878,0.352351,0.187708,0.0463601
2799,0.429878,0.352351,0.187708,0.0463601
2800,0.450192,0.363784,0.186945,0.0479814
2801,0.450192,0.363784,0.186945,0.0479814
2802,0.457037,0.384927,0.196811,0.0484989
2803,0.457037,0.384927,0.196811,0.0484989
2804,0.457037,0.384927,0.196811,0.0484989
2805,0.45237,0.374204,0.193002,0.0492132
2806,0.454056,0.373176,0.191451,0.0497608
2807,0.461648,0.388676,0.193859,0.05146
2808,0.477067,0.39108,0.19272,0.0525275
2809,0.477067,0.39108,0.19272,0.0525275
2810,0.477067,0.39108,0.19272,0.0525275
2811,0.485966,0.412464,0.198184,0.0539939
2812,0.468184,0.39541,0.196303,0.0516062
2813,0.45727,0.382626,0.193159,0.0506437
2814,0.415976,0.337604,0.18371,0.0460645
2815,0.415976,0.337604,0.18371,0.0460645
2816,0.422113,0.350126,0.184389,0.0473074
2817,0.439591,0.364043,0.187691,0.0491546
2818,0.436594,0.352311,0.182073,0.0491565
2819,0.435344,0.35117,0.181775,0.048606
2820,0.420737,0.323953,0.173222,0.0470729
2821,0.404441,0.314088,0.174837,0.0450428
2822,0.417344,0.337355,0.180834,0.0479795
2823,0.414193,0.337374,0.185564,0.045636
2824,0.435634,0.349862,0.182592,0.0485789
2825,0.435634,0.349862,0.182592,0.0485789
2826,0.410591,0.325147,0.176722,0.0460309
2827,0.403341,0.30489,0.170764,0.043883
2828,0.398494,0.302773,0.169523,0.044109
2829,0.398349,0.307867,0.173412,0.0438112
2830,0.387055,0.291913,0.168762,0.0432354
2831,0.387055,0.291913,0.168762,0.0432354
2832,0.39256,0.305127,0.17476,0.0431261
2833,0.393231,0.306733,0.172871,0.0444251
2834,0.403198,0.314707,0.173648,0.0458464
2835,0.399606,0.310359,0.172204,0.0453388
2836,0.380272,0.290436,0.169023,0.043736
2837,0.380272,0.290436,0.169023,0.043736
2838,0.380272,0.290436,0.169023,0.043736
2839,0.387028,0.289951,0.166185,0.0432557
2840,0.375471,0.277762,0.163448,0.0417034
2841,0.377487,0.278521,0.164924,0.0415128
2842,0.380369,0.286139,0.167763,0.0428777
2843,0.391375,0.298579,0.170155,0.0439626
2844,0.39946,0.296501,0.165742,0.0445119
2845,0.39946,0.296501,0.165742,0.0445119
2846,0.39946,0.296501,0.165742,0.0445119
2847,0.39946,0.296501,0.165742,0.0445119
2848,0.412168,0.301459,0.165096,0.0455013
2849,0.410078,0.299459,0.163545,0.0447119
2850,0.406815,0.302593,0.168861,0.0447348
2851,0.425445,0.313623,0.164584,0.0465435
2852,0.399073,0.289994,0.16363,0.0434575
2853,0.399073,0.289994,0.16363,0.0434575
2854,0.399073,0.289994,0.16363,0.0434575
2855,0.399073,0.289994,0.16363,0.0434575
2856,0.391199,0.27741,0.157673,0.0442335
2857,0.37746,0.264517,0.155425,0.0432247
2858,0.395713,0.288755,0.163398,0.0434028
2859,0.37691,0.2723,0.159638,0.0429449
2860,0.38372,0.281323,0.161482,0.0442281
2861,0.405757,0.295686,0.162256,0.0477268
2862,0.385667,0.272513,0.156172,0.0451276
2863,0.385667,0.272513,0.156172,0.0451276
2864,0.385667,0.272513,0.156172,0.0451276
2865,0.388339,0.277969,0.156612,0.0455538
2866,0.400568,0.29538,0.164346,0.0464772
2867,0.398663,0.290189,0.161604,0.0461885
2868,0.398663,0.290189,0.161604,0.0461885
2869,0.398663,0.290189,0.161604,0.0461885
2870,0.391657,0.289187,0.162166,0.0452462
2871,0.393329,0.286814,0.161878,0.0449777
2872,0.393329,0.286814,0.161878,0.0449777
2873,0.380766,0.281908,0.163815,0.0438208
2874,0.380766,0.281908,0.163815,0.0438208
2875,0.376282,0.277764,0.161798,0.0433882
2876,0.376282,0.277764,0.161798,0.0433882
2877,0.385799,0.279723,0.161125,0.0438251
2878,0.385799,0.279723,0.161125,0.0438251
2879,0.376885,0.272192,0.160488,0.0426864
2880,0.377574,0.274491,0.16213,0.0429599
2881,0.352878,0.256436,0.161231,0.039729
2882,0.367403,0.278594,0.168017,0.0410023
2883,0.367403,0.278594,0.168017,0.0410023
2884,0.375155,0.285783,0.16793,0.0417108
2885,0.362088,0.276504,0.168445,0.0412098
2886,0.369352,0.276276,0.164456,0.042282
2887,0.369352,0.276276,0.164456,0.042282
2888,0.362642,0.266285,0.160597,0.0411558
2889,0.362642,0.266285,0.160597,0.0411558
2890,0.383191,0.288165,0.165198,0.0438101
2891,0.38472,0.281353,0.160885,0.0434569
2892,0.362088,0.27222,0.166629,0.0402787
2893,0.375133,0.278686,0.164065,0.0423815
2894,0.364944,0.265622,0.158035,0.0422762
2895,0.358356,0.258073,0.157138,0.0406793
2896,0.358356,0.258073,0.157138,0.0406793
2897,0.36209,0.26788,0.160883,0.0421199
2898,0.36209,0.26788,0.160883,0.0421199
2899,0.352044,0.247471,0.151954,0.0403259
2900,0.374871,0.269795,0.158334,0.0424944
2901,0.354558,0.25956,0.159047,0.0406797
2902,0.354558,0.25956,0.159047,0.0406797
2903,0.353992,0.257261,0.158958,0.0409052
2904,0.359646,0.259699,0.159738,0.0414562
2905,0.357384,0.258699,0.15942,0.0404155
2906,0.363529,0.264154,0.158554,0.0420905
2907,0.363529,0.264154,0.158554,0.0420905
2908,0.363529,0.264154,0.158554,0.0420905
2909,0.363529,0.264154,0.158554,0.0420905
2910,0.367134,0.264824,0.156122,0.0427914
2911,0.362672,0.262445,0.156384,0.0421452
2912,0.362672,0.262445,0.156384,0.0421452
2913,0.384263,0.272158,0.155512,0.0446774
2914,0.394189,0.283741,0.158837,0.0458223
2915,0.371883,0.272047,0.160741,0.0430187
2916,0.375047,0.269715,0.160507,0.0430928
2917,0.375047,0.269715,0.160507,0.0430928
2918,0.37418,0.264975,0.153986,0.0433126
2919,0.357798,0.248483,0.151801,0.0405171
2920,0.35609,0.255366,0.158256,0.0385962
2921,0.362387,0.249297,0.155046,0.0390107
2922,0.37064,0.255876,0.154651,0.039643
2923,0.37064,0.255876,0.154651,0.039643
2924,0.39905,0.283036,0.160243,0.0436602
2925,0.379892,0.270716,0.16032,0.0421515
2926,0.379892,0.270716,0.16032,0.0421515
2927,0.385595,0.281555,0.16358,0.0428748
2928,0.385595,0.281555,0.16358,0.0428748
2929,0.388499,0.281387,0.16291,0.0432919
2930,0.391999,0.288731,0.165675,0.0432974
2931,0.385981,0.282796,0.162261,0.0428382
2932,0.383379,0.268321,0.156266,0.0430895
2933,0.377306,0.268857,0.157883,0.0421309
2934,0.387955,0.277484,0.160483,0.0429091
2935,0.387955,0.277484,0.160483,0.0429091
2936,0.395426,0.288243,0.16445,0.0434296
2937,0.395426,0.288243,0.16445,0.0434296
2938,0.425602,0.324779,0.174713,0.0457358
2939,0.412649,0.312953,0.172356,0.0445233
2940,0.412261,0.306531,0.168644,0.043709
2941,0.436197,0.326672,0.171271,0.0462935
2942,0.436197,0.326672,0.171271,0.0462935
2943,0.447203,0.339513,0.173768,0.0487912
2944,0.420926,0.313928,0.169918,0.0457035
2945,0.427085,0.325265,0.173319,0.0468593
2946,0.418981,0.311892,0.1674,0.0466668
2947,0.4344,0.328187,0.170028,0.046839
2948,0.4344,0.328187,0.170028,0.046839
2949,0.431152,0.32131,0.17024,0.0472136
2950,0.444358,0.341329,0.172763,0.0489924
2951,0.43316,0.326225,0.170824,0.0480964
2952,0.43316,0.326225,0.170824,0.0480964
2953,0.441856,0.33671,0.174406,0.0496544
2954,0.429178,0.323345,0.171232,0.0472406
2955,0.434463,0.336921,0.175705,0.0478578
2956,0.45535,0.354635,0.179211,0.0501581
2957,0.46444,0.365122,0.180551,0.0508745
2958,0.46444,0.365122,0.180551,0.0508745
2959,0.46444,0.365122,0.180551,0.0508745
2960,0.46444,0.365122,0.180551,0.0508745
2961,0.465713,0.361819,0.17931,0.0507845
2962,0.465713,0.361819,0.17931,0.0507845
2963,0.440789,0.33294,0.171713,0.0481794
2964,0.42015,0.320355,0.171938,0.0465921
2965,0.408574,0.311757,0.17073,0.0463658
2966,0.425755,0.323853,0.169856,0.0480103
2967,0.417945,0.311278,0.167175,0.0470147
2968,0.430147,0.3226,0.169763,0.0483017
2969,0.438996,0.344039,0.17755,0.0483988
2970,0.440818,0.349054,0.180154,0.0483879
2971,0.443308,0.339774,0.174517,0.0496412
2972,0.449803,0.342994,0.173391,0.0505282
2973,0.435571,0.343279,0.181589,0.0487224
2974,0.459485,0.356714,0.179313,0.0509433
2975,0.424295,0.321758,0.171434,0.0474074
2976,0.437428,0.331328,0.172812,0.0490889
2977,0.437428,0.331328,0.172812,0.0490889
2978,0.437428,0.331328,0.172812,0.0490889
2979,0.471423,0.365202,0.177719,0.0531043
2980,0.471423,0.365202,0.177719,0.0531043
2981,0.471423,0.365202,0.177719,0.0531043
2982,0.459194,0.350546,0.173292,0.0520388
2983,0.427131,0.333754,0.176914,0.0475843
2984,0.427131,0.333754,0.176914,0.0475843
2985,0.427131,0.333754,0.176914,0.0475843
2986,0.433489,0.350519,0.182923,0.0483438
2987,0.434676,0.339496,0.177738,0.0487603
2988,0.434676,0.339496,0.177738,0.0487603
2989,0.453877,0.360171,0.182895,0.0507741
2990,0.462332,0.368422,0.180617,0.0522338
2991,0.47658,0.368109,0.175949,0.0539678
2992,0.472252,0.36146,0.175668,0.053587
2993,0.426882,0.325346,0.170386,0.0489895
2994,0.422355,0.331595,0.177276,0.0477495
2995,0.417644,0.335774,0.179206,0.0471118
2996,0.414191,0.326978,0.177112,0.045463
2997,0.405432,0.322061,0.179046,0.0442822
2998,0.424494,0.339178,0.18105,0.0462073
2999,0.424494,0.339178,0.18105,0.0462073
3000,0.424494,0.339178,0.18105,0.0462073
3001,0.438499,0.353865,0.185063,0.0478582
3002,0.448424,0.365802,0.186116,0.0491661
3003,0.4468,0.356071,0.182154,0.049569
3004,0.4468,0.356071,0.182154,0.049569
3005,0.461897,0.369708,0.184629,0.051111
3006,0.468397,0.382649,0.187812,0.0514772
3007,0.458344,0.366612,0.182624,0.0497089
3008,0.4417,0.362585,0.184361,0.0478027
3009,0.4417,0.362585,0.184361,0.0478027
3010,0.4417,0.362585,0.184361,0.0478027
3011,0.4417,0.362585,0.184361,0.0478027
3012,0.428093,0.341028,0.181625,0.0453445
3013,0.455453,0.369188,0.187109,0.048707
3014,0.462232,0.377601,0.188714,0.0496655
3015,0.451132,0.372935,0.189958,0.0491601
3016,0.444501,0.358963,0.184914,0.0489792
3017,0.447033,0.36749,0.187827,0.0483475
3018,0.445126,0.366381,0.188741,0.0472025
3019,0.445126,0.366381,0.188741,0.0472025
3020,0.458923,0.376753,0.189418,0.0492895
3021,0.458923,0.376753,0.189418,0.0492895
3022,0.458923,0.376753,0.189418,0.0492895
3023,0.449448,0.376582,0.191285,0.0488166
3024,0.449975,0.373264,0.190899,0.0487136
3025,0.438682,0.374788,0.193265,0.0479813
3026,0.428871,0.367431,0.194911,0.0469109
3027,0.433979,0.373027,0.196077,0.0472877
3028,0.446038,0.381451,0.197561,0.0489105
3029,0.446038,0.381451,0.197561,0.0489105
3030,0.436499,0.385062,0.202417,0.0481376
3031,0.436499,0.385062,0.202417,0.0481376
3032,0.426206,0.361964,0.192876,0.0466947
3033,0.439475,0.384903,0.199845,0.0477479
3034,0.428793,0.360623,0.19374,0.0470492
3035,0.438344,0.373269,0.195433,0.0477284
3036,0.41593,0.350934,0.192273,0.0450816
3037,0.437704,0.381393,0.19897,0.0483069
3038,0.444721,0.378674,0.197962,0.0486455
3039,0.444721,0.378674,0.197962,0.0486455
3040,0.444721,0.378674,0.197962,0.0486455
3041,0.458985,0.373388,0.185026,0.0518289
3042,0.465378,0.395423,0.194741,0.0522266
3043,0.455173,0.385927,0.19354,0.0512326
3044,0.440734,0.372349,0.194779,0.0492892
3045,0.414717,0.345982,0.188409,0.0459253
3046,0.424891,0.347203,0.184993,0.0474028
3047,0.427026,0.346538,0.183686,0.0474707
3048,0.427026,0.346538,0.183686,0.0474707
3049,0.427026,0.346538,0.183686,0.0474707
3050,0.410319,0.331487,0.182838,0.0459535
3051,0.397308,0.326667,0.183858,0.04412
3052,0.393758,0.320408,0.181128,0.0444475
3053,0.38553,0.309637,0.18069,0.0419958
3054,0.38553,0.309637,0.18069,0.0419958
3055,0.38553,0.309637,0.18069,0.0419958
3056,0.38553,0.309637,0.18069,0.0419958
3057,0.393505,0.317137,0.183825,0.0424898
3058,0.402867,0.326689,0.183078,0.0443436
3059,0.434323,0.358104,0.189207,0.0472288
3060,0.434323,0.358104,0.189207,0.0472288
3061,0.434323,0.358104,0.189207,0.0472288
3062,0.427887,0.366456,0.196888,0.0465315
3063,0.445966,0.378544,0.194819,0.0491821
3064,0.435506,0.370504,0.193409,0.0481308
3065,0.413134,0.348123,0.189255,0.0448844
3066,0.38741,0.320513,0.186645,0.0425086
3067,0.411477,0.349869,0.195415,0.0448809
3068,0.436474,0.375827,0.19542,0.0483963
3069,0.43582,0.36279,0.1894,0.0489927
3070,0.43582,0.36279,0.1894,0.0489927
3071,0.427399,0.36005,0.189924,0.0484805
3072,0.437598,0.380632,0.198191,0.0492206
3073,0.459902,0.393743,0.196398,0.0517324
3074,0.45974,0.392597,0.194948,0.0513185
3075,0.45974,0.392597,0.194948,0.0513185
3076,0.49204,0.421678,0.198941,0.0552656
3077,0.49184,0.432371,0.206321,0.0556337
3078,0.495969,0.40797,0.193263,0.0563241
3079,0.479269,0.410224,0.19746,0.0540655
3080,0.479269,0.410224,0.19746,0.0540655
3081,0.479269,0.410224,0.19746,0.0540655
3082,0.457023,0.389915,0.194163,0.0517043
3083,0.455855,0.38347,0.191936,0.0516221
3084,0.46105,0.388164,0.190746,0.0514721
3085,0.46105,0.388164,0.190746,0.0514721
3086,0.46105,0.388164,0.190746,0.0514721
3087,0.46105,0.388164,0.190746,0.0514721
3088,0.456593,0.369515,0.182966,0.0513815
3089,0.447699,0.355929,0.181109,0.0506804
3090,0.462705,0.370013,0.183433,0.0514681
3091,0.484678,0.391798,0.187511,0.0542734
3092,0.495706,0.386528,0.183293,0.05627
3093,0.494841,0.389265,0.183259,0.0551286
3094,0.484472,0.373491,0.179689,0.054121
3095,0.484472,0.373491,0.179689,0.054121
3096,0.484472,0.373491,0.179689,0.054121
3097,0.501041,0.382783,0.179538,0.056673
3098,0.493765,0.375361,0.176261,0.0563287
3099,0.534961,0.414928,0.184727,0.0607589
3100,0.497944,0.373533,0.173325,0.056824
3101,0.497944,0.373533,0.173325,0.056824
3102,0.497944,0.373533,0.173325,0.056824
3103,0.48879,0.358508,0.168676,0.055401
3104,0.48879,0.358508,0.168676,0.055401
3105,0.48879,0.358508,0.168676,0.055401
3106,0.485983,0.360806,0.171044,0.0541992
3107,0.467402,0.345807,0.169515,0.053329
3108,0.442941,0.326857,0.165732,0.0504574
3109,0.460715,0.323946,0.159314,0.0524263
3110,0.45028,0.320721,0.159583,0.0516334
3111,0.450943,0.317842,0.160238,0.0513586
3112,0.453064,0.327485,0.164426,0.0504845
3113,0.453064,0.327485,0.164426,0.0504845
3114,0.462146,0.335608,0.166975,0.0515
3115,0.455804,0.334822,0.167851,0.0506814
3116,0.439836,0.313615,0.161099,0.0483114
3117,0.417886,0.298757,0.158979,0.0462523
3118,0.417886,0.298757,0.158979,0.0462523
3119,0.42033,0.299005,0.161572,0.046014
3120,0.42743,0.30426,0.159104,0.0471898
3121,0.425311,0.307666,0.163473,0.0458883
3122,0.428137,0.314448,0.165686,0.0464027
3123,0.437462,0.326066,0.170534,0.0471775
3124,0.437462,0.326066,0.170534,0.0471775
3125,0.451075,0.339934,0.173244,0.048301
3126,0.452851,0.341236,0.170994,0.0486752
3127,0.43379,0.322803,0.16889,0.0470788
3128,0.453533,0.338737,0.171046,0.0489583
3129,0.453533,0.338737,0.171046,0.0489583
3130,0.453533,0.338737,0.171046,0.0489583
3131,0.446136,0.330534,0.170434,0.0471025
3132,0.461745,0.357177,0.179155,0.0500331
3133,0.470406,0.370841,0.182989,0.0503931
3134,0.480744,0.382363,0.184127,0.0524769
3135,0.457231,0.365281,0.182779,0.0504222
3136,0.463884,0.366124,0.182995,0.0507833
3137,0.457443,0.355713,0.179836,0.0502874
3138,0.457443,0.355713,0.179836,0.0502874
3139,0.457443,0.355713,0.179836,0.0502874
3140,0.456793,0.357273,0.179473,0.0502665
3141,0.456793,0.357273,0.179473,0.0502665
3142,0.456793,0.357273,0.179473,0.0502665
3143,0.468164,0.364227,0.178839,0.0520913
3144,0.476753,0.384548,0.184387,0.0519471
3145,0.466142,0.374679,0.184408,0.0516414
3146,0.466142,0.374679,0.184408,0.0516414
3147,0.476329,0.369546,0.180633,0.053338
3148,0.483974,0.391187,0.187482,0.0544011
3149,0.475717,0.378179,0.1836,0.0537208
3150,0.466177,0.367435,0.181492,0.0514989
3151,0.458917,0.380481,0.190267,0.0500947
3152,0.45781,0.367587,0.185103,0.0498151
3153,0.45781,0.367587,0.185103,0.0498151
3154,0.45781,0.367587,0.185103,0.0498151
3155,0.462467,0.369087,0.184424,0.0514739
3156,0.483895,0.380128,0.182267,0.0538872
3157,0.483895,0.380128,0.182267,0.0538872
3158,0.45929,0.350313,0.175922,0.0514882
3159,0.45929,0.350313,0.175922,0.0514882
3160,0.451189,0.347231,0.176229,0.0499654
3161,0.470756,0.357645,0.177562,0.0504478
3162,0.470756,0.357645,0.177562,0.0504478
3163,0.470756,0.357645,0.177562,0.0504478
3164,0.470756,0.357645,0.177562,0.0504478
3165,0.470756,0.357645,0.177562,0.0504478
3166,0.471202,0.358395,0.173729,0.0504381
3167,0.447363,0.334042,0.168528,0.0485744
3168,0.447363,0.334042,0.168528,0.0485744
3169,0.441917,0.334878,0.168959,0.0496551
3170,0.441917,0.334878,0.168959,0.0496551
3171,0.451471,0.34357,0.171054,0.0502733
3172,0.439922,0.320621,0.16603,0.0487819
3173,0.439922,0.320621,0.16603,0.0487819
3174,0.453748,0.342301,0.170899,0.0503237
3175,0.453748,0.342301,0.170899,0.0503237
3176,0.467429,0.339819,0.167407,0.051496
3177,0.46993,0.346036,0.168333,0.0518309
3178,0.437787,0.319791,0.167518,0.0481769
3179,0.437787,0.319791,0.167518,0.0481769
3180,0.437787,0.319791,0.167518,0.0481769
3181,0.437787,0.319791,0.167518,0.0481769
3182,0.44555,0.330367,0.16926,0.04869
3183,0.421686,0.316678,0.168041,0.0464232
3184,0.421686,0.316678,0.168041,0.0464232
3185,0.429711,0.321769,0.166375,0.0476257
3186,0.429711,0.321769,0.166375,0.0476257
3187,0.430432,0.328075,0.169921,0.0486053
3188,0.409384,0.304401,0.16405,0.0463927
3189,0.449487,0.33522,0.167581,0.0506389
3190,0.465017,0.343775,0.167418,0.0516884
3191,0.463533,0.343754,0.169755,0.0527191
3192,0.479322,0.348488,0.167507,0.0531734
3193,0.468185,0.33328,0.163129,0.052194
3194,0.454577,0.324424,0.161085,0.0518245
3195,0.454577,0.324424,0.161085,0.0518245
3196,0.454577,0.324424,0.161085,0.0518245
3197,0.460096,0.331928,0.164725,0.0522258
3198,0.450129,0.332723,0.166244,0.0510897
3199,0.43154,0.307489,0.160192,0.0490843
3200,0.443408,0.310565,0.157524,0.0514082
3201,0.443408,0.310565,0.157524,0.0514082
3202,0.450141,0.308283,0.154163,0.0524231
3203,0.450141,0.308283,0.154163,0.0524231
3204,0.436699,0.303054,0.154721,0.050651
3205,0.426735,0.301342,0.157501,0.0496694
3206,0.420198,0.299434,0.159893,0.0483789
3207,0.424273,0.292586,0.154309,0.0488589
3208,0.424273,0.292586,0.154309,0.0488589
3209,0.419727,0.297947,0.158691,0.0477909
3210,0.425448,0.306832,0.162159,0.0488251
3211,0.435651,0.296711,0.151431,0.0506616
3212,0.435651,0.296711,0.151431,0.0506616
3213,0.418634,0.286629,0.152209,0.0479575
3214,0.41614,0.3025,0.163543,0.0469241
3215,0.429423,0.312188,0.163718,0.0493364
3216,0.429423,0.312188,0.163718,0.0493364
3217,0.43442,0.317332,0.164999,0.0498503
3218,0.422835,0.300806,0.160057,0.0489
3219,0.441704,0.312853,0.159841,0.0516186
3220,0.444587,0.322411,0.164362,0.0517481
3221,0.445876,0.327994,0.165211,0.0511993
3222,0.447113,0.336721,0.170076,0.0510032
3223,0.447113,0.336721,0.170076,0.0510032
3224,0.430907,0.323162,0.169478,0.0491311
3225,0.438946,0.33783,0.173488,0.049084
3226,0.44848,0.333125,0.16797,0.0509136
3227,0.439396,0.331848,0.169839,0.0501143
3228,0.432815,0.330966,0.171557,0.0488722
3229,0.422636,0.321262,0.170247,0.0473183
3230,0.432345,0.331952,0.17374,0.0489521
3231,0.453232,0.346434,0.175407,0.05058
3232,0.453232,0.346434,0.175407,0.05058
3233,0.453232,0.346434,0.175407,0.05058
3234,0.45277,0.352891,0.177539,0.0502083
3235,0.42938,0.321114,0.167682,0.0478218
3236,0.414233,0.312573,0.16889,0.0464703
3237,0.40113,0.310883,0.171601,0.0447662
3238,0.406014,0.317994,0.174074,0.0449353
3239,0.403239,0.301154,0.166429,0.0453665
3240,0.403239,0.301154,0.166429,0.0453665
3241,0.403239,0.301154,0.166429,0.0453665
3242,0.408969,0.309487,0.169265,0.0460818
3243,0.406985,0.316427,0.174329,0.0458868
3244,0.400754,0.307881,0.171461,0.0456668
3245,0.400628,0.304026,0.17012,0.044703
3246,0.400628,0.304026,0.17012,0.044703
3247,0.402757,0.310356,0.172514,0.0443486
3248,0.402757,0.310356,0.172514,0.0443486
3249,0.380696,0.296463,0.170309,0.0428368
3250,0.404207,0.312067,0.174538,0.0451093
3251,0.411514,0.309886,0.168818,0.0466579
3252,0.411514,0.309886,0.168818,0.0466579
3253,0.390098,0.301447,0.173035,0.0435299
3254,0.406116,0.314292,0.173572,0.0453436
3255,0.392026,0.30032,0.169948,0.0444356
3256,0.374805,0.283736,0.166088,0.0430982
3257,0.392447,0.292058,0.164773,0.0445194
3258,0.390686,0.288542,0.166692,0.0430529
3259,0.396978,0.306107,0.171164,0.0444927
3260,0.414026,0.320818,0.171587,0.0466752
3261,0.433665,0.333346,0.171888,0.0493047
3262,0.421976,0.309285,0.164973,0.0483266
3263,0.421976,0.309285,0.164973,0.0483266
3264,0.418853,0.308576,0.165448,0.0487275
3265,0.42096,0.299366,0.159248,0.0488116
3266,0.42096,0.299366,0.159248,0.0488116
3267,0.410452,0.293029,0.157588,0.0474576
3268,0.407653,0.294911,0.161214,0.0461542
3269,0.407653,0.294911,0.161214,0.0461542
3270,0.407653,0.294911,0.161214,0.0461542
3271,0.415911,0.294114,0.157624,0.0471001
3272,0.421037,0.296781,0.158422,0.0474735
3273,0.421037,0.296781,0.158422,0.0474735
3274,0.421037,0.296781,0.158422,0.0474735
3275,0.430672,0.312689,0.165608,0.0473671
3276,0.406584,0.285897,0.157477,0.0452957
3277,0.406584,0.285897,0.157477,0.0452957
3278,0.409142,0.282386,0.154782,0.0460808
3279,0.409142,0.282386,0.154782,0.0460808
3280,0.408289,0.294796,0.161527,0.0461566
3281,0.408289,0.294796,0.161527,0.0461566
3282,0.417418,0.303388,0.162445,0.047984
3283,0.437068,0.322165,0.16682,0.050141
3284,0.416959,0.307738,0.164011,0.0480483
3285,0.420456,0.298128,0.161407,0.0476255
3286,0.420456,0.298128,0.161407,0.0476255
3287,0.427898,0.302274,0.158802,0.0480395
3288,0.432393,0.308124,0.159754,0.0479146
3289,0.422664,0.302221,0.162025,0.0467369
3290,0.39747,0.282654,0.159549,0.0439382
3291,0.419029,0.293274,0.156681,0.0466521
3292,0.419029,0.293274,0.156681,0.0466521
3293,0.419029,0.293274,0.156681,0.0466521
3294,0.419029,0.293274,0.156681,0.0466521
3295,0.419029,0.293274,0.156681,0.0466521
3296,0.428623,0.306644,0.16185,0.0477946
3297,0.428623,0.306644,0.16185,0.0477946
3298,0.431623,0.297425,0.153819,0.0487
3299,0.441917,0.307938,0.157927,0.0503453
3300,0.441917,0.307938,0.157927,0.0503453
3301,0.424426,0.298208,0.157065,0.0480889
3302,0.424426,0.298208,0.157065,0.0480889
3303,0.459825,0.330951,0.163906,0.0512457
3304,0.447991,0.311706,0.156948,0.0504253
3305,0.419672,0.286654,0.152976,0.0468777
3306,0.419672,0.286654,0.152976,0.0468777
3307,0.421905,0.296323,0.158273,0.0454517
3308,0.421905,0.296323,0.158273,0.0454517
3309,0.413841,0.287313,0.156878,0.0455964
3310,0.397692,0.27449,0.155413,0.0434494
3311,0.411415,0.281803,0.154683,0.0449926
3312,0.40694,0.288456,0.160113,0.0443768
3313,0.403359,0.280898,0.157076,0.044237
3314,0.40365,0.277636,0.153739,0.0447372
3315,0.40365,0.277636,0.153739,0.0447372
3316,0.379395,0.25884,0.150561,0.0425011
3317,0.389981,0.280693,0.160778,0.0429544
3318,0.382516,0.274234,0.158555,0.0421751
3319,0.375614,0.267327,0.157226,0.0414337
3320,0.39011,0.268904,0.15547,0.0428335
3321,0.393727,0.270734,0.149821,0.045043
3322,0.399731,0.271021,0.148811,0.045675
3323,0.390061,0.261994,0.145837,0.0447041
3324,0.390061,0.261994,0.145837,0.0447041
3325,0.390061,0.261994,0.145837,0.0447041
3326,0.394481,0.263313,0.146227,0.0454249
3327,0.394481,0.263313,0.146227,0.0454249
3328,0.390643,0.255406,0.143156,0.0454002
3329,0.393153,0.250892,0.141235,0.0460661
3330,0.380188,0.246218,0.142208,0.044842
3331,0.371075,0.238753,0.140896,0.0434714
3332,0.371075,0.238753,0.140896,0.0434714
3333,0.379777,0.244541,0.141703,0.0434061
3334,0.379777,0.244541,0.141703,0.0434061
3335,0.375269,0.242998,0.141507,0.042313
3336,0.375269,0.242998,0.141507,0.042313
3337,0.381007,0.250128,0.145328,0.0424826
3338,0.381007,0.250128,0.145328,0.0424826
3339,0.381007,0.250128,0.145328,0.0424826
3340,0.381007,0.250128,0.145328,0.0424826
3341,0.37435,0.247151,0.147229,0.0423576
3342,0.384799,0.249705,0.142347,0.0432596
3343,0.38438,0.248633,0.144459,0.0442736
3344,0.383092,0.253723,0.146656,0.0430821
3345,0.377628,0.241288,0.137456,0.043597
3346,0.377628,0.241288,0.137456,0.043597
3347,0.377628,0.241288,0.137456,0.043597
3348,0.372013,0.232031,0.138745,0.0416326
3349,0.372013,0.232031,0.138745,0.0416326
3350,0.372013,0.232031,0.138745,0.0416326
3351,0.398824,0.255932,0.142921,0.0436998
3352,0.385144,0.245532,0.14011,0.0425048
3353,0.378101,0.23762,0.137698,0.0422626
3354,0.378101,0.23762,0.137698,0.0422626
3355,0.378101,0.23762,0.137698,0.0422626
3356,0.387251,0.24747,0.140616,0.0435116
3357,0.405632,0.267349,0.146968,0.0453308
3358,0.405632,0.267349,0.146968,0.0453308
3359,0.400482,0.26513,0.145817,0.0458561
3360,0.400482,0.26513,0.145817,0.0458561
3361,0.389585,0.25702,0.145512,0.0443903
3362,0.411827,0.271134,0.147843,0.0466249
3363,0.411821,0.271928,0.146734,0.0478474
3364,0.398249,0.270824,0.150181,0.0458434
3365,0.391011,0.269928,0.15237,0.0436874
3366,0.394982,0.273771,0.157089,0.0437423
3367,0.38222,0.264003,0.153848,0.0422321
3368,0.38222,0.264003,0.153848,0.0422321
3369,0.382971,0.265507,0.157868,0.041748
3370,0.367238,0.254251,0.153179,0.040844
3371,0.367238,0.254251,0.153179,0.040844
3372,0.366043,0.246842,0.148638,0.0401628
3373,0.368604,0.259768,0.158088,0.0398764
3374,0.368604,0.259768,0.158088,0.0398764
3375,0.373518,0.267265,0.159021,0.0412255
3376,0.373518,0.267265,0.159021,0.0412255
3377,0.374116,0.258571,0.155224,0.0406599
3378,0.374116,0.258571,0.155224,0.0406599
3379,0.365407,0.248092,0.150833,0.0407735
3380,0.375877,0.25643,0.150484,0.0416463
3381,0.388159,0.272277,0.154944,0.0428656
3382,0.381717,0.270369,0.156116,0.0420131
3383,0.381717,0.270369,0.156116,0.0420131
3384,0.38646,0.267352,0.153243,0.0431614
3385,0.391932,0.272701,0.154907,0.0438824
3386,0.403222,0.279295,0.153851,0.0450047
3387,0.388821,0.265505,0.15174,0.0434884
3388,0.400459,0.271169,0.150536,0.0449375
3389,0.400459,0.271169,0.150536,0.0449375
3390,0.400459,0.271169,0.150536,0.0449375
3391,0.400459,0.271169,0.150536,0.0449375
3392,0.388201,0.271739,0.155483,0.043573
3393,0.388422,0.272548,0.155582,0.04341
3394,0.391969,0.279592,0.158507,0.0442799
3395,0.386789,0.265301,0.152671,0.0437067
3396,0.390252,0.2755,0.156822,0.0442066
3397,0.392376,0.277862,0.159688,0.0428819
3398,0.396045,0.267861,0.151306,0.0440223
3399,0.384243,0.260603,0.152736,0.0422951
3400,0.388573,0.26783,0.154744,0.0426476
3401,0.406597,0.27541,0.154229,0.0431329
3402,0.398407,0.27696,0.159315,0.0420243
3403,0.393298,0.270569,0.154991,0.0425193
3404,0.407786,0.274265,0.150989,0.0452763
3405,0.391574,0.260391,0.148242,0.0437789
3406,0.371742,0.243608,0.144277,0.0419608
3407,0.37553,0.245541,0.142934,0.0423024
3408,0.381874,0.247736,0.143528,0.0421756
3409,0.390284,0.265146,0.150657,0.0437734
3410,0.392185,0.264263,0.148124,0.0444017
3411,0.385598,0.264709,0.154017,0.043237
3412,0.385598,0.264709,0.154017,0.043237
3413,0.385598,0.264709,0.154017,0.043237
3414,0.385598,0.264709,0.154017,0.043237
3415,0.372238,0.246673,0.149263,0.041304
3416,0.398736,0.265192,0.149719,0.0436248
3417,0.379882,0.249445,0.146515,0.0420577
3418,0.39405,0.262855,0.148477,0.0427713
3419,0.394111,0.262109,0.148122,0.0429917
3420,0.394111,0.262109,0.148122,0.0429917
3421,0.404687,0.276599,0.155972,0.0443493
3422,0.415999,0.278289,0.151859,0.0453527
3423,0.415999,0.278289,0.151859,0.0453527
3424,0.415999,0.278289,0.151859,0.0453527
3425,0.415999,0.278289,0.151859,0.0453527
3426,0.405237,0.276021,0.151595,0.0453273
3427,0.389954,0.267878,0.150475,0.0450107
3428,0.394014,0.264585,0.147821,0.0451606
3429,0.411023,0.277804,0.14969,0.0475361
3430,0.417069,0.281589,0.149327,0.0479221
3431,0.404471,0.271129,0.148215,0.0464433
3432,0.404471,0.271129,0.148215,0.0464433
3433,0.404471,0.271129,0.148215,0.0464433
3434,0.399967,0.273913,0.151233,0.0458569
3435,0.40455,0.274811,0.150426,0.0460136
3436,0.421663,0.293387,0.156302,0.0478013
3437,0.421663,0.293387,0.156302,0.0478013
3438,0.421663,0.293387,0.156302,0.0478013
3439,0.437754,0.30309,0.156768,0.0501239
3440,0.437754,0.30309,0.156768,0.0501239
3441,0.437754,0.30309,0.156768,0.0501239
3442,0.438406,0.300931,0.154075,0.050328
3443,0.450655,0.30738,0.152782,0.052029
3444,0.450655,0.30738,0.152782,0.052029
3445,0.450655,0.30738,0.152782,0.052029
3446,0.450655,0.30738,0.152782,0.052029
3447,0.45994,0.311988,0.15421,0.0527233
3448,0.476023,0.325709,0.157534,0.0547947
3449,0.466356,0.331757,0.162743,0.0539227
3450,0.466356,0.331757,0.162743,0.0539227
3451,0.46757,0.347432,0.169176,0.0535754
3452,0.473946,0.345414,0.166658,0.0540914
3453,0.469878,0.349909,0.169788,0.0532439
3454,0.47902,0.361702,0.17487,0.0540189
3455,0.465896,0.367122,0.179846,0.0520128
3456,0.435327,0.337985,0.174803,0.0483415
3457,0.435327,0.337985,0.174803,0.0483415
3458,0.435327,0.337985,0.174803,0.0483415
3459,0.429635,0.324395,0.171538,0.0466481
3460,0.450787,0.335452,0.168499,0.0505086
3461,0.461787,0.345999,0.174811,0.0509873
3462,0.46778,0.357934,0.176039,0.0517369
3463,0.43215,0.336876,0.176669,0.0475112
3464,0.411312,0.311795,0.171357,0.0455539
3465,0.445562,0.343837,0.175378,0.0498047
3466,0.437145,0.337121,0.17173,0.0496447
3467,0.4383,0.3329,0.169807,0.0499703
3468,0.4383,0.3329,0.169807,0.0499703
3469,0.4383,0.3329,0.169807,0.0499703
3470,0.41596,0.31641,0.169805,0.047379
3471,0.421096,0.324948,0.17273,0.0477957
3472,0.441693,0.343539,0.176243,0.048887
3473,0.410047,0.312456,0.17237,0.0444075
3474,0.410047,0.312456,0.17237,0.0444075
3475,0.428866,0.339263,0.18125,0.0461386
3476,0.417729,0.338741,0.183069,0.0451067
3477,0.400668,0.317838,0.181346,0.0435358
3478,0.38207,0.292699,0.173742,0.0416921
3479,0.38207,0.292699,0.173742,0.0416921
3480,0.38207,0.292699,0.173742,0.0416921
3481,0.38207,0.292699,0.173742,0.0416921
3482,0.38207,0.292699,0.173742,0.0416921
3483,0.372668,0.284755,0.170575,0.0419313
3484,0.379891,0.286868,0.169623,0.0418316
3485,0.368391,0.281583,0.17199,0.0409209
3486,0.364521,0.274088,0.16853,0.0400431
3487,0.364521,0.274088,0.16853,0.0400431
3488,0.367776,0.279045,0.167505,0.0419524
3489,0.364572,0.27822,0.168529,0.0416058
3490,0.367025,0.27867,0.164851,0.0415363
3491,0.367025,0.27867,0.164851,0.0415363
3492,0.368142,0.281293,0.166188,0.0425484
3493,0.368142,0.281293,0.166188,0.0425484
3494,0.39731,0.304399,0.171437,0.0464572
3495,0.39389,0.307522,0.173377,0.0455687
3496,0.381339,0.288602,0.16798,0.0437943
3497,0.381339,0.288602,0.16798,0.0437943
3498,0.381339,0.288602,0.16798,0.0437943
3499,0.381339,0.288602,0.16798,0.0437943
3500,0.402714,0.312449,0.172192,0.0460108
3501,0.431908,0.333457,0.173672,0.0489188
3502,0.410517,0.30281,0.162542,0.0471633
3503,0.408658,0.30477,0.165207,0.0463375
3504,0.407019,0.304943,0.166819,0.0450024
3505,0.412945,0.30683,0.166753,0.0447128
3506,0.409749,0.290461,0.159987,0.0440361
3507,0.411601,0.293184,0.161186,0.0441251
3508,0.396221,0.280011,0.159572,0.0425569
3509,0.39276,0.272064,0.153882,0.0428913
3510,0.38398,0.263006,0.153482,0.0417771
3511,0.398762,0.278153,0.156729,0.0442715
3512,0.416865,0.291872,0.159759,0.0448606
3513,0.416865,0.291872,0.159759,0.0448606
3514,0.394464,0.274637,0.160263,0.0417204
3515,0.394464,0.274637,0.160263,0.0417204
3516,0.409466,0.283497,0.158354,0.0432433
3517,0.409466,0.283497,0.158354,0.0432433
3518,0.410414,0.272328,0.151402,0.0425151
3519,0.410068,0.278843,0.153935,0.0434752
3520,0.410068,0.278843,0.153935,0.0434752
3521,0.422546,0.279127,0.14881,0.0453317
3522,0.424813,0.273856,0.147835,0.0446973
3523,0.424813,0.273856,0.147835,0.0446973
3524,0.425759,0.27417,0.145888,0.0457964
3525,0.425759,0.27417,0.145888,0.0457964
3526,0.432512,0.286061,0.152416,0.0462194
3527,0.432512,0.286061,0.152416,0.0462194
3528,0.396884,0.252689,0.140504,0.0439333
3529,0.396884,0.252689,0.140504,0.0439333
3530,0.396884,0.252689,0.140504,0.0439333
3531,0.396884,0.252689,0.140504,0.0439333
3532,0.396884,0.252689,0.140504,0.0439333
3533,0.396884,0.252689,0.140504,0.0439333
3534,0.396884,0.252689,0.140504,0.0439333
3535,0.396884,0.252689,0.140504,0.0439333
3536,0.384649,0.244615,0.140914,0.0428607
3537,0.384156,0.240154,0.137525,0.0435159
3538,0.418197,0.276591,0.146312,0.0477848
3539,0.39089,0.249265,0.1404,0.045016
3540,0.3919,0.250464,0.141123,0.0446791
3541,0.382723,0.245992,0.139734,0.0441631
3542,0.382723,0.245992,0.139734,0.0441631
3543,0.382723,0.245992,0.139734,0.0441631
3544,0.382723,0.245992,0.139734,0.0441631
3545,0.39025,0.247351,0.140262,0.0441114
3546,0.39025,0.247351,0.140262,0.0441114
3547,0.39025,0.247351,0.140262,0.0441114
3548,0.39025,0.247351,0.140262,0.0441114
3549,0.369165,0.222254,0.132579,0.0422524
3550,0.369165,0.222254,0.132579,0.0422524
3551,0.362792,0.21859,0.13142,0.040902
3552,0.362792,0.21859,0.13142,0.040902
3553,0.369429,0.221067,0.130811,0.0425531
3554,0.356347,0.216097,0.130768,0.0409773
3555,0.356347,0.216097,0.130768,0.0409773
3556,0.359041,0.214969,0.13086,0.0408753
3557,0.363995,0.214097,0.128766,0.0402163
3558,0.363995,0.214097,0.128766,0.0402163
3559,0.363995,0.214097,0.128766,0.0402163
3560,0.379425,0.22428,0.130385,0.0421354
3561,0.379425,0.22428,0.130385,0.0421354
3562,0.413797,0.25142,0.134513,0.0464256
3563,0.413797,0.25142,0.134513,0.0464256
3564,0.408082,0.248264,0.135048,0.0455534
3565,0.408082,0.248264,0.135048,0.0455534
3566,0.396141,0.24629,0.137352,0.0437112
3567,0.396141,0.24629,0.137352,0.0437112
3568,0.408633,0.250719,0.138535,0.0445714
3569,0.400043,0.250347,0.141033,0.0445627
3570,0.373687,0.233301,0.138027,0.0420626
3571,0.373687,0.233301,0.138027,0.0420626
3572,0.404079,0.259092,0.143714,0.0444787
3573,0.404549,0.253775,0.139757,0.0452988
3574,0.400222,0.246226,0.136716,0.0438341
3575,0.40247,0.252711,0.141902,0.0442609
3576,0.418151,0.262408,0.141391,0.0460191
3577,0.418151,0.262408,0.141391,0.0460191
3578,0.409494,0.255106,0.139417,0.0458954
3579,0.409494,0.255106,0.139417,0.0458954
3580,0.407137,0.262718,0.143469,0.0466519
3581,0.406209,0.256136,0.140583,0.0455434
3582,0.409706,0.260243,0.142415,0.0458783
3583,0.42002,0.275099,0.146921,0.0473482
3584,0.414862,0.269294,0.144952,0.0470524
3585,0.402017,0.258244,0.14231,0.0455069
3586,0.398962,0.255776,0.143546,0.0434664
3587,0.398962,0.255776,0.143546,0.0434664
3588,0.398962,0.255776,0.143546,0.0434664
3589,0.398962,0.255776,0.143546,0.0434664
3590,0.398962,0.255776,0.143546,0.0434664
3591,0.426127,0.278361,0.147737,0.0456605
3592,0.419687,0.271177,0.146233,0.0444296
3593,0.419687,0.271177,0.146233,0.0444296
3594,0.419687,0.271177,0.146233,0.0444296
3595,0.418349,0.271517,0.145649,0.0458468
3596,0.403685,0.253384,0.138563,0.0446594
3597,0.403685,0.253384,0.138563,0.0446594
3598,0.413034,0.261808,0.141655,0.0459931
3599,0.413034,0.261808,0.141655,0.0459931
3600,0.417598,0.280727,0.149328,0.0460138
3601,0.417598,0.280727,0.149328,0.0460138
3602,0.390742,0.261231,0.147968,0.043413
3603,0.40114,0.265341,0.14697,0.0438827
3604,0.40114,0.265341,0.14697,0.0438827
3605,0.40114,0.265341,0.14697,0.0438827
3606,0.40114,0.265341,0.14697,0.0438827
3607,0.40114,0.265341,0.14697,0.0438827
3608,0.40114,0.265341,0.14697,0.0438827
3609,0.404485,0.272519,0.149958,0.0442826
3610,0.397687,0.262883,0.147932,0.0430753
3611,0.401351,0.264257,0.147119,0.0432336
3612,0.401351,0.264257,0.147119,0.0432336
3613,0.387718,0.256736,0.146279,0.0426831
3614,0.387718,0.256736,0.146279,0.0426831
3615,0.397674,0.269733,0.152759,0.0427491
3616,0.397674,0.269733,0.152759,0.0427491
3617,0.397674,0.269733,0.152759,0.0427491
3618,0.397674,0.269733,0.152759,0.0427491
3619,0.373109,0.240545,0.143588,0.0405886
3620,0.373109,0.240545,0.143588,0.0405886
3621,0.373109,0.240545,0.143588,0.0405886
3622,0.373109,0.240545,0.143588,0.0405886
3623,0.373109,0.240545,0.143588,0.0405886
3624,0.378793,0.252337,0.148463,0.0410468
3625,0.389264,0.265695,0.153803,0.0417624
3626,0.393046,0.262407,0.147912,0.0428524
3627,0.385432,0.254064,0.146838,0.0425797
3628,0.385432,0.254064,0.146838,0.0425797
3629,0.36711,0.246541,0.145853,0.0417234
3630,0.36711,0.246541,0.145853,0.0417234
3631,0.408631,0.287637,0.156048,0.0453767
3632,0.395886,0.275464,0.156653,0.0427207
3633,0.393829,0.277482,0.156261,0.0436147
3634,0.404636,0.27439,0.151265,0.0454387
3635,0.404636,0.27439,0.151265,0.0454387
3636,0.418221,0.285763,0.15203,0.0469139
3637,0.453846,0.31483,0.157387,0.0501311
3638,0.42904,0.283121,0.148492,0.0474345
3639,0.439453,0.29517,0.153211,0.0487113
3640,0.435167,0.293336,0.153868,0.0483896
3641,0.435167,0.293336,0.153868,0.0483896
3642,0.447929,0.304558,0.155891,0.0498458
3643,0.447929,0.304558,0.155891,0.0498458
3644,0.454355,0.308768,0.155009,0.0507541
3645,0.462536,0.312394,0.154939,0.0510286
3646,0.44943,0.308866,0.157461,0.048159
3647,0.44943,0.308866,0.157461,0.048159
3648,0.44943,0.308866,0.157461,0.048159
3649,0.426862,0.286274,0.150569,0.0471685
3650,0.426862,0.286274,0.150569,0.0471685
3651,0.446073,0.302787,0.151888,0.049844
3652,0.44843,0.305216,0.153407,0.0509063
3653,0.44843,0.305216,0.153407,0.0509063
3654,0.459832,0.318534,0.157926,0.0523492
3655,0.459832,0.318534,0.157926,0.0523492
3656,0.482259,0.341717,0.162577,0.0540829
3657,0.482259,0.341717,0.162577,0.0540829
3658,0.470136,0.329737,0.158987,0.0529361
3659,0.470136,0.329737,0.158987,0.0529361
3660,0.470136,0.329737,0.158987,0.0529361
3661,0.456609,0.309236,0.152956,0.0512377
3662,0.446004,0.30226,0.153448,0.0489638
3663,0.446004,0.30226,0.153448,0.0489638
3664,0.446004,0.30226,0.153448,0.0489638
3665,0.446004,0.30226,0.153448,0.0489638
3666,0.446004,0.30226,0.153448,0.0489638
3667,0.468857,0.318079,0.156018,0.0510978
3668,0.466329,0.318663,0.156477,0.0509745
3669,0.460757,0.317641,0.157982,0.0500471
3670,0.460757,0.317641,0.157982,0.0500471
3671,0.474925,0.332717,0.161602,0.0515562
3672,0.474925,0.332717,0.161602,0.0515562
3673,0.474925,0.332717,0.161602,0.0515562
3674,0.499363,0.354273,0.166557,0.054401
3675,0.485414,0.336652,0.159823,0.0534613
3676,0.461052,0.318883,0.157991,0.0500164
3677,0.461804,0.327582,0.163421,0.0502951
3678,0.473469,0.334356,0.163479,0.0509585
3679,0.451951,0.311533,0.157391,0.0486136
3680,0.444068,0.304247,0.158847,0.0474089
3681,0.44292,0.316341,0.163383,0.0471669
3682,0.44292,0.316341,0.163383,0.0471669
3683,0.467527,0.334205,0.167648,0.0495946
3684,0.459325,0.337883,0.168996,0.0479912
3685,0.455295,0.330432,0.167251,0.0469954
3686,0.479519,0.355696,0.174151,0.0477091
3687,0.479519,0.355696,0.174151,0.0477091
3688,0.445191,0.320663,0.167343,0.0447068
3689,0.440093,0.314457,0.165853,0.0448589
3690,0.422658,0.306716,0.166083,0.043425
3691,0.433185,0.317221,0.169163,0.0452016
3692,0.422642,0.305907,0.166539,0.042911
3693,0.448847,0.336752,0.175417,0.0462385
3694,0.448847,0.336752,0.175417,0.0462385
3695,0.421913,0.30606,0.165156,0.0431157
3696,0.40984,0.297688,0.165738,0.0434265
3697,0.398255,0.285508,0.163176,0.0419283
3698,0.398255,0.285508,0.163176,0.0419283
3699,0.405377,0.286662,0.16214,0.0427957
3700,0.405377,0.286662,0.16214,0.0427957
3701,0.415372,0.294845,0.16196,0.0444012
3702,0.424376,0.313026,0.167511,0.045702
3703,0.424376,0.313026,0.167511,0.045702
3704,0.402959,0.298288,0.165115,0.0439261
3705,0.410338,0.297051,0.161525,0.0454838
3706,0.402938,0.293347,0.162769,0.0450024
3707,0.394039,0.283748,0.159866,0.0442465
3708,0.400789,0.2955,0.164106,0.0455713
3709,0.402505,0.285536,0.158684,0.0456914
3710,0.397727,0.291506,0.163257,0.0443688
3711,0.389963,0.291878,0.168066,0.0432644
3712,0.420216,0.316838,0.169573,0.0473159
3713,0.424961,0.321645,0.170068,0.0471859
3714,0.424961,0.321645,0.170068,0.0471859
3715,0.424961,0.321645,0.170068,0.0471859
3716,0.409732,0.316464,0.170712,0.0455803
3717,0.403158,0.300503,0.166907,0.0447072
3718,0.416602,0.314298,0.168122,0.0455775
3719,0.416602,0.314298,0.168122,0.0455775
3720,0.417321,0.318418,0.172821,0.0462606
3721,0.418963,0.331325,0.176977,0.046275
3722,0.426469,0.339095,0.179217,0.0466294
3723,0.409054,0.328585,0.179616,0.046131
3724,0.409054,0.328585,0.179616,0.046131
3725,0.419428,0.339222,0.181278,0.0477522
3726,0.419428,0.339222,0.181278,0.0477522
3727,0.415877,0.337235,0.182626,0.0461966
3728,0.413217,0.337936,0.183761,0.0464589
3729,0.413217,0.337936,0.183761,0.0464589
3730,0.405569,0.321933,0.177738,0.0447222
3731,0.414649,0.332207,0.180905,0.045528
3732,0.397026,0.317177,0.178745,0.0439942
3733,0.397026,0.317177,0.178745,0.0439942
3734,0.398766,0.317799,0.181167,0.0436091
3735,0.399389,0.312888,0.1786,0.0433817
3736,0.413733,0.332095,0.181721,0.0448909
3737,0.425214,0.345497,0.186309,0.0463452
3738,0.425214,0.345497,0.186309,0.0463452
3739,0.423742,0.336689,0.183162,0.0464748
3740,0.423742,0.336689,0.183162,0.0464748
3741,0.415719,0.323324,0.17427,0.0456585
3742,0.415719,0.323324,0.17427,0.0456585
3743,0.423654,0.335253,0.177361,0.04782
3744,0.411003,0.322413,0.175583,0.0463713
3745,0.376129,0.277357,0.16241,0.0434983
3746,0.376129,0.277357,0.16241,0.0434983
3747,0.376129,0.277357,0.16241,0.0434983
3748,0.378816,0.280786,0.164226,0.0433139
3749,0.388875,0.299213,0.169978,0.0445455
3750,0.376472,0.285844,0.168972,0.0421074
3751,0.376472,0.285844,0.168972,0.0421074
3752,0.381696,0.291006,0.17072,0.0419774
3753,0.381696,0.291006,0.17072,0.0419774
3754,0.377008,0.284319,0.170694,0.0410308
3755,0.392427,0.305463,0.175813,0.042503
3756,0.395865,0.303818,0.173161,0.0431086
3757,0.395865,0.303818,0.173161,0.0431086
3758,0.368141,0.277333,0.168914,0.0402396
3759,0.390952,0.304751,0.176664,0.0422047
3760,0.390952,0.304751,0.176664,0.0422047
3761,0.401015,0.305309,0.170325,0.0444426
3762,0.401015,0.305309,0.170325,0.0444426
3763,0.401015,0.305309,0.170325,0.0444426
3764,0.401015,0.305309,0.170325,0.0444426
3765,0.398909,0.311168,0.174409,0.0442199
3766,0.398909,0.311168,0.174409,0.0442199
3767,0.398909,0.311168,0.174409,0.0442199
3768,0.397255,0.299777,0.168424,0.0441508
3769,0.388878,0.30042,0.172641,0.044004
3770,0.396317,0.307118,0.176027,0.0439103
3771,0.378629,0.289425,0.166531,0.0431184
3772,0.369231,0.290442,0.17366,0.0412121
3773,0.388727,0.293963,0.165112,0.0443601
3774,0.388727,0.293963,0.165112,0.0443601
3775,0.377979,0.285464,0.164997,0.0441725
3776,0.411744,0.312402,0.167735,0.048078
3777,0.411744,0.312402,0.167735,0.048078
3778,0.407602,0.302945,0.164635,0.0465073
3779,0.397476,0.298841,0.16403,0.0461188
3780,0.385,0.279043,0.159402,0.0453032
3781,0.39014,0.275357,0.156818,0.0462744
3782,0.380617,0.282588,0.162286,0.0445567
3783,0.395055,0.285798,0.159445,0.0458545
3784,0.395055,0.285798,0.159445,0.0458545
3785,0.395055,0.285798,0.159445,0.0458545
3786,0.396991,0.284349,0.159657,0.0459335
3787,0.400403,0.287714,0.158528,0.0462828
3788,0.400403,0.287714,0.158528,0.0462828
3789,0.399649,0.28966,0.162277,0.0454849
3790,0.404037,0.290172,0.159922,0.0463304
3791,0.395008,0.285007,0.15923,0.0449546
3792,0.391055,0.290393,0.164385,0.0445395
3793,0.390219,0.275204,0.156835,0.0435568
3794,0.399064,0.28149,0.156505,0.0454595
3795,0.399064,0.28149,0.156505,0.0454595
3796,0.401526,0.280409,0.155895,0.0458809
3797,0.421158,0.30272,0.160912,0.0483234
3798,0.421158,0.30272,0.160912,0.0483234
3799,0.456563,0.338618,0.167593,0.051905
3800,0.464764,0.347771,0.170369,0.0530401
3801,0.491243,0.370587,0.173497,0.0554355
3802,0.462932,0.348577,0.17283,0.0519547
3803,0.442748,0.327627,0.169243,0.0493326
3804,0.442748,0.327627,0.169243,0.0493326
3805,0.42272,0.319494,0.169474,0.0469022
3806,0.42272,0.319494,0.169474,0.0469022
3807,0.413537,0.302484,0.168035,0.04591
3808,0.413537,0.302484,0.168035,0.04591
3809,0.42407,0.321428,0.172058,0.0470099
3810,0.42407,0.321428,0.172058,0.0470099
3811,0.42407,0.321428,0.172058,0.0470099
3812,0.420774,0.319085,0.170298,0.047355
3813,0.391154,0.29646,0.169783,0.0433699
3814,0.391154,0.29646,0.169783,0.0433699
3815,0.421479,0.331998,0.17855,0.0470211
3816,0.436628,0.340411,0.177652,0.0491922
3817,0.4625,0.359084,0.179864,0.0513582
3818,0.480243,0.375097,0.181745,0.0529531
3819,0.485807,0.380164,0.180662,0.0537281
3820,0.485807,0.380164,0.180662,0.0537281
3821,0.5162,0.395667,0.178989,0.0574659
3822,0.5162,0.395667,0.178989,0.0574659
3823,0.511408,0.385782,0.176378,0.0572232
3824,0.511408,0.385782,0.176378,0.0572232
3825,0.500544,0.382643,0.178734,0.0554156
3826,0.499564,0.391467,0.182815,0.0550831
3827,0.515076,0.397771,0.182507,0.0572994
3828,0.49658,0.383896,0.179572,0.0554791
3829,0.495934,0.378455,0.176453,0.055579
3830,0.464789,0.351086,0.172376,0.0518224
3831,0.460969,0.358549,0.18084,0.0502932
3832,0.473107,0.363079,0.177529,0.0523693
3833,0.455095,0.354199,0.177391,0.0503607
3834,0.455095,0.354199,0.177391,0.0503607
3835,0.44299,0.331685,0.17066,0.0491406
3836,0.44299,0.331685,0.17066,0.0491406
3837,0.447073,0.346089,0.176885,0.0498274
3838,0.434819,0.332304,0.172606,0.0480883
3839,0.452248,0.348256,0.178517,0.0497159
3840,0.447317,0.346246,0.178701,0.0494076
3841,0.447317,0.346246,0.178701,0.0494076
3842,0.456697,0.352911,0.177871,0.0504943
3843,0.428352,0.342812,0.180105,0.0472378
3844,0.4467,0.34966,0.17803,0.0495832
3845,0.4467,0.34966,0.17803,0.0495832
3846,0.4467,0.34966,0.17803,0.0495832
3847,0.448619,0.353899,0.179323,0.0498944
3848,0.431212,0.331984,0.172284,0.0484815
3849,0.461703,0.350088,0.174611,0.0508751
3850,0.443435,0.337145,0.172529,0.0486868
3851,0.446148,0.32614,0.167054,0.0497695
3852,0.446148,0.32614,0.167054,0.0497695
3853,0.446148,0.32614,0.167054,0.0497695
3854,0.442652,0.331302,0.167147,0.0489254
3855,0.44346,0.331923,0.17049,0.049583
3856,0.453081,0.334595,0.169271,0.0499096
3857,0.465972,0.349755,0.174095,0.0517174
3858,0.452383,0.346232,0.17464,0.0498169
3859,0.43891,0.326696,0.169036,0.0476539
3860,0.421889,0.306319,0.164997,0.045686
3861,0.421889,0.306319,0.164997,0.045686
3862,0.423344,0.30744,0.164336,0.0460498
3863,0.423344,0.30744,0.164336,0.0460498
3864,0.423344,0.30744,0.164336,0.0460498
3865,0.423344,0.30744,0.164336,0.0460498
3866,0.446087,0.330017,0.16831,0.0488826
3867,0.474403,0.340868,0.16598,0.0520825
3868,0.460858,0.330563,0.164168,0.0507144
3869,0.448234,0.323389,0.164955,0.0496367
3870,0.456572,0.329391,0.163023,0.0512914
3871,0.456572,0.329391,0.163023,0.0512914
3872,0.456572,0.329391,0.163023,0.0512914
3873,0.479829,0.347371,0.16727,0.0534489
3874,0.464138,0.347522,0.169735,0.0510951
3875,0.455855,0.334903,0.170227,0.0495027
3876,0.445616,0.324663,0.168076,0.0487053
3877,0.426326,0.306058,0.163528,0.04642
3878,0.416504,0.288592,0.155183,0.0461691
3879,0.424693,0.286041,0.152285,0.0476671
3880,0.396832,0.267159,0.149292,0.0452612
3881,0.391587,0.263379,0.148862,0.0457528
3882,0.400949,0.266231,0.14521,0.046339
3883,0.392527,0.263236,0.147349,0.0455531
3884,0.392942,0.25472,0.14433,0.0453224
3885,0.392942,0.25472,0.14433,0.0453224
3886,0.410435,0.270359,0.146006,0.046826
3887,0.410435,0.270359,0.146006,0.046826
3888,0.424547,0.281548,0.150577,0.0479991
3889,0.425976,0.292828,0.156318,0.0479215
3890,0.417068,0.297289,0.159873,0.0476258
3891,0.418169,0.29309,0.156786,0.0473475
3892,0.427601,0.304409,0.15875,0.0493078
3893,0.436848,0.305615,0.158006,0.0499312
3894,0.417638,0.295924,0.158008,0.0480475
3895,0.439343,0.310309,0.159762,0.0490181
3896,0.439343,0.310309,0.159762,0.0490181
3897,0.439343,0.310309,0.159762,0.0490181
3898,0.418701,0.295896,0.157881,0.0469891
3899,0.439889,0.324326,0.16677,0.048719
3900,0.452609,0.339016,0.170273,0.0491205
3901,0.452609,0.339016,0.170273,0.0491205
3902,0.452609,0.339016,0.170273,0.0491205
3903,0.452055,0.330911,0.167584,0.0486443
3904,0.454036,0.345527,0.171564,0.0491674
3905,0.451588,0.344391,0.175964,0.0483751
3906,0.473984,0.368423,0.179531,0.050981
3907,0.459332,0.353208,0.174838,0.0499227
3908,0.459332,0.353208,0.174838,0.0499227
3909,0.459332,0.353208,0.174838,0.0499227
3910,0.446559,0.336577,0.169923,0.0493666
3911,0.446559,0.336577,0.169923,0.0493666
3912,0.431811,0.320328,0.167542,0.0473602
3913,0.42813,0.318397,0.167337,0.0477053
3914,0.413352,0.300868,0.162776,0.046606
3915,0.426275,0.303438,0.160629,0.0472537
3916,0.426275,0.303438,0.160629,0.0472537
3917,0.426275,0.303438,0.160629,0.0472537
3918,0.415502,0.297404,0.162403,0.0457705
3919,0.407153,0.286361,0.158229,0.0441126
3920,0.384509,0.265003,0.153635,0.0429756
3921,0.384509,0.265003,0.153635,0.0429756
3922,0.398611,0.282153,0.157437,0.0443293
3923,0.386659,0.266377,0.154523,0.0414461
3924,0.393536,0.279953,0.161226,0.0415709
3925,0.379667,0.269475,0.16089,0.0399473
3926,0.37551,0.26788,0.160196,0.0411069
3927,0.388658,0.288449,0.165175,0.0425672
3928,0.378085,0.284217,0.169553,0.0415868
3929,0.378085,0.284217,0.169553,0.0415868
3930,0.376733,0.27283,0.161768,0.0425602
3931,0.376733,0.27283,0.161768,0.0425602
3932,0.389115,0.285192,0.162269,0.0446139
3933,0.379803,0.277491,0.160468,0.0434719
3934,0.37504,0.279543,0.163075,0.0434255
3935,0.392646,0.29595,0.165384,0.0450579
3936,0.387056,0.288636,0.164266,0.0443393
3937,0.383397,0.281214,0.160536,0.044681
3938,0.383397,0.281214,0.160536,0.044681
3939,0.396088,0.298668,0.167921,0.0446686
3940,0.391255,0.289789,0.1654,0.043034
3941,0.391255,0.289789,0.1654,0.043034
3942,0.391255,0.289789,0.1654,0.043034
3943,0.39731,0.304403,0.168653,0.0453775
3944,0.386889,0.295291,0.170006,0.0431733
3945,0.411636,0.308949,0.167563,0.0457981
3946,0.411636,0.308949,0.167563,0.0457981
3947,0.411636,0.308949,0.167563,0.0457981
3948,0.411636,0.308949,0.167563,0.0457981
3949,0.430248,0.324224,0.169228,0.0488013
3950,0.430248,0.324224,0.169228,0.0488013
3951,0.429619,0.321384,0.168183,0.0490171
3952,0.429619,0.321384,0.168183,0.0490171
3953,0.415727,0.310642,0.165664,0.0480152
3954,0.43098,0.325486,0.170507,0.0496674
3955,0.446569,0.336497,0.169543,0.0511375
3956,0.44697,0.34314,0.174761,0.051111
3957,0.45281,0.349818,0.176494,0.0515375
3958,0.434487,0.335985,0.173581,0.0497581
3959,0.458809,0.371156,0.183573,0.0514675
3960,0.47883,0.376678,0.181505,0.0548024
3961,0.476702,0.369434,0.179611,0.0550129
3962,0.461216,0.365752,0.181588,0.0532
3963,0.466319,0.372974,0.185157,0.0527214
3964,0.494813,0.397941,0.188707,0.0561566
3965,0.455214,0.369527,0.186481,0.0519049
3966,0.455214,0.369527,0.186481,0.0519049
3967,0.451749,0.366308,0.185018,0.0510372
3968,0.472935,0.379283,0.182717,0.0540062
3969,0.436233,0.340844,0.177126,0.0499274
3970,0.412974,0.32597,0.177663,0.047173
3971,0.405298,0.32065,0.175964,0.046652
3972,0.410897,0.321975,0.176222,0.0475396
3973,0.371195,0.283549,0.167896,0.0434913
3974,0.388891,0.303372,0.172569,0.0449739
3975,0.394964,0.309693,0.17251,0.0462396
3976,0.388876,0.300213,0.170483,0.0452989
3977,0.396381,0.3204,0.17769,0.0450614
3978,0.404076,0.331561,0.181219,0.0457537
3979,0.408675,0.333005,0.184603,0.0465138
3980,0.408675,0.333005,0.184603,0.0465138
3981,0.3879,0.312974,0.178863,0.0434638
3982,0.390998,0.32543,0.184921,0.0440877
3983,0.385849,0.317189,0.183618,0.0428252
3984,0.385849,0.317189,0.183618,0.0428252
3985,0.406501,0.32997,0.181288,0.0456377
3986,0.406501,0.32997,0.181288,0.0456377
3987,0.406501,0.32997,0.181288,0.0456377
3988,0.391668,0.315793,0.178599,0.0441514
3989,0.38399,0.319183,0.182822,0.0430709
3990,0.38399,0.319183,0.182822,0.0430709
3991,0.408022,0.339546,0.185642,0.0461571
3992,0.408022,0.339546,0.185642,0.0461571
3993,0.41682,0.353398,0.191893,0.0458623
3994,0.415075,0.354435,0.191452,0.0462576
3995,0.415075,0.354435,0.191452,0.0462576
3996,0.401898,0.35263,0.196627,0.0448388
3997,0.413708,0.35524,0.195487,0.0455137
3998,0.413708,0.35524,0.195487,0.0455137
3999,0.420544,0.368517,0.198021,0.0463041
4000,0.429017,0.377882,0.198594,0.0468452
4001,0.429017,0.377882,0.198594,0.0468452
4002,0.441049,0.387855,0.202529,0.0488802
4003,0.434103,0.391173,0.204208,0.0476978
4004,0.430237,0.370373,0.194864,0.0477346
4005,0.430237,0.370373,0.194864,0.0477346
4006,0.439218,0.372142,0.193524,0.0486496
4007,0.439218,0.372142,0.193524,0.0486496
4008,0.426827,0.366001,0.191391,0.0476752
4009,0.426827,0.366001,0.191391,0.0476752
4010,0.425655,0.368065,0.196255,0.0480129
4011,0.410527,0.34628,0.189984,0.0467604
4012,0.412501,0.343092,0.185975,0.0476641
4013,0.424515,0.362718,0.191906,0.0488359
4014,0.424515,0.362718,0.191906,0.0488359
4015,0.424515,0.362718,0.191906,0.0488359
4016,0.424515,0.362718,0.191906,0.0488359
4017,0.413854,0.347972,0.187513,0.0472691
4018,0.438162,0.369684,0.189881,0.0497739
4019,0.438144,0.368322,0.188652,0.0498325
4020,0.440584,0.363342,0.186344,0.0501492
4021,0.440584,0.363342,0.186344,0.0501492
4022,0.440584,0.363342,0.186344,0.0501492
4023,0.440584,0.363342,0.186344,0.0501492
4024,0.428399,0.350203,0.183539,0.0491408
4025,0.41599,0.337866,0.182658,0.046578
4026,0.402034,0.32275,0.179123,0.0448277
4027,0.409556,0.332102,0.181944,0.0457622
4028,0.410746,0.334733,0.181807,0.045924
4029,0.409762,0.334234,0.183114,0.0457423
4030,0.409762,0.334234,0.183114,0.0457423
4031,0.441276,0.368258,0.189835,0.0486933
4032,0.441276,0.368258,0.189835,0.0486933
4033,0.429208,0.341603,0.182524,0.0477102
4034,0.412447,0.339747,0.186458,0.0457282
4035,0.40485,0.324194,0.180231,0.0457717
4036,0.40485,0.324194,0.180231,0.0457717
4037,0.414415,0.342615,0.185149,0.0463949
4038,0.41512,0.347436,0.188419,0.0471254
4039,0.41512,0.347436,0.188419,0.0471254
4040,0.41512,0.347436,0.188419,0.0471254
4041,0.420826,0.349859,0.185546,0.0479209
4042,0.423582,0.350121,0.185941,0.0483557
4043,0.414714,0.341521,0.185888,0.0473595
4044,0.415644,0.33822,0.186363,0.0466697
4045,0.415644,0.33822,0.186363,0.0466697
4046,0.427713,0.347331,0.18354,0.0484957
4047,0.430463,0.350184,0.183656,0.0490528
4048,0.420414,0.343348,0.183527,0.0479228
4049,0.418628,0.342771,0.18506,0.0476492
4050,0.388275,0.320042,0.183881,0.0435869
4051,0.400975,0.337422,0.190042,0.0444888
4052,0.408307,0.337633,0.187191,0.0453405
4053,0.415989,0.35669,0.191318,0.0456602
4054,0.409651,0.350439,0.195767,0.0458775
4055,0.412266,0.347804,0.190971,0.0460943
4056,0.413121,0.350337,0.192354,0.0471355
4057,0.390133,0.330798,0.18904,0.0437813
4058,0.38846,0.329133,0.188787,0.0437399
4059,0.406181,0.343619,0.187718,0.0461852
4060,0.4203,0.35378,0.187424,0.0480682
4061,0.421273,0.357843,0.193545,0.0472039
4062,0.401939,0.350542,0.194365,0.0448906
4063,0.421788,0.378397,0.204234,0.0467224
4064,0.40059,0.353389,0.199232,0.0449463
4065,0.392773,0.337167,0.192195,0.0443728
4066,0.399394,0.335608,0.189041,0.0457439
4067,0.399394,0.335608,0.189041,0.0457439
4068,0.382641,0.322068,0.184991,0.044086
4069,0.390851,0.333607,0.188283,0.0451019
4070,0.390851,0.333607,0.188283,0.0451019
4071,0.398394,0.347347,0.195025,0.046179
4072,0.391298,0.328088,0.1849,0.0455392
4073,0.391298,0.328088,0.1849,0.0455392
4074,0.391298,0.328088,0.1849,0.0455392
4075,0.391298,0.328088,0.1849,0.0455392
4076,0.391298,0.328088,0.1849,0.0455392
4077,0.381847,0.329347,0.193719,0.0434889
4078,0.406225,0.348553,0.192526,0.0455669
4079,0.406225,0.348553,0.192526,0.0455669
4080,0.406225,0.348553,0.192526,0.0455669
4081,0.386539,0.330505,0.190451,0.0431331
4082,0.401894,0.352109,0.198407,0.0453208
4083,0.379168,0.325669,0.192365,0.0429581
4084,0.382773,0.321032,0.187247,0.0435676
4085,0.356309,0.292498,0.180831,0.0402972
4086,0.37046,0.307524,0.184492,0.0428741
4087,0.37046,0.307524,0.184492,0.0428741
4088,0.371661,0.301051,0.177263,0.042871
4089,0.371661,0.301051,0.177263,0.042871
4090,0.371661,0.301051,0.177263,0.042871
4091,0.385137,0.315836,0.185699,0.0445733
4092,0.398287,0.341931,0.19309,0.0456359
4093,0.394658,0.339386,0.191364,0.0451979
4094,0.392957,0.339873,0.193422,0.0449931
4095,0.392957,0.339873,0.193422,0.0449931
4096,0.412813,0.357844,0.195184,0.0461779
4097,0.430497,0.38676,0.204381,0.0484155
4098,0.430497,0.38676,0.204381,0.0484155
4099,0.423521,0.373334,0.200027,0.0479762
4100,0.425052,0.364932,0.196152,0.0479944
4101,0.396235,0.345164,0.193963,0.0447988
4102,0.404039,0.345872,0.189957,0.0463929
4103,0.420881,0.361202,0.193949,0.0473666
4104,0.429881,0.360916,0.188653,0.0491597
4105,0.416688,0.341157,0.181108,0.0476105
4106,0.416688,0.341157,0.181108,0.0476105
4107,0.414909,0.334855,0.18095,0.0476622
4108,0.414909,0.334855,0.18095,0.0476622
4109,0.436277,0.369617,0.18915,0.0501062
4110,0.427313,0.345337,0.182616,0.0488534
4111,0.422334,0.345527,0.180784,0.0485171
4112,0.423997,0.342735,0.181849,0.0490032
4113,0.417694,0.337191,0.180042,0.0489051
4114,0.412505,0.346918,0.189671,0.0478314
4115,0.417467,0.347547,0.186292,0.0481192
4116,0.418703,0.354197,0.190718,0.0485647
4117,0.434759,0.369469,0.192396,0.0499783
4118,0.435375,0.366116,0.190422,0.0501602
4119,0.464612,0.396565,0.197203,0.0530335
4120,0.488507,0.41892,0.201904,0.056245
4121,0.488507,0.41892,0.201904,0.056245
4122,0.488507,0.41892,0.201904,0.056245
4123,0.488507,0.41892,0.201904,0.056245
4124,0.469022,0.41458,0.202327,0.0535751
4125,0.479437,0.420782,0.204677,0.0546647
4126,0.46114,0.396064,0.196476,0.0523556
4127,0.46114,0.396064,0.196476,0.0523556
4128,0.475336,0.405942,0.196688,0.0535059
4129,0.483476,0.419637,0.199178,0.0544264
4130,0.483476,0.419637,0.199178,0.0544264
4131,0.457294,0.383961,0.190393,0.0527042
4132,0.460664,0.380574,0.188283,0.0527584
4133,0.460664,0.380574,0.188283,0.0527584
4134,0.476306,0.413773,0.199254,0.0541421
4135,0.488809,0.434589,0.204333,0.0561269
4136,0.461566,0.400694,0.198245,0.0530156
4137,0.469867,0.414068,0.203383,0.0537243
4138,0.447963,0.396511,0.201962,0.0519217
4139,0.469646,0.419868,0.207916,0.0539379
4140,0.447017,0.400912,0.206123,0.0513157
4141,0.429073,0.372733,0.198743,0.0480258
4142,0.422385,0.363293,0.197923,0.0465795
4143,0.422385,0.363293,0.197923,0.0465795
4144,0.405771,0.350852,0.193809,0.0453244
4145,0.405771,0.350852,0.193809,0.0453244
4146,0.424966,0.366892,0.196897,0.0470103
4147,0.397921,0.336887,0.189035,0.0442647
4148,0.402138,0.337971,0.190688,0.0440524
4149,0.401356,0.342394,0.193042,0.045067
4150,0.401356,0.342394,0.193042,0.045067
4151,0.401356,0.342394,0.193042,0.045067
4152,0.410672,0.345873,0.191101,0.0459271
4153,0.408827,0.345885,0.193454,0.0445072
4154,0.408827,0.345885,0.193454,0.0445072
4155,0.389822,0.329841,0.189651,0.0430745
4156,0.388173,0.333685,0.19481,0.0414284
4157,0.386287,0.330826,0.19635,0.0399765
4158,0.374606,0.30411,0.182948,0.0392372
4159,0.359743,0.290726,0.181767,0.0383611
4160,0.359743,0.290726,0.181767,0.0383611
4161,0.364167,0.298152,0.186127,0.0387794
4162,0.360279,0.290617,0.179627,0.0395996
4163,0.379555,0.302473,0.177457,0.0423372
4164,0.393648,0.313566,0.179021,0.0435092
4165,0.40448,0.335649,0.186968,0.0448473
4166,0.388346,0.321466,0.1837,0.0435478
4167,0.388346,0.321466,0.1837,0.0435478
4168,0.388346,0.321466,0.1837,0.0435478
4169,0.383381,0.30443,0.1772,0.0417143
4170,0.383381,0.30443,0.1772,0.0417143
4171,0.386193,0.307696,0.179454,0.0421987
4172,0.377429,0.298533,0.175777,0.0420372
4173,0.390119,0.309892,0.178472,0.0437959
4174,0.387954,0.311625,0.178871,0.0452958
4175,0.391725,0.322642,0.184626,0.0443265
4176,0.39099,0.316358,0.180975,0.0449247
4177,0.387241,0.320183,0.184224,0.0432377
4178,0.391405,0.317696,0.180469,0.0441208
4179,0.391405,0.317696,0.180469,0.0441208
4180,0.39462,0.331663,0.189588,0.0437565
4181,0.392381,0.322274,0.186675,0.04328
4182,0.426798,0.344687,0.18484,0.0475796
4183,0.416672,0.344401,0.186964,0.0472202
4184,0.428763,0.360317,0.192632,0.0476354
4185,0.428763,0.360317,0.192632,0.0476354
4186,0.455946,0.381724,0.192042,0.051795
4187,0.455946,0.381724,0.192042,0.051795
4188,0.454401,0.377085,0.191015,0.0523686
4189,0.454401,0.377085,0.191015,0.0523686
4190,0.453877,0.355315,0.176059,0.0526178
4191,0.428096,0.325749,0.171404,0.0497383
4192,0.420069,0.314532,0.168064,0.0494373
4193,0.4441,0.330079,0.169339,0.0522977
4194,0.448455,0.339293,0.172431,0.0524473
4195,0.454799,0.3434,0.172863,0.0531931
4196,0.461321,0.347589,0.172125,0.0540358
4197,0.460713,0.349148,0.173832,0.0534457
4198,0.460795,0.354325,0.178513,0.0534314
4199,0.464052,0.358393,0.17696,0.0536489
4200,0.46281,0.367115,0.18239,0.0535693
4201,0.447476,0.345164,0.175104,0.0522085
4202,0.441622,0.348776,0.179234,0.0505545
4203,0.442003,0.364483,0.187891,0.0503867
4204,0.414697,0.341264,0.18454,0.0474447
4205,0.433418,0.370292,0.192891,0.0484468
4206,0.442537,0.377608,0.195375,0.0484435
4207,0.442537,0.377608,0.195375,0.0484435
4208,0.437919,0.379179,0.200278,0.0476483
4209,0.436478,0.385772,0.200379,0.0480795
4210,0.423748,0.370755,0.200348,0.0453262
4211,0.423748,0.370755,0.200348,0.0453262
4212,0.423748,0.370755,0.200348,0.0453262
4213,0.405488,0.353978,0.197513,0.0436008
4214,0.403666,0.347644,0.193757,0.0452439
4215,0.40801,0.354501,0.195765,0.0456117
4216,0.40801,0.354501,0.195765,0.0456117
4217,0.444897,0.3834,0.195345,0.0509273
4218,0.428189,0.368331,0.193437,0.0494286
4219,0.425516,0.367576,0.196581,0.0486755
4220,0.436678,0.363942,0.189643,0.0502314
4221,0.431126,0.37314,0.195466,0.0498815
4222,0.429491,0.373123,0.196636,0.049147
4223,0.429491,0.373123,0.196636,0.049147
4224,0.436537,0.386724,0.201963,0.0494798
4225,0.436537,0.386724,0.201963,0.0494798
4226,0.436537,0.386724,0.201963,0.0494798
4227,0.436537,0.386724,0.201963,0.0494798
4228,0.436537,0.386724,0.201963,0.0494798
4229,0.431073,0.381542,0.201023,0.0488983
4230,0.459513,0.419137,0.208891,0.0512895
4231,0.441315,0.392205,0.204034,0.0499464
4232,0.418359,0.36431,0.197678,0.0473355
4233,0.418359,0.36431,0.197678,0.0473355
4234,0.409215,0.378052,0.207434,0.0465394
4235,0.416189,0.393507,0.215144,0.046749
4236,0.439354,0.410013,0.210604,0.0490661
4237,0.4122,0.373919,0.205529,0.046671
4238,0.422092,0.387075,0.20885,0.0474659
4239,0.415208,0.371934,0.202129,0.0468274
4240,0.415208,0.371934,0.202129,0.0468274
4241,0.407387,0.367877,0.202666,0.0456722
4242,0.407387,0.367877,0.202666,0.0456722
4243,0.398306,0.365513,0.205267,0.0456494
4244,0.402129,0.368898,0.203047,0.0456675
4245,0.391362,0.356748,0.2047,0.0443474
4246,0.375143,0.336391,0.199706,0.0419866
4247,0.388662,0.348768,0.202998,0.04236
4248,0.388662,0.348768,0.202998,0.04236
4249,0.388662,0.348768,0.202998,0.04236
4250,0.377812,0.328679,0.196939,0.041358
4251,0.374309,0.338171,0.200289,0.0414768
4252,0.383157,0.342147,0.200197,0.0431838
4253,0.383157,0.342147,0.200197,0.0431838
4254,0.400079,0.371152,0.210028,0.0447952
4255,0.424711,0.38853,0.208887,0.0472462
4256,0.443631,0.403271,0.204835,0.0498177
4257,0.443631,0.403271,0.204835,0.0498177
4258,0.454335,0.418025,0.211276,0.0502713
4259,0.433711,0.391708,0.206235,0.049007
4260,0.447712,0.389073,0.198638,0.0512434
4261,0.42845,0.37081,0.197187,0.0489201
4262,0.419345,0.348021,0.187659,0.0472123
4263,0.419345,0.348021,0.187659,0.0472123
4264,0.396505,0.336117,0.190612,0.0446524
4265,0.385919,0.320965,0.185572,0.0446803
4266,0.396842,0.326749,0.182672,0.0456759
4267,0.369816,0.296039,0.175688,0.0426339
4268,0.372135,0.299244,0.175039,0.0433867
4269,0.372135,0.299244,0.175039,0.0433867
4270,0.388624,0.321688,0.180447,0.0447912
4271,0.388624,0.321688,0.180447,0.0447912
4272,0.399926,0.331758,0.185599,0.0444536
4273,0.421663,0.353433,0.189384,0.047232
4274,0.439772,0.35788,0.184362,0.0496353
4275,0.427417,0.343993,0.181502,0.0476378
4276,0.429374,0.348363,0.18183,0.0483256
4277,0.425087,0.342617,0.183328,0.0477727
4278,0.431712,0.360586,0.189075,0.0482228
4279,0.431712,0.360586,0.189075,0.0482228
4280,0.419584,0.35967,0.192971,0.0457455
4281,0.419584,0.35967,0.192971,0.0457455
4282,0.410801,0.329919,0.182239,0.0441705
4283,0.410801,0.329919,0.182239,0.0441705
4284,0.395719,0.324219,0.184839,0.0439591
4285,0.403803,0.328055,0.184636,0.0444185
4286,0.411853,0.33407,0.18323,0.0453877
4287,0.392904,0.323748,0.185182,0.0433305
4288,0.411358,0.333196,0.186203,0.0432884
4289,0.420341,0.324607,0.178411,0.0429903
4290,0.40749,0.321601,0.179717,0.0426843
4291,0.40749,0.321601,0.179717,0.0426843
4292,0.405375,0.318019,0.180057,0.0435829
4293,0.397327,0.302391,0.171123,0.0427371
4294,0.393651,0.29723,0.170861,0.0430122
4295,0.405205,0.312563,0.174355,0.0431128
4296,0.414078,0.310487,0.172245,0.0438571
4297,0.402871,0.302396,0.172284,0.041836
4298,0.413269,0.316405,0.175406,0.0430022
4299,0.413269,0.316405,0.175406,0.0430022
4300,0.401803,0.31251,0.174287,0.0431771
4301,0.403654,0.309543,0.175004,0.043954
4302,0.423791,0.325141,0.175504,0.0458594
4303,0.433567,0.339475,0.178893,0.0461632
4304,0.446321,0.355414,0.183208,0.0479812
4305,0.429684,0.330093,0.175659,0.0458934
4306,0.412948,0.316433,0.173414,0.0451337
4307,0.412948,0.316433,0.173414,0.0451337
4308,0.421743,0.316841,0.171434,0.0455483
4309,0.431071,0.323285,0.172841,0.0472593
4310,0.429346,0.317695,0.166362,0.0483513
4311,0.429346,0.317695,0.166362,0.0483513
4312,0.436196,0.321695,0.167184,0.0491203
4313,0.449746,0.339308,0.172388,0.0503235
4314,0.445461,0.327124,0.165309,0.049884
4315,0.42759,0.316454,0.166396,0.0481777
4316,0.431693,0.32452,0.168656,0.0488232
4317,0.431693,0.32452,0.168656,0.0488232
4318,0.425533,0.316844,0.168505,0.0479059
4319,0.407855,0.305615,0.165579,0.0466441
4320,0.412874,0.29709,0.161071,0.0479248
4321,0.399284,0.288523,0.162537,0.0461017
4322,0.399284,0.288523,0.162537,0.0461017
4323,0.397731,0.300311,0.166021,0.0457905
4324,0.415102,0.318216,0.170555,0.0479562
4325,0.404998,0.315429,0.173018,0.0465088
4326,0.429282,0.335524,0.17674,0.049329
4327,0.43643,0.344234,0.179115,0.0503366
4328,0.43643,0.344234,0.179115,0.0503366
4329,0.433023,0.332799,0.173617,0.0504797
4330,0.435066,0.34177,0.176423,0.0499908
4331,0.435066,0.34177,0.176423,0.0499908
4332,0.4326,0.351332,0.182679,0.0503561
4333,0.435494,0.33718,0.175241,0.0507894
4334,0.446219,0.350399,0.179809,0.0508803
4335,0.446219,0.350399,0.179809,0.0508803
4336,0.436958,0.345498,0.179178,0.0491536
4337,0.428764,0.341857,0.181189,0.0478417
4338,0.449042,0.359121,0.181921,0.0509252
4339,0.435632,0.34544,0.179782,0.0493698
4340,0.454229,0.37309,0.187925,0.0498453
4341,0.454229,0.37309,0.187925,0.0498453
4342,0.449901,0.352908,0.178255,0.0497749
4343,0.448063,0.351105,0.179388,0.0498591
4344,0.448063,0.351105,0.179388,0.0498591
4345,0.448063,0.351105,0.179388,0.0498591
4346,0.448063,0.351105,0.179388,0.0498591
4347,0.448063,0.351105,0.179388,0.0498591
4348,0.49128,0.393199,0.185545,0.0547031
4349,0.49128,0.393199,0.185545,0.0547031
4350,0.476911,0.37481,0.181147,0.0533947
4351,0.484328,0.382609,0.181091,0.0543295
4352,0.484328,0.382609,0.181091,0.0543295
4353,0.484328,0.382609,0.181091,0.0543295
4354,0.484328,0.382609,0.181091,0.0543295
4355,0.457606,0.363362,0.181146,0.0507896
4356,0.481731,0.380762,0.183492,0.0528798
4357,0.470859,0.373072,0.18094,0.0523541
4358,0.445291,0.336927,0.172114,0.0489475
4359,0.445291,0.336927,0.172114,0.0489475
4360,0.458362,0.352833,0.175291,0.0506721
4361,0.458362,0.352833,0.175291,0.0506721
4362,0.456369,0.339232,0.169593,0.0509588
4363,0.467016,0.352365,0.174494,0.0527849
4364,0.467016,0.352365,0.174494,0.0527849
4365,0.467016,0.352365,0.174494,0.0527849
4366,0.473076,0.356293,0.172937,0.0531145
4367,0.473076,0.356293,0.172937,0.0531145
4368,0.49283,0.37544,0.175937,0.055144
4369,0.469072,0.350753,0.171327,0.0527136
4370,0.469072,0.350753,0.171327,0.0527136
4371,0.469072,0.350753,0.171327,0.0527136
4372,0.482052,0.363359,0.172643,0.0533818
4373,0.469751,0.359915,0.174491,0.0525212
4374,0.482046,0.369231,0.173514,0.0540516
4375,0.482046,0.369231,0.173514,0.0540516
4376,0.482046,0.369231,0.173514,0.0540516
4377,0.482046,0.369231,0.173514,0.0540516
4378,0.472547,0.349708,0.170808,0.0535758
4379,0.445536,0.321161,0.164293,0.0501899
4380,0.427815,0.308255,0.161735,0.047802
4381,0.422788,0.300129,0.159167,0.0469036
4382,0.440115,0.320865,0.166452,0.0488969
4383,0.44613,0.329414,0.169653,0.0479026
4384,0.443064,0.319066,0.163751,0.0477317
4385,0.448033,0.333882,0.170665,0.048031
4386,0.454261,0.334798,0.171068,0.048963
4387,0.444606,0.323943,0.168095,0.0485515
4388,0.422067,0.298534,0.159943,0.0460968
4389,0.422067,0.298534,0.159943,0.0460968
4390,0.421732,0.299522,0.15987,0.0456327
4391,0.436824,0.300917,0.155805,0.0471921
4392,0.436824,0.300917,0.155805,0.0471921
4393,0.424459,0.288341,0.152844,0.045361
4394,0.446795,0.305497,0.156837,0.0485723
4395,0.469445,0.306876,0.150404,0.0512569
4396,0.468779,0.312967,0.154806,0.0506973
4397,0.468779,0.312967,0.154806,0.0506973
4398,0.470248,0.320056,0.159407,0.0501886
4399,0.470248,0.320056,0.159407,0.0501886
4400,0.471784,0.32887,0.160631,0.0509819
4401,0.471784,0.32887,0.160631,0.0509819
4402,0.459742,0.307228,0.153861,0.0502422
4403,0.450187,0.29313,0.147486,0.0492695
4404,0.445174,0.291669,0.149845,0.0490554
4405,0.445174,0.291669,0.149845,0.0490554
4406,0.428569,0.28849,0.151921,0.0473267
4407,0.466799,0.312147,0.152148,0.0513249
4408,0.466799,0.312147,0.152148,0.0513249
4409,0.466799,0.312147,0.152148,0.0513249
4410,0.455025,0.313607,0.157624,0.0488856
4411,0.472621,0.32436,0.15888,0.0506932
4412,0.463351,0.313192,0.154461,0.0513423
4413,0.467721,0.319493,0.157173,0.0511637
4414,0.453134,0.309645,0.154592,0.0499093
4415,0.453134,0.309645,0.154592,0.0499093
4416,0.453134,0.309645,0.154592,0.0499093
4417,0.477109,0.31569,0.152403,0.0533355
4418,0.477109,0.31569,0.152403,0.0533355
4419,0.477109,0.31569,0.152403,0.0533355
4420,0.470114,0.30691,0.148995,0.052442
4421,0.47947,0.319247,0.153239,0.0531
4422,0.47947,0.319247,0.153239,0.0531
4423,0.482341,0.329898,0.156914,0.0534884
4424,0.482341,0.329898,0.156914,0.0534884
4425,0.481713,0.329805,0.158726,0.0530965
4426,0.490153,0.327897,0.15524,0.0538442
4427,0.471319,0.315283,0.154157,0.0514066
4428,0.453264,0.306285,0.155754,0.0487871
4429,0.445185,0.295653,0.153041,0.0488964
4430,0.454093,0.29046,0.144664,0.0499608
4431,0.473658,0.30589,0.148206,0.0517196
4432,0.478952,0.310519,0.148856,0.0524138
4433,0.478952,0.310519,0.148856,0.0524138
4434,0.452728,0.294562,0.149036,0.050276
4435,0.44514,0.286622,0.147962,0.0483292
4436,0.44514,0.286622,0.147962,0.0483292
4437,0.456498,0.296503,0.148119,0.0501176
4438,0.471805,0.301254,0.147797,0.0525194
4439,0.470732,0.293846,0.142811,0.0528685
4440,0.463548,0.295504,0.146204,0.0510434
4441,0.469315,0.297484,0.145158,0.0515953
4442,0.469315,0.297484,0.145158,0.0515953
4443,0.468258,0.301353,0.149436,0.0503125
4444,0.468258,0.301353,0.149436,0.0503125
4445,0.458742,0.298279,0.149018,0.0501508
4446,0.487676,0.323857,0.152216,0.0539756
4447,0.487676,0.323857,0.152216,0.0539756
4448,0.457508,0.306583,0.15269,0.0495029
4449,0.460964,0.315075,0.155263,0.0504771
4450,0.460964,0.315075,0.155263,0.0504771
4451,0.447583,0.304196,0.154831,0.0486334
4452,0.447583,0.304196,0.154831,0.0486334
4453,0.454568,0.319622,0.161171,0.0494358
4454,0.453361,0.329615,0.16605,0.048829
4455,0.435343,0.304872,0.159519,0.0480151
4456,0.457592,0.335479,0.167621,0.0505323
4457,0.461005,0.339859,0.168581,0.0512194
4458,0.469513,0.34194,0.16514,0.0522748
4459,0.469513,0.34194,0.16514,0.0522748
4460,0.469513,0.34194,0.16514,0.0522748
4461,0.469307,0.345727,0.170746,0.0515853
4462,0.437523,0.311261,0.160456,0.0487439
4463,0.437523,0.311261,0.160456,0.0487439
4464,0.437523,0.311261,0.160456,0.0487439
4465,0.437523,0.311261,0.160456,0.0487439
4466,0.433162,0.309213,0.160917,0.0475924
4467,0.459076,0.336558,0.16931,0.050235
4468,0.442325,0.319724,0.16402,0.0488628
4469,0.454648,0.330487,0.166171,0.0491656
4470,0.452544,0.327054,0.165417,0.0486543
4471,0.452544,0.327054,0.165417,0.0486543
4472,0.452544,0.327054,0.165417,0.0486543
4473,0.455797,0.322676,0.161662,0.049937
4474,0.463105,0.335522,0.16656,0.0500402
4475,0.452219,0.322214,0.16233,0.0495605
4476,0.452219,0.322214,0.16233,0.0495605
4477,0.49045,0.36092,0.17208,0.053275
4478,0.474681,0.346292,0.169285,0.0508263
4479,0.463801,0.342951,0.167794,0.0505971
4480,0.463801,0.342951,0.167794,0.0505971
4481,0.463801,0.342951,0.167794,0.0505971
4482,0.478596,0.346903,0.166842,0.0526296
4483,0.491941,0.352722,0.167588,0.0539153
4484,0.491941,0.352722,0.167588,0.0539153
4485,0.491941,0.352722,0.167588,0.0539153
4486,0.510447,0.371483,0.170311,0.0548043
4487,0.510447,0.371483,0.170311,0.0548043
4488,0.509851,0.3632,0.167409,0.0544767
4489,0.475491,0.332406,0.162619,0.0499438
4490,0.481269,0.329403,0.156871,0.0512811
4491,0.47445,0.329733,0.159844,0.0515375
4492,0.47445,0.329733,0.159844,0.0515375
4493,0.482725,0.338775,0.162237,0.0520749
4494,0.481151,0.331878,0.159336,0.0519121
4495,0.524789,0.367674,0.163832,0.0574914
4496,0.521454,0.366499,0.165172,0.0567404
4497,0.502614,0.353993,0.163848,0.0541549
4498,0.502614,0.353993,0.163848,0.0541549
4499,0.502614,0.353993,0.163848,0.0541549
4500,0.509231,0.359636,0.165827,0.054194
4501,0.475118,0.336723,0.165209,0.0508878
4502,0.475118,0.336723,0.165209,0.0508878
4503,0.478597,0.34176,0.169015,0.0498993
4504,0.464998,0.348942,0.173529,0.048347
4505,0.464998,0.348942,0.173529,0.048347
4506,0.439153,0.313558,0.16662,0.0458315
4507,0.439153,0.313558,0.16662,0.0458315
4508,0.439153,0.313558,0.16662,0.0458315
4509,0.439153,0.313558,0.16662,0.0458315
4510,0.439153,0.313558,0.16662,0.0458315
4511,0.439523,0.312883,0.164469,0.0456242
4512,0.439523,0.312883,0.164469,0.0456242
4513,0.439523,0.312883,0.164469,0.0456242
4514,0.439523,0.312883,0.164469,0.0456242
4515,0.469025,0.335669,0.167889,0.0483267
4516,0.469025,0.335669,0.167889,0.0483267
4517,0.482063,0.353169,0.172208,0.0496041
4518,0.474923,0.347746,0.170138,0.0485589
4519,0.474923,0.347746,0.170138,0.0485589
4520,0.474923,0.347746,0.170138,0.0485589
4521,0.48709,0.367176,0.176357,0.0502879
4522,0.48709,0.367176,0.176357,0.0502879
4523,0.48709,0.367176,0.176357,0.0502879
4524,0.475118,0.345381,0.168729,0.0506038
4525,0.475118,0.345381,0.168729,0.0506038
4526,0.453036,0.324051,0.167324,0.0471071
4527,0.448037,0.319846,0.162992,0.048474
4528,0.44281,0.319639,0.164281,0.0484182
4529,0.432616,0.314413,0.164464,0.0472037
4530,0.438731,0.314041,0.163888,0.048811
4531,0.438731,0.314041,0.163888,0.048811
4532,0.438731,0.314041,0.163888,0.048811
4533,0.438731,0.314041,0.163888,0.048811
4534,0.438731,0.314041,0.163888,0.048811
4535,0.441172,0.314661,0.161067,0.048958
4536,0.430514,0.308553,0.160765,0.0480804
4537,0.418447,0.292543,0.157614,0.046981
4538,0.432636,0.299969,0.155745,0.0493816
4539,0.432636,0.299969,0.155745,0.0493816
4540,0.428601,0.292176,0.153617,0.049313
4541,0.428601,0.292176,0.153617,0.049313
4542,0.427741,0.290306,0.150929,0.0495717
4543,0.443161,0.308323,0.157707,0.0508507
4544,0.443161,0.308323,0.157707,0.0508507
4545,0.443161,0.308323,0.157707,0.0508507
4546,0.42662,0.295622,0.153501,0.0494355
4547,0.443143,0.311382,0.157681,0.0506535
4548,0.438306,0.306663,0.15758,0.0507202
4549,0.438306,0.306663,0.15758,0.0507202
4550,0.464271,0.328987,0.160546,0.0528881
4551,0.459322,0.317101,0.15678,0.0521652
4552,0.469071,0.315248,0.15495,0.0531393
4553,0.463485,0.314625,0.154851,0.0524916
4554,0.444056,0.290526,0.148774,0.0505218
4555,0.437749,0.288228,0.148598,0.0492844
4556,0.412468,0.268519,0.145224,0.0469958
4557,0.412468,0.268519,0.145224,0.0469958
4558,0.433387,0.289121,0.150858,0.0492126
4559,0.433387,0.289121,0.150858,0.0492126
4560,0.427485,0.287981,0.152269,0.0486258
4561,0.406407,0.269568,0.147635,0.0465753
4562,0.414188,0.27207,0.144827,0.0472354
4563,0.41182,0.278401,0.151313,0.0472929
4564,0.416333,0.278726,0.149601,0.047327
4565,0.416333,0.278726,0.149601,0.047327
4566,0.390192,0.262325,0.148087,0.0443625
4567,0.396082,0.263049,0.148024,0.0450942
4568,0.381101,0.256192,0.149273,0.0436125
4569,0.384076,0.257833,0.147866,0.0440869
4570,0.402356,0.268305,0.147903,0.0454682
4571,0.402356,0.268305,0.147903,0.0454682
4572,0.406641,0.272667,0.149697,0.0465797
4573,0.400514,0.263753,0.147707,0.0453173
4574,0.415035,0.283505,0.151992,0.0474109
4575,0.419737,0.279019,0.149532,0.0479428
4576,0.408298,0.273818,0.149632,0.0461279
4577,0.410014,0.276444,0.149874,0.0464566
4578,0.410014,0.276444,0.149874,0.0464566
4579,0.404224,0.274574,0.152345,0.044832
4580,0.408539,0.278719,0.155402,0.0447186
4581,0.396922,0.268233,0.153256,0.042843
4582,0.405757,0.277526,0.153399,0.0446293
4583,0.41432,0.282517,0.151957,0.0462283
4584,0.409523,0.279911,0.153861,0.0441361
4585,0.419306,0.288797,0.155628,0.0455042
4586,0.450965,0.317248,0.161521,0.0484531
4587,0.451763,0.321647,0.165373,0.0484831
4588,0.44449,0.306441,0.158129,0.0479776
4589,0.423142,0.291412,0.15658,0.0451749
4590,0.423142,0.291412,0.15658,0.0451749
4591,0.423142,0.291412,0.15658,0.0451749
4592,0.421613,0.284261,0.153299,0.0450742
4593,0.421613,0.284261,0.153299,0.0450742
4594,0.43664,0.301577,0.156973,0.0463914
4595,0.43664,0.301577,0.156973,0.0463914
4596,0.43664,0.301577,0.156973,0.0463914
4597,0.428579,0.301482,0.15593,0.0473467
4598,0.428579,0.301482,0.15593,0.0473467
4599,0.406888,0.278424,0.155599,0.043944
4600,0.406888,0.278424,0.155599,0.043944
4601,0.409906,0.286391,0.156968,0.0437612
4602,0.407864,0.282362,0.160483,0.0439675
4603,0.405712,0.280121,0.158018,0.0430569
4604,0.405712,0.280121,0.158018,0.0430569
4605,0.427605,0.300265,0.162035,0.0449249
4606,0.402093,0.277367,0.159012,0.041856
4607,0.433123,0.300465,0.162457,0.0439027
4608,0.412723,0.273607,0.153554,0.0420908
4609,0.412723,0.273607,0.153554,0.0420908
4610,0.412723,0.273607,0.153554,0.0420908
4611,0.412723,0.273607,0.153554,0.0420908
4612,0.414027,0.278151,0.154096,0.0437606
4613,0.394484,0.25997,0.148691,0.0416286
4614,0.402837,0.269725,0.151528,0.0426604
4615,0.406906,0.269585,0.14894,0.043301
4616,0.38889,0.255989,0.145767,0.0430273
4617,0.38213,0.247593,0.144712,0.0426955
4618,0.393292,0.265179,0.150562,0.0435003
4619,0.376722,0.255811,0.14916,0.0422221
4620,0.377026,0.25523,0.147619,0.0429358
4621,0.382006,0.266032,0.152787,0.04444
4622,0.394123,0.276155,0.154095,0.0449239
4623,0.394123,0.276155,0.154095,0.0449239
4624,0.400219,0.28447,0.156907,0.0458989
4625,0.400219,0.28447,0.156907,0.0458989
4626,0.384047,0.270672,0.156122,0.0430222
4627,0.380667,0.264046,0.152945,0.0427193
4628,0.380667,0.264046,0.152945,0.0427193
4629,0.357822,0.249266,0.153094,0.0405394
4630,0.372324,0.258944,0.155491,0.0409296
4631,0.386894,0.268355,0.153924,0.0435902
4632,0.392991,0.273909,0.155496,0.0445222
4633,0.392991,0.273909,0.155496,0.0445222
4634,0.395376,0.268883,0.151205,0.0442505
4635,0.384539,0.264692,0.153313,0.0438401
4636,0.377979,0.257358,0.150333,0.0437528
4637,0.389281,0.265143,0.150696,0.045126
4638,0.389281,0.265143,0.150696,0.045126
4639,0.389669,0.264914,0.151391,0.0456384
4640,0.388158,0.268416,0.152574,0.0449892
4641,0.389344,0.275876,0.157188,0.0441474
4642,0.416108,0.3022,0.161705,0.0479091
4643,0.408183,0.289084,0.156508,0.0467766
4644,0.414884,0.294777,0.159046,0.0463614
4645,0.418283,0.291298,0.156569,0.0457108
4646,0.427428,0.295579,0.154331,0.047274
4647,0.427428,0.295579,0.154331,0.047274
4648,0.427428,0.295579,0.154331,0.047274
4649,0.427428,0.295579,0.154331,0.047274
4650,0.434816,0.293987,0.151954,0.0476887
4651,0.418406,0.280723,0.151233,0.0463966
4652,0.416854,0.270129,0.147065,0.0451474
4653,0.404482,0.263023,0.145976,0.04468
4654,0.384179,0.2523,0.1447,0.0426857
4655,0.38447,0.24767,0.141993,0.0425743
4656,0.405388,0.256788,0.141653,0.0457548
4657,0.405285,0.259115,0.142441,0.0450437
4658,0.405285,0.259115,0.142441,0.0450437
4659,0.425327,0.267215,0.140855,0.0476581
4660,0.425327,0.267215,0.140855,0.0476581
4661,0.399123,0.248099,0.136622,0.0459936
4662,0.395186,0.242068,0.135968,0.0449357
4663,0.391845,0.242875,0.138171,0.0445253
4664,0.391845,0.242875,0.138171,0.0445253
4665,0.376187,0.230496,0.135677,0.0434231
4666,0.384112,0.237399,0.136723,0.0440497
4667,0.367124,0.229634,0.13786,0.0418761
4668,0.378109,0.238471,0.140555,0.041887
4669,0.378109,0.238471,0.140555,0.041887
4670,0.378109,0.238471,0.140555,0.041887
4671,0.385747,0.2407,0.138202,0.0430958
4672,0.399152,0.243645,0.136984,0.0438803
4673,0.42324,0.259211,0.137329,0.0470231
4674,0.402624,0.249718,0.137407,0.0455345
4675,0.402624,0.249718,0.137407,0.0455345
4676,0.402624,0.249718,0.137407,0.0455345
4677,0.407348,0.257336,0.140757,0.045945
4678,0.412048,0.26013,0.14122,0.0468866
4679,0.404183,0.253583,0.138573,0.0464318
4680,0.383564,0.239014,0.136439,0.0437875
4681,0.383564,0.239014,0.136439,0.0437875
4682,0.388306,0.244592,0.137204,0.0444677
4683,0.377529,0.234169,0.135115,0.0432757
4684,0.364745,0.218798,0.129184,0.0426727
4685,0.370335,0.232151,0.138088,0.0425071
4686,0.392429,0.247236,0.139009,0.0451916
4687,0.392429,0.247236,0.139009,0.0451916
4688,0.392429,0.247236,0.139009,0.0451916
4689,0.404774,0.261745,0.142693,0.0455931
4690,0.405758,0.262837,0.143944,0.045113
4691,0.37714,0.240783,0.142535,0.0416807
4692,0.364569,0.238004,0.143195,0.0407655
4693,0.358302,0.230291,0.142365,0.0397411
4694,0.358702,0.225167,0.137528,0.0398647
4695,0.358702,0.225167,0.137528,0.0398647
4696,0.358702,0.225167,0.137528,0.0398647
4697,0.366553,0.232771,0.141082,0.0411088
4698,0.361681,0.230514,0.139168,0.0409767
4699,0.361681,0.230514,0.139168,0.0409767
4700,0.370867,0.239331,0.142178,0.0426603
4701,0.377629,0.241971,0.14149,0.0430074
4702,0.377629,0.241971,0.14149,0.0430074
4703,0.374441,0.234919,0.13818,0.0430647
4704,0.357375,0.224163,0.137001,0.0404119
4705,0.356976,0.224063,0.136968,0.0406238
4706,0.356372,0.220472,0.133677,0.0411167
4707,0.355302,0.226097,0.138047,0.0413819
4708,0.353596,0.222139,0.136438,0.0411469
4709,0.353596,0.222139,0.136438,0.0411469
4710,0.363723,0.236273,0.141163,0.041808
4711,0.370749,0.237594,0.1398,0.0434165
4712,0.373559,0.23488,0.137298,0.0431271
4713,0.383629,0.24447,0.140233,0.0439053
4714,0.388037,0.250768,0.139811,0.0445096
4715,0.376198,0.241891,0.141066,0.0433549
4716,0.375846,0.239683,0.141306,0.0440678
4717,0.375846,0.239683,0.141306,0.0440678
4718,0.375846,0.239683,0.141306,0.0440678
4719,0.380487,0.24375,0.142685,0.0445579
4720,0.395316,0.262121,0.144557,0.0463202
4721,0.377648,0.243929,0.141574,0.0429583
4722,0.395398,0.262,0.147822,0.0447598
4723,0.404105,0.273579,0.152091,0.0453476
4724,0.404105,0.273579,0.152091,0.0453476
4725,0.418244,0.281658,0.152741,0.0467123
4726,0.428488,0.293135,0.151977,0.0489791
4727,0.455052,0.309625,0.153544,0.0517937
4728,0.455052,0.309625,0.153544,0.0517937
4729,0.407798,0.271163,0.147453,0.0463894
4730,0.411543,0.281924,0.152635,0.0462262
4731,0.41533,0.27953,0.15088,0.0466809
4732,0.424776,0.291164,0.154782,0.0474182
4733,0.424776,0.291164,0.154782,0.0474182
4734,0.442981,0.297404,0.153727,0.0493296
4735,0.449282,0.309017,0.156179,0.0500242
4736,0.465959,0.324184,0.159468,0.0507007
4737,0.449898,0.31229,0.15885,0.0490805
4738,0.451125,0.302343,0.154089,0.0493822
4739,0.428618,0.292177,0.154892,0.0467861
4740,0.439254,0.307525,0.159898,0.047038
4741,0.448349,0.315876,0.160516,0.0476047
4742,0.466721,0.325023,0.161035,0.0496952
4743,0.466721,0.325023,0.161035,0.0496952
4744,0.453564,0.32083,0.161147,0.0473891
4745,0.457565,0.317707,0.158894,0.0472809
4746,0.457565,0.317707,0.158894,0.0472809
4747,0.448343,0.316097,0.162101,0.0466031
4748,0.443682,0.308084,0.158578,0.0462799
4749,0.442178,0.312736,0.163002,0.0456808
4750,0.426434,0.301421,0.162477,0.0442459
4751,0.421963,0.292032,0.160236,0.0435744
4752,0.421963,0.292032,0.160236,0.0435744
4753,0.421963,0.292032,0.160236,0.0435744
4754,0.42348,0.296947,0.15789,0.04554
4755,0.426379,0.301794,0.158558,0.046819
4756,0.4392,0.314971,0.160199,0.0489961
4757,0.450254,0.325124,0.164046,0.0500512
4758,0.481049,0.345428,0.164645,0.0534608
4759,0.451189,0.317087,0.161538,0.0498176
4760,0.474762,0.332457,0.16066,0.0529853
4761,0.474762,0.332457,0.16066,0.0529853
4762,0.474762,0.332457,0.16066,0.0529853
4763,0.473292,0.326698,0.15756,0.0530518
4764,0.451373,0.313941,0.157719,0.0506307
4765,0.465712,0.324725,0.158907,0.052529
4766,0.465712,0.324725,0.158907,0.052529
4767,0.471892,0.337556,0.163642,0.0525799
4768,0.471892,0.337556,0.163642,0.0525799
4769,0.451221,0.31745,0.161433,0.0510415
4770,0.44798,0.326945,0.164926,0.0508173
4771,0.446064,0.317169,0.163556,0.0495749
4772,0.446064,0.317169,0.163556,0.0495749
4773,0.443065,0.312464,0.162185,0.0494928
4774,0.470986,0.342053,0.168095,0.0527925
4775,0.488957,0.360956,0.1718,0.0532183
4776,0.456412,0.336502,0.168815,0.0481813
4777,0.486184,0.360562,0.172681,0.0504467
4778,0.486184,0.360562,0.172681,0.0504467
4779,0.45835,0.340984,0.172516,0.0485123
4780,0.442535,0.332745,0.173537,0.0473954
4781,0.409627,0.306119,0.16948,0.0448256
4782,0.434416,0.326369,0.172287,0.0471398
4783,0.458212,0.351747,0.178159,0.0493119
4784,0.463727,0.360901,0.178038,0.0506819
4785,0.473032,0.3648,0.178282,0.0515201
4786,0.473032,0.3648,0.178282,0.0515201
4787,0.455499,0.34919,0.176443,0.0491217
4788,0.455499,0.34919,0.176443,0.0491217
4789,0.439578,0.340643,0.174933,0.0482984
4790,0.41398,0.315247,0.172388,0.0457613
4791,0.426512,0.334932,0.178457,0.0467732
4792,0.426512,0.334932,0.178457,0.0467732
4793,0.416944,0.315879,0.171189,0.0450309
4794,0.42499,0.338465,0.18045,0.0466556
4795,0.38653,0.300005,0.170463,0.0431296
4796,0.416826,0.338047,0.182951,0.0460409
4797,0.416826,0.338047,0.182951,0.0460409
4798,0.416826,0.338047,0.182951,0.0460409
4799,0.416826,0.338047,0.182951,0.0460409
4800,0.419431,0.337367,0.181538,0.0448524
4801,0.403451,0.333569,0.184086,0.0436898
4802,0.419013,0.336723,0.182129,0.0459549
4803,0.423182,0.343823,0.180379,0.046843
4804,0.417174,0.332606,0.179529,0.0461968
4805,0.415379,0.337048,0.183895,0.0464242
4806,0.398335,0.322162,0.18152,0.0444266
4807,0.387175,0.300462,0.174062,0.0432482
4808,0.387175,0.300462,0.174062,0.0432482
4809,0.399005,0.317325,0.175322,0.0453799
4810,0.399005,0.317325,0.175322,0.0453799
4811,0.406139,0.327602,0.181073,0.045722
4812,0.406953,0.325834,0.1808,0.0459
4813,0.415223,0.339042,0.182987,0.0467055
4814,0.422782,0.331675,0.175358,0.0473698
4815,0.422782,0.331675,0.175358,0.0473698
4816,0.438391,0.348666,0.178048,0.0501008
4817,0.438391,0.348666,0.178048,0.0501008
4818,0.419984,0.328412,0.175072,0.0483505
4819,0.419984,0.328412,0.175072,0.0483505
4820,0.411442,0.32753,0.178408,0.0474605
4821,0.411442,0.32753,0.178408,0.0474605
4822,0.403545,0.314618,0.173842,0.0464393
4823,0.428228,0.332997,0.175122,0.0489957
4824,0.423503,0.340746,0.18114,0.0481816
4825,0.418691,0.328273,0.178699,0.0467573
4826,0.442059,0.354276,0.184165,0.0482138
4827,0.446771,0.351533,0.179926,0.0482747
4828,0.458991,0.373581,0.188581,0.0503921
4829,0.464206,0.371922,0.183579,0.0515152
4830,0.453777,0.360975,0.181827,0.0503797
4831,0.450711,0.362089,0.184744,0.0498228
4832,0.450711,0.362089,0.184744,0.0498228
4833,0.450711,0.362089,0.184744,0.0498228
4834,0.451498,0.364827,0.18639,0.049922
4835,0.432283,0.340078,0.177935,0.0480796
4836,0.432283,0.340078,0.177935,0.0480796
4837,0.432283,0.340078,0.177935,0.0480796
4838,0.428792,0.352191,0.187246,0.0472028
4839,0.42834,0.354272,0.189632,0.0476365
4840,0.42834,0.354272,0.189632,0.0476365
4841,0.43604,0.360203,0.188367,0.047881
4842,0.41043,0.337547,0.186694,0.0450119
4843,0.412479,0.347494,0.189238,0.0448234
4844,0.414088,0.349595,0.193132,0.0461999
4845,0.416385,0.343788,0.188012,0.0460187
4846,0.415549,0.346228,0.187046,0.0466194
4847,0.415549,0.346228,0.187046,0.0466194
4848,0.432094,0.360174,0.190073,0.0492658
4849,0.429069,0.355428,0.184789,0.049265
4850,0.415749,0.343969,0.185489,0.0475708
4851,0.395585,0.339198,0.190315,0.0445529
4852,0.395691,0.330632,0.185202,0.0448073
4853,0.395691,0.330632,0.185202,0.0448073
4854,0.409875,0.335087,0.183936,0.0464324
4855,0.409875,0.335087,0.183936,0.0464324
4856,0.39181,0.324302,0.187196,0.0433436
4857,0.376001,0.313865,0.187027,0.0416232
4858,0.396646,0.323542,0.181509,0.0461523
4859,0.430486,0.339068,0.177235,0.0496878
4860,0.405823,0.3185,0.176351,0.0469453
4861,0.405217,0.318368,0.176331,0.0455016
4862,0.405217,0.318368,0.176331,0.0455016
4863,0.404402,0.327058,0.180633,0.0450915
4864,0.397686,0.314095,0.17614,0.0444931
4865,0.384384,0.295561,0.170123,0.0439119
4866,0.383371,0.294214,0.170633,0.0429378
4867,0.37865,0.287247,0.169173,0.0427854
4868,0.37865,0.287247,0.169173,0.0427854
4869,0.390165,0.301968,0.169909,0.0440065
4870,0.39851,0.30178,0.168403,0.0443164
4871,0.425638,0.314783,0.165438,0.0481102
4872,0.433274,0.323261,0.170377,0.0484447
4873,0.433274,0.323261,0.170377,0.0484447
4874,0.404296,0.286147,0.158547,0.0459085
4875,0.409686,0.303045,0.164369,0.0465161
4876,0.408887,0.287859,0.156413,0.0464601
4877,0.408887,0.287859,0.156413,0.0464601
4878,0.40017,0.289152,0.161373,0.0456798
4879,0.411012,0.301947,0.164568,0.0467591
4880,0.410299,0.295863,0.161374,0.0467894
4881,0.394254,0.281334,0.160467,0.0444651
4882,0.403078,0.292637,0.161313,0.0455288
4883,0.403078,0.292637,0.161313,0.0455288
4884,0.415333,0.31219,0.167125,0.0465518
4885,0.410802,0.293003,0.15791,0.0464856
4886,0.421492,0.313639,0.165766,0.0474825
4887,0.418819,0.308939,0.165279,0.0465051
4888,0.428717,0.315085,0.165003,0.0474527
4889,0.414122,0.306963,0.168342,0.0457582
4890,0.417456,0.319894,0.171863,0.0461947
4891,0.424751,0.334939,0.178407,0.046739
4892,0.426496,0.327093,0.173606,0.0464617
4893,0.413494,0.318306,0.174537,0.0450323
4894,0.393247,0.298022,0.16995,0.0433474
4895,0.398539,0.304427,0.16956,0.0445996
4896,0.394066,0.295544,0.166565,0.0447481
4897,0.388906,0.284976,0.162757,0.0433313
4898,0.40334,0.281127,0.153797,0.0449822
4899,0.413523,0.298608,0.160282,0.0470988
4900,0.408201,0.29087,0.160519,0.0454948
4901,0.408201,0.29087,0.160519,0.0454948
4902,0.408201,0.29087,0.160519,0.0454948
4903,0.390407,0.269172,0.154494,0.0445685
4904,0.390407,0.269172,0.154494,0.0445685
4905,0.390407,0.269172,0.154494,0.0445685
4906,0.396753,0.280823,0.155109,0.0448511
4907,0.387328,0.275229,0.157714,0.0437523
4908,0.388304,0.273637,0.156577,0.0437078
4909,0.388304,0.273637,0.156577,0.0437078
4910,0.388304,0.273637,0.156577,0.0437078
4911,0.384616,0.270861,0.154942,0.0435225
4912,0.387294,0.27199,0.155164,0.0446895
4913,0.403142,0.2926,0.160968,0.0452382
4914,0.399007,0.294275,0.164344,0.0452243
4915,0.382897,0.28113,0.164139,0.0432013
4916,0.382897,0.28113,0.164139,0.0432013
4917,0.391574,0.289753,0.16495,0.0431119
4918,0.391574,0.289753,0.16495,0.0431119
4919,0.391574,0.289753,0.16495,0.0431119
4920,0.415289,0.309966,0.168817,0.0445812
4921,0.415289,0.309966,0.168817,0.0445812
4922,0.395787,0.296929,0.169663,0.0426511
4923,0.391901,0.291384,0.167359,0.0431798
4924,0.391901,0.291384,0.167359,0.0431798
4925,0.382328,0.270872,0.159346,0.0414363
4926,0.382328,0.270872,0.159346,0.0414363
4927,0.382328,0.270872,0.159346,0.0414363
4928,0.388196,0.286515,0.16662,0.0423055
4929,0.379354,0.270845,0.161108,0.0402013
4930,0.379354,0.270845,0.161108,0.0402013
4931,0.342564,0.251579,0.164076,0.0377898
4932,0.345361,0.252799,0.163619,0.0379341
4933,0.350274,0.254501,0.164238,0.0375961
4934,0.350274,0.254501,0.164238,0.0375961
4935,0.354845,0.263079,0.165085,0.0377572
4936,0.36522,0.272783,0.167082,0.0398818
4937,0.377237,0.286712,0.170065,0.0413062
4938,0.391049,0.301296,0.173188,0.0425034
4939,0.376998,0.288141,0.169101,0.0422049
4940,0.376998,0.288141,0.169101,0.0422049
4941,0.392854,0.296374,0.168243,0.0447122
4942,0.387421,0.29403,0.168293,0.0448814
4943,0.386695,0.288966,0.16593,0.0439415
4944,0.378604,0.292515,0.170638,0.0423946
4945,0.373795,0.28802,0.168993,0.042641
4946,0.37823,0.29209,0.170073,0.0426899
4947,0.37823,0.29209,0.170073,0.0426899
4948,0.387853,0.3037,0.172292,0.0441757
4949,0.387484,0.304375,0.174901,0.0440189
4950,0.371041,0.298623,0.176354,0.0428583
4951,0.37393,0.30203,0.179775,0.042644
4952,0.377358,0.310318,0.185134,0.0425972
4953,0.371729,0.299832,0.180905,0.0419115
4954,0.383171,0.303629,0.175115,0.0440261
4955,0.392402,0.307249,0.175548,0.0444355
4956,0.418557,0.327091,0.177296,0.0466535
4957,0.418557,0.327091,0.177296,0.0466535
4958,0.407472,0.315015,0.172324,0.0464205
4959,0.436659,0.356694,0.187385,0.0477598
4960,0.455495,0.365051,0.184536,0.0486907
4961,0.455495,0.365051,0.184536,0.0486907
4962,0.455495,0.365051,0.184536,0.0486907
4963,0.455495,0.365051,0.184536,0.0486907
4964,0.482916,0.399339,0.191462,0.0521778
4965,0.47039,0.387075,0.192837,0.0508926
4966,0.468757,0.380468,0.188812,0.0502769
4967,0.464082,0.384394,0.191257,0.0506039
4968,0.455672,0.360174,0.182668,0.0495066
4969,0.460701,0.365956,0.182212,0.0500918
4970,0.460701,0.365956,0.182212,0.0500918
4971,0.466656,0.376524,0.182558,0.0506145
4972,0.466656,0.376524,0.182558,0.0506145
4973,0.477033,0.389042,0.187026,0.0513134
4974,0.453679,0.352068,0.17665,0.0499936
4975,0.453679,0.352068,0.17665,0.0499936
4976,0.453679,0.352068,0.17665,0.0499936
4977,0.453679,0.352068,0.17665,0.0499936
4978,0.454683,0.344499,0.173645,0.0499958
4979,0.454683,0.344499,0.173645,0.0499958
4980,0.42953,0.326766,0.169793,0.0482336
4981,0.42953,0.326766,0.169793,0.0482336
4982,0.428229,0.326184,0.171424,0.0476772
4983,0.428229,0.326184,0.171424,0.0476772
4984,0.428229,0.326184,0.171424,0.0476772
4985,0.473109,0.367194,0.176147,0.0531649
4986,0.495877,0.379293,0.17685,0.056359
4987,0.479963,0.370388,0.176784,0.0549977
4988,0.464027,0.348388,0.170221,0.0532602
4989,0.478365,0.364832,0.175058,0.0544388
4990,0.459019,0.353935,0.175887,0.0516619
4991,0.456506,0.355274,0.178779,0.0505667
4992,0.462571,0.355096,0.178112,0.0505111
4993,0.462571,0.355096,0.178112,0.0505111
4994,0.471719,0.366032,0.178554,0.0515289
4995,0.4598,0.352156,0.173478,0.051249
4996,0.475681,0.356687,0.172785,0.0530832
4997,0.475681,0.356687,0.172785,0.0530832
4998,0.498251,0.383263,0.179726,0.0559483
4999,0.49197,0.377422,0.179236,0.054634
5000,0.47249,0.369445,0.180069,0.0519182
5001,0.45819,0.350696,0.173177,0.0509486
5002,0.462887,0.349671,0.173649,0.0509052
5003,0.469444,0.347985,0.169594,0.0523023
5004,0.488025,0.373662,0.176623,0.0543404
5005,0.488025,0.373662,0.176623,0.0543404
5006,0.480933,0.359265,0.172697,0.0542766
5007,0.463468,0.334926,0.167024,0.0514547
5008,0.474145,0.348833,0.168949,0.0532173
5009,0.460535,0.333334,0.165411,0.052487
5010,0.459372,0.337955,0.166013,0.0526321
5011,0.459372,0.337955,0.166013,0.0526321
5012,0.459372,0.337955,0.166013,0.0526321
5013,0.459173,0.329654,0.162848,0.0526334
5014,0.466794,0.350534,0.170539,0.0536615
5015,0.45257,0.329102,0.163781,0.0522322
5016,0.461669,0.341642,0.168597,0.0527588
5017,0.456959,0.344915,0.172384,0.0514231
5018,0.456959,0.344915,0.172384,0.0514231
5019,0.45785,0.35209,0.176136,0.0512041
5020,0.459815,0.342867,0.168695,0.0516473
5021,0.456875,0.3415,0.169675,0.0506987
5022,0.433563,0.33131,0.172575,0.048945
5023,0.460752,0.362968,0.180158,0.0507236
5024,0.465759,0.356443,0.176382,0.052139
5025,0.472006,0.362683,0.175876,0.0527155
5026,0.484056,0.373172,0.179891,0.0539984
5027,0.470408,0.36451,0.178883,0.0515169
5028,0.470408,0.36451,0.178883,0.0515169
5029,0.47045,0.351192,0.171944,0.0514243
5030,0.458775,0.347269,0.172299,0.0510687
5031,0.467367,0.366564,0.179723,0.0518033
5032,0.467367,0.366564,0.179723,0.0518033
5033,0.467367,0.366564,0.179723,0.0518033
5034,0.497435,0.389049,0.18145,0.0558419
5035,0.469869,0.363826,0.17656,0.0532317
5036,0.455253,0.351864,0.176633,0.0511881
5037,0.466891,0.362887,0.179945,0.0521994
5038,0.448682,0.344591,0.175421,0.0499176
5039,0.438839,0.327409,0.170278,0.0490635
5040,0.438839,0.327409,0.170278,0.0490635
5041,0.443975,0.342439,0.175678,0.0495334
5042,0.443975,0.342439,0.175678,0.0495334
5043,0.430127,0.328685,0.171267,0.0487505
5044,0.465527,0.362408,0.179695,0.0519501
5045,0.465527,0.362408,0.179695,0.0519501
5046,0.465527,0.362408,0.179695,0.0519501
5047,0.458211,0.359251,0.180686,0.0501593
5048,0.458211,0.359251,0.180686,0.0501593
5049,0.469893,0.3726,0.184153,0.0510671
5050,0.469893,0.3726,0.184153,0.0510671
5051,0.446007,0.357094,0.180473,0.0484455
5052,0.430135,0.34066,0.179394,0.0468942
5053,0.421916,0.33382,0.179247,0.0453475
5054,0.413956,0.328678,0.180869,0.0442066
5055,0.413956,0.328678,0.180869,0.0442066
5056,0.413956,0.328678,0.180869,0.0442066
5057,0.404873,0.315108,0.175129,0.0443442
5058,0.404873,0.315108,0.175129,0.0443442
5059,0.404873,0.315108,0.175129,0.0443442
5060,0.420386,0.335586,0.180797,0.0456405
5061,0.420386,0.335586,0.180797,0.0456405
5062,0.397563,0.294275,0.16557,0.0431789
5063,0.397563,0.294275,0.16557,0.0431789
5064,0.396652,0.293237,0.165486,0.0432879
5065,0.396652,0.293237,0.165486,0.0432879
5066,0.401591,0.30511,0.172033,0.0438372
5067,0.399186,0.301786,0.166962,0.0447559
5068,0.408862,0.31479,0.172605,0.0468798
5069,0.421946,0.314702,0.165663,0.0485986
5070,0.421946,0.314702,0.165663,0.0485986
5071,0.430467,0.315955,0.165826,0.0496561
5072,0.443294,0.336856,0.170139,0.0510102
5073,0.427798,0.316067,0.164337,0.0500191
5074,0.427798,0.316067,0.164337,0.0500191
5075,0.427798,0.316067,0.164337,0.0500191
5076,0.427798,0.316067,0.164337,0.0500191
5077,0.421333,0.307978,0.162873,0.0483662
5078,0.421333,0.307978,0.162873,0.0483662
5079,0.420368,0.312353,0.166119,0.0484397
5080,0.42982,0.316345,0.166916,0.0489079
5081,0.426141,0.322402,0.171059,0.0480126
5082,0.4125,0.298911,0.163221,0.0470774
5083,0.393721,0.278619,0.157078,0.0447255
5084,0.38699,0.274084,0.157296,0.0437529
5085,0.391032,0.268975,0.152492,0.0442846
5086,0.406523,0.285612,0.156223,0.0455634
5087,0.409668,0.285237,0.155933,0.0464112
5088,0.410024,0.288694,0.154818,0.0467029
5089,0.403335,0.278869,0.152886,0.0459804
5090,0.403335,0.278869,0.152886,0.0459804
5091,0.403335,0.278869,0.152886,0.0459804
5092,0.398421,0.278151,0.156264,0.0451694
5093,0.409637,0.28049,0.151777,0.0463727
5094,0.414503,0.285573,0.15356,0.0466139
5095,0.425375,0.292415,0.153606,0.0486493
5096,0.437156,0.306223,0.159626,0.048518
5097,0.416404,0.297565,0.158744,0.0459264
5098,0.40161,0.289727,0.16094,0.0432365
5099,0.40161,0.289727,0.16094,0.0432365
5100,0.40161,0.289727,0.16094,0.0432365
5101,0.413516,0.303935,0.165083,0.0446069
5102,0.413516,0.303935,0.165083,0.0446069
5103,0.417467,0.310685,0.166957,0.0450497
5104,0.417467,0.310685,0.166957,0.0450497
5105,0.431034,0.314325,0.16415,0.0476973
5106,0.431034,0.314325,0.16415,0.0476973
5107,0.418613,0.30268,0.161385,0.0481121
5108,0.43841,0.319362,0.164556,0.0500775
5109,0.41857,0.319509,0.171373,0.0474184
5110,0.430665,0.333463,0.174924,0.0485539
5111,0.430665,0.333463,0.174924,0.0485539
5112,0.432614,0.331814,0.174487,0.048499
5113,0.444153,0.336773,0.174075,0.0489638
5114,0.446172,0.34384,0.173948,0.0489459
5115,0.446172,0.34384,0.173948,0.0489459
5116,0.425633,0.321263,0.171033,0.046661
5117,0.428662,0.328896,0.174418,0.0471545
5118,0.448776,0.352322,0.178792,0.0496738
5119,0.420312,0.323417,0.173448,0.0456255
5120,0.438001,0.34658,0.180375,0.046661
5121,0.438001,0.34658,0.180375,0.046661
5122,0.433108,0.353073,0.182604,0.0458497
5123,0.412624,0.329584,0.181753,0.0436908
5124,0.426449,0.349143,0.185899,0.0456262
5125,0.426449,0.349143,0.185899,0.0456262
5126,0.426449,0.349143,0.185899,0.0456262
5127,0.414914,0.339833,0.18424,0.0452177
5128,0.414914,0.339833,0.18424,0.0452177
5129,0.4075,0.335904,0.186333,0.0441786
5130,0.426958,0.357119,0.193153,0.0450675
5131,0.401041,0.323788,0.181733,0.0442066
5132,0.414548,0.340092,0.185855,0.0447371
5133,0.414548,0.340092,0.185855,0.0447371
5134,0.414548,0.340092,0.185855,0.0447371
5135,0.421402,0.350068,0.18869,0.0457561
5136,0.42337,0.355395,0.18851,0.0465834
5137,0.43347,0.36452,0.192863,0.0482934
5138,0.443642,0.373425,0.192772,0.0496625
5139,0.443642,0.373425,0.192772,0.0496625
5140,0.4255,0.36877,0.195887,0.0474485
5141,0.413637,0.345417,0.188441,0.0469754
5142,0.40023,0.340442,0.189271,0.0454582
5143,0.40023,0.340442,0.189271,0.0454582
5144,0.40023,0.340442,0.189271,0.0454582
5145,0.40023,0.340442,0.189271,0.0454582
5146,0.3963,0.335759,0.189199,0.0455322
5147,0.400678,0.341871,0.190239,0.0455804
5148,0.398163,0.339868,0.18974,0.0450672
5149,0.39213,0.312657,0.180531,0.0439122
5150,0.410215,0.33408,0.182621,0.0458923
5151,0.410215,0.33408,0.182621,0.0458923
5152,0.40705,0.332278,0.180795,0.0471402
5153,0.390501,0.309051,0.175406,0.0458223
5154,0.413886,0.332484,0.17992,0.0485251
5155,0.413886,0.332484,0.17992,0.0485251
5156,0.396498,0.316561,0.176968,0.0464758
5157,0.396498,0.316561,0.176968,0.0464758
5158,0.396498,0.316561,0.176968,0.0464758
5159,0.396498,0.316561,0.176968,0.0464758
5160,0.403484,0.326448,0.182135,0.0467296
5161,0.403484,0.326448,0.182135,0.0467296
5162,0.401715,0.316288,0.175693,0.0470415
5163,0.401715,0.316288,0.175693,0.0470415
5164,0.378974,0.3028,0.178281,0.0439365
5165,0.366744,0.292622,0.179852,0.040879
5166,0.38072,0.307944,0.178373,0.0430077
5167,0.38072,0.307944,0.178373,0.0430077
5168,0.392794,0.315922,0.178077,0.0445209
5169,0.392794,0.315922,0.178077,0.0445209
5170,0.408959,0.323645,0.176431,0.0454792
5171,0.408959,0.323645,0.176431,0.0454792
5172,0.404543,0.318613,0.174914,0.0452414
5173,0.421637,0.335623,0.177938,0.047415
5174,0.4255,0.33667,0.178774,0.0481988
5175,0.402729,0.315108,0.172669,0.0455608
5176,0.426581,0.339237,0.180065,0.0476862
5177,0.406778,0.322365,0.178101,0.0452962
5178,0.406778,0.322365,0.178101,0.0452962
5179,0.406778,0.322365,0.178101,0.0452962
5180,0.424279,0.345558,0.185303,0.0467328
5181,0.424279,0.345558,0.185303,0.0467328
5182,0.424279,0.345558,0.185303,0.0467328
5183,0.408164,0.330814,0.183659,0.045982
5184,0.392638,0.302874,0.171895,0.0444927
5185,0.392638,0.302874,0.171895,0.0444927
5186,0.385662,0.309972,0.177402,0.0429822
5187,0.383456,0.309282,0.178693,0.0432345
5188,0.410895,0.334397,0.183446,0.0460069
5189,0.410895,0.334397,0.183446,0.0460069
5190,0.391411,0.310496,0.176854,0.0439754
5191,0.401039,0.30996,0.173127,0.045677
5192,0.401039,0.30996,0.173127,0.045677
5193,0.402469,0.317954,0.17568,0.0453579
5194,0.382034,0.297385,0.173155,0.042675
5195,0.382034,0.297385,0.173155,0.042675
5196,0.382034,0.297385,0.173155,0.042675
5197,0.395291,0.317999,0.180063,0.0436541
5198,0.395291,0.317999,0.180063,0.0436541
5199,0.391044,0.299142,0.170475,0.0437258
5200,0.391044,0.299142,0.170475,0.0437258
5201,0.397011,0.305641,0.172966,0.0443478
5202,0.397011,0.305641,0.172966,0.0443478
5203,0.392148,0.307127,0.17549,0.0432795
5204,0.392148,0.307127,0.17549,0.0432795
5205,0.381815,0.292313,0.170958,0.0425307
5206,0.411231,0.315622,0.171838,0.0461796
5207,0.382532,0.291333,0.170457,0.0433721
5208,0.382532,0.291333,0.170457,0.0433721
5209,0.384631,0.299712,0.174057,0.042671
5210,0.391747,0.315361,0.178035,0.0441926
5211,0.397245,0.318099,0.179317,0.045689
5212,0.41584,0.348741,0.187089,0.047455
5213,0.416688,0.339392,0.181476,0.0473748
5214,0.42167,0.336965,0.179517,0.0479277
5215,0.414391,0.334832,0.180023,0.0469004
5216,0.414391,0.334832,0.180023,0.0469004
5217,0.414391,0.334832,0.180023,0.0469004
5218,0.436843,0.349939,0.183803,0.0483697
5219,0.436843,0.349939,0.183803,0.0483697
5220,0.415683,0.347511,0.190202,0.0456267
5221,0.427201,0.360182,0.192184,0.0476385
5222,0.423303,0.364993,0.198319,0.0467073
5223,0.443613,0.381841,0.1991,0.0475008
5224,0.452382,0.404653,0.205999,0.0491677
5225,0.45075,0.383392,0.194881,0.0489245
5226,0.45454,0.38767,0.196807,0.0503043
5227,0.461669,0.402202,0.201373,0.0515661
5228,0.475717,0.415307,0.204847,0.0531999
5229,0.471944,0.407979,0.200213,0.0533663
5230,0.471944,0.407979,0.200213,0.0533663
5231,0.475305,0.416635,0.20283,0.0528558
5232,0.446567,0.390709,0.197328,0.0496995
5233,0.446567,0.390709,0.197328,0.0496995
5234,0.445082,0.386239,0.199547,0.0484807
5235,0.446953,0.392413,0.200427,0.0484205
5236,0.446953,0.392413,0.200427,0.0484205
5237,0.446953,0.392413,0.200427,0.0484205
5238,0.443605,0.381104,0.199349,0.0472412
5239,0.446648,0.383894,0.199757,0.0471733
5240,0.446648,0.383894,0.199757,0.0471733
5241,0.446648,0.383894,0.199757,0.0471733
5242,0.446648,0.383894,0.199757,0.0471733
5243,0.443478,0.377344,0.193647,0.046858
5244,0.430126,0.377854,0.201419,0.0454467
5245,0.430126,0.377854,0.201419,0.0454467
5246,0.430126,0.377854,0.201419,0.0454467
5247,0.429134,0.386082,0.20889,0.0450591
5248,0.44228,0.405987,0.210316,0.0466151
5249,0.41941,0.377413,0.205585,0.0454723
5250,0.41941,0.377413,0.205585,0.0454723
5251,0.41941,0.377413,0.205585,0.0454723
5252,0.41941,0.377413,0.205585,0.0454723
5253,0.428139,0.37235,0.196408,0.0462508
5254,0.428139,0.37235,0.196408,0.0462508
5255,0.428139,0.37235,0.196408,0.0462508
5256,0.423977,0.384001,0.205663,0.0466679
5257,0.423023,0.373799,0.20188,0.0462762
5258,0.411477,0.356472,0.198284,0.0452033
5259,0.411477,0.356472,0.198284,0.0452033
5260,0.411477,0.356472,0.198284,0.0452033
5261,0.440676,0.392587,0.204872,0.0489872
5262,0.430803,0.373314,0.197107,0.0481202
5263,0.430803,0.373314,0.197107,0.0481202
5264,0.434918,0.374706,0.196071,0.0481431
5265,0.41648,0.355396,0.192861,0.0461456
5266,0.41648,0.355396,0.192861,0.0461456
5267,0.401963,0.343833,0.189381,0.0451893
5268,0.409149,0.347026,0.191277,0.045249
5269,0.396459,0.323257,0.181133,0.0444581
5270,0.398714,0.328285,0.18253,0.0448881
5271,0.396129,0.325496,0.18437,0.0441314
5272,0.3951,0.315539,0.179032,0.0440088
5273,0.384936,0.311528,0.181753,0.0428375
5274,0.387012,0.307568,0.176839,0.0438471
5275,0.372613,0.291667,0.173481,0.0420036
5276,0.37261,0.287872,0.172436,0.0413096
5277,0.353709,0.271395,0.167587,0.0407826
5278,0.353709,0.271395,0.167587,0.0407826
5279,0.353709,0.271395,0.167587,0.0407826
5280,0.369727,0.282523,0.167548,0.0428814
5281,0.374892,0.285837,0.168393,0.0429884
5282,0.378332,0.28996,0.170157,0.0438977
5283,0.378332,0.28996,0.170157,0.0438977
5284,0.378332,0.28996,0.170157,0.0438977
5285,0.392768,0.325903,0.185275,0.0435217
5286,0.373624,0.298625,0.17823,0.0413877
5287,0.373624,0.298625,0.17823,0.0413877
5288,0.373624,0.298625,0.17823,0.0413877
5289,0.373624,0.298625,0.17823,0.0413877
5290,0.386301,0.313355,0.181734,0.044025
5291,0.390272,0.314972,0.180605,0.0435369
5292,0.390272,0.314972,0.180605,0.0435369
5293,0.381407,0.317424,0.18447,0.0424147
5294,0.396915,0.319615,0.180883,0.0456945
5295,0.417951,0.340277,0.181078,0.0476062
5296,0.415908,0.34083,0.185018,0.0470791
5297,0.415908,0.34083,0.185018,0.0470791
5298,0.425047,0.351016,0.186514,0.0476155
5299,0.42704,0.354311,0.185705,0.0481492
5300,0.430848,0.348797,0.180971,0.0497401
5301,0.411177,0.332996,0.178526,0.0479667
5302,0.411833,0.324624,0.175211,0.0485145
5303,0.415753,0.323347,0.173266,0.0488463
5304,0.435,0.346413,0.183071,0.0508711
5305,0.419769,0.340706,0.182894,0.0490246
5306,0.40083,0.324557,0.181296,0.0466383
5307,0.402027,0.313349,0.173881,0.0470682
5308,0.422981,0.326677,0.174955,0.0494707
5309,0.422981,0.326677,0.174955,0.0494707
5310,0.422981,0.326677,0.174955,0.0494707
5311,0.422981,0.326677,0.174955,0.0494707
5312,0.405902,0.325757,0.179765,0.0470213
5313,0.412629,0.317542,0.174618,0.0475546
5314,0.399348,0.309994,0.17211,0.0465653
5315,0.406248,0.319157,0.173444,0.0470655
5316,0.413497,0.329118,0.177665,0.0471066
5317,0.407034,0.319532,0.17342,0.0464634
5318,0.418332,0.325969,0.172545,0.0480755
5319,0.429816,0.347155,0.180926,0.0494027
5320,0.453604,0.374441,0.187433,0.0514316
5321,0.436835,0.343881,0.178652,0.0497147
5322,0.436835,0.343881,0.178652,0.0497147
5323,0.455696,0.362923,0.180611,0.0522805
5324,0.447724,0.354853,0.179498,0.0515255
5325,0.454298,0.359361,0.180506,0.0520659
5326,0.454298,0.359361,0.180506,0.0520659
5327,0.465007,0.366807,0.181579,0.0536314
5328,0.452602,0.358669,0.178431,0.051541
5329,0.452004,0.354713,0.179482,0.0517674
5330,0.452004,0.354713,0.179482,0.0517674
5331,0.453457,0.3606,0.180264,0.0517627
5332,0.464869,0.367034,0.178966,0.0532781
5333,0.486691,0.399233,0.186981,0.0547876
5334,0.472091,0.388637,0.188984,0.0531524
5335,0.45014,0.371304,0.188362,0.0499131
5336,0.438082,0.357812,0.185878,0.0485389
5337,0.452254,0.368028,0.186813,0.0500995
5338,0.438785,0.36319,0.18733,0.0494419
5339,0.436438,0.349445,0.181572,0.0486161
5340,0.431718,0.35304,0.184898,0.0476823
5341,0.431718,0.35304,0.184898,0.0476823
5342,0.440636,0.359132,0.186652,0.0489791
5343,0.458719,0.38853,0.191397,0.0514933
5344,0.458719,0.38853,0.191397,0.0514933
5345,0.446017,0.378606,0.193854,0.0495764
5346,0.431605,0.363557,0.191173,0.0488403
5347,0.428189,0.362087,0.191581,0.048416
5348,0.428189,0.362087,0.191581,0.048416
5349,0.419779,0.352293,0.187848,0.0471989
5350,0.443506,0.364009,0.189062,0.0501307
5351,0.443506,0.364009,0.189062,0.0501307
5352,0.443506,0.364009,0.189062,0.0501307
5353,0.42205,0.357356,0.193684,0.0484141
5354,0.432136,0.366966,0.190441,0.0500233
5355,0.432136,0.366966,0.190441,0.0500233
5356,0.432136,0.366966,0.190441,0.0500233
5357,0.433956,0.364778,0.191697,0.0506356
5358,0.433956,0.364778,0.191697,0.0506356
5359,0.433956,0.364778,0.191697,0.0506356
5360,0.433956,0.364778,0.191697,0.0506356
5361,0.451112,0.396974,0.202635,0.0521429
5362,0.45208,0.382902,0.195343,0.052058
5363,0.424246,0.354292,0.188236,0.0485738
5364,0.419197,0.333889,0.182034,0.048698
5365,0.419234,0.337175,0.180717,0.0491449
5366,0.410942,0.357243,0.195746,0.0467178
5367,0.412885,0.347897,0.190928,0.0475813
5368,0.404454,0.343839,0.193208,0.046354
5369,0.38928,0.334523,0.189583,0.0448511
5370,0.396999,0.336889,0.190087,0.0460493
5371,0.396999,0.336889,0.190087,0.0460493
5372,0.40929,0.355126,0.195457,0.0462391
5373,0.40929,0.355126,0.195457,0.0462391
5374,0.430039,0.369806,0.195825,0.0478756
5375,0.430039,0.369806,0.195825,0.0478756
5376,0.430039,0.369806,0.195825,0.0478756
5377,0.428273,0.367495,0.194277,0.0475681
5378,0.419579,0.363283,0.197505,0.046901
5379,0.431516,0.371057,0.197733,0.0478362
5380,0.431516,0.371057,0.197733,0.0478362
5381,0.44319,0.386156,0.198626,0.0488874
5382,0.445726,0.389215,0.197239,0.0492172
5383,0.414682,0.364034,0.198119,0.0451923
5384,0.42274,0.377491,0.200821,0.0466648
5385,0.424685,0.370538,0.200035,0.0467871
5386,0.424685,0.370538,0.200035,0.0467871
5387,0.436747,0.377294,0.198259,0.047413
5388,0.413988,0.354919,0.196621,0.0449104
5389,0.415537,0.351761,0.191993,0.0457389
5390,0.436787,0.370615,0.194899,0.0480552
5391,0.443722,0.382517,0.198057,0.0484177
5392,0.420766,0.360333,0.193353,0.04629
5393,0.416475,0.357217,0.193253,0.0454555
5394,0.411066,0.350568,0.194563,0.0447638
5395,0.411066,0.350568,0.194563,0.0447638
5396,0.398235,0.345643,0.198115,0.0430127
5397,0.400088,0.35602,0.19994,0.0443677
5398,0.400088,0.35602,0.19994,0.0443677
5399,0.391767,0.335501,0.193435,0.0431425
5400,0.391767,0.335501,0.193435,0.0431425
5401,0.391767,0.335501,0.193435,0.0431425
5402,0.397317,0.346457,0.194426,0.0434226
5403,0.397317,0.346457,0.194426,0.0434226
5404,0.397317,0.346457,0.194426,0.0434226
5405,0.401615,0.348419,0.195995,0.0437294
5406,0.401615,0.348419,0.195995,0.0437294
5407,0.381423,0.313916,0.186079,0.0423138
5408,0.400531,0.333989,0.185312,0.0456822
5409,0.409612,0.3428,0.189641,0.0462674
5410,0.411646,0.352692,0.191271,0.0463076
5411,0.40187,0.339266,0.187631,0.0451719
5412,0.387397,0.322039,0.186879,0.0439267
5413,0.372675,0.304571,0.179357,0.042231
5414,0.372675,0.304571,0.179357,0.042231
5415,0.384688,0.317537,0.181027,0.0439868
5416,0.403825,0.328027,0.18251,0.046542
5417,0.403825,0.328027,0.18251,0.046542
5418,0.403825,0.328027,0.18251,0.046542
5419,0.410111,0.333693,0.181172,0.0466503
5420,0.419787,0.332975,0.179057,0.0477101
5421,0.429356,0.340833,0.17734,0.0490905
5422,0.426123,0.328494,0.174226,0.0491405
5423,0.416018,0.334872,0.1804,0.047542
5424,0.405037,0.319078,0.176033,0.0461724
5425,0.428174,0.339189,0.17838,0.0476669
5426,0.423023,0.335094,0.178277,0.0474313
5427,0.427281,0.326345,0.172707,0.0482746
5428,0.426502,0.335205,0.176544,0.0476831
5429,0.441738,0.352454,0.182851,0.0491691
5430,0.430342,0.342003,0.178553,0.0484888
5431,0.430342,0.342003,0.178553,0.0484888
5432,0.42334,0.336601,0.178045,0.0468762
5433,0.414835,0.330441,0.176794,0.0464416
5434,0.41868,0.325704,0.176148,0.0468521
5435,0.41868,0.325704,0.176148,0.0468521
5436,0.416205,0.331437,0.177444,0.0465765
5437,0.437591,0.350134,0.181512,0.0486011
5438,0.442654,0.352407,0.180909,0.0494421
5439,0.46269,0.380498,0.187744,0.0512256
5440,0.46269,0.380498,0.187744,0.0512256
5441,0.457442,0.373011,0.186409,0.0508598
5442,0.478553,0.414067,0.197475,0.0519023
5443,0.463395,0.385439,0.19108,0.049227
5444,0.454051,0.38318,0.192403,0.0488959
5445,0.449026,0.365583,0.186764,0.0487518
5446,0.449026,0.365583,0.186764,0.0487518
5447,0.454815,0.358132,0.179212,0.0498247
5448,0.454815,0.358132,0.179212,0.0498247
5449,0.457776,0.366577,0.183851,0.0502328
5450,0.457776,0.366577,0.183851,0.0502328
5451,0.450158,0.344615,0.173095,0.049609
5452,0.450158,0.344615,0.173095,0.049609
5453,0.452801,0.355027,0.179941,0.0493216
5454,0.451953,0.343826,0.174792,0.0487741
5455,0.451953,0.343826,0.174792,0.0487741
5456,0.431104,0.317394,0.169153,0.0457912
5457,0.441969,0.317504,0.165562,0.0464776
5458,0.428223,0.302157,0.162075,0.0463054
5459,0.428223,0.302157,0.162075,0.0463054
5460,0.442238,0.301661,0.156625,0.0480865
5461,0.442238,0.301661,0.156625,0.0480865
5462,0.458522,0.315202,0.156909,0.0500232
5463,0.458522,0.315202,0.156909,0.0500232
5464,0.458522,0.315202,0.156909,0.0500232
5465,0.469344,0.31902,0.155041,0.0510705
5466,0.469344,0.31902,0.155041,0.0510705
5467,0.469344,0.31902,0.155041,0.0510705
5468,0.469344,0.31902,0.155041,0.0510705
5469,0.460902,0.318597,0.157695,0.050039
5470,0.460902,0.318597,0.157695,0.050039
5471,0.463818,0.321845,0.158788,0.0508542
5472,0.453368,0.313328,0.156292,0.0500831
5473,0.453368,0.313328,0.156292,0.0500831
5474,0.449016,0.313014,0.159166,0.0487904
5475,0.439813,0.312316,0.162212,0.0480368
5476,0.429425,0.303968,0.159983,0.0461443
5477,0.429425,0.303968,0.159983,0.0461443
5478,0.430175,0.309532,0.16188,0.0473205
5479,0.466474,0.340541,0.167368,0.0509394
5480,0.440525,0.31102,0.161877,0.048189
5481,0.408162,0.286505,0.155689,0.0455104
5482,0.405306,0.278554,0.154365,0.0445296
5483,0.405306,0.278554,0.154365,0.0445296
5484,0.396288,0.282028,0.156939,0.043408
5485,0.396288,0.282028,0.156939,0.043408
5486,0.392819,0.287022,0.163125,0.0434362
5487,0.388483,0.286985,0.165195,0.0438664
5488,0.405062,0.300126,0.167064,0.0460015
5489,0.422243,0.312677,0.166465,0.0473021
5490,0.41829,0.301377,0.16207,0.0478221
5491,0.41829,0.301377,0.16207,0.0478221
5492,0.402764,0.295045,0.162492,0.0461557
5493,0.402363,0.292909,0.16076,0.0458071
5494,0.429317,0.306872,0.159501,0.0501538
5495,0.42228,0.309215,0.163923,0.0488091
5496,0.429142,0.323218,0.170856,0.0497023
5497,0.437605,0.322317,0.167018,0.0493466
5498,0.432122,0.322844,0.167012,0.0493148
5499,0.424619,0.312454,0.163262,0.0487882
5500,0.426368,0.307824,0.160347,0.0491923
5501,0.415672,0.312027,0.168057,0.0481714
5502,0.422243,0.308328,0.161753,0.0487077
5503,0.412721,0.297438,0.160366,0.0480745
5504,0.411351,0.312135,0.171274,0.0473762
5505,0.411351,0.312135,0.171274,0.0473762
5506,0.394992,0.298782,0.168133,0.0454201
5507,0.416041,0.327344,0.176192,0.0471947
5508,0.407473,0.335839,0.184086,0.0460196
5509,0.412501,0.343599,0.187009,0.0468392
5510,0.412501,0.343599,0.187009,0.0468392
5511,0.412501,0.343599,0.187009,0.0468392
5512,0.411323,0.34252,0.188193,0.045997
5513,0.407958,0.339702,0.188031,0.0457907
5514,0.407958,0.339702,0.188031,0.0457907
5515,0.427239,0.354532,0.186264,0.0485822
5516,0.427239,0.354532,0.186264,0.0485822
5517,0.432219,0.37045,0.194923,0.0491022
5518,0.437811,0.395925,0.206245,0.0494558
5519,0.417196,0.369166,0.201718,0.0463204
5520,0.417196,0.369166,0.201718,0.0463204
5521,0.414668,0.365125,0.198003,0.0469362
5522,0.414286,0.368642,0.201814,0.0464388
5523,0.414286,0.368642,0.201814,0.0464388
5524,0.414286,0.368642,0.201814,0.0464388
5525,0.414286,0.368642,0.201814,0.0464388
5526,0.424092,0.358644,0.192601,0.0467915
5527,0.447658,0.376649,0.190805,0.0499357
5528,0.447658,0.376649,0.190805,0.0499357
5529,0.42239,0.355205,0.191216,0.0475381
5530,0.442753,0.375532,0.192578,0.0500412
5531,0.442753,0.375532,0.192578,0.0500412
5532,0.442753,0.375532,0.192578,0.0500412
5533,0.442753,0.375532,0.192578,0.0500412
5534,0.432591,0.372665,0.193561,0.0495708
5535,0.434092,0.368276,0.193071,0.0496689
5536,0.434293,0.371944,0.194254,0.0497523
5537,0.455585,0.383476,0.193107,0.0520569
5538,0.478335,0.412724,0.201633,0.0546898
5539,0.471669,0.385855,0.187442,0.0545682
5540,0.471669,0.385855,0.187442,0.0545682
5541,0.463242,0.387067,0.190667,0.0529408
5542,0.460369,0.371184,0.185603,0.0519487
5543,0.460369,0.371184,0.185603,0.0519487
5544,0.44159,0.355877,0.184699,0.0500692
5545,0.44159,0.355877,0.184699,0.0500692
5546,0.44159,0.355877,0.184699,0.0500692
5547,0.43048,0.344526,0.180856,0.0491939
5548,0.422311,0.32874,0.17414,0.0487433
5549,0.416433,0.320005,0.170636,0.0475656
5550,0.40423,0.311826,0.170362,0.0462802
5551,0.40423,0.311826,0.170362,0.0462802
5552,0.415262,0.319091,0.169661,0.0476587
5553,0.427748,0.327332,0.172529,0.0485419
5554,0.44013,0.340987,0.174354,0.0497069
5555,0.44013,0.340987,0.174354,0.0497069
5556,0.434676,0.335179,0.173266,0.0492858
5557,0.434676,0.335179,0.173266,0.0492858
5558,0.43329,0.331713,0.170776,0.049788
5559,0.41318,0.316702,0.169572,0.0473911
5560,0.415856,0.311527,0.165111,0.0479104
5561,0.426312,0.333772,0.176248,0.0484759
5562,0.417637,0.320692,0.172834,0.0477216
5563,0.413681,0.321774,0.174518,0.0473934
5564,0.415919,0.319809,0.172499,0.0479287
5565,0.388563,0.29192,0.164885,0.0450296
5566,0.378965,0.290577,0.169131,0.0440044
5567,0.398194,0.306421,0.170976,0.0458814
5568,0.398194,0.306421,0.170976,0.0458814
5569,0.384689,0.29943,0.172087,0.0449521
5570,0.38189,0.28521,0.165119,0.044527
5571,0.38189,0.28521,0.165119,0.044527
5572,0.38189,0.28521,0.165119,0.044527
5573,0.384968,0.291978,0.166956,0.0449512
5574,0.378346,0.288246,0.166394,0.0438519
5575,0.367495,0.289069,0.173728,0.0419582
5576,0.389064,0.309913,0.176498,0.0432385
5577,0.383888,0.306395,0.175495,0.0433177
5578,0.380789,0.303402,0.176748,0.0429324
5579,0.380789,0.303402,0.176748,0.0429324
5580,0.380789,0.303402,0.176748,0.0429324
5581,0.371852,0.290973,0.172318,0.0418322
5582,0.371852,0.290973,0.172318,0.0418322
5583,0.380609,0.303385,0.17451,0.0436265
5584,0.376413,0.294102,0.172004,0.0420088
5585,0.376413,0.294102,0.172004,0.0420088
5586,0.371636,0.297066,0.177061,0.0421088
5587,0.373845,0.302266,0.176695,0.0422367
5588,0.380637,0.305114,0.177976,0.0432298
5589,0.358888,0.293492,0.180463,0.0405463
5590,0.358888,0.293492,0.180463,0.0405463
5591,0.372885,0.298878,0.177389,0.0416846
5592,0.37827,0.307749,0.185338,0.0410183
5593,0.37827,0.307749,0.185338,0.0410183
5594,0.3705,0.297097,0.177075,0.0422423
5595,0.372521,0.295037,0.175279,0.0427816
5596,0.372521,0.295037,0.175279,0.0427816
5597,0.389181,0.301623,0.171516,0.0447612
5598,0.387393,0.305025,0.175131,0.043843
5599,0.41069,0.335459,0.182932,0.0463359
5600,0.412691,0.319524,0.173772,0.0472882
5601,0.412691,0.319524,0.173772,0.0472882
5602,0.427195,0.331893,0.174688,0.0487495
5603,0.433187,0.322977,0.16871,0.0486934
5604,0.426516,0.322137,0.16903,0.0485777
5605,0.426516,0.322137,0.16903,0.0485777
5606,0.426516,0.322137,0.16903,0.0485777
5607,0.430717,0.327241,0.171538,0.0490316
5608,0.430717,0.327241,0.171538,0.0490316
5609,0.430717,0.327241,0.171538,0.0490316
5610,0.43716,0.340607,0.177652,0.0499904
5611,0.452608,0.344967,0.1723,0.0516185
5612,0.444985,0.347422,0.176408,0.0512196
5613,0.4205,0.3254,0.173694,0.0478904
5614,0.410461,0.3185,0.174745,0.0459111
5615,0.414607,0.325886,0.176216,0.0461031
5616,0.414607,0.325886,0.176216,0.0461031
5617,0.417098,0.329976,0.178283,0.0469583
5618,0.416191,0.329316,0.178756,0.0469278
5619,0.417385,0.33189,0.180865,0.045085
5620,0.419324,0.335265,0.179802,0.0451049
5621,0.418416,0.325925,0.176046,0.0451087
5622,0.418416,0.325925,0.176046,0.0451087
5623,0.420658,0.343507,0.184065,0.0459201
5624,0.441503,0.352592,0.179305,0.0482969
5625,0.441503,0.352592,0.179305,0.0482969
5626,0.441503,0.352592,0.179305,0.0482969
5627,0.441503,0.352592,0.179305,0.0482969
5628,0.443603,0.361414,0.184855,0.0486004
5629,0.444414,0.364074,0.186615,0.0485494
5630,0.429016,0.34288,0.178964,0.0468042
5631,0.429711,0.349298,0.184756,0.0469535
5632,0.429711,0.349298,0.184756,0.0469535
5633,0.429711,0.349298,0.184756,0.0469535
5634,0.437577,0.355703,0.187043,0.0463331
5635,0.437577,0.355703,0.187043,0.0463331
5636,0.432344,0.339793,0.179414,0.0467145
5637,0.429192,0.343562,0.182751,0.0462535
5638,0.429192,0.343562,0.182751,0.0462535
5639,0.415238,0.336416,0.183804,0.0450848
5640,0.406,0.325038,0.180084,0.0454572
5641,0.406,0.325038,0.180084,0.0454572
5642,0.437812,0.352923,0.183154,0.0480949
5643,0.452628,0.373268,0.18914,0.0497404
5644,0.462281,0.39489,0.193951,0.051851
5645,0.439527,0.370073,0.191173,0.049272
5646,0.430216,0.361701,0.190003,0.0491658
5647,0.412226,0.331983,0.182104,0.0466706
5648,0.440152,0.352209,0.180999,0.0502619
5649,0.448249,0.365047,0.188444,0.0510493
5650,0.448249,0.365047,0.188444,0.0510493
5651,0.421515,0.341468,0.184051,0.0474779
5652,0.421515,0.341468,0.184051,0.0474779
5653,0.419167,0.34208,0.184215,0.0473547
5654,0.444632,0.365884,0.18459,0.0514751
5655,0.444632,0.365884,0.18459,0.0514751
5656,0.444632,0.365884,0.18459,0.0514751
5657,0.444632,0.365884,0.18459,0.0514751
5658,0.440204,0.370237,0.191577,0.050426
5659,0.428037,0.358016,0.188636,0.049359
5660,0.405657,0.336713,0.186965,0.0472875
5661,0.405499,0.329461,0.179681,0.046391
5662,0.384185,0.316554,0.183876,0.0437129
5663,0.394727,0.3302,0.185962,0.04486
5664,0.394727,0.3302,0.185962,0.04486
5665,0.40768,0.339911,0.188058,0.0459897
5666,0.40768,0.339911,0.188058,0.0459897
5667,0.401575,0.338319,0.187842,0.0457426
5668,0.409563,0.337416,0.184802,0.0469068
5669,0.409563,0.337416,0.184802,0.0469068
5670,0.42399,0.351066,0.188687,0.0483992
5671,0.416938,0.352291,0.191698,0.0476631
5672,0.421689,0.355134,0.188174,0.0482705
5673,0.421689,0.355134,0.188174,0.0482705
5674,0.437805,0.369933,0.189978,0.0501691
5675,0.437993,0.360834,0.187762,0.0507581
5676,0.408932,0.345836,0.187937,0.0468098
5677,0.408932,0.345836,0.187937,0.0468098
5678,0.377256,0.326263,0.19044,0.0435031
5679,0.3778,0.319487,0.185993,0.0441137
5680,0.386236,0.324389,0.185235,0.0452442
5681,0.395521,0.330229,0.185449,0.045541
5682,0.417352,0.34981,0.185962,0.048297
5683,0.417352,0.34981,0.185962,0.048297
5684,0.423796,0.364906,0.193652,0.0483965
5685,0.426443,0.365235,0.190989,0.0488437
5686,0.432299,0.37233,0.195769,0.0487158
5687,0.447564,0.387339,0.199967,0.0499614
5688,0.429537,0.367659,0.194757,0.0485074
5689,0.420919,0.36492,0.195181,0.047381
5690,0.404865,0.338998,0.188307,0.0461524
5691,0.388284,0.334219,0.192158,0.0437442
5692,0.388284,0.334219,0.192158,0.0437442
5693,0.388284,0.334219,0.192158,0.0437442
5694,0.374634,0.311482,0.18461,0.041995
5695,0.383506,0.323935,0.187599,0.0429439
5696,0.370605,0.30762,0.187162,0.0399817
5697,0.370605,0.30762,0.187162,0.0399817
5698,0.384565,0.312289,0.186227,0.0410588
5699,0.384228,0.308488,0.179539,0.0423565
5700,0.370868,0.306194,0.18528,0.0404103
5701,0.370868,0.306194,0.18528,0.0404103
5702,0.35824,0.288201,0.181311,0.0390413
5703,0.35824,0.288201,0.181311,0.0390413
5704,0.365378,0.29158,0.176914,0.040928
5705,0.36911,0.295671,0.17782,0.0421853
5706,0.373934,0.296005,0.173686,0.0425264
5707,0.371638,0.292468,0.17391,0.0417194
5708,0.371638,0.292468,0.17391,0.0417194
5709,0.390931,0.30635,0.173459,0.0435499
5710,0.387313,0.30992,0.176974,0.0439994
5711,0.387313,0.30992,0.176974,0.0439994
5712,0.401064,0.324646,0.179599,0.0452795
5713,0.402823,0.324197,0.181153,0.0451254
5714,0.423424,0.348603,0.187597,0.0474557
5715,0.423424,0.348603,0.187597,0.0474557
5716,0.423357,0.349576,0.187197,0.0473824
5717,0.421845,0.338395,0.180981,0.0469012
5718,0.417279,0.338142,0.182938,0.0479205
5719,0.430291,0.353344,0.18547,0.0488786
5720,0.433102,0.354779,0.186553,0.0492624
5721,0.421322,0.336851,0.183691,0.0476142
5722,0.430401,0.338752,0.177658,0.0489171
5723,0.437995,0.340859,0.177088,0.0491819
5724,0.437995,0.340859,0.177088,0.0491819
5725,0.450707,0.370418,0.187872,0.0501958
5726,0.430375,0.336655,0.177198,0.0486272
5727,0.422307,0.320788,0.17302,0.0470452
5728,0.42459,0.326159,0.172313,0.0477735
5729,0.446132,0.34337,0.175253,0.0499699
5730,0.434126,0.324818,0.167353,0.0492147
5731,0.434126,0.324818,0.167353,0.0492147
5732,0.419783,0.320019,0.168969,0.0480826
5733,0.42394,0.318936,0.168802,0.0486755
5734,0.432124,0.32008,0.164559,0.0495908
5735,0.414608,0.299504,0.159686,0.0474269
5736,0.410476,0.304652,0.163851,0.046674
5737,0.410476,0.304652,0.163851,0.046674
5738,0.413113,0.304201,0.162442,0.0466016
5739,0.412052,0.302509,0.161967,0.0465035
5740,0.414228,0.306274,0.164944,0.0466099
5741,0.406179,0.295758,0.16214,0.0460545
5742,0.408357,0.297874,0.161934,0.0465902
5743,0.428256,0.311493,0.16281,0.0492199
5744,0.412891,0.309482,0.166855,0.0480301
5745,0.400056,0.30004,0.166573,0.0468876
5746,0.3778,0.284052,0.165118,0.0436143
5747,0.379041,0.292316,0.169644,0.0431625
5748,0.394641,0.304677,0.172581,0.0449736
5749,0.402403,0.314826,0.173274,0.0452704
5750,0.411398,0.311071,0.169262,0.0474831
5751,0.420868,0.335722,0.179086,0.0482241
5752,0.399949,0.321507,0.179885,0.0456444
5753,0.403933,0.306291,0.169922,0.0463927
5754,0.403933,0.306291,0.169922,0.0463927
5755,0.42617,0.33765,0.178777,0.0481764
5756,0.42617,0.33765,0.178777,0.0481764
5757,0.456041,0.375016,0.18869,0.0514966
5758,0.45816,0.37087,0.184543,0.0525894
5759,0.449079,0.363658,0.182867,0.0508801
5760,0.455844,0.361694,0.181897,0.052025
5761,0.455844,0.361694,0.181897,0.052025
5762,0.433516,0.346022,0.181039,0.0494818
5763,0.423259,0.341667,0.181498,0.0482262
5764,0.423259,0.341667,0.181498,0.0482262
5765,0.423259,0.341667,0.181498,0.0482262
5766,0.421507,0.332002,0.174447,0.0481483
5767,0.443877,0.34602,0.17525,0.0509424
5768,0.443877,0.34602,0.17525,0.0509424
5769,0.443877,0.34602,0.17525,0.0509424
5770,0.444328,0.350317,0.178284,0.0503081
5771,0.429573,0.336283,0.175644,0.0494894
5772,0.438163,0.340114,0.175913,0.0506607
5773,0.438163,0.340114,0.175913,0.0506607
5774,0.436516,0.342791,0.175543,0.0500002
5775,0.436516,0.342791,0.175543,0.0500002
5776,0.437831,0.346034,0.179554,0.0501984
5777,0.435203,0.350646,0.180866,0.0491371
5778,0.435203,0.350646,0.180866,0.0491371
5779,0.435203,0.350646,0.180866,0.0491371
5780,0.439767,0.354315,0.182336,0.0493921
5781,0.438027,0.348038,0.181416,0.0488288
5782,0.423217,0.33714,0.180234,0.0469397
5783,0.42863,0.336013,0.177412,0.048301
5784,0.436115,0.34426,0.180637,0.0482832
5785,0.436197,0.348375,0.180694,0.0481417
5786,0.431889,0.342312,0.182595,0.0480364
5787,0.425964,0.33237,0.176107,0.0469162
5788,0.425964,0.33237,0.176107,0.0469162
5789,0.42578,0.335409,0.178468,0.0471769
5790,0.42578,0.335409,0.178468,0.0471769
5791,0.436087,0.3374,0.173119,0.0492031
5792,0.444214,0.349759,0.181268,0.049015
5793,0.422964,0.341099,0.183542,0.0467741
5794,0.41317,0.318983,0.176546,0.0449231
5795,0.421293,0.330629,0.177491,0.046726
5796,0.431706,0.349602,0.182671,0.0480252
5797,0.43258,0.341838,0.181087,0.0485341
5798,0.43258,0.341838,0.181087,0.0485341
5799,0.41108,0.322307,0.175606,0.046523
5800,0.418842,0.33608,0.17985,0.0468504
5801,0.401365,0.308128,0.168597,0.0456318
5802,0.408805,0.308514,0.166925,0.0461362
5803,0.425712,0.324201,0.173433,0.0470068
5804,0.43952,0.34603,0.180768,0.0491206
5805,0.438679,0.344338,0.178327,0.0498866
5806,0.438679,0.344338,0.178327,0.0498866
5807,0.439055,0.35024,0.180944,0.0496573
5808,0.419046,0.330439,0.176469,0.0475107
5809,0.427681,0.339808,0.177236,0.0491907
5810,0.408248,0.318926,0.173068,0.0472359
5811,0.408248,0.318926,0.173068,0.0472359
5812,0.408248,0.318926,0.173068,0.0472359
5813,0.387061,0.289007,0.164199,0.0448082
5814,0.385295,0.289195,0.166328,0.0447711
5815,0.385271,0.280378,0.160122,0.0446735
5816,0.410879,0.309193,0.167982,0.0466278
5817,0.40212,0.310172,0.169191,0.0463881
5818,0.402295,0.305813,0.168935,0.046391
5819,0.417757,0.316436,0.170429,0.0473954
5820,0.414671,0.32198,0.173978,0.0468207
5821,0.4224,0.308211,0.164266,0.0479795
5822,0.4224,0.308211,0.164266,0.0479795
5823,0.4224,0.308211,0.164266,0.0479795
5824,0.434989,0.334794,0.17452,0.0493771
5825,0.3977,0.288999,0.159978,0.0454233
5826,0.404286,0.30443,0.166127,0.0462994
5827,0.41198,0.308728,0.166611,0.0469341
5828,0.404516,0.285995,0.156891,0.0464553
5829,0.404516,0.285995,0.156891,0.0464553
5830,0.42181,0.309414,0.163721,0.0481867
5831,0.423763,0.305677,0.160965,0.0482041
5832,0.423763,0.305677,0.160965,0.0482041
5833,0.419194,0.305095,0.162371,0.0472721
5834,0.443677,0.328403,0.167901,0.0508029
5835,0.428943,0.313332,0.164594,0.0478731
5836,0.428943,0.313332,0.164594,0.0478731
5837,0.424786,0.310644,0.164973,0.0463404
5838,0.447481,0.331544,0.167725,0.0491975
5839,0.447481,0.331544,0.167725,0.0491975
5840,0.455168,0.34418,0.171293,0.0509883
5841,0.439851,0.331091,0.168017,0.0493022
5842,0.426179,0.326365,0.174278,0.0480552
5843,0.429918,0.323484,0.171621,0.0483598
5844,0.429918,0.323484,0.171621,0.0483598
5845,0.44159,0.33615,0.173524,0.0501761
5846,0.44159,0.33615,0.173524,0.0501761
5847,0.426905,0.334092,0.177426,0.0475818
5848,0.442796,0.352179,0.182343,0.0490363
5849,0.433504,0.347555,0.180867,0.0490876
5850,0.423493,0.343544,0.183726,0.0472369
5851,0.406993,0.316975,0.174105,0.0453222
5852,0.413606,0.321512,0.175657,0.0461072
5853,0.413606,0.321512,0.175657,0.0461072
5854,0.402502,0.320462,0.181097,0.0436263
5855,0.403807,0.311999,0.177463,0.0429264
5856,0.395792,0.308133,0.175689,0.0434378
5857,0.395792,0.308133,0.175689,0.0434378
5858,0.39949,0.330938,0.186439,0.0437068
5859,0.390563,0.30801,0.176943,0.0430943
5860,0.379263,0.308813,0.179167,0.0425295
5861,0.379013,0.299389,0.175001,0.043303
5862,0.375487,0.294445,0.174194,0.0434093
5863,0.378723,0.298943,0.175658,0.0431179
5864,0.378723,0.298943,0.175658,0.0431179
5865,0.378723,0.298943,0.175658,0.0431179
5866,0.372032,0.288498,0.169778,0.0429837
5867,0.370222,0.287816,0.171582,0.04242
5868,0.370222,0.287816,0.171582,0.04242
5869,0.370222,0.287816,0.171582,0.04242
5870,0.370222,0.287816,0.171582,0.04242
5871,0.370222,0.287816,0.171582,0.04242
5872,0.370654,0.292357,0.17337,0.0429276
5873,0.39196,0.319994,0.180195,0.0455294
5874,0.406155,0.325152,0.17816,0.0473729
5875,0.420106,0.330707,0.176033,0.0491226
5876,0.424134,0.330977,0.174771,0.0503302
5877,0.424134,0.330977,0.174771,0.0503302
5878,0.445635,0.34298,0.176605,0.0525532
5879,0.440999,0.34882,0.18014,0.0515812
5880,0.411701,0.333137,0.182328,0.0479449
5881,0.411701,0.333137,0.182328,0.0479449
5882,0.422986,0.346474,0.185507,0.0487009
5883,0.421157,0.342941,0.183614,0.0487113
5884,0.413758,0.335568,0.181404,0.0481178
5885,0.413758,0.335568,0.181404,0.0481178
5886,0.413655,0.343595,0.184506,0.0469826
5887,0.413655,0.343595,0.184506,0.0469826
5888,0.413655,0.343595,0.184506,0.0469826
5889,0.409142,0.348199,0.190608,0.0461212
5890,0.407529,0.350377,0.191833,0.0464001
5891,0.407752,0.349995,0.191981,0.0469852
5892,0.402481,0.350312,0.195282,0.0462495
5893,0.402481,0.350312,0.195282,0.0462495
5894,0.402481,0.350312,0.195282,0.0462495
5895,0.402481,0.350312,0.195282,0.0462495
5896,0.39585,0.341458,0.190655,0.0456307
5897,0.399186,0.345671,0.191977,0.0463659
5898,0.399186,0.345671,0.191977,0.0463659
5899,0.394602,0.349649,0.193114,0.0460981
5900,0.403753,0.351746,0.194046,0.0472371
5901,0.403753,0.351746,0.194046,0.0472371
5902,0.403753,0.351746,0.194046,0.0472371
5903,0.424958,0.373861,0.197745,0.0497664
5904,0.422561,0.376112,0.200009,0.049521
5905,0.421108,0.36763,0.195615,0.0489654
5906,0.441671,0.375105,0.194297,0.0510126
5907,0.441671,0.375105,0.194297,0.0510126
5908,0.441671,0.375105,0.194297,0.0510126
5909,0.441671,0.375105,0.194297,0.0510126
5910,0.441671,0.375105,0.194297,0.0510126
5911,0.427549,0.373095,0.196024,0.0491664
5912,0.432383,0.37863,0.197157,0.0494859
5913,0.429057,0.358519,0.189568,0.0493955
5914,0.426844,0.361959,0.192688,0.0494175
5915,0.414879,0.348792,0.187857,0.0486007
5916,0.41046,0.343258,0.187495,0.0482449
5917,0.428657,0.376362,0.198411,0.049581
5918,0.446551,0.388114,0.200122,0.051912
5919,0.446551,0.388114,0.200122,0.051912
5920,0.446807,0.411379,0.211815,0.0515393
5921,0.440216,0.388057,0.200889,0.0508777
5922,0.444727,0.385763,0.19784,0.0515491
5923,0.457727,0.408681,0.207018,0.0526907
5924,0.457727,0.408681,0.207018,0.0526907
5925,0.457727,0.408681,0.207018,0.0526907
5926,0.460561,0.40965,0.205189,0.0531255
5927,0.475606,0.416654,0.2021,0.0549851
5928,0.497177,0.441651,0.208798,0.0569812
5929,0.497177,0.441651,0.208798,0.0569812
5930,0.480722,0.425284,0.206737,0.0550922
5931,0.481728,0.423111,0.202998,0.0552135
5932,0.481728,0.423111,0.202998,0.0552135
5933,0.481728,0.423111,0.202998,0.0552135
5934,0.481728,0.423111,0.202998,0.0552135
5935,0.484041,0.443005,0.212052,0.0553162
5936,0.494498,0.458713,0.216604,0.0556933
5937,0.481209,0.449298,0.218511,0.054212
5938,0.47637,0.440992,0.214,0.0537613
5939,0.47637,0.440992,0.214,0.0537613
5940,0.47637,0.440992,0.214,0.0537613
5941,0.500731,0.454332,0.214472,0.0561746
5942,0.500731,0.454332,0.214472,0.0561746
5943,0.466123,0.412089,0.206169,0.0526001
5944,0.466123,0.412089,0.206169,0.0526001
5945,0.44934,0.397285,0.20103,0.0510458
5946,0.44934,0.397285,0.20103,0.0510458
5947,0.452649,0.401593,0.203416,0.0511465
5948,0.452649,0.401593,0.203416,0.0511465
5949,0.444268,0.385516,0.19728,0.0501641
5950,0.444268,0.385516,0.19728,0.0501641
5951,0.415725,0.361155,0.197681,0.0461324
5952,0.401824,0.359938,0.202754,0.0449171
5953,0.385087,0.331096,0.197288,0.0413592
5954,0.399149,0.347803,0.197842,0.043891
5955,0.399149,0.347803,0.197842,0.043891
5956,0.391926,0.34675,0.203372,0.0420477
5957,0.415407,0.373405,0.205912,0.0439242
5958,0.398411,0.347648,0.199271,0.0434363
5959,0.390876,0.341775,0.197762,0.0429277
5960,0.387656,0.342138,0.199698,0.0420426
5961,0.387656,0.342138,0.199698,0.0420426
5962,0.395084,0.360906,0.203763,0.0444891
5963,0.395918,0.353481,0.198669,0.0448663
5964,0.395918,0.353481,0.198669,0.0448663
5965,0.421237,0.373411,0.198945,0.0479877
5966,0.441748,0.389395,0.19831,0.0506592
5967,0.429878,0.37654,0.193026,0.0493847
5968,0.429878,0.37654,0.193026,0.0493847
5969,0.430735,0.365668,0.191345,0.0490364
5970,0.430735,0.365668,0.191345,0.0490364
5971,0.419632,0.356821,0.189996,0.0475441
5972,0.415226,0.362734,0.193966,0.0476079
5973,0.414026,0.361472,0.19676,0.0480064
5974,0.402756,0.351306,0.195723,0.0466251
5975,0.397034,0.350735,0.196025,0.0456927
5976,0.397034,0.350735,0.196025,0.0456927
5977,0.396798,0.351774,0.195947,0.0453664
5978,0.396798,0.351774,0.195947,0.0453664
5979,0.406187,0.348101,0.190499,0.0466806
5980,0.448576,0.374297,0.191185,0.0514184
5981,0.47012,0.389685,0.189609,0.0542887
5982,0.441126,0.364092,0.188268,0.0503194
5983,0.441126,0.364092,0.188268,0.0503194
5984,0.450372,0.371368,0.18882,0.0518931
5985,0.453247,0.382614,0.192518,0.0518336
5986,0.447758,0.383204,0.194937,0.0511291
5987,0.435909,0.375684,0.194706,0.0497418
5988,0.428282,0.364939,0.194304,0.0491792
5989,0.439938,0.375139,0.193552,0.0493912
5990,0.439938,0.375139,0.193552,0.0493912
5991,0.439938,0.375139,0.193552,0.0493912
5992,0.421529,0.363593,0.197052,0.047162
5993,0.421529,0.363593,0.197052,0.047162
5994,0.421529,0.363593,0.197052,0.047162
5995,0.42634,0.370249,0.195238,0.0477797
5996,0.42475,0.36208,0.192879,0.0472289
5997,0.423149,0.352052,0.186781,0.0469714
5998,0.428702,0.36957,0.195272,0.0476502
5999,0.436248,0.364732,0.186894,0.0479197
6000,0.436248,0.364732,0.186894,0.0479197
6001,0.453852,0.397321,0.203636,0.0494267
6002,0.430848,0.370055,0.196676,0.0471101
6003,0.45138,0.397405,0.201819,0.0490835
6004,0.441319,0.388603,0.199067,0.0489476
6005,0.415556,0.364936,0.195968,0.0467426
6006,0.409766,0.341772,0.187592,0.0471668
6007,0.397672,0.330984,0.186803,0.0455016
6008,0.39767,0.340256,0.189864,0.0456301
6009,0.398292,0.341211,0.189124,0.0453213
6010,0.418143,0.356996,0.192385,0.048273
6011,0.402753,0.346896,0.192147,0.0456566
6012,0.389145,0.315289,0.180384,0.0443657
6013,0.393088,0.312872,0.178903,0.0450909
6014,0.384964,0.314316,0.18209,0.0439453
6015,0.408332,0.340097,0.188405,0.0469644
6016,0.408332,0.340097,0.188405,0.0469644
6017,0.404633,0.335292,0.18537,0.0463964
6018,0.398573,0.331637,0.185671,0.0461686
6019,0.400927,0.324433,0.181181,0.0464741
6020,0.400927,0.324433,0.181181,0.0464741
6021,0.404214,0.328891,0.18265,0.0463199
6022,0.397538,0.320734,0.177795,0.045637
6023,0.396851,0.325829,0.183936,0.045651
6024,0.393895,0.336969,0.190304,0.0434113
6025,0.396668,0.338293,0.190877,0.0431978
6026,0.399594,0.328135,0.184176,0.0441264
6027,0.399594,0.328135,0.184176,0.0441264
6028,0.412387,0.345846,0.19016,0.0456898
6029,0.395103,0.324027,0.183377,0.0441785
6030,0.405631,0.337464,0.185575,0.0461508
6031,0.407052,0.327201,0.178494,0.0464052
6032,0.417564,0.344473,0.185489,0.0469995
6033,0.42491,0.33737,0.178079,0.0478673
6034,0.42491,0.33737,0.178079,0.0478673
6035,0.425685,0.339886,0.179942,0.0487883
6036,0.426029,0.348175,0.182696,0.0483534
6037,0.426029,0.348175,0.182696,0.0483534
6038,0.439555,0.364065,0.183805,0.0501781
6039,0.407848,0.335893,0.182834,0.0461204
6040,0.428641,0.3455,0.180259,0.0484603
6041,0.424236,0.338287,0.177511,0.0478752
6042,0.423175,0.339326,0.179851,0.047603
6043,0.423175,0.339326,0.179851,0.047603
6044,0.430913,0.34046,0.177919,0.0485713
6045,0.408514,0.31561,0.172814,0.044854
6046,0.419658,0.328005,0.177908,0.0459751
6047,0.4303,0.348029,0.182112,0.0474903
6048,0.424427,0.351602,0.189187,0.0469099
6049,0.424427,0.351602,0.189187,0.0469099
6050,0.424427,0.351602,0.189187,0.0469099
6051,0.450627,0.381882,0.193359,0.0491235
6052,0.440547,0.367706,0.191961,0.0481124
6053,0.440547,0.367706,0.191961,0.0481124
6054,0.446468,0.377531,0.193707,0.0490388
6055,0.414908,0.341154,0.184912,0.0462332
6056,0.409284,0.342668,0.188274,0.0452335
6057,0.414001,0.353577,0.194367,0.0458624
6058,0.414001,0.353577,0.194367,0.0458624
6059,0.43891,0.370802,0.193443,0.0492662
6060,0.422307,0.349595,0.186774,0.047515
6061,0.422652,0.35526,0.191141,0.0475927
6062,0.427946,0.362892,0.194006,0.0477231
6063,0.429206,0.364095,0.194288,0.0481288
6064,0.429206,0.364095,0.194288,0.0481288
6065,0.429206,0.364095,0.194288,0.0481288
6066,0.437998,0.361997,0.188577,0.0495889
6067,0.437998,0.361997,0.188577,0.0495889
6068,0.448106,0.374395,0.189675,0.0510716
6069,0.456449,0.384028,0.190873,0.0516145
6070,0.447454,0.37731,0.19093,0.050816
6071,0.444153,0.374615,0.192324,0.050321
6072,0.425082,0.375002,0.198992,0.0476013
6073,0.425082,0.375002,0.198992,0.0476013
6074,0.44348,0.390686,0.200361,0.0494917
6075,0.44348,0.390686,0.200361,0.0494917
6076,0.471499,0.419029,0.2049,0.0523003
6077,0.489352,0.431206,0.205153,0.0552908
6078,0.489352,0.431206,0.205153,0.0552908
6079,0.456593,0.395882,0.197278,0.0521574
6080,0.476916,0.39568,0.190288,0.0546145
6081,0.517639,0.438906,0.199251,0.0588103
6082,0.510847,0.434713,0.201049,0.058143
6083,0.501678,0.420759,0.197818,0.0574148
6084,0.501678,0.420759,0.197818,0.0574148
6085,0.501678,0.420759,0.197818,0.0574148
6086,0.472614,0.399267,0.195816,0.0545729
6087,0.48627,0.411579,0.196524,0.0558781
6088,0.48627,0.411579,0.196524,0.0558781
6089,0.466136,0.397891,0.197016,0.0534129
6090,0.453851,0.389934,0.193952,0.051216
6091,0.460049,0.391015,0.193519,0.0526746
6092,0.448118,0.376638,0.191164,0.051436
6093,0.448118,0.376638,0.191164,0.051436
6094,0.456779,0.38173,0.191668,0.052391
6095,0.456779,0.38173,0.191668,0.052391
6096,0.457745,0.394612,0.196898,0.0516343
6097,0.445504,0.381269,0.195173,0.0500944
6098,0.445504,0.381269,0.195173,0.0500944
6099,0.453522,0.393953,0.197271,0.051213
6100,0.445785,0.374661,0.190781,0.0507381
6101,0.445785,0.374661,0.190781,0.0507381
6102,0.445785,0.374661,0.190781,0.0507381
6103,0.438552,0.376329,0.195917,0.0495189
6104,0.443177,0.389242,0.199708,0.0495661
6105,0.433131,0.388239,0.201032,0.0489812
6106,0.42005,0.374696,0.200419,0.0472887
6107,0.457602,0.400107,0.202555,0.0514754
6108,0.445601,0.392581,0.199478,0.0506554
6109,0.439677,0.379712,0.196872,0.0500301
6110,0.448896,0.386112,0.196334,0.0501317
6111,0.428785,0.367151,0.192876,0.0485589
6112,0.428967,0.361801,0.189853,0.0489892
6113,0.422093,0.365402,0.194667,0.0486453
6114,0.422093,0.365402,0.194667,0.0486453
6115,0.422093,0.365402,0.194667,0.0486453
6116,0.407762,0.347493,0.190158,0.046685
6117,0.407762,0.347493,0.190158,0.046685
6118,0.407762,0.347493,0.190158,0.046685
6119,0.407762,0.347493,0.190158,0.046685
6120,0.381361,0.320889,0.187828,0.0438676
6121,0.379814,0.319521,0.186432,0.0430658
6122,0.379814,0.319521,0.186432,0.0430658
6123,0.383265,0.320336,0.186923,0.0431588
6124,0.379817,0.321037,0.18715,0.0433223
6125,0.361857,0.299833,0.182382,0.0414959
6126,0.374314,0.317892,0.188464,0.0420859
6127,0.374314,0.317892,0.188464,0.0420859
6128,0.409354,0.346101,0.189898,0.0462359
6129,0.411062,0.358485,0.194764,0.0458925
6130,0.401831,0.34843,0.193529,0.0455328
6131,0.415869,0.360143,0.1966,0.0463387
6132,0.423933,0.380575,0.202786,0.0457949
6133,0.422401,0.376723,0.203415,0.0461044
6134,0.42691,0.377467,0.200029,0.0473652
6135,0.42691,0.377467,0.200029,0.0473652
6136,0.432115,0.381559,0.201901,0.0476864
6137,0.42982,0.36963,0.195221,0.0478849
6138,0.42982,0.36963,0.195221,0.0478849
6139,0.437655,0.379488,0.198264,0.0496139
6140,0.444155,0.379487,0.192826,0.0503924
6141,0.444155,0.379487,0.192826,0.0503924
6142,0.451896,0.374875,0.190566,0.0505569
6143,0.462389,0.386677,0.192282,0.0519027
6144,0.462389,0.386677,0.192282,0.0519027
6145,0.475962,0.405499,0.196842,0.0527179
6146,0.475962,0.405499,0.196842,0.0527179
6147,0.475962,0.405499,0.196842,0.0527179
6148,0.472054,0.382833,0.189771,0.0525224
6149,0.472054,0.382833,0.189771,0.0525224
6150,0.460733,0.400857,0.199581,0.050547
6151,0.466561,0.394944,0.195376,0.0512575
6152,0.475259,0.415702,0.202606,0.0521132
6153,0.475259,0.415702,0.202606,0.0521132
6154,0.460013,0.38804,0.194496,0.0500664
6155,0.466638,0.393235,0.192725,0.0512538
6156,0.473064,0.403408,0.197577,0.0520731
6157,0.478922,0.411684,0.198338,0.0521965
6158,0.478922,0.411684,0.198338,0.0521965
6159,0.478922,0.411684,0.198338,0.0521965
6160,0.470336,0.390113,0.190637,0.0524997
6161,0.479169,0.398113,0.193113,0.0535816
6162,0.472678,0.389143,0.19005,0.0540754
6163,0.472678,0.389143,0.19005,0.0540754
6164,0.479738,0.386085,0.185393,0.0544072
6165,0.479318,0.407384,0.196068,0.0541477
6166,0.494611,0.410766,0.193748,0.056165
6167,0.483168,0.39584,0.190793,0.0553881
6168,0.45353,0.356656,0.177698,0.052462
6169,0.449138,0.339785,0.173334,0.0516021
6170,0.449138,0.339785,0.173334,0.0516021
6171,0.438013,0.345917,0.178441,0.0504163
6172,0.438013,0.345917,0.178441,0.0504163
6173,0.42895,0.340989,0.181273,0.0497446
6174,0.42895,0.340989,0.181273,0.0497446
6175,0.42895,0.340989,0.181273,0.0497446
6176,0.429283,0.334815,0.174527,0.0492245
6177,0.417832,0.334349,0.178879,0.0474555
6178,0.413208,0.329461,0.17772,0.0470637
6179,0.435342,0.361504,0.187443,0.0484785
6180,0.414691,0.344247,0.185637,0.0464613
6181,0.410036,0.341401,0.18932,0.0451566
6182,0.39737,0.324986,0.184044,0.0441557
6183,0.39737,0.324986,0.184044,0.0441557
6184,0.404502,0.338588,0.186646,0.0457456
6185,0.423056,0.364255,0.194557,0.0477921
6186,0.423056,0.364255,0.194557,0.0477921
6187,0.423056,0.364255,0.194557,0.0477921
6188,0.397939,0.338304,0.189136,0.0458407
6189,0.414238,0.365164,0.195045,0.0470847
6190,0.427465,0.377364,0.199409,0.0478549
6191,0.424808,0.368055,0.196228,0.0478032
6192,0.424808,0.368055,0.196228,0.0478032
6193,0.428925,0.375882,0.196606,0.0483317
6194,0.443953,0.39995,0.205871,0.0503019
6195,0.451246,0.410451,0.209847,0.0512749
6196,0.450935,0.403957,0.207253,0.0520369
6197,0.457433,0.397983,0.201914,0.0530512
6198,0.457433,0.397983,0.201914,0.0530512
6199,0.457433,0.397983,0.201914,0.0530512
6200,0.457433,0.397983,0.201914,0.0530512
6201,0.457433,0.397983,0.201914,0.0530512
6202,0.440798,0.377889,0.196832,0.0516654
6203,0.454212,0.401318,0.203105,0.0521081
6204,0.454212,0.401318,0.203105,0.0521081
6205,0.448513,0.39317,0.200828,0.0513189
6206,0.454461,0.401816,0.203667,0.0519928
6207,0.458867,0.398611,0.197894,0.0523818
6208,0.458867,0.398611,0.197894,0.0523818
6209,0.467625,0.413332,0.202565,0.0527951
6210,0.478282,0.417598,0.198387,0.0539167
6211,0.478282,0.417598,0.198387,0.0539167
6212,0.464188,0.390185,0.195894,0.0520271
6213,0.46079,0.38382,0.189142,0.0525828
6214,0.455178,0.383956,0.191388,0.0524859
6215,0.455178,0.383956,0.191388,0.0524859
6216,0.433135,0.349067,0.181387,0.0498544
6217,0.433135,0.349067,0.181387,0.0498544
6218,0.430181,0.345066,0.179541,0.0500517
6219,0.416793,0.327097,0.175504,0.0486671
6220,0.413504,0.319779,0.172498,0.048314
6221,0.413504,0.319779,0.172498,0.048314
6222,0.417397,0.335737,0.17723,0.048077
6223,0.411571,0.330609,0.178162,0.046751
6224,0.404602,0.326609,0.179143,0.0452206
6225,0.425863,0.329989,0.178406,0.0467062
6226,0.425863,0.329989,0.178406,0.0467062
6227,0.424825,0.339385,0.182474,0.0460053
6228,0.414485,0.331289,0.182164,0.0442435
6229,0.401575,0.311104,0.174457,0.0440054
6230,0.402625,0.314811,0.172754,0.0450023
6231,0.423725,0.330002,0.177364,0.0475097
6232,0.427103,0.330663,0.175352,0.0473196
6233,0.423861,0.329275,0.174819,0.0474738
6234,0.413865,0.319587,0.173286,0.0456043
6235,0.407398,0.312023,0.171166,0.0456744
6236,0.415655,0.325578,0.175669,0.0464341
6237,0.441164,0.355559,0.18461,0.0486109
6238,0.440885,0.346793,0.178641,0.0487629
6239,0.434461,0.335979,0.174946,0.0480686
6240,0.434461,0.335979,0.174946,0.0480686
6241,0.440437,0.333753,0.17249,0.0486422
6242,0.440437,0.333753,0.17249,0.0486422
6243,0.457563,0.368739,0.182265,0.0507675
6244,0.44135,0.361244,0.185893,0.0487539
6245,0.457136,0.380529,0.192483,0.049752
6246,0.430953,0.350826,0.181745,0.0477179
6247,0.405423,0.31659,0.175494,0.0447986
6248,0.395173,0.299359,0.168888,0.0445267
6249,0.395173,0.299359,0.168888,0.0445267
6250,0.395173,0.299359,0.168888,0.0445267
6251,0.395425,0.308403,0.176374,0.0434874
6252,0.386072,0.294068,0.171599,0.042482
6253,0.411122,0.324014,0.177225,0.0457101
6254,0.411122,0.324014,0.177225,0.0457101
6255,0.411122,0.324014,0.177225,0.0457101
6256,0.411122,0.324014,0.177225,0.0457101
6257,0.411122,0.324014,0.177225,0.0457101
6258,0.420663,0.320921,0.17239,0.0466556
6259,0.420663,0.320921,0.17239,0.0466556
6260,0.420663,0.320921,0.17239,0.0466556
6261,0.420663,0.320921,0.17239,0.0466556
6262,0.411474,0.320117,0.173876,0.0474467
6263,0.385412,0.297205,0.170974,0.0441591
6264,0.381508,0.285751,0.165941,0.0437376
6265,0.395409,0.293182,0.16673,0.0451225
6266,0.392927,0.293795,0.164143,0.0453404
6267,0.392927,0.293795,0.164143,0.0453404
6268,0.400144,0.299307,0.167024,0.0455512
6269,0.427607,0.31268,0.16641,0.0481079
6270,0.427607,0.31268,0.16641,0.0481079
6271,0.427607,0.31268,0.16641,0.0481079
6272,0.427607,0.31268,0.16641,0.0481079
6273,0.409525,0.304305,0.166604,0.0462982
6274,0.409525,0.304305,0.166604,0.0462982
6275,0.426977,0.337899,0.179385,0.0486099
6276,0.405909,0.316177,0.175281,0.0449082
6277,0.399706,0.314292,0.178872,0.0431133
6278,0.399706,0.314292,0.178872,0.0431133
6279,0.397921,0.318658,0.181244,0.0436392
6280,0.394121,0.30278,0.173581,0.0427505
6281,0.403424,0.302278,0.170031,0.0444042
6282,0.393369,0.298227,0.169062,0.0447326
6283,0.388834,0.29857,0.167626,0.044541
6284,0.388834,0.29857,0.167626,0.044541
6285,0.388834,0.29857,0.167626,0.044541
6286,0.385905,0.29,0.166311,0.043682
6287,0.386078,0.286279,0.164394,0.0440784
6288,0.396254,0.289462,0.162884,0.0451136
6289,0.396254,0.289462,0.162884,0.0451136
6290,0.396254,0.289462,0.162884,0.0451136
6291,0.37205,0.28089,0.168033,0.0423979
6292,0.383272,0.29833,0.172675,0.0439724
6293,0.376118,0.285791,0.170495,0.0426006
6294,0.38942,0.293891,0.166496,0.0445601
6295,0.369602,0.27761,0.164987,0.0422571
6296,0.366824,0.273499,0.161417,0.0419682
6297,0.373654,0.283356,0.167967,0.0415783
6298,0.379261,0.28276,0.164956,0.0425351
6299,0.372851,0.265794,0.157772,0.0426361
6300,0.369536,0.267499,0.159454,0.0417352
6301,0.369536,0.267499,0.159454,0.0417352
6302,0.369536,0.267499,0.159454,0.0417352
6303,0.376779,0.269369,0.157925,0.0421672
6304,0.388115,0.278209,0.156103,0.0444135
6305,0.402534,0.282991,0.157643,0.0453669
6306,0.41048,0.29285,0.160258,0.0461026
6307,0.41048,0.29285,0.160258,0.0461026
6308,0.416625,0.306732,0.16592,0.0470862
6309,0.414085,0.296138,0.160205,0.0470418
6310,0.414085,0.296138,0.160205,0.0470418
6311,0.432278,0.307,0.159337,0.0484407
6312,0.447712,0.323973,0.163734,0.0507654
6313,0.447712,0.323973,0.163734,0.0507654
6314,0.441507,0.316122,0.160842,0.0499557
6315,0.465376,0.343662,0.1689,0.0521142
6316,0.487723,0.358289,0.171916,0.0535483
6317,0.461831,0.327851,0.163418,0.0512817
6318,0.461831,0.327851,0.163418,0.0512817
6319,0.438279,0.309408,0.161015,0.0488269
6320,0.444839,0.327793,0.16644,0.0488774
6321,0.445382,0.318645,0.163605,0.0478449
6322,0.427348,0.304737,0.16127,0.0460551
6323,0.422685,0.305098,0.162959,0.0457675
6324,0.422685,0.305098,0.162959,0.0457675
6325,0.422685,0.305098,0.162959,0.0457675
6326,0.422685,0.305098,0.162959,0.0457675
6327,0.452797,0.31781,0.161789,0.0497095
6328,0.452797,0.31781,0.161789,0.0497095
6329,0.434645,0.305537,0.159217,0.0478852
6330,0.447635,0.318801,0.161794,0.0493628
6331,0.429716,0.30481,0.16109,0.047409
6332,0.459181,0.32753,0.163011,0.0502807
6333,0.459181,0.32753,0.163011,0.0502807
6334,0.475826,0.350386,0.170971,0.0517647
6335,0.459409,0.330968,0.166228,0.0504737
6336,0.459409,0.330968,0.166228,0.0504737
6337,0.463514,0.341467,0.168146,0.0509879
6338,0.444342,0.322204,0.167496,0.0493225
6339,0.450595,0.335235,0.17027,0.0502698
6340,0.450595,0.335235,0.17027,0.0502698
6341,0.485687,0.372209,0.178389,0.0540918
6342,0.487043,0.361283,0.172828,0.0534933
6343,0.441727,0.323333,0.166806,0.0491403
6344,0.441727,0.323333,0.166806,0.0491403
6345,0.429064,0.316238,0.163943,0.0482263
6346,0.447831,0.325813,0.163743,0.0502013
6347,0.447831,0.325813,0.163743,0.0502013
6348,0.442218,0.32171,0.163544,0.0497695
6349,0.427875,0.301464,0.158982,0.0476003
6350,0.427875,0.301464,0.158982,0.0476003
6351,0.418608,0.295827,0.158347,0.0472186
6352,0.393776,0.281241,0.159569,0.0447671
6353,0.415737,0.309544,0.169909,0.0456679
6354,0.411241,0.321878,0.177528,0.0457264
6355,0.430919,0.32549,0.172009,0.0478702
6356,0.413704,0.316912,0.171296,0.0464466
6357,0.413704,0.316912,0.171296,0.0464466
6358,0.425357,0.321893,0.16936,0.047135
6359,0.425357,0.321893,0.16936,0.047135
6360,0.422386,0.325115,0.173915,0.0461704
6361,0.419044,0.330894,0.178838,0.0463286
6362,0.429634,0.33389,0.177257,0.0480898
6363,0.429634,0.33389,0.177257,0.0480898
6364,0.457586,0.366628,0.184996,0.0506295
6365,0.449824,0.345232,0.176748,0.0500659
6366,0.488335,0.375256,0.181267,0.0529736
6367,0.462704,0.366179,0.183009,0.0507433
6368,0.473003,0.357763,0.175654,0.052223
6369,0.441727,0.335257,0.170485,0.0490914
6370,0.441727,0.335257,0.170485,0.0490914
6371,0.434897,0.326777,0.171561,0.0477592
6372,0.436803,0.338692,0.175589,0.0466211
6373,0.447815,0.353556,0.182234,0.047829
6374,0.44679,0.348178,0.178535,0.0475265
6375,0.452194,0.352949,0.179635,0.0484167
6376,0.452194,0.352949,0.179635,0.0484167
6377,0.4365,0.343815,0.181614,0.0472276
6378,0.441729,0.339185,0.178299,0.0477363
6379,0.42744,0.335701,0.17944,0.0458116
6380,0.420887,0.332016,0.178909,0.0458068
6381,0.400201,0.316256,0.179441,0.0446093
6382,0.40454,0.312853,0.174905,0.0453319
6383,0.40464,0.317386,0.174771,0.0454957
6384,0.409846,0.317702,0.173478,0.0464186
6385,0.409631,0.327416,0.179509,0.046126
6386,0.422135,0.334718,0.177637,0.0479833
6387,0.422135,0.334718,0.177637,0.0479833
6388,0.422135,0.334718,0.177637,0.0479833
6389,0.404498,0.323017,0.179109,0.0456525
6390,0.404498,0.323017,0.179109,0.0456525
6391,0.39117,0.29616,0.168941,0.0437347
6392,0.39117,0.29616,0.168941,0.0437347
6393,0.39117,0.29616,0.168941,0.0437347
6394,0.390468,0.300095,0.171937,0.044002
6395,0.390468,0.300095,0.171937,0.044002
6396,0.392739,0.301978,0.173365,0.0437699
6397,0.392739,0.301978,0.173365,0.0437699
6398,0.378504,0.292437,0.174015,0.0413997
6399,0.374561,0.288425,0.173981,0.0412123
6400,0.355814,0.273202,0.170089,0.0396999
6401,0.366266,0.28177,0.169177,0.0408041
6402,0.366266,0.28177,0.169177,0.0408041
6403,0.373985,0.281991,0.169569,0.0410093
6404,0.373985,0.281991,0.169569,0.0410093
6405,0.377514,0.273407,0.161698,0.0417728
6406,0.387138,0.281667,0.163251,0.0431762
6407,0.398115,0.290093,0.163211,0.0433315
6408,0.39974,0.294321,0.166159,0.042617
6409,0.399188,0.294916,0.164321,0.0437133
6410,0.39902,0.301303,0.169645,0.0434915
6411,0.39902,0.301303,0.169645,0.0434915
6412,0.379806,0.279127,0.162913,0.0417257
6413,0.396054,0.294335,0.164524,0.0448719
6414,0.379616,0.280858,0.162224,0.043116
6415,0.379616,0.280858,0.162224,0.043116
6416,0.385848,0.291722,0.169633,0.0429195
6417,0.395442,0.300861,0.16956,0.0446402
6418,0.408226,0.302253,0.16484,0.0467513
6419,0.409958,0.309179,0.16765,0.0460495
6420,0.416617,0.309299,0.16663,0.0463627
6421,0.40322,0.297705,0.165744,0.0451586
6422,0.40322,0.297705,0.165744,0.0451586
6423,0.40322,0.297705,0.165744,0.0451586
6424,0.406728,0.30845,0.170548,0.0453731
6425,0.410395,0.308031,0.168896,0.0453023
6426,0.39885,0.298605,0.166528,0.0451347
6427,0.400413,0.294474,0.16367,0.0454272
6428,0.391487,0.296099,0.168812,0.04464
6429,0.390209,0.300017,0.169179,0.0444676
6430,0.390209,0.300017,0.169179,0.0444676
6431,0.390209,0.300017,0.169179,0.0444676
6432,0.394274,0.304895,0.172649,0.0460853
6433,0.389661,0.301128,0.170537,0.0451132
6434,0.396044,0.308869,0.17566,0.044912
6435,0.379815,0.293939,0.169158,0.0433209
6436,0.393904,0.325787,0.184108,0.044654
6437,0.403995,0.323937,0.177073,0.046251
6438,0.391347,0.315954,0.179393,0.0449983
6439,0.38639,0.300928,0.173194,0.0442689
6440,0.379914,0.299204,0.172316,0.0435538
6441,0.366819,0.289796,0.173388,0.0420146
6442,0.379285,0.306187,0.178573,0.0439655
6443,0.39465,0.307451,0.172366,0.0456915
6444,0.39465,0.307451,0.172366,0.0456915
6445,0.39465,0.307451,0.172366,0.0456915
6446,0.39465,0.307451,0.172366,0.0456915
6447,0.393585,0.31298,0.175871,0.0458841
6448,0.412696,0.323558,0.177931,0.0471748
6449,0.399215,0.314277,0.174509,0.0460931
6450,0.399215,0.314277,0.174509,0.0460931
6451,0.416047,0.328392,0.176371,0.0487817
6452,0.416047,0.328392,0.176371,0.0487817
6453,0.416047,0.328392,0.176371,0.0487817
6454,0.400316,0.308022,0.170509,0.0470729
6455,0.374853,0.286886,0.169165,0.0439471
6456,0.380837,0.293394,0.168876,0.0451124
6457,0.38545,0.310074,0.176783,0.0449832
6458,0.419516,0.341216,0.181846,0.0489309
6459,0.417271,0.340699,0.182752,0.0480649
6460,0.412656,0.321621,0.173411,0.0480832
6461,0.420879,0.335678,0.181845,0.0493089
6462,0.407853,0.324961,0.179093,0.047559
6463,0.392689,0.320389,0.180942,0.0454751
6464,0.392689,0.320389,0.180942,0.0454751
6465,0.399369,0.316921,0.176601,0.0465851
6466,0.394357,0.316051,0.179437,0.0454701
6467,0.390207,0.312464,0.17981,0.0432716
6468,0.390001,0.315868,0.18168,0.0432466
6469,0.390001,0.315868,0.18168,0.0432466
6470,0.394699,0.314472,0.179868,0.0440984
6471,0.389298,0.309423,0.175313,0.0432439
6472,0.403203,0.324414,0.179533,0.0449506
6473,0.405075,0.328403,0.181232,0.0451007
6474,0.407108,0.33138,0.181096,0.0449749
6475,0.414138,0.3311,0.178625,0.0456379
6476,0.414138,0.3311,0.178625,0.0456379
6477,0.414138,0.3311,0.178625,0.0456379
6478,0.414138,0.3311,0.178625,0.0456379
6479,0.405358,0.325012,0.177056,0.0459527
6480,0.428683,0.346453,0.180089,0.0487576
6481,0.425403,0.353697,0.186638,0.0485403
6482,0.425403,0.353697,0.186638,0.0485403
6483,0.448374,0.365791,0.184894,0.0512393
6484,0.423175,0.334717,0.177795,0.0489021
6485,0.425305,0.333881,0.175777,0.0494569
6486,0.430403,0.336855,0.175718,0.0497989
6487,0.408345,0.315076,0.173409,0.0470979
6488,0.409869,0.323763,0.177602,0.0465641
6489,0.419809,0.334302,0.180061,0.0467383
6490,0.418658,0.327949,0.178399,0.0475003
6491,0.418658,0.327949,0.178399,0.0475003
6492,0.433679,0.331007,0.173435,0.0488838
6493,0.46561,0.36015,0.178651,0.0530638
6494,0.46561,0.36015,0.178651,0.0530638
6495,0.459633,0.371801,0.186495,0.0527543
6496,0.477143,0.377737,0.182185,0.0548308
6497,0.477787,0.390647,0.188313,0.0548351
6498,0.477787,0.390647,0.188313,0.0548351
6499,0.49597,0.401132,0.189568,0.0569203
6500,0.495387,0.401914,0.188002,0.0562897
6501,0.487469,0.398819,0.190539,0.0554064
6502,0.487469,0.398819,0.190539,0.0554064
6503,0.506189,0.415214,0.192001,0.0579003
6504,0.487894,0.401863,0.191867,0.0553203
6505,0.500294,0.424765,0.197932,0.0553899
6506,0.500294,0.424765,0.197932,0.0553899
6507,0.469426,0.397576,0.195285,0.0512516
6508,0.456093,0.371363,0.187878,0.0503363
6509,0.456093,0.371363,0.187878,0.0503363
6510,0.452619,0.382424,0.194684,0.0497027
6511,0.437774,0.365724,0.191016,0.0478821
6512,0.437774,0.365724,0.191016,0.0478821
6513,0.437774,0.365724,0.191016,0.0478821
6514,0.435083,0.352157,0.183322,0.0479031
6515,0.452833,0.376865,0.192516,0.04981
6516,0.437782,0.365142,0.188911,0.0484376
6517,0.445437,0.372358,0.190797,0.0483527
6518,0.446141,0.361996,0.186925,0.0494383
6519,0.442582,0.364755,0.187601,0.049304
6520,0.442582,0.364755,0.187601,0.049304
6521,0.434182,0.355487,0.183909,0.0487498
6522,0.434182,0.355487,0.183909,0.0487498
6523,0.413019,0.328239,0.179628,0.0464867
6524,0.427826,0.35344,0.188091,0.0474704
6525,0.427826,0.35344,0.188091,0.0474704
6526,0.427826,0.35344,0.188091,0.0474704
6527,0.427826,0.35344,0.188091,0.0474704
6528,0.427826,0.35344,0.188091,0.0474704
6529,0.413825,0.3479,0.191633,0.0448317
6530,0.410441,0.341223,0.187211,0.0450797
6531,0.424287,0.338142,0.179812,0.0476707
6532,0.426863,0.341957,0.179605,0.0484959
6533,0.426863,0.341957,0.179605,0.0484959
6534,0.426863,0.341957,0.179605,0.0484959
6535,0.433222,0.345735,0.180473,0.0488986
6536,0.439889,0.352595,0.182335,0.0488212
6537,0.436903,0.342425,0.177052,0.048399
6538,0.436903,0.342425,0.177052,0.048399
6539,0.440154,0.349094,0.178585,0.0493589
6540,0.455567,0.361467,0.180702,0.0515852
6541,0.455567,0.361467,0.180702,0.0515852
6542,0.455567,0.361467,0.180702,0.0515852
6543,0.432754,0.336309,0.173879,0.049315
6544,0.479908,0.378446,0.181853,0.0539057
6545,0.482322,0.373656,0.178234,0.0548043
6546,0.482322,0.373656,0.178234,0.0548043
6547,0.482322,0.373656,0.178234,0.0548043
6548,0.473951,0.372655,0.179418,0.0528835
6549,0.472179,0.364796,0.179214,0.0534003
6550,0.46904,0.349625,0.172418,0.0527209
6551,0.452468,0.343791,0.171549,0.0508605
6552,0.458466,0.343977,0.169943,0.0519133
6553,0.454904,0.33871,0.167251,0.0510754
6554,0.454904,0.33871,0.167251,0.0510754
6555,0.427701,0.307389,0.163506,0.047689
6556,0.427284,0.310353,0.164039,0.0485083
6557,0.433,0.314309,0.164348,0.0483566
6558,0.406248,0.305843,0.167095,0.0451438
6559,0.426116,0.328435,0.173696,0.047653
6560,0.42378,0.325017,0.170163,0.0484388
6561,0.430096,0.335513,0.174542,0.0493945
6562,0.429709,0.32727,0.170556,0.0497352
6563,0.41957,0.322463,0.170328,0.0484466
6564,0.403964,0.302697,0.167463,0.0471017
6565,0.403964,0.302697,0.167463,0.0471017
6566,0.403964,0.302697,0.167463,0.0471017
6567,0.411182,0.313971,0.169586,0.0475932
6568,0.411182,0.313971,0.169586,0.0475932
6569,0.421188,0.330172,0.174233,0.0481396
6570,0.421188,0.330172,0.174233,0.0481396
6571,0.409898,0.323007,0.175601,0.0470505
6572,0.398182,0.299662,0.166866,0.0463673
6573,0.374342,0.289283,0.171821,0.0431991
6574,0.374342,0.289283,0.171821,0.0431991
6575,0.374342,0.289283,0.171821,0.0431991
6576,0.374342,0.289283,0.171821,0.0431991
6577,0.380586,0.288083,0.166466,0.0441226
6578,0.383061,0.293329,0.169913,0.0437406
6579,0.383061,0.293329,0.169913,0.0437406
6580,0.396062,0.319409,0.181488,0.0432504
6581,0.39573,0.325053,0.183498,0.0435291
6582,0.386756,0.307011,0.178264,0.0428235
6583,0.386756,0.307011,0.178264,0.0428235
6584,0.386756,0.307011,0.178264,0.0428235
6585,0.386756,0.307011,0.178264,0.0428235
6586,0.41334,0.319482,0.173807,0.0462389
6587,0.405486,0.309643,0.169591,0.0460343
6588,0.400068,0.305509,0.169654,0.0454194
6589,0.398738,0.308231,0.173374,0.0447528
6590,0.374693,0.289008,0.169373,0.0423758
6591,0.398462,0.311308,0.179072,0.0426378
6592,0.382525,0.303206,0.178254,0.0416999
6593,0.407665,0.321948,0.177457,0.0439264
6594,0.416138,0.339629,0.182395,0.045486
6595,0.416138,0.339629,0.182395,0.045486
6596,0.400076,0.324171,0.180566,0.0443683
6597,0.400076,0.324171,0.180566,0.0443683
6598,0.405055,0.323625,0.178667,0.0461967
6599,0.417517,0.342614,0.183526,0.0471101
6600,0.417517,0.342614,0.183526,0.0471101
6601,0.417517,0.342614,0.183526,0.0471101
6602,0.411851,0.32323,0.174657,0.0462849
6603,0.382855,0.303302,0.174781,0.0435782
6604,0.390062,0.301914,0.172126,0.0442448
6605,0.390062,0.301914,0.172126,0.0442448
6606,0.407745,0.310058,0.16927,0.0456145
6607,0.387098,0.295793,0.16915,0.0445435
6608,0.41813,0.338168,0.1792,0.0482218
6609,0.418528,0.336085,0.179746,0.047886
6610,0.429445,0.339936,0.177381,0.0493998
6611,0.429445,0.339936,0.177381,0.0493998
6612,0.429445,0.339936,0.177381,0.0493998
6613,0.437585,0.35601,0.184326,0.0500701
6614,0.447443,0.344214,0.17427,0.051837
6615,0.447443,0.344214,0.17427,0.051837
6616,0.447443,0.344214,0.17427,0.051837
6617,0.460507,0.351656,0.174556,0.0529456
6618,0.460507,0.351656,0.174556,0.0529456
6619,0.460507,0.351656,0.174556,0.0529456
6620,0.426135,0.32782,0.172941,0.0481769
6621,0.412148,0.311578,0.169316,0.0466419
6622,0.429428,0.335669,0.177451,0.0479108
6623,0.443271,0.341487,0.174692,0.0501108
6624,0.443271,0.341487,0.174692,0.0501108
6625,0.437314,0.328153,0.170411,0.0499287
6626,0.437314,0.328153,0.170411,0.0499287
6627,0.427675,0.322746,0.168959,0.0485984
6628,0.427675,0.322746,0.168959,0.0485984
6629,0.427675,0.322746,0.168959,0.0485984
6630,0.397801,0.29126,0.161303,0.0455066
6631,0.422358,0.311409,0.164351,0.0484001
6632,0.406521,0.289118,0.156853,0.0463278
6633,0.413404,0.297628,0.159371,0.0471289
6634,0.413404,0.297628,0.159371,0.0471289
6635,0.407949,0.2962,0.160215,0.0475734
6636,0.394494,0.284557,0.159584,0.0455842
6637,0.394494,0.284557,0.159584,0.0455842
6638,0.436446,0.327122,0.170824,0.0493694
6639,0.427763,0.320106,0.169864,0.0486357
6640,0.448403,0.335969,0.169016,0.0510024
6641,0.465373,0.344503,0.170499,0.0524841
6642,0.457445,0.343227,0.171966,0.051798
6643,0.446515,0.339277,0.173729,0.0501581
6644,0.446515,0.339277,0.173729,0.0501581
6645,0.447716,0.341169,0.172249,0.0501467
6646,0.443072,0.341377,0.173967,0.0494543
6647,0.428661,0.328764,0.171515,0.0477884
6648,0.428661,0.328764,0.171515,0.0477884
6649,0.428661,0.328764,0.171515,0.0477884
6650,0.427406,0.316309,0.164868,0.0474558
6651,0.427406,0.316309,0.164868,0.0474558
6652,0.427406,0.316309,0.164868,0.0474558
6653,0.427406,0.316309,0.164868,0.0474558
6654,0.432935,0.323838,0.169689,0.0475358
6655,0.408573,0.301841,0.166014,0.0449643
6656,0.418739,0.315897,0.169436,0.0463905
6657,0.460374,0.358875,0.180975,0.0504357
6658,0.453027,0.347471,0.174695,0.0493794
6659,0.464508,0.364998,0.179636,0.0503545
6660,0.469257,0.357132,0.175541,0.0515912
6661,0.447337,0.342124,0.175274,0.0484248
6662,0.447337,0.342124,0.175274,0.0484248
6663,0.447337,0.342124,0.175274,0.0484248
6664,0.447337,0.342124,0.175274,0.0484248
6665,0.447337,0.342124,0.175274,0.0484248
6666,0.416424,0.309164,0.169371,0.0452264
6667,0.416424,0.309164,0.169371,0.0452264
6668,0.423185,0.32312,0.173544,0.0466483
6669,0.428087,0.321767,0.168876,0.0486352
6670,0.43282,0.319476,0.165356,0.0499429
6671,0.411264,0.319469,0.173763,0.0474383
6672,0.409365,0.319241,0.174436,0.0469825
6673,0.419804,0.330927,0.176801,0.0476828
6674,0.419616,0.32566,0.174196,0.0477974
6675,0.41984,0.325216,0.171586,0.0480408
6676,0.425624,0.324566,0.17153,0.0472177
6677,0.408026,0.315068,0.174134,0.0448282
6678,0.408026,0.315068,0.174134,0.0448282
6679,0.408026,0.315068,0.174134,0.0448282
6680,0.408696,0.30589,0.170792,0.0450415
6681,0.408696,0.30589,0.170792,0.0450415
6682,0.408696,0.30589,0.170792,0.0450415
6683,0.408696,0.30589,0.170792,0.0450415
6684,0.416797,0.325543,0.179106,0.0452118
6685,0.426058,0.326451,0.174883,0.0458414
6686,0.455029,0.355607,0.17972,0.0487357
6687,0.455029,0.355607,0.17972,0.0487357
6688,0.434422,0.332367,0.173822,0.0465321
6689,0.434422,0.332367,0.173822,0.0465321
6690,0.420119,0.30349,0.16318,0.0446586
6691,0.403044,0.292456,0.165077,0.0427664
6692,0.403044,0.292456,0.165077,0.0427664
6693,0.392652,0.280491,0.16081,0.0422779
6694,0.392652,0.280491,0.16081,0.0422779
6695,0.381721,0.27153,0.158751,0.0414728
6696,0.375786,0.265182,0.158501,0.0412118
6697,0.371895,0.270678,0.161663,0.0405184
6698,0.385509,0.290539,0.166386,0.04416
6699,0.397707,0.299549,0.167627,0.0451265
6700,0.397707,0.299549,0.167627,0.0451265
6701,0.397707,0.299549,0.167627,0.0451265
6702,0.379597,0.277653,0.161288,0.0431285
6703,0.405395,0.297537,0.163237,0.0464052
6704,0.389007,0.293957,0.167389,0.0447264
6705,0.384071,0.292896,0.170135,0.0437036
6706,0.384071,0.292896,0.170135,0.0437036
6707,0.390552,0.292872,0.168254,0.0442654
6708,0.390552,0.292872,0.168254,0.0442654
6709,0.397595,0.286011,0.16156,0.0451989
6710,0.397595,0.286011,0.16156,0.0451989
6711,0.401168,0.297396,0.165592,0.0455402
6712,0.403268,0.303608,0.169948,0.0451936
6713,0.403268,0.303608,0.169948,0.0451936
6714,0.403268,0.303608,0.169948,0.0451936
6715,0.40262,0.315398,0.17516,0.0453982
6716,0.40262,0.315398,0.17516,0.0453982
6717,0.379607,0.294543,0.170264,0.0434524
6718,0.3874,0.298221,0.170075,0.0444438
6719,0.404255,0.313731,0.172332,0.0470385
6720,0.404255,0.313731,0.172332,0.0470385
6721,0.411812,0.309723,0.16689,0.0482399
6722,0.406358,0.30039,0.164555,0.0483783
6723,0.405241,0.304204,0.166171,0.0479032
6724,0.405241,0.304204,0.166171,0.0479032
6725,0.40415,0.307589,0.167907,0.0473856
6726,0.408549,0.305321,0.166246,0.0481844
6727,0.410931,0.315623,0.17226,0.048413
6728,0.41197,0.311789,0.170242,0.0480735
6729,0.408937,0.31472,0.170154,0.0480525
6730,0.405084,0.310662,0.169315,0.0474585
6731,0.402729,0.319811,0.176286,0.0468299
6732,0.402729,0.319811,0.176286,0.0468299
6733,0.403156,0.319999,0.175391,0.0470416
6734,0.398766,0.311594,0.172357,0.0468714
6735,0.391469,0.292256,0.164994,0.0451744
6736,0.391469,0.292256,0.164994,0.0451744
6737,0.394149,0.299709,0.166504,0.0459688
6738,0.382972,0.292607,0.168307,0.043912
6739,0.391971,0.296862,0.166896,0.0444076
6740,0.403543,0.306194,0.169919,0.0458828
6741,0.396004,0.295619,0.16605,0.0443804
6742,0.418516,0.315989,0.171052,0.0452653
6743,0.418516,0.315989,0.171052,0.0452653
6744,0.419637,0.329877,0.178465,0.0451631
6745,0.406277,0.303399,0.169228,0.0445816
6746,0.41139,0.314566,0.171252,0.0453864
6747,0.416396,0.307237,0.169779,0.0449238
6748,0.411946,0.291698,0.159224,0.0455858
6749,0.422502,0.299647,0.160937,0.0466012
6750,0.422502,0.299647,0.160937,0.0466012
6751,0.443905,0.328657,0.169526,0.050027
6752,0.443905,0.328657,0.169526,0.050027
6753,0.451485,0.342745,0.173904,0.0509727
6754,0.451485,0.342745,0.173904,0.0509727
6755,0.435564,0.325485,0.169105,0.049089
6756,0.435564,0.325485,0.169105,0.049089
6757,0.434241,0.317966,0.166948,0.0480609
6758,0.434241,0.317966,0.166948,0.0480609
6759,0.417189,0.315782,0.171474,0.0459938
6760,0.398822,0.300156,0.168853,0.0433503
6761,0.384405,0.285504,0.165452,0.0428244
6762,0.39038,0.293265,0.168414,0.0431579
6763,0.401817,0.306946,0.172127,0.0448823
6764,0.39055,0.295154,0.16789,0.0434811
6765,0.39055,0.295154,0.16789,0.0434811
6766,0.387675,0.283702,0.162742,0.0425025
6767,0.387675,0.283702,0.162742,0.0425025
6768,0.380845,0.275653,0.160172,0.0427687
6769,0.380845,0.275653,0.160172,0.0427687
6770,0.383108,0.279866,0.159709,0.0432308
6771,0.373367,0.277118,0.16453,0.0433054
6772,0.373367,0.277118,0.16453,0.0433054
6773,0.373367,0.277118,0.16453,0.0433054
6774,0.373367,0.277118,0.16453,0.0433054
6775,0.373367,0.277118,0.16453,0.0433054
6776,0.38134,0.279941,0.161559,0.0431673
6777,0.38552,0.279431,0.161021,0.0446947
6778,0.37493,0.282925,0.165159,0.0432982
6779,0.392246,0.296728,0.166192,0.0453898
6780,0.379756,0.28864,0.166872,0.043674
6781,0.372539,0.278101,0.164337,0.0428218
6782,0.368911,0.277173,0.165404,0.0425545
6783,0.376417,0.276003,0.161325,0.0443169
6784,0.359977,0.265652,0.164026,0.0413431
6785,0.359977,0.265652,0.164026,0.0413431
6786,0.359694,0.271687,0.168737,0.0404833
6787,0.373782,0.282048,0.167801,0.0410354
6788,0.386114,0.292946,0.167977,0.0431741
6789,0.386114,0.292946,0.167977,0.0431741
6790,0.371979,0.27318,0.162318,0.0423195
6791,0.377276,0.274596,0.159032,0.0429522
6792,0.381065,0.283496,0.165242,0.0432728
6793,0.402444,0.305082,0.169863,0.0453247
6794,0.397709,0.293394,0.162315,0.0449833
6795,0.397709,0.293394,0.162315,0.0449833
6796,0.388293,0.281763,0.160289,0.0440962
6797,0.388293,0.281763,0.160289,0.0440962
6798,0.388293,0.281763,0.160289,0.0440962
6799,0.399416,0.281513,0.158564,0.0447637
6800,0.399416,0.281513,0.158564,0.0447637
6801,0.388618,0.275168,0.156846,0.0442112
6802,0.388958,0.266101,0.151716,0.044664
6803,0.388958,0.266101,0.151716,0.044664
6804,0.388958,0.266101,0.151716,0.044664
6805,0.424465,0.294857,0.157081,0.0491142
6806,0.424465,0.294857,0.157081,0.0491142
6807,0.411481,0.284986,0.153772,0.0474052
6808,0.424457,0.296352,0.156582,0.0488446
6809,0.402137,0.276771,0.153302,0.0461996
6810,0.402137,0.276771,0.153302,0.0461996
6811,0.402137,0.276771,0.153302,0.0461996
6812,0.420588,0.295651,0.157397,0.0480705
6813,0.429611,0.299277,0.155818,0.0489265
6814,0.429611,0.299277,0.155818,0.0489265
6815,0.429374,0.302729,0.157374,0.0479402
6816,0.437595,0.307892,0.159097,0.0487976
6817,0.44214,0.309068,0.160169,0.0491143
6818,0.44214,0.309068,0.160169,0.0491143
6819,0.458838,0.329457,0.163892,0.0510014
6820,0.466255,0.325642,0.158589,0.0531538
6821,0.482478,0.350528,0.165839,0.054899
6822,0.459736,0.324686,0.158721,0.052455
6823,0.459736,0.324686,0.158721,0.052455
6824,0.454367,0.329676,0.1646,0.0508846
6825,0.453949,0.332045,0.16741,0.0505801
6826,0.449828,0.325348,0.165345,0.0506924
6827,0.449971,0.32905,0.167179,0.0506937
6828,0.448855,0.327042,0.163838,0.0496794
6829,0.448855,0.327042,0.163838,0.0496794
6830,0.463628,0.338681,0.164656,0.0517294
6831,0.450361,0.332113,0.166276,0.0508412
6832,0.450361,0.332113,0.166276,0.0508412
6833,0.43738,0.318359,0.165854,0.0491339
6834,0.443474,0.321501,0.165322,0.049446
6835,0.447528,0.340056,0.172309,0.0504796
6836,0.432698,0.319961,0.166873,0.0483617
6837,0.427734,0.326002,0.171082,0.048135
6838,0.427734,0.326002,0.171082,0.048135
6839,0.427734,0.326002,0.171082,0.048135
6840,0.433831,0.326917,0.16988,0.0484147
6841,0.433068,0.322666,0.168788,0.0491713
6842,0.433068,0.322666,0.168788,0.0491713
6843,0.467821,0.359495,0.176147,0.052419
6844,0.464582,0.35813,0.177646,0.0523045
6845,0.473609,0.372583,0.17946,0.0533262
6846,0.477241,0.362742,0.174767,0.0539532
6847,0.444218,0.337478,0.171909,0.0504703
6848,0.465043,0.360753,0.177931,0.0532023
6849,0.460167,0.350785,0.172331,0.0522729
6850,0.423799,0.319558,0.168574,0.0488798
6851,0.41952,0.310019,0.164101,0.0485053
6852,0.442367,0.32252,0.165623,0.0505605
6853,0.431203,0.317107,0.165112,0.0491023
6854,0.431203,0.317107,0.165112,0.0491023
6855,0.431203,0.317107,0.165112,0.0491023
6856,0.421358,0.309514,0.165964,0.0472466
6857,0.424418,0.309431,0.164933,0.0477624
6858,0.440282,0.326852,0.169195,0.0492307
6859,0.440282,0.326852,0.169195,0.0492307
6860,0.440282,0.326852,0.169195,0.0492307
6861,0.450812,0.339479,0.170573,0.0509736
6862,0.442001,0.320481,0.166286,0.0487869
6863,0.461719,0.35785,0.179466,0.0491773
6864,0.44851,0.350142,0.179855,0.0486441
6865,0.420956,0.31404,0.170536,0.045705
6866,0.420956,0.31404,0.170536,0.045705
6867,0.440644,0.323493,0.171056,0.0470888
6868,0.440644,0.323493,0.171056,0.0470888
6869,0.419771,0.305466,0.164814,0.046143
6870,0.450582,0.327052,0.164444,0.0494048
6871,0.454333,0.336864,0.168744,0.0498141
6872,0.42853,0.302207,0.159628,0.0465285
6873,0.416563,0.287904,0.157313,0.0453994
6874,0.416563,0.287904,0.157313,0.0453994
6875,0.43447,0.300457,0.155651,0.0473034
6876,0.480439,0.335798,0.162023,0.0521719
6877,0.47733,0.345077,0.165478,0.0520617
6878,0.476773,0.34515,0.166051,0.0521005
6879,0.446651,0.312781,0.158318,0.049303
6880,0.47285,0.331025,0.160455,0.0526445
6881,0.456821,0.319245,0.158419,0.0508563
6882,0.432736,0.295136,0.153919,0.0475299
6883,0.432736,0.295136,0.153919,0.0475299
6884,0.434612,0.296392,0.15423,0.0480499
6885,0.424002,0.291717,0.154061,0.0468069
6886,0.408449,0.282817,0.153326,0.0460701
6887,0.408449,0.282817,0.153326,0.0460701
6888,0.430103,0.300229,0.155231,0.048095
6889,0.418303,0.297501,0.156905,0.0464981
6890,0.418303,0.297501,0.156905,0.0464981
6891,0.428786,0.305512,0.158776,0.048082
6892,0.428786,0.305512,0.158776,0.048082
6893,0.428786,0.305512,0.158776,0.048082
6894,0.423932,0.295617,0.155216,0.0476161
6895,0.419944,0.299376,0.157181,0.0480921
6896,0.449853,0.316574,0.156914,0.0510969
6897,0.443486,0.302239,0.152956,0.0492447
6898,0.420669,0.279408,0.147609,0.04711
6899,0.42406,0.291909,0.154503,0.0464391
6900,0.425569,0.293403,0.154932,0.0470273
6901,0.450777,0.312615,0.15818,0.0493847
6902,0.450777,0.312615,0.15818,0.0493847
6903,0.457283,0.32835,0.162455,0.0498158
6904,0.466645,0.333744,0.164805,0.0515846
6905,0.456516,0.317708,0.158452,0.0510885
6906,0.427072,0.296175,0.155992,0.0475293
6907,0.442504,0.297549,0.153446,0.0490963
6908,0.425093,0.291492,0.153073,0.0476686
6909,0.428859,0.283605,0.149213,0.0480032
6910,0.423668,0.287257,0.152954,0.0472225
6911,0.423668,0.287257,0.152954,0.0472225
6912,0.423668,0.287257,0.152954,0.0472225
6913,0.423539,0.285388,0.153746,0.0465666
6914,0.423539,0.285388,0.153746,0.0465666
6915,0.427739,0.285581,0.149783,0.0477522
6916,0.443452,0.305131,0.156112,0.049592
6917,0.443452,0.305131,0.156112,0.049592
6918,0.426235,0.289529,0.152389,0.0478125
6919,0.425375,0.291339,0.153193,0.048607
6920,0.425375,0.291339,0.153193,0.048607
6921,0.441236,0.303274,0.155733,0.0496372
6922,0.434901,0.305099,0.159585,0.0489198
6923,0.432959,0.298615,0.154005,0.0486428
6924,0.44082,0.302991,0.155177,0.0503407
6925,0.458935,0.32074,0.158777,0.0513663
6926,0.458935,0.32074,0.158777,0.0513663
6927,0.458935,0.32074,0.158777,0.0513663
6928,0.458935,0.32074,0.158777,0.0513663
6929,0.447251,0.308049,0.155499,0.0497918
6930,0.447251,0.308049,0.155499,0.0497918
6931,0.450546,0.315949,0.157409,0.0497138
6932,0.442281,0.309037,0.157572,0.048534
6933,0.442281,0.309037,0.157572,0.048534
6934,0.420467,0.288528,0.153814,0.0467457
6935,0.457307,0.3178,0.159416,0.0501738
6936,0.457307,0.3178,0.159416,0.0501738
6937,0.456036,0.313846,0.158386,0.0500168
6938,0.476722,0.339927,0.163783,0.0524332
6939,0.476722,0.339927,0.163783,0.0524332
6940,0.439493,0.304326,0.157776,0.048393
6941,0.41769,0.294537,0.158803,0.0460343
6942,0.447717,0.322345,0.164719,0.0484634
6943,0.434497,0.307165,0.159422,0.047124
6944,0.434497,0.307165,0.159422,0.047124
6945,0.433518,0.307009,0.158676,0.0481462
6946,0.433518,0.307009,0.158676,0.0481462
6947,0.44252,0.301441,0.152123,0.0487768
6948,0.44252,0.301441,0.152123,0.0487768
6949,0.44252,0.301441,0.152123,0.0487768
6950,0.44252,0.301441,0.152123,0.0487768
6951,0.44252,0.301441,0.152123,0.0487768
6952,0.425099,0.293172,0.154896,0.047612
6953,0.418344,0.28024,0.149418,0.0470476
6954,0.451787,0.304379,0.152567,0.0514445
6955,0.451787,0.304379,0.152567,0.0514445
6956,0.444199,0.310254,0.158476,0.0507196
6957,0.444199,0.310254,0.158476,0.0507196
6958,0.444199,0.310254,0.158476,0.0507196
6959,0.431222,0.306802,0.160023,0.0497306
6960,0.431222,0.306802,0.160023,0.0497306
6961,0.450505,0.311625,0.157205,0.0517638
6962,0.450505,0.311625,0.157205,0.0517638
6963,0.464269,0.326797,0.160929,0.0534549
6964,0.44541,0.31381,0.159267,0.0518322
6965,0.441863,0.31533,0.161168,0.0509547
6966,0.433004,0.31806,0.161328,0.0497706
6967,0.433004,0.31806,0.161328,0.0497706
6968,0.433004,0.31806,0.161328,0.0497706
6969,0.430949,0.314671,0.164877,0.0481844
6970,0.400134,0.287953,0.160207,0.0452602
6971,0.397457,0.284735,0.157264,0.0448551
6972,0.406931,0.294687,0.161088,0.0455443
6973,0.404381,0.295339,0.163004,0.044826
6974,0.404381,0.295339,0.163004,0.044826
6975,0.404381,0.295339,0.163004,0.044826
6976,0.42391,0.311798,0.163777,0.0472866
6977,0.417068,0.301699,0.162525,0.0463974
6978,0.417068,0.301699,0.162525,0.0463974
6979,0.42078,0.299526,0.159016,0.0469612
6980,0.429074,0.308123,0.160723,0.047496
6981,0.420475,0.29995,0.159863,0.0469453
6982,0.404655,0.287104,0.157084,0.0445087
6983,0.412974,0.292132,0.156569,0.0461796
6984,0.408959,0.29186,0.158177,0.0463754
6985,0.407827,0.292137,0.158411,0.0466997
6986,0.430119,0.314275,0.163939,0.049512
6987,0.43601,0.314144,0.161021,0.0507672
6988,0.43601,0.314144,0.161021,0.0507672
6989,0.446061,0.325737,0.164894,0.0510382
6990,0.422069,0.304765,0.162248,0.0481587
6991,0.422069,0.304765,0.162248,0.0481587
6992,0.424293,0.305661,0.162,0.0478752
6993,0.410417,0.297719,0.163102,0.046432
6994,0.410417,0.297719,0.163102,0.046432
6995,0.404787,0.294893,0.162554,0.0454443
6996,0.404787,0.294893,0.162554,0.0454443
6997,0.404787,0.294893,0.162554,0.0454443
6998,0.411354,0.291111,0.158153,0.0461646
6999,0.401768,0.290174,0.162273,0.0456126
7000,0.387356,0.268783,0.152663,0.0439731
7001,0.394627,0.282618,0.161657,0.0434856
7002,0.392122,0.287898,0.162502,0.0439659
7003,0.400146,0.29728,0.16712,0.0444351
7004,0.400146,0.29728,0.16712,0.0444351
7005,0.404951,0.307641,0.169823,0.0456752
7006,0.413366,0.298523,0.161867,0.047091
7007,0.413366,0.298523,0.161867,0.047091
7008,0.413008,0.311417,0.171119,0.0462405
7009,0.399822,0.301484,0.167528,0.0450396
7010,0.398247,0.298421,0.164963,0.0452164
7011,0.401399,0.305055,0.169823,0.0452198
7012,0.401399,0.305055,0.169823,0.0452198
7013,0.401399,0.305055,0.169823,0.0452198
7014,0.404766,0.314245,0.173113,0.0451153
7015,0.405835,0.313045,0.173494,0.0445041
7016,0.401493,0.317535,0.179127,0.0435122
7017,0.410175,0.328944,0.182883,0.0446262
7018,0.410175,0.328944,0.182883,0.0446262
7019,0.415665,0.330544,0.181838,0.0448058
7020,0.410575,0.341731,0.188215,0.0440614
7021,0.410575,0.341731,0.188215,0.0440614
7022,0.399697,0.3246,0.186142,0.0435057
7023,0.399697,0.3246,0.186142,0.0435057
7024,0.399697,0.3246,0.186142,0.0435057
7025,0.399697,0.3246,0.186142,0.0435057
7026,0.390319,0.315629,0.182375,0.0427108
7027,0.397815,0.313295,0.178201,0.0442914
7028,0.391925,0.298675,0.171616,0.0433866
7029,0.37416,0.28121,0.166759,0.0417435
7030,0.377992,0.289843,0.170935,0.0417002
7031,0.377992,0.289843,0.170935,0.0417002
7032,0.375161,0.283046,0.168579,0.0404321
7033,0.378679,0.27997,0.166571,0.0414184
7034,0.390225,0.2943,0.167714,0.0420228
7035,0.390959,0.290617,0.164496,0.0431557
7036,0.400299,0.297209,0.167382,0.0431503
7037,0.402218,0.293229,0.164372,0.0446921
7038,0.396848,0.304377,0.170722,0.044196
7039,0.405535,0.308869,0.170792,0.0446948
7040,0.429346,0.33509,0.174855,0.047388
7041,0.458994,0.35903,0.178142,0.0512733
7042,0.449684,0.342846,0.173278,0.0496902
7043,0.44781,0.343721,0.176191,0.0488722
7044,0.44023,0.349893,0.184459,0.0473107
7045,0.44023,0.349893,0.184459,0.0473107
7046,0.44023,0.349893,0.184459,0.0473107
7047,0.44023,0.349893,0.184459,0.0473107
7048,0.426555,0.339707,0.181628,0.0465
7049,0.426555,0.339707,0.181628,0.0465
7050,0.426029,0.334173,0.178724,0.0457013
7051,0.407435,0.314087,0.176134,0.0437135
7052,0.407435,0.314087,0.176134,0.0437135
7053,0.411274,0.312962,0.171575,0.0446146
7054,0.393629,0.309557,0.17772,0.043016
7055,0.387084,0.292653,0.168642,0.0423674
7056,0.390886,0.294949,0.168154,0.0436111
7057,0.390886,0.294949,0.168154,0.0436111
7058,0.388161,0.286019,0.163653,0.0433612
7059,0.393657,0.29183,0.164705,0.0439091
7060,0.38123,0.270899,0.158768,0.0425789
7061,0.38123,0.270899,0.158768,0.0425789
7062,0.38123,0.270899,0.158768,0.0425789
7063,0.38123,0.270899,0.158768,0.0425789
7064,0.38123,0.270899,0.158768,0.0425789
7065,0.38123,0.270899,0.158768,0.0425789
7066,0.41092,0.304651,0.165298,0.0462779
7067,0.41092,0.304651,0.165298,0.0462779
7068,0.42658,0.31258,0.165895,0.0481384
7069,0.43694,0.324462,0.169395,0.0492466
7070,0.442711,0.314918,0.162037,0.0497694
7071,0.442711,0.314918,0.162037,0.0497694
7072,0.442711,0.314918,0.162037,0.0497694
7073,0.453398,0.338007,0.169362,0.0519406
7074,0.460095,0.334882,0.165481,0.0527388
7075,0.466412,0.357238,0.175627,0.0528145
7076,0.466412,0.357238,0.175627,0.0528145
7077,0.459095,0.340154,0.168627,0.0509235
7078,0.449152,0.339987,0.172196,0.0500094
7079,0.449152,0.339987,0.172196,0.0500094
7080,0.431394,0.332673,0.173623,0.0478445
7081,0.455325,0.360339,0.179844,0.0500048
7082,0.439549,0.336615,0.172572,0.0490044
7083,0.433431,0.33026,0.171087,0.0484082
7084,0.423588,0.324904,0.172428,0.0465009
7085,0.422376,0.31937,0.171335,0.0469219
7086,0.422376,0.31937,0.171335,0.0469219
7087,0.422376,0.31937,0.171335,0.0469219
7088,0.432314,0.331393,0.175214,0.0478217
7089,0.449943,0.341477,0.174171,0.0489557
7090,0.437309,0.329839,0.172896,0.0479861
7091,0.432846,0.321694,0.16954,0.048389
7092,0.444927,0.344183,0.177732,0.0493828
7093,0.444927,0.344183,0.177732,0.0493828
7094,0.440264,0.34491,0.176609,0.0481869
7095,0.425456,0.340155,0.182166,0.0451967
7096,0.4307,0.331522,0.177095,0.0449272
7097,0.427285,0.340539,0.183221,0.0446792
7098,0.445587,0.33711,0.175277,0.0471294
7099,0.442583,0.341659,0.179328,0.0466174
7100,0.442583,0.341659,0.179328,0.0466174
7101,0.443051,0.333558,0.175442,0.0466736
7102,0.443051,0.333558,0.175442,0.0466736
7103,0.435117,0.325753,0.175301,0.0453991
7104,0.447753,0.342704,0.177862,0.0469155
7105,0.447753,0.342704,0.177862,0.0469155
7106,0.412003,0.310414,0.172033,0.0441176
7107,0.418595,0.320555,0.175991,0.04446
7108,0.435738,0.337573,0.176677,0.0460594
7109,0.415016,0.317258,0.174529,0.0433601
7110,0.390564,0.295733,0.168504,0.0423676
7111,0.388805,0.302894,0.175161,0.0428637
7112,0.388805,0.302894,0.175161,0.0428637
7113,0.398365,0.306152,0.172474,0.0437514
7114,0.398365,0.306152,0.172474,0.0437514
7115,0.395969,0.297338,0.166238,0.0438828
7116,0.412353,0.318523,0.172721,0.0457274
7117,0.412353,0.318523,0.172721,0.0457274
7118,0.418803,0.317018,0.172184,0.0464959
7119,0.425458,0.324923,0.175415,0.0453996
7120,0.426442,0.336229,0.180995,0.0448311
7121,0.452996,0.367991,0.185214,0.0489148
7122,0.450756,0.35962,0.185526,0.0478002
7123,0.450756,0.35962,0.185526,0.0478002
7124,0.441983,0.361064,0.186954,0.0478838
7125,0.417109,0.335209,0.183351,0.0454362
7126,0.417109,0.335209,0.183351,0.0454362
7127,0.417109,0.335209,0.183351,0.0454362
7128,0.416897,0.342416,0.186013,0.0465312
7129,0.408537,0.333571,0.184227,0.0458237
7130,0.414294,0.333097,0.179875,0.0470283
7131,0.414294,0.333097,0.179875,0.0470283
7132,0.399674,0.313258,0.175943,0.0464046
7133,0.421771,0.335388,0.176748,0.0499255
7134,0.422521,0.343425,0.182233,0.0491453
7135,0.425421,0.337017,0.176773,0.0500967
7136,0.424166,0.344854,0.182881,0.0489845
7137,0.427613,0.338233,0.176892,0.049086
7138,0.427613,0.338233,0.176892,0.049086
7139,0.444557,0.355062,0.182534,0.051256
7140,0.444557,0.355062,0.182534,0.051256
7141,0.42689,0.347445,0.18644,0.0489739
7142,0.42689,0.347445,0.18644,0.0489739
7143,0.430677,0.338951,0.175905,0.0491648
7144,0.427919,0.34329,0.180162,0.0493446
7145,0.431851,0.342637,0.179349,0.0494449
7146,0.446053,0.367849,0.184692,0.0512834
7147,0.430647,0.345714,0.181895,0.04947
7148,0.410204,0.327417,0.179546,0.0475101
7149,0.416772,0.333292,0.180668,0.0487009
7150,0.416772,0.333292,0.180668,0.0487009
7151,0.383473,0.307176,0.179822,0.0448037
7152,0.383473,0.307176,0.179822,0.0448037
7153,0.393806,0.316134,0.177777,0.0463123
7154,0.416617,0.332226,0.178453,0.0483939
7155,0.39414,0.313951,0.176358,0.0463272
7156,0.39414,0.313951,0.176358,0.0463272
7157,0.39414,0.313951,0.176358,0.0463272
7158,0.39255,0.319084,0.180683,0.0454344
7159,0.39255,0.319084,0.180683,0.0454344
7160,0.431871,0.357023,0.186151,0.0492155
7161,0.418799,0.344111,0.185864,0.0467664
7162,0.418799,0.344111,0.185864,0.0467664
7163,0.416882,0.337803,0.180214,0.0472286
7164,0.416882,0.337803,0.180214,0.0472286
7165,0.39661,0.323675,0.180539,0.046012
7166,0.41328,0.331638,0.180429,0.0470165
7167,0.416177,0.329301,0.178615,0.0474636
7168,0.404639,0.322537,0.179467,0.0458938
7169,0.437134,0.346618,0.180597,0.0507017
7170,0.432516,0.344399,0.181327,0.0502794
7171,0.432516,0.344399,0.181327,0.0502794
7172,0.419615,0.336028,0.179676,0.0483198
7173,0.412182,0.338986,0.185613,0.0462534
7174,0.412182,0.338986,0.185613,0.0462534
7175,0.429385,0.358983,0.187744,0.0488175
7176,0.433532,0.347997,0.180333,0.049895
7177,0.433532,0.347997,0.180333,0.049895
7178,0.413207,0.32803,0.176039,0.0466205
7179,0.39509,0.305625,0.170818,0.0444778
7180,0.421091,0.332136,0.178004,0.0474906
7181,0.450212,0.353324,0.178958,0.050551
7182,0.460153,0.359366,0.177832,0.0510866
7183,0.460153,0.359366,0.177832,0.0510866
7184,0.460153,0.359366,0.177832,0.0510866
7185,0.460153,0.359366,0.177832,0.0510866
7186,0.460153,0.359366,0.177832,0.0510866
7187,0.46304,0.355387,0.173135,0.0517563
7188,0.449628,0.328341,0.165976,0.0510265
7189,0.462724,0.340563,0.166305,0.0516692
7190,0.462724,0.340563,0.166305,0.0516692
7191,0.462724,0.340563,0.166305,0.0516692
7192,0.45914,0.339146,0.169605,0.0511888
7193,0.446937,0.33211,0.168688,0.0507773
7194,0.446937,0.33211,0.168688,0.0507773
7195,0.471284,0.354486,0.171196,0.0535095
7196,0.451268,0.323079,0.162541,0.051395
7197,0.469906,0.342792,0.167745,0.0530066
7198,0.453008,0.319248,0.15972,0.0509218
7199,0.452515,0.336796,0.168271,0.0503144
7200,0.468453,0.345845,0.168521,0.0524978
7201,0.448883,0.331998,0.167942,0.0502031
7202,0.461732,0.331993,0.16502,0.0516572
7203,0.45355,0.333292,0.167418,0.0504859
7204,0.45355,0.333292,0.167418,0.0504859
7205,0.45355,0.333292,0.167418,0.0504859
7206,0.454904,0.342254,0.172623,0.0489655
7207,0.454904,0.342254,0.172623,0.0489655
7208,0.454904,0.342254,0.172623,0.0489655
7209,0.488166,0.378864,0.180197,0.0528274
7210,0.488166,0.378864,0.180197,0.0528274
7211,0.479043,0.369762,0.179933,0.0505354
7212,0.463788,0.351316,0.176014,0.0485249
7213,0.464285,0.353363,0.176421,0.0487506
7214,0.458444,0.337486,0.170819,0.0483218
7215,0.465183,0.355406,0.177581,0.0490277
7216,0.452448,0.332329,0.169498,0.0483034
7217,0.448662,0.333029,0.172,0.049115
7218,0.481083,0.379603,0.184249,0.0522037
7219,0.481083,0.379603,0.184249,0.0522037
7220,0.481083,0.379603,0.184249,0.0522037
7221,0.465966,0.361844,0.180217,0.0508698
7222,0.465966,0.361844,0.180217,0.0508698
7223,0.465966,0.361844,0.180217,0.0508698
7224,0.455023,0.339944,0.171063,0.0511046
7225,0.455023,0.339944,0.171063,0.0511046
7226,0.434174,0.327112,0.17322,0.0480919
7227,0.445208,0.333059,0.171051,0.0488359
7228,0.445208,0.333059,0.171051,0.0488359
7229,0.441314,0.328072,0.169985,0.048794
7230,0.441314,0.328072,0.169985,0.048794
7231,0.432241,0.318748,0.167959,0.0484362
7232,0.432241,0.318748,0.167959,0.0484362
7233,0.444108,0.320693,0.164785,0.0494155
7234,0.427298,0.305536,0.159822,0.0477467
7235,0.432403,0.299161,0.155906,0.0490294
7236,0.426202,0.305559,0.160981,0.0489076
7237,0.42561,0.307117,0.161761,0.0485599
7238,0.42771,0.29866,0.156474,0.0488321
7239,0.427242,0.299758,0.157191,0.0494314
7240,0.427189,0.293868,0.154892,0.0490809
7241,0.416667,0.29069,0.156005,0.0479643
7242,0.416702,0.288327,0.155403,0.0474221
7243,0.437192,0.300804,0.156571,0.0495588
7244,0.419597,0.298779,0.160518,0.0467493
7245,0.419597,0.298779,0.160518,0.0467493
7246,0.422149,0.297338,0.157687,0.0474103
7247,0.422149,0.297338,0.157687,0.0474103
7248,0.445498,0.310876,0.158124,0.0496726
7249,0.473229,0.326469,0.156476,0.0534578
7250,0.461109,0.332396,0.162425,0.0520971
7251,0.474073,0.334753,0.163251,0.0524878
7252,0.480368,0.338853,0.163184,0.0527685
7253,0.480368,0.338853,0.163184,0.0527685
7254,0.487198,0.353545,0.168151,0.053989
7255,0.487198,0.353545,0.168151,0.053989
7256,0.456895,0.333531,0.166556,0.0505563
7257,0.456895,0.333531,0.166556,0.0505563
7258,0.437597,0.316656,0.163703,0.0488546
7259,0.434974,0.311916,0.162371,0.0481309
7260,0.434974,0.311916,0.162371,0.0481309
7261,0.443667,0.320798,0.164437,0.0492388
7262,0.454534,0.336932,0.169107,0.0506171
7263,0.454534,0.336932,0.169107,0.0506171
7264,0.437145,0.308107,0.161041,0.0487148
7265,0.435797,0.312147,0.16312,0.0479537
7266,0.448295,0.324813,0.165219,0.0489739
7267,0.447728,0.332862,0.170321,0.0492252
7268,0.450709,0.33362,0.168546,0.0494493
7269,0.441608,0.326415,0.16596,0.0494871
7270,0.445502,0.327029,0.16956,0.0489541
7271,0.462777,0.336854,0.166051,0.0503346
7272,0.439461,0.321739,0.166324,0.0475274
7273,0.419102,0.297621,0.159941,0.045876
7274,0.419102,0.297621,0.159941,0.045876
7275,0.419102,0.297621,0.159941,0.045876
7276,0.405522,0.290154,0.160731,0.043661
7277,0.422007,0.311604,0.168353,0.0450868
7278,0.422007,0.311604,0.168353,0.0450868
7279,0.438441,0.318218,0.166129,0.0468158
7280,0.438441,0.318218,0.166129,0.0468158
7281,0.451225,0.340775,0.173344,0.0485915
7282,0.475835,0.349576,0.172022,0.0511576
7283,0.475835,0.349576,0.172022,0.0511576
7284,0.468088,0.326614,0.160879,0.0512771
7285,0.468088,0.326614,0.160879,0.0512771
7286,0.468088,0.326614,0.160879,0.0512771
7287,0.434226,0.302531,0.158751,0.0483927
7288,0.457032,0.32495,0.165352,0.0486092
7289,0.457032,0.32495,0.165352,0.0486092
7290,0.457032,0.32495,0.165352,0.0486092
7291,0.449582,0.316273,0.163174,0.0475619
7292,0.441447,0.312692,0.161471,0.0468168
7293,0.441447,0.312692,0.161471,0.0468168
7294,0.436228,0.304748,0.159728,0.0470985
7295,0.436228,0.304748,0.159728,0.0470985
7296,0.436228,0.304748,0.159728,0.0470985
7297,0.435979,0.29865,0.154322,0.048381
7298,0.397137,0.267497,0.149125,0.0450868
7299,0.431259,0.304715,0.159355,0.0476015
7300,0.444236,0.315758,0.163454,0.0482999
7301,0.41653,0.296964,0.162053,0.0452979
7302,0.422958,0.29832,0.159612,0.0462842
7303,0.430763,0.308195,0.162193,0.0466973
7304,0.450627,0.318754,0.161765,0.0487701
7305,0.450814,0.325387,0.164573,0.0488253
7306,0.450814,0.325387,0.164573,0.0488253
7307,0.471975,0.336149,0.164225,0.0501821
7308,0.471975,0.336149,0.164225,0.0501821
7309,0.455994,0.318678,0.162231,0.0484144
7310,0.449421,0.314798,0.160782,0.0484126
7311,0.461825,0.323284,0.162812,0.0494217
7312,0.448191,0.311493,0.159039,0.0479235
7313,0.422276,0.297475,0.158032,0.0463437
7314,0.418934,0.293965,0.158342,0.0456965
7315,0.389604,0.271038,0.15559,0.0432045
7316,0.386744,0.265455,0.152771,0.0433699
7317,0.386744,0.265455,0.152771,0.0433699
7318,0.386744,0.265455,0.152771,0.0433699
7319,0.398744,0.275756,0.155782,0.0449027
7320,0.398744,0.275756,0.155782,0.0449027
7321,0.398437,0.281307,0.157564,0.0444564
7322,0.408293,0.295394,0.159812,0.0464046
7323,0.407265,0.293839,0.162014,0.046127
7324,0.43495,0.305711,0.158776,0.0480981
7325,0.432122,0.306005,0.159266,0.0480947
7326,0.423052,0.30199,0.159753,0.0469543
7327,0.442754,0.324685,0.166279,0.0495098
7328,0.428891,0.300739,0.158209,0.0483751
7329,0.424824,0.299793,0.158965,0.0472356
7330,0.414774,0.290888,0.158107,0.0463649
7331,0.414774,0.290888,0.158107,0.0463649
7332,0.421244,0.285445,0.150258,0.048546
7333,0.421244,0.285445,0.150258,0.048546
7334,0.421244,0.285445,0.150258,0.048546
7335,0.416423,0.297511,0.160577,0.0468678
7336,0.413429,0.294036,0.158116,0.0468393
7337,0.413429,0.294036,0.158116,0.0468393
7338,0.421213,0.30065,0.161738,0.0471501
7339,0.421213,0.30065,0.161738,0.0471501
7340,0.42697,0.303445,0.16057,0.0485221
7341,0.421463,0.306944,0.163526,0.0478627
7342,0.421463,0.306944,0.163526,0.0478627
7343,0.429698,0.323087,0.169991,0.0489872
7344,0.429698,0.323087,0.169991,0.0489872
7345,0.413441,0.305445,0.163733,0.046512
7346,0.388237,0.286598,0.16195,0.044155
7347,0.399111,0.293213,0.162843,0.0454436
7348,0.421639,0.307799,0.163592,0.048038
7349,0.413657,0.308148,0.165591,0.0476803
7350,0.413657,0.308148,0.165591,0.0476803
7351,0.413657,0.308148,0.165591,0.0476803
7352,0.423075,0.315741,0.166167,0.049068
7353,0.423075,0.315741,0.166167,0.049068
7354,0.423075,0.315741,0.166167,0.049068
7355,0.437792,0.338425,0.172805,0.050379
7356,0.415697,0.318009,0.170554,0.0479753
7357,0.415697,0.318009,0.170554,0.0479753
7358,0.415697,0.318009,0.170554,0.0479753
7359,0.419405,0.317625,0.167035,0.0482477
7360,0.416182,0.319551,0.174096,0.0474294
7361,0.416182,0.319551,0.174096,0.0474294
7362,0.409553,0.307932,0.167643,0.0465762
7363,0.403879,0.30458,0.167891,0.0449198
7364,0.403879,0.30458,0.167891,0.0449198
7365,0.403879,0.30458,0.167891,0.0449198
7366,0.403879,0.30458,0.167891,0.0449198
7367,0.403879,0.30458,0.167891,0.0449198
7368,0.39922,0.29373,0.162661,0.0448245
7369,0.386872,0.281733,0.160909,0.0436425
7370,0.398329,0.287576,0.158956,0.0460229
7371,0.392058,0.271395,0.152763,0.0457031
7372,0.392058,0.271395,0.152763,0.0457031
7373,0.404738,0.278348,0.152643,0.0465098
7374,0.404738,0.278348,0.152643,0.0465098
7375,0.42244,0.295668,0.155654,0.0481064
7376,0.424691,0.287939,0.152429,0.0488786
7377,0.419468,0.289125,0.153581,0.0476774
7378,0.419468,0.289125,0.153581,0.0476774
7379,0.401299,0.279425,0.154546,0.045017
7380,0.401299,0.279425,0.154546,0.045017
7381,0.411829,0.297661,0.162648,0.0456852
7382,0.411829,0.297661,0.162648,0.0456852
7383,0.415079,0.300141,0.163423,0.0468534
7384,0.41389,0.297596,0.16404,0.0471164
7385,0.408931,0.298349,0.164114,0.045532
7386,0.395354,0.281059,0.157604,0.043577
7387,0.395354,0.281059,0.157604,0.043577
7388,0.415444,0.302253,0.163099,0.0458702
7389,0.415444,0.302253,0.163099,0.0458702
7390,0.399545,0.288244,0.160982,0.0440331
7391,0.437385,0.329852,0.170685,0.0478619
7392,0.436585,0.314637,0.165191,0.0475083
7393,0.448512,0.324702,0.168517,0.0476375
7394,0.448512,0.324702,0.168517,0.0476375
7395,0.437294,0.322065,0.170481,0.0463743
7396,0.437294,0.322065,0.170481,0.0463743
7397,0.437294,0.322065,0.170481,0.0463743
7398,0.446037,0.325207,0.168518,0.0476589
7399,0.41406,0.300273,0.165397,0.0445284
7400,0.414935,0.293267,0.159772,0.0439961
7401,0.414935,0.293267,0.159772,0.0439961
7402,0.436033,0.325447,0.171667,0.0465228
7403,0.434864,0.311994,0.164874,0.0462563
7404,0.434864,0.311994,0.164874,0.0462563
7405,0.419096,0.301302,0.164563,0.044609
7406,0.419096,0.301302,0.164563,0.044609
7407,0.397,0.279822,0.15983,0.0422564
7408,0.407379,0.291669,0.161844,0.0432316
7409,0.407379,0.291669,0.161844,0.0432316
7410,0.407379,0.291669,0.161844,0.0432316
7411,0.407379,0.291669,0.161844,0.0432316
7412,0.407379,0.291669,0.161844,0.0432316
7413,0.407379,0.291669,0.161844,0.0432316
7414,0.407379,0.291669,0.161844,0.0432316
7415,0.407379,0.291669,0.161844,0.0432316
7416,0.386385,0.277808,0.160418,0.0418816
7417,0.398354,0.28656,0.162457,0.0426734
7418,0.39874,0.288255,0.164138,0.0431152
7419,0.39874,0.288255,0.164138,0.0431152
7420,0.39874,0.288255,0.164138,0.0431152
7421,0.397184,0.276251,0.156429,0.0435714
7422,0.397184,0.276251,0.156429,0.0435714
7423,0.397184,0.276251,0.156429,0.0435714
7424,0.397184,0.276251,0.156429,0.0435714
7425,0.397184,0.276251,0.156429,0.0435714
7426,0.391143,0.275202,0.156678,0.0430321
7427,0.395063,0.282085,0.160911,0.0430683
7428,0.396014,0.279293,0.156211,0.0438779
7429,0.396014,0.279293,0.156211,0.0438779
7430,0.396014,0.279293,0.156211,0.0438779
7431,0.398372,0.286891,0.159644,0.0443815
7432,0.389307,0.278875,0.161244,0.0427851
7433,0.388348,0.27193,0.157321,0.0433805
7434,0.388348,0.27193,0.157321,0.0433805
7435,0.388348,0.27193,0.157321,0.0433805
7436,0.391709,0.266411,0.154501,0.0430665
7437,0.395772,0.27069,0.152511,0.0436288
7438,0.394525,0.275667,0.155872,0.043228
7439,0.394525,0.275667,0.155872,0.043228
7440,0.400826,0.273531,0.154824,0.0436213
7441,0.400826,0.273531,0.154824,0.0436213
7442,0.402786,0.272744,0.152574,0.044294
7443,0.396106,0.261651,0.146877,0.0439834
7444,0.396106,0.261651,0.146877,0.0439834
7445,0.405595,0.271999,0.152635,0.0440182
7446,0.399881,0.268743,0.153184,0.0425065
7447,0.396888,0.268136,0.154144,0.0421834
7448,0.420812,0.300737,0.162327,0.0450693
7449,0.407424,0.281589,0.154204,0.0447962
7450,0.391275,0.268287,0.150742,0.0438677
7451,0.394186,0.26862,0.149067,0.0449958
7452,0.394186,0.26862,0.149067,0.0449958
7453,0.400332,0.27395,0.153888,0.0444791
7454,0.400332,0.27395,0.153888,0.0444791
7455,0.414196,0.281457,0.152633,0.0457309
7456,0.414196,0.281457,0.152633,0.0457309
7457,0.41395,0.290872,0.157457,0.0463861
7458,0.418018,0.282128,0.150271,0.0471856
7459,0.409829,0.279305,0.152247,0.0467381
7460,0.409829,0.279305,0.152247,0.0467381
7461,0.390396,0.263125,0.149239,0.0443646
7462,0.383729,0.249794,0.142419,0.0438711
7463,0.398445,0.257089,0.142996,0.0445684
7464,0.398445,0.257089,0.142996,0.0445684
7465,0.398445,0.257089,0.142996,0.0445684
7466,0.398445,0.257089,0.142996,0.0445684
7467,0.394609,0.256422,0.144168,0.0440403
7468,0.394609,0.256422,0.144168,0.0440403
7469,0.389985,0.263475,0.148169,0.043704
7470,0.392148,0.258961,0.147944,0.0437304
7471,0.392148,0.258961,0.147944,0.0437304
7472,0.395874,0.260643,0.146557,0.0449975
7473,0.399768,0.264671,0.148971,0.0445491
7474,0.403691,0.268686,0.1504,0.0451538
7475,0.389786,0.256112,0.14523,0.0434171
7476,0.394887,0.262182,0.147948,0.0444145
7477,0.38424,0.260067,0.150878,0.0422731
7478,0.38424,0.260067,0.150878,0.0422731
7479,0.38424,0.260067,0.150878,0.0422731
7480,0.375956,0.2469,0.147717,0.0412945
7481,0.399992,0.272505,0.154249,0.0430591
7482,0.399992,0.272505,0.154249,0.0430591
7483,0.383431,0.259629,0.1522,0.0411356
7484,0.383431,0.259629,0.1522,0.0411356
7485,0.370982,0.242843,0.146245,0.0406947
7486,0.370982,0.242843,0.146245,0.0406947
7487,0.359966,0.237947,0.145303,0.0400409
7488,0.365104,0.232462,0.142575,0.0415037
7489,0.365549,0.23659,0.143199,0.041385
7490,0.375796,0.239054,0.141308,0.0415861
7491,0.37305,0.233921,0.13831,0.0417613
7492,0.392955,0.246813,0.140511,0.0451623
7493,0.392955,0.246813,0.140511,0.0451623
7494,0.392955,0.246813,0.140511,0.0451623
7495,0.392596,0.254202,0.143108,0.0440333
7496,0.370494,0.238147,0.14191,0.0412294
7497,0.389006,0.251539,0.143826,0.0422621
7498,0.389006,0.251539,0.143826,0.0422621
7499,0.367417,0.229359,0.138838,0.0399424
7500,0.364503,0.222665,0.133395,0.0407312
7501,0.378578,0.235778,0.138538,0.0430848
7502,0.384516,0.238663,0.13779,0.0431151
7503,0.371589,0.230405,0.136216,0.0419098
7504,0.382181,0.231549,0.134585,0.0426137
7505,0.395267,0.243283,0.137435,0.0439023
7506,0.395267,0.243283,0.137435,0.0439023
7507,0.395267,0.243283,0.137435,0.0439023
7508,0.39676,0.263803,0.15054,0.0432443
7509,0.379617,0.236876,0.137501,0.0424234
7510,0.391578,0.253241,0.144295,0.04377
7511,0.387715,0.247992,0.141273,0.0440149
7512,0.396041,0.253371,0.141344,0.0455189
7513,0.396041,0.253371,0.141344,0.0455189
7514,0.386949,0.24936,0.141416,0.0446566
7515,0.379081,0.238394,0.139814,0.0421846
7516,0.379081,0.238394,0.139814,0.0421846
7517,0.379081,0.238394,0.139814,0.0421846
7518,0.379081,0.238394,0.139814,0.0421846
7519,0.374641,0.24014,0.141697,0.0416843
7520,0.374641,0.24014,0.141697,0.0416843
7521,0.374641,0.24014,0.141697,0.0416843
7522,0.374641,0.24014,0.141697,0.0416843
7523,0.383084,0.248451,0.143365,0.0430207
7524,0.403212,0.265608,0.146913,0.0445634
7525,0.406493,0.260908,0.144333,0.0448568
7526,0.401663,0.254475,0.142659,0.0438456
7527,0.401663,0.254475,0.142659,0.0438456
7528,0.435516,0.277741,0.145654,0.0476344
7529,0.435516,0.277741,0.145654,0.0476344
7530,0.407296,0.260142,0.143061,0.0459746
7531,0.407606,0.269171,0.147115,0.0464649
7532,0.393887,0.260972,0.147153,0.0444935
7533,0.393721,0.256309,0.142935,0.0444903
7534,0.393721,0.256309,0.142935,0.0444903
7535,0.415321,0.283595,0.152529,0.0466732
7536,0.407228,0.267173,0.146063,0.0450657
7537,0.411029,0.263996,0.143402,0.0462854
7538,0.410724,0.262004,0.142931,0.0452181
7539,0.410724,0.262004,0.142931,0.0452181
7540,0.410724,0.262004,0.142931,0.0452181
7541,0.404409,0.263303,0.146532,0.0453198
7542,0.404409,0.263303,0.146532,0.0453198
7543,0.413138,0.269876,0.146414,0.0465352
7544,0.410554,0.270855,0.146192,0.0463984
7545,0.405143,0.26642,0.14553,0.046248
7546,0.404529,0.269148,0.145155,0.046768
7547,0.404529,0.269148,0.145155,0.046768
7548,0.404529,0.269148,0.145155,0.046768
7549,0.402478,0.273212,0.150134,0.0458853
7550,0.409266,0.268042,0.147516,0.0451376
7551,0.409266,0.268042,0.147516,0.0451376
7552,0.396317,0.257714,0.144108,0.0433102
7553,0.402984,0.263765,0.14698,0.0441391
7554,0.402984,0.263765,0.14698,0.0441391
7555,0.389593,0.259654,0.148757,0.0438245
7556,0.381385,0.254258,0.148267,0.0430106
7557,0.365439,0.242314,0.145284,0.0408337
7558,0.365439,0.242314,0.145284,0.0408337
7559,0.373535,0.250435,0.14685,0.0420478
7560,0.370764,0.252567,0.149651,0.0422536
7561,0.370764,0.252567,0.149651,0.0422536
7562,0.367629,0.253661,0.152664,0.0419122
7563,0.371284,0.248707,0.147131,0.0424726
7564,0.385791,0.253692,0.144787,0.0440137
7565,0.393166,0.270673,0.152817,0.0443914
7566,0.403882,0.275487,0.151694,0.0451937
7567,0.403882,0.275487,0.151694,0.0451937
7568,0.403882,0.275487,0.151694,0.0451937
7569,0.415814,0.278022,0.151144,0.0472661
7570,0.424853,0.28136,0.146586,0.0491983
7571,0.424853,0.28136,0.146586,0.0491983
7572,0.438571,0.294433,0.149885,0.0511382
7573,0.45969,0.321629,0.158924,0.0533503
7574,0.446391,0.305137,0.154356,0.0504744
7575,0.446391,0.305137,0.154356,0.0504744
7576,0.448175,0.317035,0.158676,0.0513029
7577,0.458349,0.332543,0.164585,0.0518571
7578,0.458349,0.332543,0.164585,0.0518571
7579,0.460719,0.332554,0.165176,0.0524435
7580,0.464359,0.325847,0.160573,0.0524863
7581,0.459196,0.331907,0.165076,0.0515954
7582,0.440531,0.312063,0.159212,0.0503201
7583,0.440531,0.312063,0.159212,0.0503201
7584,0.433375,0.308854,0.160629,0.0499214
7585,0.408507,0.285035,0.156028,0.0475421
7586,0.410516,0.291159,0.157424,0.047789
7587,0.410516,0.291159,0.157424,0.047789
7588,0.406743,0.301215,0.163729,0.0471957
7589,0.415716,0.303504,0.163275,0.0486024
7590,0.407014,0.302187,0.164803,0.0475887
7591,0.426262,0.318259,0.164543,0.0497609
7592,0.416757,0.319168,0.173155,0.0473702
7593,0.400045,0.312419,0.173774,0.0451738
7594,0.400045,0.312419,0.173774,0.0451738
7595,0.389389,0.308949,0.175543,0.043827
7596,0.400675,0.327854,0.182132,0.045389
7597,0.39928,0.326657,0.18269,0.0458698
7598,0.412358,0.333716,0.182677,0.0474897
7599,0.401667,0.320188,0.17842,0.0464217
7600,0.4265,0.336682,0.177969,0.0488535
7601,0.43201,0.333901,0.175418,0.0492783
7602,0.43201,0.333901,0.175418,0.0492783
7603,0.432526,0.342086,0.181004,0.0483261
7604,0.418683,0.329703,0.17753,0.0466813
7605,0.394682,0.316506,0.181423,0.0445537
7606,0.394682,0.316506,0.181423,0.0445537
7607,0.394682,0.316506,0.181423,0.0445537
7608,0.394682,0.316506,0.181423,0.0445537
7609,0.41426,0.330761,0.183127,0.0456175
7610,0.406096,0.32583,0.183103,0.0445315
7611,0.398945,0.321233,0.181428,0.0437896
7612,0.398945,0.321233,0.181428,0.0437896
7613,0.400202,0.315157,0.181198,0.043962
7614,0.411304,0.32591,0.181711,0.0437861
7615,0.437484,0.346949,0.182132,0.0469286
7616,0.417088,0.330423,0.181502,0.0447782
7617,0.437594,0.344739,0.17944,0.0468941
7618,0.453688,0.351707,0.17922,0.0485869
7619,0.440513,0.352226,0.184672,0.047309
7620,0.444465,0.348281,0.179859,0.0479145
7621,0.447725,0.360194,0.184973,0.047666
7622,0.439939,0.354535,0.185115,0.0478991
7623,0.439939,0.354535,0.185115,0.0478991
7624,0.437368,0.353512,0.18486,0.0478589
7625,0.437056,0.361575,0.189752,0.0479768
7626,0.460685,0.377132,0.187933,0.0513901
7627,0.444014,0.353586,0.182693,0.0500066
7628,0.454024,0.360602,0.182052,0.0513191
7629,0.449089,0.346403,0.177296,0.0506902
7630,0.449089,0.346403,0.177296,0.0506902
7631,0.450854,0.351438,0.17674,0.0514512
7632,0.462487,0.376404,0.187631,0.051911
7633,0.429639,0.339078,0.177281,0.0487626
7634,0.440894,0.35647,0.183017,0.0491717
7635,0.433819,0.34927,0.180267,0.0494243
7636,0.423823,0.330954,0.173071,0.0483816
7637,0.423823,0.330954,0.173071,0.0483816
7638,0.407988,0.320057,0.17326,0.0470157
7639,0.411655,0.323884,0.176502,0.0468097
7640,0.421945,0.336714,0.180167,0.0481519
7641,0.41423,0.320599,0.172131,0.0474238
7642,0.415421,0.312548,0.169061,0.0475216
7643,0.415421,0.312548,0.169061,0.0475216
7644,0.415421,0.312548,0.169061,0.0475216
7645,0.415421,0.312548,0.169061,0.0475216
7646,0.417133,0.326422,0.176262,0.047029
7647,0.417133,0.326422,0.176262,0.047029
7648,0.434093,0.343323,0.180052,0.0485875
7649,0.427904,0.331928,0.171869,0.0482874
7650,0.427904,0.331928,0.171869,0.0482874
7651,0.42691,0.334388,0.174424,0.0490431
7652,0.432664,0.339589,0.177167,0.0476088
7653,0.432664,0.339589,0.177167,0.0476088
7654,0.432664,0.339589,0.177167,0.0476088
7655,0.432664,0.339589,0.177167,0.0476088
7656,0.438772,0.346195,0.179696,0.04908
7657,0.435655,0.334617,0.172069,0.0492694
7658,0.408809,0.314127,0.171251,0.0473352
7659,0.420814,0.330998,0.175601,0.0485932
7660,0.432671,0.320679,0.168619,0.0497324
7661,0.445676,0.340866,0.172269,0.0501766
7662,0.445676,0.340866,0.172269,0.0501766
7663,0.459936,0.357283,0.177027,0.0517038
7664,0.455556,0.345741,0.17224,0.0518819
7665,0.470696,0.358418,0.175501,0.0523632
7666,0.461675,0.353685,0.176048,0.0519377
7667,0.451709,0.336236,0.17028,0.0512721
7668,0.451709,0.336236,0.17028,0.0512721
7669,0.451709,0.336236,0.17028,0.0512721
7670,0.466088,0.354901,0.175137,0.0530122
7671,0.459101,0.353226,0.176849,0.0512152
7672,0.453194,0.353551,0.178509,0.0501045
7673,0.441384,0.340846,0.175854,0.0484433
7674,0.459394,0.352636,0.176745,0.0504215
7675,0.427326,0.340173,0.179796,0.0476955
7676,0.420986,0.322472,0.173068,0.0465734
7677,0.420986,0.322472,0.173068,0.0465734
7678,0.420986,0.322472,0.173068,0.0465734
7679,0.400186,0.305963,0.171465,0.0444429
7680,0.38301,0.279888,0.164109,0.0437477
7681,0.397907,0.297638,0.166185,0.0454311
7682,0.378357,0.280564,0.162223,0.043082
7683,0.394034,0.297472,0.167858,0.045064
7684,0.394034,0.297472,0.167858,0.045064
7685,0.421909,0.327407,0.173827,0.0482797
7686,0.421909,0.327407,0.173827,0.0482797
7687,0.421909,0.327407,0.173827,0.0482797
7688,0.41142,0.324499,0.174589,0.0471095
7689,0.41142,0.324499,0.174589,0.0471095
7690,0.402836,0.311793,0.171926,0.0467203
7691,0.414504,0.310039,0.166883,0.0482835
7692,0.414504,0.310039,0.166883,0.0482835
7693,0.417126,0.327815,0.175552,0.0483352
7694,0.417126,0.327815,0.175552,0.0483352
7695,0.422599,0.339263,0.181019,0.0485245
7696,0.408793,0.332225,0.183308,0.0471252
7697,0.408793,0.332225,0.183308,0.0471252
7698,0.408793,0.332225,0.183308,0.0471252
7699,0.386017,0.315705,0.18194,0.0442217
7700,0.386017,0.315705,0.18194,0.0442217
7701,0.386017,0.315705,0.18194,0.0442217
7702,0.390456,0.318535,0.181986,0.0444594
7703,0.413008,0.328655,0.179781,0.0464309
7704,0.407791,0.32922,0.183827,0.0446226
7705,0.422019,0.348199,0.187111,0.0467444
7706,0.423653,0.34551,0.185686,0.0460731
7707,0.423653,0.34551,0.185686,0.0460731
7708,0.443068,0.358391,0.18298,0.0482005
7709,0.445957,0.360432,0.183584,0.0478407
7710,0.445957,0.360432,0.183584,0.0478407
7711,0.445957,0.360432,0.183584,0.0478407
7712,0.451816,0.365155,0.184839,0.0483445
7713,0.45168,0.367013,0.187052,0.0482234
7714,0.45168,0.367013,0.187052,0.0482234
7715,0.422168,0.326825,0.181048,0.0439167
7716,0.427908,0.331795,0.177359,0.0460038
7717,0.427908,0.331795,0.177359,0.0460038
7718,0.423273,0.321773,0.173241,0.0458197
7719,0.441025,0.336313,0.174353,0.0482261
7720,0.444661,0.336591,0.172903,0.0495827
7721,0.44116,0.330056,0.171332,0.0496245
7722,0.445571,0.334358,0.171241,0.0497184
7723,0.463691,0.341177,0.169044,0.0513849
7724,0.46543,0.339522,0.167271,0.0519818
7725,0.498416,0.372682,0.173426,0.0555157
7726,0.489925,0.370303,0.174838,0.0541817
7727,0.498957,0.378214,0.176827,0.0552971
7728,0.472658,0.360923,0.17515,0.0520414
7729,0.449528,0.337418,0.16983,0.0499039
7730,0.465174,0.349679,0.170643,0.0521356
7731,0.476332,0.359912,0.172402,0.0535028
7732,0.476332,0.359912,0.172402,0.0535028
7733,0.453666,0.330293,0.165675,0.0517625
7734,0.439457,0.319285,0.164462,0.049939
7735,0.449187,0.327661,0.165258,0.0512069
7736,0.449187,0.327661,0.165258,0.0512069
7737,0.439041,0.332855,0.172055,0.0490902
7738,0.439041,0.332855,0.172055,0.0490902
7739,0.430481,0.320366,0.167539,0.0482675
7740,0.42405,0.327127,0.173513,0.0465238
7741,0.41929,0.329615,0.177558,0.0457395
7742,0.405169,0.319544,0.177572,0.0440602
7743,0.403804,0.318808,0.178222,0.0445339
7744,0.392125,0.316771,0.180702,0.0427584
7745,0.404748,0.320951,0.176761,0.0441852
7746,0.412728,0.322447,0.17467,0.0455281
7747,0.409203,0.328914,0.180907,0.045636
7748,0.409203,0.328914,0.180907,0.045636
7749,0.409203,0.328914,0.180907,0.045636
7750,0.447196,0.358581,0.184435,0.0496388
7751,0.447196,0.358581,0.184435,0.0496388
7752,0.447196,0.358581,0.184435,0.0496388
7753,0.449866,0.351378,0.177491,0.0504965
7754,0.449866,0.351378,0.177491,0.0504965
7755,0.449866,0.351378,0.177491,0.0504965
7756,0.449866,0.351378,0.177491,0.0504965
7757,0.449866,0.351378,0.177491,0.0504965
7758,0.449593,0.341605,0.172726,0.0496844
7759,0.449593,0.341605,0.172726,0.0496844
7760,0.440365,0.343443,0.177387,0.0487672
7761,0.455583,0.371745,0.186849,0.0497978
7762,0.455583,0.371745,0.186849,0.0497978
7763,0.455583,0.371745,0.186849,0.0497978
7764,0.443528,0.341543,0.175375,0.0489549
7765,0.443528,0.341543,0.175375,0.0489549
7766,0.441845,0.347354,0.17767,0.0490295
7767,0.433632,0.346037,0.180467,0.0482749
7768,0.420919,0.332526,0.177074,0.0461676
7769,0.420919,0.332526,0.177074,0.0461676
7770,0.435,0.347113,0.181762,0.0472792
7771,0.435,0.347113,0.181762,0.0472792
7772,0.426365,0.331091,0.178023,0.0463593
7773,0.426365,0.331091,0.178023,0.0463593
7774,0.432145,0.340726,0.177988,0.0469132
7775,0.432145,0.340726,0.177988,0.0469132
7776,0.432145,0.340726,0.177988,0.0469132
7777,0.445852,0.344569,0.176217,0.048146
7778,0.440423,0.346338,0.179156,0.0481558
7779,0.440423,0.346338,0.179156,0.0481558
7780,0.448104,0.348581,0.178992,0.0490561
7781,0.423438,0.324459,0.173911,0.0460538
7782,0.423438,0.324459,0.173911,0.0460538
7783,0.432024,0.322792,0.169958,0.0471723
7784,0.449753,0.343339,0.174574,0.0487963
7785,0.44353,0.334676,0.174525,0.0481979
7786,0.44803,0.336649,0.171818,0.0487345
7787,0.437991,0.320684,0.165838,0.0484092
7788,0.437991,0.320684,0.165838,0.0484092
7789,0.462949,0.347411,0.169406,0.0513419
7790,0.450102,0.318636,0.158807,0.0508144
7791,0.455215,0.326509,0.161063,0.0515601
7792,0.455215,0.326509,0.161063,0.0515601
7793,0.455215,0.326509,0.161063,0.0515601
7794,0.440912,0.318716,0.162432,0.0496464
7795,0.432097,0.316483,0.165566,0.048496
7796,0.442437,0.321976,0.164932,0.0497467
7797,0.433732,0.306078,0.159725,0.0489087
7798,0.433732,0.306078,0.159725,0.0489087
7799,0.437983,0.305813,0.154993,0.0493834
7800,0.437983,0.305813,0.154993,0.0493834
7801,0.437983,0.305813,0.154993,0.0493834
7802,0.457962,0.325264,0.160403,0.0516914
7803,0.457962,0.325264,0.160403,0.0516914
7804,0.451287,0.322322,0.160638,0.0509967
7805,0.451287,0.322322,0.160638,0.0509967
7806,0.451749,0.328687,0.164278,0.0510748
7807,0.451749,0.328687,0.164278,0.0510748
7808,0.437337,0.309601,0.159684,0.04866
7809,0.437337,0.309601,0.159684,0.04866
7810,0.445,0.327213,0.166738,0.0480949
7811,0.443911,0.32111,0.166985,0.048248
7812,0.454471,0.323047,0.161692,0.0502223
7813,0.454471,0.323047,0.161692,0.0502223
7814,0.454471,0.323047,0.161692,0.0502223
7815,0.466598,0.325068,0.160267,0.0515117
7816,0.433827,0.305165,0.157401,0.0489376
7817,0.44572,0.305252,0.156781,0.0502564
7818,0.44572,0.305252,0.156781,0.0502564
7819,0.441365,0.306596,0.155343,0.0505077
7820,0.443949,0.316558,0.159092,0.0503513
7821,0.450712,0.316613,0.159837,0.0504509
7822,0.450712,0.316613,0.159837,0.0504509
7823,0.439425,0.321572,0.166376,0.0491413
7824,0.443992,0.338652,0.174102,0.0490911
7825,0.456952,0.343956,0.171899,0.0503603
7826,0.456952,0.343956,0.171899,0.0503603
7827,0.459322,0.341839,0.171654,0.0509027
7828,0.454636,0.343092,0.172137,0.0510206
7829,0.456084,0.34031,0.169641,0.0512007
7830,0.456084,0.34031,0.169641,0.0512007
7831,0.439374,0.316761,0.163165,0.0501572
7832,0.439374,0.316761,0.163165,0.0501572
7833,0.451876,0.332682,0.168084,0.0515493
7834,0.464296,0.349749,0.172544,0.0517024
7835,0.475694,0.352879,0.17319,0.0527541
7836,0.467247,0.353821,0.173168,0.0509826
7837,0.467247,0.353821,0.173168,0.0509826
7838,0.467247,0.353821,0.173168,0.0509826
7839,0.446764,0.335263,0.169883,0.0488331
7840,0.455175,0.344236,0.171709,0.0494438
7841,0.462682,0.34372,0.168117,0.05093
7842,0.462682,0.34372,0.168117,0.05093
7843,0.457599,0.337999,0.167721,0.0506202
7844,0.458628,0.330461,0.164344,0.0514785
7845,0.458628,0.330461,0.164344,0.0514785
7846,0.470711,0.343311,0.168038,0.0518985
7847,0.450565,0.322699,0.163858,0.0507027
7848,0.450841,0.326963,0.166977,0.0496807
7849,0.450841,0.326963,0.166977,0.0496807
7850,0.450841,0.326963,0.166977,0.0496807
7851,0.453645,0.328728,0.166674,0.0499457
7852,0.453562,0.329823,0.166807,0.0504908
7853,0.453562,0.329823,0.166807,0.0504908
7854,0.453562,0.329823,0.166807,0.0504908
7855,0.424986,0.312467,0.16589,0.0471344
7856,0.424986,0.312467,0.16589,0.0471344
7857,0.424986,0.312467,0.16589,0.0471344
7858,0.428031,0.308436,0.165205,0.0473308
7859,0.408336,0.284499,0.15688,0.0451626
7860,0.408336,0.284499,0.15688,0.0451626
7861,0.408336,0.284499,0.15688,0.0451626
7862,0.405555,0.279974,0.153603,0.0446572
7863,0.388474,0.262305,0.148028,0.0440239
7864,0.399937,0.274004,0.15472,0.0446217
7865,0.399937,0.274004,0.15472,0.0446217
7866,0.444935,0.309046,0.155229,0.049316
7867,0.444935,0.309046,0.155229,0.049316
7868,0.435139,0.301184,0.159104,0.0478043
7869,0.46165,0.325208,0.160794,0.0506747
7870,0.453884,0.303432,0.153006,0.0495431
7871,0.461041,0.320662,0.160188,0.050662
7872,0.481166,0.33279,0.160472,0.053324
7873,0.481166,0.33279,0.160472,0.053324
7874,0.477641,0.335302,0.163323,0.0523823
7875,0.475422,0.334918,0.162448,0.0519782
7876,0.467471,0.344024,0.16854,0.0511678
7877,0.449543,0.330994,0.169066,0.049354
7878,0.449543,0.330994,0.169066,0.049354
7879,0.47052,0.34274,0.165795,0.0511784
7880,0.471831,0.350392,0.171218,0.0519238
7881,0.475073,0.343289,0.165981,0.051536
7882,0.452853,0.329479,0.165792,0.0503911
7883,0.44546,0.322372,0.164326,0.0490229
7884,0.44546,0.322372,0.164326,0.0490229
7885,0.452182,0.34004,0.17082,0.0492065
7886,0.45972,0.342667,0.17229,0.0499069
7887,0.484797,0.380842,0.180608,0.0528023
7888,0.488673,0.395619,0.18915,0.0528274
7889,0.488673,0.395619,0.18915,0.0528274
7890,0.450929,0.357697,0.181457,0.0487875
7891,0.4604,0.353882,0.177605,0.0486548
7892,0.442382,0.339435,0.173974,0.0475255
7893,0.431518,0.334029,0.178493,0.04569
7894,0.429518,0.336268,0.178793,0.0458599
7895,0.446281,0.342311,0.177956,0.0477254
7896,0.446281,0.342311,0.177956,0.0477254
7897,0.4678,0.369784,0.182506,0.0498716
7898,0.454892,0.358812,0.179174,0.0495881
7899,0.454677,0.355434,0.176404,0.0488642
7900,0.455014,0.357113,0.176359,0.0493026
7901,0.427707,0.334954,0.179797,0.0468991
7902,0.405908,0.312427,0.173731,0.0443405
7903,0.411974,0.326296,0.178783,0.0438307
7904,0.398739,0.315292,0.176332,0.0434405
7905,0.398739,0.315292,0.176332,0.0434405
7906,0.412216,0.324612,0.177582,0.0445591
7907,0.406338,0.320185,0.175032,0.0449888
7908,0.406338,0.320185,0.175032,0.0449888
7909,0.412351,0.317391,0.174225,0.0454511
7910,0.441941,0.335606,0.172085,0.0503577
7911,0.411577,0.324152,0.176257,0.0466576
7912,0.404827,0.306482,0.16844,0.0462448
7913,0.430624,0.340926,0.178222,0.0480329
7914,0.420414,0.329756,0.176778,0.0472581
7915,0.427936,0.337623,0.174996,0.0486105
7916,0.427936,0.337623,0.174996,0.0486105
7917,0.38892,0.305562,0.173976,0.0435184
7918,0.38892,0.305562,0.173976,0.0435184
7919,0.375373,0.290943,0.172416,0.0411457
7920,0.383575,0.307835,0.179089,0.0424626
7921,0.383575,0.307835,0.179089,0.0424626
7922,0.383575,0.307835,0.179089,0.0424626
7923,0.384049,0.31443,0.183365,0.042571
7924,0.390694,0.312638,0.179184,0.0432786
7925,0.389151,0.311268,0.179394,0.0427856
7926,0.379695,0.302485,0.175536,0.0412463
7927,0.385942,0.304562,0.175128,0.0429915
7928,0.376927,0.304514,0.178683,0.0425368
7929,0.36431,0.296189,0.179185,0.0413757
7930,0.374792,0.295804,0.176503,0.0427321
7931,0.357104,0.282555,0.173642,0.0410057
7932,0.35693,0.276141,0.170522,0.0404099
7933,0.36573,0.284453,0.171113,0.042095
7934,0.378219,0.29496,0.174406,0.042858
7935,0.378219,0.29496,0.174406,0.042858
7936,0.378219,0.29496,0.174406,0.042858
7937,0.364646,0.28245,0.170766,0.0417446
7938,0.376389,0.293954,0.175129,0.0421378
7939,0.380564,0.29794,0.177735,0.041861
7940,0.376312,0.286746,0.170814,0.0413521
7941,0.381692,0.284626,0.165902,0.0420733
7942,0.381692,0.284626,0.165902,0.0420733
7943,0.377031,0.284951,0.168173,0.0421071
7944,0.377031,0.284951,0.168173,0.0421071
7945,0.386665,0.300933,0.175379,0.0410089
7946,0.386665,0.300933,0.175379,0.0410089
7947,0.373549,0.282817,0.170281,0.0403015
7948,0.365524,0.267698,0.165182,0.0396961
7949,0.365524,0.267698,0.165182,0.0396961
7950,0.372668,0.275102,0.164053,0.0407299
7951,0.371886,0.261849,0.158688,0.0408869
7952,0.368647,0.271663,0.162927,0.0414057
7953,0.366466,0.25869,0.157169,0.0408124
7954,0.367607,0.265545,0.158674,0.0422591
7955,0.367607,0.265545,0.158674,0.0422591
7956,0.367607,0.265545,0.158674,0.0422591
7957,0.357454,0.25602,0.15756,0.0401312
7958,0.368202,0.272227,0.163524,0.0414333
7959,0.368202,0.272227,0.163524,0.0414333
7960,0.36768,0.271775,0.165277,0.0415026
7961,0.365918,0.27168,0.163977,0.041649
7962,0.365918,0.27168,0.163977,0.041649
7963,0.365918,0.27168,0.163977,0.041649
7964,0.370879,0.273217,0.164935,0.0423255
7965,0.370879,0.273217,0.164935,0.0423255
7966,0.380118,0.290755,0.172062,0.0424618
7967,0.380118,0.290755,0.172062,0.0424618
7968,0.380118,0.290755,0.172062,0.0424618
7969,0.380118,0.290755,0.172062,0.0424618
7970,0.382027,0.305513,0.181392,0.0421677
7971,0.381725,0.300616,0.176232,0.0419808
7972,0.381725,0.300616,0.176232,0.0419808
7973,0.385567,0.296795,0.17145,0.0434598
7974,0.385567,0.296795,0.17145,0.0434598
7975,0.381153,0.2979,0.172864,0.0443787
7976,0.381153,0.2979,0.172864,0.0443787
7977,0.381153,0.2979,0.172864,0.0443787
7978,0.380826,0.290728,0.16936,0.0442015
7979,0.379302,0.29301,0.170139,0.0439695
7980,0.379302,0.29301,0.170139,0.0439695
7981,0.382616,0.300539,0.172555,0.0445311
7982,0.380597,0.300944,0.174831,0.0434094
7983,0.376821,0.299378,0.175259,0.0426567
7984,0.394992,0.316188,0.177232,0.0458532
7985,0.399991,0.316308,0.176242,0.0457301
7986,0.426564,0.34168,0.181701,0.0481501
7987,0.426564,0.34168,0.181701,0.0481501
7988,0.426564,0.34168,0.181701,0.0481501
7989,0.426564,0.34168,0.181701,0.0481501
7990,0.426564,0.34168,0.181701,0.0481501
7991,0.423795,0.335026,0.17867,0.047773
7992,0.423795,0.335026,0.17867,0.047773
7993,0.423795,0.335026,0.17867,0.047773
7994,0.423795,0.335026,0.17867,0.047773
7995,0.423795,0.335026,0.17867,0.047773
7996,0.449902,0.366538,0.186234,0.0500394
7997,0.449902,0.366538,0.186234,0.0500394
7998,0.449902,0.366538,0.186234,0.0500394
7999,0.449902,0.366538,0.186234,0.0500394
8000,0.437854,0.361859,0.18774,0.0487957
8001,0.451004,0.375984,0.19047,0.0497557
8002,0.440863,0.352964,0.180015,0.0494235
8003,0.424081,0.341794,0.183338,0.0475934
8004,0.442271,0.358384,0.186446,0.0492254
8005,0.44258,0.366592,0.189311,0.0489788
8006,0.424233,0.341312,0.18274,0.0473386
8007,0.444498,0.356096,0.183547,0.0494299
8008,0.440625,0.365329,0.188521,0.0487022
8009,0.44273,0.365165,0.189335,0.0489711
8010,0.454167,0.365635,0.182554,0.050925
8011,0.457647,0.372923,0.185459,0.0507414
8012,0.4396,0.356912,0.184587,0.0472122
8013,0.433725,0.339367,0.179819,0.0474732
8014,0.436092,0.348634,0.182746,0.04743
8015,0.436092,0.348634,0.182746,0.04743
8016,0.413313,0.318666,0.173912,0.0449677
8017,0.42705,0.332071,0.175413,0.0472618
8018,0.42705,0.332071,0.175413,0.0472618
8019,0.424688,0.332695,0.176588,0.0474603
8020,0.419618,0.32886,0.175494,0.0473627
8021,0.415357,0.326866,0.17469,0.0465004
8022,0.415357,0.326866,0.17469,0.0465004
8023,0.414429,0.321681,0.175075,0.0471283
8024,0.412654,0.32358,0.175724,0.0475252
8025,0.43299,0.346395,0.180641,0.0500395
8026,0.437807,0.357721,0.185523,0.0497884
8027,0.463667,0.377599,0.189181,0.0534174
8028,0.447563,0.357109,0.178821,0.0517102
8029,0.461214,0.377384,0.187244,0.0530185
8030,0.461048,0.383418,0.192146,0.0519006
8031,0.449347,0.373873,0.190153,0.051041
8032,0.430696,0.359291,0.188349,0.0486395
8033,0.430696,0.359291,0.188349,0.0486395
8034,0.411849,0.327914,0.181527,0.0467856
8035,0.421816,0.343378,0.184069,0.0480543
8036,0.403559,0.328161,0.180639,0.0463536
8037,0.403559,0.328161,0.180639,0.0463536
8038,0.39996,0.320382,0.176489,0.0465105
8039,0.414959,0.344577,0.186009,0.0484583
8040,0.421032,0.334802,0.180249,0.0489201
8041,0.432472,0.357938,0.185203,0.0501985
8042,0.432472,0.357938,0.185203,0.0501985
8043,0.440697,0.346135,0.177211,0.0511364
8044,0.430221,0.353569,0.185542,0.049332
8045,0.419578,0.360701,0.192574,0.0479343
8046,0.419578,0.360701,0.192574,0.0479343
8047,0.428253,0.370475,0.194371,0.0487347
8048,0.411043,0.35159,0.193075,0.0471112
8049,0.4251,0.356813,0.189096,0.0489646
8050,0.434625,0.376027,0.195812,0.0501439
8051,0.430799,0.379027,0.198878,0.0496057
8052,0.437038,0.372551,0.192438,0.0503844
8053,0.4303,0.356154,0.184846,0.0502518
8054,0.449659,0.38621,0.197397,0.0515262
8055,0.452072,0.382341,0.193585,0.0521722
8056,0.42648,0.364616,0.190923,0.0492173
8057,0.417179,0.356738,0.192867,0.048506
8058,0.417179,0.356738,0.192867,0.048506
8059,0.41194,0.372648,0.203946,0.0475032
8060,0.410605,0.357045,0.195018,0.0476283
8061,0.400337,0.346192,0.193594,0.0468042
8062,0.400337,0.346192,0.193594,0.0468042
8063,0.383278,0.335243,0.193792,0.0437993
8064,0.382802,0.338145,0.19555,0.0442375
8065,0.382802,0.338145,0.19555,0.0442375
8066,0.392268,0.333076,0.190179,0.0456233
8067,0.397968,0.356308,0.199133,0.045453
8068,0.399812,0.353889,0.198492,0.0453848
8069,0.382441,0.346664,0.199197,0.0435042
8070,0.390456,0.34965,0.199103,0.0439157
8071,0.390456,0.34965,0.199103,0.0439157
8072,0.389071,0.342982,0.194973,0.0443493
8073,0.413483,0.370838,0.203394,0.0471801
8074,0.425553,0.392531,0.208254,0.049192
8075,0.444317,0.412432,0.212647,0.0508091
8076,0.444317,0.412432,0.212647,0.0508091
8077,0.444317,0.412432,0.212647,0.0508091
8078,0.44554,0.418412,0.213978,0.0509281
8079,0.457318,0.4346,0.218716,0.0520827
8080,0.447729,0.413162,0.210716,0.0506332
8081,0.447729,0.413162,0.210716,0.0506332
8082,0.450752,0.415708,0.211153,0.0505667
8083,0.443703,0.389905,0.198429,0.0506596
8084,0.429593,0.381682,0.201371,0.0489924
8085,0.425222,0.387153,0.206013,0.0490424
8086,0.425222,0.387153,0.206013,0.0490424
8087,0.425222,0.387153,0.206013,0.0490424
8088,0.419541,0.370962,0.201121,0.0484122
8089,0.419541,0.370962,0.201121,0.0484122
8090,0.419541,0.370962,0.201121,0.0484122
8091,0.409735,0.364476,0.198052,0.0465649
8092,0.397319,0.352965,0.199664,0.0449669
8093,0.397319,0.352965,0.199664,0.0449669
8094,0.402456,0.351147,0.195171,0.0462205
8095,0.402456,0.351147,0.195171,0.0462205
8096,0.402456,0.351147,0.195171,0.0462205
8097,0.39418,0.361122,0.205824,0.0444057
8098,0.39418,0.361122,0.205824,0.0444057
8099,0.39418,0.361122,0.205824,0.0444057
8100,0.394253,0.356123,0.203984,0.044256
8101,0.394253,0.356123,0.203984,0.044256
8102,0.394253,0.356123,0.203984,0.044256
8103,0.394253,0.356123,0.203984,0.044256
8104,0.402904,0.361138,0.202934,0.0451258
8105,0.401089,0.365831,0.204592,0.046022
8106,0.402168,0.369272,0.207039,0.0459187
8107,0.396994,0.362285,0.204317,0.0457932
8108,0.392363,0.355392,0.202623,0.0446263
8109,0.407311,0.369235,0.203471,0.0465193
8110,0.422857,0.377463,0.202292,0.0487798
8111,0.426009,0.378268,0.198874,0.04884
8112,0.42392,0.377696,0.200752,0.048221
8113,0.42392,0.377696,0.200752,0.048221
8114,0.396432,0.357325,0.203654,0.0445269
8115,0.412173,0.368991,0.202503,0.0460299
8116,0.401981,0.353701,0.199041,0.0451047
8117,0.379826,0.33047,0.195612,0.0423385
8118,0.379826,0.33047,0.195612,0.0423385
8119,0.381239,0.32454,0.191202,0.0416902
8120,0.373187,0.30997,0.185323,0.0413172
8121,0.369914,0.312648,0.189156,0.0402953
8122,0.369914,0.312648,0.189156,0.0402953
8123,0.367121,0.304403,0.186608,0.0400652
8124,0.369955,0.324872,0.196313,0.0406049
8125,0.369955,0.324872,0.196313,0.0406049
8126,0.385442,0.337983,0.195083,0.0429453
8127,0.376734,0.330287,0.19533,0.0423372
8128,0.380776,0.329102,0.19065,0.0436261
8129,0.392046,0.336165,0.191659,0.044386
8130,0.403026,0.345676,0.19223,0.0455578
8131,0.388024,0.328303,0.189692,0.0442924
8132,0.395814,0.323824,0.183016,0.0455596
8133,0.410519,0.342392,0.186238,0.0481049
8134,0.42498,0.344362,0.183319,0.0501757
8135,0.416344,0.341195,0.185505,0.0484482
8136,0.416391,0.336759,0.181155,0.0489744
8137,0.416391,0.336759,0.181155,0.0489744
8138,0.438138,0.338705,0.176554,0.0523198
8139,0.425242,0.330887,0.174622,0.0501135
8140,0.426435,0.327511,0.173057,0.0508246
8141,0.395378,0.304756,0.171384,0.0468678
8142,0.39869,0.313125,0.173681,0.0470949
8143,0.401661,0.309624,0.170518,0.0477776
8144,0.401661,0.309624,0.170518,0.0477776
8145,0.401661,0.309624,0.170518,0.0477776
8146,0.401661,0.309624,0.170518,0.0477776
8147,0.408436,0.317457,0.17437,0.0485335
8148,0.402752,0.322992,0.180771,0.0467188
8149,0.399964,0.323276,0.179692,0.0464444
8150,0.399964,0.323276,0.179692,0.0464444
8151,0.39117,0.320661,0.181536,0.0453367
8152,0.407152,0.325948,0.176825,0.0476262
8153,0.410112,0.346919,0.186637,0.0476937
8154,0.42645,0.345008,0.182452,0.0500714
8155,0.42645,0.345008,0.182452,0.0500714
8156,0.42645,0.345008,0.182452,0.0500714
8157,0.454608,0.373497,0.188127,0.053188
8158,0.448185,0.372878,0.18948,0.0523368
8159,0.440957,0.359302,0.183483,0.0515539
8160,0.442997,0.363565,0.183005,0.0508107
8161,0.429491,0.341234,0.178785,0.0491683
8162,0.423585,0.328177,0.174372,0.0491159
8163,0.427701,0.325816,0.171748,0.0494484
8164,0.404044,0.309736,0.171363,0.0463656
8165,0.400704,0.310384,0.171881,0.0461474
8166,0.420774,0.337115,0.182169,0.0488314
8167,0.404237,0.326623,0.179083,0.0469994
8168,0.404237,0.326623,0.179083,0.0469994
8169,0.413216,0.335262,0.181434,0.0480893
8170,0.428626,0.350556,0.183155,0.0498667
8171,0.428626,0.350556,0.183155,0.0498667
8172,0.428626,0.350556,0.183155,0.0498667
8173,0.438987,0.364303,0.185309,0.0499431
8174,0.434933,0.361391,0.188254,0.0498672
8175,0.446669,0.35679,0.182084,0.0518718
8176,0.446669,0.35679,0.182084,0.0518718
8177,0.424811,0.348815,0.184997,0.0493764
8178,0.427759,0.348908,0.187351,0.0489429
8179,0.431102,0.361496,0.188662,0.0482407
8180,0.433301,0.360541,0.189562,0.0476754
8181,0.399905,0.329918,0.184681,0.0450659
8182,0.42214,0.357711,0.195025,0.0476249
8183,0.411997,0.35873,0.19625,0.0456907
8184,0.417108,0.345251,0.187622,0.046297
8185,0.411269,0.341454,0.187807,0.0463156
8186,0.411269,0.341454,0.187807,0.0463156
8187,0.411704,0.344125,0.187851,0.0464419
8188,0.402802,0.336791,0.187735,0.045378
8189,0.413687,0.351654,0.192155,0.0464567
8190,0.429731,0.365795,0.194635,0.0482067
8191,0.436891,0.359453,0.18984,0.0485443
8192,0.430727,0.342843,0.179357,0.0490142
8193,0.433461,0.347716,0.183609,0.0488536
8194,0.460052,0.362133,0.180378,0.0518004
8195,0.474972,0.388317,0.189023,0.0534476
8196,0.47911,0.379377,0.183116,0.053878
8197,0.488381,0.401567,0.189857,0.0552017
8198,0.506165,0.403855,0.188578,0.0582036
8199,0.506165,0.403855,0.188578,0.0582036
8200,0.508402,0.404867,0.186597,0.05822
8201,0.48434,0.388927,0.185988,0.0555861
8202,0.48434,0.388927,0.185988,0.0555861
8203,0.473764,0.381368,0.18543,0.0536124
8204,0.473764,0.381368,0.18543,0.0536124
8205,0.473764,0.381368,0.18543,0.0536124
8206,0.470124,0.368349,0.181886,0.0532748
8207,0.470124,0.368349,0.181886,0.0532748
8208,0.462601,0.371212,0.183865,0.0528778
8209,0.432278,0.345737,0.180853,0.0498661
8210,0.411333,0.331399,0.180966,0.0468333
8211,0.420305,0.353104,0.188312,0.0476123
8212,0.420305,0.353104,0.188312,0.0476123
8213,0.41059,0.343693,0.188267,0.0461901
8214,0.426113,0.36777,0.195024,0.0477637
8215,0.434179,0.370915,0.194867,0.048358
8216,0.429267,0.364122,0.190963,0.0485318
8217,0.422407,0.353698,0.191799,0.0475402
8218,0.428732,0.362012,0.194375,0.0485569
8219,0.428732,0.362012,0.194375,0.0485569
8220,0.441083,0.387575,0.200847,0.0493863
8221,0.441083,0.387575,0.200847,0.0493863
8222,0.441083,0.387575,0.200847,0.0493863
8223,0.431923,0.373709,0.195941,0.0480817
8224,0.431923,0.373709,0.195941,0.0480817
8225,0.436574,0.379107,0.200113,0.0479062
8226,0.436574,0.379107,0.200113,0.0479062
8227,0.434377,0.384997,0.201271,0.0481765
8228,0.43492,0.380012,0.199491,0.0493306
8229,0.420606,0.358752,0.191995,0.0479939
8230,0.420606,0.358752,0.191995,0.0479939
8231,0.420606,0.358752,0.191995,0.0479939
8232,0.417478,0.362461,0.195463,0.048081
8233,0.426085,0.367441,0.19787,0.049273
8234,0.435661,0.371276,0.194136,0.0508856
8235,0.425264,0.354801,0.188251,0.0499595
8236,0.42962,0.371382,0.19725,0.0495885
8237,0.42962,0.371382,0.19725,0.0495885
8238,0.411427,0.351006,0.193346,0.0477405
8239,0.408527,0.35201,0.195092,0.0475781
8240,0.408527,0.35201,0.195092,0.0475781
8241,0.408527,0.35201,0.195092,0.0475781
8242,0.387816,0.334386,0.191094,0.0440042
8243,0.389679,0.337684,0.192822,0.0436439
8244,0.395255,0.355407,0.202319,0.0440171
8245,0.409754,0.377432,0.205745,0.0466951
8246,0.390426,0.350074,0.199172,0.0440546
8247,0.399465,0.370404,0.206345,0.0451721
8248,0.40278,0.385172,0.213338,0.0457414
8249,0.395689,0.371933,0.210608,0.0449658
8250,0.412059,0.375275,0.206352,0.0469688
8251,0.412059,0.375275,0.206352,0.0469688
8252,0.40019,0.367689,0.204565,0.0462312
8253,0.424817,0.389281,0.209111,0.0485279
8254,0.424817,0.389281,0.209111,0.0485279
8255,0.458688,0.412427,0.209673,0.0529439
8256,0.431817,0.384873,0.200069,0.0498972
8257,0.462267,0.399687,0.198458,0.0536437
8258,0.454956,0.391527,0.196236,0.0527801
8259,0.440942,0.363048,0.190472,0.0517329
8260,0.42581,0.359,0.190022,0.0493681
8261,0.440546,0.360191,0.186454,0.0510568
8262,0.440546,0.360191,0.186454,0.0510568
8263,0.43855,0.366636,0.190554,0.050938
8264,0.43855,0.366636,0.190554,0.050938
8265,0.460118,0.377792,0.189932,0.0535344
8266,0.459705,0.377009,0.19091,0.0540405
8267,0.457518,0.37798,0.191041,0.0534462
8268,0.448328,0.387642,0.197514,0.0519208
8269,0.448328,0.387642,0.197514,0.0519208
8270,0.470307,0.402737,0.197472,0.0543125
8271,0.442825,0.373701,0.193638,0.051191
8272,0.441672,0.378125,0.193755,0.0502153
8273,0.441672,0.378125,0.193755,0.0502153
8274,0.441672,0.378125,0.193755,0.0502153
8275,0.441672,0.378125,0.193755,0.0502153
8276,0.408483,0.354551,0.193686,0.0466294
8277,0.408483,0.354551,0.193686,0.0466294
8278,0.419525,0.354447,0.190701,0.0474916
8279,0.420463,0.36351,0.198539,0.0471844
8280,0.419518,0.363725,0.198139,0.0466889
8281,0.422209,0.351577,0.189013,0.0468252
8282,0.412728,0.350014,0.190582,0.0462307
8283,0.416925,0.354918,0.190049,0.0462796
8284,0.431015,0.352434,0.181622,0.0491784
8285,0.450267,0.372392,0.187159,0.0505695
8286,0.450267,0.372392,0.187159,0.0505695
8287,0.449146,0.382568,0.192298,0.0504634
8288,0.441829,0.368089,0.188849,0.0498967
8289,0.441829,0.368089,0.188849,0.0498967
8290,0.432015,0.363328,0.191062,0.0489119
8291,0.41724,0.355319,0.191618,0.0467923
8292,0.414313,0.359737,0.197066,0.0454865
8293,0.416625,0.361423,0.196916,0.0459868
8294,0.416761,0.361609,0.195466,0.0463034
8295,0.423533,0.360736,0.192054,0.0478095
8296,0.432042,0.374128,0.195686,0.0487561
8297,0.443011,0.381778,0.196872,0.0503861
8298,0.443011,0.381778,0.196872,0.0503861
8299,0.44554,0.384596,0.196697,0.0501633
8300,0.427952,0.375593,0.201381,0.0479572
8301,0.427952,0.375593,0.201381,0.0479572
8302,0.427952,0.375593,0.201381,0.0479572
8303,0.428028,0.385434,0.205208,0.0483962
8304,0.446809,0.390206,0.198286,0.0507656
8305,0.445977,0.390888,0.200729,0.0506089
8306,0.469641,0.405734,0.198634,0.0535266
8307,0.476969,0.417947,0.202382,0.0544076
8308,0.481332,0.432651,0.208375,0.0545546
8309,0.481332,0.432651,0.208375,0.0545546
8310,0.464173,0.414662,0.204858,0.0517628
8311,0.477699,0.41422,0.200913,0.0530016
8312,0.477699,0.41422,0.200913,0.0530016
8313,0.44944,0.389688,0.199179,0.0496466
8314,0.44944,0.389688,0.199179,0.0496466
8315,0.477322,0.422611,0.204105,0.0533796
8316,0.436521,0.381563,0.196792,0.0491507
8317,0.440025,0.37645,0.194145,0.0498537
8318,0.454067,0.392723,0.200444,0.051692
8319,0.454067,0.392723,0.200444,0.051692
8320,0.453339,0.405181,0.207007,0.0504732
8321,0.451235,0.39606,0.200268,0.0509997
8322,0.451235,0.39606,0.200268,0.0509997
8323,0.458423,0.412723,0.204099,0.0510531
8324,0.458423,0.412723,0.204099,0.0510531
8325,0.461674,0.425671,0.21008,0.0510186
8326,0.463104,0.404033,0.202584,0.0505296
8327,0.475882,0.427618,0.210532,0.051277
8328,0.475882,0.427618,0.210532,0.051277
8329,0.475882,0.427618,0.210532,0.051277
8330,0.441867,0.383763,0.201931,0.0475121
8331,0.423391,0.355932,0.195071,0.0457139
8332,0.428577,0.352823,0.189309,0.0465488
8333,0.428577,0.352823,0.189309,0.0465488
8334,0.428577,0.352823,0.189309,0.0465488
8335,0.410737,0.335833,0.183363,0.045111
8336,0.415826,0.345147,0.188867,0.0453423
8337,0.426126,0.345575,0.183741,0.0462644
8338,0.432539,0.351822,0.186492,0.0471355
8339,0.444794,0.360413,0.185605,0.0488778
8340,0.444794,0.360413,0.185605,0.0488778
8341,0.450144,0.363958,0.184728,0.0494266
8342,0.469897,0.386528,0.190219,0.0511349
8343,0.469897,0.386528,0.190219,0.0511349
8344,0.465408,0.392024,0.193539,0.0499848
8345,0.478483,0.40423,0.194623,0.0512562
8346,0.478483,0.40423,0.194623,0.0512562
8347,0.448935,0.359209,0.181461,0.0491244
8348,0.437029,0.34767,0.181567,0.0486211
8349,0.437029,0.34767,0.181567,0.0486211
8350,0.437029,0.34767,0.181567,0.0486211
8351,0.430702,0.326453,0.169978,0.0484147
8352,0.461599,0.359308,0.177323,0.0512123
8353,0.444728,0.341413,0.174307,0.049543
8354,0.447294,0.344804,0.177185,0.0496035
8355,0.447294,0.344804,0.177185,0.0496035
8356,0.436123,0.33312,0.17169,0.0489599
8357,0.450509,0.354847,0.180169,0.0503641
8358,0.434036,0.33829,0.176272,0.0487263
8359,0.428948,0.335087,0.175443,0.047492
8360,0.40274,0.311823,0.175401,0.0444119
8361,0.404038,0.313405,0.175185,0.0446158
8362,0.416338,0.325848,0.176576,0.0458762
8363,0.416338,0.325848,0.176576,0.0458762
8364,0.416338,0.325848,0.176576,0.0458762
8365,0.409813,0.316174,0.173947,0.0449264
8366,0.409813,0.316174,0.173947,0.0449264
8367,0.392341,0.301454,0.171758,0.0439156
8368,0.403884,0.314586,0.17572,0.0445658
8369,0.403884,0.314586,0.17572,0.0445658
8370,0.426835,0.335085,0.177944,0.0475645
8371,0.407925,0.315909,0.17422,0.0452977
8372,0.420532,0.339774,0.181088,0.0474407
8373,0.420532,0.339774,0.181088,0.0474407
8374,0.433454,0.351566,0.182846,0.0493846
8375,0.441849,0.365424,0.187638,0.0498032
8376,0.439138,0.362381,0.186455,0.048637
8377,0.406622,0.316713,0.174436,0.0451684
8378,0.416263,0.323007,0.175874,0.0460942
8379,0.392343,0.307183,0.176718,0.0423993
8380,0.418166,0.324813,0.176185,0.0462624
8381,0.432134,0.337382,0.178204,0.0466868
8382,0.432134,0.337382,0.178204,0.0466868
8383,0.435605,0.32952,0.172442,0.0479122
8384,0.435605,0.32952,0.172442,0.0479122
8385,0.435605,0.32952,0.172442,0.0479122
8386,0.435605,0.32952,0.172442,0.0479122
8387,0.427473,0.325196,0.17065,0.0482376
8388,0.427473,0.325196,0.17065,0.0482376
8389,0.44163,0.349712,0.179398,0.05014
8390,0.444678,0.34653,0.176366,0.0501988
8391,0.457169,0.371811,0.185855,0.0506132
8392,0.457169,0.371811,0.185855,0.0506132
8393,0.454036,0.366702,0.185589,0.0498987
8394,0.454036,0.366702,0.185589,0.0498987
8395,0.4294,0.352674,0.186351,0.0482885
8396,0.434352,0.355736,0.184943,0.048159
8397,0.434352,0.355736,0.184943,0.048159
8398,0.442789,0.3657,0.188028,0.0493639
8399,0.448755,0.373287,0.188981,0.0493436
8400,0.448755,0.373287,0.188981,0.0493436
8401,0.443738,0.37482,0.193715,0.0489599
8402,0.442274,0.375905,0.194274,0.0488295
8403,0.423871,0.359024,0.192033,0.046685
8404,0.437174,0.37151,0.19223,0.0484099
8405,0.439773,0.378802,0.196187,0.0496014
8406,0.444281,0.370749,0.19127,0.0502801
8407,0.444281,0.370749,0.19127,0.0502801
8408,0.44717,0.395629,0.204874,0.0494865
8409,0.44717,0.395629,0.204874,0.0494865
8410,0.420852,0.352943,0.19093,0.0473867
8411,0.418387,0.34782,0.186369,0.0476899
8412,0.418387,0.34782,0.186369,0.0476899
8413,0.418387,0.34782,0.186369,0.0476899
8414,0.429101,0.36341,0.193283,0.0487972
8415,0.429101,0.36341,0.193283,0.0487972
8416,0.449783,0.395335,0.202476,0.0514482
8417,0.430653,0.364424,0.190675,0.0497794
8418,0.430653,0.364424,0.190675,0.0497794
8419,0.430653,0.364424,0.190675,0.0497794
8420,0.430653,0.364424,0.190675,0.0497794
8421,0.436401,0.355086,0.183791,0.0507588
8422,0.405481,0.328489,0.177694,0.0469662
8423,0.405481,0.328489,0.177694,0.0469662
8424,0.405481,0.328489,0.177694,0.0469662
8425,0.417834,0.343101,0.181985,0.0484578
8426,0.401953,0.342707,0.190143,0.0459576
8427,0.411851,0.339635,0.184928,0.046694
8428,0.403777,0.337151,0.188566,0.045147
8429,0.386983,0.319404,0.185968,0.0430296
8430,0.386983,0.319404,0.185968,0.0430296
8431,0.378261,0.315733,0.186855,0.041839
8432,0.39604,0.327784,0.185195,0.0440628
8433,0.39604,0.327784,0.185195,0.0440628
8434,0.385348,0.315337,0.184858,0.0423928
8435,0.401249,0.334533,0.189065,0.0448514
8436,0.39078,0.321356,0.185038,0.0439867
8437,0.407646,0.345057,0.19324,0.0449176
8438,0.398403,0.321791,0.180336,0.0439235
8439,0.398403,0.321791,0.180336,0.0439235
8440,0.398403,0.321791,0.180336,0.0439235
8441,0.398403,0.321791,0.180336,0.0439235
8442,0.447014,0.368138,0.187145,0.0500866
8443,0.435245,0.353309,0.185125,0.0482709
8444,0.439175,0.363009,0.187323,0.0491294
8445,0.460718,0.386422,0.192207,0.0510179
8446,0.443799,0.36369,0.186312,0.0495045
8447,0.472214,0.383026,0.184534,0.052953
8448,0.453097,0.370347,0.18575,0.0506517
8449,0.470192,0.37796,0.184475,0.0531118
8450,0.454656,0.36768,0.183564,0.0513394
8451,0.462589,0.367426,0.18483,0.0517031
8452,0.453749,0.378432,0.191657,0.0502612
8453,0.451388,0.366551,0.185883,0.0504051
8454,0.453118,0.372573,0.186118,0.0506069
8455,0.457061,0.382761,0.192571,0.0508646
8456,0.475376,0.39443,0.193025,0.0522567
8457,0.475376,0.39443,0.193025,0.0522567
8458,0.487949,0.409884,0.197156,0.0538896
8459,0.483999,0.405195,0.195834,0.0533934
8460,0.489381,0.416794,0.19702,0.0541108
8461,0.480208,0.417636,0.202514,0.0529948
8462,0.480208,0.417636,0.202514,0.0529948
8463,0.463137,0.397324,0.197433,0.0514909
8464,0.444142,0.370893,0.192192,0.0489486
8465,0.444142,0.370893,0.192192,0.0489486
8466,0.442387,0.364353,0.190983,0.0476128
8467,0.422065,0.341872,0.187347,0.0452821
8468,0.418454,0.335467,0.182672,0.0450033
8469,0.418454,0.335467,0.182672,0.0450033
8470,0.440487,0.36198,0.188481,0.047923
8471,0.414206,0.328205,0.176648,0.046054
8472,0.387305,0.293884,0.170137,0.0418986
8473,0.387305,0.293884,0.170137,0.0418986
8474,0.387305,0.293884,0.170137,0.0418986
8475,0.387305,0.293884,0.170137,0.0418986
8476,0.402788,0.317171,0.177375,0.0438054
8477,0.390264,0.297583,0.172263,0.0426317
8478,0.382609,0.296633,0.172902,0.042178
8479,0.37256,0.287657,0.171843,0.0404486
8480,0.387949,0.294824,0.17335,0.0411647
8481,0.383673,0.300883,0.178147,0.0417047
8482,0.382446,0.298658,0.172439,0.0419065
8483,0.385456,0.295704,0.173101,0.0413567
8484,0.385456,0.295704,0.173101,0.0413567
8485,0.385456,0.295704,0.173101,0.0413567
8486,0.385456,0.295704,0.173101,0.0413567
8487,0.414418,0.319748,0.176494,0.0448838
8488,0.414418,0.319748,0.176494,0.0448838
8489,0.404108,0.302635,0.170995,0.0422428
8490,0.413543,0.304023,0.169094,0.0436011
8491,0.435399,0.328437,0.173064,0.0450889
8492,0.422976,0.320195,0.171577,0.0442434
8493,0.429311,0.318562,0.172194,0.0440606
8494,0.396248,0.292869,0.168902,0.0406551
8495,0.396248,0.292869,0.168902,0.0406551
8496,0.400845,0.302768,0.172346,0.042383
8497,0.388998,0.287132,0.167574,0.0412773
8498,0.392697,0.296339,0.168436,0.0425622
8499,0.412963,0.310489,0.17112,0.0444076
8500,0.397223,0.289652,0.166356,0.04343
8501,0.397223,0.289652,0.166356,0.04343
8502,0.387774,0.281443,0.163005,0.0419844
8503,0.36978,0.268598,0.162765,0.0408819
8504,0.36978,0.268598,0.162765,0.0408819
8505,0.36978,0.268598,0.162765,0.0408819
8506,0.36978,0.268598,0.162765,0.0408819
8507,0.389072,0.279135,0.162606,0.0423389
8508,0.389072,0.279135,0.162606,0.0423389
8509,0.383587,0.282247,0.16501,0.0423752
8510,0.383587,0.282247,0.16501,0.0423752
8511,0.376089,0.275944,0.164495,0.0402981
8512,0.355845,0.257107,0.163087,0.0388352
8513,0.363894,0.264684,0.164061,0.0399738
8514,0.384486,0.281742,0.166281,0.0417955
8515,0.382878,0.285523,0.170776,0.0401885
8516,0.382487,0.287196,0.171075,0.0408049
8517,0.393962,0.293,0.169202,0.0428585
8518,0.386168,0.284707,0.165762,0.0422661
8519,0.386168,0.284707,0.165762,0.0422661
8520,0.386168,0.284707,0.165762,0.0422661
8521,0.371891,0.262246,0.156929,0.0413186
8522,0.39557,0.293786,0.167261,0.0424913
8523,0.389295,0.285085,0.166272,0.0422777
8524,0.385944,0.279584,0.160255,0.0433874
8525,0.385944,0.279584,0.160255,0.0433874
8526,0.376614,0.274794,0.161269,0.0431723
8527,0.372569,0.277049,0.165698,0.0420022
8528,0.372569,0.277049,0.165698,0.0420022
8529,0.384428,0.28494,0.16591,0.0424087
8530,0.375858,0.27244,0.162924,0.0419543
8531,0.390761,0.286711,0.164019,0.0439695
8532,0.375282,0.263485,0.155019,0.0431094
8533,0.375282,0.263485,0.155019,0.0431094
8534,0.375282,0.263485,0.155019,0.0431094
8535,0.379108,0.269902,0.154926,0.0429631
8536,0.379108,0.269902,0.154926,0.0429631
8537,0.377963,0.257613,0.148992,0.0438412
8538,0.377963,0.257613,0.148992,0.0438412
8539,0.377963,0.257613,0.148992,0.0438412
8540,0.378837,0.277597,0.163287,0.0431289
8541,0.375696,0.271968,0.16112,0.0425663
8542,0.376354,0.275205,0.160116,0.0431814
8543,0.377751,0.277533,0.160961,0.0439888
8544,0.374921,0.270826,0.156862,0.0439459
8545,0.374921,0.270826,0.156862,0.0439459
8546,0.356509,0.263496,0.160145,0.0414706
8547,0.355729,0.255524,0.156606,0.04072
8548,0.364186,0.269291,0.164987,0.0402404
8549,0.379491,0.279176,0.161772,0.0422905
8550,0.400289,0.292538,0.162632,0.044483
8551,0.400289,0.292538,0.162632,0.044483
8552,0.400289,0.292538,0.162632,0.044483
8553,0.395071,0.296127,0.167839,0.0437529
8554,0.393162,0.287404,0.165502,0.0422969
8555,0.426454,0.326098,0.172189,0.0462991
8556,0.433345,0.335436,0.177682,0.046823
8557,0.433203,0.333592,0.173289,0.0477148
8558,0.447155,0.347066,0.178072,0.0485342
8559,0.423418,0.315023,0.168289,0.0466918
8560,0.42836,0.324889,0.17178,0.0474229
8561,0.42836,0.324889,0.17178,0.0474229
8562,0.429804,0.333013,0.177772,0.0456004
8563,0.481788,0.383841,0.186904,0.0513935
8564,0.459351,0.354925,0.178575,0.0495826
8565,0.459351,0.354925,0.178575,0.0495826
8566,0.448158,0.342195,0.175123,0.0484281
8567,0.446056,0.355808,0.182377,0.0487986
8568,0.445825,0.335662,0.17286,0.0483795
8569,0.426215,0.32988,0.174026,0.0469592
8570,0.418162,0.332119,0.178824,0.0462145
8571,0.437977,0.341622,0.17576,0.049715
8572,0.427345,0.331211,0.173884,0.049161
8573,0.410048,0.317887,0.172168,0.0467201
8574,0.413508,0.322562,0.17682,0.0466298
8575,0.413508,0.322562,0.17682,0.0466298
8576,0.413508,0.322562,0.17682,0.0466298
8577,0.413508,0.322562,0.17682,0.0466298
8578,0.398246,0.310306,0.175196,0.0448264
8579,0.398246,0.310306,0.175196,0.0448264
8580,0.4057,0.316278,0.173287,0.0452993
8581,0.40835,0.317279,0.172812,0.0458451
8582,0.43504,0.333802,0.173227,0.0499458
8583,0.43504,0.333802,0.173227,0.0499458
8584,0.416689,0.335515,0.179181,0.0482321
8585,0.393943,0.314115,0.176801,0.0457131
8586,0.378205,0.302386,0.175737,0.0435371
8587,0.37411,0.303126,0.179235,0.0427328
8588,0.376495,0.30095,0.177819,0.0425507
8589,0.382455,0.307823,0.179987,0.0435855
8590,0.382455,0.307823,0.179987,0.0435855
8591,0.389022,0.318714,0.183193,0.0435348
8592,0.401219,0.333401,0.187521,0.0437722
8593,0.398364,0.328846,0.184126,0.0442758
8594,0.378881,0.303096,0.179486,0.0419878
8595,0.378681,0.308236,0.183931,0.0412489
8596,0.369765,0.30154,0.180124,0.0412993
8597,0.369765,0.30154,0.180124,0.0412993
8598,0.383134,0.307568,0.180027,0.0428235
8599,0.375369,0.295059,0.174839,0.0418051
8600,0.373978,0.301742,0.17942,0.0413979
8601,0.373978,0.301742,0.17942,0.0413979
8602,0.378337,0.299734,0.180601,0.0404796
8603,0.378337,0.299734,0.180601,0.0404796
8604,0.378337,0.299734,0.180601,0.0404796
8605,0.378337,0.299734,0.180601,0.0404796
8606,0.378337,0.299734,0.180601,0.0404796
8607,0.371333,0.297969,0.182155,0.0402912
8608,0.380284,0.309102,0.183362,0.0419159
8609,0.382524,0.3101,0.18233,0.0424792
8610,0.377525,0.291947,0.174154,0.0423085
8611,0.377525,0.291947,0.174154,0.0423085
8612,0.377525,0.291947,0.174154,0.0423085
8613,0.38274,0.295525,0.175397,0.0420328
8614,0.392382,0.318628,0.186315,0.0415605
8615,0.396797,0.313444,0.179003,0.0432085
8616,0.401858,0.327989,0.185298,0.0434707
8617,0.38218,0.302166,0.178628,0.0417884
8618,0.38218,0.302166,0.178628,0.0417884
8619,0.375847,0.294094,0.177189,0.0399627
8620,0.385496,0.309893,0.181968,0.0407715
8621,0.384879,0.306682,0.182187,0.0409811
8622,0.394655,0.312005,0.179921,0.0417941
8623,0.378505,0.299932,0.180875,0.0402239
8624,0.383497,0.297168,0.177146,0.0403724
8625,0.40637,0.321595,0.180388,0.0428649
8626,0.419537,0.336045,0.182075,0.0449101
8627,0.424835,0.344186,0.184507,0.0457481
8628,0.40707,0.323216,0.180789,0.0438186
8629,0.393244,0.310737,0.178795,0.043324
8630,0.398801,0.306292,0.17359,0.0441502
8631,0.398801,0.306292,0.17359,0.0441502
8632,0.432483,0.343194,0.180385,0.0478101
8633,0.418798,0.331996,0.178869,0.0467729
8634,0.410325,0.328291,0.17807,0.0451443
8635,0.410325,0.328291,0.17807,0.0451443
8636,0.410325,0.328291,0.17807,0.0451443
8637,0.4126,0.334797,0.181656,0.0450232
8638,0.421865,0.354896,0.193285,0.0447131
8639,0.421865,0.354896,0.193285,0.0447131
8640,0.400373,0.327491,0.187141,0.0427426
8641,0.39286,0.334833,0.193862,0.0421024
8642,0.402744,0.335639,0.191271,0.0433242
8643,0.402744,0.335639,0.191271,0.0433242
8644,0.395277,0.329265,0.191224,0.0421153
8645,0.395277,0.329265,0.191224,0.0421153
8646,0.37267,0.311306,0.18785,0.0410151
8647,0.37267,0.311306,0.18785,0.0410151
8648,0.37267,0.311306,0.18785,0.0410151
8649,0.37267,0.311306,0.18785,0.0410151
8650,0.383648,0.327242,0.18932,0.0425364
8651,0.383648,0.327242,0.18932,0.0425364
8652,0.383648,0.327242,0.18932,0.0425364
8653,0.380881,0.326122,0.190698,0.0433144
8654,0.380881,0.326122,0.190698,0.0433144
8655,0.396277,0.330916,0.184062,0.0453459
8656,0.396277,0.330916,0.184062,0.0453459
8657,0.396277,0.330916,0.184062,0.0453459
8658,0.396277,0.330916,0.184062,0.0453459
8659,0.396277,0.330916,0.184062,0.0453459
8660,0.401608,0.325488,0.180804,0.045997
8661,0.401608,0.325488,0.180804,0.045997
8662,0.407587,0.32777,0.178885,0.0469039
8663,0.407587,0.32777,0.178885,0.0469039
8664,0.414333,0.35284,0.189925,0.0470749
8665,0.436295,0.367085,0.191272,0.0491459
8666,0.433932,0.370951,0.194049,0.0489838
8667,0.433932,0.370951,0.194049,0.0489838
8668,0.395971,0.33526,0.189175,0.0444365
8669,0.399103,0.333066,0.186365,0.0451943
8670,0.393946,0.320611,0.180817,0.0453928
8671,0.400809,0.3201,0.177099,0.0470748
8672,0.408264,0.339664,0.187054,0.047581
8673,0.432472,0.366822,0.190774,0.0504136
8674,0.410842,0.333323,0.181479,0.047479
8675,0.427137,0.355249,0.187436,0.0497445
8676,0.427354,0.344817,0.181757,0.0496435
8677,0.412599,0.332916,0.179589,0.0480874
8678,0.419528,0.349759,0.187761,0.0481005
8679,0.418112,0.346673,0.185522,0.0487574
8680,0.42007,0.355023,0.188357,0.0475735
8681,0.42222,0.359896,0.190894,0.0483782
8682,0.417349,0.34427,0.186886,0.0479989
8683,0.426537,0.35825,0.191502,0.0489862
8684,0.4226,0.354514,0.187426,0.0485034
8685,0.459897,0.403019,0.199186,0.052136
8686,0.441725,0.382878,0.199377,0.0494228
8687,0.446634,0.377428,0.192992,0.0489915
8688,0.446634,0.377428,0.192992,0.0489915
8689,0.449097,0.388808,0.197666,0.0498457
8690,0.449097,0.388808,0.197666,0.0498457
8691,0.440138,0.369474,0.187024,0.0497303
8692,0.440138,0.369474,0.187024,0.0497303
8693,0.442859,0.367819,0.187999,0.0493676
8694,0.434812,0.362398,0.187956,0.0491735
8695,0.434812,0.362398,0.187956,0.0491735
8696,0.443111,0.374203,0.192924,0.0501628
8697,0.431506,0.371295,0.196976,0.0476399
8698,0.416199,0.359145,0.195785,0.0455724
8699,0.424314,0.364622,0.19532,0.0467288
8700,0.424314,0.364622,0.19532,0.0467288
8701,0.420359,0.367237,0.198339,0.0467289
8702,0.408721,0.365383,0.202375,0.0458332
8703,0.408721,0.365383,0.202375,0.0458332
8704,0.408721,0.365383,0.202375,0.0458332
8705,0.408721,0.365383,0.202375,0.0458332
8706,0.408721,0.365383,0.202375,0.0458332
8707,0.38726,0.338767,0.195251,0.0439732
8708,0.39641,0.35441,0.200231,0.0453626
8709,0.416091,0.37615,0.20683,0.0477195
8710,0.424186,0.384473,0.208326,0.0479476
8711,0.418733,0.379466,0.204846,0.0465295
8712,0.418733,0.379466,0.204846,0.0465295
8713,0.405648,0.361618,0.201405,0.0451291
8714,0.415734,0.37954,0.208292,0.0466524
8715,0.415734,0.37954,0.208292,0.0466524
8716,0.423252,0.381234,0.203066,0.048211
8717,0.439337,0.390527,0.203097,0.0503338
8718,0.439337,0.390527,0.203097,0.0503338
8719,0.439337,0.390527,0.203097,0.0503338
8720,0.427706,0.394181,0.210065,0.0489601
8721,0.427706,0.394181,0.210065,0.0489601
8722,0.445801,0.394638,0.202435,0.0507283
8723,0.445801,0.394638,0.202435,0.0507283
8724,0.443898,0.39816,0.205366,0.0508664
8725,0.472158,0.428706,0.20902,0.0537319
8726,0.475547,0.440856,0.216216,0.0539464
8727,0.466502,0.431768,0.213737,0.0529193
8728,0.466502,0.431768,0.213737,0.0529193
8729,0.477452,0.439022,0.211921,0.0539598
8730,0.452857,0.406067,0.20626,0.0514222
8731,0.452857,0.406067,0.20626,0.0514222
8732,0.452857,0.406067,0.20626,0.0514222
8733,0.42998,0.39203,0.208516,0.0487414
8734,0.429015,0.375973,0.197866,0.0492601
8735,0.440799,0.384741,0.199913,0.0507138
8736,0.435929,0.381834,0.199204,0.0508183
8737,0.482235,0.42044,0.202145,0.055948
8738,0.461474,0.409129,0.205093,0.0533653
8739,0.478417,0.416828,0.20342,0.0550412
8740,0.473085,0.416735,0.204865,0.0546354
8741,0.449188,0.399665,0.206738,0.0521734
8742,0.431908,0.375888,0.199687,0.0501037
8743,0.416978,0.373369,0.203491,0.0484418
8744,0.416978,0.373369,0.203491,0.0484418
8745,0.403757,0.371041,0.20709,0.0460976
8746,0.418554,0.376851,0.20249,0.0480795
8747,0.432757,0.385179,0.202892,0.0504185
8748,0.436382,0.393838,0.2061,0.0505162
8749,0.43625,0.401397,0.209159,0.0498076
8750,0.438465,0.407341,0.211103,0.0499697
8751,0.426194,0.402787,0.215324,0.0484436
8752,0.44781,0.425118,0.21878,0.0507095
8753,0.459048,0.439872,0.22147,0.0518324
8754,0.459048,0.439872,0.22147,0.0518324
8755,0.459048,0.439872,0.22147,0.0518324
8756,0.478771,0.46941,0.227792,0.0540232
8757,0.460778,0.441547,0.22167,0.0517012
8758,0.454545,0.433834,0.218235,0.0508203
8759,0.463043,0.462363,0.231002,0.0517489
8760,0.463043,0.462363,0.231002,0.0517489
8761,0.490065,0.481247,0.231797,0.0544121
8762,0.490065,0.481247,0.231797,0.0544121
8763,0.458204,0.439327,0.223362,0.0513037
8764,0.472107,0.457163,0.225867,0.0521158
8765,0.463083,0.45539,0.22658,0.0514466
8766,0.465423,0.448911,0.22202,0.0521679
8767,0.465423,0.448911,0.22202,0.0521679
8768,0.44968,0.423011,0.214784,0.050742
8769,0.441977,0.409628,0.211528,0.0498257
8770,0.429525,0.395493,0.207404,0.0483366
8771,0.434067,0.391553,0.205834,0.0497419
8772,0.440543,0.411548,0.214433,0.0504332
8773,0.423403,0.39363,0.210324,0.0488264
8774,0.419022,0.389164,0.210958,0.0478409
8775,0.404664,0.392811,0.218545,0.0463147
8776,0.404455,0.37508,0.205737,0.0464365
8777,0.413683,0.388723,0.209582,0.0480167
8778,0.413683,0.388723,0.209582,0.0480167
8779,0.413683,0.388723,0.209582,0.0480167
8780,0.404678,0.35962,0.198586,0.0472425
8781,0.403446,0.368895,0.203581,0.0462918
8782,0.395266,0.342989,0.191751,0.0460637
8783,0.403204,0.35326,0.195794,0.0462947
8784,0.404887,0.35139,0.195793,0.0460049
8785,0.399609,0.352266,0.196643,0.044775
8786,0.394085,0.344916,0.194771,0.0440898
8787,0.399619,0.343004,0.190513,0.0443502
8788,0.399765,0.345639,0.19563,0.0442728
8789,0.404351,0.35089,0.195864,0.0457648
8790,0.402333,0.346171,0.19296,0.0460156
8791,0.413653,0.352823,0.194006,0.0464313
8792,0.413653,0.352823,0.194006,0.0464313
8793,0.405672,0.351838,0.196458,0.0457796
8794,0.411099,0.348868,0.191239,0.0460365
8795,0.411099,0.348868,0.191239,0.0460365
8796,0.405832,0.354092,0.19573,0.0452393
8797,0.394017,0.336877,0.193062,0.0435469
8798,0.394017,0.336877,0.193062,0.0435469
8799,0.394017,0.336877,0.193062,0.0435469
8800,0.394017,0.336877,0.193062,0.0435469
8801,0.44355,0.379266,0.194708,0.049758
8802,0.442103,0.388759,0.198271,0.0494482
8803,0.426808,0.36674,0.194838,0.0486112
8804,0.413887,0.35576,0.193416,0.0476089
8805,0.413887,0.35576,0.193416,0.0476089
8806,0.433133,0.358687,0.186045,0.049719
8807,0.433133,0.358687,0.186045,0.049719
8808,0.416059,0.344147,0.184324,0.0473243
8809,0.447794,0.366596,0.185605,0.0514332
8810,0.447794,0.366596,0.185605,0.0514332
8811,0.460552,0.381909,0.190052,0.0529228
8812,0.426376,0.337146,0.179316,0.0494095
8813,0.426376,0.337146,0.179316,0.0494095
8814,0.45537,0.377735,0.192299,0.051894
8815,0.451662,0.376626,0.192006,0.0501444
8816,0.43066,0.359378,0.188976,0.0479891
8817,0.447638,0.372238,0.190081,0.0495394
8818,0.447638,0.372238,0.190081,0.0495394
8819,0.461499,0.377782,0.187765,0.0506186
8820,0.4434,0.365185,0.186576,0.0492017
8821,0.428721,0.347017,0.181953,0.0476993
8822,0.435763,0.351475,0.182341,0.0480046
8823,0.448439,0.367334,0.18468,0.0502307
8824,0.448439,0.367334,0.18468,0.0502307
8825,0.448439,0.367334,0.18468,0.0502307
8826,0.423502,0.343863,0.182197,0.0479769
8827,0.423502,0.343863,0.182197,0.0479769
8828,0.423502,0.343863,0.182197,0.0479769
8829,0.41155,0.328578,0.178877,0.0461875
8830,0.417786,0.331934,0.176047,0.0473539
8831,0.422812,0.323567,0.171286,0.0484647
8832,0.422812,0.323567,0.171286,0.0484647
8833,0.404614,0.316452,0.174326,0.0465512
8834,0.41507,0.319893,0.171433,0.0470303
8835,0.420149,0.327588,0.173846,0.0476579
8836,0.420149,0.327588,0.173846,0.0476579
8837,0.393489,0.292761,0.166631,0.0452425
8838,0.393489,0.292761,0.166631,0.0452425
8839,0.405266,0.312108,0.170182,0.0459358
8840,0.405266,0.312108,0.170182,0.0459358
8841,0.396404,0.304657,0.170369,0.0449803
8842,0.375451,0.274892,0.161835,0.0428656
8843,0.373564,0.274133,0.162539,0.043168
8844,0.373607,0.276906,0.161851,0.0440121
8845,0.373607,0.276906,0.161851,0.0440121
8846,0.381491,0.284818,0.166011,0.0442449
8847,0.39787,0.297691,0.164966,0.046314
8848,0.39787,0.297691,0.164966,0.046314
8849,0.410148,0.305297,0.166773,0.0474323
8850,0.410148,0.305297,0.166773,0.0474323
8851,0.408524,0.304286,0.167192,0.0471076
8852,0.424133,0.316567,0.167557,0.0495326
8853,0.418271,0.303597,0.161656,0.0487367
8854,0.407775,0.291813,0.160112,0.0475759
8855,0.407775,0.291813,0.160112,0.0475759
8856,0.412759,0.280604,0.152312,0.0492201
8857,0.401493,0.28194,0.155946,0.0474656
8858,0.374481,0.254248,0.147535,0.044566
8859,0.390704,0.27476,0.153169,0.0462668
8860,0.38335,0.277118,0.15773,0.0445768
8861,0.38335,0.277118,0.15773,0.0445768
8862,0.403697,0.287588,0.1601,0.0465616
8863,0.389138,0.273651,0.155818,0.0457498
8864,0.360764,0.257313,0.157321,0.0427695
8865,0.360764,0.257313,0.157321,0.0427695
8866,0.360764,0.257313,0.157321,0.0427695
8867,0.382375,0.273876,0.157161,0.0462491
8868,0.391964,0.277414,0.15606,0.0473057
8869,0.382684,0.263037,0.149852,0.0461449
8870,0.395479,0.271612,0.150026,0.0472604
8871,0.391209,0.269746,0.151318,0.046034
8872,0.389147,0.271538,0.153509,0.045339
8873,0.368462,0.258547,0.153769,0.0422451
8874,0.368462,0.258547,0.153769,0.0422451
8875,0.372597,0.258755,0.152508,0.0421738
8876,0.381727,0.265817,0.152083,0.044511
8877,0.388653,0.265471,0.150425,0.0451146
8878,0.406849,0.284957,0.154092,0.0468949
8879,0.401109,0.280874,0.153366,0.0455427
8880,0.38557,0.269591,0.153882,0.0440032
8881,0.38557,0.269591,0.153882,0.0440032
8882,0.38557,0.269591,0.153882,0.0440032
8883,0.38557,0.269591,0.153882,0.0440032
8884,0.38557,0.269591,0.153882,0.0440032
8885,0.38557,0.269591,0.153882,0.0440032
8886,0.396229,0.289892,0.164513,0.0434916
8887,0.395742,0.284028,0.160592,0.0431586
8888,0.422868,0.311264,0.163436,0.0452179
8889,0.426915,0.313147,0.168214,0.0441614
8890,0.426915,0.313147,0.168214,0.0441614
8891,0.426059,0.311506,0.168831,0.0453271
8892,0.426059,0.311506,0.168831,0.0453271
8893,0.426436,0.310026,0.165928,0.0459709
8894,0.426436,0.310026,0.165928,0.0459709
8895,0.449525,0.332982,0.169097,0.0487798
8896,0.431291,0.312628,0.165442,0.0469392
8897,0.440146,0.332265,0.171854,0.0481846
8898,0.457138,0.344896,0.174463,0.049658
8899,0.457138,0.344896,0.174463,0.049658
8900,0.455627,0.339004,0.173523,0.0499063
8901,0.487101,0.382366,0.181978,0.0518212
8902,0.487101,0.382366,0.181978,0.0518212
8903,0.494422,0.399606,0.188996,0.0529644
8904,0.500254,0.399399,0.185578,0.0538191
8905,0.443232,0.341425,0.174198,0.0484921
8906,0.431884,0.324226,0.169425,0.04886
8907,0.431884,0.324226,0.169425,0.04886
8908,0.431884,0.324226,0.169425,0.04886
8909,0.431884,0.324226,0.169425,0.04886
8910,0.442072,0.335663,0.171809,0.050175
8911,0.442072,0.335663,0.171809,0.050175
8912,0.421366,0.326391,0.172989,0.0482201
8913,0.421366,0.326391,0.172989,0.0482201
8914,0.429518,0.328485,0.172123,0.0496733
8915,0.408652,0.317725,0.173183,0.0465907
8916,0.397145,0.304239,0.168789,0.0459309
8917,0.380281,0.279398,0.162631,0.0434114
8918,0.3682,0.267874,0.158654,0.0432038
8919,0.373476,0.2694,0.157855,0.0440258
8920,0.373476,0.2694,0.157855,0.0440258
8921,0.373476,0.2694,0.157855,0.0440258
8922,0.373476,0.2694,0.157855,0.0440258
8923,0.387631,0.289603,0.164468,0.0455683
8924,0.387631,0.289603,0.164468,0.0455683
8925,0.387467,0.304769,0.173986,0.0446376
8926,0.386342,0.30062,0.17167,0.0447085
8927,0.396327,0.308727,0.17265,0.0457186
8928,0.396327,0.308727,0.17265,0.0457186
8929,0.402408,0.32082,0.175526,0.0462736
8930,0.402408,0.32082,0.175526,0.0462736
8931,0.402408,0.32082,0.175526,0.0462736
8932,0.398447,0.318558,0.177143,0.0462778
8933,0.398447,0.318558,0.177143,0.0462778
8934,0.381334,0.301838,0.175712,0.0444467
8935,0.375677,0.299515,0.176132,0.0433819
8936,0.373936,0.292029,0.173579,0.0428463
8937,0.38083,0.313572,0.182765,0.0428526
8938,0.38071,0.318278,0.185775,0.0429375
8939,0.39638,0.341787,0.195633,0.0433506
8940,0.377818,0.317995,0.187268,0.0421234
8941,0.397615,0.340414,0.193789,0.0438329
8942,0.382837,0.326081,0.188319,0.0429858
8943,0.393589,0.332426,0.191216,0.0444448
8944,0.385446,0.309493,0.179598,0.0436986
8945,0.386607,0.324725,0.187082,0.0431262
8946,0.386607,0.324725,0.187082,0.0431262
8947,0.393281,0.323676,0.182185,0.0435948
8948,0.388482,0.316471,0.180084,0.0446096
8949,0.378688,0.299042,0.174474,0.0442621
8950,0.380312,0.303931,0.177979,0.0442001
8951,0.380312,0.303931,0.177979,0.0442001
8952,0.377752,0.303591,0.176129,0.0435272
8953,0.377752,0.303591,0.176129,0.0435272
8954,0.382432,0.305817,0.175815,0.0440921
8955,0.382432,0.305817,0.175815,0.0440921
8956,0.390674,0.315574,0.177453,0.0455715
8957,0.394873,0.328263,0.186334,0.0460441
8958,0.386473,0.320915,0.184822,0.04445
8959,0.395475,0.328769,0.183435,0.0455846
8960,0.385193,0.315762,0.182054,0.0436833
8961,0.408782,0.322757,0.176285,0.0466189
8962,0.396479,0.318305,0.179439,0.0447221
8963,0.413428,0.334773,0.180104,0.0470487
8964,0.423517,0.350453,0.185062,0.0468635
8965,0.452108,0.381006,0.191007,0.0499048
8966,0.447611,0.373219,0.187542,0.0484933
8967,0.452542,0.376585,0.188799,0.0504191
8968,0.433779,0.341757,0.178475,0.0491019
8969,0.42966,0.335458,0.175466,0.0490602
8970,0.438807,0.342774,0.177032,0.0498102
8971,0.412999,0.31554,0.170207,0.047495
8972,0.409315,0.310231,0.168526,0.0469502
8973,0.409315,0.310231,0.168526,0.0469502
8974,0.409315,0.310231,0.168526,0.0469502
8975,0.440163,0.33114,0.170016,0.0501889
8976,0.465501,0.358086,0.176022,0.0528496
8977,0.447655,0.342771,0.172453,0.0505264
8978,0.447655,0.342771,0.172453,0.0505264
8979,0.447655,0.342771,0.172453,0.0505264
8980,0.451098,0.352195,0.176107,0.0502792
8981,0.42452,0.331516,0.177469,0.0468899
8982,0.412365,0.322474,0.178209,0.0444053
8983,0.412365,0.322474,0.178209,0.0444053
8984,0.453125,0.364379,0.183442,0.0499904
8985,0.446815,0.358282,0.181791,0.0506268
8986,0.44625,0.365177,0.184195,0.0499801
8987,0.454938,0.362471,0.180746,0.0516553
8988,0.454628,0.357516,0.176798,0.052134
8989,0.455361,0.354812,0.175901,0.0520562
8990,0.455361,0.354812,0.175901,0.0520562
8991,0.455361,0.354812,0.175901,0.0520562
8992,0.455361,0.354812,0.175901,0.0520562
8993,0.455042,0.366212,0.184051,0.0520958
8994,0.455042,0.366212,0.184051,0.0520958
8995,0.455042,0.366212,0.184051,0.0520958
8996,0.452296,0.365952,0.184797,0.0524246
8997,0.452296,0.365952,0.184797,0.0524246
8998,0.454843,0.383464,0.193242,0.0520603
8999,0.4449,0.372503,0.190344,0.0512095
9000,0.467736,0.393157,0.192861,0.0536098
