MDTU,link
1,1.01361
2,1.10895
3,1.09951
4,1.09951
5,1.10371
6,1.10145
7,1.10146
8,1.10103
9,1.09916
10,1.09897
11,1.09658
12,1.09608
13,1.09499
14,1.09377
15,1.09337
16,1.09233
17,1.093
18,1.09317
19,1.09201
20,1.09083
21,1.09127
22,1.09106
23,1.09054
24,1.0903
25,1.08621
26,1.08261
27,1.08356
28,1.08072
29,1.08072
30,1.08033
31,1.08033
32,1.08033
33,1.07976
34,1.07976
35,1.07976
36,1.07835
37,1.07876
38,1.07937
39,1.07576
40,1.07703
