MDTU,S_B
1,0.899986
2,1.00747
3,0.994266
4,0.994266
5,0.997986
6,0.997279
7,0.998013
8,0.997624
9,0.997806
10,0.998594
11,0.998128
12,0.998563
13,0.997913
14,0.998099
15,0.998552
16,0.997828
17,0.998398
18,0.998861
19,0.998261
20,0.998495
21,0.999153
22,0.998898
23,0.9987
24,0.999625
25,0.998485
26,0.998821
27,0.998969
28,0.998112
29,0.998112
30,0.998146
