t,eps_f,eps_g
10,0.00833333,0.000694444
20,0.00833333,0.000694444
30,0.0166667,0.00138889
40,0.0333333,0.00277778
