MDTU,link
1,0.884246
2,0.882237
3,0.878293
4,0.877547
5,0.878521
6,0.878317
7,0.878317
8,0.878317
9,0.882089
10,0.882089
11,0.883153
12,0.880035
13,0.885218
14,0.88794
15,0.889539
16,0.889589
17,0.892533
18,0.892207
19,0.888534
20,0.88847
21,0.88847
22,0.889642
23,0.891907
24,0.89518
25,0.897046
26,0.902227
27,0.902227
28,0.90072
29,0.902105
30,0.903869
