MDTU,S_B
1,1.01083
2,1.00601
3,1.00281
4,1.00176
5,1.00243
6,1.00096
7,1.00096
8,1.00096
9,1.00195
10,1.00195
11,1.00295
12,1.00088
13,1.00207
14,1.00164
15,1.00188
16,1.00137
17,1.00162
18,1.00234
19,0.999527
20,0.999505
21,0.999505
22,1.0002
23,0.999892
24,1.00101
25,0.999393
26,1.00053
27,1.00053
28,1.00091
29,1.0017
30,1.00209
