MDTU,S_F
1,2.45081e-05
2,2.42916e-05
3,2.46578e-05
4,2.48203e-05
5,2.48477e-05
6,2.47392e-05
7,2.47392e-05
8,2.47392e-05
9,2.46081e-05
10,2.46081e-05
11,2.44795e-05
12,2.47589e-05
13,2.40529e-05
14,2.39506e-05
15,2.40384e-05
16,2.40895e-05
17,2.39462e-05
18,2.36152e-05
19,2.38541e-05
20,2.39396e-05
21,2.39396e-05
22,2.42696e-05
23,2.38626e-05
24,2.36074e-05
25,2.37016e-05
26,2.34631e-05
27,2.34631e-05
28,2.35058e-05
29,2.35863e-05
30,2.3157e-05
