t,eps_f,eps_g
10,0.00961538,0.000961538
20,0.00961538,0.000961538
30,0.0192308,0.00192308
40,0.0333333,0.00333333
50,0.0333333,0.00333333
60,0.0333333,0.00333333
70,0.0333333,0.00333333
80,0.0333333,0.00333333
90,0.0333333,0.00333333
100,0.0333333,0.00333333
