t,eps_f,eps_g
10,0.00961538,0.000961538
20,0.00961538,0.000961538
30,0.0192308,0.00192308
