MDTU,|det-1|^2,1-Re(det),Im(det)
1,1.2389,-0.30202,1.77525e-05
2,108.757,-6.96108,-5.10786e-05
3,82.3537,-6.07087,-9.37435e-05
4,82.8977,-6.17134,0.000462792
5,71.5426,-5.78112,-0.000163084
6,67.8781,-5.66335,-4.36566e-05
7,62.8296,-5.49039,0.000571368
8,61.9028,-5.44873,-0.00034715
9,57.6297,-5.23591,4.53838e-05
10,54.9402,-5.0895,-0.000303884
11,52.5786,-4.96921,0.00084679
12,47.6665,-4.80341,-0.000489103
13,42.535,-4.57843,6.14334e-05
14,42.9875,-4.58884,0.000113544
15,38.6475,-4.32763,0.000432834
16,34.1863,-4.07085,0.000161389
17,28.1134,-3.6719,0.000140461
18,28.1134,-3.6719,0.000140461
19,31.146,-3.87999,0.000458156
20,25.8024,-3.54652,0.000497184
21,26.6438,-3.53645,-3.80195e-05
22,25.5011,-3.47813,-2.17855e-05
23,25.865,-3.44707,0.00024209
24,24.3955,-3.34257,0.000598578
25,25.1084,-3.38018,6.91015e-05
26,24.452,-3.34526,0.000325974
27,20.5771,-3.07816,0.000253485
28,18.4099,-2.97313,0.00044824
29,17.7667,-3.00179,0.000236457
30,17.1262,-2.92473,0.00050877
31,16.043,-2.82925,0.000506378
32,14.8066,-2.72761,-0.000138687
33,14.6217,-2.70545,5.61126e-05
34,13.3983,-2.57437,0.000295929
35,11.5792,-2.40842,-0.000204166
36,11.4284,-2.45662,0.000218987
37,10.8002,-2.36735,-0.00030245
38,10.6968,-2.32334,0.000338046
39,10.526,-2.33074,-2.16979e-05
40,10.8381,-2.35308,0.00016462
41,10.8381,-2.35308,0.00016462
42,10.497,-2.28539,-0.00025498
43,9.86409,-2.2289,7.33894e-05
44,8.87092,-2.10176,0.000119226
45,9.64758,-2.18655,5.24407e-05
46,9.64758,-2.18655,5.24407e-05
47,8.3188,-2.03575,0.000108482
48,8.29527,-2.01958,4.0626e-06
49,8.24368,-2.03048,-4.7877e-05
50,7.89992,-2.04613,-9.42419e-06
51,8.13769,-2.07843,0.000293222
52,7.60936,-2.04949,-0.00011955
53,7.44461,-2.02191,-9.3568e-05
54,7.33446,-2.04922,-0.000126527
55,7.14382,-1.96751,-0.000231058
56,6.7138,-1.90998,-0.000138224
57,6.26615,-1.81924,-1.22691e-05
58,6.49732,-1.83226,0.000397262
59,6.49732,-1.83226,0.000397262
60,5.96488,-1.73444,0.000442981
61,5.81389,-1.68819,0.000191408
62,5.51087,-1.63234,0.000345729
63,5.51087,-1.63234,0.000345729
64,5.51087,-1.63234,0.000345729
65,6.13133,-1.70896,0.000205969
66,5.60528,-1.63162,4.96605e-05
67,5.31613,-1.54711,7.74116e-05
68,5.16112,-1.50547,-0.00012645
69,4.68284,-1.42303,7.60133e-05
70,4.40466,-1.388,-0.000363607
71,4.55315,-1.40324,-0.000152542
72,4.34597,-1.3386,0.000323453
73,4.26015,-1.30972,0.000211679
74,4.3153,-1.3059,0.000204139
75,4.3153,-1.3059,0.000204139
76,4.70558,-1.31931,0.000561515
77,4.70558,-1.31931,0.000561515
78,4.55136,-1.34339,3.39975e-05
79,4.72169,-1.35749,-0.000419621
80,4.67893,-1.35757,-0.000112046
81,4.27208,-1.2774,-0.000250446
82,4.2085,-1.29886,0.000158995
83,4.29988,-1.30185,7.19969e-05
84,4.37176,-1.29461,5.42513e-05
85,4.37176,-1.29461,5.42513e-05
86,3.93374,-1.22396,6.2781e-05
87,3.93374,-1.22396,6.2781e-05
88,4.2303,-1.29066,0.000317623
89,3.8293,-1.20783,0.000461911
90,3.8293,-1.20783,0.000461911
91,3.93019,-1.22114,0.000431029
92,3.64618,-1.17097,0.00020238
93,4.22641,-1.25049,0.000320594
94,4.22641,-1.25049,0.000320594
95,4.23283,-1.24462,-0.000252985
96,4.15219,-1.26838,-0.000331149
97,4.29593,-1.26544,0.000265991
98,4.2347,-1.25041,-0.000226556
99,4.45469,-1.26918,0.000220869
100,4.25254,-1.23365,6.12664e-05
101,4.25254,-1.23365,6.12664e-05
102,3.4935,-1.10156,-0.000111333
103,3.48164,-1.0937,0.000127127
104,3.2201,-1.05546,-8.47107e-06
105,3.51808,-1.10865,-0.000154938
106,3.51808,-1.10865,-0.000154938
107,3.40145,-1.11919,0.000166857
108,3.36394,-1.07773,0.000273266
109,3.36394,-1.07773,0.000273266
110,3.30343,-1.05587,0.000143247
111,3.08385,-0.98241,0.000167729
112,3.08385,-0.98241,0.000167729
113,3.10874,-0.96167,8.56756e-05
114,3.34226,-1.00807,-0.000121983
115,3.37777,-1.02724,-0.00032288
116,3.00525,-0.96143,0.000177662
117,3.00525,-0.96143,0.000177662
118,3.53359,-1.07527,0.000196117
119,3.09451,-1.01436,-0.000310018
120,3.39532,-1.08597,-2.85602e-05
121,3.39532,-1.08597,-2.856e-05
122,2.80273,-0.99496,0.000167288
123,2.80273,-0.99496,0.000167288
124,2.80273,-0.99496,0.000167288
125,2.80273,-0.99496,0.000167288
126,2.39469,-0.90912,4.163e-05
127,2.43214,-0.91563,0.000202279
128,2.17564,-0.82056,8.64565e-05
129,2.1347,-0.81061,-0.000184781
130,2.00561,-0.80719,-0.000180888
131,1.9069,-0.78314,-4.01119e-05
132,1.98779,-0.8184,0.000277017
133,1.98876,-0.80891,0.000707536
134,1.90682,-0.80548,3.11678e-05
135,1.7427,-0.76341,-7.17316e-05
136,1.78681,-0.74782,-9.98815e-05
137,1.78681,-0.74782,-9.98815e-05
138,2.00118,-0.80937,0.000139571
139,1.89224,-0.75986,1.13889e-05
140,1.77069,-0.75041,0.000103365
141,1.77069,-0.75041,0.000103365
142,1.77069,-0.75041,0.000103365
143,1.80894,-0.74943,0.000218216
144,1.80894,-0.74943,0.000218216
145,1.95703,-0.79526,0.000155314
146,1.95236,-0.79476,0.000240201
147,2.00414,-0.78643,0.00022983
148,2.00414,-0.78643,0.00022983
149,1.87634,-0.75927,-0.000109025
150,2.02546,-0.77735,0.000242546
151,2.01802,-0.76519,0.000125761
152,2.01802,-0.76519,0.000125761
153,2.01802,-0.76519,0.000125761
154,2.03547,-0.74494,4.92391e-05
155,2.08214,-0.76316,4.53473e-05
156,2.08734,-0.76774,0.00031725
157,2.2621,-0.78996,0.00018456
158,1.7603,-0.70162,0.000234515
159,1.9304,-0.70599,-0.000133591
160,1.97537,-0.70736,0.000118861
161,1.79543,-0.65995,6.54733e-05
162,1.81279,-0.67608,8.25469e-05
163,1.53416,-0.60189,-0.000129769
164,1.53416,-0.60189,-0.000129769
165,1.67857,-0.63974,0.000117327
166,1.63208,-0.58308,-2.61395e-05
167,1.63208,-0.58308,-2.61395e-05
168,1.63208,-0.58308,-2.61395e-05
169,1.68455,-0.61734,-0.000224348
170,1.69084,-0.62055,-0.000136409
171,1.88269,-0.64622,-0.000275516
172,1.98994,-0.67183,-0.000158486
173,1.92601,-0.66338,-7.11803e-05
174,1.78159,-0.66736,-0.000249691
175,1.69208,-0.63265,-0.000194039
176,1.79733,-0.63861,0.000108328
177,1.70755,-0.58792,8.9877e-05
178,1.70046,-0.61692,-2.78509e-05
179,1.6427,-0.59179,-0.00021437
180,1.6427,-0.59179,-0.00021437
181,1.6028,-0.58207,-0.000116508
182,1.61491,-0.57849,-6.68178e-05
183,1.93045,-0.66224,-0.000103762
184,1.93045,-0.66224,-0.000103762
185,2.05879,-0.69991,-0.000142676
186,2.05879,-0.69991,-0.000142676
187,2.01614,-0.68032,-7.77961e-05
188,2.08075,-0.67883,9.26828e-05
189,2.21935,-0.69022,0.000245232
190,2.21935,-0.69022,0.000245232
191,2.21935,-0.69022,0.000245232
192,2.35231,-0.73092,0.000285419
193,2.35231,-0.73092,0.000285419
194,2.17397,-0.68174,8.26496e-05
195,2.00475,-0.65401,0.000172681
196,2.00475,-0.65401,0.000172681
197,2.01576,-0.65562,0.000280602
198,2.01576,-0.65562,0.000280602
199,2.21357,-0.72117,-6.38797e-05
200,1.85781,-0.60205,-1.67184e-05
201,1.90387,-0.62673,-0.000209119
202,1.71562,-0.57838,-2.04875e-05
203,1.71562,-0.57838,-2.04875e-05
204,1.54432,-0.54322,-0.000161572
205,1.54432,-0.54322,-0.000161572
206,1.37375,-0.47701,-0.000112591
207,1.37375,-0.47701,-0.000112591
208,1.21559,-0.42328,0.000143348
209,1.08992,-0.37959,7.59874e-06
210,1.08992,-0.37959,7.59874e-06
211,1.14049,-0.39129,0.000166424
212,1.14049,-0.39129,0.000166424
213,1.06983,-0.37514,0.000283141
214,0.969265,-0.35602,0.000135199
215,0.898232,-0.33107,2.96886e-05
216,0.793719,-0.32704,6.13399e-05
217,0.793719,-0.32704,6.13399e-05
218,0.907974,-0.33977,5.95848e-05
219,0.824621,-0.32721,1.10915e-05
220,0.824621,-0.32721,1.10915e-05
221,0.824621,-0.32721,1.10914e-05
222,0.929172,-0.36031,5.27491e-05
223,0.966661,-0.36905,-0.000113469
224,1.06419,-0.40111,-0.000197807
225,1.07248,-0.38853,0.000112341
226,1.07248,-0.38853,0.000112341
227,1.08945,-0.38089,2.67926e-05
228,1.08945,-0.38089,2.67926e-05
229,1.08945,-0.38089,2.67926e-05
230,1.15119,-0.40027,-0.000182883
231,1.15119,-0.40027,-0.000182883
232,1.15119,-0.40027,-0.000182883
233,1.15119,-0.40027,-0.000182883
234,1.15119,-0.40027,-0.000182883
235,1.1857,-0.42317,3.73803e-05
236,1.1857,-0.42317,3.73803e-05
237,1.03715,-0.35112,0.000109945
238,1.14841,-0.41107,1.65916e-05
239,1.29607,-0.45996,4.52839e-06
240,1.32791,-0.46597,-4.41404e-07
241,1.40837,-0.48672,4.50896e-05
242,1.55422,-0.51034,5.85268e-05
243,1.53197,-0.49234,0.000117818
244,1.64131,-0.50948,-9.94419e-05
245,1.64131,-0.50948,-9.94419e-05
246,1.6599,-0.53006,-2.64503e-05
247,1.6599,-0.53006,-2.64503e-05
248,1.71461,-0.56947,-8.52094e-05
249,1.486,-0.48908,1.60934e-05
250,1.63825,-0.51097,8.909e-05
251,1.63825,-0.51097,8.90899e-05
252,1.64078,-0.51748,-1.60943e-05
253,1.6201,-0.52076,1.60069e-05
254,1.72461,-0.5537,3.06727e-05
255,1.66168,-0.54951,0.000193461
256,1.49731,-0.52929,-1.93885e-05
257,1.60124,-0.55095,-8.22642e-05
258,1.77206,-0.59937,0.000198245
259,1.53493,-0.5524,-0.000187859
260,1.53493,-0.5524,-0.000187859
261,1.66453,-0.59894,-0.000201402
262,1.451,-0.51502,-0.000179153
263,1.40501,-0.4966,-0.000188804
264,1.47853,-0.50876,-0.000218627
265,1.5764,-0.52863,-0.000162242
266,1.49895,-0.49779,-0.000117217
267,1.45641,-0.48867,-0.000213852
268,1.62954,-0.55929,5.74712e-05
269,1.65133,-0.54594,8.66632e-05
270,1.7838,-0.5806,7.48602e-06
271,1.7838,-0.5806,7.48596e-06
272,1.63963,-0.55693,-1.17238e-05
273,1.41525,-0.48918,-6.27593e-05
274,1.5844,-0.55295,-7.17499e-05
275,1.5844,-0.55295,-7.17499e-05
276,1.53757,-0.54663,4.05339e-06
277,1.64875,-0.56347,1.36706e-05
278,1.79487,-0.60715,-1.99436e-05
279,1.79487,-0.60715,-1.99436e-05
280,1.83844,-0.61853,0.000176258
281,1.87837,-0.62347,0.000181555
282,1.61562,-0.53561,0.000150921
283,1.79788,-0.59695,0.000138113
284,1.45407,-0.50777,2.73595e-05
285,1.41396,-0.51138,-0.000126444
286,1.47679,-0.52067,2.30624e-05
287,1.47679,-0.52067,2.30624e-05
288,1.47679,-0.52067,2.30624e-05
289,1.47679,-0.52067,2.30624e-05
290,1.47679,-0.52067,2.30624e-05
291,1.53591,-0.54521,0.000150897
292,1.54062,-0.53179,4.99628e-05
293,1.57202,-0.56003,7.45834e-05
294,1.57202,-0.56003,7.45834e-05
295,1.35823,-0.49632,-7.22137e-05
296,1.35823,-0.49632,-7.22137e-05
297,1.3955,-0.48919,5.68073e-05
298,1.3955,-0.48919,5.68073e-05
299,1.3955,-0.48919,5.68073e-05
300,1.29606,-0.46588,-0.000106987
301,1.29606,-0.46588,-0.000106986
302,1.28446,-0.46284,0.000149126
303,1.28446,-0.46284,0.000149126
304,1.27831,-0.44337,2.05096e-05
305,1.40932,-0.47757,0.000155885
306,1.32979,-0.43407,0.000146116
307,1.32979,-0.43407,0.000146116
308,1.25864,-0.43421,7.05022e-05
309,1.35374,-0.46075,-7.47956e-05
310,1.28967,-0.44778,-0.000120637
311,1.27931,-0.43436,-0.000154809
312,1.32177,-0.43282,-0.000183475
313,1.32177,-0.43282,-0.000183475
314,1.11867,-0.38573,-7.17206e-05
315,1.13586,-0.39291,-1.21784e-06
316,1.16078,-0.42481,0.000135999
317,1.1681,-0.43312,-3.14356e-05
318,1.09121,-0.39784,9.07353e-05
319,1.05336,-0.41287,-5.7591e-05
320,1.05336,-0.41287,-5.7591e-05
321,1.14312,-0.42728,-1.13899e-05
322,1.09438,-0.42279,0.000148321
323,1.25616,-0.43912,-0.000178489
324,1.01955,-0.37594,-0.000117699
325,1.13458,-0.40983,-0.000392249
326,1.20896,-0.43317,-0.000140848
327,0.941314,-0.37656,-9.31777e-05
328,0.979688,-0.38343,2.44355e-05
329,0.887016,-0.33113,-0.000221623
330,0.736019,-0.23852,0.000178582
331,0.736019,-0.23852,0.000178582
332,0.822635,-0.27667,7.86615e-05
333,0.822635,-0.27667,7.86615e-05
334,0.82009,-0.28565,0.000113961
335,0.727596,-0.26358,-2.6265e-05
336,0.727596,-0.26358,-2.6265e-05
337,0.727596,-0.26358,-2.6265e-05
338,0.727596,-0.26358,-2.6265e-05
339,0.727596,-0.26358,-2.6265e-05
340,0.786913,-0.27986,-8.7655e-05
341,0.786913,-0.27986,-8.7655e-05
342,0.774133,-0.26793,-3.60424e-06
343,0.8692,-0.31134,-4.485e-05
344,0.8692,-0.31134,-4.485e-05
345,0.8692,-0.31134,-4.485e-05
346,0.8692,-0.31134,-4.485e-05
347,0.8692,-0.31134,-4.485e-05
348,0.8692,-0.31134,-4.485e-05
349,0.710474,-0.24621,0.000154901
350,0.928364,-0.33275,0.000221111
351,1.03817,-0.38486,-0.000333203
352,1.03817,-0.38486,-0.000333203
353,1.03817,-0.38486,-0.000333203
354,1.05281,-0.37481,-0.000111634
355,1.05281,-0.37481,-0.000111634
356,1.23337,-0.43301,-6.07607e-06
357,1.35663,-0.44603,-0.000122436
358,1.2529,-0.44126,4.15152e-05
359,0.965095,-0.34386,0.000482375
360,0.941913,-0.33999,0.000240963
361,0.959922,-0.34455,6.9827e-05
362,1.02052,-0.3281,0.000230235
363,1.11798,-0.35863,0.000147855
364,1.11798,-0.35863,0.000147855
365,0.976418,-0.30096,9.29521e-05
366,0.922354,-0.25826,-0.000228271
367,0.955991,-0.27505,-3.12368e-06
368,0.936851,-0.24609,-0.000106458
369,0.898816,-0.22798,0.000243917
370,0.94061,-0.25093,0.000140753
371,0.94061,-0.25093,0.000140753
372,0.839015,-0.21661,0.00021375
373,0.789931,-0.18838,7.65303e-05
374,0.788434,-0.18366,8.87274e-05
375,0.787306,-0.20237,0.000358537
376,0.729632,-0.19443,-7.16819e-05
377,0.729632,-0.19443,-7.16819e-05
378,0.719442,-0.18496,0.000103012
379,0.830263,-0.23191,-1.00529e-05
380,0.830263,-0.23191,-1.00529e-05
381,0.939308,-0.27144,2.37263e-05
382,0.945366,-0.27133,1.3294e-06
383,1.00383,-0.26283,-0.000147448
384,1.00383,-0.26283,-0.000147448
385,1.00383,-0.26283,-0.000147448
386,0.986627,-0.29209,-0.000311766
387,0.965,-0.2931,-0.00021331
388,0.976917,-0.27325,-0.000199349
389,0.965902,-0.26093,-0.000398341
390,0.965902,-0.26093,-0.000398341
391,0.965902,-0.26093,-0.000398341
392,0.909286,-0.25627,-0.000139072
393,0.744254,-0.18718,-4.86866e-05
394,0.744254,-0.18718,-4.86866e-05
395,0.775947,-0.22374,-0.000333253
396,0.796592,-0.23065,-2.49578e-05
397,0.709598,-0.20975,-4.40737e-05
398,0.709896,-0.19545,0.000155624
399,0.709896,-0.19545,0.000155624
400,0.709896,-0.19545,0.000155624
401,0.640415,-0.18818,2.69896e-05
402,0.681088,-0.16422,4.34352e-05
403,0.722459,-0.18547,9.08601e-05
404,0.75023,-0.20141,7.27212e-05
405,0.74726,-0.19064,-6.94796e-05
406,0.700873,-0.1692,-9.20219e-05
407,0.700873,-0.1692,-9.20219e-05
408,0.673313,-0.15658,1.74199e-05
409,0.649933,-0.15807,-0.000122691
410,0.691336,-0.16856,-0.000191494
411,0.691336,-0.16856,-0.000191494
412,0.691336,-0.16856,-0.000191494
413,0.686875,-0.17806,0.000132321
414,0.712578,-0.18342,0.000148769
415,0.827134,-0.19787,6.24028e-05
416,0.827134,-0.19787,6.24028e-05
417,0.808975,-0.19019,5.95323e-05
418,0.76817,-0.19298,0.00011391
419,0.76817,-0.19298,0.00011391
420,0.76817,-0.19298,0.00011391
421,0.919277,-0.26336,2.33089e-05
422,0.96441,-0.27532,1.45417e-05
423,0.952079,-0.26978,-5.71554e-05
424,1.00171,-0.27473,0.000215607
425,1.04161,-0.30579,0.000102353
426,1.08477,-0.33124,-0.000130608
427,1.08477,-0.33124,-0.000130608
428,1.08477,-0.33124,-0.000130608
429,1.17298,-0.34503,-0.000143241
430,1.17298,-0.34503,-0.000143241
431,1.12003,-0.35159,0.000115039
432,1.15701,-0.37622,-0.000176886
433,1.05901,-0.3449,9.15635e-05
434,1.05901,-0.3449,9.15635e-05
435,1.05585,-0.34353,-1.87563e-05
436,0.988913,-0.31612,-0.000171399
437,1.02411,-0.32193,-1.71968e-05
438,0.907981,-0.26307,-0.00013053
439,0.785704,-0.2219,3.48617e-05
440,0.681193,-0.18983,-0.000115879
441,0.764418,-0.22377,0.000118995
442,0.764418,-0.22377,0.000118995
443,0.787274,-0.23842,2.93417e-05
444,0.730739,-0.21009,-0.000145916
445,0.702809,-0.20562,6.44224e-05
446,0.668612,-0.15634,-9.12812e-05
447,0.668612,-0.15634,-9.12812e-05
448,0.667794,-0.16158,9.16352e-05
449,0.621724,-0.12394,-8.20382e-05
450,0.621724,-0.12394,-8.20382e-05
451,0.616762,-0.13011,-4.80566e-05
452,0.684581,-0.16395,-0.000148288
453,0.682816,-0.16874,-0.000125924
454,0.831315,-0.21057,8.13032e-05
455,0.831315,-0.21057,8.13032e-05
456,0.749676,-0.14646,9.83912e-05
457,0.749676,-0.14646,9.83912e-05
458,0.749676,-0.14646,9.83912e-05
459,0.9152,-0.19951,-7.6475e-05
460,0.9152,-0.19951,-7.6475e-05
461,0.891381,-0.21443,-8.33712e-05
462,1.03568,-0.25483,-0.000101388
463,0.917883,-0.23861,0.000122307
464,0.914584,-0.21566,5.57085e-05
465,0.884031,-0.19953,-0.000102292
466,0.884031,-0.19953,-0.000102292
467,1.04802,-0.26736,1.21341e-05
468,1.04802,-0.26736,1.21341e-05
469,1.04802,-0.26736,1.21341e-05
470,1.04802,-0.26736,1.21341e-05
471,1.04802,-0.26736,1.21341e-05
472,1.04802,-0.26736,1.21341e-05
473,1.16726,-0.31887,-2.04785e-05
474,1.12953,-0.30848,-6.3603e-05
475,1.12953,-0.30848,-6.3603e-05
476,1.20716,-0.34172,-5.2994e-05
477,1.04482,-0.29738,-2.55626e-05
478,1.04482,-0.29738,-2.55626e-05
479,1.04482,-0.29738,-2.55626e-05
480,1.03984,-0.29825,-5.33602e-05
481,1.04373,-0.31978,0.000268116
482,1.04504,-0.30575,-0.000135826
483,1.04504,-0.30575,-0.000135826
484,0.96544,-0.29651,-9.22945e-05
485,0.885366,-0.26281,-5.44274e-05
486,0.813285,-0.23895,-0.000103847
487,0.821152,-0.24189,-2.10533e-06
488,0.821152,-0.24189,-2.10533e-06
489,0.780603,-0.24059,-9.97171e-06
490,0.866633,-0.25667,9.14409e-05
491,0.787448,-0.22445,7.06039e-05
492,0.787448,-0.22445,7.06039e-05
493,0.842559,-0.23197,5.53045e-05
494,0.842559,-0.23197,5.53045e-05
495,0.842559,-0.23197,5.53045e-05
496,0.890128,-0.2592,-0.000108081
497,0.808339,-0.21755,-1.95417e-05
498,0.778572,-0.20521,5.30159e-05
499,0.778572,-0.20521,5.30159e-05
500,0.730731,-0.18342,9.46981e-05
501,0.730731,-0.18342,9.46982e-05
502,0.730731,-0.18342,9.46982e-05
503,0.730731,-0.18342,9.46982e-05
504,0.730731,-0.18342,9.46982e-05
505,0.746154,-0.18416,6.15454e-05
506,0.865736,-0.2237,0.000153577
507,0.896414,-0.22976,5.62454e-05
508,0.911671,-0.24158,-5.76268e-05
509,0.911353,-0.23755,9.26207e-05
510,0.857046,-0.20898,-0.000130477
511,0.857046,-0.20898,-0.000130477
512,0.96513,-0.26423,-0.000223944
513,0.96513,-0.26423,-0.000223944
514,0.96513,-0.26423,-0.000223944
515,0.951939,-0.24315,-7.33433e-05
516,1.0167,-0.26137,3.04992e-05
517,1.01575,-0.24557,-4.18501e-05
518,1.01575,-0.24557,-4.18501e-05
519,1.01575,-0.24557,-4.18501e-05
520,1.03155,-0.2751,-0.000102499
521,0.908828,-0.21051,-0.000103104
522,0.908828,-0.21051,-0.000103104
523,0.908828,-0.21051,-0.000103104
524,0.961822,-0.23863,-3.86318e-05
525,0.999783,-0.22977,-7.65387e-05
526,0.999783,-0.22977,-7.65387e-05
527,0.999783,-0.22977,-7.65387e-05
528,1.06749,-0.2702,-0.000124695
529,1.07551,-0.2692,3.05901e-05
530,1.15992,-0.28371,0.000141824
531,1.15992,-0.28371,0.000141824
532,1.15184,-0.29536,-8.54031e-05
533,1.15184,-0.29536,-8.54031e-05
534,1.28407,-0.35288,-0.000104998
535,1.28407,-0.35288,-0.000104998
536,1.1352,-0.2987,-0.000254851
537,1.1352,-0.2987,-0.000254851
538,1.09035,-0.30366,-0.000194978
539,1.15528,-0.31427,-0.000206525
540,1.11091,-0.30843,-0.000410604
541,1.25741,-0.33561,-0.000169714
542,1.25741,-0.33561,-0.000169714
543,0.977521,-0.24937,-0.000162504
544,0.930361,-0.25258,2.84932e-05
545,1.0155,-0.25975,-2.31949e-05
546,1.0155,-0.25975,-2.31949e-05
547,0.956076,-0.23438,0.00021826
548,1.01903,-0.23666,5.25175e-05
549,1.10666,-0.26893,-0.000120424
550,1.18747,-0.31161,-0.000103237
551,1.2069,-0.32781,-7.03493e-05
552,1.2069,-0.32781,-7.03493e-05
553,1.2069,-0.32781,-7.03493e-05
554,1.15097,-0.30555,-3.5383e-05
555,1.15416,-0.32476,3.00007e-05
556,1.10597,-0.29544,3.71716e-05
557,0.962273,-0.25437,3.54691e-05
558,0.962273,-0.25437,3.54691e-05
559,1.08155,-0.28227,6.20297e-05
560,1.08155,-0.28227,6.20297e-05
561,1.15066,-0.33345,6.235e-05
562,1.16298,-0.30744,7.70767e-05
563,1.3397,-0.36888,4.74351e-05
564,1.29354,-0.34876,-6.6544e-07
565,1.20321,-0.33684,0.000225862
566,1.18074,-0.32666,0.000108274
567,1.18074,-0.32666,0.000108274
568,1.05351,-0.2966,-0.000138094
569,1.19867,-0.33525,-2.24747e-05
570,1.1367,-0.32595,-5.11587e-05
571,1.11886,-0.31421,-0.00011254
572,0.93133,-0.27463,1.92305e-05
573,0.923733,-0.25828,-1.72125e-05
574,0.923733,-0.25828,-1.72125e-05
575,0.805035,-0.22138,-0.000108173
576,0.784982,-0.20603,-2.76379e-05
577,0.855772,-0.22987,-0.000110527
578,0.968254,-0.2727,-0.000189143
579,0.893827,-0.24387,-7.1274e-05
580,0.893827,-0.24387,-7.1274e-05
581,0.993613,-0.25825,-0.000116459
582,0.993613,-0.25825,-0.000116459
583,0.993613,-0.25825,-0.000116459
584,0.993613,-0.25825,-0.000116459
585,0.997389,-0.25704,5.21934e-05
586,0.997389,-0.25704,5.21934e-05
587,1.0831,-0.2903,1.59133e-05
588,1.04698,-0.29765,-0.000106306
589,1.04698,-0.29765,-0.000106306
590,0.918532,-0.23285,-6.81499e-06
591,0.918532,-0.23285,-6.81493e-06
592,0.935844,-0.24461,-0.000237094
593,0.903891,-0.23919,-0.000109924
594,0.797654,-0.17971,-7.38335e-05
595,0.73695,-0.17014,-0.000126706
596,0.750401,-0.19131,0.000121123
597,0.750401,-0.19131,0.000121123
598,0.67399,-0.15174,-7.76106e-05
599,0.839948,-0.22408,-0.000134153
600,0.839948,-0.22408,-0.000134153
601,0.873296,-0.24602,-3.92876e-05
602,0.860234,-0.23366,-4.57788e-05
603,0.91562,-0.25838,-1.59979e-05
604,0.91562,-0.25838,-1.59979e-05
605,0.91562,-0.25838,-1.59979e-05
606,1.04809,-0.3417,-8.95326e-05
607,1.00793,-0.3172,-4.64441e-05
608,1.00994,-0.3074,9.46094e-05
609,0.876413,-0.26652,-2.62603e-05
610,0.876413,-0.26652,-2.62603e-05
611,0.824494,-0.25805,-8.79373e-06
612,0.824494,-0.25805,-8.79373e-06
613,0.85806,-0.27665,7.30872e-05
614,0.85806,-0.27665,7.30872e-05
615,0.85806,-0.27665,7.30872e-05
616,0.959718,-0.3133,-0.000214678
617,1.02885,-0.36679,-7.24012e-05
618,0.967191,-0.34475,-0.000147738
619,0.967191,-0.34475,-0.000147738
620,0.967191,-0.34475,-0.000147738
621,0.967191,-0.34475,-0.000147738
622,0.904813,-0.32444,-6.53559e-05
623,1.03168,-0.35947,0.000133494
624,1.03168,-0.35947,0.000133494
625,0.96342,-0.33781,0.000191198
626,1.02852,-0.32468,8.28488e-05
627,1.05756,-0.32277,0.000115884
628,1.05756,-0.32277,0.000115884
629,1.11175,-0.35009,0.000107416
630,1.11175,-0.35009,0.000107416
631,1.21903,-0.3781,-0.000118937
632,1.21878,-0.39506,-0.000172085
633,1.32858,-0.43697,1.76072e-05
634,1.32858,-0.43697,1.76072e-05
635,1.32858,-0.43697,1.76072e-05
636,1.32858,-0.43697,1.76072e-05
637,1.23742,-0.43115,0.000215403
638,1.23742,-0.43115,0.000215403
639,1.25188,-0.42795,0.000244302
640,1.27982,-0.39575,0.000223904
641,1.1704,-0.37286,-7.64053e-06
642,1.18873,-0.37219,-8.71432e-05
643,1.15142,-0.34919,-9.9634e-05
644,1.15142,-0.34919,-9.9634e-05
645,1.16215,-0.33642,-9.88912e-05
646,1.16215,-0.33642,-9.88912e-05
647,1.16215,-0.33642,-9.88912e-05
648,1.15706,-0.3577,0.000148511
649,1.15706,-0.3577,0.000148511
650,1.15706,-0.3577,0.000148511
651,1.19339,-0.37688,0.000250768
652,1.19339,-0.37688,0.000250768
653,1.05334,-0.32253,0.000107429
654,1.03668,-0.30106,0.000203047
655,0.906634,-0.24735,0.000195102
656,0.906634,-0.24735,0.000195102
657,0.904091,-0.24799,3.92658e-05
658,0.956801,-0.2838,4.5964e-05
659,0.963675,-0.28184,0.000158678
660,1.05094,-0.304,9.6537e-05
661,0.899362,-0.26122,7.0624e-05
662,0.897401,-0.25555,-8.59419e-05
663,0.897401,-0.25555,-8.59419e-05
664,0.866918,-0.24546,8.37858e-06
665,0.84692,-0.22767,1.77894e-05
666,0.814017,-0.19822,-0.000161395
667,0.779446,-0.21492,7.28851e-05
668,0.779446,-0.21492,7.28851e-05
669,0.779446,-0.21492,7.28851e-05
670,0.779446,-0.21492,7.28851e-05
671,0.860468,-0.23953,-1.716e-05
672,0.991914,-0.28739,-3.43587e-05
673,0.973546,-0.26547,-0.000170098
674,0.973546,-0.26547,-0.000170098
675,1.08219,-0.29536,-2.86229e-05
676,0.98161,-0.24788,-7.65663e-05
677,0.98161,-0.24788,-7.65663e-05
678,0.904025,-0.24161,-0.00018298
679,0.895871,-0.23804,-1.02984e-05
680,0.921922,-0.25065,4.7847e-05
681,0.926898,-0.24726,3.91325e-05
682,0.926898,-0.24726,3.91325e-05
683,0.829738,-0.22692,2.6459e-05
684,0.771584,-0.1975,3.35479e-05
685,0.863208,-0.2367,-7.30837e-05
686,0.916659,-0.2498,2.41413e-05
687,0.916659,-0.2498,2.41413e-05
688,0.987924,-0.25996,1.24007e-05
689,0.90864,-0.22731,0.000158709
690,0.90864,-0.22731,0.000158709
691,0.754384,-0.18673,9.89483e-05
692,0.758663,-0.19534,-0.000137409
693,0.758236,-0.16901,-4.235e-05
694,0.758236,-0.16901,-4.235e-05
695,0.776453,-0.15723,-0.000115953
696,0.701065,-0.12324,8.17841e-05
697,0.701065,-0.12324,8.17841e-05
698,0.701065,-0.12324,8.17841e-05
699,0.701065,-0.12324,8.17841e-05
700,0.645879,-0.08377,-7.98942e-05
701,0.667524,-0.08773,-5.59068e-05
702,0.69411,-0.10969,-0.000140702
703,0.69411,-0.10969,-0.000140702
704,0.69411,-0.10969,-0.000140702
705,0.638835,-0.0767,-0.000118585
706,0.677862,-0.11871,-0.000324015
707,0.735229,-0.13123,-7.67723e-06
708,0.709027,-0.12474,-0.000176802
709,0.709027,-0.12474,-0.000176802
710,0.709027,-0.12474,-0.000176802
711,0.706824,-0.11503,-0.000124462
712,0.739198,-0.13449,-7.74816e-05
713,0.71695,-0.14254,-0.000106596
714,0.71695,-0.14254,-0.000106596
715,0.787352,-0.14542,7.47442e-05
716,0.791762,-0.14216,-7.17309e-05
717,0.793762,-0.15792,7.73972e-05
718,0.935372,-0.20836,-6.18756e-05
719,0.935372,-0.20836,-6.18756e-05
720,0.844254,-0.18792,8.31352e-05
721,0.844254,-0.18792,8.31351e-05
722,0.902575,-0.20575,-9.92964e-05
723,0.84915,-0.17011,2.64945e-05
724,0.84915,-0.17011,2.64945e-05
725,0.968173,-0.20384,-0.000123187
726,0.968173,-0.20384,-0.000123187
727,0.968173,-0.20384,-0.000123187
728,0.905503,-0.21265,-0.000133014
729,0.905503,-0.21265,-0.000133014
730,1.01212,-0.27042,-0.000150856
731,0.948584,-0.23645,-6.47931e-05
732,0.948584,-0.23645,-6.47931e-05
733,0.94218,-0.23624,0.000126203
734,0.94218,-0.23624,0.000126203
735,0.900795,-0.22894,-0.000144581
736,0.900795,-0.22894,-0.000144581
737,0.738743,-0.16782,0.000171891
738,0.738743,-0.16782,0.000171891
739,0.738743,-0.16782,0.000171891
740,0.670005,-0.1332,-1.80814e-05
741,0.670005,-0.1332,-1.80815e-05
742,0.64687,-0.11619,-3.45073e-05
743,0.593688,-0.08781,0.000138299
744,0.593688,-0.08781,0.000138299
745,0.639745,-0.11284,-0.000163096
746,0.666884,-0.12379,-0.000156363
747,0.662853,-0.08944,1.80702e-07
748,0.7604,-0.1352,-6.25481e-05
749,0.7604,-0.1352,-6.25481e-05
750,0.7604,-0.1352,-6.25481e-05
751,0.647369,-0.06699,-0.000129123
752,0.647369,-0.06699,-0.000129123
753,0.647369,-0.06699,-0.000129123
754,0.700616,-0.09873,-1.06122e-05
755,0.700616,-0.09873,-1.06122e-05
756,0.700616,-0.09873,-1.06122e-05
757,0.700616,-0.09873,-1.06122e-05
758,0.700616,-0.09873,-1.06122e-05
759,0.700616,-0.09873,-1.06122e-05
760,0.733337,-0.11052,-1.528e-05
761,0.665433,-0.08771,3.33536e-05
762,0.665433,-0.08771,3.33536e-05
763,0.683773,-0.11154,3.65587e-06
764,0.683773,-0.11154,3.65587e-06
765,0.731249,-0.12341,0.000129722
766,0.733502,-0.14218,6.34602e-05
767,0.82225,-0.19242,-8.75731e-05
768,0.82225,-0.19242,-8.75731e-05
769,0.854571,-0.21234,-0.000138129
770,0.848172,-0.18526,9.94778e-05
771,0.871386,-0.18357,0.000118559
772,0.871386,-0.18357,0.000118559
773,0.871386,-0.18357,0.000118559
774,0.871386,-0.18357,0.000118559
775,0.871386,-0.18357,0.000118559
776,0.73891,-0.14163,-1.84159e-06
777,0.73891,-0.14163,-1.84159e-06
778,0.73891,-0.14163,-1.84159e-06
779,0.73891,-0.14163,-1.84159e-06
780,0.77686,-0.16595,-8.90732e-05
781,0.812683,-0.19247,0.000189516
782,0.910211,-0.22316,0.000105171
783,0.809773,-0.15637,-4.52367e-05
784,0.796587,-0.16893,-4.64644e-05
785,0.800641,-0.16174,-5.09573e-05
786,0.800641,-0.16174,-5.09573e-05
787,0.833982,-0.19355,5.68823e-05
788,0.850135,-0.19983,-6.02517e-06
789,0.850135,-0.19983,-6.02517e-06
790,0.875063,-0.2216,3.69656e-05
791,0.845273,-0.21146,1.30877e-05
792,0.845273,-0.21146,1.30877e-05
793,0.831363,-0.20541,-1.27737e-05
794,0.831363,-0.20541,-1.27737e-05
795,0.831363,-0.20541,-1.27737e-05
796,0.831363,-0.20541,-1.27737e-05
797,0.888181,-0.23642,-5.46643e-05
798,0.765426,-0.16665,-5.73108e-05
799,0.82127,-0.21244,-0.000406434
800,0.66509,-0.13301,-9.27855e-05
801,0.66509,-0.13301,-9.27854e-05
802,0.66509,-0.13301,-9.27854e-05
803,0.63558,-0.11776,0.0001252
804,0.63558,-0.11776,0.0001252
805,0.698659,-0.13936,5.59954e-06
806,0.709117,-0.15523,4.26495e-05
807,0.701944,-0.15419,1.17911e-05
808,0.776784,-0.19855,-3.00859e-05
809,0.776784,-0.19855,-3.00859e-05
810,0.776784,-0.19855,-3.00859e-05
811,0.791311,-0.20882,1.87322e-05
812,0.791311,-0.20882,1.87322e-05
813,0.791311,-0.20882,1.87322e-05
814,0.730614,-0.18436,-0.000398756
815,0.772066,-0.19686,-0.000103219
816,0.742714,-0.19955,2.37082e-05
817,0.742714,-0.19955,2.37082e-05
818,0.818566,-0.20029,-0.000260401
819,0.858327,-0.2081,2.95255e-05
820,0.783625,-0.1869,-4.59689e-05
821,0.732056,-0.17493,0.000109962
822,0.732056,-0.17493,0.000109962
823,0.744549,-0.18441,-1.59365e-05
824,0.732532,-0.17326,1.68555e-06
825,0.794985,-0.2082,1.19178e-05
826,0.794985,-0.2082,1.19178e-05
827,0.776498,-0.2115,0.000172676
828,0.793668,-0.20485,-4.21167e-05
829,0.793668,-0.20485,-4.21167e-05
830,0.793668,-0.20485,-4.21167e-05
831,0.732858,-0.19885,-0.000157598
832,0.68645,-0.14572,7.04399e-05
833,0.697452,-0.16134,-6.66049e-05
834,0.759596,-0.1908,6.45411e-05
835,0.695104,-0.19393,5.20449e-05
836,0.706325,-0.18499,8.46339e-05
837,0.706325,-0.18499,8.46339e-05
838,0.703469,-0.18534,0.000120752
839,0.629243,-0.17956,2.98374e-05
840,0.638755,-0.17376,-0.000307009
841,0.638755,-0.17376,-0.000307009
842,0.802416,-0.22803,6.18884e-05
843,0.801203,-0.2075,-0.000135775
844,0.845329,-0.2521,-7.21189e-05
845,0.763688,-0.2261,7.40626e-05
846,0.917195,-0.29419,0.000121903
847,0.856232,-0.24654,-0.000142773
848,0.856232,-0.24654,-0.000142773
849,0.772834,-0.20751,1.00044e-06
850,0.861727,-0.2269,8.07808e-05
851,0.768458,-0.20026,9.99722e-05
852,0.87075,-0.25154,-0.000177644
853,1.10827,-0.33083,-9.90786e-05
854,0.976345,-0.28744,-0.000184787
855,0.984028,-0.30627,-7.97598e-05
856,0.915675,-0.2975,-9.75969e-05
857,1.00628,-0.33717,-0.000122051
858,0.961412,-0.30763,-7.48976e-05
859,0.978092,-0.31384,-6.12045e-05
860,0.893485,-0.28049,3.27862e-05
861,0.893485,-0.28049,3.27861e-05
862,0.961275,-0.32125,-0.000118084
863,0.917467,-0.31219,3.21567e-05
864,0.894365,-0.30984,6.75016e-05
865,0.841355,-0.2971,-0.000119996
866,0.830691,-0.28069,6.44108e-05
867,0.819878,-0.28379,-7.09884e-05
868,0.91518,-0.32039,-4.82024e-06
869,0.776517,-0.2723,-0.000116241
870,0.776517,-0.2723,-0.000116241
871,0.776517,-0.2723,-0.000116241
872,0.776517,-0.2723,-0.000116241
873,0.757335,-0.26091,-5.10542e-06
874,0.752901,-0.23815,-4.78248e-05
875,0.757579,-0.24589,-9.63654e-05
876,0.757579,-0.24589,-9.63654e-05
877,0.757579,-0.24589,-9.63654e-05
878,0.757579,-0.24589,-9.63654e-05
879,0.850653,-0.26258,6.04e-05
880,0.850653,-0.26258,6.04e-05
881,0.741243,-0.22074,1.44444e-05
882,0.741243,-0.22074,1.44444e-05
883,0.786609,-0.23775,7.05123e-05
884,0.776557,-0.24439,-0.000166272
885,0.776557,-0.24439,-0.000166272
886,0.707662,-0.24194,-0.000107093
887,0.707662,-0.24194,-0.000107093
888,0.628325,-0.18186,-0.000341431
889,0.628325,-0.18186,-0.000341431
890,0.628325,-0.18186,-0.000341431
891,0.628325,-0.18186,-0.000341431
892,0.628325,-0.18186,-0.000341431
893,0.844138,-0.25332,-0.000238508
894,0.844138,-0.25332,-0.000238508
895,0.844138,-0.25332,-0.000238508
896,0.811816,-0.25478,-0.000103145
897,0.806622,-0.24579,-0.000104048
898,0.806622,-0.24579,-0.000104048
899,0.79055,-0.24257,1.30928e-05
900,0.902578,-0.28368,1.93017e-05
901,0.865997,-0.25609,6.70505e-05
902,0.829193,-0.25086,0.000159757
903,0.829193,-0.25086,0.000159757
904,0.865921,-0.24627,0.000112447
905,0.865921,-0.24627,0.000112447
906,0.865921,-0.24627,0.000112447
907,0.781074,-0.22552,-7.21332e-05
908,0.75835,-0.19813,-2.86736e-05
909,0.650547,-0.13798,0.000119682
910,0.650547,-0.13798,0.000119682
911,0.688541,-0.17591,-4.29887e-05
912,0.669855,-0.17593,-0.000161352
913,0.725003,-0.20346,-4.15677e-05
914,0.818856,-0.23462,-6.30121e-05
915,0.792111,-0.23472,-1.9753e-05
916,0.792111,-0.23472,-1.9753e-05
917,0.792111,-0.23472,-1.9753e-05
918,0.792111,-0.23472,-1.9753e-05
919,0.940827,-0.2817,0.000124748
920,1.06354,-0.35032,9.87949e-05
921,1.01625,-0.30084,-7.56015e-05
922,1.01625,-0.30084,-7.56015e-05
923,1.01625,-0.30084,-7.56015e-05
924,1.04681,-0.31398,0.00024512
925,1.04681,-0.31398,0.00024512
926,1.04818,-0.31026,0.000152117
927,0.995673,-0.30477,-3.57541e-05
928,1.09118,-0.33419,0.000107275
929,1.09118,-0.33419,0.000107275
930,1.05929,-0.31382,-0.000119444
931,1.05929,-0.31382,-0.000119444
932,1.05929,-0.31382,-0.000119444
933,1.0127,-0.31091,-0.000244407
934,1.06949,-0.33584,1.88761e-05
935,1.06949,-0.33584,1.88761e-05
936,1.16064,-0.35444,9.47444e-05
937,1.1333,-0.32949,0.00014181
938,1.20526,-0.33995,-0.000106596
939,1.24317,-0.34484,-0.000123556
940,1.24317,-0.34484,-0.000123556
941,1.24317,-0.34484,-0.000123556
942,1.18632,-0.32695,-0.000234163
943,0.988563,-0.26002,-8.8525e-05
944,0.895836,-0.22757,-9.85192e-05
945,0.895836,-0.22757,-9.85192e-05
946,0.895836,-0.22757,-9.85192e-05
947,0.895836,-0.22757,-9.85192e-05
948,0.895836,-0.22757,-9.85192e-05
949,0.921507,-0.24257,3.81689e-06
950,1.04427,-0.28998,-8.37535e-07
951,1.05861,-0.3015,-0.000102434
952,1.03295,-0.3025,-4.50946e-05
953,1.17,-0.34062,-2.30898e-05
954,1.17,-0.34062,-2.30898e-05
955,1.17965,-0.34745,-0.000203276
956,1.17965,-0.34745,-0.000203276
957,1.15187,-0.34421,0.000233028
958,1.26923,-0.39301,-9.22285e-05
959,1.26923,-0.39301,-9.22285e-05
960,1.22802,-0.38117,9.32329e-05
961,1.22802,-0.38117,9.32328e-05
962,1.21469,-0.39802,-1.88607e-05
963,1.23265,-0.41425,0.000209485
964,1.23265,-0.41425,0.000209485
965,1.23956,-0.39713,9.76116e-05
966,1.23956,-0.39713,9.76116e-05
967,1.23956,-0.39713,9.76116e-05
968,1.11835,-0.36042,1.37918e-05
969,1.11835,-0.36042,1.37918e-05
970,1.12797,-0.36665,-8.24541e-05
971,1.12797,-0.36665,-8.24539e-05
972,1.3467,-0.41687,3.22066e-06
973,1.37372,-0.42194,8.18103e-05
974,1.26108,-0.39662,-8.74396e-05
975,1.08385,-0.36204,3.3635e-05
976,1.19636,-0.38118,2.82508e-06
977,1.29309,-0.40536,5.51119e-05
978,1.50886,-0.4546,7.45052e-05
979,1.36479,-0.40824,6.66059e-05
980,1.21411,-0.35999,0.000202338
981,1.21411,-0.35999,0.000202338
982,1.19366,-0.38325,8.6641e-05
983,1.08534,-0.34803,9.71839e-06
984,1.03904,-0.36539,0.0001863
985,0.984914,-0.31982,0.000199746
986,1.01976,-0.31831,2.96761e-05
987,0.958683,-0.27988,-1.25646e-05
988,0.946927,-0.29422,9.93381e-05
989,0.946927,-0.29422,9.93381e-05
990,0.946927,-0.29422,9.93381e-05
991,0.946927,-0.29422,9.9338e-05
992,0.946927,-0.29422,9.9338e-05
993,0.946927,-0.29422,9.9338e-05
994,0.946927,-0.29422,9.9338e-05
995,0.971886,-0.31013,0.000136605
996,0.971886,-0.31013,0.000136605
997,1.09231,-0.33834,0.000231411
998,0.968771,-0.29697,0.00026986
999,0.980055,-0.33628,0.000299689
1000,1.01051,-0.33178,3.08966e-05
1001,1.01051,-0.33178,3.08966e-05
1002,0.965988,-0.29439,0.000159556
1003,0.965988,-0.29439,0.000159556
1004,0.965988,-0.29439,0.000159556
1005,0.965988,-0.29439,0.000159556
1006,1.11826,-0.34164,5.67948e-05
1007,1.11826,-0.34164,5.67948e-05
1008,1.18102,-0.37793,0.000170882
1009,1.37077,-0.41308,0.000197342
1010,1.44527,-0.43371,-3.50004e-05
1011,1.44527,-0.43371,-3.50005e-05
1012,1.3021,-0.40236,-3.06539e-05
1013,1.30696,-0.39849,9.82782e-05
1014,1.22935,-0.36602,0.000211837
1015,1.11571,-0.34147,0.000222204
1016,1.11571,-0.34147,0.000222204
1017,1.09585,-0.31969,0.00016727
1018,1.09585,-0.31969,0.00016727
1019,1.10902,-0.32659,-4.0467e-06
1020,1.10902,-0.32659,-4.0467e-06
1021,1.13963,-0.33283,0.000150206
1022,1.01884,-0.2821,8.90001e-05
1023,1.02765,-0.2954,2.84234e-06
1024,1.02765,-0.2954,2.84234e-06
1025,1.09193,-0.33021,-6.50944e-05
1026,1.06816,-0.31273,-5.3606e-05
1027,1.07749,-0.34755,-9.09997e-05
1028,1.26307,-0.39727,-0.00020446
1029,1.26307,-0.39727,-0.00020446
1030,1.26307,-0.39727,-0.00020446
1031,1.23252,-0.38072,0.00013119
1032,1.23252,-0.38072,0.00013119
1033,1.26292,-0.39233,0.000139953
1034,1.30631,-0.38295,5.94283e-05
1035,1.28877,-0.37036,-0.000131769
1036,1.257,-0.36768,7.58836e-05
1037,1.257,-0.36768,7.58836e-05
1038,1.257,-0.36768,7.58836e-05
1039,1.14815,-0.31127,0.000127145
1040,1.1174,-0.33614,0.000127645
1041,1.21944,-0.36058,0.000211808
1042,1.21944,-0.36058,0.000211808
1043,1.09283,-0.3308,0.000143929
1044,1.1421,-0.34846,-9.47321e-05
1045,1.11351,-0.3484,4.82787e-05
1046,1.06218,-0.33795,-8.57781e-06
1047,1.26994,-0.42897,-0.000166565
1048,1.24796,-0.42246,-4.74234e-05
1049,1.24796,-0.42246,-4.74234e-05
1050,1.26577,-0.43801,-0.000219654
1051,1.26577,-0.43801,-0.000219654
1052,1.10391,-0.38113,-8.84626e-05
1053,1.10391,-0.38113,-8.84626e-05
1054,1.08445,-0.40023,2.79519e-08
1055,1.08445,-0.40023,2.79519e-08
1056,1.0248,-0.393,-5.30107e-05
1057,0.934925,-0.35198,-1.7583e-05
1058,0.874996,-0.33352,0.000106142
1059,0.821509,-0.29275,-7.6599e-06
1060,0.821509,-0.29275,-7.6599e-06
1061,0.7401,-0.28739,-3.98036e-05
1062,0.743315,-0.27955,-0.000199597
1063,0.889837,-0.35332,-9.60072e-05
1064,0.812333,-0.27625,2.30305e-05
1065,0.812333,-0.27625,2.30305e-05
1066,0.812333,-0.27625,2.30305e-05
1067,0.812333,-0.27625,2.30305e-05
1068,0.769405,-0.24171,3.16564e-06
1069,0.769405,-0.24171,3.16564e-06
1070,0.769405,-0.24171,3.16564e-06
1071,0.769405,-0.24171,3.16567e-06
1072,0.769405,-0.24171,3.16567e-06
1073,0.86173,-0.28487,0.000215223
1074,0.870214,-0.3027,0.000154768
1075,0.816787,-0.27572,1.93241e-05
1076,0.800587,-0.2726,0.00017393
1077,0.769968,-0.2829,-0.000165368
1078,0.714248,-0.25671,-2.79405e-05
1079,0.714248,-0.25671,-2.79405e-05
1080,0.714248,-0.25671,-2.79405e-05
1081,0.719246,-0.2576,-8.48408e-05
1082,0.699035,-0.25457,-0.000104125
1083,0.668478,-0.2458,-0.000130918
1084,0.588081,-0.20526,-7.74159e-05
1085,0.588081,-0.20526,-7.74159e-05
1086,0.667707,-0.21902,0.000164097
1087,0.620992,-0.19354,1.6301e-05
1088,0.598854,-0.18212,7.17776e-05
1089,0.598854,-0.18212,7.17776e-05
1090,0.598854,-0.18212,7.17776e-05
1091,0.641595,-0.19196,-2.50841e-05
1092,0.50725,-0.12497,-0.000174678
1093,0.577287,-0.14156,-0.000167042
1094,0.567122,-0.12346,0.000130788
1095,0.558677,-0.11486,8.37805e-05
1096,0.588549,-0.10768,0.000107097
1097,0.615686,-0.1117,-4.71732e-06
1098,0.635331,-0.11877,2.09701e-06
1099,0.600676,-0.10931,8.70621e-05
1100,0.600676,-0.10931,8.70621e-05
1101,0.600676,-0.10931,8.70621e-05
1102,0.600676,-0.10931,8.70621e-05
1103,0.600676,-0.10931,8.70621e-05
1104,0.569385,-0.10279,5.54661e-05
1105,0.54359,-0.09215,-6.1872e-05
1106,0.54359,-0.09215,-6.1872e-05
1107,0.527587,-0.06141,0.000106417
1108,0.527587,-0.06141,0.000106417
1109,0.521857,-0.04402,0.000105099
1110,0.528009,-0.05267,0.000156115
1111,0.477779,-0.02545,8.60381e-06
1112,0.456083,-0.03013,0.000137235
1113,0.456083,-0.03013,0.000137235
1114,0.456083,-0.03013,0.000137235
1115,0.463212,-0.01935,0.000130773
1116,0.468736,-0.01154,-4.50822e-05
1117,0.468736,-0.01154,-4.50822e-05
1118,0.486523,-0.00016,-3.90021e-06
1119,0.486523,-0.00016,-3.90021e-06
1120,0.544297,-0.05104,-6.66585e-05
1121,0.544297,-0.05104,-6.66586e-05
1122,0.527697,-0.05033,-2.67484e-05
1123,0.567698,-0.07756,5.5016e-05
1124,0.523239,-0.0617,1.53293e-05
1125,0.523239,-0.0617,1.53293e-05
1126,0.523239,-0.0617,1.53293e-05
1127,0.523239,-0.0617,1.53293e-05
1128,0.532943,-0.06404,-6.14826e-05
1129,0.63283,-0.12581,-1.06088e-06
1130,0.563559,-0.08993,2.77683e-05
1131,0.706364,-0.1387,-0.00013642
1132,0.706364,-0.1387,-0.00013642
1133,0.679729,-0.11725,-6.3246e-05
1134,0.608528,-0.09063,0.000155428
1135,0.642781,-0.11718,-3.3254e-05
1136,0.642781,-0.11718,-3.3254e-05
1137,0.642781,-0.11718,-3.3254e-05
1138,0.642781,-0.11718,-3.3254e-05
1139,0.63524,-0.12668,0.000115631
1140,0.63524,-0.12668,0.000115631
1141,0.675324,-0.16189,0.000194258
1142,0.758657,-0.1783,-1.38931e-05
1143,0.754011,-0.16619,-5.63673e-05
1144,0.826515,-0.1917,-2.86915e-05
1145,0.855843,-0.18868,-0.000101903
1146,0.866628,-0.18305,-3.57709e-05
1147,0.783364,-0.15511,-8.04854e-05
1148,0.721907,-0.1472,-2.6894e-05
1149,0.845713,-0.1823,-0.000114825
1150,0.845713,-0.1823,-0.000114825
1151,0.845713,-0.1823,-0.000114825
1152,0.747098,-0.14692,-0.000238493
1153,0.855681,-0.19707,-0.000205165
1154,0.774947,-0.19706,-0.000130357
1155,0.842257,-0.22231,-0.000127934
1156,0.758566,-0.17249,-8.12168e-05
1157,0.758566,-0.17249,-8.12168e-05
1158,0.804074,-0.19533,-0.000182726
1159,0.804074,-0.19533,-0.000182726
1160,0.983359,-0.26065,0.000136463
1161,0.983359,-0.26065,0.000136463
1162,1.0424,-0.28576,-8.44943e-05
1163,1.02517,-0.29086,-3.5121e-05
1164,1.02517,-0.29086,-3.5121e-05
1165,1.3573,-0.37996,1.2932e-05
1166,1.3573,-0.37996,1.2932e-05
1167,1.19366,-0.32326,-4.86371e-05
1168,1.08251,-0.29551,-0.000122234
1169,1.06972,-0.27914,-5.90549e-05
1170,1.05863,-0.28229,4.72337e-05
1171,0.983706,-0.26419,-4.99994e-06
1172,0.972626,-0.23302,-8.87839e-05
1173,0.972626,-0.23302,-8.87839e-05
1174,0.972626,-0.23302,-8.87839e-05
1175,0.972626,-0.23302,-8.87839e-05
1176,1.04272,-0.25394,6.72264e-05
1177,0.959861,-0.22752,-0.000114277
1178,0.868124,-0.19948,9.55031e-05
1179,0.795339,-0.17993,0.000186825
1180,0.782557,-0.18861,0.000245941
1181,0.837327,-0.21567,0.000119807
1182,0.837327,-0.21567,0.000119807
1183,0.889065,-0.21779,0.000252873
1184,0.883032,-0.22916,-3.15451e-05
1185,0.822647,-0.20116,-7.95389e-05
1186,0.871272,-0.21664,0.000217584
1187,0.871272,-0.21664,0.000217584
1188,0.871272,-0.21664,0.000217584
1189,0.785069,-0.20363,5.63287e-05
1190,0.81097,-0.23973,-0.000226695
1191,0.78922,-0.19505,4.11536e-05
1192,0.789567,-0.20911,8.45349e-05
1193,0.789567,-0.20911,8.45349e-05
1194,0.753393,-0.19779,-4.82796e-05
1195,0.753393,-0.19779,-4.82796e-05
1196,0.94094,-0.25545,0.000182042
1197,0.936289,-0.27537,9.50555e-05
1198,0.95936,-0.27238,0.000132652
1199,0.95936,-0.27238,0.000132652
1200,0.914839,-0.2643,-5.76995e-06
1201,0.96344,-0.31589,-3.25754e-05
1202,0.87464,-0.30441,-5.00243e-05
1203,0.87464,-0.30441,-5.00243e-05
1204,0.910461,-0.30756,7.1629e-05
1205,0.901072,-0.27565,0.000243673
1206,1.00685,-0.31109,-0.000235356
1207,1.02123,-0.29116,-0.000113441
1208,1.11007,-0.34116,-0.000217119
1209,1.11007,-0.34116,-0.000217119
1210,1.08476,-0.35102,-6.16874e-05
1211,1.08476,-0.35102,-6.16874e-05
1212,1.15234,-0.35805,-0.000161301
1213,0.967554,-0.29195,-5.34727e-06
1214,0.967554,-0.29195,-5.34727e-06
1215,0.85225,-0.25478,-0.000437599
1216,0.85225,-0.25478,-0.000437599
1217,0.84013,-0.24521,-0.00022645
1218,0.735305,-0.19823,-0.000151468
1219,0.735305,-0.19823,-0.000151468
1220,0.647601,-0.19576,-5.7777e-05
1221,0.765319,-0.25979,3.58291e-05
1222,0.813565,-0.27815,0.000138919
1223,0.803692,-0.28642,0.000178802
1224,0.999309,-0.32031,0.000159648
1225,0.999309,-0.32031,0.000159648
1226,0.999309,-0.32031,0.000159648
1227,0.980224,-0.33965,0.000212333
1228,0.928198,-0.32212,3.03372e-07
1229,1.04168,-0.3593,-0.000120262
1230,1.15974,-0.39225,-0.000239593
1231,1.15974,-0.39225,-0.000239593
1232,1.13353,-0.37349,-0.000289818
1233,1.03306,-0.3462,-0.000136657
1234,1.13418,-0.35859,-0.000185578
1235,1.25835,-0.39641,-1.78632e-05
1236,1.30128,-0.39548,-0.000104875
1237,1.4452,-0.45508,-0.000134354
1238,1.48993,-0.47677,-3.00997e-05
1239,1.41456,-0.44382,7.41478e-05
1240,1.55001,-0.46761,-9.38796e-05
1241,1.55001,-0.46761,-9.38795e-05
1242,1.58522,-0.47967,0.000125725
1243,1.46962,-0.4489,4.10684e-05
1244,1.46962,-0.4489,4.10684e-05
1245,1.41187,-0.41001,0.00014652
1246,1.41187,-0.41001,0.00014652
1247,1.41187,-0.41001,0.00014652
1248,1.28406,-0.38663,0.00025751
1249,1.07215,-0.34432,5.42273e-05
1250,0.988065,-0.31218,0.000192243
1251,0.988065,-0.31218,0.000192243
1252,0.836362,-0.26172,-5.84662e-07
1253,0.803452,-0.23654,0.00010751
1254,0.807254,-0.25288,-0.000178231
1255,0.988009,-0.30969,-0.000185155
1256,0.959799,-0.27402,-0.00027041
1257,0.959799,-0.27402,-0.00027041
1258,0.959799,-0.27402,-0.00027041
1259,0.752657,-0.20683,1.75996e-05
1260,0.69359,-0.18716,-0.000186776
1261,0.686338,-0.17765,-5.21714e-05
1262,0.661665,-0.16874,-0.000110196
1263,0.812371,-0.23441,-8.68312e-05
1264,0.738029,-0.22204,-6.87226e-05
1265,0.738029,-0.22204,-6.87226e-05
1266,0.82876,-0.24215,-2.715e-05
1267,0.697528,-0.18872,-6.52959e-05
1268,0.799149,-0.23198,-4.26119e-05
1269,0.799149,-0.23198,-4.26119e-05
1270,0.799149,-0.23198,-4.26119e-05
1271,0.799149,-0.23198,-4.26119e-05
1272,0.92438,-0.27622,0.000277508
1273,0.815652,-0.23634,-0.000149225
1274,0.815652,-0.23634,-0.000149225
1275,0.779286,-0.206,0.000210925
1276,0.779286,-0.206,0.000210925
1277,0.779286,-0.206,0.000210925
1278,0.776341,-0.21162,0.000136603
1279,0.776341,-0.21162,0.000136603
1280,0.718287,-0.17479,3.78126e-05
1281,0.718287,-0.17479,3.78126e-05
1282,0.695748,-0.18824,0.000155829
1283,0.695748,-0.18824,0.000155829
1284,0.749191,-0.22044,1.89345e-05
1285,0.749191,-0.22044,1.89345e-05
1286,0.668393,-0.19189,5.53838e-07
1287,0.668393,-0.19189,5.53838e-07
1288,0.819367,-0.23861,8.46735e-05
1289,0.819367,-0.23861,8.46735e-05
1290,0.813269,-0.22937,5.16264e-05
1291,0.769078,-0.25065,-6.50356e-05
1292,0.784852,-0.25672,3.92874e-05
1293,0.784852,-0.25672,3.92874e-05
1294,0.798078,-0.27085,5.0519e-06
1295,0.812634,-0.24964,-3.46657e-05
1296,0.691425,-0.21031,-1.25579e-05
1297,0.691425,-0.21031,-1.25579e-05
1298,0.691425,-0.21031,-1.25579e-05
1299,0.76013,-0.24593,9.39079e-05
1300,0.676502,-0.20814,-2.75061e-05
1301,0.676502,-0.20814,-2.75062e-05
1302,0.724661,-0.22733,-8.55831e-07
1303,0.723532,-0.24278,7.08021e-05
1304,0.748952,-0.24686,6.16226e-05
1305,0.748952,-0.24686,6.16226e-05
1306,0.748952,-0.24686,6.16226e-05
1307,0.748952,-0.24686,6.16226e-05
1308,0.748952,-0.24686,6.16226e-05
1309,0.692738,-0.22696,-0.00016218
1310,0.763469,-0.24011,0.000137353
1311,0.84871,-0.28899,-1.34454e-05
1312,0.917019,-0.29734,-7.64788e-05
1313,0.871695,-0.28307,-1.92647e-05
1314,0.871695,-0.28307,-1.92647e-05
1315,0.807879,-0.28038,4.1114e-05
1316,0.807879,-0.28038,4.1114e-05
1317,0.807879,-0.28038,4.1114e-05
1318,0.612309,-0.20522,3.50432e-05
1319,0.59705,-0.16103,0.000127021
1320,0.59705,-0.16103,0.000127021
1321,0.59705,-0.16103,0.000127021
1322,0.59705,-0.16103,0.000127021
1323,0.593139,-0.17431,8.34714e-05
1324,0.567013,-0.15165,0.000130724
1325,0.507828,-0.124,-1.55822e-05
1326,0.519366,-0.1559,-0.000120749
1327,0.591666,-0.16301,-2.32161e-05
1328,0.591666,-0.16301,-2.32161e-05
1329,0.651839,-0.18487,-2.82021e-05
1330,0.666068,-0.19354,1.69924e-05
1331,0.666068,-0.19354,1.69925e-05
1332,0.666068,-0.19354,1.69925e-05
1333,0.695061,-0.1864,-8.23697e-05
1334,0.607731,-0.16469,9.58408e-05
1335,0.561285,-0.0958,-0.000132692
1336,0.561706,-0.09196,4.49027e-05
1337,0.561706,-0.09196,4.49027e-05
1338,0.545073,-0.07884,3.13528e-05
1339,0.579644,-0.08922,-0.000184869
1340,0.579644,-0.08922,-0.000184869
1341,0.579644,-0.08922,-0.000184869
1342,0.612746,-0.10046,1.30691e-06
1343,0.641351,-0.13474,5.85227e-06
1344,0.665034,-0.13087,-6.23301e-05
1345,0.665034,-0.13087,-6.23301e-05
1346,0.591663,-0.10825,-7.40987e-05
1347,0.566054,-0.06268,3.12502e-05
1348,0.566054,-0.06268,3.12502e-05
1349,0.623066,-0.08718,-4.79968e-05
1350,0.623066,-0.08718,-4.79968e-05
1351,0.643912,-0.10253,0.000281712
1352,0.685359,-0.13447,9.18451e-05
1353,0.63668,-0.10119,0.000113705
1354,0.683605,-0.10693,-3.1376e-05
1355,0.607266,-0.06598,-0.000108022
1356,0.611397,-0.06228,-0.000117637
1357,0.611397,-0.06228,-0.000117637
1358,0.596224,-0.06234,7.90411e-05
1359,0.673897,-0.08102,5.82321e-05
1360,0.673897,-0.08102,5.82321e-05
1361,0.606702,-0.07142,-6.87015e-05
1362,0.629692,-0.08158,1.43598e-05
1363,0.591988,-0.04971,-9.2534e-05
1364,0.591988,-0.04971,-9.2534e-05
1365,0.591988,-0.04971,-9.2534e-05
1366,0.591988,-0.04971,-9.2534e-05
1367,0.612783,-0.06767,4.11468e-05
1368,0.612783,-0.06767,4.11468e-05
1369,0.612783,-0.06767,4.11468e-05
1370,0.612783,-0.06767,4.11468e-05
1371,0.588146,-0.02984,4.88289e-05
1372,0.588146,-0.02984,4.88289e-05
1373,0.588146,-0.02984,4.88289e-05
1374,0.600786,-0.05391,-0.000241658
1375,0.600786,-0.05391,-0.000241658
1376,0.600786,-0.05391,-0.000241658
1377,0.551477,-0.05598,3.0796e-05
1378,0.589083,-0.06523,-0.000222883
1379,0.589083,-0.06523,-0.000222883
1380,0.545002,-0.05527,-3.10438e-05
1381,0.560083,-0.06241,-3.25795e-05
1382,0.553333,-0.05073,-2.22207e-05
1383,0.606179,-0.09022,-1.16971e-05
1384,0.578916,-0.07359,-4.26938e-05
1385,0.556441,-0.05346,-0.000107253
1386,0.556441,-0.05346,-0.000107253
1387,0.556286,-0.05655,0.000188346
1388,0.543491,-0.03015,-0.000250424
1389,0.543491,-0.03015,-0.000250424
1390,0.543491,-0.03015,-0.000250424
1391,0.580934,-0.0327,-7.67485e-05
1392,0.612491,-0.06236,-8.46059e-05
1393,0.612491,-0.06236,-8.46059e-05
1394,0.594751,-0.05208,-0.000146723
1395,0.576304,-0.04819,5.09244e-05
1396,0.607237,-0.06427,4.27649e-06
1397,0.607237,-0.06427,4.27649e-06
1398,0.607237,-0.06427,4.27649e-06
1399,0.655506,-0.0884,-1.93275e-05
1400,0.720944,-0.10526,-2.75767e-05
1401,0.720944,-0.10526,-2.75766e-05
1402,0.656368,-0.06579,0.000114242
1403,0.656368,-0.06579,0.000114242
1404,0.676552,-0.07809,0.000287311
1405,0.665982,-0.06574,0.000204227
1406,0.630081,-0.04382,-0.000233273
1407,0.613429,-0.03582,9.56144e-06
1408,0.650246,-0.04909,7.50113e-05
1409,0.67237,-0.07084,0.000205739
1410,0.67237,-0.07084,0.000205739
1411,0.686327,-0.08458,0.000205078
1412,0.68066,-0.08335,0.000120343
1413,0.651934,-0.1033,0.000347585
1414,0.62663,-0.06795,6.75328e-05
1415,0.62663,-0.06795,6.75328e-05
1416,0.62663,-0.06795,6.75328e-05
1417,0.588594,-0.05081,-6.48398e-06
1418,0.680297,-0.09584,8.27557e-06
1419,0.595355,-0.0572,9.24705e-05
1420,0.608791,-0.06406,4.37268e-05
1421,0.635376,-0.0745,0.000230286
1422,0.674696,-0.10102,-9.15929e-05
1423,0.674696,-0.10102,-9.15929e-05
1424,0.579425,-0.04985,-1.43541e-05
1425,0.630535,-0.05721,7.79428e-06
1426,0.630535,-0.05721,7.79428e-06
1427,0.726159,-0.11015,-3.78419e-05
1428,0.733058,-0.11811,-0.000138224
1429,0.702242,-0.10992,-3.8563e-05
1430,0.702242,-0.10992,-3.8563e-05
1431,0.689511,-0.10583,-0.000167518
1432,0.689511,-0.10583,-0.000167518
1433,0.743352,-0.11886,0.000105403
1434,0.698832,-0.11075,-1.45063e-06
1435,0.695029,-0.12972,-7.40674e-05
1436,0.695029,-0.12972,-7.40674e-05
1437,0.695029,-0.12972,-7.40674e-05
1438,0.615,-0.09984,8.14492e-05
1439,0.615,-0.09984,8.14492e-05
1440,0.649974,-0.12904,0.000111966
1441,0.606368,-0.10891,0.000152253
1442,0.606368,-0.10891,0.000152253
1443,0.606368,-0.10891,0.000152253
1444,0.714192,-0.16636,0.000126953
1445,0.636493,-0.12603,0.000184876
1446,0.662344,-0.12118,0.000152505
1447,0.662344,-0.12118,0.000152505
1448,0.665051,-0.14552,-0.000104682
1449,0.638513,-0.14412,7.20732e-06
1450,0.611587,-0.11939,6.70682e-05
1451,0.631901,-0.12442,0.000132324
1452,0.608784,-0.11612,-0.000131019
1453,0.661031,-0.14502,4.02342e-05
1454,0.62191,-0.12898,-2.58315e-05
1455,0.724814,-0.17834,-3.17766e-05
1456,0.724814,-0.17834,-3.17766e-05
1457,0.751857,-0.18735,-0.000164684
1458,0.712645,-0.16274,1.67265e-05
1459,0.712876,-0.16845,-5.92464e-05
1460,0.709113,-0.17828,5.93079e-05
1461,0.858293,-0.23203,-3.54057e-05
1462,0.89644,-0.2528,-4.36491e-05
1463,0.89644,-0.2528,-4.36491e-05
1464,0.906415,-0.25599,-0.000115087
1465,0.745991,-0.20806,-0.000138599
1466,0.745991,-0.20806,-0.000138599
1467,0.779159,-0.20958,-9.02411e-05
1468,0.810014,-0.20199,0.000145279
1469,0.860501,-0.2334,0.00021248
1470,0.858963,-0.22175,0.000114366
1471,0.944535,-0.24483,-9.65464e-05
1472,0.944535,-0.24483,-9.65464e-05
1473,0.991792,-0.25545,-8.16814e-05
1474,1.14442,-0.30641,-0.000109292
1475,1.34228,-0.35828,-6.42859e-05
1476,1.34228,-0.35828,-6.42859e-05
1477,1.34228,-0.35828,-6.42859e-05
1478,1.42856,-0.38391,0.000158523
1479,1.42856,-0.38391,0.000158523
1480,1.28808,-0.32292,3.82463e-05
1481,1.19865,-0.30776,2.89618e-05
1482,1.1282,-0.28336,-0.000241736
1483,1.0633,-0.26512,8.71203e-05
1484,1.10366,-0.2812,5.56791e-05
1485,1.10366,-0.2812,5.56791e-05
1486,0.984836,-0.24384,0.000225677
1487,0.927513,-0.19785,0.000158328
1488,0.949748,-0.20772,-3.12927e-05
1489,0.949748,-0.20772,-3.12927e-05
1490,0.909912,-0.17833,8.34124e-05
1491,0.961986,-0.22201,9.08193e-06
1492,0.935485,-0.21529,0.000117771
1493,0.935485,-0.21529,0.000117771
1494,0.935485,-0.21529,0.000117771
1495,1.00457,-0.22439,-8.69576e-05
1496,0.913301,-0.18579,-7.5913e-05
1497,0.913301,-0.18579,-7.5913e-05
1498,0.913301,-0.18579,-7.5913e-05
1499,0.913301,-0.18579,-7.5913e-05
1500,0.864669,-0.18686,0.000127121
1501,0.860531,-0.19113,7.39658e-05
1502,0.860531,-0.19113,7.39658e-05
1503,0.829233,-0.16582,-0.000105948
1504,0.794189,-0.16345,-3.01048e-05
1505,0.745364,-0.15355,-2.64194e-05
1506,0.793031,-0.19055,-0.000105063
1507,0.793031,-0.19055,-0.000105063
1508,0.827134,-0.21337,-2.38591e-06
1509,0.772652,-0.19651,-5.7033e-05
1510,0.772652,-0.19651,-5.7033e-05
1511,0.698149,-0.18709,5.72878e-05
1512,0.698149,-0.18709,5.72878e-05
1513,0.698149,-0.18709,5.72878e-05
1514,0.698149,-0.18709,5.72878e-05
1515,0.698149,-0.18709,5.72878e-05
1516,0.806491,-0.20087,9.0722e-05
1517,0.781106,-0.17065,8.10756e-06
1518,0.708729,-0.13559,-9.54842e-06
1519,0.708729,-0.13559,-9.54842e-06
1520,0.668666,-0.12127,-8.8813e-05
1521,0.620023,-0.09008,-3.0734e-05
1522,0.620023,-0.09008,-3.0734e-05
1523,0.696374,-0.12195,6.67754e-05
1524,0.702895,-0.13285,-8.22379e-06
1525,0.642593,-0.10928,-0.000125439
1526,0.642593,-0.10928,-0.000125439
1527,0.642593,-0.10928,-0.000125439
1528,0.633367,-0.10515,-0.000130979
1529,0.60958,-0.10006,-3.1999e-05
1530,0.60958,-0.10006,-3.1999e-05
1531,0.612908,-0.10603,-5.24173e-06
1532,0.612908,-0.10603,-5.24173e-06
1533,0.612908,-0.10603,-5.24173e-06
1534,0.628619,-0.1199,-5.42659e-05
1535,0.628619,-0.1199,-5.42659e-05
1536,0.595687,-0.10656,2.71708e-06
1537,0.66755,-0.13268,0.000109538
1538,0.637017,-0.11457,-2.79112e-05
1539,0.691187,-0.14345,-0.000205329
1540,0.627938,-0.12312,-0.000184821
1541,0.684287,-0.15063,-2.03607e-05
1542,0.593034,-0.14114,-9.3757e-05
1543,0.7076,-0.18563,1.62637e-05
1544,0.650711,-0.16276,0.000114556
1545,0.654098,-0.15261,-7.85378e-05
1546,0.718542,-0.20069,3.8887e-05
1547,0.652552,-0.16561,-0.000162509
1548,0.624922,-0.16554,5.53626e-05
1549,0.624922,-0.16554,5.53626e-05
1550,0.597926,-0.15203,-3.55464e-05
1551,0.597926,-0.15203,-3.55464e-05
1552,0.597926,-0.15203,-3.55464e-05
1553,0.597926,-0.15203,-3.55464e-05
1554,0.64804,-0.15988,7.982e-06
1555,0.65827,-0.1523,-2.21817e-05
1556,0.611674,-0.1325,6.75713e-05
1557,0.611674,-0.1325,6.75713e-05
1558,0.516303,-0.07771,-0.000251638
1559,0.538001,-0.07976,-0.000144682
1560,0.538001,-0.07976,-0.000144682
1561,0.538001,-0.07976,-0.000144682
1562,0.546271,-0.05187,-0.000208912
1563,0.589816,-0.0855,-0.000112148
1564,0.589816,-0.0855,-0.000112148
1565,0.589816,-0.0855,-0.000112148
1566,0.623904,-0.08302,-0.000208491
1567,0.594911,-0.08925,-3.03005e-06
1568,0.673082,-0.12984,3.0748e-05
1569,0.683016,-0.12146,3.64038e-05
1570,0.683016,-0.12146,3.64038e-05
1571,0.66252,-0.11741,9.33126e-05
1572,0.651661,-0.12133,-4.39678e-06
1573,0.665024,-0.13894,-6.28747e-05
1574,0.532346,-0.07587,9.94696e-05
1575,0.548058,-0.09257,0.000143443
1576,0.548058,-0.09257,0.000143443
1577,0.597857,-0.10718,0.000135131
1578,0.66033,-0.14879,5.79733e-05
1579,0.729365,-0.18455,-1.35012e-05
1580,0.729365,-0.18455,-1.35012e-05
1581,0.774349,-0.20741,0.000150353
1582,0.741056,-0.18072,6.9547e-05
1583,0.620971,-0.13518,0.000101145
1584,0.681006,-0.16505,-0.000131373
1585,0.643356,-0.16639,1.12054e-05
1586,0.631194,-0.15884,2.49392e-07
1587,0.559768,-0.0994,-0.000131667
1588,0.618932,-0.13767,-9.73075e-05
1589,0.633714,-0.14759,-7.71009e-05
1590,0.561493,-0.08038,3.62512e-05
1591,0.589144,-0.11313,-2.6019e-05
1592,0.59761,-0.08677,-3.11151e-05
1593,0.56983,-0.06081,0.00010015
1594,0.618587,-0.06059,4.25142e-05
1595,0.582651,-0.03991,0.000120659
1596,0.708869,-0.10473,6.94608e-05
1597,0.66394,-0.07655,0.000117807
1598,0.696942,-0.09884,-6.14753e-05
1599,0.652019,-0.1063,5.52242e-05
1600,0.678806,-0.11219,-0.000205472
1601,0.678806,-0.11219,-0.000205472
1602,0.729437,-0.14324,-0.000211215
1603,0.729437,-0.14324,-0.000211215
1604,0.658512,-0.11528,-1.71856e-05
1605,0.658512,-0.11528,-1.71856e-05
1606,0.681403,-0.15818,5.69941e-05
1607,0.647567,-0.1449,4.01564e-05
1608,0.647567,-0.1449,4.01564e-05
1609,0.625149,-0.09701,0.00016954
1610,0.643462,-0.13539,-1.39786e-05
1611,0.630998,-0.1239,0.000119081
1612,0.630998,-0.1239,0.000119081
1613,0.546151,-0.06485,-7.55363e-05
1614,0.546151,-0.06485,-7.55363e-05
1615,0.625589,-0.10085,6.28039e-05
1616,0.604177,-0.11726,7.27883e-06
1617,0.600497,-0.11995,-9.11131e-05
1618,0.600497,-0.11995,-9.11131e-05
1619,0.604475,-0.1258,-0.00010143
1620,0.683083,-0.15504,0.000122958
1621,0.683083,-0.15504,0.000122958
1622,0.73569,-0.16751,0.000173522
1623,0.73569,-0.16751,0.000173522
1624,0.764257,-0.16844,2.06744e-06
1625,0.764257,-0.16844,2.06744e-06
1626,0.599202,-0.09498,-6.43468e-06
1627,0.616368,-0.10784,-0.0001465
1628,0.616368,-0.10784,-0.0001465
1629,0.616368,-0.10784,-0.0001465
1630,0.605057,-0.08665,-0.000228672
1631,0.560588,-0.08845,1.04085e-05
1632,0.560588,-0.08845,1.04085e-05
1633,0.536238,-0.07939,5.46676e-05
1634,0.520394,-0.09611,0.000125349
1635,0.570378,-0.12161,-4.39402e-06
1636,0.570378,-0.12161,-4.39402e-06
1637,0.57171,-0.10891,-6.93481e-05
1638,0.513668,-0.06377,5.82337e-05
1639,0.588681,-0.11408,5.39246e-05
1640,0.572014,-0.1101,7.87811e-05
1641,0.63345,-0.14621,9.574e-05
1642,0.63345,-0.14621,9.574e-05
1643,0.724126,-0.18423,-0.00011113
1644,0.717865,-0.16959,-3.92742e-05
1645,0.717865,-0.16959,-3.92742e-05
1646,0.706764,-0.16822,1.06767e-05
1647,0.706764,-0.16822,1.06767e-05
1648,0.645182,-0.12407,0.000114759
1649,0.645182,-0.12407,0.000114759
1650,0.648003,-0.11897,5.06644e-05
1651,0.648003,-0.11897,5.06644e-05
1652,0.648003,-0.11897,5.06644e-05
1653,0.652419,-0.1111,-2.90476e-05
1654,0.652419,-0.1111,-2.90476e-05
1655,0.652419,-0.1111,-2.90476e-05
1656,0.598096,-0.08613,-0.000281435
1657,0.585408,-0.08262,3.04747e-06
1658,0.696933,-0.13646,-0.000156781
1659,0.692121,-0.1319,-3.77255e-05
1660,0.685023,-0.12779,-3.70671e-05
1661,0.782986,-0.17058,5.64125e-05
1662,0.825491,-0.19045,9.18267e-05
1663,0.825491,-0.19045,9.18267e-05
1664,0.898513,-0.19587,-7.01286e-05
1665,0.935592,-0.22491,3.55852e-05
1666,0.935592,-0.22491,3.55852e-05
1667,0.837403,-0.17959,4.11145e-05
1668,0.926548,-0.20813,6.99121e-05
1669,0.926548,-0.20813,6.99121e-05
1670,0.926548,-0.20813,6.99121e-05
1671,0.926548,-0.20813,6.9912e-05
1672,0.890043,-0.20068,0.000276779
1673,0.759419,-0.14494,0.000263612
1674,0.701606,-0.15055,-1.44395e-05
1675,0.701606,-0.15055,-1.44395e-05
1676,0.798989,-0.18304,-2.15566e-05
1677,0.798989,-0.18304,-2.15566e-05
1678,0.798679,-0.17791,-0.000101836
1679,0.750837,-0.16629,5.17875e-05
1680,0.750837,-0.16629,5.17875e-05
1681,0.707621,-0.16777,-0.000147252
1682,0.759877,-0.18298,7.75845e-06
1683,0.780323,-0.17903,-0.00016118
1684,0.769625,-0.16885,-1.36465e-05
1685,0.811758,-0.19344,-0.000151538
1686,0.827062,-0.20861,5.17248e-05
1687,0.872255,-0.22863,0.000180758
1688,0.950211,-0.25566,9.22291e-05
1689,0.917379,-0.24938,-0.000159509
1690,0.913149,-0.24008,-0.000292867
1691,0.939875,-0.26111,-0.000136542
1692,0.824317,-0.22573,4.13402e-05
1693,0.782997,-0.20536,6.80949e-05
1694,0.782997,-0.20536,6.80949e-05
1695,0.782997,-0.20536,6.80949e-05
1696,0.896782,-0.26892,0.000191528
1697,0.900257,-0.27479,4.39591e-06
1698,0.906829,-0.26859,5.92566e-06
1699,0.815853,-0.2438,6.62893e-05
1700,0.825364,-0.23647,6.00452e-05
1701,0.868574,-0.24808,-0.000109811
1702,0.786441,-0.21117,-0.000133047
1703,0.693036,-0.19113,0.000161946
1704,0.762758,-0.24452,8.11023e-05
1705,0.752133,-0.24002,-7.54909e-05
1706,0.778773,-0.23333,0.000188644
1707,0.692406,-0.18273,0.000117377
1708,0.692406,-0.18273,0.000117377
1709,0.653182,-0.15446,-4.63859e-05
1710,0.702626,-0.17335,-7.32639e-07
1711,0.702626,-0.17335,-7.32638e-07
1712,0.602867,-0.11505,7.77101e-05
1713,0.693053,-0.17159,6.16013e-05
1714,0.693053,-0.17159,6.16013e-05
1715,0.693053,-0.17159,6.16013e-05
1716,0.663509,-0.13952,-8.23553e-05
1717,0.663509,-0.13952,-8.23553e-05
1718,0.663509,-0.13952,-8.23553e-05
1719,0.663509,-0.13952,-8.23553e-05
1720,0.690907,-0.15216,0.000146105
1721,0.690907,-0.15216,0.000146105
1722,0.690907,-0.15216,0.000146105
1723,0.680298,-0.11902,0.000222099
1724,0.689869,-0.15153,-0.00014813
1725,0.688896,-0.14432,0.000102711
1726,0.688896,-0.14432,0.000102711
1727,0.676376,-0.15774,-4.49249e-05
1728,0.676376,-0.15774,-4.49249e-05
1729,0.717584,-0.17279,-0.000173987
1730,0.674789,-0.13546,0.000144084
1731,0.685711,-0.13321,-6.83426e-05
1732,0.662358,-0.10586,8.26798e-05
1733,0.662358,-0.10586,8.26798e-05
1734,0.645952,-0.1154,2.387e-05
1735,0.609714,-0.1092,-0.00013328
1736,0.609714,-0.1092,-0.00013328
1737,0.609714,-0.1092,-0.00013328
1738,0.609714,-0.1092,-0.00013328
1739,0.609714,-0.1092,-0.00013328
1740,0.545716,-0.06991,-0.000118358
1741,0.545716,-0.06991,-0.000118358
1742,0.545716,-0.06991,-0.000118358
1743,0.545716,-0.06991,-0.000118358
1744,0.552912,-0.08348,-4.83311e-05
1745,0.585283,-0.07763,-4.52593e-05
1746,0.585283,-0.07763,-4.52593e-05
1747,0.639716,-0.09777,3.10464e-06
1748,0.639716,-0.09777,3.10464e-06
1749,0.573573,-0.0741,-4.90032e-05
1750,0.556303,-0.06526,6.11823e-05
1751,0.551666,-0.07077,-0.000179374
1752,0.537935,-0.0849,-0.000172354
1753,0.537935,-0.0849,-0.000172354
1754,0.455279,-0.06245,-0.000228207
1755,0.477459,-0.05092,-8.4234e-05
1756,0.548789,-0.09336,-0.000108159
1757,0.449522,-0.02211,-5.06024e-05
1758,0.490639,-0.03222,-7.63967e-05
1759,0.515499,-0.04506,-4.5138e-05
1760,0.515499,-0.04506,-4.5138e-05
1761,0.499504,-0.04985,-3.42198e-05
1762,0.527411,-0.0763,-7.10945e-05
1763,0.526833,-0.08082,9.94199e-05
1764,0.526833,-0.08082,9.94199e-05
1765,0.526833,-0.08082,9.94199e-05
1766,0.574438,-0.11967,-5.54535e-05
1767,0.543202,-0.12077,0.000175038
1768,0.48356,-0.08197,3.7556e-05
1769,0.403476,-0.03243,9.40062e-05
1770,0.401659,-0.03888,5.67164e-05
1771,0.401659,-0.03888,5.67165e-05
1772,0.401659,-0.03888,5.67165e-05
1773,0.425599,-0.05401,-4.68615e-05
1774,0.438339,-0.03761,0.000109325
1775,0.438339,-0.03761,0.000109325
1776,0.46163,-0.05564,0.000209238
1777,0.46163,-0.05564,0.000209238
1778,0.445929,-0.06772,0.000165731
1779,0.445929,-0.06772,0.000165731
1780,0.409749,-0.06766,0.000151336
1781,0.474973,-0.09865,0.000120345
1782,0.401118,-0.02781,4.70062e-06
1783,0.401118,-0.02781,4.70062e-06
1784,0.424577,-0.04248,-1.97142e-05
1785,0.424577,-0.04248,-1.97142e-05
1786,0.424577,-0.04248,-1.97142e-05
1787,0.421142,-0.04576,5.14373e-05
1788,0.420246,-0.03615,0.000153091
1789,0.389128,-0.00373,9.16042e-05
1790,0.43051,-0.00428,6.50089e-05
1791,0.43051,-0.00428,6.50089e-05
1792,0.455722,-0.00173,-4.67195e-05
1793,0.415535,0.000355,-2.04158e-05
1794,0.415535,0.000355,-2.04158e-05
1795,0.415535,0.000355,-2.04158e-05
1796,0.423965,0.006985,-2.52356e-05
1797,0.423965,0.006985,-2.52356e-05
1798,0.423965,0.006985,-2.52356e-05
1799,0.423965,0.006985,-2.52356e-05
1800,0.448254,-0.01447,3.58319e-05
1801,0.466207,-0.03529,-8.75626e-06
1802,0.492701,-0.04025,-6.32598e-05
1803,0.492701,-0.04025,-6.32598e-05
1804,0.454901,-0.00548,2.99508e-05
1805,0.418218,0.000256,7.61032e-05
1806,0.492836,-0.01323,9.71534e-05
1807,0.492836,-0.01323,9.71534e-05
1808,0.442441,-0.00236,0.000240237
1809,0.46164,-0.04933,0.000163182
1810,0.472086,-0.0312,0.000287765
1811,0.472086,-0.0312,0.000287765
1812,0.450986,-0.03573,0.000258352
1813,0.482725,-0.03011,0.00014647
1814,0.482725,-0.03011,0.00014647
1815,0.482725,-0.03011,0.00014647
1816,0.482725,-0.03011,0.00014647
1817,0.482725,-0.03011,0.00014647
1818,0.482725,-0.03011,0.00014647
1819,0.514363,-0.05245,0.000223684
1820,0.553173,-0.06528,-2.89965e-06
1821,0.574679,-0.08089,7.88871e-05
1822,0.499835,-0.06952,0.000116897
1823,0.499835,-0.06952,0.000116897
1824,0.499835,-0.06952,0.000116897
1825,0.442847,-0.04002,-3.51407e-05
1826,0.453664,-0.06194,-0.000160217
1827,0.424364,-0.04997,2.39374e-06
1828,0.516561,-0.09991,-0.000103053
1829,0.516561,-0.09991,-0.000103053
1830,0.479067,-0.08696,5.53843e-05
1831,0.489065,-0.09539,-3.37418e-05
1832,0.489065,-0.09539,-3.37418e-05
1833,0.489065,-0.09539,-3.37418e-05
1834,0.489065,-0.09539,-3.37418e-05
1835,0.489065,-0.09539,-3.37418e-05
1836,0.481561,-0.07297,-8.07999e-05
1837,0.481561,-0.07297,-8.07999e-05
1838,0.424976,-0.06034,-9.76473e-05
1839,0.424976,-0.06034,-9.76473e-05
1840,0.442649,-0.04991,-0.000177779
1841,0.480107,-0.09053,0.000218354
1842,0.468517,-0.05793,0.000197533
1843,0.47875,-0.06131,-1.19007e-06
1844,0.47875,-0.06131,-1.19007e-06
1845,0.523006,-0.09054,0.000134255
1846,0.45138,-0.06325,-0.000154153
1847,0.473174,-0.04065,-1.9564e-05
1848,0.489705,-0.04844,-0.000115969
1849,0.55407,-0.08877,2.55369e-06
1850,0.557727,-0.09997,0.000107098
1851,0.613502,-0.14372,0.000251051
1852,0.614727,-0.13111,7.85668e-06
1853,0.614727,-0.13111,7.85668e-06
1854,0.546594,-0.08883,6.55473e-06
1855,0.546594,-0.08883,6.55473e-06
1856,0.590619,-0.10574,6.74297e-05
1857,0.590619,-0.10574,6.74297e-05
1858,0.680798,-0.15859,-0.000104676
1859,0.679491,-0.18011,-3.5213e-05
1860,0.722626,-0.18078,-7.87601e-05
1861,0.645805,-0.14316,-0.000226313
1862,0.665267,-0.16274,1.69161e-05
1863,0.744549,-0.19506,-2.90881e-05
1864,0.744549,-0.19506,-2.90881e-05
1865,0.683869,-0.18303,-0.000243558
1866,0.76095,-0.21973,-9.14952e-05
1867,0.725694,-0.20604,-5.93165e-06
1868,0.673851,-0.18747,1.52309e-05
1869,0.639686,-0.17082,-8.96874e-05
1870,0.598477,-0.17971,-0.00015039
1871,0.689025,-0.21235,-9.06688e-05
1872,0.689025,-0.21235,-9.06688e-05
1873,0.67472,-0.20691,-8.89521e-05
1874,0.606305,-0.18772,-0.00011622
1875,0.719661,-0.24589,-0.000254941
1876,0.719661,-0.24589,-0.000254941
1877,0.759515,-0.24688,-0.000181951
1878,0.768649,-0.23224,-5.11573e-05
1879,0.768649,-0.23224,-5.11573e-05
1880,0.770935,-0.22167,7.87031e-05
1881,0.770935,-0.22167,7.8703e-05
1882,0.664525,-0.17953,-1.0031e-05
1883,0.735319,-0.21145,-0.000171868
1884,0.873261,-0.26108,-3.30591e-05
1885,0.873261,-0.26108,-3.30591e-05
1886,0.905383,-0.28195,0.000278242
1887,0.905383,-0.28195,0.000278242
1888,0.905383,-0.28195,0.000278242
1889,0.943846,-0.29714,4.65808e-05
1890,0.943846,-0.29714,4.65808e-05
1891,0.967492,-0.30324,0.000105253
1892,0.688561,-0.18348,0.000146835
1893,0.740619,-0.20962,-6.43403e-06
1894,0.773985,-0.20993,7.56758e-05
1895,0.773985,-0.20993,7.56758e-05
1896,0.773985,-0.20993,7.56758e-05
1897,0.702564,-0.18741,6.22534e-05
1898,0.726546,-0.22568,0.000130095
1899,0.726546,-0.22568,0.000130095
1900,0.726546,-0.22568,0.000130095
1901,0.68471,-0.18651,-9.49099e-05
1902,0.68471,-0.18651,-9.49099e-05
1903,0.697484,-0.18614,0.000108462
1904,0.678985,-0.16393,-3.74932e-05
1905,0.678985,-0.16393,-3.74932e-05
1906,0.743595,-0.19953,3.35079e-05
1907,0.743595,-0.19953,3.35079e-05
1908,0.743595,-0.19953,3.35079e-05
1909,0.743595,-0.19953,3.35079e-05
1910,0.743595,-0.19953,3.35079e-05
1911,0.723136,-0.1934,9.40463e-05
1912,0.600869,-0.14787,7.64561e-05
1913,0.706008,-0.19574,-2.06233e-05
1914,0.76286,-0.22911,0.000154647
1915,0.766292,-0.24529,0.000117624
1916,0.781416,-0.25556,-8.17568e-06
1917,0.769567,-0.23206,8.59993e-05
1918,0.8115,-0.23661,4.62547e-05
1919,0.797165,-0.21899,-0.000147211
1920,0.797165,-0.21899,-0.000147211
1921,0.797165,-0.21899,-0.000147211
1922,0.772441,-0.20999,2.59583e-05
1923,0.867855,-0.23033,8.10316e-05
1924,0.840061,-0.20721,-0.000164434
1925,0.933447,-0.24045,4.66445e-05
1926,0.844067,-0.22533,5.19331e-05
1927,0.915443,-0.26997,8.77538e-05
1928,0.773521,-0.19835,5.10462e-05
1929,0.746852,-0.18393,-5.62011e-05
1930,0.7868,-0.19324,-0.000125377
1931,0.7868,-0.19324,-0.000125377
1932,0.7868,-0.19324,-0.000125377
1933,0.86822,-0.22733,-0.000151293
1934,0.86822,-0.22733,-0.000151293
1935,0.921682,-0.25425,-0.000183936
1936,0.981415,-0.28774,8.29549e-05
1937,0.948948,-0.26277,-3.24566e-05
1938,0.853477,-0.23063,5.03403e-06
1939,0.818198,-0.20751,6.10139e-05
1940,0.818198,-0.20751,6.10139e-05
1941,0.713556,-0.14654,-2.19779e-05
1942,0.713556,-0.14654,-2.19779e-05
1943,0.83006,-0.19557,0.000163871
1944,0.752429,-0.15612,-3.21755e-05
1945,0.752429,-0.15612,-3.21755e-05
1946,0.777713,-0.16356,1.54644e-05
1947,0.698464,-0.14411,4.41084e-05
1948,0.708731,-0.16251,7.19253e-05
1949,0.731665,-0.17036,2.13814e-05
1950,0.75384,-0.15653,-2.95401e-05
1951,0.67015,-0.13285,-0.00011394
1952,0.67015,-0.13285,-0.00011394
1953,0.748534,-0.14902,9.8676e-06
1954,0.763732,-0.16533,-2.26763e-05
1955,0.788782,-0.18362,-0.000109829
1956,0.788782,-0.18362,-0.000109829
1957,0.687923,-0.16309,3.84303e-05
1958,0.687923,-0.16309,3.84303e-05
1959,0.705609,-0.14991,0.000161616
1960,0.757978,-0.16707,-0.000168128
1961,0.757978,-0.16707,-0.000168128
1962,0.6435,-0.11528,-0.000213056
1963,0.66751,-0.14267,-3.35324e-05
1964,0.642179,-0.11515,8.70519e-06
1965,0.682934,-0.12472,-8.50891e-05
1966,0.701136,-0.12942,0.000132927
1967,0.697439,-0.13205,-0.000147071
1968,0.715396,-0.14274,-0.000134694
1969,0.715396,-0.14274,-0.000134694
1970,0.773533,-0.15853,-7.22546e-05
1971,0.773533,-0.15853,-7.22546e-05
1972,0.761668,-0.15648,-9.31156e-05
1973,0.761668,-0.15648,-9.31156e-05
1974,0.761668,-0.15648,-9.31156e-05
1975,0.80692,-0.17035,-0.000197409
1976,0.798154,-0.17367,7.56402e-05
1977,0.761647,-0.15966,-1.46074e-06
1978,0.709021,-0.14379,3.31949e-05
1979,0.58113,-0.07314,0.000175676
1980,0.546934,-0.06988,8.42084e-05
1981,0.524391,-0.04891,-2.91804e-06
1982,0.530099,-0.04451,-6.58733e-05
1983,0.530099,-0.04451,-6.58733e-05
1984,0.524005,-0.01388,-8.70529e-05
1985,0.476673,0.008289,-4.57044e-05
1986,0.476673,0.008289,-4.57044e-05
1987,0.493692,-0.0041,6.97894e-05
1988,0.493692,-0.0041,6.97894e-05
1989,0.522182,-0.03847,3.83168e-05
1990,0.528427,-0.03328,8.52335e-05
1991,0.485702,-0.01882,9.96932e-05
1992,0.511835,-0.0064,8.35458e-05
1993,0.47795,0.000775,9.86172e-06
1994,0.47795,0.000775,9.86172e-06
1995,0.485027,0.017873,-2.297e-05
1996,0.480784,0.004801,-5.75205e-05
1997,0.445003,0.025184,5.88487e-05
1998,0.469754,0.018327,-7.09486e-05
1999,0.469754,0.018327,-7.09486e-05
2000,0.497905,0.016826,9.65029e-05
2001,0.497905,0.016826,9.65028e-05
2002,0.563264,-0.01811,3.45342e-05
2003,0.563264,-0.01811,3.45342e-05
2004,0.543648,-0.02176,-1.17305e-05
2005,0.543648,-0.02176,-1.17305e-05
2006,0.650252,-0.06973,8.33869e-05
2007,0.650252,-0.06973,8.33869e-05
2008,0.628428,-0.06409,0.000120761
2009,0.648561,-0.08183,0.000122184
2010,0.671991,-0.09538,0.000241129
2011,0.671991,-0.09538,0.000241129
2012,0.671991,-0.09538,0.000241129
2013,0.671991,-0.09538,0.000241129
2014,0.671991,-0.09538,0.000241129
2015,0.671991,-0.09538,0.000241129
2016,0.66554,-0.08954,-8.34455e-05
2017,0.61244,-0.05727,5.85876e-05
2018,0.607043,-0.0601,0.000166624
2019,0.607043,-0.0601,0.000166624
2020,0.566598,-0.02144,0.000289971
2021,0.566598,-0.02144,0.000289971
2022,0.566598,-0.02144,0.000289971
2023,0.565814,-0.02283,8.03013e-05
2024,0.557911,-0.0219,0.000115297
2025,0.557911,-0.0219,0.000115297
2026,0.663021,-0.07305,0.000116975
2027,0.686078,-0.08056,-7.26572e-05
2028,0.832466,-0.12822,-3.91365e-05
2029,0.832466,-0.12822,-3.91365e-05
2030,0.789722,-0.11035,-0.00010051
2031,0.789722,-0.11035,-0.00010051
2032,0.789722,-0.11035,-0.00010051
2033,0.788277,-0.09989,-0.000185501
2034,0.788277,-0.09989,-0.000185501
2035,0.850728,-0.11277,-6.77154e-05
2036,0.980995,-0.16577,-0.000161658
2037,0.980995,-0.16577,-0.000161658
2038,0.980995,-0.16577,-0.000161658
2039,0.879877,-0.129,-0.000210045
2040,0.879877,-0.129,-0.000210045
2041,1.0265,-0.20035,7.29384e-05
2042,1.0265,-0.20035,7.29384e-05
2043,0.983934,-0.19696,9.82966e-05
2044,1.045,-0.20399,-0.00011815
2045,1.045,-0.20399,-0.00011815
2046,1.03174,-0.18017,-1.80219e-05
2047,1.0201,-0.16026,0.000242776
2048,0.937004,-0.15832,0.000114908
2049,0.937004,-0.15832,0.000114908
2050,0.978295,-0.17083,-1.51235e-05
2051,0.908659,-0.1394,-0.000175523
2052,0.933684,-0.14137,-9.95983e-05
2053,0.884074,-0.12674,-9.56027e-05
2054,0.919426,-0.13164,-8.28154e-05
2055,0.919426,-0.13164,-8.28154e-05
2056,0.929949,-0.13196,-6.15574e-06
2057,0.929949,-0.13196,-6.15574e-06
2058,0.929949,-0.13196,-6.15574e-06
2059,0.929949,-0.13196,-6.15574e-06
2060,0.929949,-0.13196,-6.15574e-06
2061,0.831272,-0.09773,0.000253809
2062,0.831272,-0.09773,0.000253809
2063,0.831272,-0.09773,0.000253809
2064,0.849032,-0.09664,0.000101292
2065,0.777655,-0.0809,-0.000205102
2066,0.777655,-0.0809,-0.000205102
2067,0.777655,-0.0809,-0.000205102
2068,0.947187,-0.14468,-4.27726e-05
2069,0.902089,-0.13534,-0.000111203
2070,0.955898,-0.14323,-0.000146397
2071,0.944983,-0.13,-0.000168998
2072,0.944983,-0.13,-0.000168998
2073,0.906899,-0.09632,-2.48723e-05
2074,0.854168,-0.07785,-0.000242444
2075,0.854168,-0.07785,-0.000242444
2076,0.868402,-0.08585,-2.7442e-05
2077,0.851074,-0.08093,1.43973e-05
2078,0.851074,-0.08093,1.43973e-05
2079,0.793915,-0.05423,0.000125885
2080,0.793915,-0.05423,0.000125885
2081,0.753817,-0.05225,3.33774e-05
2082,0.753817,-0.05225,3.33774e-05
2083,0.675779,-0.01373,8.0781e-05
2084,0.675779,-0.01373,8.0781e-05
2085,0.675779,-0.01373,8.0781e-05
2086,0.675779,-0.01373,8.0781e-05
2087,0.675779,-0.01373,8.0781e-05
2088,0.741338,-0.05378,0.000160345
2089,0.67755,-0.04347,8.45701e-05
2090,0.643583,-0.03494,4.79139e-05
2091,0.643583,-0.03494,4.79139e-05
2092,0.643583,-0.03494,4.79139e-05
2093,0.630853,-0.03347,-9.47331e-05
2094,0.630853,-0.03347,-9.47331e-05
2095,0.659612,-0.0482,-0.000215637
2096,0.546562,0.008707,2.16518e-05
2097,0.548092,-0.00136,3.70057e-05
2098,0.548092,-0.00136,3.70057e-05
2099,0.559913,-0.00253,-3.81872e-06
2100,0.559913,-0.00253,-3.81872e-06
2101,0.70415,-0.06649,0.000158304
2102,0.70415,-0.06649,0.000158304
2103,0.684672,-0.06114,6.15829e-05
2104,0.721877,-0.07557,0.000180849
2105,0.862877,-0.14668,0.000295954
2106,0.862877,-0.14668,0.000295954
2107,0.862877,-0.14668,0.000295954
2108,0.723411,-0.09514,0.00024146
2109,0.763891,-0.09897,-0.000115484
2110,0.763891,-0.09897,-0.000115484
2111,0.77831,-0.09932,0.000195461
2112,0.708543,-0.07351,0.000164627
2113,0.704863,-0.07934,-1.87825e-05
2114,0.683451,-0.06496,-8.7251e-05
2115,0.719398,-0.07892,9.38378e-05
2116,0.719398,-0.07892,9.38378e-05
2117,0.719398,-0.07892,9.38378e-05
2118,0.713481,-0.07345,3.04958e-05
2119,0.634318,-0.034,5.03434e-05
2120,0.634318,-0.034,5.03434e-05
2121,0.605069,-0.04273,-1.49215e-05
2122,0.605069,-0.04273,-1.49215e-05
2123,0.605069,-0.04273,-1.49215e-05
2124,0.582659,-0.02999,0.00015049
2125,0.572565,-0.03452,1.14973e-05
2126,0.565727,-0.04008,0.000126765
2127,0.537063,-0.01225,6.43766e-05
2128,0.544271,-0.01821,1.76944e-05
2129,0.50605,-0.01282,-9.79436e-05
2130,0.50605,-0.01282,-9.79436e-05
2131,0.418856,0.043676,4.47824e-05
2132,0.418856,0.043676,4.47824e-05
2133,0.550541,-0.01819,-2.95555e-05
2134,0.507196,0.010963,5.36604e-05
2135,0.47999,0.030484,0.000165525
2136,0.47999,0.030484,0.000165525
2137,0.457742,0.018614,0.00013394
2138,0.457742,0.018614,0.00013394
2139,0.457742,0.018614,0.00013394
2140,0.457742,0.018614,0.00013394
2141,0.506795,-0.01911,0.000118642
2142,0.506795,-0.01911,0.000118642
2143,0.506795,-0.01911,0.000118642
2144,0.506795,-0.01911,0.000118642
2145,0.506795,-0.01911,0.000118642
2146,0.506795,-0.01911,0.000118642
2147,0.568515,-0.01086,-8.92889e-05
2148,0.568515,-0.01086,-8.92889e-05
2149,0.568515,-0.01086,-8.92889e-05
2150,0.613913,-0.02065,2.06615e-05
2151,0.589348,-0.00209,0.00019127
2152,0.589348,-0.00209,0.00019127
2153,0.608884,-0.00833,6.68192e-05
2154,0.620328,-0.00955,-8.18421e-05
2155,0.5744,0.010854,-0.000126855
2156,0.5493,0.026336,-0.000113261
2157,0.508717,0.036852,-0.000141141
2158,0.497879,0.040608,-0.000196006
2159,0.469015,0.049307,-5.82087e-05
2160,0.469015,0.049307,-5.82087e-05
2161,0.474871,0.065873,-1.8022e-05
2162,0.434143,0.077803,-2.44552e-05
2163,0.488101,0.037127,-0.000100277
2164,0.488101,0.037127,-0.000100277
2165,0.476947,0.035098,0.000109367
2166,0.476947,0.035098,0.000109367
2167,0.507035,0.012717,0.000174035
2168,0.507035,0.012717,0.000174035
2169,0.576319,-0.0311,2.75902e-05
2170,0.526859,-0.00385,3.74947e-05
2171,0.542501,-0.01577,-1.0719e-05
2172,0.543473,-0.00642,7.24188e-05
2173,0.543473,-0.00642,7.24188e-05
2174,0.487851,0.022223,8.72739e-05
2175,0.487851,0.022223,8.72739e-05
2176,0.487851,0.022223,8.72739e-05
2177,0.559067,-0.02796,0.000173491
2178,0.517888,-0.02852,-1.57795e-05
2179,0.508468,-0.04066,-4.8997e-05
2180,0.508468,-0.04066,-4.8997e-05
2181,0.537647,-0.04735,0.000138677
2182,0.577433,-0.06068,0.000108959
2183,0.571737,-0.04192,0.000128389
2184,0.60026,-0.06413,5.47031e-05
2185,0.60026,-0.06413,5.47031e-05
2186,0.707105,-0.12888,-0.000165015
2187,0.627589,-0.08029,7.53321e-05
2188,0.627589,-0.08029,7.53321e-05
2189,0.627589,-0.08029,7.53321e-05
2190,0.629456,-0.08316,9.8696e-05
2191,0.559538,-0.02972,0.000171054
2192,0.52731,-0.02527,6.70224e-05
2193,0.52731,-0.02527,6.70224e-05
2194,0.555313,-0.03922,5.82095e-06
2195,0.555313,-0.03922,5.82095e-06
2196,0.579766,-0.03388,-3.43459e-05
2197,0.649242,-0.07173,4.2056e-05
2198,0.648739,-0.08039,-2.12437e-05
2199,0.631064,-0.07394,7.03722e-05
2200,0.7039,-0.10186,-8.576e-05
2201,0.695409,-0.09677,-0.000210581
2202,0.695409,-0.09677,-0.000210581
2203,0.695409,-0.09677,-0.000210581
2204,0.780168,-0.1442,5.27848e-05
2205,0.780168,-0.1442,5.27848e-05
2206,0.821926,-0.15114,-6.20193e-06
2207,0.846168,-0.19176,-0.000107868
2208,0.832006,-0.18258,-0.000311257
2209,0.885462,-0.20218,4.12589e-08
2210,0.796774,-0.1694,-4.11828e-05
2211,0.796774,-0.1694,-4.11827e-05
2212,0.738906,-0.14497,0.000102058
2213,0.738906,-0.14497,0.000102058
2214,0.681369,-0.11733,2.89848e-05
2215,0.702439,-0.13439,-4.44143e-05
2216,0.702439,-0.13439,-4.44143e-05
2217,0.702439,-0.13439,-4.44143e-05
2218,0.686464,-0.12616,-0.000188553
2219,0.686464,-0.12616,-0.000188553
2220,0.689288,-0.12802,-8.55851e-05
2221,0.650325,-0.12363,6.69005e-05
2222,0.612479,-0.11965,-0.000130031
2223,0.70377,-0.14401,0.000136887
2224,0.70377,-0.14401,0.000136887
2225,0.552903,-0.06555,4.59197e-05
2226,0.606267,-0.09575,-0.000102715
2227,0.719132,-0.13239,-0.00014868
2228,0.734204,-0.13736,-0.000182965
2229,0.734204,-0.13736,-0.000182965
2230,0.701867,-0.11642,-5.14575e-05
2231,0.740605,-0.13021,9.5202e-05
2232,0.740605,-0.13021,9.5202e-05
2233,0.740605,-0.13021,9.5202e-05
2234,0.744874,-0.14002,-0.000181774
2235,0.713755,-0.13134,-0.000262347
2236,0.713755,-0.13134,-0.000262347
2237,0.662175,-0.09805,-0.000120298
2238,0.633001,-0.10747,-3.70365e-05
2239,0.531713,-0.04186,-0.000101979
2240,0.566358,-0.07007,0.000180696
2241,0.566358,-0.07007,0.000180696
2242,0.581645,-0.07622,-1.86363e-05
2243,0.650588,-0.12324,7.30661e-05
2244,0.643363,-0.08456,0.000101092
2245,0.535235,-0.03201,-4.17935e-05
2246,0.535235,-0.03201,-4.17935e-05
2247,0.607792,-0.07561,7.89344e-05
2248,0.607792,-0.07561,7.89344e-05
2249,0.518126,-0.03026,5.72142e-05
2250,0.518126,-0.03026,5.72142e-05
2251,0.521868,-0.03215,2.35283e-05
2252,0.521868,-0.03215,2.35283e-05
2253,0.521868,-0.03215,2.35283e-05
2254,0.498128,0.004647,-1.27045e-05
2255,0.528561,-0.03263,0.000211567
2256,0.545347,-0.02582,-0.000101948
2257,0.545347,-0.02582,-0.000101948
2258,0.545347,-0.02582,-0.000101948
2259,0.579939,-0.04439,5.86447e-05
2260,0.628022,-0.06845,8.02239e-05
2261,0.576769,-0.03485,-0.000159929
2262,0.737651,-0.11399,-5.23141e-05
2263,0.737651,-0.11399,-5.23141e-05
2264,0.755124,-0.11192,3.95725e-05
2265,0.755124,-0.11192,3.95725e-05
2266,0.857378,-0.14771,-0.000108219
2267,0.840624,-0.13161,-0.000287949
2268,0.840624,-0.13161,-0.000287949
2269,0.875417,-0.14714,-0.000189077
2270,0.87827,-0.13683,7.49157e-05
2271,0.87827,-0.13683,7.49157e-05
2272,0.87827,-0.13683,7.49157e-05
2273,0.862514,-0.15587,3.09119e-05
2274,0.862514,-0.15587,3.09119e-05
2275,0.861524,-0.16743,-0.000152257
2276,0.861524,-0.16743,-0.000152257
2277,0.947369,-0.19486,5.75868e-06
2278,0.963903,-0.20213,-0.000196353
2279,0.791516,-0.13329,-0.000133194
2280,0.853667,-0.14175,3.48007e-05
2281,0.831244,-0.1541,0.000106702
2282,0.831244,-0.1541,0.000106702
2283,0.831244,-0.1541,0.000106702
2284,0.894251,-0.19544,5.49515e-05
2285,0.948182,-0.20948,-2.78588e-05
2286,0.948182,-0.20948,-2.78588e-05
2287,0.948182,-0.20948,-2.78588e-05
2288,0.819522,-0.17808,-5.34406e-06
2289,0.909572,-0.19088,-7.65591e-06
2290,0.867279,-0.16785,-1.16542e-05
2291,0.876213,-0.16868,2.63443e-05
2292,0.876213,-0.16868,2.63443e-05
2293,0.876213,-0.16868,2.63443e-05
2294,0.876213,-0.16868,2.63443e-05
2295,0.905588,-0.17916,0.000218255
2296,0.80953,-0.12297,0.000273709
2297,0.823005,-0.1339,0.000111389
2298,0.689527,-0.08542,7.22404e-05
2299,0.689527,-0.08542,7.22404e-05
2300,0.734366,-0.11314,0.000147684
2301,0.805101,-0.1485,-7.88139e-05
2302,0.724138,-0.11666,-3.23163e-06
2303,0.724138,-0.11666,-3.23163e-06
2304,0.724138,-0.11666,-3.23163e-06
2305,0.724138,-0.11666,-3.23163e-06
2306,0.71997,-0.11272,8.71531e-05
2307,0.73071,-0.10841,-0.000115978
2308,0.650039,-0.05003,-1.73484e-05
2309,0.650039,-0.05003,-1.73484e-05
2310,0.688626,-0.05751,5.29891e-05
2311,0.688626,-0.05751,5.29891e-05
2312,0.688626,-0.05751,5.29891e-05
2313,0.670391,-0.06304,-3.14426e-05
2314,0.670391,-0.06304,-3.14426e-05
2315,0.670391,-0.06304,-3.14426e-05
2316,0.670391,-0.06304,-3.14426e-05
2317,0.702805,-0.07516,9.66253e-05
2318,0.702805,-0.07516,9.66253e-05
2319,0.712072,-0.09536,-2.35371e-05
2320,0.764801,-0.10953,-2.85611e-05
2321,0.666257,-0.07625,-7.09934e-05
2322,0.661368,-0.07927,0.000113255
2323,0.661368,-0.07927,0.000113255
2324,0.661368,-0.07927,0.000113255
2325,0.661368,-0.07927,0.000113255
2326,0.714685,-0.08956,9.38755e-05
2327,0.714685,-0.08956,9.38755e-05
2328,0.653923,-0.08344,6.47073e-05
2329,0.653923,-0.08344,6.47073e-05
2330,0.653923,-0.08344,6.47073e-05
2331,0.653923,-0.08344,6.47073e-05
2332,0.646529,-0.08723,-3.54377e-05
2333,0.690558,-0.10978,2.85614e-05
2334,0.690558,-0.10978,2.85614e-05
2335,0.690558,-0.10978,2.85614e-05
2336,0.758764,-0.16025,9.92658e-05
2337,0.82047,-0.19283,0.000151044
2338,0.82047,-0.19283,0.000151044
2339,0.685322,-0.12389,6.02528e-05
2340,0.685322,-0.12389,6.02528e-05
2341,0.685322,-0.12389,6.02529e-05
2342,0.685322,-0.12389,6.02529e-05
2343,0.685322,-0.12389,6.02529e-05
2344,0.651485,-0.10698,-0.000205506
2345,0.651485,-0.10698,-0.000205506
2346,0.593968,-0.0721,-5.40398e-06
2347,0.653468,-0.11119,2.45049e-05
2348,0.709873,-0.14186,-9.04629e-05
2349,0.709873,-0.14186,-9.04629e-05
2350,0.689651,-0.13035,-1.03526e-05
2351,0.687145,-0.14083,3.15622e-05
2352,0.684923,-0.12952,-0.000134724
2353,0.684923,-0.12952,-0.000134724
2354,0.745232,-0.1687,5.22975e-05
2355,0.655729,-0.12954,-5.65433e-05
2356,0.758325,-0.18076,-0.000102465
2357,0.787681,-0.20215,-6.47052e-05
2358,0.925886,-0.24339,-0.000128865
2359,0.949776,-0.25151,-7.63503e-05
2360,0.949776,-0.25151,-7.63503e-05
2361,0.968292,-0.24645,3.8749e-05
2362,0.767442,-0.17235,-0.000106391
2363,0.741633,-0.17045,2.43486e-05
2364,0.756262,-0.17442,-9.76167e-05
2365,0.756262,-0.17442,-9.76167e-05
2366,0.652296,-0.12834,4.96664e-05
2367,0.647154,-0.11883,6.72561e-06
2368,0.581597,-0.10923,6.28311e-05
2369,0.581597,-0.10923,6.28311e-05
2370,0.641483,-0.1282,9.30601e-05
2371,0.641483,-0.1282,9.30601e-05
2372,0.661694,-0.11731,-6.5567e-05
2373,0.581152,-0.08859,-4.07875e-05
2374,0.616799,-0.09828,0.000101663
2375,0.616799,-0.09828,0.000101663
2376,0.616799,-0.09828,0.000101663
2377,0.616799,-0.09828,0.000101663
2378,0.616799,-0.09828,0.000101663
2379,0.616799,-0.09828,0.000101663
2380,0.616799,-0.09828,0.000101663
2381,0.616799,-0.09828,0.000101663
2382,0.616799,-0.09828,0.000101663
2383,0.583522,-0.08804,3.55383e-05
2384,0.633263,-0.11641,0.000151052
2385,0.616543,-0.0943,0.000151251
2386,0.62912,-0.1086,0.000250385
2387,0.595004,-0.10292,9.13424e-05
2388,0.531142,-0.06874,9.16865e-05
2389,0.454997,-0.03331,-5.94198e-05
2390,0.460748,-0.02175,9.13225e-05
2391,0.416006,0.007068,3.61668e-05
2392,0.416006,0.007068,3.61668e-05
2393,0.426075,-0.00768,7.63695e-05
2394,0.426075,-0.00768,7.63695e-05
2395,0.426075,-0.00768,7.63695e-05
2396,0.426075,-0.00768,7.63695e-05
2397,0.367318,0.046652,1.31978e-05
2398,0.367318,0.046652,1.31978e-05
2399,0.365431,0.053454,-0.000112708
2400,0.389073,0.034718,1.10839e-06
2401,0.374964,0.021029,-2.76248e-05
2402,0.392088,0.010301,-3.36539e-05
2403,0.392088,0.010301,-3.36539e-05
2404,0.392088,0.010301,-3.36539e-05
2405,0.408289,-0.01705,3.72473e-05
2406,0.358532,0.0071,8.2216e-05
2407,0.358532,0.0071,8.2216e-05
2408,0.366324,0.01204,0.000113026
2409,0.384837,0.032173,1.51323e-05
2410,0.384837,0.032173,1.51323e-05
2411,0.370679,0.054023,3.47777e-05
2412,0.342554,0.079292,-0.000125749
2413,0.30745,0.090171,0.000140675
2414,0.362303,0.052852,7.44143e-05
2415,0.362303,0.052852,7.44143e-05
2416,0.367585,0.076567,-4.37146e-05
2417,0.367585,0.076567,-4.37146e-05
2418,0.367585,0.076567,-4.37146e-05
2419,0.367585,0.076567,-4.37146e-05
2420,0.350037,0.09451,-9.00892e-05
2421,0.350037,0.09451,-9.00892e-05
2422,0.326651,0.101335,-2.78105e-05
2423,0.326651,0.101335,-2.78105e-05
2424,0.352795,0.075968,-8.30002e-05
2425,0.352795,0.075968,-8.30002e-05
2426,0.372035,0.062842,-0.000111778
2427,0.336374,0.082653,-5.05882e-05
2428,0.356895,0.065991,-1.56103e-05
2429,0.413422,0.012927,-7.92391e-05
2430,0.416548,0.00832,-6.36934e-05
2431,0.457995,-0.03502,-0.00014492
2432,0.450459,-0.03773,1.16257e-05
2433,0.436626,-0.037,4.8402e-05
2434,0.47088,-0.04411,1.03964e-05
2435,0.47088,-0.04411,1.03964e-05
2436,0.458296,-0.0269,-0.000163366
2437,0.458296,-0.0269,-0.000163366
2438,0.395213,-0.01155,6.30777e-05
2439,0.395213,-0.01155,6.30777e-05
2440,0.37587,-0.01247,6.78715e-05
2441,0.387052,-0.0023,7.46667e-05
2442,0.387052,-0.0023,7.46667e-05
2443,0.423472,0.004296,0.000170599
2444,0.429009,-0.00113,1.7376e-05
2445,0.444094,-0.03537,-4.0867e-06
2446,0.444094,-0.03537,-4.0867e-06
2447,0.49364,-0.06148,-0.000119857
2448,0.49364,-0.06148,-0.000119857
2449,0.507457,-0.06653,0.000104768
2450,0.507457,-0.06653,0.000104768
2451,0.551861,-0.09339,6.94809e-05
2452,0.522653,-0.07474,5.77946e-05
2453,0.522653,-0.07474,5.77946e-05
2454,0.522653,-0.07474,5.77946e-05
2455,0.522653,-0.07474,5.77946e-05
2456,0.522653,-0.07474,5.77946e-05
2457,0.547589,-0.09325,3.6831e-05
2458,0.507895,-0.05637,-9.61834e-05
2459,0.458223,-0.02852,2.63232e-05
2460,0.531824,-0.08223,0.000161687
2461,0.531824,-0.08223,0.000161687
2462,0.531824,-0.08223,0.000161687
2463,0.531824,-0.08223,0.000161687
2464,0.626981,-0.11627,7.3273e-05
2465,0.614196,-0.11891,0.000121386
2466,0.614196,-0.11891,0.000121386
2467,0.573961,-0.09845,0.000159685
2468,0.573961,-0.09845,0.000159685
2469,0.661226,-0.12815,-2.23071e-05
2470,0.661226,-0.12815,-2.23071e-05
2471,0.661226,-0.12815,-2.23071e-05
2472,0.661226,-0.12815,-2.23071e-05
2473,0.720974,-0.1437,0.000211689
2474,0.659015,-0.09868,-3.88566e-05
2475,0.659015,-0.09868,-3.88566e-05
2476,0.612867,-0.08277,3.1098e-06
2477,0.64775,-0.09213,-0.000115658
2478,0.64775,-0.09213,-0.000115658
2479,0.555191,-0.05318,-2.53823e-05
2480,0.62315,-0.11096,-0.000128778
2481,0.602185,-0.10471,1.56397e-05
2482,0.602185,-0.10471,1.56397e-05
2483,0.602185,-0.10471,1.56397e-05
2484,0.636749,-0.08996,0.000150864
2485,0.727271,-0.14555,4.4139e-05
2486,0.74783,-0.14972,9.17669e-05
2487,0.748072,-0.14447,7.4053e-05
2488,0.748072,-0.14447,7.4053e-05
2489,0.748072,-0.14447,7.4053e-05
2490,0.748072,-0.14447,7.4053e-05
2491,0.779293,-0.16649,3.27982e-06
2492,0.66743,-0.13517,-6.5262e-05
2493,0.667255,-0.13697,1.85637e-06
2494,0.667255,-0.13697,1.85637e-06
2495,0.641861,-0.12337,-0.000134527
2496,0.641861,-0.12337,-0.000134527
2497,0.731372,-0.16017,4.86539e-05
2498,0.791904,-0.1785,-0.000145289
2499,0.791904,-0.1785,-0.000145289
2500,0.719132,-0.15968,-0.000171055
2501,0.735845,-0.17385,-7.50904e-05
2502,0.781452,-0.15786,-2.44214e-05
2503,0.862873,-0.18831,-2.72595e-05
2504,0.957632,-0.22672,-0.000111145
2505,0.876334,-0.19265,-0.000200313
2506,0.880396,-0.17996,-8.16374e-05
2507,0.80997,-0.15256,-3.81603e-05
2508,0.878567,-0.18066,-0.000171343
2509,0.862833,-0.15604,-2.05853e-06
2510,0.80866,-0.15262,-0.000190366
2511,0.745214,-0.10123,-5.2855e-05
2512,0.729059,-0.08983,-3.45917e-05
2513,0.729059,-0.08983,-3.45917e-05
2514,0.729059,-0.08983,-3.45917e-05
2515,0.729059,-0.08983,-3.45917e-05
2516,0.729059,-0.08983,-3.45917e-05
2517,0.776764,-0.12126,-2.98891e-06
2518,0.68178,-0.08265,-8.08884e-05
2519,0.634435,-0.06887,6.19425e-05
2520,0.61067,-0.06235,6.89493e-05
2521,0.61067,-0.06235,6.89493e-05
2522,0.671546,-0.09857,3.71102e-05
2523,0.599923,-0.07095,-7.06705e-05
2524,0.531971,-0.04635,-1.32465e-05
2525,0.634916,-0.11071,-0.000220361
2526,0.634916,-0.11071,-0.000220361
2527,0.650564,-0.08928,-0.000134641
2528,0.63882,-0.11207,9.91354e-05
2529,0.63882,-0.11207,9.91354e-05
2530,0.63882,-0.11207,9.91354e-05
2531,0.63882,-0.11207,9.91354e-05
2532,0.589453,-0.08967,-4.3561e-05
2533,0.598322,-0.09262,0.000102754
2534,0.482609,-0.04562,4.57478e-05
2535,0.521198,-0.08251,0.00019449
2536,0.521198,-0.08251,0.00019449
2537,0.454229,-0.06505,0.000142613
2538,0.469764,-0.08191,2.14114e-05
2539,0.469764,-0.08191,2.14114e-05
2540,0.504031,-0.06978,-1.87496e-05
2541,0.504031,-0.06978,-1.87496e-05
2542,0.520833,-0.07124,8.84714e-05
2543,0.493863,-0.05441,-5.48689e-05
2544,0.485917,-0.04297,0.00022654
2545,0.485917,-0.04297,0.00022654
2546,0.485917,-0.04297,0.00022654
2547,0.485917,-0.04297,0.00022654
2548,0.485917,-0.04297,0.00022654
2549,0.485917,-0.04297,0.00022654
2550,0.485917,-0.04297,0.00022654
2551,0.506115,-0.06346,0.000168666
2552,0.507782,-0.04759,0.000152759
2553,0.507782,-0.04759,0.000152759
2554,0.507782,-0.04759,0.000152759
2555,0.519165,-0.04498,0.000232701
2556,0.519165,-0.04498,0.000232701
2557,0.511213,-0.06018,0.000208252
2558,0.511213,-0.06018,0.000208252
2559,0.579852,-0.11063,0.000145874
2560,0.657039,-0.13833,5.67238e-05
2561,0.578423,-0.11651,6.19049e-05
2562,0.528883,-0.09472,0.000118627
2563,0.528883,-0.09472,0.000118627
2564,0.530346,-0.08071,0.000112596
2565,0.530346,-0.08071,0.000112596
2566,0.530346,-0.08071,0.000112596
2567,0.530346,-0.08071,0.000112596
2568,0.594578,-0.09331,-5.72744e-05
2569,0.623387,-0.0915,6.91251e-05
2570,0.625153,-0.10495,-9.57952e-05
2571,0.6097,-0.0944,4.32516e-05
2572,0.596977,-0.09935,1.32241e-05
2573,0.572623,-0.08835,-5.45013e-05
2574,0.5243,-0.05109,-0.000118452
2575,0.5243,-0.05109,-0.000118452
2576,0.487501,-0.06673,-2.09921e-05
2577,0.573585,-0.08787,-9.93673e-05
2578,0.573585,-0.08787,-9.93673e-05
2579,0.557995,-0.07413,-0.000114178
2580,0.557995,-0.07413,-0.000114178
2581,0.557995,-0.07413,-0.000114178
2582,0.589818,-0.09385,-0.000102648
2583,0.589818,-0.09385,-0.000102648
2584,0.630692,-0.11962,-3.39787e-05
2585,0.630692,-0.11962,-3.39787e-05
2586,0.630692,-0.11962,-3.39787e-05
2587,0.630692,-0.11962,-3.39787e-05
2588,0.663274,-0.12411,4.99737e-05
2589,0.678203,-0.12635,-6.10528e-05
2590,0.678203,-0.12635,-6.10528e-05
2591,0.678203,-0.12635,-6.10528e-05
2592,0.615045,-0.08354,-6.49146e-05
2593,0.615045,-0.08354,-6.49146e-05
2594,0.687869,-0.13489,-0.000205375
2595,0.661241,-0.12339,-9.93881e-05
2596,0.636831,-0.1043,-0.000227279
2597,0.677438,-0.13019,-2.8874e-05
2598,0.633374,-0.1025,-5.53905e-05
2599,0.603629,-0.08805,4.63002e-06
2600,0.557485,-0.0675,0.00018847
2601,0.519913,-0.04334,1.64742e-05
2602,0.583834,-0.08382,3.73352e-05
2603,0.692252,-0.14193,-4.70722e-05
2604,0.621603,-0.09367,6.617e-05
2605,0.621603,-0.09367,6.617e-05
2606,0.621603,-0.09367,6.617e-05
2607,0.602011,-0.07288,0.000126665
2608,0.602011,-0.07288,0.000126665
2609,0.602011,-0.07288,0.000126665
2610,0.602011,-0.07288,0.000126665
2611,0.545276,-0.05705,1.2614e-05
2612,0.545276,-0.05705,1.2614e-05
2613,0.632815,-0.12447,-2.76012e-06
2614,0.727316,-0.15315,0.000120161
2615,0.780018,-0.15119,5.80073e-05
2616,0.896009,-0.18903,-3.55706e-05
2617,0.915922,-0.19921,-6.94264e-05
2618,0.915922,-0.19921,-6.94264e-05
2619,0.915922,-0.19921,-6.94264e-05
2620,0.973845,-0.22789,-0.000132302
2621,0.973845,-0.22789,-0.000132302
2622,0.926865,-0.2102,7.90411e-05
2623,0.877367,-0.199,2.49423e-05
2624,0.877367,-0.199,2.49423e-05
2625,0.862824,-0.19978,-0.00014692
2626,0.857728,-0.24136,-0.000111143
2627,0.928291,-0.27301,-0.000213195
2628,0.854792,-0.21063,-0.000125479
2629,0.841498,-0.20661,1.55273e-05
2630,0.710339,-0.16773,0.000121208
2631,0.703377,-0.18873,-8.69559e-06
2632,0.735544,-0.20727,5.52248e-07
2633,0.735544,-0.20727,5.52248e-07
2634,0.688141,-0.18118,-5.36222e-06
2635,0.688141,-0.18118,-5.36222e-06
2636,0.688141,-0.18118,-5.36222e-06
2637,0.718301,-0.20095,-5.72665e-05
2638,0.695774,-0.17375,-0.000271424
2639,0.695774,-0.17375,-0.000271424
2640,0.619903,-0.13171,-0.000148954
2641,0.619903,-0.13171,-0.000148954
2642,0.593392,-0.09871,-8.95601e-06
2643,0.593392,-0.09871,-8.95601e-06
2644,0.593392,-0.09871,-8.95601e-06
2645,0.597639,-0.08519,7.22344e-05
2646,0.597639,-0.08519,7.22344e-05
2647,0.587335,-0.08938,1.66471e-05
2648,0.587335,-0.08938,1.66471e-05
2649,0.653284,-0.11933,9.48137e-06
2650,0.653284,-0.11933,9.48137e-06
2651,0.578994,-0.07058,3.2019e-05
2652,0.54026,-0.02185,5.87425e-05
2653,0.656597,-0.09878,-2.53616e-05
2654,0.670472,-0.08352,-5.53268e-05
2655,0.657202,-0.08806,0.000133264
2656,0.661946,-0.12078,-6.85015e-05
2657,0.666049,-0.12855,1.73092e-05
2658,0.642251,-0.10569,9.3997e-05
2659,0.68065,-0.11562,0.000103916
2660,0.715424,-0.12837,4.17726e-05
2661,0.727103,-0.11581,-0.000107738
2662,0.727103,-0.11581,-0.000107738
2663,0.727103,-0.11581,-0.000107738
2664,0.744857,-0.13905,-0.000115982
2665,0.96794,-0.21368,3.49046e-06
2666,0.96794,-0.21368,3.49046e-06
2667,0.933296,-0.19904,4.91845e-06
2668,0.933296,-0.19904,4.91845e-06
2669,0.941545,-0.20287,1.44981e-07
2670,0.975693,-0.20849,0.000155284
2671,1.0528,-0.23008,-0.000114868
2672,1.08247,-0.23679,-9.58108e-05
2673,1.08247,-0.23679,-9.58108e-05
2674,1.0689,-0.2331,-0.000251757
2675,1.04122,-0.21504,-9.69181e-05
2676,1.04122,-0.21504,-9.69181e-05
2677,0.90928,-0.16926,-6.55832e-05
2678,0.90928,-0.16926,-6.55832e-05
2679,0.90928,-0.16926,-6.55832e-05
2680,0.932381,-0.20923,-0.00010726
2681,0.932381,-0.20923,-0.00010726
2682,0.910666,-0.19105,-0.000112053
2683,0.910666,-0.19105,-0.000112053
2684,0.907864,-0.18917,-3.33635e-05
2685,0.866317,-0.18185,-0.000192734
2686,0.820306,-0.1815,7.78002e-06
2687,0.820306,-0.1815,7.78002e-06
2688,0.85135,-0.15372,-0.000110831
2689,0.85135,-0.15372,-0.000110831
2690,0.737616,-0.103,-0.000160998
2691,0.737616,-0.103,-0.000160998
2692,0.759952,-0.10461,-0.000141569
2693,0.699008,-0.1074,-0.000103938
2694,0.680115,-0.09844,9.82206e-07
2695,0.710851,-0.12001,1.77836e-05
2696,0.631266,-0.08999,7.82057e-05
2697,0.631266,-0.08999,7.82057e-05
2698,0.631266,-0.08999,7.82057e-05
2699,0.650381,-0.11115,2.71221e-05
2700,0.67798,-0.11606,1.75841e-05
2701,0.721235,-0.14227,0.000148704
2702,0.70616,-0.13606,4.23793e-05
2703,0.70616,-0.13606,4.23793e-05
2704,0.616246,-0.09813,-8.67611e-05
2705,0.616246,-0.09813,-8.67611e-05
2706,0.624556,-0.10323,2.82191e-05
2707,0.567299,-0.06944,-6.40186e-05
2708,0.567299,-0.06944,-6.40186e-05
2709,0.567299,-0.06944,-6.40186e-05
2710,0.567299,-0.06944,-6.40186e-05
2711,0.568266,-0.05041,3.73591e-05
2712,0.568266,-0.05041,3.73591e-05
2713,0.568266,-0.05041,3.73591e-05
2714,0.568266,-0.05041,3.73591e-05
2715,0.568266,-0.05041,3.73591e-05
2716,0.626636,-0.08007,-1.3448e-05
2717,0.626636,-0.08007,-1.3448e-05
2718,0.580308,-0.08681,-4.23275e-05
2719,0.580308,-0.08681,-4.23275e-05
2720,0.580308,-0.08681,-4.23275e-05
2721,0.585022,-0.09619,-0.000267138
2722,0.662181,-0.13444,-0.00012795
2723,0.662181,-0.13444,-0.00012795
2724,0.717998,-0.15281,-8.58715e-05
2725,0.717998,-0.15281,-8.58715e-05
2726,0.672362,-0.14159,0.00018454
2727,0.681373,-0.12663,-3.69549e-05
2728,0.681373,-0.12663,-3.69549e-05
2729,0.681373,-0.12663,-3.69549e-05
2730,0.681373,-0.12663,-3.69549e-05
2731,0.681373,-0.12663,-3.69549e-05
2732,0.681373,-0.12663,-3.69549e-05
2733,0.709584,-0.14319,-1.54711e-05
2734,0.828006,-0.18658,0.00025662
2735,0.828006,-0.18658,0.00025662
2736,0.819169,-0.18033,6.52623e-05
2737,0.697906,-0.12872,-1.92277e-05
2738,0.70819,-0.13719,0.000180805
2739,0.691903,-0.13736,-0.000107191
2740,0.691903,-0.13736,-0.000107191
2741,0.691903,-0.13736,-0.000107191
2742,0.697022,-0.1179,-6.73e-05
2743,0.635097,-0.11757,-0.000121465
2744,0.635097,-0.11757,-0.000121465
2745,0.606777,-0.09524,1.91668e-05
2746,0.594038,-0.08959,2.78063e-05
2747,0.594038,-0.08959,2.78063e-05
2748,0.594038,-0.08959,2.78063e-05
2749,0.548615,-0.06333,-3.43093e-05
2750,0.548615,-0.06333,-3.43093e-05
2751,0.548615,-0.06333,-3.43093e-05
2752,0.569201,-0.06369,-0.000104644
2753,0.569201,-0.06369,-0.000104644
2754,0.506554,5.4e-05,-0.000154736
2755,0.506554,5.4e-05,-0.000154736
2756,0.506554,5.4e-05,-0.000154736
2757,0.442801,0.051915,-0.000144514
2758,0.442801,0.051915,-0.000144514
2759,0.459449,0.030667,-0.000122957
2760,0.48601,0.032516,1.46719e-05
2761,0.507881,0.023524,0.000108492
2762,0.494525,0.038018,-7.01819e-05
2763,0.548458,0.012124,6.46511e-06
2764,0.582812,0.00333,2.43519e-05
2765,0.58266,0.00139,-2.42293e-05
2766,0.64018,-0.03453,9.1499e-05
2767,0.653651,-0.05114,0.000102962
2768,0.595269,-0.03368,-4.3745e-05
2769,0.595269,-0.03368,-4.3745e-05
2770,0.670888,-0.06415,0.00023599
2771,0.670888,-0.06415,0.00023599
2772,0.631133,-0.05961,2.78082e-05
2773,0.631133,-0.05961,2.78082e-05
2774,0.631133,-0.05961,2.78082e-05
2775,0.631133,-0.05961,2.78082e-05
2776,0.631133,-0.05961,2.78082e-05
2777,0.669929,-0.07323,0.000131873
2778,0.669929,-0.07323,0.000131873
2779,0.669929,-0.07323,0.000131873
2780,0.648666,-0.06017,-0.000118803
2781,0.648666,-0.06017,-0.000118803
2782,0.648666,-0.06017,-0.000118803
2783,0.648666,-0.06017,-0.000118803
2784,0.66659,-0.06891,-9.27572e-05
2785,0.66659,-0.06891,-9.27572e-05
2786,0.68464,-0.06393,-0.000127623
2787,0.68464,-0.06393,-0.000127623
2788,0.68464,-0.06393,-0.000127623
2789,0.68464,-0.06393,-0.000127623
2790,0.674917,-0.06894,0.000126268
2791,0.674917,-0.06894,0.000126268
2792,0.680798,-0.08362,-0.000226345
2793,0.651438,-0.06185,2.49573e-05
2794,0.651438,-0.06185,2.49573e-05
2795,0.651438,-0.06185,2.49573e-05
2796,0.651438,-0.06185,2.49573e-05
2797,0.651438,-0.06185,2.49573e-05
2798,0.699375,-0.08652,-8.78833e-05
2799,0.699375,-0.08652,-8.78833e-05
2800,0.699375,-0.08652,-8.78833e-05
2801,0.699375,-0.08652,-8.78834e-05
2802,0.653186,-0.07103,-0.000261026
2803,0.653186,-0.07103,-0.000261026
2804,0.754486,-0.14402,-6.58042e-05
2805,0.634398,-0.10298,0.000108301
2806,0.634398,-0.10298,0.000108301
2807,0.615925,-0.09027,1.31346e-05
2808,0.62559,-0.09156,9.15315e-05
2809,0.543155,-0.04519,-8.04103e-05
2810,0.574405,-0.04943,-0.000164414
2811,0.581017,-0.04835,1.22602e-05
2812,0.581017,-0.04835,1.22602e-05
2813,0.571718,-0.02808,7.0783e-05
2814,0.621366,-0.03185,0.000190812
2815,0.566635,-0.00819,-0.000104614
2816,0.566635,-0.00819,-0.000104614
2817,0.566635,-0.00819,-0.000104614
2818,0.566443,0.006628,0.000108191
2819,0.611706,-0.01777,-7.90162e-05
2820,0.611706,-0.01777,-7.90162e-05
2821,0.611706,-0.01777,-7.90163e-05
2822,0.553067,-0.00258,-0.000172723
2823,0.553067,-0.00258,-0.000172723
2824,0.614602,0.003618,0.000121607
2825,0.614602,0.003618,0.000121607
2826,0.647608,-0.0284,-0.000104801
2827,0.711127,-0.05333,-8.2326e-05
2828,0.711127,-0.05333,-8.2326e-05
2829,0.698132,-0.05089,-0.000136501
2830,0.729555,-0.07626,-0.000171869
2831,0.729555,-0.07626,-0.000171869
2832,0.797007,-0.14455,-7.29619e-05
2833,0.797007,-0.14455,-7.29619e-05
2834,0.797007,-0.14455,-7.29619e-05
2835,0.797007,-0.14455,-7.29619e-05
2836,0.842708,-0.1632,-4.86853e-05
2837,0.821803,-0.14314,0.000114789
2838,0.822996,-0.14535,-2.8328e-06
2839,0.954098,-0.18688,-0.000218296
2840,1.00306,-0.20134,-0.000143928
2841,0.943794,-0.21045,2.24596e-05
2842,0.943794,-0.21045,2.24596e-05
2843,0.966741,-0.24392,-3.16092e-05
2844,0.966741,-0.24392,-3.16092e-05
2845,1.07359,-0.27317,6.02934e-05
2846,0.996026,-0.23572,0.00013131
2847,0.967811,-0.22282,0.000299293
2848,0.973374,-0.22455,-2.80119e-05
2849,0.960346,-0.21392,-0.000124857
2850,0.974402,-0.24667,4.79581e-05
2851,0.974402,-0.24667,4.79582e-05
2852,0.875999,-0.18988,-0.000164537
2853,0.829974,-0.16744,6.73093e-05
2854,0.829974,-0.16744,6.73093e-05
2855,0.762592,-0.13686,-0.000100239
2856,0.762592,-0.13686,-0.000100239
2857,0.762592,-0.13686,-0.000100239
2858,0.716202,-0.11825,9.74121e-05
2859,0.716202,-0.11825,9.74121e-05
2860,0.716202,-0.11825,9.74121e-05
2861,0.709851,-0.12676,2.31021e-05
2862,0.709851,-0.12676,2.31021e-05
2863,0.721519,-0.12923,1.41924e-05
2864,0.828413,-0.15768,3.8296e-05
2865,0.772322,-0.15527,0.000186806
2866,0.729499,-0.14589,0.00015192
2867,0.659506,-0.094,0.000177439
2868,0.677941,-0.09304,0.000228148
2869,0.733192,-0.11512,-3.01298e-05
2870,0.600616,-0.05585,-0.000157744
2871,0.700258,-0.10637,-0.000272305
2872,0.700258,-0.10637,-0.000272305
2873,0.710165,-0.10112,-0.000213446
2874,0.641868,-0.08835,-0.000240911
2875,0.582856,-0.04794,-0.000101209
2876,0.588431,-0.04986,6.96571e-05
2877,0.588431,-0.04986,6.96571e-05
2878,0.590923,-0.07563,-0.000133427
2879,0.608919,-0.07406,-3.5283e-05
2880,0.601551,-0.04224,7.71487e-05
2881,0.578636,-0.03942,0.000106766
2882,0.578636,-0.03942,0.000106766
2883,0.534519,-0.00997,-2.05943e-05
2884,0.496175,0.015865,3.07173e-05
2885,0.496175,0.015865,3.07173e-05
2886,0.591409,-0.03392,-0.000122938
2887,0.634962,-0.06362,-1.4164e-05
2888,0.634962,-0.06362,-1.4164e-05
2889,0.634962,-0.06362,-1.4164e-05
2890,0.636264,-0.05444,-7.73496e-05
2891,0.565109,-0.02598,3.44508e-05
2892,0.565109,-0.02598,3.44508e-05
2893,0.53125,-0.02505,-2.24415e-05
2894,0.525164,-0.03421,-9.31994e-05
2895,0.48838,0.002845,7.17537e-05
2896,0.535043,-0.00844,-9.29863e-05
2897,0.559423,-0.01972,-9.45509e-05
2898,0.595178,-0.03578,5.82627e-05
2899,0.570163,-0.03446,8.68222e-05
2900,0.655395,-0.0913,6.43493e-05
2901,0.655395,-0.0913,6.43493e-05
2902,0.593711,-0.06104,-3.33882e-05
2903,0.555266,-0.04341,0.000109069
2904,0.555266,-0.04341,0.000109069
2905,0.50549,-0.044,0.000152435
2906,0.442863,-0.0052,0.000101345
2907,0.442863,-0.0052,0.000101345
2908,0.462461,-0.0214,0.000110933
2909,0.462461,-0.0214,0.000110933
2910,0.462461,-0.0214,0.000110933
2911,0.462461,-0.0214,0.000110933
2912,0.510442,-0.0342,5.04194e-05
2913,0.510442,-0.0342,5.04194e-05
2914,0.462819,-0.03122,-3.15974e-05
2915,0.418944,-0.02042,4.34307e-05
2916,0.417685,-0.01089,5.53438e-05
2917,0.551632,-0.07087,5.4793e-05
2918,0.534938,-0.03018,-3.7264e-05
2919,0.55167,-0.04863,2.77216e-05
2920,0.632383,-0.09771,0.000164806
2921,0.547075,-0.0474,9.80274e-06
2922,0.547075,-0.0474,9.80274e-06
2923,0.547075,-0.0474,9.80274e-06
2924,0.578889,-0.04868,9.68308e-05
2925,0.609555,-0.05278,3.07136e-05
2926,0.589507,-0.05178,0.00016555
2927,0.656111,-0.08897,8.97967e-05
2928,0.605919,-0.09043,0.000151913
2929,0.605919,-0.09043,0.000151913
2930,0.582165,-0.07786,0.000144855
2931,0.582165,-0.07786,0.000144855
2932,0.512332,-0.04325,0.000136095
2933,0.532292,-0.05803,6.07885e-05
2934,0.532292,-0.05803,6.07885e-05
2935,0.51607,-0.02883,6.70294e-05
2936,0.468057,-0.02153,-4.41351e-05
2937,0.4941,-0.02903,0.000175044
2938,0.4941,-0.02903,0.000175044
2939,0.53377,-0.08886,8.95811e-05
2940,0.504633,-0.04554,-7.93819e-05
2941,0.508387,-0.05643,0.00010398
2942,0.494817,-0.03026,9.44887e-05
2943,0.494817,-0.03026,9.44887e-05
2944,0.494817,-0.03026,9.44887e-05
2945,0.494817,-0.03026,9.44887e-05
2946,0.468823,-0.01394,1.96673e-05
2947,0.494925,-0.04648,9.95472e-05
2948,0.484628,-0.01779,-8.04612e-06
2949,0.477662,-0.03884,4.8389e-05
2950,0.477662,-0.03884,4.8389e-05
2951,0.444578,-0.015,0.000227124
2952,0.504731,-0.04271,0.000119384
2953,0.466002,-0.02735,0.000120977
2954,0.521809,-0.03102,0.000246804
2955,0.478155,0.000641,-0.000135513
2956,0.545,-0.04421,-3.17342e-05
2957,0.467985,-0.02306,-0.000154817
2958,0.467985,-0.02306,-0.000154817
2959,0.538538,-0.0371,-2.61827e-05
2960,0.564961,-0.04076,6.26962e-05
2961,0.564961,-0.04076,6.26963e-05
2962,0.597491,-0.08072,6.99003e-05
2963,0.597491,-0.08072,6.99003e-05
2964,0.597491,-0.08072,6.99003e-05
2965,0.597491,-0.08072,6.99003e-05
2966,0.617139,-0.07031,2.03367e-05
2967,0.617139,-0.07031,2.03367e-05
2968,0.617139,-0.07031,2.03367e-05
2969,0.617139,-0.07031,2.03367e-05
2970,0.617139,-0.07031,2.03367e-05
2971,0.574196,-0.05429,0.000176144
2972,0.523663,-0.02815,-4.56567e-06
2973,0.523663,-0.02815,-4.56567e-06
2974,0.523663,-0.02815,-4.56567e-06
2975,0.527155,-0.04462,0.000101585
2976,0.510128,-0.03288,5.27869e-05
2977,0.510128,-0.03288,5.27869e-05
2978,0.487054,-0.03867,-8.58963e-05
2979,0.535048,-0.05356,-2.22958e-05
2980,0.557989,-0.06087,-1.92836e-05
2981,0.576957,-0.06253,-9.12449e-06
2982,0.574912,-0.05189,-1.02087e-06
2983,0.586997,-0.07233,3.46364e-05
2984,0.585882,-0.08459,-8.80724e-06
2985,0.585882,-0.08459,-8.80724e-06
2986,0.562494,-0.07756,-7.05852e-05
2987,0.562494,-0.07756,-7.05852e-05
2988,0.51042,-0.04984,1.55774e-06
2989,0.49165,-0.02581,-0.000118674
2990,0.437664,0.007408,3.06164e-05
2991,0.465128,-0.03017,-7.55714e-06
2992,0.504556,-0.0423,0.000125026
2993,0.504556,-0.0423,0.000125026
2994,0.504556,-0.0423,0.000125026
2995,0.504556,-0.0423,0.000125026
2996,0.504556,-0.0423,0.000125026
2997,0.504556,-0.0423,0.000125026
2998,0.490994,-0.03455,6.30717e-05
2999,0.554604,-0.08609,-3.61566e-05
3000,0.474165,-0.04864,-2.67369e-05
3001,0.474165,-0.04864,-2.67369e-05
3002,0.474165,-0.04864,-2.67369e-05
3003,0.471737,-0.07,0.000105799
3004,0.471737,-0.07,0.000105799
3005,0.471737,-0.07,0.000105799
3006,0.471737,-0.07,0.000105799
3007,0.473113,-0.05908,0.000167983
3008,0.494292,-0.07137,0.000139702
3009,0.494292,-0.07137,0.000139702
3010,0.516355,-0.07884,0.000160275
3011,0.527241,-0.10787,0.000137762
3012,0.553916,-0.14434,0.000192127
3013,0.589165,-0.17713,2.92799e-05
3014,0.683223,-0.1989,1.15664e-05
3015,0.779656,-0.20725,-0.000158582
3016,0.762736,-0.22364,-6.47225e-05
3017,0.904073,-0.26848,-0.000224707
3018,1.06411,-0.31685,0.000190574
3019,1.06411,-0.31685,0.000190574
3020,1.06411,-0.31685,0.000190574
3021,1.00043,-0.31168,0.000115356
3022,0.860194,-0.27519,0.000159212
3023,0.860194,-0.27519,0.000159212
3024,0.860194,-0.27519,0.000159212
3025,0.860194,-0.27519,0.000159212
3026,0.860194,-0.27519,0.000159212
3027,0.860194,-0.27519,0.000159212
3028,0.913832,-0.31849,0.000362562
3029,0.837843,-0.29267,-6.91825e-05
3030,0.805563,-0.27609,-1.72298e-05
3031,0.805563,-0.27609,-1.72299e-05
3032,0.805563,-0.27609,-1.72299e-05
3033,0.805563,-0.27609,-1.72299e-05
3034,0.707736,-0.24131,-5.3589e-05
3035,0.731369,-0.23745,-6.93386e-05
3036,0.731369,-0.23745,-6.93386e-05
3037,0.769282,-0.27617,3.00869e-05
3038,0.696149,-0.22621,-0.00010996
3039,0.633069,-0.19804,-5.5649e-05
3040,0.554888,-0.17765,5.80658e-05
3041,0.554888,-0.17765,5.80658e-05
3042,0.554888,-0.17765,5.80658e-05
3043,0.594019,-0.16466,0.000195708
3044,0.594019,-0.16466,0.000195708
3045,0.594019,-0.16466,0.000195708
3046,0.589036,-0.14367,-0.000141272
3047,0.561635,-0.12494,5.57654e-05
3048,0.561635,-0.12494,5.57654e-05
3049,0.561337,-0.13751,-7.50609e-05
3050,0.537626,-0.1058,1.29278e-06
3051,0.559136,-0.10961,4.99407e-05
3052,0.471234,-0.06443,-0.00020282
3053,0.523749,-0.08539,-0.000147936
3054,0.514815,-0.06456,2.28285e-05
3055,0.482647,-0.05835,-2.07283e-05
3056,0.500628,-0.06763,0.000212061
3057,0.493664,-0.05756,4.91538e-06
3058,0.511193,-0.05275,-3.10703e-05
3059,0.529606,-0.03995,9.0648e-05
3060,0.486549,-0.02827,-2.0148e-05
3061,0.59249,-0.08552,-0.000107786
3062,0.573058,-0.08186,-4.85745e-05
3063,0.573058,-0.08186,-4.85745e-05
3064,0.54548,-0.06099,-2.9978e-05
3065,0.54548,-0.06099,-2.9978e-05
3066,0.588475,-0.06434,6.29008e-06
3067,0.718112,-0.13875,0.000143264
3068,0.678504,-0.1035,8.93874e-05
3069,0.678504,-0.1035,8.93874e-05
3070,0.579086,-0.06573,-2.30724e-05
3071,0.590371,-0.06476,2.88561e-05
3072,0.609998,-0.06773,0.000147194
3073,0.548443,-0.03707,-0.000101941
3074,0.488855,-0.00956,-0.000123552
3075,0.433273,0.004284,-5.24532e-05
3076,0.455857,-0.02197,-4.58644e-05
3077,0.530066,-0.05804,6.11823e-05
3078,0.530066,-0.05804,6.11823e-05
3079,0.530066,-0.05804,6.11823e-05
3080,0.544634,-0.07943,0.000118667
3081,0.570958,-0.0892,0.000116564
3082,0.570958,-0.0892,0.000116564
3083,0.475349,-0.04102,1.14942e-05
3084,0.554156,-0.07676,0.000222297
3085,0.594502,-0.09621,8.11389e-05
3086,0.594502,-0.09621,8.11389e-05
3087,0.568523,-0.08794,-2.94057e-05
3088,0.57818,-0.07232,-0.000151337
3089,0.57818,-0.07232,-0.000151337
3090,0.57818,-0.07232,-0.000151337
3091,0.57818,-0.07232,-0.000151337
3092,0.569109,-0.06826,4.42158e-06
3093,0.569109,-0.06826,4.42158e-06
3094,0.590049,-0.06722,2.70764e-05
3095,0.539752,-0.03935,-6.88567e-07
3096,0.628992,-0.072,-7.36776e-05
3097,0.613738,-0.04978,5.51976e-05
3098,0.613738,-0.04978,5.51976e-05
3099,0.589994,-0.04013,-0.000135076
3100,0.589994,-0.04013,-0.000135076
3101,0.591278,-0.04699,3.50385e-05
3102,0.576697,-0.02179,0.000106521
3103,0.662673,-0.06418,-7.82982e-06
3104,0.732319,-0.10613,0.000140869
3105,0.639994,-0.06709,4.63738e-05
3106,0.659074,-0.08452,0.000132253
3107,0.659074,-0.08452,0.000132253
3108,0.659074,-0.08452,0.000132253
3109,0.659074,-0.08452,0.000132253
3110,0.729081,-0.08785,0.000123843
3111,0.729081,-0.08785,0.000123843
3112,0.729081,-0.08785,0.000123843
3113,0.675052,-0.07835,0.000243659
3114,0.675052,-0.07835,0.000243659
3115,0.675052,-0.07835,0.000243659
3116,0.675052,-0.07835,0.000243659
3117,0.707101,-0.07566,0.000208949
3118,0.637081,-0.053,8.53063e-05
3119,0.634624,-0.04703,0.000118592
3120,0.652,-0.06477,0.000134695
3121,0.633442,-0.05504,-5.70473e-05
3122,0.633442,-0.05504,-5.70473e-05
3123,0.633442,-0.05504,-5.70473e-05
3124,0.566653,-0.0152,-5.71965e-05
3125,0.566653,-0.0152,-5.71965e-05
3126,0.566653,-0.0152,-5.71965e-05
3127,0.566653,-0.0152,-5.71965e-05
3128,0.566653,-0.0152,-5.71965e-05
3129,0.566653,-0.0152,-5.71965e-05
3130,0.603735,-0.02725,9.14258e-05
3131,0.643158,-0.04652,6.42556e-05
3132,0.536541,-0.01705,6.25429e-06
3133,0.548989,-0.01683,-0.000163069
3134,0.548675,-0.04572,-3.05602e-05
3135,0.548675,-0.04572,-3.05602e-05
3136,0.560095,-0.05052,-0.000184112
3137,0.560095,-0.05052,-0.000184112
3138,0.560095,-0.05052,-0.000184112
3139,0.569741,-0.04983,-9.89458e-05
3140,0.57314,-0.04077,-6.57692e-05
3141,0.572694,-0.05492,-0.000102776
3142,0.572694,-0.05492,-0.000102776
3143,0.530573,-0.02776,1.72953e-05
3144,0.509843,-0.03053,-5.33188e-05
3145,0.509843,-0.03053,-5.33188e-05
3146,0.579837,-0.07904,-0.000158013
3147,0.572173,-0.0768,-5.95251e-05
3148,0.594464,-0.09544,2.85332e-05
3149,0.594464,-0.09544,2.85332e-05
3150,0.554446,-0.08997,1.08956e-05
3151,0.554446,-0.08997,1.08956e-05
3152,0.554446,-0.08997,1.08956e-05
3153,0.443625,-0.04631,2.72699e-05
3154,0.463177,-0.05751,-7.90269e-05
3155,0.382795,-0.00026,-9.06896e-05
3156,0.357948,-0.01002,1.21664e-05
3157,0.357198,0.007273,-3.33212e-05
3158,0.379407,-0.00972,3.73558e-05
3159,0.379407,-0.00972,3.73558e-05
3160,0.379407,-0.00972,3.73558e-05
3161,0.379407,-0.00972,3.73558e-05
3162,0.379407,-0.00972,3.73558e-05
3163,0.425441,-0.04228,6.2497e-05
3164,0.401049,-0.01696,0.000108241
3165,0.383034,0.009992,0.000286772
3166,0.418527,-0.0066,-2.39262e-05
3167,0.43367,-0.00619,-5.13943e-05
3168,0.439019,0.013637,0.000113618
3169,0.375232,0.0314,6.39336e-05
3170,0.383808,0.010724,-3.88393e-05
3171,0.407735,0.019976,-1.42999e-05
3172,0.41433,0.030732,-5.68664e-05
3173,0.41433,0.030732,-5.68664e-05
3174,0.410329,0.032356,-0.000192773
3175,0.365012,0.053927,-0.000113006
3176,0.410957,0.058742,4.86887e-05
3177,0.410957,0.058742,4.86887e-05
3178,0.410957,0.058742,4.86887e-05
3179,0.457441,0.027759,-6.13655e-05
3180,0.457441,0.027759,-6.13655e-05
3181,0.423964,0.049582,8.43497e-05
3182,0.453088,0.0283,1.45307e-05
3183,0.453088,0.0283,1.45307e-05
3184,0.507638,0.006472,1.49121e-05
3185,0.507638,0.006472,1.49121e-05
3186,0.526559,-0.03066,0.000127072
3187,0.534352,-0.04625,-0.000121271
3188,0.546641,-0.03365,0.00014354
3189,0.546641,-0.03365,0.00014354
3190,0.546641,-0.03365,0.00014354
3191,0.595922,-0.06318,-4.86176e-05
3192,0.595922,-0.06318,-4.86176e-05
3193,0.601157,-0.05996,5.22841e-05
3194,0.601157,-0.05996,5.22841e-05
3195,0.632259,-0.08766,-0.000124174
3196,0.632259,-0.08766,-0.000124174
3197,0.62056,-0.084,0.000110711
3198,0.541491,-0.03863,3.85368e-05
3199,0.533434,-0.05152,0.00018172
3200,0.546336,-0.06981,-1.19283e-05
3201,0.491313,-0.06292,9.50329e-05
3202,0.528152,-0.08222,7.07881e-05
3203,0.585251,-0.09721,1.76445e-05
3204,0.585251,-0.09721,1.76445e-05
3205,0.585251,-0.09721,1.76445e-05
3206,0.576031,-0.10614,-7.76458e-05
3207,0.572246,-0.11917,-0.000240796
3208,0.650346,-0.14495,4.96839e-05
3209,0.635988,-0.13255,-0.000119253
3210,0.666051,-0.15567,4.88915e-05
3211,0.663947,-0.15681,-2.99867e-05
3212,0.663947,-0.15681,-2.99867e-05
3213,0.673706,-0.16736,5.30151e-05
3214,0.673706,-0.16736,5.30151e-05
3215,0.673706,-0.16736,5.30151e-05
3216,0.675104,-0.15602,6.90551e-05
3217,0.580641,-0.09664,-1.47557e-05
3218,0.580641,-0.09664,-1.47557e-05
3219,0.580641,-0.09664,-1.47557e-05
3220,0.580641,-0.09664,-1.47557e-05
3221,0.721784,-0.15194,4.65191e-05
3222,0.712318,-0.16739,0.000141826
3223,0.720601,-0.16406,0.00013962
3224,0.701827,-0.1499,0.000181646
3225,0.642781,-0.13503,1.92211e-05
3226,0.642781,-0.13503,1.92211e-05
3227,0.606026,-0.13988,9.02653e-05
3228,0.611605,-0.14389,-0.000124799
3229,0.58016,-0.13095,-1.52488e-05
3230,0.557087,-0.10908,2.95989e-05
3231,0.557087,-0.10908,2.9599e-05
3232,0.537233,-0.0822,3.52785e-05
3233,0.553579,-0.10187,5.97586e-05
3234,0.553579,-0.10187,5.97586e-05
3235,0.553579,-0.10187,5.97586e-05
3236,0.553579,-0.10187,5.97586e-05
3237,0.553579,-0.10187,5.97586e-05
3238,0.580551,-0.11475,-3.70435e-05
3239,0.58668,-0.10092,2.19563e-05
3240,0.58668,-0.10092,2.19563e-05
3241,0.559202,-0.08736,3.94115e-05
3242,0.559202,-0.08736,3.94115e-05
3243,0.61682,-0.12219,0.000124954
3244,0.61682,-0.12219,0.000124954
3245,0.61682,-0.12219,0.000124954
3246,0.609621,-0.12728,4.71693e-05
3247,0.596445,-0.12595,-5.3278e-05
3248,0.644146,-0.12645,1.99978e-05
3249,0.553347,-0.09737,-5.40799e-05
3250,0.580343,-0.11365,0.000109552
3251,0.580343,-0.11365,0.000109552
3252,0.717546,-0.17422,0.000166144
3253,0.72127,-0.1687,-7.66181e-05
3254,0.658074,-0.16383,-0.000176136
3255,0.686354,-0.16834,-5.59826e-06
3256,0.686354,-0.16834,-5.59826e-06
3257,0.73841,-0.17521,-3.20143e-05
3258,0.73841,-0.17521,-3.20143e-05
3259,0.727341,-0.18191,-0.000102749
3260,0.705782,-0.15764,6.94529e-05
3261,0.680164,-0.14567,8.01414e-05
3262,0.680164,-0.14567,8.01414e-05
3263,0.680164,-0.14567,8.01414e-05
3264,0.680164,-0.14567,8.01414e-05
3265,0.663487,-0.11607,5.69258e-05
3266,0.574228,-0.08374,-1.48255e-05
3267,0.633125,-0.13941,-1.22712e-05
3268,0.623561,-0.10946,-0.000143654
3269,0.591706,-0.09616,-0.000153832
3270,0.600596,-0.09919,-0.000143315
3271,0.600596,-0.09919,-0.000143315
3272,0.600596,-0.09919,-0.000143315
3273,0.600596,-0.09919,-0.000143315
3274,0.600596,-0.09919,-0.000143315
3275,0.600596,-0.09919,-0.000143315
3276,0.60592,-0.1091,-0.000108995
3277,0.60592,-0.1091,-0.000108995
3278,0.541491,-0.09765,4.70807e-05
3279,0.541491,-0.09765,4.70807e-05
3280,0.539886,-0.10417,-6.25964e-05
3281,0.505913,-0.07644,3.46348e-05
3282,0.494968,-0.06922,-2.22174e-05
3283,0.494968,-0.06922,-2.22174e-05
3284,0.486969,-0.06835,-4.10021e-05
3285,0.558149,-0.10302,-0.000174354
3286,0.508715,-0.08212,0.000128614
3287,0.508715,-0.08212,0.000128614
3288,0.59376,-0.10912,0.000236611
3289,0.674566,-0.1518,4.77591e-05
3290,0.622595,-0.14273,6.6726e-05
3291,0.622595,-0.14273,6.6726e-05
3292,0.568193,-0.11453,2.51372e-06
3293,0.568193,-0.11453,2.51372e-06
3294,0.568193,-0.11453,2.51372e-06
3295,0.519438,-0.09099,-0.000159866
3296,0.519438,-0.09099,-0.000159866
3297,0.519438,-0.09099,-0.000159866
3298,0.465802,-0.07441,2.78315e-05
3299,0.527408,-0.13177,5.26282e-05
3300,0.496999,-0.11161,0.000126602
3301,0.555777,-0.13054,5.33176e-05
3302,0.54304,-0.11083,-2.18896e-05
3303,0.54304,-0.11083,-2.18896e-05
3304,0.581343,-0.11288,-9.25748e-05
3305,0.497183,-0.05747,-5.81906e-05
3306,0.481541,-0.04925,-3.74183e-05
3307,0.425967,-0.03712,5.64867e-05
3308,0.456739,-0.04298,-0.000135758
3309,0.456739,-0.04298,-0.000135758
3310,0.456739,-0.04298,-0.000135758
3311,0.476874,-0.04244,7.82495e-05
3312,0.476874,-0.04244,7.82495e-05
3313,0.484709,-0.06727,1.91087e-05
3314,0.444173,-0.03297,0.000133508
3315,0.444173,-0.03297,0.000133508
3316,0.453765,-0.02588,-6.93053e-05
3317,0.453765,-0.02588,-6.93053e-05
3318,0.504267,-0.0396,3.81882e-05
3319,0.483023,-0.01719,7.1788e-05
3320,0.480566,-0.00466,-5.06921e-06
3321,0.480566,-0.00466,-5.06921e-06
3322,0.480566,-0.00466,-5.06921e-06
3323,0.480566,-0.00466,-5.06921e-06
3324,0.459417,0.005808,9.07719e-05
3325,0.412581,0.028529,0.00010679
3326,0.385585,0.053142,4.85391e-05
3327,0.412835,0.014652,-0.000120153
3328,0.386094,0.030586,-5.51781e-05
3329,0.386094,0.030586,-5.51781e-05
3330,0.390127,0.001124,-2.39457e-05
3331,0.390127,0.001124,-2.39457e-05
3332,0.450945,-0.02999,7.52922e-05
3333,0.431102,0.000212,-2.84086e-06
3334,0.547056,-0.06071,-0.000112338
3335,0.486815,-0.00669,-2.40784e-05
3336,0.492285,-0.00608,0.000109129
3337,0.492285,-0.00608,0.000109129
3338,0.488628,-0.0005,-5.28567e-05
3339,0.549495,-0.0424,-2.49715e-05
3340,0.542519,-0.06,3.27704e-05
3341,0.496354,-0.04319,0.000193005
3342,0.593101,-0.08519,-3.50737e-05
3343,0.512606,-0.03427,2.66778e-05
3344,0.512606,-0.03427,2.66778e-05
3345,0.512606,-0.03427,2.66778e-05
3346,0.512606,-0.03427,2.66778e-05
3347,0.512606,-0.03427,2.66778e-05
3348,0.512606,-0.03427,2.66778e-05
3349,0.512606,-0.03427,2.66778e-05
3350,0.512606,-0.03427,2.66778e-05
3351,0.512606,-0.03427,2.66778e-05
3352,0.613796,-0.10547,-5.73363e-05
3353,0.613796,-0.10547,-5.73363e-05
3354,0.613796,-0.10547,-5.73363e-05
3355,0.613796,-0.10547,-5.73363e-05
3356,0.613796,-0.10547,-5.73363e-05
3357,0.577709,-0.07326,4.32933e-05
3358,0.577709,-0.07326,4.32933e-05
3359,0.613836,-0.09297,0.000166915
3360,0.565765,-0.08216,-2.24876e-05
3361,0.541931,-0.08516,-2.0537e-05
3362,0.541931,-0.08516,-2.0537e-05
3363,0.541931,-0.08516,-2.0537e-05
3364,0.510197,-0.06318,-6.1288e-05
3365,0.59489,-0.0919,1.59864e-05
3366,0.59489,-0.0919,1.59864e-05
3367,0.604868,-0.08979,-0.000133748
3368,0.604868,-0.08979,-0.000133748
3369,0.52848,-0.05655,-8.37612e-05
3370,0.564868,-0.07168,-9.743e-05
3371,0.49176,-0.05251,-7.53954e-05
3372,0.49176,-0.05251,-7.53954e-05
3373,0.49176,-0.05251,-7.53954e-05
3374,0.49176,-0.05251,-7.53954e-05
3375,0.523066,-0.05761,1.96262e-05
3376,0.58757,-0.0873,0.000117058
3377,0.502424,-0.04008,7.04459e-05
3378,0.531627,-0.06148,0.000192122
3379,0.562977,-0.07718,0.000136423
3380,0.544122,-0.05369,0.000107251
3381,0.602535,-0.06712,9.36958e-05
3382,0.522786,-0.05275,-2.26838e-05
3383,0.522786,-0.05275,-2.26838e-05
3384,0.572635,-0.07468,0.000173042
3385,0.620942,-0.08698,0.000181421
3386,0.58012,-0.06118,0.000106782
3387,0.58012,-0.06118,0.000106782
3388,0.58012,-0.06118,0.000106782
3389,0.58012,-0.06118,0.000106782
3390,0.58012,-0.06118,0.000106782
3391,0.609604,-0.0813,0.000112027
3392,0.609604,-0.0813,0.000112027
3393,0.609604,-0.0813,0.000112027
3394,0.609604,-0.0813,0.000112027
3395,0.531313,-0.02732,0.000169094
3396,0.531313,-0.02732,0.000169094
3397,0.531313,-0.02732,0.000169094
3398,0.55637,-0.05199,7.63408e-05
3399,0.593698,-0.08624,9.97711e-05
3400,0.617743,-0.09239,4.75558e-05
3401,0.619398,-0.08172,0.00011865
3402,0.590821,-0.08139,5.25284e-05
3403,0.658026,-0.12115,4.77946e-05
3404,0.593253,-0.1036,2.16798e-06
3405,0.59054,-0.11462,-5.85026e-05
3406,0.580357,-0.107,-0.00013568
3407,0.645207,-0.13845,-0.000171696
3408,0.618182,-0.134,-1.57789e-05
3409,0.684937,-0.15442,-0.000132769
3410,0.733316,-0.17158,-0.000134622
3411,0.733316,-0.17158,-0.000134622
3412,0.607079,-0.11246,-4.76169e-05
3413,0.607079,-0.11246,-4.76169e-05
3414,0.607079,-0.11246,-4.76169e-05
3415,0.611704,-0.13583,-4.38105e-05
3416,0.611704,-0.13583,-4.38105e-05
3417,0.577346,-0.12966,9.2527e-05
3418,0.626785,-0.15718,-0.000110286
3419,0.542404,-0.10743,-0.000105427
3420,0.542404,-0.10743,-0.000105427
3421,0.581438,-0.15646,9.8931e-05
3422,0.581438,-0.15646,9.8931e-05
3423,0.581438,-0.15646,9.8931e-05
3424,0.619122,-0.17279,-1.52309e-05
3425,0.62615,-0.19124,3.11595e-06
3426,0.62615,-0.19124,3.11595e-06
3427,0.62615,-0.19124,3.11595e-06
3428,0.725514,-0.20965,-1.63168e-05
3429,0.725514,-0.20965,-1.63168e-05
3430,0.678682,-0.19215,-6.90156e-05
3431,0.678682,-0.19215,-6.90156e-05
3432,0.716274,-0.18582,0.000107086
3433,0.790716,-0.20718,8.22225e-05
3434,0.702877,-0.16459,0.000220981
3435,0.702877,-0.16459,0.000220981
3436,0.727432,-0.16236,-4.68611e-05
3437,0.727432,-0.16236,-4.68611e-05
3438,0.727432,-0.16236,-4.68611e-05
3439,0.727432,-0.16236,-4.68611e-05
3440,0.72741,-0.1489,-1.41635e-05
3441,0.72741,-0.1489,-1.41634e-05
3442,0.72741,-0.1489,-1.41634e-05
3443,0.72741,-0.1489,-1.41634e-05
3444,0.72741,-0.1489,-1.41634e-05
3445,0.805754,-0.16971,-2.01032e-05
3446,0.878718,-0.1787,8.83699e-05
3447,0.887958,-0.17627,-0.000128361
3448,0.753879,-0.14203,-0.00025083
3449,0.838957,-0.16169,-0.000173083
3450,0.774331,-0.17607,2.55449e-05
3451,0.651729,-0.11152,-5.28663e-06
3452,0.651729,-0.11152,-5.28663e-06
3453,0.693198,-0.14485,-0.000105991
3454,0.761853,-0.15435,-0.000115857
3455,0.722061,-0.14563,-4.46773e-05
3456,0.688217,-0.10817,-0.000218645
3457,0.774145,-0.15935,-0.000195681
3458,0.774145,-0.15935,-0.000195681
3459,0.816505,-0.15372,-8.55956e-05
3460,0.737414,-0.13936,-0.00010889
3461,0.721983,-0.13075,1.99782e-05
3462,0.721983,-0.13075,1.99782e-05
3463,0.671153,-0.10405,-0.000101101
3464,0.631397,-0.08346,6.77849e-05
3465,0.631397,-0.08346,6.77849e-05
3466,0.631397,-0.08346,6.77849e-05
3467,0.631397,-0.08346,6.77849e-05
3468,0.631397,-0.08346,6.77849e-05
3469,0.631397,-0.08346,6.77849e-05
3470,0.631397,-0.08346,6.77849e-05
3471,0.656208,-0.10606,-1.1922e-05
3472,0.562287,-0.05699,-0.000215027
3473,0.562287,-0.05699,-0.000215027
3474,0.573126,-0.06062,2.19935e-05
3475,0.573126,-0.06062,2.19935e-05
3476,0.621344,-0.06877,-0.000140009
3477,0.621344,-0.06877,-0.000140009
3478,0.621344,-0.06877,-0.000140009
3479,0.579067,-0.05994,-6.01936e-05
3480,0.614039,-0.08511,-0.000160293
3481,0.6401,-0.10404,-0.000109616
3482,0.589814,-0.10324,-0.000194655
3483,0.589814,-0.10324,-0.000194655
3484,0.563716,-0.09271,4.48421e-05
3485,0.609417,-0.08462,-7.93998e-05
3486,0.538529,-0.05249,7.13512e-05
3487,0.538529,-0.05249,7.13512e-05
3488,0.476511,-0.04805,1.64293e-05
3489,0.476511,-0.04805,1.64293e-05
3490,0.582698,-0.09909,-3.5543e-05
3491,0.562093,-0.08995,0.000229258
3492,0.580993,-0.11922,0.000229777
3493,0.503148,-0.09241,0.00022461
3494,0.503148,-0.09241,0.00022461
3495,0.503148,-0.09241,0.00022461
3496,0.55994,-0.10556,7.61682e-05
3497,0.603816,-0.13877,-2.41964e-05
3498,0.560671,-0.13776,-2.81742e-05
3499,0.573077,-0.14353,3.40495e-05
3500,0.591366,-0.14269,5.39154e-05
3501,0.530826,-0.09908,-0.000121198
3502,0.530826,-0.09908,-0.000121198
3503,0.446047,-0.04435,-5.85053e-05
3504,0.503941,-0.07091,-4.23288e-06
3505,0.503941,-0.07091,-4.23288e-06
3506,0.503941,-0.07091,-4.23288e-06
3507,0.475175,-0.02657,0.000156722
3508,0.475175,-0.02657,0.000156722
3509,0.475175,-0.02657,0.000156722
3510,0.475175,-0.02657,0.000156722
3511,0.380553,0.008345,-1.03528e-05
3512,0.380553,0.008345,-1.03528e-05
3513,0.380553,0.008345,-1.03528e-05
3514,0.392069,-0.00098,-5.03139e-05
3515,0.392069,-0.00098,-5.03139e-05
3516,0.425206,-0.02486,3.40612e-07
3517,0.425206,-0.02486,3.40612e-07
3518,0.438349,-0.02516,0.000101553
3519,0.397056,0.018293,2.7796e-05
3520,0.397056,0.018293,2.7796e-05
3521,0.384616,0.013099,-1.17497e-05
3522,0.384616,0.013099,-1.17497e-05
3523,0.440088,-0.00156,-2.85099e-05
3524,0.440088,-0.00156,-2.85099e-05
3525,0.440088,-0.00156,-2.85099e-05
3526,0.398141,0.005151,0.000187402
3527,0.34583,0.018136,0.000142228
3528,0.34583,0.018136,0.000142228
3529,0.297055,0.046713,0.00012359
3530,0.309602,0.083361,-7.13654e-05
3531,0.341293,0.066166,-0.00013427
3532,0.338885,0.08488,1.15675e-05
3533,0.344694,0.073017,-4.10075e-05
3534,0.344694,0.073017,-4.10075e-05
3535,0.385884,0.055379,5.44548e-05
3536,0.385884,0.055379,5.44548e-05
3537,0.359826,0.061411,-1.11317e-05
3538,0.401245,0.018978,-5.3328e-05
3539,0.401245,0.018978,-5.3328e-05
3540,0.374621,0.018015,-0.000175069
3541,0.412225,0.004526,-0.000105219
3542,0.407776,-0.01734,-0.000134906
3543,0.390421,0.007547,-1.34556e-05
3544,0.393107,0.009808,-3.71344e-06
3545,0.366112,0.039139,-0.000205793
3546,0.366112,0.039139,-0.000205793
3547,0.366112,0.039139,-0.000205793
3548,0.388713,0.037462,-8.51956e-05
3549,0.388713,0.037462,-8.51956e-05
3550,0.388713,0.037462,-8.51956e-05
3551,0.388713,0.037462,-8.51956e-05
3552,0.437428,0.0267,-0.000102446
3553,0.437428,0.0267,-0.000102446
3554,0.386424,0.057781,-0.000178125
3555,0.465003,0.019325,0.000138361
3556,0.480558,0.011213,-0.000131734
3557,0.469937,0.032565,-0.000210007
3558,0.469937,0.032565,-0.000210007
3559,0.469937,0.032565,-0.000210007
3560,0.566255,0.011155,-1.83228e-05
3561,0.53698,0.02459,-2.26315e-05
3562,0.491452,0.033862,0.000143178
3563,0.551522,-0.02074,0.000109741
3564,0.557918,-0.03523,-5.41098e-07
3565,0.578509,-0.05408,6.42252e-05
3566,0.573233,-0.03063,-5.10287e-05
3567,0.528513,-0.01292,-0.000191758
3568,0.476945,-0.01223,-8.05629e-05
3569,0.512642,-0.05184,9.9196e-06
3570,0.574355,-0.07207,-0.000131413
3571,0.574355,-0.07207,-0.000131413
3572,0.589083,-0.07839,0.000198414
3573,0.540783,-0.07043,8.6386e-05
3574,0.480943,-0.03765,4.89556e-05
3575,0.480943,-0.03765,4.89556e-05
3576,0.480943,-0.03765,4.89556e-05
3577,0.49921,-0.01571,0.000225432
3578,0.529691,-0.04604,0.000100152
3579,0.529691,-0.04604,0.000100152
3580,0.657319,-0.11102,-0.000102893
3581,0.657319,-0.11102,-0.000102893
3582,0.65133,-0.10375,-0.000180128
3583,0.693175,-0.12239,8.93134e-05
3584,0.693175,-0.12239,8.93134e-05
3585,0.554394,-0.05614,5.61386e-05
3586,0.533423,-0.01117,-0.000103151
3587,0.498356,0.017335,2.28845e-05
3588,0.498356,0.017335,2.28845e-05
3589,0.4871,0.035249,0.000215011
3590,0.506776,0.023357,-0.000100277
3591,0.487181,0.017667,1.52315e-05
3592,0.549879,-0.00683,-0.000143735
3593,0.549879,-0.00683,-0.000143735
3594,0.543666,-0.00035,-4.82259e-05
3595,0.543666,-0.00035,-4.82259e-05
3596,0.51296,0.026874,3.79226e-05
3597,0.489801,0.015149,-6.90695e-05
3598,0.461143,0.027031,-5.34732e-05
3599,0.461143,0.027031,-5.34732e-05
3600,0.461143,0.027031,-5.34732e-05
3601,0.461143,0.027031,-5.34732e-05
3602,0.502765,0.01786,3.04128e-05
3603,0.533077,0.008596,8.01912e-05
3604,0.533077,0.008596,8.01912e-05
3605,0.602413,-0.02442,4.03964e-05
3606,0.602413,-0.02442,4.03964e-05
3607,0.598909,-0.01271,1.01831e-05
3608,0.598909,-0.01271,1.01831e-05
3609,0.575085,-0.0172,6.80057e-05
3610,0.575085,-0.0172,6.80057e-05
3611,0.606052,-0.04962,3.39767e-05
3612,0.608356,-0.04603,3.56891e-05
3613,0.656902,-0.08132,6.39501e-05
3614,0.656902,-0.08132,6.39501e-05
3615,0.656902,-0.08132,6.39501e-05
3616,0.60498,-0.04994,0.000101278
3617,0.60498,-0.04994,0.000101278
3618,0.60498,-0.04994,0.000101278
3619,0.60498,-0.04994,0.000101278
3620,0.60498,-0.04994,0.000101278
3621,0.579249,-0.03778,0.000143744
3622,0.566312,-0.05455,7.97956e-05
3623,0.566312,-0.05455,7.97956e-05
3624,0.544398,-0.0342,0.00011518
3625,0.590493,-0.06136,9.42202e-05
3626,0.609363,-0.051,7.09664e-05
3627,0.610822,-0.04629,3.75048e-06
3628,0.63725,-0.07231,-0.000160289
3629,0.681526,-0.10428,1.1903e-05
3630,0.61723,-0.07308,0.000199035
3631,0.575912,-0.05042,-0.000119762
3632,0.575912,-0.05042,-0.000119762
3633,0.640426,-0.09654,0.000145363
3634,0.601275,-0.07047,4.14704e-05
3635,0.549935,-0.05264,-7.04599e-08
3636,0.614916,-0.06932,-1.33176e-05
3637,0.654365,-0.08519,-4.17598e-05
3638,0.70619,-0.10667,-0.000105447
3639,0.706205,-0.10691,-8.4994e-05
3640,0.783209,-0.12469,-0.0001628
3641,0.755781,-0.11872,-6.06848e-05
3642,0.705501,-0.11404,-5.47031e-05
3643,0.694119,-0.10873,0.00021829
3644,0.694119,-0.10873,0.00021829
3645,0.741455,-0.1103,-5.09786e-05
3646,0.772187,-0.12401,-0.000129644
3647,0.787995,-0.13818,-6.04287e-05
3648,0.787995,-0.13818,-6.04287e-05
3649,0.761145,-0.16127,2.60063e-05
3650,0.682124,-0.1187,-3.01642e-05
3651,0.73265,-0.1319,-8.45825e-06
3652,0.666321,-0.07216,4.57877e-05
3653,0.666321,-0.07216,4.57877e-05
3654,0.666321,-0.07216,4.57877e-05
3655,0.666321,-0.07216,4.57877e-05
3656,0.666321,-0.07216,4.57877e-05
3657,0.681359,-0.09083,7.24986e-05
3658,0.705524,-0.09942,2.21615e-05
3659,0.705524,-0.09942,2.21615e-05
3660,0.705524,-0.09942,2.21615e-05
3661,0.722836,-0.0866,-9.36589e-06
3662,0.601707,-0.05031,0.00013464
3663,0.601707,-0.05031,0.00013464
3664,0.580653,-0.0496,0.000142043
3665,0.60101,-0.06704,2.10159e-05
3666,0.60101,-0.06704,2.10159e-05
3667,0.60101,-0.06704,2.10159e-05
3668,0.64616,-0.09445,0.000118399
3669,0.64616,-0.09445,0.000118399
3670,0.592387,-0.05415,-2.11008e-05
3671,0.608274,-0.05959,-0.000102092
3672,0.540633,-0.01465,0.000289348
3673,0.540633,-0.01465,0.000289348
3674,0.556959,-0.02714,8.65323e-05
3675,0.556959,-0.02714,8.65323e-05
3676,0.556959,-0.02714,8.65323e-05
3677,0.556959,-0.02714,8.65323e-05
3678,0.556959,-0.02714,8.65323e-05
3679,0.679856,-0.10917,0.00028878
3680,0.695941,-0.09833,0.000166518
3681,0.668985,-0.07829,4.49901e-05
3682,0.668985,-0.07829,4.49901e-05
3683,0.610411,-0.05458,0.000112163
3684,0.625875,-0.07973,-0.000140107
3685,0.625875,-0.07973,-0.000140107
3686,0.625875,-0.07973,-0.000140107
3687,0.625875,-0.07973,-0.000140107
3688,0.598791,-0.07236,-5.62487e-05
3689,0.598791,-0.07236,-5.62487e-05
3690,0.609457,-0.06442,1.50001e-05
3691,0.644397,-0.07358,5.34376e-05
3692,0.644397,-0.07358,5.34376e-05
3693,0.581672,-0.07205,-1.60172e-05
3694,0.581672,-0.07205,-1.60172e-05
3695,0.5618,-0.07427,-2.35414e-05
3696,0.5618,-0.07427,-2.35414e-05
3697,0.5618,-0.07427,-2.35414e-05
3698,0.561708,-0.08569,-2.39174e-05
3699,0.56274,-0.11318,8.12331e-05
3700,0.538492,-0.08667,2.14613e-05
3701,0.538492,-0.08667,2.14613e-05
3702,0.550243,-0.0806,-0.000194788
3703,0.561401,-0.07979,0.000159582
3704,0.561401,-0.07979,0.000159582
3705,0.52578,-0.05527,-8.4407e-05
3706,0.562693,-0.09415,-0.000111057
3707,0.519954,-0.07088,5.03969e-05
3708,0.497268,-0.0526,1.7523e-06
3709,0.515243,-0.07391,-6.34041e-05
3710,0.489187,-0.0686,3.26363e-06
3711,0.526481,-0.11826,-0.000161056
3712,0.622808,-0.14182,-6.21803e-05
3713,0.760449,-0.194,9.83604e-05
3714,0.633797,-0.14327,2.11846e-05
3715,0.636867,-0.14914,0.000141669
3716,0.669279,-0.16443,-0.000115809
3717,0.543392,-0.11054,-0.000169077
3718,0.558353,-0.12738,4.6518e-05
3719,0.558353,-0.12738,4.6518e-05
3720,0.558353,-0.12738,4.6518e-05
3721,0.538795,-0.13552,-0.000112353
3722,0.538795,-0.13552,-0.000112353
3723,0.538795,-0.13552,-0.000112353
3724,0.62649,-0.18384,-0.00017052
3725,0.62649,-0.18384,-0.00017052
3726,0.629136,-0.17173,-4.40884e-05
3727,0.629136,-0.17173,-4.40884e-05
3728,0.629136,-0.17173,-4.40884e-05
3729,0.629136,-0.17173,-4.40884e-05
3730,0.629136,-0.17173,-4.40884e-05
3731,0.542184,-0.13635,-7.0357e-05
3732,0.53917,-0.13162,8.12282e-06
3733,0.520732,-0.10365,-5.44886e-05
3734,0.477572,-0.09026,-7.46668e-05
3735,0.477572,-0.09026,-7.46668e-05
3736,0.564165,-0.14166,8.14333e-05
3737,0.569052,-0.13459,-0.000145612
3738,0.569052,-0.13459,-0.000145612
3739,0.55905,-0.11231,6.78868e-05
3740,0.568767,-0.10499,0.000142168
3741,0.489793,-0.07631,-8.01123e-05
3742,0.489793,-0.07631,-8.01123e-05
3743,0.569299,-0.09421,0.000112569
3744,0.52977,-0.05355,0.00013708
3745,0.52977,-0.05355,0.00013708
3746,0.575661,-0.09074,-1.7796e-05
3747,0.575661,-0.09074,-1.7796e-05
3748,0.582487,-0.08837,1.1485e-05
3749,0.597095,-0.11413,0.000144486
3750,0.597095,-0.11413,0.000144486
3751,0.620787,-0.152,-0.000119553
3752,0.525838,-0.09659,-2.87243e-05
3753,0.539719,-0.12375,4.29528e-05
3754,0.539719,-0.12375,4.29528e-05
3755,0.539719,-0.12375,4.29528e-05
3756,0.58021,-0.11578,0.00014825
3757,0.58021,-0.11578,0.00014825
3758,0.611428,-0.15374,-0.000125549
3759,0.611428,-0.15374,-0.000125549
3760,0.593618,-0.13608,2.29935e-05
3761,0.593618,-0.13608,2.29936e-05
3762,0.618228,-0.16988,-0.000169219
3763,0.618228,-0.16988,-0.000169219
3764,0.618228,-0.16988,-0.000169219
3765,0.570563,-0.1225,-0.000143575
3766,0.548562,-0.0813,-0.000159202
3767,0.595812,-0.11363,-3.65089e-05
3768,0.636714,-0.11237,0.000127572
3769,0.539672,-0.06404,0.000111609
3770,0.569353,-0.09306,-2.24977e-05
3771,0.562657,-0.07651,1.0738e-05
3772,0.562657,-0.07651,1.0738e-05
3773,0.564465,-0.06969,5.1775e-05
3774,0.564465,-0.06969,5.1775e-05
3775,0.618749,-0.09322,0.000218875
3776,0.522635,-0.07887,-3.24479e-06
3777,0.562704,-0.09715,-3.70462e-05
3778,0.602275,-0.14404,-5.0265e-05
3779,0.658824,-0.12431,0.000192062
3780,0.751238,-0.18149,7.92492e-06
3781,0.751238,-0.18149,7.9249e-06
3782,0.713437,-0.17582,-1.21283e-05
3783,0.700376,-0.17525,1.17549e-05
3784,0.700376,-0.17525,1.17549e-05
3785,0.700376,-0.17525,1.17549e-05
3786,0.700376,-0.17525,1.17549e-05
3787,0.769961,-0.20123,0.000181528
3788,0.769961,-0.20123,0.000181528
3789,0.696979,-0.14775,-7.18252e-05
3790,0.696979,-0.14775,-7.18252e-05
3791,0.632193,-0.11692,-7.0383e-06
3792,0.69638,-0.13524,-5.86903e-05
3793,0.708147,-0.15437,-6.49452e-05
3794,0.708147,-0.15437,-6.49452e-05
3795,0.708147,-0.15437,-6.49452e-05
3796,0.708147,-0.15437,-6.49452e-05
3797,0.708386,-0.15039,2.61191e-05
3798,0.708386,-0.15039,2.61191e-05
3799,0.712306,-0.16277,-0.000176261
3800,0.634884,-0.10468,2.42373e-05
3801,0.585125,-0.07366,8.23482e-05
3802,0.585125,-0.07366,8.23482e-05
3803,0.662386,-0.09575,-3.53866e-05
3804,0.662386,-0.09575,-3.53866e-05
3805,0.685313,-0.12361,2.45098e-05
3806,0.66523,-0.12485,9.3563e-05
3807,0.705048,-0.13509,0.000103562
3808,0.672429,-0.13333,0.00020572
3809,0.60987,-0.09867,0.000121495
3810,0.60987,-0.09867,0.000121495
3811,0.603136,-0.07423,-6.4015e-05
3812,0.603136,-0.07423,-6.4015e-05
3813,0.608468,-0.07534,-7.00528e-05
3814,0.569069,-0.04982,8.56957e-06
3815,0.648604,-0.0841,8.05631e-05
3816,0.637272,-0.075,-2.11996e-05
3817,0.686741,-0.10497,-0.000211566
3818,0.686741,-0.10497,-0.000211566
3819,0.686741,-0.10497,-0.000211566
3820,0.686741,-0.10497,-0.000211566
3821,0.686741,-0.10497,-0.000211566
3822,0.686741,-0.10497,-0.000211566
3823,0.686741,-0.10497,-0.000211566
3824,0.686741,-0.10497,-0.000211566
3825,0.657999,-0.08282,-0.000194558
3826,0.701251,-0.10319,-0.000162838
3827,0.646782,-0.08586,5.40394e-05
3828,0.57777,-0.04061,0.000141146
3829,0.604813,-0.05063,-6.63159e-05
3830,0.582448,-0.03503,0.000176711
3831,0.648212,-0.05354,5.37008e-05
3832,0.704026,-0.08683,4.2439e-07
3833,0.704026,-0.08683,4.2439e-07
3834,0.680059,-0.06463,4.63974e-06
3835,0.667012,-0.05525,5.01896e-05
3836,0.667012,-0.05525,5.01896e-05
3837,0.689916,-0.06437,0.000198957
3838,0.744601,-0.11349,5.84379e-05
3839,0.744601,-0.11349,5.84379e-05
3840,0.695705,-0.08254,4.00509e-05
3841,0.659799,-0.06354,-2.552e-05
3842,0.659799,-0.06354,-2.552e-05
3843,0.66778,-0.06337,9.33858e-05
3844,0.66778,-0.06337,9.33858e-05
3845,0.596785,-0.03089,-0.000204425
3846,0.596785,-0.03089,-0.000204425
3847,0.596785,-0.03089,-0.000204425
3848,0.596785,-0.03089,-0.000204425
3849,0.596785,-0.03089,-0.000204425
3850,0.596785,-0.03089,-0.000204425
3851,0.572586,-0.02439,-0.000137668
3852,0.572675,-0.01887,-0.000272972
3853,0.572675,-0.01887,-0.000272972
3854,0.572675,-0.01887,-0.000272972
3855,0.63858,-0.05014,-0.00019968
3856,0.685744,-0.08204,-0.000111459
3857,0.640358,-0.06998,-0.000145334
3858,0.604245,-0.06678,2.99381e-05
3859,0.689479,-0.08588,0.000120595
3860,0.689479,-0.08588,0.000120595
3861,0.689479,-0.08588,0.000120595
3862,0.588039,-0.0444,2.14177e-05
3863,0.588039,-0.0444,2.14177e-05
3864,0.635744,-0.08616,7.93387e-05
3865,0.635744,-0.08616,7.93387e-05
3866,0.635744,-0.08616,7.93387e-05
3867,0.641758,-0.0881,8.73937e-05
3868,0.743841,-0.1422,6.94861e-05
3869,0.743841,-0.1422,6.94861e-05
3870,0.801857,-0.16832,6.74698e-06
3871,0.801857,-0.16832,6.74697e-06
3872,0.747983,-0.13451,-3.633e-05
3873,0.747983,-0.13451,-3.633e-05
3874,0.727396,-0.11118,-0.00021774
3875,0.762331,-0.12676,-2.50603e-05
3876,0.833608,-0.13966,-4.79294e-05
3877,0.833608,-0.13966,-4.79294e-05
3878,0.819745,-0.13998,1.89891e-05
3879,0.819745,-0.13998,1.89891e-05
3880,0.877639,-0.13775,-0.000231034
3881,0.871038,-0.12692,-0.0003251
3882,0.924674,-0.14623,0.000160204
3883,0.953735,-0.15742,1.24997e-05
3884,0.850308,-0.14214,0.000209941
3885,0.978333,-0.18033,-3.76898e-05
3886,0.798948,-0.10609,0.000104549
3887,0.802529,-0.08607,0.000204607
3888,0.802672,-0.0889,-0.000166429
3889,0.802672,-0.0889,-0.000166429
3890,0.842393,-0.09392,-0.000145018
3891,0.794565,-0.07653,-7.19794e-05
3892,0.905126,-0.11253,0.00013498
3893,0.793857,-0.07171,-2.96986e-05
3894,0.928722,-0.11151,-0.00011097
3895,0.928722,-0.11151,-0.00011097
3896,0.917838,-0.12423,-0.000367326
3897,0.917838,-0.12423,-0.000367326
3898,1.04121,-0.17155,-0.000179169
3899,1.01471,-0.17801,-0.000216909
3900,1.05526,-0.19408,-7.76883e-05
3901,0.882039,-0.1361,-0.000126053
3902,0.958045,-0.17065,-0.00019202
3903,0.948669,-0.16392,-8.05689e-05
3904,0.895521,-0.14049,5.628e-05
3905,0.895521,-0.14049,5.628e-05
3906,0.895521,-0.14049,5.628e-05
3907,0.813218,-0.12495,0.000117036
3908,0.851075,-0.11525,6.14473e-05
3909,0.851075,-0.11525,6.14473e-05
3910,0.840831,-0.14816,0.000146971
3911,0.920752,-0.16305,0.000226397
3912,0.924011,-0.15635,8.55333e-05
3913,0.813532,-0.11532,-4.16853e-05
3914,0.813532,-0.11532,-4.16853e-05
3915,0.794228,-0.11046,-6.66958e-05
3916,0.748408,-0.11508,5.39366e-05
3917,0.783645,-0.14089,-4.12291e-05
3918,0.870411,-0.14809,6.45699e-05
3919,0.871296,-0.17299,-0.000150815
3920,0.746065,-0.1341,-3.34803e-05
3921,0.76377,-0.13507,-0.000168479
3922,0.833493,-0.15369,1.02398e-05
3923,0.833493,-0.15369,1.02398e-05
3924,0.833493,-0.15369,1.02398e-05
3925,0.829016,-0.13453,0.00013549
3926,0.856972,-0.15548,-3.36398e-05
3927,0.873356,-0.14631,-8.32651e-05
3928,0.873356,-0.14631,-8.32651e-05
3929,0.84413,-0.14657,-0.000206502
3930,0.857663,-0.14429,-0.000126299
3931,0.857663,-0.14429,-0.000126299
3932,0.857663,-0.14429,-0.000126299
3933,0.857663,-0.14429,-0.000126299
3934,0.857663,-0.14429,-0.000126299
3935,0.78962,-0.15082,-0.000253004
3936,0.848949,-0.17398,-0.000220236
3937,0.726547,-0.14243,-9.91167e-05
3938,0.644848,-0.08757,-7.8269e-05
3939,0.632246,-0.08007,-8.20037e-05
3940,0.632246,-0.08007,-8.20037e-05
3941,0.632246,-0.08007,-8.20038e-05
3942,0.650066,-0.08751,-2.67364e-05
3943,0.650066,-0.08751,-2.67364e-05
3944,0.701499,-0.08771,-9.89176e-05
3945,0.659605,-0.09863,-0.000223446
3946,0.597684,-0.05364,-5.8589e-05
3947,0.597684,-0.05364,-5.8589e-05
3948,0.590147,-0.07437,-0.00012294
3949,0.651461,-0.07507,-0.00011351
3950,0.59264,-0.0379,-0.000125717
3951,0.59264,-0.0379,-0.000125717
3952,0.59264,-0.0379,-0.000125717
3953,0.589358,-0.04117,-9.51424e-05
3954,0.592476,-0.05666,-4.16055e-05
3955,0.566434,-0.05295,2.05446e-05
3956,0.566434,-0.05295,2.05446e-05
3957,0.566434,-0.05295,2.05446e-05
3958,0.61868,-0.07863,-9.48611e-05
3959,0.61868,-0.07863,-9.48611e-05
3960,0.582645,-0.0661,-0.000196483
3961,0.592856,-0.05506,-2.38096e-05
3962,0.608244,-0.03441,7.11484e-05
3963,0.608244,-0.03441,7.11484e-05
3964,0.568418,-0.01537,0.000218393
3965,0.591449,-0.04726,3.32246e-05
3966,0.541906,-0.00828,-7.81358e-06
3967,0.529797,-0.00894,9.5135e-05
3968,0.521066,-0.02083,0.000303131
3969,0.472613,0.008888,8.13982e-05
3970,0.472613,0.008888,8.13982e-05
3971,0.472613,0.008888,8.13981e-05
3972,0.472613,0.008888,8.13981e-05
3973,0.470378,0.031276,-0.000144424
3974,0.470378,0.031276,-0.000144424
3975,0.589487,-0.03337,7.69647e-05
3976,0.589487,-0.03337,7.69647e-05
3977,0.589487,-0.03337,7.69647e-05
3978,0.581148,-0.02817,5.76951e-05
3979,0.581148,-0.02817,5.76951e-05
3980,0.622465,-0.04599,4.60704e-06
3981,0.622465,-0.04599,4.60708e-06
3982,0.564688,0.014406,5.70846e-05
3983,0.564688,0.014406,5.70846e-05
3984,0.550189,0.012017,-0.000134095
3985,0.550189,0.012017,-0.000134095
3986,0.544448,0.017717,4.4657e-05
3987,0.544448,0.017717,4.4657e-05
3988,0.577978,-0.0058,-2.27307e-05
3989,0.573228,-0.00775,-2.40313e-05
3990,0.629695,-0.02697,-2.77467e-05
3991,0.629695,-0.02697,-2.77467e-05
3992,0.618667,-0.03847,-2.69308e-05
3993,0.618667,-0.03847,-2.69308e-05
3994,0.609719,-0.03542,-7.57905e-06
3995,0.584533,-0.03634,-3.67911e-05
3996,0.584533,-0.03634,-3.67911e-05
3997,0.596374,-0.03777,-0.000100656
3998,0.596374,-0.03777,-0.000100656
3999,0.608004,-0.04018,-1.41329e-05
4000,0.608004,-0.04018,-1.41329e-05
4001,0.608004,-0.04018,-1.41329e-05
4002,0.587092,-0.04737,-0.000292474
4003,0.587092,-0.04737,-0.000292474
4004,0.587092,-0.04737,-0.000292474
4005,0.632029,-0.06881,-8.34012e-05
4006,0.632029,-0.06881,-8.34012e-05
4007,0.632029,-0.06881,-8.34012e-05
4008,0.632029,-0.06881,-8.34012e-05
4009,0.557957,-0.0445,1.1668e-06
4010,0.557957,-0.0445,1.1668e-06
4011,0.527041,-0.02642,-8.69314e-05
4012,0.527041,-0.02642,-8.69314e-05
4013,0.520349,-0.0194,-0.000151766
4014,0.520349,-0.0194,-0.000151766
4015,0.520349,-0.0194,-0.000151766
4016,0.520349,-0.0194,-0.000151766
4017,0.51332,-0.02601,-1.11449e-05
4018,0.51332,-0.02601,-1.11449e-05
4019,0.476924,-0.01291,-0.000100575
4020,0.471687,-0.00727,0.000187915
4021,0.540307,-0.03766,-2.40618e-05
4022,0.493754,-0.03225,-9.70057e-05
4023,0.493754,-0.03225,-9.70057e-05
4024,0.49179,-0.05203,-7.33043e-05
4025,0.49179,-0.05203,-7.33043e-05
4026,0.519949,-0.065,0.000129554
4027,0.477163,-0.04238,-0.000134049
4028,0.472235,-0.03034,-0.000289733
4029,0.492805,-0.03672,-0.000396773
4030,0.532039,-0.06946,-0.000144804
4031,0.532039,-0.06946,-0.000144804
4032,0.50673,-0.05691,-8.66225e-05
4033,0.534191,-0.07047,-0.000203088
4034,0.548284,-0.09462,-8.93807e-05
4035,0.4975,-0.08731,1.07597e-05
4036,0.4975,-0.08731,1.07597e-05
4037,0.548808,-0.10771,-5.65354e-05
4038,0.494886,-0.09961,0.000102756
4039,0.494886,-0.09961,0.000102756
4040,0.494886,-0.09961,0.000102756
4041,0.507368,-0.09938,-4.05112e-05
4042,0.507368,-0.09938,-4.05112e-05
4043,0.53822,-0.11459,-0.000182432
4044,0.579583,-0.13834,-8.75464e-06
4045,0.553664,-0.11576,7.15551e-05
4046,0.619478,-0.11746,0.000155307
4047,0.589754,-0.09952,8.25247e-05
4048,0.589754,-0.09952,8.25247e-05
4049,0.589754,-0.09952,8.25247e-05
4050,0.589754,-0.09952,8.25247e-05
4051,0.509143,-0.07514,1.90035e-05
4052,0.516178,-0.08692,1.09269e-05
4053,0.606159,-0.14565,0.00017205
4054,0.606159,-0.14565,0.00017205
4055,0.568974,-0.0984,5.64476e-06
4056,0.636389,-0.14293,-3.00648e-05
4057,0.627613,-0.14104,0.000123237
4058,0.696359,-0.15599,4.03558e-05
4059,0.716351,-0.17327,-4.7029e-05
4060,0.70053,-0.16455,9.37903e-06
4061,0.70053,-0.16455,9.37905e-06
4062,0.734734,-0.16535,-6.46343e-05
4063,0.734734,-0.16535,-6.46343e-05
4064,0.728489,-0.16795,-9.93358e-05
4065,0.728489,-0.16795,-9.93358e-05
4066,0.738098,-0.1609,-0.000143713
4067,0.738098,-0.1609,-0.000143713
4068,0.748861,-0.16233,-8.81966e-05
4069,0.748861,-0.16233,-8.81966e-05
4070,0.649039,-0.12214,8.58492e-05
4071,0.649039,-0.12214,8.58493e-05
4072,0.684236,-0.13161,-4.76033e-05
4073,0.586301,-0.08558,0.000136179
4074,0.597019,-0.08622,3.52998e-05
4075,0.645405,-0.11105,0.000143674
4076,0.645405,-0.11105,0.000143674
4077,0.708451,-0.14224,8.98294e-05
4078,0.708451,-0.14224,8.98294e-05
4079,0.708451,-0.14224,8.98294e-05
4080,0.656533,-0.12533,0.000122111
4081,0.656533,-0.12533,0.000122111
4082,0.656533,-0.12533,0.000122111
4083,0.656533,-0.12533,0.000122111
4084,0.726514,-0.15845,-0.000106603
4085,0.718529,-0.15902,-0.00027105
4086,0.837564,-0.21299,-3.57995e-05
4087,0.847732,-0.24307,-0.000121776
4088,0.847732,-0.24307,-0.000121776
4089,0.847732,-0.24307,-0.000121776
4090,0.743838,-0.20019,0.000105548
4091,0.853857,-0.24606,6.74967e-07
4092,0.895608,-0.24808,3.50862e-05
4093,0.895608,-0.24808,3.50862e-05
4094,0.809999,-0.24015,4.66314e-05
4095,0.843142,-0.22917,0.000133994
4096,0.843142,-0.22917,0.000133994
4097,0.843142,-0.22917,0.000133994
4098,0.800385,-0.2364,3.66005e-05
4099,0.800385,-0.2364,3.66005e-05
4100,0.800385,-0.2364,3.66005e-05
4101,0.800385,-0.2364,3.66005e-05
4102,0.740623,-0.17489,0.000205378
4103,0.718055,-0.15182,4.98437e-05
4104,0.629463,-0.13654,7.64706e-05
4105,0.723445,-0.17905,-2.46812e-05
4106,0.723445,-0.17905,-2.46812e-05
4107,0.723445,-0.17905,-2.46812e-05
4108,0.723445,-0.17905,-2.46812e-05
4109,0.735491,-0.15117,7.43783e-06
4110,0.735491,-0.15117,7.43783e-06
4111,0.618039,-0.11216,6.42958e-05
4112,0.683542,-0.12769,0.000216499
4113,0.685107,-0.11931,8.27981e-05
4114,0.723478,-0.13246,1.06871e-05
4115,0.674327,-0.11335,0.000170649
4116,0.70496,-0.13125,9.94617e-05
4117,0.70496,-0.13125,9.94617e-05
4118,0.685314,-0.11674,-1.30811e-05
4119,0.678605,-0.13242,9.95051e-05
4120,0.690857,-0.14988,-0.000105171
4121,0.606356,-0.13049,2.11982e-05
4122,0.659371,-0.14597,0.00011652
4123,0.684938,-0.14718,3.68427e-05
4124,0.684938,-0.14718,3.68427e-05
4125,0.61,-0.12549,3.20162e-06
4126,0.755668,-0.18611,7.24999e-05
4127,0.764783,-0.20498,8.71345e-05
4128,0.795507,-0.2043,8.64273e-05
4129,0.689967,-0.14695,-0.000110702
4130,0.689967,-0.14695,-0.000110702
4131,0.695881,-0.16727,1.82855e-05
4132,0.648374,-0.12639,-0.000190489
4133,0.648374,-0.12639,-0.000190489
4134,0.648374,-0.12639,-0.000190489
4135,0.673456,-0.1598,1.39079e-06
4136,0.655645,-0.15943,-3.11418e-05
4137,0.5723,-0.11183,6.64827e-05
4138,0.5723,-0.11183,6.64827e-05
4139,0.500307,-0.08821,-3.07733e-05
4140,0.511592,-0.09669,5.24487e-05
4141,0.50133,-0.0964,-3.24104e-05
4142,0.560196,-0.13802,-2.21233e-05
4143,0.555832,-0.12014,-0.000113737
4144,0.709092,-0.20237,-7.95137e-05
4145,0.709092,-0.20237,-7.95137e-05
4146,0.736296,-0.18613,0.000310222
4147,0.683256,-0.14719,8.97407e-05
4148,0.683256,-0.14719,8.97407e-05
4149,0.71583,-0.17227,8.73627e-05
4150,0.71583,-0.17227,8.73627e-05
4151,0.751085,-0.18417,9.73794e-05
4152,0.803642,-0.20313,5.30233e-05
4153,0.82057,-0.1879,2.27268e-05
4154,0.771513,-0.17313,-1.52605e-05
4155,0.84805,-0.2025,-0.00011601
4156,0.84805,-0.2025,-0.00011601
4157,0.84805,-0.2025,-0.00011601
4158,0.84805,-0.2025,-0.00011601
4159,0.84805,-0.2025,-0.00011601
4160,0.843151,-0.20828,-4.56228e-05
4161,0.843151,-0.20828,-4.56229e-05
4162,0.843151,-0.20828,-4.56229e-05
4163,0.821338,-0.18327,-7.63198e-05
4164,0.821338,-0.18327,-7.63198e-05
4165,0.924103,-0.23557,-0.000127068
4166,0.924103,-0.23557,-0.000127068
4167,0.913218,-0.22872,-1.21362e-05
4168,0.935306,-0.24666,1.9582e-05
4169,0.95433,-0.26047,-7.05772e-05
4170,0.86121,-0.19555,-3.25181e-05
4171,0.86121,-0.19555,-3.25181e-05
4172,0.810638,-0.18495,-0.00011143
4173,0.822067,-0.17937,8.63889e-05
4174,0.822067,-0.17937,8.63889e-05
4175,0.822067,-0.17937,8.63889e-05
4176,0.765308,-0.18298,-1.7189e-05
4177,0.765308,-0.18298,-1.7189e-05
4178,0.817693,-0.21176,0.000103657
4179,0.762548,-0.18971,-0.000113366
4180,0.79288,-0.18249,-0.000179232
4181,0.823297,-0.20514,-1.76444e-05
4182,0.860686,-0.2359,2.97222e-06
4183,0.860686,-0.2359,2.97222e-06
4184,0.75595,-0.17364,0.000127644
4185,0.75595,-0.17364,0.000127644
4186,0.75595,-0.17364,0.000127644
4187,0.75595,-0.17364,0.000127644
4188,0.808331,-0.19234,-0.000113
4189,0.901125,-0.23209,-8.07083e-05
4190,0.925511,-0.22813,5.73843e-05
4191,0.925511,-0.22813,5.73843e-05
4192,0.856576,-0.21271,-4.16852e-05
4193,0.804834,-0.17216,5.17637e-05
4194,0.934362,-0.19896,-9.61758e-05
4195,0.934362,-0.19896,-9.61758e-05
4196,0.891967,-0.17373,-0.000112248
4197,0.903802,-0.1787,-8.45501e-05
4198,0.91321,-0.17701,-0.000135673
4199,0.91321,-0.17701,-0.000135673
4200,0.920338,-0.1768,1.61546e-05
4201,0.920338,-0.1768,1.61546e-05
4202,0.900446,-0.17597,-0.000119075
4203,1.05726,-0.24073,0.000269097
4204,1.05726,-0.24073,0.000269097
4205,1.31982,-0.33752,8.92072e-05
4206,1.14388,-0.29649,-3.17856e-05
4207,1.05849,-0.27243,-3.10553e-05
4208,1.06247,-0.27055,0.000136955
4209,0.941294,-0.2305,0.00013231
4210,0.941294,-0.2305,0.00013231
4211,0.973165,-0.22597,0.000147405
4212,0.973165,-0.22597,0.000147405
4213,1.01747,-0.24326,-0.000273296
4214,0.975852,-0.22291,-8.36608e-05
4215,1.04495,-0.2607,0.000180767
4216,0.959374,-0.24497,-4.08051e-05
4217,0.926868,-0.22514,-0.000157595
4218,0.926868,-0.22514,-0.000157595
4219,0.888904,-0.23298,-4.50323e-06
4220,0.888904,-0.23298,-4.50323e-06
4221,0.888904,-0.23298,-4.50323e-06
4222,0.843499,-0.20616,6.32103e-05
4223,0.772146,-0.16345,-9.43961e-05
4224,0.772146,-0.16345,-9.43961e-05
4225,0.903949,-0.2203,-8.52966e-05
4226,0.903949,-0.2203,-8.52966e-05
4227,0.846926,-0.20211,-0.000133382
4228,0.846926,-0.20211,-0.000133382
4229,0.846926,-0.20211,-0.000133382
4230,0.846926,-0.20211,-0.000133382
4231,0.846926,-0.20211,-0.000133382
4232,0.748176,-0.16217,-0.000132563
4233,0.748176,-0.16217,-0.000132563
4234,0.797837,-0.17492,4.08914e-05
4235,0.789631,-0.20085,8.08071e-05
4236,0.862829,-0.22597,-0.00017448
4237,0.831888,-0.19356,-6.00932e-06
4238,0.807426,-0.21317,1.74789e-06
4239,0.745759,-0.18899,-4.1084e-05
4240,0.745759,-0.18899,-4.1084e-05
4241,0.745759,-0.18899,-4.10841e-05
4242,0.745759,-0.18899,-4.10841e-05
4243,0.655982,-0.16705,3.21826e-05
4244,0.653339,-0.1899,0.000108398
4245,0.72675,-0.2221,1.94018e-05
4246,0.731042,-0.21496,-0.000192087
4247,0.731042,-0.21496,-0.000192087
4248,0.75223,-0.2306,-3.49855e-05
4249,0.851329,-0.25403,8.13158e-05
4250,0.851329,-0.25403,8.13158e-05
4251,0.799242,-0.25656,-2.50036e-05
4252,0.77637,-0.22372,2.80158e-05
4253,0.754127,-0.20313,0.000118957
4254,0.775847,-0.22439,-0.000121675
4255,0.703949,-0.20001,-7.35174e-05
4256,0.703949,-0.20001,-7.35174e-05
4257,0.799683,-0.22935,7.26187e-05
4258,0.799683,-0.22935,7.26187e-05
4259,0.799683,-0.22935,7.26187e-05
4260,0.799683,-0.22935,7.26187e-05
4261,0.799683,-0.22935,7.26187e-05
4262,0.774862,-0.20123,0.000194651
4263,0.774862,-0.20123,0.000194651
4264,0.674117,-0.16923,-0.000159684
4265,0.674117,-0.16923,-0.000159684
4266,0.674117,-0.16923,-0.000159684
4267,0.637131,-0.15224,5.47093e-05
4268,0.611528,-0.16392,-3.81054e-06
4269,0.616227,-0.16077,-0.000127663
4270,0.652738,-0.19728,-5.54061e-05
4271,0.783794,-0.24682,-9.095e-05
4272,0.766952,-0.24433,-4.39473e-07
4273,0.766952,-0.24433,-4.39473e-07
4274,0.766952,-0.24433,-4.39473e-07
4275,0.766952,-0.24433,-4.39473e-07
4276,0.795549,-0.27364,8.29028e-06
4277,0.708865,-0.254,0.000120775
4278,0.708865,-0.254,0.000120775
4279,0.795605,-0.30416,1.20868e-05
4280,0.893594,-0.32539,0.000120995
4281,0.893594,-0.32539,0.000120995
4282,0.893594,-0.32539,0.000120995
4283,0.844307,-0.31447,-9.26716e-05
4284,0.844307,-0.31447,-9.26716e-05
4285,0.844307,-0.31447,-9.26716e-05
4286,0.844307,-0.31447,-9.26716e-05
4287,0.849459,-0.3186,-5.9473e-05
4288,0.849459,-0.3186,-5.9473e-05
4289,0.759255,-0.28162,6.31363e-05
4290,0.794769,-0.31379,-0.000118351
4291,0.794769,-0.31379,-0.000118351
4292,0.794769,-0.31379,-0.000118351
4293,0.880777,-0.33661,-1.17889e-05
4294,0.827221,-0.31365,0.000333455
4295,0.760373,-0.29935,2.85492e-05
4296,0.813015,-0.31332,-3.55318e-05
4297,0.776925,-0.32266,1.14777e-05
4298,0.911912,-0.36983,-0.00024157
4299,0.911912,-0.36983,-0.00024157
4300,0.911912,-0.36983,-0.00024157
4301,0.790425,-0.33079,-0.000126841
4302,0.729601,-0.28787,-0.000125519
4303,0.729601,-0.28787,-0.000125519
4304,0.789094,-0.31226,-7.47484e-05
4305,0.886152,-0.34199,-0.000103741
4306,0.909482,-0.35936,-0.000139009
4307,0.963385,-0.36614,-8.19355e-07
4308,0.963385,-0.36614,-8.19355e-07
4309,1.03401,-0.38327,0.000113542
4310,1.08045,-0.39133,-8.67703e-05
4311,1.08045,-0.39133,-8.67702e-05
4312,1.0302,-0.39334,2.85544e-05
4313,1.05835,-0.41727,4.77416e-05
4314,1.05835,-0.41727,4.77416e-05
4315,1.05835,-0.41727,4.77416e-05
4316,1.215,-0.47092,-2.96553e-05
4317,1.16394,-0.44422,-1.03262e-05
4318,1.13286,-0.43758,0.000133847
4319,1.13286,-0.43758,0.000133847
4320,1.21788,-0.48697,0.000255529
4321,1.17604,-0.46528,-3.06349e-05
4322,1.17604,-0.46528,-3.06349e-05
4323,1.19642,-0.45623,4.0066e-05
4324,0.9753,-0.39595,4.07209e-05
4325,1.12643,-0.43676,5.47772e-05
4326,1.15781,-0.42573,6.54943e-05
4327,1.07824,-0.38754,0.000118652
4328,1.07824,-0.38754,0.000118652
4329,1.07824,-0.38754,0.000118652
4330,1.07824,-0.38754,0.000118652
4331,1.00335,-0.37713,2.36719e-05
4332,0.907463,-0.35653,6.42567e-05
4333,1.00501,-0.38116,7.92411e-05
4334,1.04839,-0.38702,0.000288449
4335,1.04839,-0.38702,0.000288449
4336,1.08644,-0.38749,0.000285458
4337,0.861791,-0.33091,0.000141204
4338,1.00736,-0.3818,-0.000136878
4339,1.08154,-0.41782,-1.12995e-05
4340,1.05212,-0.41091,-1.0766e-05
4341,1.05011,-0.40821,-0.000235882
4342,1.05011,-0.40821,-0.000235882
4343,1.05011,-0.40821,-0.000235882
4344,0.988812,-0.38029,7.00282e-05
4345,0.931498,-0.35852,-0.000170405
4346,1.0196,-0.40442,-5.94544e-05
4347,1.10014,-0.42,6.51242e-05
4348,1.02144,-0.40026,-1.9643e-05
4349,1.14729,-0.44581,5.84418e-05
4350,1.06033,-0.39218,7.67565e-05
4351,1.05831,-0.38243,7.79048e-05
4352,1.05831,-0.38243,7.79048e-05
4353,1.00322,-0.34315,0.000108429
4354,1.07916,-0.36905,0.000124103
4355,0.959377,-0.32544,0.000141501
4356,0.90438,-0.30321,-8.9121e-05
4357,0.864238,-0.2713,0.000233966
4358,0.864238,-0.2713,0.000233966
4359,0.999159,-0.3486,2.8451e-05
4360,0.999159,-0.3486,2.8451e-05
4361,1.01842,-0.36872,-9.1701e-06
4362,0.982659,-0.3817,3.27264e-05
4363,0.996517,-0.37826,8.70696e-05
4364,0.996517,-0.37826,8.70696e-05
4365,0.996517,-0.37826,8.70696e-05
4366,0.996517,-0.37826,8.70696e-05
4367,1.04054,-0.39373,0.000174664
4368,1.04054,-0.39373,0.000174664
4369,0.950813,-0.37304,1.62048e-05
4370,1.0809,-0.41325,-0.000187382
4371,1.11781,-0.41853,8.71258e-05
4372,1.08548,-0.41404,-3.16701e-05
4373,1.08548,-0.41404,-3.16701e-05
4374,0.980684,-0.35859,-0.000178953
4375,0.980684,-0.35859,-0.000178953
4376,0.891896,-0.31646,-0.000168551
4377,0.83475,-0.30201,-0.000102906
4378,0.681742,-0.23777,-6.73099e-05
4379,0.681742,-0.23777,-6.73099e-05
4380,0.681742,-0.23777,-6.73099e-05
4381,0.683467,-0.23568,-1.24689e-05
4382,0.639102,-0.23396,-2.09338e-05
4383,0.639102,-0.23396,-2.09338e-05
4384,0.787121,-0.29183,0.000146348
4385,0.777708,-0.30192,-2.01607e-06
4386,0.679255,-0.24956,-7.30689e-05
4387,0.697883,-0.2684,7.85606e-05
4388,0.697883,-0.2684,7.85606e-05
4389,0.667268,-0.23294,-4.16501e-05
4390,0.699081,-0.22985,-6.79983e-05
4391,0.699081,-0.22985,-6.79984e-05
4392,0.699081,-0.22985,-6.79984e-05
4393,0.699081,-0.22985,-6.79984e-05
4394,0.691127,-0.20664,-0.000187848
4395,0.754315,-0.25157,0.000124457
4396,0.675254,-0.21737,-0.000108289
4397,0.675254,-0.21737,-0.000108289
4398,0.743002,-0.26596,0.000157897
4399,0.743002,-0.26596,0.000157897
4400,0.798798,-0.26748,7.00485e-05
4401,0.700611,-0.22849,9.40636e-05
4402,0.700611,-0.22849,9.40636e-05
4403,0.790797,-0.27007,-0.000109069
4404,0.790797,-0.27007,-0.000109069
4405,0.64189,-0.22535,6.55101e-05
4406,0.527116,-0.13547,-1.19503e-05
4407,0.628283,-0.1908,-5.54186e-05
4408,0.501459,-0.11193,-5.46763e-05
4409,0.551912,-0.12795,-5.35853e-05
4410,0.501316,-0.1068,-0.000125262
4411,0.501316,-0.1068,-0.000125262
4412,0.496992,-0.09214,-2.82998e-05
4413,0.564814,-0.1612,-0.000241087
4414,0.592331,-0.16077,0.000101854
4415,0.592331,-0.16077,0.000101854
4416,0.565992,-0.13938,1.15512e-05
4417,0.565992,-0.13938,1.15512e-05
4418,0.45894,-0.10121,-0.000109568
4419,0.45894,-0.10121,-0.000109568
4420,0.54251,-0.1063,-7.46297e-05
4421,0.507257,-0.09335,6.63095e-05
4422,0.489778,-0.08051,5.22226e-05
4423,0.538715,-0.10339,-1.21981e-05
4424,0.475127,-0.04523,3.61153e-05
4425,0.475127,-0.04523,3.61153e-05
4426,0.475127,-0.04523,3.61153e-05
4427,0.475127,-0.04523,3.61153e-05
4428,0.467348,-0.04983,2.72838e-05
4429,0.467348,-0.04983,2.72838e-05
4430,0.557685,-0.07611,1.75038e-05
4431,0.557685,-0.07611,1.75039e-05
4432,0.557685,-0.07611,1.75039e-05
4433,0.47002,-0.02258,-7.25393e-05
4434,0.473775,-0.04318,-0.000343741
4435,0.473775,-0.04318,-0.000343741
4436,0.469029,-0.04982,-9.94432e-05
4437,0.469029,-0.04982,-9.94432e-05
4438,0.53142,-0.09265,-0.000200737
4439,0.48566,-0.05962,-0.000214766
4440,0.485021,-0.0724,-8.25593e-05
4441,0.485021,-0.0724,-8.25592e-05
4442,0.496396,-0.0637,-0.000208264
4443,0.496396,-0.0637,-0.000208264
4444,0.496396,-0.0637,-0.000208264
4445,0.496396,-0.0637,-0.000208264
4446,0.508111,-0.06583,3.97767e-05
4447,0.508111,-0.06583,3.97767e-05
4448,0.508111,-0.06583,3.97767e-05
4449,0.488825,-0.04965,-0.000181372
4450,0.498864,-0.06699,5.86595e-06
4451,0.488911,-0.06003,3.65371e-05
4452,0.511729,-0.04189,-0.000143144
4453,0.522804,-0.0505,9.58219e-05
4454,0.522804,-0.0505,9.58219e-05
4455,0.516645,-0.07825,-7.60789e-06
4456,0.459421,-0.05374,0.000116891
4457,0.464991,-0.05408,-6.0674e-05
4458,0.532879,-0.08919,-7.24612e-05
4459,0.521293,-0.10097,1.63869e-05
4460,0.521293,-0.10097,1.63869e-05
4461,0.535588,-0.08161,-5.29813e-05
4462,0.540059,-0.09396,6.68953e-05
4463,0.567679,-0.12443,6.6651e-05
4464,0.646307,-0.14964,-1.03231e-05
4465,0.659594,-0.17361,-0.000179535
4466,0.728976,-0.18781,-3.63306e-06
4467,0.62554,-0.14969,-0.000113947
4468,0.62554,-0.14969,-0.000113947
4469,0.649239,-0.16593,6.10152e-05
4470,0.602335,-0.14643,0.000151447
4471,0.602335,-0.14643,0.000151447
4472,0.608891,-0.13859,0.000125188
4473,0.66125,-0.17881,6.16392e-05
4474,0.66125,-0.17881,6.16392e-05
4475,0.675926,-0.17764,-1.90847e-05
4476,0.675926,-0.17764,-1.90847e-05
4477,0.617423,-0.15491,3.3479e-05
4478,0.617423,-0.15491,3.3479e-05
4479,0.63205,-0.16034,4.03338e-05
4480,0.63205,-0.16034,4.03338e-05
4481,0.63205,-0.16034,4.03337e-05
4482,0.599161,-0.1565,3.9888e-05
4483,0.627378,-0.17649,5.99623e-06
4484,0.627378,-0.17649,5.99623e-06
4485,0.658937,-0.16092,9.95604e-05
4486,0.58826,-0.14807,-4.15097e-05
4487,0.58826,-0.14807,-4.15097e-05
4488,0.678298,-0.19939,8.99084e-05
4489,0.654927,-0.17915,-7.17519e-05
4490,0.654927,-0.17915,-7.17519e-05
4491,0.687933,-0.17925,3.49195e-05
4492,0.693183,-0.18168,0.000210408
4493,0.693183,-0.18168,0.000210408
4494,0.683363,-0.1811,9.53257e-06
4495,0.753213,-0.19011,0.000134235
4496,0.725004,-0.18443,-3.01416e-05
4497,0.686396,-0.16182,-0.000130194
4498,0.686396,-0.16182,-0.000130194
4499,0.664066,-0.14048,0.000124975
4500,0.664066,-0.14048,0.000124975
4501,0.664066,-0.14048,0.000124975
4502,0.666488,-0.13078,-0.000164245
4503,0.670872,-0.13221,-2.94339e-05
4504,0.670872,-0.13221,-2.94339e-05
4505,0.548863,-0.08754,3.37518e-05
4506,0.548863,-0.08754,3.37518e-05
4507,0.548863,-0.08754,3.37518e-05
4508,0.548863,-0.08754,3.37518e-05
4509,0.548863,-0.08754,3.37518e-05
4510,0.60674,-0.10099,-0.000108111
4511,0.57882,-0.10417,5.43156e-06
4512,0.611556,-0.11724,3.13427e-05
4513,0.587922,-0.10023,-9.22515e-06
4514,0.519527,-0.08796,0.000123482
4515,0.5757,-0.0963,5.14993e-05
4516,0.5757,-0.0963,5.14993e-05
4517,0.5757,-0.0963,5.14993e-05
4518,0.5757,-0.0963,5.14993e-05
4519,0.5757,-0.0963,5.14993e-05
4520,0.543902,-0.08811,-0.00011124
4521,0.491304,-0.06769,-6.11858e-05
4522,0.491304,-0.06769,-6.11858e-05
4523,0.514459,-0.08294,5.71186e-05
4524,0.460959,-0.0506,0.00011738
4525,0.522021,-0.05859,-1.09517e-05
4526,0.522021,-0.05859,-1.09517e-05
4527,0.586472,-0.09565,3.86908e-05
4528,0.528554,-0.06657,-3.61918e-05
4529,0.52842,-0.08662,7.67691e-05
4530,0.570627,-0.09312,5.77976e-05
4531,0.570627,-0.09312,5.77976e-05
4532,0.570627,-0.09312,5.77976e-05
4533,0.546413,-0.08736,-5.24109e-05
4534,0.546413,-0.08736,-5.24109e-05
4535,0.529782,-0.07995,-9.81456e-05
4536,0.529782,-0.07995,-9.81456e-05
4537,0.483963,-0.07473,-0.000114356
4538,0.536282,-0.06866,-6.80265e-05
4539,0.536282,-0.06866,-6.80265e-05
4540,0.536282,-0.06866,-6.80265e-05
4541,0.536282,-0.06866,-6.80264e-05
4542,0.55644,-0.07485,-2.42842e-05
4543,0.55644,-0.07485,-2.42842e-05
4544,0.555986,-0.09046,0.000132508
4545,0.609769,-0.10962,0.000102763
4546,0.609769,-0.10962,0.000102763
4547,0.609769,-0.10962,0.000102763
4548,0.571825,-0.08559,1.54495e-06
4549,0.571825,-0.08559,1.54495e-06
4550,0.679655,-0.12548,-0.000138026
4551,0.675385,-0.13122,-1.3046e-05
4552,0.704793,-0.13637,-0.000104958
4553,0.704793,-0.13637,-0.000104958
4554,0.704793,-0.13637,-0.000104958
4555,0.704793,-0.13637,-0.000104958
4556,0.663487,-0.1328,0.000245455
4557,0.69268,-0.15529,-0.000147342
4558,0.69268,-0.15529,-0.000147342
4559,0.69268,-0.15529,-0.000147342
4560,0.679118,-0.14802,-0.000297128
4561,0.69832,-0.15295,-9.60341e-06
4562,0.695993,-0.15746,0.000289373
4563,0.695993,-0.15746,0.000289373
4564,0.695993,-0.15746,0.000289373
4565,0.625917,-0.13182,9.21182e-05
4566,0.648291,-0.13871,7.33022e-05
4567,0.720089,-0.16369,0.000240656
4568,0.728645,-0.15889,7.19381e-05
4569,0.680538,-0.14177,0.000112591
4570,0.680538,-0.14177,0.000112591
4571,0.680538,-0.14177,0.000112591
4572,0.693083,-0.13343,8.66561e-05
4573,0.655881,-0.14518,-2.81136e-06
4574,0.681271,-0.15814,-7.52893e-05
4575,0.619328,-0.13836,8.31658e-05
4576,0.619328,-0.13836,8.31658e-05
4577,0.619328,-0.13836,8.31658e-05
4578,0.619328,-0.13836,8.31658e-05
4579,0.619328,-0.13836,8.31658e-05
4580,0.619328,-0.13836,8.31658e-05
4581,0.689218,-0.18492,2.10161e-06
4582,0.689218,-0.18492,2.10161e-06
4583,0.689529,-0.19882,-7.67536e-05
4584,0.622899,-0.16563,-0.000115982
4585,0.637323,-0.14105,-0.000152091
4586,0.670691,-0.15591,-6.54047e-05
4587,0.643981,-0.15473,2.72412e-05
4588,0.643981,-0.15473,2.72412e-05
4589,0.643981,-0.15473,2.72412e-05
4590,0.643981,-0.15473,2.72412e-05
4591,0.631325,-0.12275,9.67581e-06
4592,0.709387,-0.16819,1.54995e-06
4593,0.654592,-0.12193,7.9813e-05
4594,0.654592,-0.12193,7.9813e-05
4595,0.654592,-0.12193,7.9813e-05
4596,0.682638,-0.12928,4.99733e-05
4597,0.729578,-0.14909,0.000201599
4598,0.704903,-0.12853,0.000159134
4599,0.704903,-0.12853,0.000159134
4600,0.704903,-0.12853,0.000159134
4601,0.717747,-0.12453,-9.7224e-05
4602,0.706856,-0.12316,0.000188806
4603,0.764505,-0.16342,3.01665e-05
4604,0.764505,-0.16342,3.01665e-05
4605,0.707026,-0.11704,4.8561e-05
4606,0.707026,-0.11704,4.8561e-05
4607,0.780434,-0.12216,4.37004e-05
4608,0.816419,-0.14454,-4.98572e-05
4609,0.816419,-0.14454,-4.98572e-05
4610,0.780377,-0.13027,8.81928e-05
4611,0.816207,-0.16177,-0.000165701
4612,0.724944,-0.12316,0.000167503
4613,0.873458,-0.18568,0.000211264
4614,0.878356,-0.21649,0.000225134
4615,0.770996,-0.16907,4.22536e-05
4616,0.770996,-0.16907,4.22536e-05
4617,0.743212,-0.16471,3.2228e-05
4618,0.750118,-0.14945,-0.00012974
4619,0.708507,-0.12885,-3.04792e-05
4620,0.700809,-0.11748,-0.000159838
4621,0.714711,-0.12406,8.42638e-05
4622,0.683289,-0.10881,2.21803e-05
4623,0.683289,-0.10881,2.21803e-05
4624,0.683289,-0.10881,2.21803e-05
4625,0.718029,-0.1237,-5.90057e-05
4626,0.745577,-0.13232,4.89678e-05
4627,0.794751,-0.15733,-0.000161265
4628,0.791781,-0.16626,8.10227e-05
4629,0.791781,-0.16626,8.10227e-05
4630,0.711189,-0.13299,-4.15705e-05
4631,0.711189,-0.13299,-4.15705e-05
4632,0.663795,-0.13481,-2.76916e-07
4633,0.663795,-0.13481,-2.76916e-07
4634,0.70522,-0.16154,-0.000114403
4635,0.753676,-0.18534,-0.000254444
4636,0.737839,-0.15501,-0.00017042
4637,0.737839,-0.15501,-0.00017042
4638,0.914887,-0.22169,-4.15989e-05
4639,0.77616,-0.1657,0.000209414
4640,0.77616,-0.1657,0.000209414
4641,0.671908,-0.11737,0.000125336
4642,0.598194,-0.07365,-0.000133254
4643,0.598194,-0.07365,-0.000133254
4644,0.542631,-0.05385,-7.04281e-05
4645,0.584392,-0.09256,-1.31765e-05
4646,0.504096,-0.07211,8.74399e-05
4647,0.489671,-0.0601,5.37804e-05
4648,0.489671,-0.0601,5.37804e-05
4649,0.536211,-0.09062,7.18778e-05
4650,0.536211,-0.09062,7.18778e-05
4651,0.578432,-0.09622,-4.85025e-05
4652,0.536649,-0.05898,4.62369e-05
4653,0.536649,-0.05898,4.62369e-05
4654,0.582039,-0.07131,0.000104258
4655,0.582039,-0.07131,0.000104258
4656,0.582039,-0.07131,0.000104258
4657,0.575372,-0.08508,3.22302e-05
4658,0.562472,-0.07852,-0.000108567
4659,0.646703,-0.11496,0.00017645
4660,0.646703,-0.11496,0.00017645
4661,0.646703,-0.11496,0.00017645
4662,0.646703,-0.11496,0.00017645
4663,0.666937,-0.13581,2.60071e-05
4664,0.666937,-0.13581,2.60071e-05
4665,0.666937,-0.13581,2.60071e-05
4666,0.598346,-0.09306,5.7884e-05
4667,0.584569,-0.0631,-7.98589e-05
4668,0.584569,-0.0631,-7.98589e-05
4669,0.584569,-0.0631,-7.98589e-05
4670,0.573461,-0.07162,-3.52283e-05
4671,0.637209,-0.11869,7.18868e-05
4672,0.637209,-0.11869,7.18868e-05
4673,0.55894,-0.06895,-6.02947e-05
4674,0.55894,-0.06895,-6.02947e-05
4675,0.593933,-0.07091,-2.11448e-05
4676,0.529679,-0.03124,-0.000163342
4677,0.571334,-0.04964,-6.5264e-05
4678,0.585237,-0.03967,-0.000196642
4679,0.568464,-0.03264,-1.68336e-05
4680,0.568464,-0.03264,-1.68336e-05
4681,0.570086,-0.03098,-0.000102777
4682,0.570086,-0.03098,-0.000102777
4683,0.550864,-9e-05,9.02803e-05
4684,0.633928,-0.03082,9.58283e-05
4685,0.748586,-0.08649,-0.000118588
4686,0.748586,-0.08649,-0.000118588
4687,0.748586,-0.08649,-0.000118588
4688,0.686644,-0.05974,0.000139801
4689,0.686644,-0.05974,0.000139801
4690,0.636254,-0.04873,3.79598e-05
4691,0.615749,-0.04317,3.3483e-05
4692,0.509157,0.022058,0.000116344
4693,0.55782,-0.0037,-2.54611e-05
4694,0.55782,-0.0037,-2.54611e-05
4695,0.55782,-0.0037,-2.54611e-05
4696,0.55782,-0.0037,-2.54611e-05
4697,0.511042,-0.00818,-5.16568e-05
4698,0.585322,-0.03549,5.84956e-06
4699,0.575812,-0.05939,1.98817e-05
4700,0.601803,-0.06912,3.50139e-05
4701,0.567932,-0.04354,-0.000255737
4702,0.578102,-0.06065,-7.94429e-05
4703,0.578102,-0.06065,-7.94429e-05
4704,0.539576,-0.02068,7.32542e-06
4705,0.545818,-0.0286,1.44753e-05
4706,0.545818,-0.0286,1.44753e-05
4707,0.465446,-0.00499,-4.36542e-05
4708,0.465446,-0.00499,-4.36542e-05
4709,0.49831,-0.04021,4.16242e-05
4710,0.448039,-0.01346,-3.39805e-05
4711,0.448039,-0.01346,-3.39805e-05
4712,0.529125,-0.05322,0.000201761
4713,0.529125,-0.05322,0.000201761
4714,0.514419,-0.03795,-2.17386e-06
4715,0.58357,-0.04712,0.000102795
4716,0.58357,-0.04712,0.000102795
4717,0.526743,-0.03857,8.13241e-05
4718,0.550465,-0.04003,7.48528e-05
4719,0.550465,-0.04003,7.48528e-05
4720,0.47507,-0.02196,-8.29359e-05
4721,0.41788,0.007126,-0.000151192
4722,0.45264,-0.00265,0.00011823
4723,0.406116,0.046497,-0.000164232
4724,0.406116,0.046497,-0.000164232
4725,0.421779,0.022529,9.34293e-05
4726,0.45214,0.014954,6.57347e-05
4727,0.45214,0.014954,6.57347e-05
4728,0.45214,0.014954,6.57347e-05
4729,0.45214,0.014954,6.57347e-05
4730,0.465591,0.00297,-4.94642e-05
4731,0.465591,0.00297,-4.94642e-05
4732,0.473633,0.01768,5.59874e-05
4733,0.484799,0.008397,-1.70773e-05
4734,0.484799,0.008397,-1.70773e-05
4735,0.427215,0.051848,-6.57376e-05
4736,0.427215,0.051848,-6.57376e-05
4737,0.427215,0.051848,-6.57376e-05
4738,0.423249,0.047697,2.70006e-05
4739,0.423249,0.047697,2.70006e-05
4740,0.453478,0.014119,4.52271e-05
4741,0.493934,0.005741,-0.000121607
4742,0.529147,-0.03516,-7.82445e-05
4743,0.564592,-0.05491,-4.06431e-05
4744,0.549989,-0.04769,0.000157929
4745,0.597816,-0.04375,-5.12874e-05
4746,0.616825,-0.06104,-4.94714e-05
4747,0.598036,-0.03871,-8.55715e-05
4748,0.598036,-0.03871,-8.55715e-05
4749,0.576203,-0.03458,-5.62503e-05
4750,0.576203,-0.03458,-5.62503e-05
4751,0.566214,-0.03598,-0.000148181
4752,0.566214,-0.03598,-0.000148181
4753,0.581713,-0.0705,1.59003e-05
4754,0.524337,-0.04104,-5.33194e-06
4755,0.526919,-0.03421,-1.95443e-05
4756,0.526919,-0.03421,-1.95443e-05
4757,0.526919,-0.03421,-1.95443e-05
4758,0.526919,-0.03421,-1.95443e-05
4759,0.526919,-0.03421,-1.95443e-05
4760,0.526919,-0.03421,-1.95443e-05
4761,0.557204,-0.0649,2.19132e-05
4762,0.630354,-0.09813,-0.000128781
4763,0.628093,-0.10342,2.44881e-05
4764,0.574226,-0.08192,-0.000106556
4765,0.597519,-0.10164,0.000130192
4766,0.496962,-0.07838,1.04268e-06
4767,0.560759,-0.11296,0.000181245
4768,0.580607,-0.10655,0.000153593
4769,0.554906,-0.10312,0.000129536
4770,0.554906,-0.10312,0.000129536
4771,0.537234,-0.09626,7.44865e-06
4772,0.537234,-0.09626,7.44865e-06
4773,0.537234,-0.09626,7.44865e-06
4774,0.537234,-0.09626,7.44865e-06
4775,0.600735,-0.12741,0.000106415
4776,0.647845,-0.1447,-0.000153011
4777,0.647845,-0.1447,-0.000153011
4778,0.647845,-0.1447,-0.000153011
4779,0.708058,-0.15892,-4.60042e-05
4780,0.708058,-0.15892,-4.60042e-05
4781,0.708058,-0.15892,-4.60042e-05
4782,0.708058,-0.15892,-4.60042e-05
4783,0.808729,-0.18756,5.11149e-05
4784,0.760584,-0.15661,-0.000125671
4785,0.760584,-0.15661,-0.000125671
4786,0.712987,-0.15429,-0.000104839
4787,0.637726,-0.09788,-1.9846e-05
4788,0.637726,-0.09788,-1.9846e-05
4789,0.670482,-0.11232,-1.09168e-05
4790,0.670482,-0.11232,-1.09168e-05
4791,0.670482,-0.11232,-1.09168e-05
4792,0.670482,-0.11232,-1.09168e-05
4793,0.670482,-0.11232,-1.09168e-05
4794,0.670482,-0.11232,-1.09168e-05
4795,0.745709,-0.13659,-0.000118725
4796,0.879155,-0.20019,9.78733e-05
4797,0.879155,-0.20019,9.78733e-05
4798,0.879155,-0.20019,9.78733e-05
4799,0.879155,-0.20019,9.78733e-05
4800,0.879155,-0.20019,9.78733e-05
4801,0.879155,-0.20019,9.78734e-05
4802,0.849823,-0.17663,-0.000119022
4803,0.849823,-0.17663,-0.000119022
4804,0.875479,-0.18048,-0.00017078
4805,0.82452,-0.18345,2.98179e-05
4806,0.729587,-0.16049,-0.000169505
4807,0.729587,-0.16049,-0.000169505
4808,0.770688,-0.17511,-4.00387e-05
4809,0.637763,-0.11445,-7.91654e-05
4810,0.637763,-0.11445,-7.91654e-05
4811,0.643089,-0.09719,-7.75837e-05
4812,0.642385,-0.09855,1.65261e-05
4813,0.58771,-0.06033,-0.000152314
4814,0.58771,-0.06033,-0.000152314
4815,0.492836,0.003599,-5.71033e-05
4816,0.514573,-0.02458,2.93723e-05
4817,0.527887,-0.01217,0.000100684
4818,0.528076,-0.01122,0.000178393
4819,0.57396,-0.03598,0.000123056
4820,0.629705,-0.06253,0.000104625
4821,0.629705,-0.06253,0.000104625
4822,0.629705,-0.06253,0.000104625
4823,0.643701,-0.05854,-0.000122418
4824,0.643701,-0.05854,-0.000122418
4825,0.643701,-0.05854,-0.000122418
4826,0.768346,-0.11936,8.70245e-06
4827,0.683698,-0.07299,-6.74738e-05
4828,0.683698,-0.07299,-6.74738e-05
4829,0.743962,-0.08945,-8.64608e-05
4830,0.687208,-0.06529,-0.00015901
