MDTU,link
1,1.01332
2,1.12428
3,1.11709
4,1.11953
5,1.11734
6,1.11685
7,1.116
8,1.11594
9,1.1135
10,1.1119
11,1.11066
12,1.11028
13,1.10856
14,1.10851
15,1.10535
16,1.10245
17,1.09733
18,1.09733
19,1.10015
20,1.09655
