MDTU,|Tr(Lx)|,|Tr(Ly)|,|Tr(Lz)|,|Tr(L5)|
1,0.982703,0.421692,0.396783,0.00165647
2,0.986615,2.39871,2.40069,0.0032234
3,0.986564,2.15615,2.29299,0.00865027
4,0.991374,2.49445,2.19391,0.013738
5,0.992333,2.41912,2.14527,0.00108574
6,0.991585,2.08672,2.38376,0.00542663
7,0.987979,2.4045,2.61973,0.00543039
8,0.990592,2.39935,2.66386,0.00246438
9,0.98649,2.77991,2.8734,0.00455159
10,0.985959,2.72403,3.17707,0.00883426
11,0.985221,2.85516,3.35508,0.00782849
12,0.99006,2.52011,2.97438,0.00925248
13,0.992413,2.25142,2.16082,0.00465198
14,0.991526,2.60917,1.89005,0.00227187
15,0.990041,2.41443,1.73299,0.00471991
16,0.990724,2.44666,1.42181,0.00916334
17,0.988492,2.07717,1.55713,0.00115301
18,0.988492,2.07717,1.55713,0.00115301
19,0.990168,2.12161,1.6831,0.00225384
20,0.989449,2.17604,1.40106,0.00364751
21,0.984294,2.00659,1.29399,0.00869627
22,0.988434,1.88367,1.50637,0.00831028
23,0.986771,1.6827,1.10702,0.00868153
24,0.988524,1.46006,1.1509,0.00393551
25,0.987125,1.8591,1.15524,0.00821325
26,0.989219,1.29076,1.34308,0.00223233
27,0.988546,1.26933,1.44543,0.00492042
28,0.993629,1.53871,1.41674,0.00412009
29,0.997332,1.55501,1.77325,0.00476656
30,1.00035,1.69356,1.5456,0.00332739
31,0.995326,1.79083,1.53297,0.00452348
32,0.995646,1.52256,1.7434,0.0043243
33,0.995115,1.46999,1.82152,0.00113031
34,0.992549,1.22321,1.97275,0.00663691
35,0.992928,1.02244,1.66629,0.00709871
36,0.996247,1.31078,1.76602,0.00377563
37,0.995452,1.3073,1.6904,0.00799403
38,0.992389,1.20835,1.89381,0.00169405
39,0.993342,1.25071,1.8117,0.0049399
40,0.997494,1.31139,1.70673,0.00864818
41,0.997494,1.31139,1.70673,0.00864818
42,0.993133,1.23358,1.82949,0.00141024
43,0.99524,1.20782,1.72684,0.00302469
44,0.996348,1.14616,1.50348,0.00475666
45,0.996909,1.22003,1.25493,0.00386514
46,0.996909,1.22003,1.25493,0.00386514
47,0.998315,1.09415,1.2068,0.0073279
48,0.997977,1.02117,1.18345,0.0114095
49,0.998186,1.09001,1.00526,0.00834278
50,1.00221,1.17162,1.13476,0.00292145
51,1.00534,1.23997,1.0293,0.00969068
52,1.00463,1.3518,1.291,0.00426671
53,1.0058,1.05058,1.22439,0.00666875
54,1.00893,1.22893,1.1509,0.00591282
55,1.00371,1.33944,1.19745,0.0038616
56,1.00076,1.36522,1.02557,0.00814729
57,0.99798,1.34013,0.893742,0.00374049
58,0.998012,1.27596,0.782889,0.00679547
59,0.998012,1.27596,0.782889,0.00679547
60,0.995207,1.40241,0.869546,0.0104209
61,0.994083,1.31238,0.826923,0.00346384
62,0.992244,1.21717,0.945563,0.00192108
63,0.992244,1.21717,0.945563,0.00192108
64,0.992244,1.21717,0.945563,0.00192108
65,0.992913,1.17122,0.861787,0.002386
66,0.994277,1.23063,0.834516,0.00422639
67,0.990449,1.08119,0.60243,0.00198348
68,0.989887,1.08099,0.799983,0.00475349
69,0.985606,1.25916,0.72719,0.00556763
70,0.988693,1.24553,0.73251,0.00563986
71,0.988316,1.1153,0.834534,0.00253305
72,0.980685,1.01534,0.775669,0.000710616
73,0.979747,1.10974,0.984403,0.00460681
74,0.98077,0.821955,0.94263,0.00375704
75,0.98077,0.821955,0.94263,0.00375704
76,0.977021,0.943652,0.915872,0.00971581
77,0.977021,0.943652,0.915872,0.00971581
78,0.98158,0.958621,0.841628,0.00178756
79,0.982655,0.918561,0.739829,0.00401078
80,0.988064,0.864158,0.882645,0.00335913
81,0.987007,0.772654,0.87157,0.00233203
82,0.992221,0.777894,0.857565,0.0016339
83,0.990509,0.811767,1.13,0.000731648
84,0.990383,0.734683,0.945541,0.00151963
85,0.990383,0.734683,0.945541,0.00151963
86,0.992903,0.630291,0.986796,0.00531288
87,0.992903,0.630291,0.986796,0.00531288
88,0.997498,0.789356,0.828833,0.00134064
89,0.993451,0.673997,0.882147,0.00473968
90,0.993451,0.673997,0.882147,0.00473968
91,0.994829,0.619919,0.862724,0.00208394
92,0.993776,0.676333,0.908708,0.00569825
93,0.997139,0.561213,0.882913,0.00626637
94,0.997139,0.561213,0.882913,0.00626637
95,0.997214,0.592949,0.80965,0.0064542
96,0.999156,0.713726,1.00167,0.00593944
97,0.996495,0.714576,0.840944,0.00348788
98,0.9939,0.667471,0.825152,0.00676846
99,0.991778,0.703853,0.780652,0.00433738
100,0.993682,0.710116,0.662029,0.00230259
101,0.993682,0.710116,0.662029,0.00230259
102,0.989672,0.605199,0.738196,0.00348738
103,0.990937,0.535536,0.814054,0.00581387
104,0.993651,0.564692,1.01631,0.00529978
105,0.997298,0.522983,0.813013,0.00603022
106,0.997298,0.522983,0.813013,0.00603022
107,1.0003,0.579348,0.730435,0.00305129
108,0.995236,0.552036,0.894007,0.00619066
109,0.995236,0.552036,0.894007,0.00619066
110,0.995392,0.619003,0.794537,0.00193704
111,0.991935,0.65372,0.59454,0.00566972
112,0.991935,0.65372,0.59454,0.00566972
113,0.987681,0.604665,0.530038,0.00326887
114,0.98795,0.545025,0.537546,0.00166768
115,0.988834,0.50418,0.634267,0.00341982
116,0.990902,0.532666,0.691514,0.00888279
117,0.990902,0.532666,0.691514,0.00888279
118,0.991683,0.612544,0.792495,0.0098762
119,0.99606,0.559034,0.720579,0.00452856
120,0.996662,0.660692,0.627396,0.00721978
121,0.996662,0.660692,0.627396,0.00721978
122,0.996268,0.678469,0.555452,0.00795167
123,0.996268,0.678469,0.555452,0.00795167
124,0.996268,0.678469,0.555452,0.00795167
125,0.996268,0.678469,0.555452,0.00795167
126,0.99316,0.689604,0.556237,0.00559377
127,0.996608,0.783075,0.720389,0.00787913
128,0.991856,0.649659,0.724263,0.00311433
129,0.988718,0.672707,0.822161,0.00280875
130,0.991431,0.602375,0.729282,0.00547759
131,0.991165,0.582998,0.704194,0.00448986
132,0.992149,0.711661,0.793298,0.00294721
133,0.989606,0.925745,0.774904,0.00504957
134,0.992596,0.926868,0.838791,0.00245208
135,0.989976,0.833037,0.756284,0.00742352
136,0.989004,0.89949,0.640214,0.00145362
137,0.989004,0.89949,0.640214,0.00145362
138,0.990961,0.912372,0.622849,0.00129343
139,0.986281,0.947427,0.620114,0.00470138
140,0.988588,0.936982,0.5943,0.000512179
141,0.988588,0.936982,0.5943,0.000512179
142,0.988588,0.936982,0.5943,0.000512179
143,0.988242,1.15561,0.577554,0.00603732
144,0.988242,1.15561,0.577554,0.00603732
145,0.991097,0.974691,0.615605,0.0098513
146,0.988753,0.963115,0.557886,0.011849
147,0.986874,0.797197,0.633897,0.00830337
148,0.986874,0.797197,0.633897,0.00830337
149,0.989804,0.948326,0.445244,0.00142499
150,0.990508,0.717748,0.474233,0.00113979
151,0.989349,0.671705,0.453799,0.00370905
152,0.989349,0.671705,0.453799,0.00370905
153,0.989349,0.671705,0.453799,0.00370905
154,0.984994,0.617622,0.601162,0.00549276
155,0.987012,0.596319,0.630081,0.00281837
156,0.987808,0.570739,0.675224,0.00231076
157,0.989267,0.548305,0.600508,0.00398398
158,0.989607,0.49059,0.54892,0.0020462
159,0.988192,0.491102,0.5368,0.00386921
160,0.98693,0.419757,0.594556,0.00572832
161,0.984304,0.450275,0.580511,0.00467065
162,0.984037,0.535263,0.5177,0.00750865
163,0.985356,0.568951,0.463452,0.00573512
164,0.985356,0.568951,0.463452,0.00573512
165,0.984941,0.598006,0.518738,0.00286182
166,0.977212,0.518711,0.526686,0.00479171
167,0.977212,0.518711,0.526686,0.00479171
168,0.977212,0.518711,0.526686,0.00479171
169,0.982621,0.524174,0.580722,0.00212602
170,0.983081,0.454046,0.686545,0.00272748
171,0.97974,0.466265,0.67515,0.0078284
172,0.980635,0.472253,0.559068,0.0059972
173,0.981223,0.399131,0.683986,0.00354446
174,0.984705,0.351804,0.69913,0.00364336
175,0.986898,0.325069,0.634049,0.00501007
176,0.983996,0.43377,0.621614,0.00415654
177,0.983067,0.379417,0.517549,0.00266493
178,0.98699,0.424214,0.49388,0.000583335
179,0.986419,0.42497,0.483398,0.00669836
180,0.986419,0.42497,0.483398,0.00669836
181,0.986557,0.445711,0.463323,0.00165578
182,0.986912,0.502003,0.399404,0.00246281
183,0.99239,0.458372,0.357005,0.00713323
184,0.99239,0.458372,0.357005,0.00713323
185,0.995744,0.516015,0.386891,0.00369752
186,0.995744,0.516015,0.386891,0.00369752
187,0.99452,0.462079,0.42399,0.00547353
188,0.992463,0.45409,0.42357,0.00488321
189,0.992835,0.432519,0.384518,0.00341808
190,0.992835,0.432519,0.384518,0.00341808
191,0.992835,0.432519,0.384518,0.00341808
192,0.995746,0.447724,0.381378,0.00363417
193,0.995746,0.447724,0.381378,0.00363417
194,0.996512,0.459049,0.399655,0.00713438
195,0.992763,0.493336,0.421518,0.00315825
196,0.992763,0.493336,0.421518,0.00315825
197,0.994629,0.595809,0.42675,0.00261848
198,0.994629,0.595809,0.42675,0.00261848
199,0.997913,0.739901,0.363884,0.00241012
200,0.989648,0.613044,0.290508,0.0060899
201,0.992876,0.544289,0.287823,0.0053918
202,0.994081,0.650487,0.244669,0.00420943
203,0.994081,0.650487,0.244669,0.00420943
204,0.992394,0.74589,0.277051,0.00593814
205,0.992394,0.74589,0.277051,0.00593814
206,0.987284,0.672066,0.325266,0.00642163
207,0.987284,0.672066,0.325266,0.00642163
208,0.983843,0.685453,0.374441,0.0019485
209,0.983495,0.680084,0.339557,0.00495044
210,0.983495,0.680084,0.339557,0.00495044
211,0.986254,0.678685,0.341051,0.00730187
212,0.986254,0.678685,0.341051,0.00730187
213,0.98796,0.651928,0.338956,0.00225705
214,0.988368,0.612136,0.40829,0.00452113
215,0.984709,0.651725,0.362046,0.00482586
216,0.987732,0.630904,0.455863,0.00347761
217,0.987732,0.630904,0.455863,0.00347761
218,0.982472,0.572908,0.366341,0.00186085
219,0.985938,0.526986,0.391244,0.00242006
220,0.985938,0.526986,0.391244,0.00242006
221,0.985938,0.526986,0.391244,0.00242006
222,0.986448,0.543149,0.430119,0.0021924
223,0.984169,0.501479,0.348257,0.00273994
224,0.989218,0.421061,0.310891,0.00188458
225,0.988877,0.46683,0.322169,0.00205637
226,0.988877,0.46683,0.322169,0.00205637
227,0.985141,0.450251,0.355764,0.00336951
228,0.985141,0.450251,0.355764,0.00336951
229,0.985141,0.450251,0.355764,0.00336951
230,0.986815,0.428255,0.364233,0.00513337
231,0.986815,0.428255,0.364233,0.00513337
232,0.986815,0.428255,0.364233,0.00513337
233,0.986815,0.428255,0.364233,0.00513337
234,0.986815,0.428255,0.364233,0.00513337
235,0.988024,0.502986,0.2792,0.00270989
236,0.988024,0.502986,0.2792,0.00270989
237,0.980497,0.426137,0.377383,0.00667266
238,0.982093,0.602682,0.425771,0.00878858
239,0.984931,0.548537,0.41372,0.00559664
240,0.985776,0.58223,0.310429,0.00540041
241,0.987555,0.619074,0.330845,0.00217142
242,0.986715,0.497526,0.302314,0.00608676
243,0.987529,0.405002,0.259585,0.000659173
244,0.984916,0.449388,0.278894,0.003475
245,0.984916,0.449388,0.278894,0.003475
246,0.985164,0.501577,0.301307,0.00585438
247,0.985164,0.501577,0.301307,0.00585438
248,0.989341,0.533312,0.341465,0.00309107
249,0.990492,0.570816,0.311219,0.0064406
250,0.987168,0.510995,0.335133,0.00904076
251,0.987168,0.510995,0.335133,0.00904076
252,0.987338,0.422648,0.386845,0.00406692
253,0.989472,0.470848,0.363579,0.0034776
254,0.994181,0.502687,0.345265,0.00207836
255,0.994927,0.615023,0.378881,0.00638584
256,0.994329,0.510444,0.464035,0.000892782
257,0.993879,0.5082,0.411176,0.00823989
258,0.999413,0.464752,0.435951,0.00157608
259,1.00034,0.487874,0.460562,0.00403898
260,1.00034,0.487874,0.460562,0.00403898
261,0.998645,0.503507,0.537906,0.00499607
262,0.995271,0.478279,0.492247,0.000498882
263,0.993775,0.586325,0.50939,0.00345059
264,0.993549,0.54324,0.498891,0.00557126
265,0.989731,0.52533,0.57277,0.00758702
266,0.987506,0.454784,0.597425,0.00129334
267,0.987321,0.534986,0.499846,0.00505141
268,0.991247,0.548663,0.622469,0.00506301
269,0.989292,0.505414,0.549415,0.00141382
270,0.991952,0.512566,0.527195,0.00173143
271,0.991952,0.512566,0.527195,0.00173143
272,0.992496,0.50965,0.607244,0.00686512
273,0.990683,0.426361,0.46101,0.00129483
274,0.996901,0.489091,0.446548,0.0054634
275,0.996901,0.489091,0.446548,0.0054634
276,0.997817,0.407036,0.492907,0.00294546
277,0.999313,0.373364,0.407719,0.00433117
278,1.00205,0.397343,0.493478,0.00286279
279,1.00205,0.397343,0.493478,0.00286279
280,1.00405,0.336894,0.457616,0.00378118
281,1.00694,0.337773,0.514996,0.00374962
282,1.0036,0.402125,0.392381,0.00294203
283,1.00597,0.375069,0.368217,0.00468608
284,1.00225,0.412213,0.412032,0.00431917
285,1.00236,0.418549,0.443781,0.00327628
286,1.00252,0.414977,0.434068,0.00312618
287,1.00252,0.414977,0.434068,0.00312618
288,1.00252,0.414977,0.434068,0.00312618
289,1.00252,0.414977,0.434068,0.00312618
290,1.00252,0.414977,0.434068,0.00312618
291,1.00373,0.434973,0.371201,0.00599838
292,0.999955,0.457142,0.391875,0.00666805
293,1.0023,0.458533,0.443629,0.00392615
294,1.0023,0.458533,0.443629,0.00392615
295,0.997887,0.485724,0.349686,0.00603386
296,0.997887,0.485724,0.349686,0.00603386
297,0.996308,0.471517,0.403697,0.00751987
298,0.996308,0.471517,0.403697,0.00751987
299,0.996308,0.471517,0.403697,0.00751987
300,0.994641,0.586685,0.363681,0.0024733
301,0.994641,0.586685,0.363681,0.0024733
302,0.995184,0.586488,0.377504,0.00776517
303,0.995184,0.586488,0.377504,0.00776517
304,0.989966,0.526625,0.399539,0.00572167
305,0.990014,0.626246,0.397599,0.00355095
306,0.989618,0.612365,0.398148,0.00202566
307,0.989618,0.612365,0.398148,0.00202566
308,0.987236,0.553259,0.450398,0.00241763
309,0.988399,0.631312,0.472819,0.00434527
310,0.988869,0.613852,0.463403,0.00446777
311,0.989045,0.553864,0.436582,0.00379484
312,0.990352,0.507852,0.401453,0.00038452
313,0.990352,0.507852,0.401453,0.00038452
314,0.991765,0.515458,0.430179,0.00490514
315,0.992266,0.55079,0.483702,0.00220639
316,0.995416,0.684881,0.477626,0.00539758
317,0.995928,0.615176,0.544994,0.00359467
318,0.991604,0.715966,0.587425,0.00441215
319,0.994335,0.703661,0.491826,0.00235817
320,0.994335,0.703661,0.491826,0.00235817
321,0.994513,0.667103,0.557594,0.0023709
322,0.994753,0.631183,0.568282,0.00155937
323,0.98908,0.543118,0.551047,0.000970937
324,0.988304,0.47321,0.650671,0.00668777
325,0.989062,0.506754,0.605869,0.00976725
326,0.989733,0.479404,0.629596,0.00412176
327,0.989321,0.528815,0.663773,0.00334375
328,0.989433,0.514829,0.581318,0.00621482
329,0.986179,0.471399,0.578813,0.00594184
330,0.981832,0.415651,0.485516,0.00494298
331,0.981832,0.415651,0.485516,0.00494298
332,0.985046,0.382662,0.395908,0.00331373
333,0.985046,0.382662,0.395908,0.00331373
334,0.988061,0.38291,0.45068,0.00657432
335,0.987459,0.445182,0.56649,0.00122095
336,0.987459,0.445182,0.56649,0.00122095
337,0.987459,0.445182,0.56649,0.00122095
338,0.987459,0.445182,0.56649,0.00122095
339,0.987459,0.445182,0.56649,0.00122095
340,0.987663,0.447008,0.524097,0.0043115
341,0.987663,0.447008,0.524097,0.0043115
342,0.987749,0.459968,0.580091,0.00696279
343,0.990383,0.460788,0.569473,0.00137417
344,0.990383,0.460788,0.569473,0.00137417
345,0.990383,0.460788,0.569473,0.00137417
346,0.990383,0.460788,0.569473,0.00137417
347,0.990383,0.460788,0.569473,0.00137417
348,0.990383,0.460788,0.569473,0.00137417
349,0.987291,0.440775,0.481073,0.00506235
350,0.988315,0.389672,0.49265,0.00637975
351,0.995119,0.426482,0.613593,0.00135926
352,0.995119,0.426482,0.613593,0.00135926
353,0.995119,0.426482,0.613593,0.00135926
354,0.995692,0.368859,0.517986,0.00214436
355,0.995692,0.368859,0.517986,0.00214436
356,0.99672,0.430513,0.491109,0.00455486
357,0.996324,0.414416,0.531769,0.00181582
358,0.994284,0.444907,0.589529,0.00192593
359,0.992797,0.507392,0.483696,0.000284713
360,0.99235,0.609179,0.511626,0.00200887
361,0.992866,0.648143,0.513296,0.00232108
362,0.991166,0.518181,0.511251,0.00206745
363,0.993255,0.507045,0.484779,0.0058988
364,0.993255,0.507045,0.484779,0.0058988
365,0.98989,0.437234,0.481684,0.00298171
366,0.98458,0.500024,0.612299,0.00762132
367,0.985368,0.50337,0.728302,0.00219093
368,0.982134,0.520699,0.61751,0.0032375
369,0.984176,0.402253,0.61987,0.00316601
370,0.982336,0.472904,0.585806,0.00368019
371,0.982336,0.472904,0.585806,0.00368019
372,0.981534,0.448935,0.495094,0.000989345
373,0.976855,0.437424,0.616979,0.0032733
374,0.977056,0.506503,0.572938,0.00172477
375,0.9771,0.47055,0.525297,0.00135509
376,0.980495,0.52706,0.591248,0.00265461
377,0.980495,0.52706,0.591248,0.00265461
378,0.977319,0.519922,0.571077,0.00391844
379,0.98249,0.478145,0.496948,0.00478825
380,0.98249,0.478145,0.496948,0.00478825
381,0.983009,0.50355,0.450268,0.00131684
382,0.986208,0.525685,0.297457,0.000928366
383,0.980526,0.497289,0.365235,0.00524456
384,0.980526,0.497289,0.365235,0.00524456
385,0.980526,0.497289,0.365235,0.00524456
386,0.984935,0.540796,0.497772,0.00323353
387,0.98748,0.491379,0.559222,0.0028126
388,0.986335,0.532673,0.481722,0.00468491
389,0.982451,0.527005,0.527406,0.000513708
390,0.982451,0.527005,0.527406,0.000513708
391,0.982451,0.527005,0.527406,0.000513708
392,0.981324,0.517327,0.530488,0.00145571
393,0.981685,0.546493,0.519457,0.00189037
394,0.981685,0.546493,0.519457,0.00189037
395,0.984554,0.601953,0.521679,0.000882027
396,0.984064,0.605197,0.534059,0.00393034
397,0.983972,0.5851,0.451744,0.00381886
398,0.984859,0.534298,0.54791,0.0072507
399,0.984859,0.534298,0.54791,0.0072507
400,0.984859,0.534298,0.54791,0.0072507
401,0.987115,0.502225,0.531181,0.00439217
402,0.985157,0.484864,0.474741,0.00387215
403,0.987886,0.52651,0.478882,0.000576078
404,0.987403,0.457292,0.515184,0.005233
405,0.987951,0.47213,0.540285,0.00384711
406,0.988014,0.411397,0.5422,0.00358206
407,0.988014,0.411397,0.5422,0.00358206
408,0.984977,0.404954,0.470516,0.00408846
409,0.987872,0.387086,0.541704,0.0039311
410,0.987282,0.432012,0.494195,0.00760137
411,0.987282,0.432012,0.494195,0.00760137
412,0.987282,0.432012,0.494195,0.00760137
413,0.987756,0.557427,0.432327,0.00625326
414,0.987766,0.50453,0.389096,0.00154793
415,0.987825,0.487588,0.394429,0.00218832
416,0.987825,0.487588,0.394429,0.00218832
417,0.989739,0.45572,0.331464,0.00180836
418,0.991775,0.517618,0.319288,0.00352216
419,0.991775,0.517618,0.319288,0.00352216
420,0.991775,0.517618,0.319288,0.00352216
421,0.996257,0.508572,0.248205,0.0056392
422,0.996881,0.5288,0.281517,0.00117664
423,0.995005,0.548815,0.314616,0.00231545
424,0.996729,0.557055,0.314877,0.00431637
425,0.997363,0.605596,0.302895,0.00306146
426,0.998605,0.571297,0.247635,0.00286962
427,0.998605,0.571297,0.247635,0.00286962
428,0.998605,0.571297,0.247635,0.00286962
429,0.997861,0.600404,0.27524,0.00187692
430,0.997861,0.600404,0.27524,0.00187692
431,0.999208,0.557896,0.269926,0.00199125
432,1.00039,0.551155,0.354889,0.00213768
433,1.00014,0.636574,0.362129,0.00710265
434,1.00014,0.636574,0.362129,0.00710265
435,1.00064,0.71485,0.364673,0.00131487
436,0.997857,0.707891,0.389477,0.00693251
437,0.998037,0.666313,0.409529,0.00650466
438,0.991747,0.666927,0.415914,0.00410483
439,0.99375,0.569727,0.321569,0.00613339
440,0.992195,0.500352,0.357573,0.00373234
441,0.993983,0.483753,0.37918,0.00362926
442,0.993983,0.483753,0.37918,0.00362926
443,0.991964,0.497749,0.446053,0.00109994
444,0.990216,0.404633,0.434033,0.00186639
445,0.990424,0.403032,0.478652,0.00152608
446,0.988185,0.409532,0.446528,0.00567896
447,0.988185,0.409532,0.446528,0.00567896
448,0.990012,0.372216,0.418184,0.00462044
449,0.98787,0.416495,0.423244,0.00422663
450,0.98787,0.416495,0.423244,0.00422663
451,0.9855,0.466347,0.461821,0.0050814
452,0.986084,0.43979,0.443836,0.00239781
453,0.988074,0.554048,0.452656,0.0047735
454,0.989387,0.418138,0.426059,0.00244936
455,0.989387,0.418138,0.426059,0.00244936
456,0.982846,0.427638,0.400459,0.00114047
457,0.982846,0.427638,0.400459,0.00114047
458,0.982846,0.427638,0.400459,0.00114047
459,0.987081,0.422819,0.356788,0.00215704
460,0.987081,0.422819,0.356788,0.00215704
461,0.987673,0.427938,0.300488,0.00358059
462,0.988165,0.434444,0.317693,0.00100691
463,0.988798,0.487802,0.313477,0.000621534
464,0.987148,0.448758,0.324507,0.000443659
465,0.985812,0.508912,0.260174,0.00288472
466,0.985812,0.508912,0.260174,0.00288472
467,0.989851,0.472789,0.349169,0.00216913
468,0.989851,0.472789,0.349169,0.00216913
469,0.989851,0.472789,0.349169,0.00216913
470,0.989851,0.472789,0.349169,0.00216913
471,0.989851,0.472789,0.349169,0.00216913
472,0.989851,0.472789,0.349169,0.00216913
473,0.991485,0.481226,0.323157,0.0036675
474,0.995077,0.475173,0.292585,0.00456518
475,0.995077,0.475173,0.292585,0.00456518
476,0.995531,0.437796,0.36391,0.00374882
477,0.996183,0.390724,0.338979,0.00320084
478,0.996183,0.390724,0.338979,0.00320084
479,0.996183,0.390724,0.338979,0.00320084
480,0.993847,0.452986,0.329195,0.00294634
481,0.994225,0.434593,0.329558,0.00172445
482,0.993877,0.477969,0.353797,0.00322228
483,0.993877,0.477969,0.353797,0.00322228
484,0.990908,0.508824,0.276177,0.0013029
485,0.988119,0.618142,0.362963,0.00429725
486,0.988734,0.510578,0.335401,0.00250743
487,0.989601,0.470562,0.270359,0.0041663
488,0.989601,0.470562,0.270359,0.0041663
489,0.991438,0.402277,0.307781,0.00637459
490,0.987244,0.415965,0.317018,0.00510965
491,0.985696,0.369737,0.307846,0.00156418
492,0.985696,0.369737,0.307846,0.00156418
493,0.986333,0.403483,0.228288,0.0026643
494,0.986333,0.403483,0.228288,0.0026643
495,0.986333,0.403483,0.228288,0.0026643
496,0.990243,0.464739,0.208358,0.00155338
497,0.99013,0.399994,0.230774,0.00205639
498,0.988099,0.363878,0.263023,0.00143244
499,0.988099,0.363878,0.263023,0.00143244
500,0.987808,0.3192,0.273503,0.00389244
501,0.987808,0.3192,0.273503,0.00389244
502,0.987808,0.3192,0.273503,0.00389244
503,0.987808,0.3192,0.273503,0.00389244
504,0.987808,0.3192,0.273503,0.00389244
505,0.984841,0.438129,0.322456,0.00124491
506,0.985489,0.460333,0.191869,0.00537956
507,0.983437,0.535596,0.218932,0.00354266
508,0.986921,0.515083,0.203256,0.00596182
509,0.987028,0.479557,0.219937,0.00510922
510,0.984537,0.480366,0.270733,0.00307956
511,0.984537,0.480366,0.270733,0.00307956
512,0.989146,0.525607,0.27775,0.00725338
513,0.989146,0.525607,0.27775,0.00725338
514,0.989146,0.525607,0.27775,0.00725338
515,0.984677,0.542088,0.373776,0.00120261
516,0.984189,0.556388,0.347485,0.0043835
517,0.985115,0.560658,0.311993,0.00429385
518,0.985115,0.560658,0.311993,0.00429385
519,0.985115,0.560658,0.311993,0.00429385
520,0.987453,0.60544,0.255683,0.00653627
521,0.984128,0.551804,0.231078,0.00206302
522,0.984128,0.551804,0.231078,0.00206302
523,0.984128,0.551804,0.231078,0.00206302
524,0.984606,0.549192,0.258767,0.00385934
525,0.982826,0.585449,0.258386,0.00323867
526,0.982826,0.585449,0.258386,0.00323867
527,0.982826,0.585449,0.258386,0.00323867
528,0.987263,0.488087,0.247011,0.00201782
529,0.986451,0.406174,0.242185,0.00116375
530,0.991354,0.399138,0.281766,0.00409799
531,0.991354,0.399138,0.281766,0.00409799
532,0.989371,0.460574,0.21783,0.00359028
533,0.989371,0.460574,0.21783,0.00359028
534,0.992955,0.493024,0.193223,0.00494124
535,0.992955,0.493024,0.193223,0.00494124
536,0.988585,0.383709,0.224511,0.00287427
537,0.988585,0.383709,0.224511,0.00287427
538,0.990211,0.340339,0.300563,0.00455823
539,0.990163,0.414981,0.305874,0.00772529
540,0.989134,0.369717,0.313503,0.000304346
541,0.989747,0.428694,0.345915,0.00446213
542,0.989747,0.428694,0.345915,0.00446213
543,0.988143,0.374999,0.332562,0.00430095
544,0.986529,0.340599,0.296295,0.00261594
545,0.987373,0.316002,0.313693,0.00342416
546,0.987373,0.316002,0.313693,0.00342416
547,0.983172,0.313811,0.379161,0.00599828
548,0.982006,0.29757,0.431659,0.00257145
549,0.98117,0.351369,0.3564,0.00070461
550,0.984534,0.33843,0.343064,0.00450885
551,0.984626,0.385581,0.296566,0.00333063
552,0.984626,0.385581,0.296566,0.00333063
553,0.984626,0.385581,0.296566,0.00333063
554,0.986278,0.407479,0.303843,0.00458773
555,0.98616,0.417876,0.325529,0.00365702
556,0.983635,0.364568,0.203319,0.00267568
557,0.985422,0.40117,0.270775,0.00526864
558,0.985422,0.40117,0.270775,0.00526864
559,0.985022,0.354318,0.26035,0.0035339
560,0.985022,0.354318,0.26035,0.0035339
561,0.99008,0.32536,0.230394,0.0037758
562,0.990405,0.355137,0.245988,0.00365374
563,0.994842,0.457495,0.216702,0.002315
564,0.990505,0.479683,0.249179,0.000718845
565,0.991921,0.459747,0.198578,0.00131063
566,0.995318,0.462068,0.237179,0.00133796
567,0.995318,0.462068,0.237179,0.00133796
568,0.99373,0.396936,0.243116,0.00135045
569,0.994785,0.404153,0.171858,0.00534353
570,0.996058,0.563445,0.153057,0.00268409
571,0.99806,0.534819,0.183387,0.00292918
572,0.996173,0.485628,0.255897,0.00345676
573,0.994724,0.406342,0.201377,0.000757602
574,0.994724,0.406342,0.201377,0.000757602
575,0.991341,0.405431,0.200615,0.00430698
576,0.992225,0.4029,0.158463,0.00184148
577,0.990327,0.397639,0.168778,0.00525848
578,0.992922,0.369196,0.185405,0.00632657
579,0.990422,0.412121,0.128822,0.00201767
580,0.990422,0.412121,0.128822,0.00201767
581,0.988459,0.445969,0.156777,0.00421908
582,0.988459,0.445969,0.156777,0.00421908
583,0.988459,0.445969,0.156777,0.00421908
584,0.988459,0.445969,0.156777,0.00421908
585,0.987191,0.389302,0.153239,0.00501473
586,0.987191,0.389302,0.153239,0.00501473
587,0.990558,0.327751,0.147279,0.003135
588,0.991352,0.38692,0.256769,0.00259023
589,0.991352,0.38692,0.256769,0.00259023
590,0.985561,0.331431,0.203864,0.00184703
591,0.985561,0.331431,0.203864,0.00184703
592,0.985876,0.300901,0.21419,0.00414666
593,0.985409,0.374609,0.228688,0.00184154
594,0.982206,0.322788,0.216164,0.000261816
595,0.978439,0.359033,0.313677,0.00251085
596,0.981241,0.317455,0.246111,0.0023161
597,0.981241,0.317455,0.246111,0.0023161
598,0.979412,0.292478,0.19795,0.0025087
599,0.981453,0.273374,0.119051,0.00351527
600,0.981453,0.273374,0.119051,0.00351527
601,0.982265,0.289328,0.190094,0.00339894
602,0.983082,0.275439,0.182184,0.00594788
603,0.986433,0.299199,0.164995,0.00689168
604,0.986433,0.299199,0.164995,0.00689168
605,0.986433,0.299199,0.164995,0.00689168
606,0.992771,0.325954,0.170192,0.00791805
607,0.990659,0.364334,0.138422,0.00864477
608,0.986944,0.387595,0.193676,0.00557143
609,0.984167,0.419479,0.208534,0.00172922
610,0.984167,0.419479,0.208534,0.00172922
611,0.985979,0.4506,0.241437,0.0012441
612,0.985979,0.4506,0.241437,0.0012441
613,0.986245,0.447066,0.237389,0.00227148
614,0.986245,0.447066,0.237389,0.00227148
615,0.986245,0.447066,0.237389,0.00227148
616,0.986205,0.431091,0.173788,0.00389719
617,0.990104,0.39902,0.186508,0.00304007
618,0.991507,0.38998,0.185035,0.00133028
619,0.991507,0.38998,0.185035,0.00133028
620,0.991507,0.38998,0.185035,0.00133028
621,0.991507,0.38998,0.185035,0.00133028
622,0.990807,0.437087,0.246565,0.0093901
623,0.988593,0.392492,0.271252,0.00160758
624,0.988593,0.392492,0.271252,0.00160758
625,0.987097,0.423607,0.277232,0.0111946
626,0.9835,0.421264,0.264367,0.0064368
627,0.983872,0.44731,0.244869,0.00502809
628,0.983872,0.44731,0.244869,0.00502809
629,0.985105,0.382621,0.261001,0.00225603
630,0.985105,0.382621,0.261001,0.00225603
631,0.985712,0.394368,0.178627,0.00959119
632,0.986482,0.384294,0.225001,0.00570988
633,0.988334,0.44247,0.233947,0.000341821
634,0.988334,0.44247,0.233947,0.000341821
635,0.988334,0.44247,0.233947,0.000341821
636,0.988334,0.44247,0.233947,0.000341821
637,0.993083,0.43082,0.216362,0.00320111
638,0.993083,0.43082,0.216362,0.00320111
639,0.989943,0.423962,0.136828,0.00272823
640,0.989515,0.376682,0.195043,0.0047179
641,0.986204,0.414837,0.152082,0.00940352
642,0.985619,0.400599,0.13529,0.00247318
643,0.986201,0.483137,0.103563,0.00350452
644,0.986201,0.483137,0.103563,0.00350452
645,0.986464,0.413866,0.0627278,0.00805069
646,0.986464,0.413866,0.0627278,0.00805069
647,0.986464,0.413866,0.0627278,0.00805069
648,0.99138,0.447885,0.00977442,0.00429767
649,0.99138,0.447885,0.00977442,0.00429767
650,0.99138,0.447885,0.00977442,0.00429767
651,0.993412,0.369079,0.0495493,0.00885121
652,0.993412,0.369079,0.0495493,0.00885121
653,0.993144,0.40582,0.0888373,0.00361546
654,0.989999,0.371662,0.0316191,0.00673816
655,0.986777,0.374512,0.0731891,0.00342027
656,0.986777,0.374512,0.0731891,0.00342027
657,0.98558,0.392847,0.0902899,0.00124683
658,0.989287,0.373478,0.14178,0.0039525
659,0.988834,0.324423,0.0824287,0.0017203
660,0.991549,0.389016,0.192877,0.00175469
661,0.986771,0.472081,0.183763,0.00244368
662,0.986254,0.457717,0.187838,0.00200019
663,0.986254,0.457717,0.187838,0.00200019
664,0.988405,0.420911,0.231939,0.00446208
665,0.992367,0.423045,0.274861,0.00592907
666,0.99187,0.360842,0.239843,0.00122638
667,0.992024,0.358853,0.30173,0.00153742
668,0.992024,0.358853,0.30173,0.00153742
669,0.992024,0.358853,0.30173,0.00153742
670,0.992024,0.358853,0.30173,0.00153742
671,0.989482,0.333181,0.261741,0.00452603
672,0.994783,0.376087,0.23322,0.00295329
673,0.991303,0.339547,0.23279,0.00097992
674,0.991303,0.339547,0.23279,0.00097992
675,0.987161,0.448626,0.1693,0.00870387
676,0.984982,0.421377,0.191582,0.00460097
677,0.984982,0.421377,0.191582,0.00460097
678,0.984644,0.41089,0.0950788,0.0027603
679,0.984861,0.45193,0.126516,0.00299581
680,0.985188,0.461186,0.1947,0.00445564
681,0.984563,0.463645,0.27906,0.00117505
682,0.984563,0.463645,0.27906,0.00117505
683,0.983319,0.51961,0.266606,0.000513848
684,0.983835,0.38402,0.239816,0.00284309
685,0.986378,0.421944,0.205407,0.00517148
686,0.988078,0.367023,0.201967,0.00213206
687,0.988078,0.367023,0.201967,0.00213206
688,0.983621,0.427669,0.216568,0.00507122
689,0.982592,0.373696,0.268491,0.00131464
690,0.982592,0.373696,0.268491,0.00131464
691,0.983128,0.425897,0.25148,0.00411466
692,0.984747,0.410997,0.284914,0.00288
693,0.980188,0.387001,0.29195,0.00342124
694,0.980188,0.387001,0.29195,0.00342124
695,0.975253,0.400564,0.280124,0.00360124
696,0.975583,0.368791,0.350354,0.00263511
697,0.975583,0.368791,0.350354,0.00263511
698,0.975583,0.368791,0.350354,0.00263511
699,0.975583,0.368791,0.350354,0.00263511
700,0.972641,0.327763,0.32367,0.00260079
701,0.974113,0.349778,0.285833,0.000355887
702,0.974894,0.346659,0.28795,0.00408016
703,0.974894,0.346659,0.28795,0.00408016
704,0.974894,0.346659,0.28795,0.00408016
705,0.974493,0.27213,0.337099,0.00313547
706,0.977129,0.298859,0.351226,0.00130508
707,0.975278,0.332839,0.302385,0.00484633
708,0.973353,0.33477,0.364882,0.0045126
709,0.973353,0.33477,0.364882,0.0045126
710,0.973353,0.33477,0.364882,0.0045126
711,0.976626,0.349242,0.268665,0.00298837
712,0.977281,0.431424,0.240443,0.00228627
713,0.97871,0.443093,0.222445,0.00163386
714,0.97871,0.443093,0.222445,0.00163386
715,0.976194,0.441674,0.192778,0.0035643
716,0.975643,0.362288,0.198961,0.00872692
717,0.979152,0.33175,0.18894,0.00293343
718,0.981458,0.317811,0.192811,0.00349629
719,0.981458,0.317811,0.192811,0.00349629
720,0.982724,0.327022,0.162175,0.00415838
721,0.982724,0.327022,0.162175,0.00415838
722,0.981399,0.326638,0.207253,0.00326888
723,0.979533,0.351717,0.249126,0.00457442
724,0.979533,0.351717,0.249126,0.00457442
725,0.977185,0.381878,0.281935,0.00583364
726,0.977185,0.381878,0.281935,0.00583364
727,0.977185,0.381878,0.281935,0.00583364
728,0.980112,0.466202,0.267687,0.00189175
729,0.980112,0.466202,0.267687,0.00189175
730,0.986146,0.42942,0.283265,0.00326869
731,0.98717,0.47572,0.230623,0.00381868
732,0.98717,0.47572,0.230623,0.00381868
733,0.986682,0.455199,0.182112,0.00225672
734,0.986682,0.455199,0.182112,0.00225672
735,0.985858,0.395672,0.178994,0.00246706
736,0.985858,0.395672,0.178994,0.00246706
737,0.985105,0.443021,0.202974,0.00468449
738,0.985105,0.443021,0.202974,0.00468449
739,0.985105,0.443021,0.202974,0.00468449
740,0.980191,0.491025,0.126369,0.00714701
741,0.980191,0.491025,0.126369,0.00714701
742,0.980537,0.557061,0.166815,0.00743027
743,0.978323,0.470645,0.142987,0.00528158
744,0.978323,0.470645,0.142987,0.00528158
745,0.978557,0.434494,0.0822472,0.0041807
746,0.978635,0.49544,0.0718526,0.00276763
747,0.976428,0.502955,0.0571574,0.00412971
748,0.972752,0.483177,0.122998,0.00316431
749,0.972752,0.483177,0.122998,0.00316431
750,0.972752,0.483177,0.122998,0.00316431
751,0.971089,0.440127,0.0712094,0.00599823
752,0.971089,0.440127,0.0712094,0.00599823
753,0.971089,0.440127,0.0712094,0.00599823
754,0.977039,0.423482,0.194441,0.00338594
755,0.977039,0.423482,0.194441,0.00338594
756,0.977039,0.423482,0.194441,0.00338594
757,0.977039,0.423482,0.194441,0.00338594
758,0.977039,0.423482,0.194441,0.00338594
759,0.977039,0.423482,0.194441,0.00338594
760,0.978113,0.436755,0.11124,0.0039529
761,0.978646,0.439343,0.151438,0.0062336
762,0.978646,0.439343,0.151438,0.0062336
763,0.981987,0.428389,0.235558,0.00335
764,0.981987,0.428389,0.235558,0.00335
765,0.982173,0.425251,0.169239,0.00306151
766,0.983212,0.497137,0.227059,0.00544358
767,0.985447,0.470969,0.234775,0.00513067
768,0.985447,0.470969,0.234775,0.00513067
769,0.987093,0.565376,0.178148,0.00202122
770,0.983197,0.667213,0.121847,0.00161227
771,0.983181,0.699051,0.169356,0.00224869
772,0.983181,0.699051,0.169356,0.00224869
773,0.983181,0.699051,0.169356,0.00224869
774,0.983181,0.699051,0.169356,0.00224869
775,0.983181,0.699051,0.169356,0.00224869
776,0.982373,0.547504,0.124345,0.0050998
777,0.982373,0.547504,0.124345,0.0050998
778,0.982373,0.547504,0.124345,0.0050998
779,0.982373,0.547504,0.124345,0.0050998
780,0.98434,0.435335,0.195242,0.00300844
781,0.983849,0.564845,0.159278,0.00146693
782,0.988372,0.515263,0.113701,0.00301883
783,0.984665,0.575166,0.165157,0.00251493
784,0.98271,0.61478,0.225764,0.000525028
785,0.980656,0.609352,0.264142,0.00116981
786,0.980656,0.609352,0.264142,0.00116981
787,0.985313,0.645357,0.271329,0.00227872
788,0.986398,0.635375,0.202523,0.00327133
789,0.986398,0.635375,0.202523,0.00327133
790,0.987871,0.546089,0.200737,0.00240338
791,0.987422,0.541,0.132093,0.00607964
792,0.987422,0.541,0.132093,0.00607964
793,0.987717,0.548519,0.199665,0.00486709
794,0.987717,0.548519,0.199665,0.00486709
795,0.987717,0.548519,0.199665,0.00486709
796,0.987717,0.548519,0.199665,0.00486709
797,0.989161,0.544066,0.273785,0.00557304
798,0.985553,0.591282,0.250117,0.00413779
799,0.987234,0.59931,0.238787,0.00503599
800,0.982685,0.619162,0.250418,0.00510755
801,0.982685,0.619162,0.250418,0.00510755
802,0.982685,0.619162,0.250418,0.00510755
803,0.980383,0.638336,0.31001,0.00557959
804,0.980383,0.638336,0.31001,0.00557959
805,0.979268,0.585701,0.287901,0.0036041
806,0.983068,0.58154,0.307257,0.00467736
807,0.983534,0.648389,0.303456,0.00460834
808,0.983771,0.693052,0.273974,0.00349454
809,0.983771,0.693052,0.273974,0.00349454
810,0.983771,0.693052,0.273974,0.00349454
811,0.984041,0.800111,0.342013,0.00368409
812,0.984041,0.800111,0.342013,0.00368409
813,0.984041,0.800111,0.342013,0.00368409
814,0.982641,0.632771,0.334451,0.001905
815,0.98192,0.57815,0.341111,0.00417016
816,0.981755,0.622939,0.320638,0.00718478
817,0.981755,0.622939,0.320638,0.00718478
818,0.980195,0.55508,0.253332,0.00400458
819,0.979384,0.632825,0.232303,0.0021342
820,0.979523,0.734836,0.2327,0.00224011
821,0.980823,0.740851,0.229516,0.00218944
822,0.980823,0.740851,0.229516,0.00218944
823,0.984269,0.684946,0.236528,0.00170774
824,0.982907,0.7187,0.203849,0.00151802
825,0.987929,0.668773,0.23998,0.00255952
826,0.987929,0.668773,0.23998,0.00255952
827,0.988152,0.601419,0.26054,0.00132284
828,0.986912,0.567005,0.221161,0.00351122
829,0.986912,0.567005,0.221161,0.00351122
830,0.986912,0.567005,0.221161,0.00351122
831,0.987471,0.61272,0.250556,0.00178539
832,0.984139,0.596161,0.222704,0.00105152
833,0.982199,0.641096,0.249338,0.00405314
834,0.985526,0.621433,0.165957,0.00392494
835,0.98785,0.534485,0.278163,0.00273783
836,0.986962,0.639572,0.273166,0.00169011
837,0.986962,0.639572,0.273166,0.00169011
838,0.986694,0.49057,0.271154,0.00336019
839,0.988847,0.593672,0.31303,0.000773429
840,0.989259,0.505982,0.254716,0.00142958
841,0.989259,0.505982,0.254716,0.00142958
842,0.992461,0.500495,0.302291,0.00574834
843,0.989235,0.554181,0.299829,0.00465755
844,0.989516,0.580244,0.367565,0.00167007
845,0.99142,0.606274,0.335435,0.00650455
846,0.993528,0.480993,0.370149,0.00275184
847,0.990795,0.412195,0.419565,0.00280453
848,0.990795,0.412195,0.419565,0.00280453
849,0.98621,0.531822,0.41572,0.00323431
850,0.986442,0.516526,0.375229,0.00475037
851,0.986819,0.462913,0.474577,0.00387346
852,0.989016,0.498721,0.481474,0.0046244
853,0.992212,0.587315,0.525692,0.00461821
854,0.99143,0.527406,0.534935,0.00738456
855,0.994194,0.631461,0.431119,0.0037386
856,0.993403,0.626884,0.414964,0.00155918
857,0.992386,0.674546,0.486091,0.00243713
858,0.992986,0.719612,0.418776,0.00296366
859,0.992084,0.631598,0.447438,0.00610012
860,0.987191,0.659484,0.486547,0.00475476
861,0.987191,0.659484,0.486547,0.00475476
862,0.987953,0.731209,0.458061,0.00207458
863,0.992225,0.651593,0.455288,0.00310151
864,0.991237,0.669083,0.452127,0.00392488
865,0.989738,0.693009,0.47916,0.00559082
866,0.985996,0.580548,0.561291,0.00364655
867,0.987713,0.616514,0.610675,0.00307733
868,0.988871,0.630449,0.532398,0.0026242
869,0.987474,0.664692,0.530993,0.00151688
870,0.987474,0.664692,0.530993,0.00151688
871,0.987474,0.664692,0.530993,0.00151688
872,0.987474,0.664692,0.530993,0.00151688
873,0.987208,0.68144,0.406621,0.00112089
874,0.983563,0.596205,0.445993,0.00186339
875,0.984097,0.586536,0.419514,0.00217767
876,0.984097,0.586536,0.419514,0.00217767
877,0.984097,0.586536,0.419514,0.00217767
878,0.984097,0.586536,0.419514,0.00217767
879,0.982149,0.705458,0.423163,0.0051946
880,0.982149,0.705458,0.423163,0.0051946
881,0.980334,0.739279,0.398884,0.0022221
882,0.980334,0.739279,0.398884,0.0022221
883,0.982479,0.712822,0.398015,0.0055215
884,0.984363,0.673003,0.384449,0.0029451
885,0.984363,0.673003,0.384449,0.0029451
886,0.983594,0.648649,0.447805,0.00247301
887,0.983594,0.648649,0.447805,0.00247301
888,0.982288,0.722359,0.417381,0.00477554
889,0.982288,0.722359,0.417381,0.00477554
890,0.982288,0.722359,0.417381,0.00477554
891,0.982288,0.722359,0.417381,0.00477554
892,0.982288,0.722359,0.417381,0.00477554
893,0.982519,0.763125,0.398068,0.00382182
894,0.982519,0.763125,0.398068,0.00382182
895,0.982519,0.763125,0.398068,0.00382182
896,0.983796,0.883565,0.408633,0.00359197
897,0.982303,0.861548,0.317865,0.00315379
898,0.982303,0.861548,0.317865,0.00315379
899,0.982502,0.724457,0.316052,0.00446106
900,0.981915,0.880099,0.357973,0.00215756
901,0.981794,0.776148,0.348969,0.00171127
902,0.982998,0.842275,0.360672,0.00256895
903,0.982998,0.842275,0.360672,0.00256895
904,0.980753,0.815284,0.383915,0.00116655
905,0.980753,0.815284,0.383915,0.00116655
906,0.980753,0.815284,0.383915,0.00116655
907,0.983008,0.653728,0.41238,0.00233842
908,0.982713,0.617926,0.426457,0.00525102
909,0.982519,0.594515,0.373744,0.00214222
910,0.982519,0.594515,0.373744,0.00214222
911,0.985677,0.654479,0.456081,0.00561813
912,0.985447,0.519323,0.418274,0.00439544
913,0.986764,0.520861,0.443521,0.0047203
914,0.984375,0.47836,0.3267,0.0020825
915,0.985816,0.51923,0.394555,0.00419272
916,0.985816,0.51923,0.394555,0.00419272
917,0.985816,0.51923,0.394555,0.00419272
918,0.985816,0.51923,0.394555,0.00419272
919,0.988453,0.561414,0.342751,0.00180453
920,0.992161,0.558368,0.385612,0.00249428
921,0.98729,0.542338,0.418689,0.00274271
922,0.98729,0.542338,0.418689,0.00274271
923,0.98729,0.542338,0.418689,0.00274271
924,0.99053,0.583789,0.430697,0.00227027
925,0.99053,0.583789,0.430697,0.00227027
926,0.992912,0.590311,0.446845,0.00199814
927,0.994976,0.570593,0.369522,0.0016065
928,0.99702,0.50529,0.377235,0.00413866
929,0.99702,0.50529,0.377235,0.00413866
930,0.994306,0.477374,0.315207,0.00465133
931,0.994306,0.477374,0.315207,0.00465133
932,0.994306,0.477374,0.315207,0.00465133
933,0.99436,0.484044,0.38612,0.00592924
934,0.995163,0.470299,0.356844,0.00295706
935,0.995163,0.470299,0.356844,0.00295706
936,0.996354,0.463074,0.41129,0.00367626
937,0.994441,0.517872,0.334651,0.00352867
938,0.991531,0.478002,0.355287,0.00441807
939,0.989014,0.506797,0.367279,0.0055358
940,0.989014,0.506797,0.367279,0.0055358
941,0.989014,0.506797,0.367279,0.0055358
942,0.988887,0.475727,0.3634,0.00353246
943,0.985082,0.39974,0.359608,0.00529848
944,0.981794,0.439425,0.408787,0.000861317
945,0.981794,0.439425,0.408787,0.000861317
946,0.981794,0.439425,0.408787,0.000861317
947,0.981794,0.439425,0.408787,0.000861317
948,0.981794,0.439425,0.408787,0.000861317
949,0.983614,0.414295,0.387884,0.00224029
950,0.986513,0.405388,0.456185,0.00362393
951,0.987007,0.357011,0.480321,0.00452551
952,0.98555,0.386897,0.530868,0.00543565
953,0.989632,0.400324,0.424886,0.00106828
954,0.989632,0.400324,0.424886,0.00106828
955,0.988529,0.343102,0.452799,0.00649772
956,0.988529,0.343102,0.452799,0.00649772
957,0.988596,0.348433,0.536395,0.00208767
958,0.993954,0.344562,0.698618,0.00343192
959,0.993954,0.344562,0.698618,0.00343192
960,0.996189,0.302599,0.542449,0.00326305
961,0.996189,0.302599,0.542449,0.00326305
962,0.998278,0.365026,0.681561,0.00122187
963,0.997362,0.38912,0.692656,0.00405147
964,0.997362,0.38912,0.692656,0.00405147
965,0.996867,0.371339,0.661668,0.00256619
966,0.996867,0.371339,0.661668,0.00256619
967,0.996867,0.371339,0.661668,0.00256619
968,0.994043,0.381427,0.575933,0.00353713
969,0.994043,0.381427,0.575933,0.00353713
970,0.993015,0.450699,0.518267,0.00315193
971,0.993015,0.450699,0.518267,0.00315193
972,0.996279,0.361995,0.58851,0.00550875
973,0.992578,0.408924,0.520036,0.00240693
974,0.996691,0.366745,0.518558,0.00562891
975,0.996933,0.382403,0.612476,0.00502732
976,0.997312,0.313307,0.506419,0.0040206
977,0.99719,0.373384,0.517343,0.000917911
978,0.9985,0.368214,0.516448,0.00343959
979,0.996807,0.376342,0.537191,0.00179535
980,0.99471,0.412728,0.515009,0.00590302
981,0.99471,0.412728,0.515009,0.00590302
982,0.992012,0.459903,0.549008,0.00903437
983,0.989726,0.498213,0.47651,0.0077572
984,0.991966,0.608208,0.486031,0.00596077
985,0.989301,0.500518,0.468808,0.00572466
986,0.986763,0.515557,0.38764,0.00246835
987,0.986078,0.426762,0.420028,0.00394702
988,0.990261,0.389898,0.483701,0.0025469
989,0.990261,0.389898,0.483701,0.0025469
990,0.990261,0.389898,0.483701,0.0025469
991,0.990261,0.389898,0.483701,0.0025469
992,0.990261,0.389898,0.483701,0.0025469
993,0.990261,0.389898,0.483701,0.0025469
994,0.990261,0.389898,0.483701,0.0025469
995,0.989736,0.473897,0.479228,0.00274114
996,0.989736,0.473897,0.479228,0.00274114
997,0.990691,0.497196,0.45972,0.00168322
998,0.987706,0.501125,0.469544,0.00213373
999,0.992627,0.444796,0.466848,0.00250894
1000,0.989525,0.448193,0.535165,0.00233624
1001,0.989525,0.448193,0.535165,0.00233624
1002,0.990713,0.422904,0.409701,0.0010918
1003,0.990713,0.422904,0.409701,0.0010918
1004,0.990713,0.422904,0.409701,0.0010918
1005,0.990713,0.422904,0.409701,0.0010918
1006,0.989937,0.461071,0.451994,0.0036231
1007,0.989937,0.461071,0.451994,0.0036231
1008,0.994942,0.483034,0.338178,0.00667463
1009,0.998324,0.374421,0.354719,0.00224237
1010,0.992657,0.363764,0.425056,0.00603896
1011,0.992657,0.363764,0.425056,0.00603896
1012,0.994658,0.409972,0.532833,0.00235997
1013,0.996329,0.397747,0.573269,0.00218989
1014,0.993058,0.364349,0.50652,0.00462164
1015,0.993077,0.400305,0.511072,0.0020347
1016,0.993077,0.400305,0.511072,0.0020347
1017,0.990281,0.261073,0.499557,0.00360621
1018,0.990281,0.261073,0.499557,0.00360621
1019,0.991548,0.245807,0.502538,0.00588705
1020,0.991548,0.245807,0.502538,0.00588705
1021,0.99015,0.281434,0.514251,0.00703352
1022,0.987524,0.332367,0.424623,0.000579437
1023,0.98656,0.358458,0.476101,0.000651542
1024,0.98656,0.358458,0.476101,0.000651542
1025,0.990161,0.33679,0.50361,0.00291388
1026,0.9884,0.311243,0.493671,0.00239452
1027,0.992314,0.336456,0.470292,0.00350313
1028,0.995161,0.353061,0.352911,0.00445259
1029,0.995161,0.353061,0.352911,0.00445259
1030,0.995161,0.353061,0.352911,0.00445259
1031,0.992155,0.341818,0.333982,0.00245152
1032,0.992155,0.341818,0.333982,0.00245152
1033,0.991986,0.383293,0.353333,0.00466039
1034,0.98791,0.345495,0.267478,0.00290508
1035,0.983226,0.38115,0.313504,0.00788323
1036,0.986863,0.365258,0.393156,0.0054475
1037,0.986863,0.365258,0.393156,0.0054475
1038,0.986863,0.365258,0.393156,0.0054475
1039,0.983797,0.332364,0.301128,0.00571189
1040,0.989308,0.393517,0.316862,0.0051275
1041,0.987073,0.420265,0.357129,0.00588203
1042,0.987073,0.420265,0.357129,0.00588203
1043,0.984232,0.456968,0.420058,0.00310739
1044,0.983995,0.436026,0.426352,0.00207848
1045,0.985666,0.421768,0.454983,0.00591811
1046,0.988139,0.410567,0.508515,0.00532107
1047,0.995621,0.371546,0.577215,0.00725472
1048,0.994619,0.345727,0.613862,0.0049187
1049,0.994619,0.345727,0.613862,0.0049187
1050,0.995043,0.392292,0.511717,0.00678271
1051,0.995043,0.392292,0.511717,0.00678271
1052,0.992929,0.436364,0.500577,0.00836666
1053,0.992929,0.436364,0.500577,0.00836666
1054,0.99423,0.377124,0.486562,0.00261619
1055,0.99423,0.377124,0.486562,0.00261619
1056,0.994878,0.382128,0.471582,0.00330242
1057,0.994398,0.342777,0.400858,0.00193231
1058,0.993404,0.3947,0.422947,0.00446889
1059,0.992515,0.436271,0.440284,0.00107533
1060,0.992515,0.436271,0.440284,0.00107533
1061,0.990829,0.423535,0.472291,0.00289959
1062,0.9899,0.428831,0.515306,0.00149148
1063,0.99411,0.482741,0.568265,0.00283301
1064,0.988361,0.388098,0.580596,0.0105394
1065,0.988361,0.388098,0.580596,0.0105394
1066,0.988361,0.388098,0.580596,0.0105394
1067,0.988361,0.388098,0.580596,0.0105394
1068,0.984814,0.396035,0.562618,0.00994186
1069,0.984814,0.396035,0.562618,0.00994186
1070,0.984814,0.396035,0.562618,0.00994186
1071,0.984814,0.396035,0.562618,0.00994186
1072,0.984814,0.396035,0.562618,0.00994186
1073,0.985621,0.42052,0.53307,0.00531629
1074,0.987862,0.405308,0.66117,0.00687652
1075,0.987857,0.357559,0.546932,0.00567225
1076,0.988672,0.340054,0.50431,0.00459047
1077,0.989456,0.458678,0.467412,0.00533532
1078,0.990595,0.393979,0.553704,0.00371655
1079,0.990595,0.393979,0.553704,0.00371655
1080,0.990595,0.393979,0.553704,0.00371655
1081,0.991779,0.357052,0.645297,0.00271116
1082,0.994153,0.458367,0.509498,0.00330937
1083,0.993848,0.397234,0.511591,0.00202768
1084,0.993815,0.427989,0.49187,0.0039491
1085,0.993815,0.427989,0.49187,0.0039491
1086,0.994839,0.406918,0.448708,0.00281409
1087,0.989596,0.409419,0.619467,0.00386508
1088,0.992499,0.418317,0.577917,0.00483521
1089,0.992499,0.418317,0.577917,0.00483521
1090,0.992499,0.418317,0.577917,0.00483521
1091,0.989293,0.449374,0.510943,0.00666246
1092,0.986285,0.523513,0.496666,0.002323
1093,0.983655,0.484824,0.527343,0.00305319
1094,0.978961,0.455704,0.514461,0.00416279
1095,0.981224,0.371261,0.437394,0.00291645
1096,0.978931,0.411512,0.450572,0.000450143
1097,0.980146,0.35938,0.352833,0.00310085
1098,0.980181,0.384349,0.332902,0.00259746
1099,0.980119,0.419893,0.38143,0.00269709
1100,0.980119,0.419893,0.38143,0.00269709
1101,0.980119,0.419893,0.38143,0.00269708
1102,0.980119,0.419893,0.38143,0.00269708
1103,0.980119,0.419893,0.38143,0.00269708
1104,0.979137,0.437404,0.315245,0.000662938
1105,0.977188,0.399016,0.336828,0.00295378
1106,0.977188,0.399016,0.336828,0.00295378
1107,0.974311,0.454928,0.368408,0.0041546
1108,0.974311,0.454928,0.368408,0.0041546
1109,0.973791,0.438729,0.365511,0.00543296
1110,0.974609,0.439649,0.386846,0.0022136
1111,0.97238,0.446385,0.399256,0.00230141
1112,0.974065,0.495623,0.394592,0.00484904
1113,0.974065,0.495623,0.394592,0.00484904
1114,0.974065,0.495623,0.394592,0.00484904
1115,0.973706,0.378699,0.446267,0.0028207
1116,0.972732,0.431305,0.342164,0.00296621
1117,0.972732,0.431305,0.342164,0.00296621
1118,0.97039,0.379761,0.359174,0.00318954
1119,0.97039,0.379761,0.359174,0.00318954
1120,0.972991,0.378235,0.369832,0.00634992
1121,0.972991,0.378235,0.369832,0.00634992
1122,0.975674,0.362756,0.491382,0.00550446
1123,0.982057,0.339803,0.448122,0.00443947
1124,0.981895,0.352052,0.392638,0.00842237
1125,0.981895,0.352052,0.392638,0.00842237
1126,0.981895,0.352052,0.392638,0.00842237
1127,0.981895,0.352052,0.392638,0.00842237
1128,0.98449,0.329211,0.336095,0.00123805
1129,0.989797,0.326588,0.398964,0.00422773
1130,0.986631,0.402829,0.386643,0.00477186
1131,0.986597,0.360513,0.35808,0.00665374
1132,0.986597,0.360513,0.35808,0.00665374
1133,0.982575,0.290614,0.404057,0.00240516
1134,0.985071,0.352385,0.397956,0.00275261
1135,0.985497,0.40989,0.471013,0.0028326
1136,0.985497,0.40989,0.471013,0.0028326
1137,0.985497,0.40989,0.471013,0.0028326
1138,0.985497,0.40989,0.471013,0.0028326
1139,0.987459,0.400135,0.463832,0.00442159
1140,0.987459,0.400135,0.463832,0.00442159
1141,0.993893,0.329319,0.467483,0.00254887
1142,0.991081,0.35678,0.425917,0.00315504
1143,0.988818,0.367587,0.430064,0.00236538
1144,0.992391,0.344384,0.361073,0.00438895
1145,0.993131,0.298835,0.374403,0.0011639
1146,0.989291,0.221311,0.424406,0.00322462
1147,0.989253,0.215749,0.40295,0.000556937
1148,0.987578,0.299816,0.39831,0.0016187
1149,0.990485,0.299462,0.466035,0.00444693
1150,0.990485,0.299462,0.466035,0.00444693
1151,0.990485,0.299462,0.466035,0.00444693
1152,0.990988,0.30402,0.449225,0.00274603
1153,0.989585,0.245617,0.484155,0.00277415
1154,0.992061,0.295714,0.461081,0.00170688
1155,0.99451,0.332574,0.4671,0.00298692
1156,0.991747,0.360863,0.361676,0.00636923
1157,0.991747,0.360863,0.361676,0.00636923
1158,0.992419,0.337638,0.407659,0.00327049
1159,0.992419,0.337638,0.407659,0.00327049
1160,0.995089,0.262397,0.371903,0.00122246
1161,0.995089,0.262397,0.371903,0.00122246
1162,0.995622,0.286265,0.359457,0.00311979
1163,0.995687,0.281538,0.335247,0.000805306
1164,0.995687,0.281538,0.335247,0.000805306
1165,1.00286,0.250039,0.301024,0.00301121
1166,1.00286,0.250039,0.301024,0.00301121
1167,1.00025,0.254011,0.307457,0.00618813
1168,0.998217,0.255181,0.343126,0.00586738
1169,0.997782,0.203862,0.342721,0.00470464
1170,0.996155,0.223875,0.351612,0.00461934
1171,0.996376,0.263634,0.343892,0.00382471
1172,0.99597,0.236666,0.402365,0.0056943
1173,0.99597,0.236666,0.402365,0.0056943
1174,0.99597,0.236666,0.402365,0.0056943
1175,0.99597,0.236666,0.402365,0.0056943
1176,0.994524,0.197715,0.43182,0.000818248
1177,0.989606,0.246565,0.400921,0.0059189
1178,0.985292,0.284971,0.408786,0.00867666
1179,0.983977,0.283143,0.399057,0.00707884
1180,0.983127,0.342867,0.436819,0.00262044
1181,0.986483,0.375275,0.363259,0.00147261
1182,0.986483,0.375275,0.363259,0.00147261
1183,0.984791,0.398037,0.333001,0.00187562
1184,0.988618,0.389361,0.374963,0.00152511
1185,0.987995,0.386911,0.34741,0.00200436
1186,0.987358,0.361954,0.380036,0.00542078
1187,0.987358,0.361954,0.380036,0.00542078
1188,0.987358,0.361954,0.380036,0.00542078
1189,0.987619,0.385021,0.401043,0.0020105
1190,0.988824,0.406126,0.374827,0.00285724
1191,0.980992,0.409827,0.394769,0.00349536
1192,0.982301,0.508262,0.449675,0.00367521
1193,0.982301,0.508262,0.449675,0.00367521
1194,0.982331,0.513835,0.459013,0.00508069
1195,0.982331,0.513835,0.459013,0.00508069
1196,0.983147,0.502743,0.400795,0.0016715
1197,0.986501,0.463929,0.412185,0.000886717
1198,0.98749,0.46686,0.422122,0.00262967
1199,0.98749,0.46686,0.422122,0.00262967
1200,0.988092,0.390389,0.447011,0.00544809
1201,0.990974,0.449457,0.503793,0.00217485
1202,0.993331,0.459353,0.502639,0.0038429
1203,0.993331,0.459353,0.502639,0.0038429
1204,0.992825,0.395684,0.500869,0.000803204
1205,0.989782,0.419779,0.431526,0.00201501
1206,0.99012,0.315188,0.482733,0.00403911
1207,0.988785,0.302371,0.569978,0.00366842
1208,0.988709,0.293858,0.528429,0.00128944
1209,0.988709,0.293858,0.528429,0.00128944
1210,0.992171,0.356604,0.506146,0.00384343
1211,0.992171,0.356604,0.506146,0.00384343
1212,0.99153,0.317892,0.451949,0.00174621
1213,0.987995,0.240851,0.47572,0.00179798
1214,0.987995,0.240851,0.47572,0.00179798
1215,0.985344,0.219918,0.474203,0.0050712
1216,0.985344,0.219918,0.474203,0.0050712
1217,0.986848,0.247452,0.461222,0.00548272
1218,0.984522,0.271167,0.469383,0.00605235
1219,0.984522,0.271167,0.469383,0.00605235
1220,0.989226,0.376055,0.4525,0.00337167
1221,0.993085,0.388345,0.496021,0.0069949
1222,0.996494,0.424868,0.465836,0.00535356
1223,0.998205,0.484565,0.411638,0.00500974
1224,0.998064,0.418797,0.385462,0.000531825
1225,0.998064,0.418797,0.385462,0.000531825
1226,0.998064,0.418797,0.385462,0.000531825
1227,0.997799,0.427959,0.419653,0.00321286
1228,0.99552,0.446984,0.436568,0.00323594
1229,0.996903,0.517963,0.384233,0.00419689
1230,0.993776,0.576412,0.368224,0.00374779
1231,0.993776,0.576412,0.368224,0.00374779
1232,0.991591,0.421338,0.409944,0.0025088
1233,0.98964,0.382741,0.46283,0.00137966
1234,0.991027,0.350626,0.390999,0.00434786
1235,0.992784,0.347684,0.34907,0.00247057
1236,0.994462,0.338168,0.350266,0.00380251
1237,0.997385,0.376409,0.356349,0.00336605
1238,0.999815,0.402935,0.305931,0.00538511
1239,0.998794,0.334856,0.328145,0.00404265
1240,0.999818,0.426262,0.294165,0.00436192
1241,0.999818,0.426262,0.294165,0.00436192
1242,1.00009,0.447131,0.344293,0.00180517
1243,0.999757,0.43116,0.392649,0.00387492
1244,0.999757,0.43116,0.392649,0.00387492
1245,0.996989,0.374072,0.381378,0.00429061
1246,0.996989,0.374072,0.381378,0.00429061
1247,0.996989,0.374072,0.381378,0.00429061
1248,0.996434,0.351587,0.345718,0.00395491
1249,0.995,0.405923,0.385236,0.00405545
1250,0.9913,0.417438,0.354564,0.00154407
1251,0.9913,0.417438,0.354564,0.00154407
1252,0.988655,0.427745,0.433081,0.000725963
1253,0.986806,0.421416,0.410334,0.00228097
1254,0.988594,0.437064,0.418015,0.00488384
1255,0.991537,0.404555,0.275033,0.00458581
1256,0.988029,0.363442,0.305879,0.00826568
1257,0.988029,0.363442,0.305879,0.00826568
1258,0.988029,0.363442,0.305879,0.00826568
1259,0.984452,0.332952,0.425043,0.00656319
1260,0.98358,0.338046,0.41871,0.00449307
1261,0.984594,0.255746,0.436476,0.00727221
1262,0.98729,0.278077,0.486449,0.00695657
1263,0.986244,0.339806,0.440604,0.00305483
1264,0.986761,0.356048,0.447643,0.00857838
1265,0.986761,0.356048,0.447643,0.00857838
1266,0.987884,0.333733,0.41269,0.00350108
1267,0.98736,0.365506,0.424023,0.00717587
1268,0.989399,0.323491,0.350579,0.00626756
1269,0.989399,0.323491,0.350579,0.00626756
1270,0.989399,0.323491,0.350579,0.00626756
1271,0.989399,0.323491,0.350579,0.00626756
1272,0.987911,0.368702,0.36719,0.00496026
1273,0.984645,0.411535,0.386537,0.00360502
1274,0.984645,0.411535,0.386537,0.00360502
1275,0.982702,0.303082,0.398882,0.00166946
1276,0.982702,0.303082,0.398882,0.00166946
1277,0.982702,0.303082,0.398882,0.00166946
1278,0.984346,0.258863,0.362643,0.00309694
1279,0.984346,0.258863,0.362643,0.00309694
1280,0.985273,0.301307,0.349911,0.00356533
1281,0.985273,0.301307,0.349911,0.00356533
1282,0.987288,0.257568,0.409764,0.00178661
1283,0.987288,0.257568,0.409764,0.00178661
1284,0.991721,0.317542,0.428753,0.00145027
1285,0.991721,0.317542,0.428753,0.00145027
1286,0.991124,0.285685,0.336838,0.00486444
1287,0.991124,0.285685,0.336838,0.00486444
1288,0.991484,0.299185,0.35889,0.00416554
1289,0.991484,0.299185,0.35889,0.00416554
1290,0.990109,0.31305,0.28602,0.00266584
1291,0.993843,0.368129,0.327833,0.00366496
1292,0.996025,0.279187,0.365029,0.00482118
1293,0.996025,0.279187,0.365029,0.00482118
1294,0.998597,0.318581,0.375237,0.00219466
1295,0.993313,0.301975,0.348841,0.00614112
1296,0.993451,0.296702,0.342254,0.0058496
1297,0.993451,0.296702,0.342254,0.0058496
1298,0.993451,0.296702,0.342254,0.0058496
1299,0.995677,0.361353,0.355392,0.0015399
1300,0.995558,0.428309,0.361012,0.00244234
1301,0.995558,0.428309,0.361012,0.00244234
1302,0.997368,0.429481,0.334509,0.00407721
1303,0.998491,0.465641,0.345196,0.00269827
1304,1.00172,0.380579,0.365672,0.00289296
1305,1.00172,0.380579,0.365672,0.00289296
1306,1.00172,0.380579,0.365672,0.00289296
1307,1.00172,0.380579,0.365672,0.00289296
1308,1.00172,0.380579,0.365672,0.00289296
1309,0.999147,0.478813,0.364131,0.00350299
1310,0.997922,0.450893,0.428211,0.00474708
1311,1.00226,0.484756,0.457019,0.00265058
1312,1.00055,0.469014,0.437509,0.00443987
1313,0.999614,0.373787,0.439329,0.00559997
1314,0.999614,0.373787,0.439329,0.00559997
1315,0.994201,0.336502,0.454314,0.00393506
1316,0.994201,0.336502,0.454314,0.00393506
1317,0.994201,0.336502,0.454314,0.00393506
1318,0.993441,0.368018,0.585726,0.00420441
1319,0.991885,0.294834,0.390306,0.00534437
1320,0.991885,0.294834,0.390306,0.00534437
1321,0.991885,0.294834,0.390306,0.00534437
1322,0.991885,0.294834,0.390306,0.00534437
1323,0.99464,0.311643,0.445647,0.00330933
1324,0.994413,0.358164,0.482455,0.00369033
1325,0.994276,0.321589,0.409133,0.0024483
1326,1.00042,0.325873,0.465866,0.00440374
1327,0.997308,0.356887,0.4425,0.00418883
1328,0.997308,0.356887,0.4425,0.00418883
1329,0.997385,0.255587,0.389015,0.00306942
1330,0.99894,0.240573,0.440337,0.00642227
1331,0.99894,0.240573,0.440337,0.00642227
1332,0.99894,0.240573,0.440337,0.00642227
1333,0.995796,0.255836,0.391098,0.00517522
1334,0.992236,0.300908,0.333755,0.00520413
1335,0.99097,0.214787,0.334066,0.00197099
1336,0.988905,0.167721,0.318362,0.00834165
1337,0.988905,0.167721,0.318362,0.00834165
1338,0.989032,0.178975,0.371861,0.00171108
1339,0.990924,0.258272,0.334011,0.00256736
1340,0.990924,0.258272,0.334011,0.00256736
1341,0.990924,0.258272,0.334011,0.00256736
1342,0.993763,0.291014,0.298664,0.00316616
1343,0.996301,0.268251,0.349631,0.00736729
1344,0.996404,0.223206,0.344754,0.00431988
1345,0.996404,0.223206,0.344754,0.00431988
1346,0.995131,0.260706,0.321329,0.00352589
1347,0.988969,0.199616,0.34013,0.00113637
1348,0.988969,0.199616,0.34013,0.00113637
1349,0.990614,0.241498,0.327108,0.00330125
1350,0.990614,0.241498,0.327108,0.00330125
1351,0.988852,0.317877,0.325109,0.00240649
1352,0.991766,0.33292,0.304966,0.00501865
1353,0.990861,0.325366,0.316532,0.00330877
1354,0.986182,0.388127,0.286851,0.00194743
1355,0.982547,0.311034,0.273508,0.001878
1356,0.983353,0.323979,0.266754,0.0043845
1357,0.983353,0.323979,0.266754,0.0043845
1358,0.982642,0.371942,0.319448,0.00291327
1359,0.98506,0.310348,0.26775,0.00247175
1360,0.98506,0.310348,0.26775,0.00247175
1361,0.986332,0.363441,0.256754,0.00485222
1362,0.987025,0.373287,0.374689,0.00228088
1363,0.983371,0.422906,0.309971,0.0018571
1364,0.983371,0.422906,0.309971,0.0018571
1365,0.983371,0.422906,0.309971,0.0018571
1366,0.983371,0.422906,0.309971,0.0018571
1367,0.985353,0.358885,0.284302,0.00623079
1368,0.985353,0.358885,0.284302,0.00623079
1369,0.985353,0.358885,0.284302,0.00623079
1370,0.985353,0.358885,0.284302,0.00623079
1371,0.981775,0.362554,0.27051,0.00244918
1372,0.981775,0.362554,0.27051,0.00244918
1373,0.981775,0.362554,0.27051,0.00244918
1374,0.983863,0.347596,0.375497,0.00216125
1375,0.983863,0.347596,0.375497,0.00216125
1376,0.983863,0.347596,0.375497,0.00216125
1377,0.987536,0.381304,0.372564,0.00366363
1378,0.989832,0.347777,0.311971,0.00243275
1379,0.989832,0.347777,0.311971,0.00243275
1380,0.989226,0.378428,0.342696,0.000648755
1381,0.989324,0.34167,0.341658,0.00579306
1382,0.989209,0.319018,0.28874,0.00101545
1383,0.990301,0.341773,0.301935,0.00449621
1384,0.986817,0.335837,0.340978,0.000556703
1385,0.985603,0.276063,0.295456,0.00573721
1386,0.985603,0.276063,0.295456,0.00573721
1387,0.984103,0.270447,0.321342,0.00596747
1388,0.982421,0.321385,0.329837,0.00260389
1389,0.982421,0.321385,0.329837,0.00260389
1390,0.982421,0.321385,0.329837,0.00260389
1391,0.982195,0.225664,0.304067,0.00215481
1392,0.982883,0.228061,0.31189,0.00278266
1393,0.982883,0.228061,0.31189,0.00278266
1394,0.984412,0.202784,0.337832,0.00389053
1395,0.986023,0.201983,0.241613,0.00309416
1396,0.988235,0.165628,0.243728,0.00276468
1397,0.988235,0.165628,0.243728,0.00276468
1398,0.988235,0.165628,0.243728,0.00276468
1399,0.989993,0.200725,0.279015,0.00182985
1400,0.991037,0.305478,0.220273,0.00745268
1401,0.991037,0.305478,0.220273,0.00745268
1402,0.988338,0.264922,0.260762,0.00482137
1403,0.988338,0.264922,0.260762,0.00482137
1404,0.987726,0.228528,0.252521,0.00275905
1405,0.986977,0.182722,0.202079,0.0030736
1406,0.985932,0.248826,0.150287,0.00513491
1407,0.986905,0.239285,0.155162,0.00358067
1408,0.986382,0.271617,0.135188,0.00348232
1409,0.991071,0.12088,0.133304,0.0046767
1410,0.991071,0.12088,0.133304,0.0046767
1411,0.992864,0.15866,0.153776,0.00479533
1412,0.995975,0.179585,0.11395,0.00419195
1413,0.994723,0.293913,0.141414,0.00554847
1414,0.993137,0.291386,0.0998382,0.00436965
1415,0.993137,0.291386,0.0998382,0.00436965
1416,0.993137,0.291386,0.0998382,0.00436965
1417,0.991884,0.295986,0.0657837,0.0042401
1418,0.994469,0.386424,0.11868,0.00116055
1419,0.990453,0.39762,0.147843,0.000922787
1420,0.989025,0.403472,0.187548,0.00404688
1421,0.990349,0.419145,0.148145,0.00157836
1422,0.990825,0.417928,0.18236,0.0064346
1423,0.990825,0.417928,0.18236,0.0064346
1424,0.986545,0.424384,0.143667,0.00261463
1425,0.986994,0.334537,0.139838,0.00560054
1426,0.986994,0.334537,0.139838,0.00560054
1427,0.992283,0.287803,0.170499,0.00829981
1428,0.992507,0.264494,0.198556,0.00347388
1429,0.994608,0.269083,0.137606,0.00647699
1430,0.994608,0.269083,0.137606,0.00647699
1431,0.996743,0.255813,0.142784,0.00497881
1432,0.996743,0.255813,0.142784,0.00497881
1433,0.995785,0.320649,0.136372,0.0059203
1434,0.998481,0.324677,0.145649,0.000907786
1435,0.995865,0.323303,0.198971,0.00250608
1436,0.995865,0.323303,0.198971,0.00250608
1437,0.995865,0.323303,0.198971,0.00250608
1438,0.994394,0.362526,0.224122,0.00078341
1439,0.994394,0.362526,0.224122,0.00078341
1440,0.992141,0.444432,0.290046,0.00657722
1441,0.994274,0.419565,0.414988,0.00496292
1442,0.994274,0.419565,0.414988,0.00496292
1443,0.994274,0.419565,0.414988,0.00496292
1444,0.997001,0.409188,0.387165,0.00656549
1445,0.994515,0.42417,0.310319,0.00609332
1446,0.991944,0.367155,0.26234,0.0029435
1447,0.991944,0.367155,0.26234,0.0029435
1448,0.992553,0.394808,0.305998,0.00391255
1449,0.99362,0.396943,0.317776,0.00301629
1450,0.992235,0.348015,0.312633,0.00362826
1451,0.992606,0.295766,0.306018,0.00138846
1452,0.990959,0.273195,0.288993,0.00224252
1453,0.989719,0.28797,0.249163,0.0020155
1454,0.988484,0.276889,0.29356,0.00398077
1455,0.989952,0.350003,0.273822,0.00484403
1456,0.989952,0.350003,0.273822,0.00484403
1457,0.989736,0.309588,0.280053,0.00406486
1458,0.987997,0.364654,0.31908,0.00495876
1459,0.989345,0.323455,0.369939,0.0048625
1460,0.987981,0.338056,0.330125,0.00336249
1461,0.990707,0.247128,0.234224,0.00475251
1462,0.991183,0.245858,0.267311,0.00618731
1463,0.991183,0.245858,0.267311,0.00618731
1464,0.991316,0.303819,0.269917,0.0032711
1465,0.990941,0.312941,0.241973,0.00258297
1466,0.990941,0.312941,0.241973,0.00258297
1467,0.992597,0.349127,0.282139,0.00487562
1468,0.988104,0.378287,0.319891,0.00335827
1469,0.989867,0.466704,0.326883,0.00244551
1470,0.99024,0.497235,0.390424,0.00190439
1471,0.990178,0.388818,0.338683,0.00450458
1472,0.990178,0.388818,0.338683,0.00450458
1473,0.988364,0.418056,0.31672,0.00371491
1474,0.989803,0.446852,0.340987,0.00298362
1475,0.993582,0.418597,0.314375,0.000530121
1476,0.993582,0.418597,0.314375,0.000530121
1477,0.993582,0.418597,0.314375,0.000530121
1478,0.993782,0.449818,0.318872,0.00336915
1479,0.993782,0.449818,0.318872,0.00336915
1480,0.990832,0.364584,0.272831,0.000543539
1481,0.988415,0.413765,0.271873,0.00649943
1482,0.987913,0.320937,0.251206,0.00802835
1483,0.988342,0.393013,0.26991,0.00330932
1484,0.986888,0.409144,0.232414,0.00394067
1485,0.986888,0.409144,0.232414,0.00394067
1486,0.986535,0.515664,0.239096,0.000601645
1487,0.984505,0.494779,0.294926,0.00344565
1488,0.984733,0.528854,0.265247,0.00141619
1489,0.984733,0.528854,0.265247,0.00141619
1490,0.979445,0.461778,0.244226,0.00485175
1491,0.983999,0.470868,0.248661,0.00426416
1492,0.984629,0.431246,0.272854,0.00699359
1493,0.984629,0.431246,0.272854,0.00699359
1494,0.984629,0.431246,0.272854,0.00699359
1495,0.984496,0.404143,0.289948,0.00590322
1496,0.984406,0.472065,0.263851,0.00249273
1497,0.984406,0.472065,0.263851,0.00249273
1498,0.984406,0.472065,0.263851,0.00249273
1499,0.984406,0.472065,0.263851,0.00249273
1500,0.986614,0.470941,0.334019,0.00123991
1501,0.988199,0.478291,0.277615,0.00398731
1502,0.988199,0.478291,0.277615,0.00398731
1503,0.987905,0.452122,0.350301,0.00448347
1504,0.988348,0.463337,0.301281,0.00582038
1505,0.989927,0.397059,0.289764,0.00219575
1506,0.991825,0.377552,0.309517,0.00303522
1507,0.991825,0.377552,0.309517,0.00303522
1508,0.992519,0.454505,0.34153,0.00186343
1509,0.995341,0.417874,0.374409,0.0011672
1510,0.995341,0.417874,0.374409,0.0011672
1511,0.99477,0.293576,0.328812,0.00474695
1512,0.99477,0.293576,0.328812,0.00474695
1513,0.99477,0.293576,0.328812,0.00474695
1514,0.99477,0.293576,0.328812,0.00474695
1515,0.99477,0.293576,0.328812,0.00474695
1516,0.991731,0.321903,0.327744,0.00359722
1517,0.987651,0.378501,0.286858,0.0032303
1518,0.986051,0.377122,0.281704,0.00390647
1519,0.986051,0.377122,0.281704,0.00390647
1520,0.984396,0.302469,0.343951,0.00368212
1521,0.980557,0.338271,0.339056,0.00388559
1522,0.980557,0.338271,0.339056,0.00388559
1523,0.982733,0.335832,0.263566,0.00594501
1524,0.983861,0.331373,0.244537,0.00442658
1525,0.982915,0.313546,0.24003,0.00445726
1526,0.982915,0.313546,0.24003,0.00445726
1527,0.982915,0.313546,0.24003,0.00445726
1528,0.982152,0.339624,0.248952,0.00205537
1529,0.981899,0.404098,0.212294,0.00405532
1530,0.981899,0.404098,0.212294,0.00405532
1531,0.983674,0.352019,0.225148,0.00284579
1532,0.983674,0.352019,0.225148,0.00284579
1533,0.983674,0.352019,0.225148,0.00284579
1534,0.982317,0.403268,0.215142,0.00860585
1535,0.982317,0.403268,0.215142,0.00860585
1536,0.982377,0.433112,0.198266,0.00192861
1537,0.984288,0.369258,0.226137,0.0015621
1538,0.985926,0.412216,0.192898,0.00197373
1539,0.987277,0.411642,0.271589,0.0024763
1540,0.984447,0.457975,0.3245,0.000175094
1541,0.984984,0.442518,0.347393,0.00128317
1542,0.988217,0.377318,0.374832,0.0037891
1543,0.989597,0.362855,0.330451,0.00430063
1544,0.989707,0.365923,0.210711,0.00439516
1545,0.990437,0.334557,0.213426,0.00364248
1546,0.994212,0.241153,0.176365,0.00234292
1547,0.989956,0.318839,0.238097,0.00283851
1548,0.991192,0.343874,0.296412,0.0063393
1549,0.991192,0.343874,0.296412,0.0063393
1550,0.990795,0.350217,0.319429,0.00446462
1551,0.990795,0.350217,0.319429,0.00446462
1552,0.990795,0.350217,0.319429,0.00446462
1553,0.990795,0.350217,0.319429,0.00446462
1554,0.991112,0.308357,0.356653,0.00450165
1555,0.988892,0.307245,0.310045,0.00153346
1556,0.989486,0.327126,0.344148,0.0035347
1557,0.989486,0.327126,0.344148,0.0035347
1558,0.985864,0.310451,0.381626,0.00434791
1559,0.982458,0.295606,0.352895,0.00373638
1560,0.982458,0.295606,0.352895,0.00373638
1561,0.982458,0.295606,0.352895,0.00373638
1562,0.977306,0.267402,0.265045,0.00269827
1563,0.976729,0.265233,0.252385,0.00286137
1564,0.976729,0.265233,0.252385,0.00286137
1565,0.976729,0.265233,0.252385,0.00286137
1566,0.976958,0.307445,0.225021,0.00206422
1567,0.980682,0.273311,0.35279,0.00406797
1568,0.984306,0.200706,0.339035,0.0019123
1569,0.979285,0.223887,0.375209,0.00104937
1570,0.979285,0.223887,0.375209,0.00104937
1571,0.984932,0.203804,0.327611,0.00465706
1572,0.983603,0.19535,0.349967,0.00390092
1573,0.980095,0.235962,0.268442,0.00356983
1574,0.978209,0.322543,0.242823,0.00380978
1575,0.979737,0.319321,0.325538,0.00355884
1576,0.979737,0.319321,0.325538,0.00355884
1577,0.978306,0.38418,0.327377,0.00120084
1578,0.982459,0.440115,0.417375,0.00120234
1579,0.985201,0.44353,0.302247,0.00505169
1580,0.985201,0.44353,0.302247,0.00505169
1581,0.985559,0.452691,0.337112,0.00382083
1582,0.983804,0.418613,0.340177,0.00330325
1583,0.983696,0.33201,0.39292,0.00417629
1584,0.987408,0.339939,0.407078,0.00217772
1585,0.988171,0.322779,0.417045,0.001298
1586,0.986975,0.278035,0.38761,0.00369712
1587,0.981206,0.254807,0.392389,0.00272418
1588,0.984079,0.263622,0.364163,0.000843694
1589,0.986484,0.284471,0.38494,0.000847429
1590,0.980288,0.279146,0.405815,0.0076107
1591,0.985806,0.315338,0.330534,0.00362917
1592,0.980843,0.320502,0.255573,0.00265481
1593,0.978348,0.24748,0.325227,0.00247219
1594,0.973742,0.254664,0.37499,0.00584801
1595,0.97423,0.251829,0.297827,0.00180993
1596,0.974011,0.231798,0.220041,0.00620413
1597,0.973691,0.226402,0.30615,0.0049447
1598,0.97793,0.194428,0.335384,0.00136853
1599,0.979219,0.214848,0.357365,0.00601677
1600,0.979585,0.201841,0.392067,0.00558149
1601,0.979585,0.201841,0.392067,0.00558149
1602,0.979248,0.174208,0.519641,0.00423877
1603,0.979248,0.174208,0.519641,0.00423877
1604,0.979096,0.214552,0.467559,0.00320533
1605,0.979096,0.214552,0.467559,0.00320533
1606,0.981853,0.275872,0.413717,0.00336184
1607,0.984201,0.328144,0.377115,0.00250258
1608,0.984201,0.328144,0.377115,0.00250258
1609,0.980051,0.323065,0.362797,0.00392911
1610,0.982978,0.323748,0.416132,0.0031507
1611,0.982379,0.300658,0.401405,0.00302298
1612,0.982379,0.300658,0.401405,0.00302298
1613,0.981454,0.315548,0.31774,0.00295887
1614,0.981454,0.315548,0.31774,0.00295887
1615,0.981445,0.320058,0.344827,0.0032955
1616,0.984714,0.341344,0.374143,0.00425128
1617,0.987626,0.354747,0.341318,0.00112215
1618,0.987626,0.354747,0.341318,0.00112215
1619,0.989628,0.441756,0.300682,0.0067438
1620,0.991031,0.528903,0.317788,0.00456113
1621,0.991031,0.528903,0.317788,0.00456113
1622,0.992514,0.423439,0.285107,0.00508006
1623,0.992514,0.423439,0.285107,0.00508006
1624,0.990434,0.469745,0.245824,0.0046549
1625,0.990434,0.469745,0.245824,0.0046549
1626,0.986359,0.43181,0.218266,0.00373044
1627,0.985617,0.375128,0.311389,0.00580496
1628,0.985617,0.375128,0.311389,0.00580496
1629,0.985617,0.375128,0.311389,0.00580496
1630,0.98419,0.318646,0.293046,0.000955809
1631,0.988482,0.44067,0.318804,0.00473203
1632,0.988482,0.44067,0.318804,0.00473203
1633,0.987054,0.335084,0.285385,0.00441356
1634,0.990712,0.363298,0.286736,0.00131129
1635,0.987838,0.42627,0.291157,0.00175627
1636,0.987838,0.42627,0.291157,0.00175627
1637,0.986863,0.345845,0.247256,0.00507932
1638,0.982653,0.325074,0.253007,0.00236426
1639,0.986054,0.336192,0.276908,0.00278428
1640,0.986515,0.312356,0.255835,0.0061821
1641,0.988832,0.294318,0.295447,0.00180272
1642,0.988832,0.294318,0.295447,0.00180272
1643,0.989476,0.316412,0.286342,0.00367844
1644,0.987487,0.301963,0.223256,0.00444893
1645,0.987487,0.301963,0.223256,0.00444893
1646,0.984995,0.252887,0.273202,0.00208464
1647,0.984995,0.252887,0.273202,0.00208464
1648,0.980904,0.184611,0.239951,0.00546659
1649,0.980904,0.184611,0.239951,0.00546659
1650,0.979103,0.223237,0.267169,0.00673136
1651,0.979103,0.223237,0.267169,0.00673136
1652,0.979103,0.223237,0.267169,0.00673136
1653,0.977848,0.252224,0.245199,0.004461
1654,0.977848,0.252224,0.245199,0.004461
1655,0.977848,0.252224,0.245199,0.004461
1656,0.976863,0.27476,0.246111,0.00589671
1657,0.976349,0.284932,0.322301,0.00196184
1658,0.977898,0.315256,0.255595,0.00188215
1659,0.977364,0.310472,0.263466,0.00224104
1660,0.981108,0.316629,0.208637,0.00119293
1661,0.982595,0.298766,0.197116,0.000631921
1662,0.984393,0.271685,0.230885,0.0043846
1663,0.984393,0.271685,0.230885,0.0043846
1664,0.984484,0.296518,0.223679,0.00475133
1665,0.98842,0.254475,0.224343,0.00378171
1666,0.98842,0.254475,0.224343,0.00378171
1667,0.983902,0.22439,0.278878,0.00115069
1668,0.987246,0.175289,0.292214,0.00421318
1669,0.987246,0.175289,0.292214,0.00421318
1670,0.987246,0.175289,0.292214,0.00421318
1671,0.987246,0.175289,0.292214,0.00421318
1672,0.989821,0.230381,0.280731,0.00484909
1673,0.986417,0.262967,0.291104,0.00560155
1674,0.988429,0.331548,0.312321,0.00353121
1675,0.988429,0.331548,0.312321,0.00353121
1676,0.991518,0.289245,0.294513,0.0051768
1677,0.991518,0.289245,0.294513,0.0051768
1678,0.99149,0.376364,0.370684,0.00109921
1679,0.990248,0.339598,0.348727,0.00147906
1680,0.990248,0.339598,0.348727,0.00147906
1681,0.993654,0.332701,0.312056,0.00280904
1682,0.992259,0.199676,0.32488,0.00361492
1683,0.993311,0.278248,0.290597,0.00182001
1684,0.993098,0.289233,0.343308,0.000196055
1685,0.992182,0.275384,0.338484,0.00429874
1686,0.995149,0.223071,0.281255,0.0038083
1687,0.997952,0.259008,0.2599,0.00813605
1688,0.999569,0.290422,0.27413,0.00207809
1689,0.996793,0.340516,0.242364,0.00258332
1690,0.993531,0.316302,0.250864,0.00294343
1691,0.996051,0.331919,0.30142,0.00261449
1692,0.991548,0.336832,0.319966,0.00471907
1693,0.989886,0.295622,0.380449,0.00348348
1694,0.989886,0.295622,0.380449,0.00348348
1695,0.989886,0.295622,0.380449,0.00348348
1696,0.993834,0.362006,0.332562,0.00141548
1697,0.995775,0.348291,0.340019,0.00335845
1698,0.992565,0.321667,0.265128,0.00203904
1699,0.992757,0.301913,0.249514,0.00204858
1700,0.993554,0.263898,0.321458,0.00599988
1701,0.99149,0.351738,0.240008,0.00280512
1702,0.98964,0.350894,0.26409,0.00287142
1703,0.994745,0.275984,0.283605,0.00257433
1704,0.994314,0.343314,0.412763,0.00570705
1705,0.994269,0.364565,0.437088,0.0021034
1706,0.99521,0.330802,0.417608,0.00288047
1707,0.992084,0.428367,0.378623,0.00189687
1708,0.992084,0.428367,0.378623,0.00189687
1709,0.988905,0.412146,0.418433,0.00188911
1710,0.989568,0.366336,0.43642,0.00252832
1711,0.989568,0.366336,0.43642,0.00252832
1712,0.988727,0.282679,0.351745,0.00277035
1713,0.992501,0.330682,0.484859,0.00202024
1714,0.992501,0.330682,0.484859,0.00202024
1715,0.992501,0.330682,0.484859,0.00202024
1716,0.989014,0.375313,0.41464,0.00127466
1717,0.989014,0.375313,0.41464,0.00127466
1718,0.989014,0.375313,0.41464,0.00127466
1719,0.989014,0.375313,0.41464,0.00127466
1720,0.987,0.315796,0.335851,0.00469729
1721,0.987,0.315796,0.335851,0.00469729
1722,0.987,0.315796,0.335851,0.00469729
1723,0.9827,0.328614,0.318398,0.00429672
1724,0.987777,0.282569,0.428414,0.00651959
1725,0.98736,0.285679,0.367419,0.00594027
1726,0.98736,0.285679,0.367419,0.00594027
1727,0.989222,0.27559,0.407926,0.00543687
1728,0.989222,0.27559,0.407926,0.00543687
1729,0.987386,0.346843,0.377986,0.00387836
1730,0.985351,0.313666,0.426967,0.00178098
1731,0.984009,0.280799,0.476583,0.0030786
1732,0.978685,0.345537,0.453741,0.00525098
1733,0.978685,0.345537,0.453741,0.00525098
1734,0.981424,0.359159,0.405662,0.0015501
1735,0.980508,0.333146,0.469064,0.0029997
1736,0.980508,0.333146,0.469064,0.0029997
1737,0.980508,0.333146,0.469064,0.0029997
1738,0.980508,0.333146,0.469064,0.0029997
1739,0.980508,0.333146,0.469064,0.0029997
1740,0.977278,0.350882,0.401388,0.00277261
1741,0.977278,0.350882,0.401388,0.00277261
1742,0.977278,0.350882,0.401388,0.00277261
1743,0.977278,0.350882,0.401388,0.00277261
1744,0.980022,0.401807,0.38845,0.00246627
1745,0.976811,0.391638,0.341382,0.00409092
1746,0.976811,0.391638,0.341382,0.00409092
1747,0.977657,0.338985,0.305151,0.00237859
1748,0.977657,0.338985,0.305151,0.00237859
1749,0.976235,0.337842,0.266244,0.00335643
1750,0.975016,0.253514,0.334387,0.00490621
1751,0.975839,0.294063,0.304291,0.00283173
1752,0.979934,0.317717,0.325969,0.00379496
1753,0.979934,0.317717,0.325969,0.00379496
1754,0.983425,0.381496,0.26245,0.00272038
1755,0.982614,0.32393,0.238196,0.00278363
1756,0.987225,0.371528,0.266149,0.00363998
1757,0.983028,0.322084,0.308824,0.00374739
1758,0.98064,0.407303,0.244671,0.00180665
1759,0.981931,0.386097,0.246274,0.00256055
1760,0.981931,0.386097,0.246274,0.00256055
1761,0.985839,0.369796,0.303126,0.00543212
1762,0.988539,0.268894,0.371702,0.00245486
1763,0.988712,0.316306,0.355752,0.00180193
1764,0.988712,0.316306,0.355752,0.00180193
1765,0.988712,0.316306,0.355752,0.00180193
1766,0.990016,0.332799,0.410391,0.00403035
1767,0.991838,0.335282,0.359865,0.00237668
1768,0.990838,0.335874,0.380994,0.00373334
1769,0.986512,0.327413,0.279485,0.0037537
1770,0.989387,0.386541,0.243428,0.00322613
1771,0.989387,0.386541,0.243428,0.00322613
1772,0.989387,0.386541,0.243428,0.00322613
1773,0.988952,0.427287,0.283216,0.00136986
1774,0.989666,0.453429,0.349639,0.00387642
1775,0.989666,0.453429,0.349639,0.00387642
1776,0.991011,0.361783,0.404681,0.000831569
1777,0.991011,0.361783,0.404681,0.000831569
1778,0.995139,0.429869,0.408425,0.00677715
1779,0.995139,0.429869,0.408425,0.00677715
1780,0.995227,0.416293,0.466111,0.00386187
1781,0.998072,0.404632,0.446706,0.00898156
1782,0.988023,0.393127,0.535116,0.00450926
1783,0.988023,0.393127,0.535116,0.00450926
1784,0.987499,0.406355,0.525773,0.00413845
1785,0.987499,0.406355,0.525773,0.00413845
1786,0.987499,0.406355,0.525773,0.00413845
1787,0.985212,0.357946,0.584528,0.00528493
1788,0.984459,0.368356,0.659402,0.00118643
1789,0.982349,0.357662,0.605116,0.0020537
1790,0.981145,0.359031,0.595817,0.00465489
1791,0.981145,0.359031,0.595817,0.00465489
1792,0.974594,0.380556,0.582684,0.00166698
1793,0.976733,0.375459,0.556356,0.00502557
1794,0.976733,0.375459,0.556356,0.00502557
1795,0.976733,0.375459,0.556356,0.00502557
1796,0.974602,0.350972,0.485298,0.00285495
1797,0.974602,0.350972,0.485298,0.00285495
1798,0.974602,0.350972,0.485298,0.00285495
1799,0.974602,0.350972,0.485298,0.00285495
1800,0.973626,0.402381,0.559184,0.00540708
1801,0.978503,0.381859,0.485527,0.0075329
1802,0.97512,0.337772,0.563242,0.00267371
1803,0.97512,0.337772,0.563242,0.00267371
1804,0.973016,0.313478,0.604876,0.00299159
1805,0.974813,0.353822,0.490992,0.00228536
1806,0.974965,0.388668,0.480118,0.00195212
1807,0.974965,0.388668,0.480118,0.00195212
1808,0.977241,0.434184,0.442306,0.00350118
1809,0.980712,0.428058,0.559259,0.00316497
1810,0.980048,0.349808,0.640857,0.00115615
1811,0.980048,0.349808,0.640857,0.00115615
1812,0.983701,0.315854,0.624159,0.000817118
1813,0.981909,0.302276,0.609393,0.00366663
1814,0.981909,0.302276,0.609393,0.00366663
1815,0.981909,0.302276,0.609393,0.00366663
1816,0.981909,0.302276,0.609393,0.00366663
1817,0.981909,0.302276,0.609393,0.00366663
1818,0.981909,0.302276,0.609393,0.00366663
1819,0.981268,0.325835,0.579162,0.00428503
1820,0.98061,0.390342,0.580206,0.00345598
1821,0.984115,0.417513,0.562948,0.00624323
1822,0.983114,0.430648,0.526128,0.00332429
1823,0.983114,0.430648,0.526128,0.00332429
1824,0.983114,0.430648,0.526128,0.00332429
1825,0.982826,0.446822,0.55587,0.00108216
1826,0.985502,0.376706,0.578487,0.00140844
1827,0.984181,0.425979,0.511161,0.00368437
1828,0.98839,0.438961,0.541325,0.00453054
1829,0.98839,0.438961,0.541325,0.00453054
1830,0.98707,0.482233,0.486934,0.00438966
1831,0.988334,0.459283,0.498048,0.00466396
1832,0.988334,0.459283,0.498048,0.00466396
1833,0.988334,0.459283,0.498048,0.00466396
1834,0.988334,0.459283,0.498048,0.00466396
1835,0.988334,0.459283,0.498048,0.00466396
1836,0.986526,0.35555,0.497367,0.00747453
1837,0.986526,0.35555,0.497367,0.00747453
1838,0.988666,0.362489,0.53094,0.00515821
1839,0.988666,0.362489,0.53094,0.00515821
1840,0.987359,0.272479,0.652382,0.00372137
1841,0.990572,0.277994,0.591708,0.00547866
1842,0.98992,0.310423,0.524246,0.00411986
1843,0.989073,0.278099,0.52621,0.00745912
1844,0.989073,0.278099,0.52621,0.00745912
1845,0.987748,0.286589,0.570535,0.00640747
1846,0.990013,0.260595,0.521813,0.00544034
1847,0.987596,0.250926,0.408618,0.00577893
1848,0.985448,0.311313,0.401706,0.00295667
1849,0.988893,0.380676,0.298552,0.00483419
1850,0.989874,0.305083,0.362463,0.00215624
1851,0.991138,0.339188,0.446474,0.00337657
1852,0.988306,0.354158,0.512803,0.00228046
1853,0.988306,0.354158,0.512803,0.00228046
1854,0.986036,0.376482,0.397059,0.00617073
1855,0.986036,0.376482,0.397059,0.00617073
1856,0.985552,0.256926,0.416251,0.00729624
1857,0.985552,0.256926,0.416251,0.00729624
1858,0.990031,0.27711,0.394706,0.00384936
1859,0.994581,0.222654,0.420345,0.00317134
1860,0.996,0.24955,0.361564,0.00241889
1861,0.99332,0.250558,0.360668,0.00167856
1862,0.991468,0.24671,0.375041,0.00161529
1863,0.996638,0.208667,0.274838,0.00403493
1864,0.996638,0.208667,0.274838,0.00403493
1865,0.994502,0.309395,0.354915,0.00460875
1866,0.993693,0.289094,0.348762,0.0033243
1867,0.994575,0.298568,0.392907,0.0051267
1868,0.990844,0.427547,0.395323,0.00278609
1869,0.989841,0.325049,0.387395,0.00270257
1870,0.992686,0.314567,0.401975,0.00348352
1871,0.994162,0.189547,0.340459,0.00174701
1872,0.994162,0.189547,0.340459,0.00174701
1873,0.992532,0.314717,0.419534,0.000859399
1874,0.991752,0.306224,0.389544,0.00340015
1875,0.992537,0.263773,0.399746,0.0012222
1876,0.992537,0.263773,0.399746,0.0012222
1877,0.991321,0.262306,0.335324,0.00524869
1878,0.99319,0.338539,0.310586,0.00264675
1879,0.99319,0.338539,0.310586,0.00264675
1880,0.991477,0.331061,0.330574,0.00299794
1881,0.991477,0.331061,0.330574,0.00299794
1882,0.989619,0.312918,0.32295,0.00038498
1883,0.99354,0.211273,0.331184,0.00242466
1884,0.999026,0.306391,0.29393,0.00246697
1885,0.999026,0.306391,0.29393,0.00246697
1886,1.00044,0.324021,0.225383,0.00176595
1887,1.00044,0.324021,0.225383,0.00176595
1888,1.00044,0.324021,0.225383,0.00176595
1889,1.00078,0.38144,0.23303,0.00384234
1890,1.00078,0.38144,0.23303,0.00384234
1891,0.996581,0.427301,0.25229,0.00247042
1892,0.992196,0.24319,0.250334,0.00262998
1893,0.990342,0.188165,0.24491,0.00160915
1894,0.989989,0.179659,0.218782,0.00355918
1895,0.989989,0.179659,0.218782,0.00355918
1896,0.989989,0.179659,0.218782,0.00355918
1897,0.990499,0.256884,0.198985,0.00410216
1898,0.991425,0.220147,0.230988,0.00699622
1899,0.991425,0.220147,0.230988,0.00699622
1900,0.991425,0.220147,0.230988,0.00699622
1901,0.989899,0.208487,0.264314,0.00238358
1902,0.989899,0.208487,0.264314,0.00238358
1903,0.986685,0.263294,0.252289,0.00568
1904,0.987026,0.239981,0.264579,0.00166513
1905,0.987026,0.239981,0.264579,0.00166513
1906,0.98776,0.262597,0.299266,0.00612157
1907,0.98776,0.262597,0.299266,0.00612157
1908,0.98776,0.262597,0.299266,0.00612157
1909,0.98776,0.262597,0.299266,0.00612157
1910,0.98776,0.262597,0.299266,0.00612157
1911,0.988053,0.253942,0.309119,0.00539299
1912,0.987414,0.204631,0.278139,0.00196903
1913,0.990938,0.189473,0.307394,0.00287954
1914,0.99536,0.174723,0.362929,0.00335148
1915,0.996738,0.11843,0.33798,0.00417973
1916,0.998643,0.119585,0.464067,0.00581405
1917,0.997578,0.130365,0.421545,0.00279241
1918,0.998355,0.166709,0.395337,0.00202352
1919,0.998652,0.176739,0.332345,0.00397437
1920,0.998652,0.176739,0.332345,0.00397437
1921,0.998652,0.176739,0.332345,0.00397437
1922,0.993137,0.138051,0.368991,0.00189355
1923,0.995909,0.191729,0.374977,0.00481086
1924,0.991611,0.144745,0.348364,0.00327293
1925,0.99264,0.167979,0.21218,0.00531786
1926,0.992696,0.282242,0.24448,0.000430572
1927,0.993746,0.239234,0.2515,0.00394726
1928,0.986563,0.200574,0.230472,0.00143781
1929,0.987101,0.240461,0.169254,0.00193789
1930,0.988401,0.200313,0.205079,0.00255262
1931,0.988401,0.200313,0.205079,0.00255262
1932,0.988401,0.200313,0.205079,0.00255262
1933,0.987521,0.246295,0.15017,0.0016616
1934,0.987521,0.246295,0.15017,0.0016616
1935,0.99105,0.23341,0.128381,0.00143429
1936,0.993556,0.246228,0.136142,0.00373408
1937,0.991655,0.173275,0.124011,0.00136616
1938,0.991762,0.137979,0.0117932,0.00195294
1939,0.99029,0.0612581,0.133485,0.00114328
1940,0.99029,0.0612581,0.133485,0.00114328
1941,0.985743,0.0725617,0.0982961,0.00126316
1942,0.985743,0.0725617,0.0982961,0.00126316
1943,0.990648,0.0983672,0.0652303,0.00264334
1944,0.987411,0.146737,0.146144,0.00162023
1945,0.987411,0.146737,0.146144,0.00162023
1946,0.988607,0.0978586,0.0919185,0.0022309
1947,0.990514,0.0654064,0.1409,0.00522807
1948,0.996107,0.122989,0.153455,0.00228843
1949,0.997459,0.110067,0.160967,0.00193629
1950,1.00018,0.132788,0.0917672,0.00644261
1951,0.998507,0.134434,0.156486,0.00159538
1952,0.998507,0.134434,0.156486,0.00159538
1953,0.998355,0.158902,0.130451,0.00320086
1954,0.998581,0.155925,0.159777,0.00354684
1955,1.00172,0.172922,0.145737,0.00061035
1956,1.00172,0.172922,0.145737,0.00061035
1957,0.998955,0.16207,0.0828977,0.00769725
1958,0.998955,0.16207,0.0828977,0.00769725
1959,0.998155,0.164599,0.143518,0.00470984
1960,0.998809,0.174486,0.0869773,0.00196992
1961,0.998809,0.174486,0.0869773,0.00196992
1962,0.995458,0.191,0.104751,0.00493539
1963,0.996625,0.149677,0.0750812,0.00209151
1964,0.992869,0.0804243,0.176164,0.00520568
1965,0.991919,0.0906846,0.149344,0.00273991
1966,0.991463,0.0414445,0.14319,0.00378432
1967,0.989983,0.0956792,0.058846,0.00400875
1968,0.992434,0.140548,0.0236098,0.00621263
1969,0.992434,0.140548,0.0236098,0.00621263
1970,0.994059,0.137584,0.103894,0.00603282
1971,0.994059,0.137584,0.103894,0.00603282
1972,0.995604,0.0964219,0.0935404,0.00414027
1973,0.995604,0.0964219,0.0935404,0.00414027
1974,0.995604,0.0964219,0.0935404,0.00414027
1975,0.996012,0.133669,0.0538401,0.00212686
1976,0.996711,0.107536,0.0568346,0.00447559
1977,0.995645,0.174639,0.0731409,0.000569969
1978,0.995885,0.0968522,0.0589874,0.0023731
1979,0.992226,0.186796,0.0671259,0.00240695
1980,0.991747,0.194357,0.0218784,0.00136358
1981,0.988089,0.179208,0.053328,0.00405293
1982,0.981935,0.269653,0.0776652,0.00281396
1983,0.981935,0.269653,0.0776652,0.00281396
1984,0.980736,0.243619,0.0784883,0.00174102
1985,0.978526,0.267292,0.121529,0.00444182
1986,0.978526,0.267292,0.121529,0.00444182
1987,0.982046,0.256992,0.127572,0.0031723
1988,0.982046,0.256992,0.127572,0.0031723
1989,0.983153,0.270973,0.148003,0.00149434
1990,0.986913,0.273073,0.1322,0.00376107
1991,0.984667,0.26974,0.175627,0.00311641
1992,0.981262,0.322431,0.173388,0.000667676
1993,0.984108,0.175614,0.206997,0.00619158
1994,0.984108,0.175614,0.206997,0.00619158
1995,0.983176,0.328579,0.187842,0.00467296
1996,0.985371,0.275705,0.209072,0.00320156
1997,0.985046,0.260168,0.240477,0.00717549
1998,0.983675,0.173397,0.27766,0.00211435
1999,0.983675,0.173397,0.27766,0.00211435
2000,0.980947,0.142532,0.257682,0.00492507
2001,0.980947,0.142532,0.257682,0.00492507
2002,0.98243,0.16547,0.265073,0.00700557
2003,0.98243,0.16547,0.265073,0.00700557
2004,0.981897,0.235833,0.272812,0.000917675
2005,0.981897,0.235833,0.272812,0.000917675
2006,0.98629,0.139374,0.207365,0.00372219
2007,0.98629,0.139374,0.207365,0.00372219
2008,0.98718,0.147709,0.205564,0.00156232
2009,0.986006,0.103277,0.289494,0.00385544
2010,0.988541,0.0648204,0.29211,0.00199713
2011,0.988541,0.0648204,0.29211,0.00199713
2012,0.988541,0.0648204,0.29211,0.00199713
2013,0.988541,0.0648204,0.29211,0.00199713
2014,0.988541,0.0648204,0.29211,0.00199713
2015,0.988541,0.0648204,0.29211,0.00199713
2016,0.990036,0.0732147,0.297941,0.002377
2017,0.988482,0.109648,0.202852,0.00494116
2018,0.989636,0.0980622,0.194116,0.00104566
2019,0.989636,0.0980622,0.194116,0.00104566
2020,0.983393,0.146214,0.220179,0.00343943
2021,0.983393,0.146214,0.220179,0.00343943
2022,0.983393,0.146214,0.220179,0.00343943
2023,0.9826,0.158958,0.165811,0.00191425
2024,0.982125,0.153988,0.188555,0.00358109
2025,0.982125,0.153988,0.188555,0.00358109
2026,0.981357,0.101387,0.14987,0.00584745
2027,0.981747,0.122428,0.0979504,0.00436172
2028,0.981039,0.201586,0.122361,0.00450094
2029,0.981039,0.201586,0.122361,0.00450094
2030,0.982389,0.144545,0.0882794,0.00249505
2031,0.982389,0.144545,0.0882794,0.00249505
2032,0.982389,0.144545,0.0882794,0.00249505
2033,0.981793,0.141679,0.0843675,0.0046125
2034,0.981793,0.141679,0.0843675,0.0046125
2035,0.979782,0.163096,0.0588855,0.00849368
2036,0.981348,0.177157,0.11065,0.00513339
2037,0.981348,0.177157,0.11065,0.00513339
2038,0.981348,0.177157,0.11065,0.00513339
2039,0.982823,0.206814,0.115645,0.00239181
2040,0.982823,0.206814,0.115645,0.00239181
2041,0.987311,0.181513,0.130624,0.00328638
2042,0.987311,0.181513,0.130624,0.00328638
2043,0.988162,0.153619,0.102095,0.00437276
2044,0.988854,0.170819,0.124199,0.00273057
2045,0.988854,0.170819,0.124199,0.00273057
2046,0.9873,0.154184,0.137282,0.0047984
2047,0.981901,0.111519,0.105689,0.00541268
2048,0.986661,0.135622,0.11379,0.00339048
2049,0.986661,0.135622,0.11379,0.00339048
2050,0.98482,0.136683,0.106068,0.00622006
2051,0.987569,0.140859,0.112179,0.00355583
2052,0.985028,0.199384,0.159968,0.0022581
2053,0.986327,0.162916,0.143746,0.00253743
2054,0.983509,0.123727,0.142365,0.00435318
2055,0.983509,0.123727,0.142365,0.00435318
2056,0.985635,0.129238,0.120159,0.0044975
2057,0.985635,0.129238,0.120159,0.0044975
2058,0.985635,0.129238,0.120159,0.0044975
2059,0.985635,0.129238,0.120159,0.0044975
2060,0.985635,0.129238,0.120159,0.0044975
2061,0.983226,0.145572,0.144455,0.00381202
2062,0.983226,0.145572,0.144455,0.00381202
2063,0.983226,0.145572,0.144455,0.00381202
2064,0.981795,0.1469,0.0993828,0.00387072
2065,0.981476,0.224665,0.0622913,0.00430625
2066,0.981476,0.224665,0.0622913,0.00430625
2067,0.981476,0.224665,0.0622913,0.00430625
2068,0.982747,0.196057,0.0635339,0.00337016
2069,0.983518,0.164213,0.0645012,0.00279176
2070,0.982033,0.189195,0.0520124,0.000864445
2071,0.981507,0.162358,0.0802197,0.00393761
2072,0.981507,0.162358,0.0802197,0.00393761
2073,0.97661,0.187382,0.0682276,0.000887511
2074,0.976763,0.173183,0.0659468,0.00345664
2075,0.976763,0.173183,0.0659468,0.00345664
2076,0.979005,0.134129,0.0783865,0.00188012
2077,0.977763,0.19379,0.0558766,0.00254763
2078,0.977763,0.19379,0.0558766,0.00254763
2079,0.977706,0.131339,0.0319122,0.00343026
2080,0.977706,0.131339,0.0319122,0.00343026
2081,0.97755,0.209703,0.035427,0.00354666
2082,0.97755,0.209703,0.035427,0.00354666
2083,0.977531,0.181943,0.0385281,0.00316636
2084,0.977531,0.181943,0.0385281,0.00316636
2085,0.977531,0.181943,0.0385281,0.00316636
2086,0.977531,0.181943,0.0385281,0.00316636
2087,0.977531,0.181943,0.0385281,0.00316636
2088,0.979924,0.148505,0.0763612,0.00650766
2089,0.978738,0.155434,0.100818,0.00255148
2090,0.980079,0.139725,0.131516,0.00294296
2091,0.980079,0.139725,0.131516,0.00294296
2092,0.980079,0.139725,0.131516,0.00294296
2093,0.982632,0.150451,0.128695,0.00591893
2094,0.982632,0.150451,0.128695,0.00591893
2095,0.985161,0.203343,0.155619,0.00719193
2096,0.981372,0.204932,0.176996,0.00543909
2097,0.982034,0.188235,0.172643,0.000913149
2098,0.982034,0.188235,0.172643,0.000913149
2099,0.981842,0.228293,0.14965,0.00578983
2100,0.981842,0.228293,0.14965,0.00578983
2101,0.982517,0.215488,0.157532,0.00243435
2102,0.982517,0.215488,0.157532,0.00243435
2103,0.985928,0.208987,0.165001,0.000397478
2104,0.988892,0.141751,0.115856,0.000801705
2105,0.99343,0.104595,0.111489,0.00551009
2106,0.99343,0.104595,0.111489,0.00551009
2107,0.99343,0.104595,0.111489,0.00551009
2108,0.994155,0.120002,0.129506,0.00327991
2109,0.992002,0.14268,0.126075,0.00383007
2110,0.992002,0.14268,0.126075,0.00383007
2111,0.988322,0.173306,0.127498,0.00481305
2112,0.988025,0.194569,0.153379,0.00187162
2113,0.987515,0.174654,0.16068,0.00586478
2114,0.988927,0.198232,0.0850903,0.00576201
2115,0.992011,0.120295,0.129032,0.00334289
2116,0.992011,0.120295,0.129032,0.00334289
2117,0.992011,0.120295,0.129032,0.00334289
2118,0.989247,0.131993,0.119549,0.00139693
2119,0.983495,0.126564,0.153295,0.00151731
2120,0.983495,0.126564,0.153295,0.00151731
2121,0.986052,0.139647,0.158238,0.00537155
2122,0.986052,0.139647,0.158238,0.00537155
2123,0.986052,0.139647,0.158238,0.00537155
2124,0.985509,0.163411,0.147713,0.00405499
2125,0.988048,0.224679,0.173158,0.00577553
2126,0.987968,0.244522,0.13663,0.00146164
2127,0.989255,0.19912,0.132471,0.00168193
2128,0.989195,0.220383,0.156259,0.00346485
2129,0.989857,0.24154,0.156986,0.00223445
2130,0.989857,0.24154,0.156986,0.00223445
2131,0.985728,0.212669,0.12974,0.00601029
2132,0.985728,0.212669,0.12974,0.00601029
2133,0.989937,0.263053,0.115766,0.00417129
2134,0.987367,0.183925,0.0763862,0.00275421
2135,0.986828,0.239521,0.0981271,0.000589829
2136,0.986828,0.239521,0.0981271,0.000589829
2137,0.990532,0.160364,0.111322,0.00273319
2138,0.990532,0.160364,0.111322,0.00273319
2139,0.990532,0.160364,0.111322,0.00273319
2140,0.990532,0.160364,0.111322,0.00273319
2141,0.989762,0.136361,0.143686,0.00138779
2142,0.989762,0.136361,0.143686,0.00138779
2143,0.989762,0.136361,0.143686,0.00138779
2144,0.989762,0.136361,0.143686,0.00138779
2145,0.989762,0.136361,0.143686,0.00138779
2146,0.989762,0.136361,0.143686,0.00138779
2147,0.983445,0.106655,0.105966,0.00237377
2148,0.983445,0.106655,0.105966,0.00237377
2149,0.983445,0.106655,0.105966,0.00237377
2150,0.983086,0.0930293,0.119891,0.00195942
2151,0.982305,0.0911671,0.113799,0.000720682
2152,0.982305,0.0911671,0.113799,0.000720682
2153,0.982729,0.125487,0.0465967,0.00137051
2154,0.98234,0.0918746,0.0517686,0.0064575
2155,0.98354,0.0940603,0.0326818,0.00382183
2156,0.981093,0.151215,0.0519073,0.00620664
2157,0.981299,0.130793,0.0569259,0.00557541
2158,0.980834,0.104739,0.087742,0.00532875
2159,0.981927,0.109707,0.0481451,0.00265687
2160,0.981927,0.109707,0.0481451,0.00265687
2161,0.981057,0.154016,0.0522372,0.00322098
2162,0.981757,0.103304,0.0314722,0.00146549
2163,0.98156,0.0911546,0.0409688,0.00187577
2164,0.98156,0.0911546,0.0409688,0.00187577
2165,0.983067,0.149366,0.0501764,0.00410992
2166,0.983067,0.149366,0.0501764,0.00410992
2167,0.986356,0.110402,0.0700433,0.00178686
2168,0.986356,0.110402,0.0700433,0.00178686
2169,0.989655,0.12599,0.0654544,0.00408885
2170,0.98952,0.103871,0.1845,0.00185211
2171,0.986981,0.122653,0.132373,0.00283836
2172,0.986701,0.131052,0.12737,0.00486708
2173,0.986701,0.131052,0.12737,0.00486708
2174,0.983349,0.119656,0.0731684,0.00240284
2175,0.983349,0.119656,0.0731684,0.00240284
2176,0.983349,0.119656,0.0731684,0.00240284
2177,0.985516,0.110127,0.0459551,0.00331355
2178,0.989596,0.176342,0.0693054,0.00399352
2179,0.989762,0.153898,0.0582839,0.00453298
2180,0.989762,0.153898,0.0582839,0.00453298
2181,0.991,0.125296,0.0790287,0.00400637
2182,0.987332,0.121234,0.122362,0.00392859
2183,0.986719,0.101341,0.0950514,0.00567129
2184,0.988484,0.0990767,0.123803,0.00621885
2185,0.988484,0.0990767,0.123803,0.00621885
2186,0.993841,0.0805466,0.136024,0.00210486
2187,0.991974,0.0629147,0.0267346,0.0035993
2188,0.991974,0.0629147,0.0267346,0.0035993
2189,0.991974,0.0629147,0.0267346,0.0035993
2190,0.990869,0.0617922,0.0909076,0.00461821
2191,0.984967,0.0622477,0.0676218,0.00159987
2192,0.985193,0.0568374,0.118055,0.00423784
2193,0.985193,0.0568374,0.118055,0.00423784
2194,0.985027,0.0936352,0.0667014,0.00431775
2195,0.985027,0.0936352,0.0667014,0.00431775
2196,0.981891,0.0471161,0.0242156,0.00142291
2197,0.983303,0.0711798,0.0564767,0.0028583
2198,0.985038,0.0323642,0.112029,0.00217847
2199,0.984516,0.0395018,0.187017,0.00104914
2200,0.987148,0.0483528,0.244923,0.00889967
2201,0.98812,0.0677223,0.262218,0.00148883
2202,0.98812,0.0677223,0.262218,0.00148883
2203,0.98812,0.0677223,0.262218,0.00148883
2204,0.988061,0.0943199,0.245134,0.00373585
2205,0.988061,0.0943199,0.245134,0.00373585
2206,0.989077,0.0808849,0.271446,0.000984705
2207,0.994837,0.10896,0.252381,0.00198211
2208,0.994907,0.103694,0.33633,0.00278524
2209,0.99488,0.157941,0.234605,0.00373833
2210,0.992855,0.179604,0.158653,0.0036675
2211,0.992855,0.179604,0.158653,0.0036675
2212,0.988587,0.148341,0.178389,0.00455724
2213,0.988587,0.148341,0.178389,0.00455724
2214,0.988663,0.106909,0.172476,0.00481822
2215,0.992513,0.146353,0.191495,0.00317399
2216,0.992513,0.146353,0.191495,0.00317399
2217,0.992513,0.146353,0.191495,0.00317399
2218,0.9914,0.150674,0.242491,0.00132592
2219,0.9914,0.150674,0.242491,0.00132592
2220,0.988728,0.11189,0.225531,0.00164153
2221,0.990497,0.171906,0.244333,0.00239885
2222,0.989075,0.146972,0.349028,0.0009732
2223,0.987994,0.206304,0.246794,0.00594762
2224,0.987994,0.206304,0.246794,0.00594762
2225,0.9848,0.224378,0.275827,0.00180392
2226,0.987003,0.172564,0.155426,0.000924415
2227,0.986703,0.167451,0.238655,0.00535498
2228,0.988543,0.14692,0.245738,0.00369524
2229,0.988543,0.14692,0.245738,0.00369524
2230,0.984386,0.244509,0.257256,0.000894074
2231,0.985123,0.225325,0.245445,0.00494482
2232,0.985123,0.225325,0.245445,0.00494482
2233,0.985123,0.225325,0.245445,0.00494482
2234,0.985109,0.21939,0.197143,0.000974099
2235,0.983213,0.245794,0.246457,0.000998075
2236,0.983213,0.245794,0.246457,0.000998075
2237,0.980494,0.239411,0.29395,0.000281422
2238,0.984649,0.262517,0.321241,0.00421375
2239,0.979091,0.249398,0.305391,0.00206057
2240,0.981259,0.275055,0.319361,0.00253104
2241,0.981259,0.275055,0.319361,0.00253104
2242,0.983465,0.277675,0.294714,0.00198217
2243,0.987869,0.311512,0.267069,0.00251414
2244,0.98152,0.210617,0.256961,0.00107862
2245,0.980541,0.187569,0.269682,0.00658049
2246,0.980541,0.187569,0.269682,0.00658049
2247,0.981435,0.201196,0.207984,0.00683593
2248,0.981435,0.201196,0.207984,0.00683593
2249,0.97858,0.216692,0.245922,0.00523977
2250,0.97858,0.216692,0.245922,0.00523977
2251,0.981648,0.242137,0.277486,0.000541152
2252,0.981648,0.242137,0.277486,0.000541152
2253,0.981648,0.242137,0.277486,0.000541152
2254,0.980475,0.198287,0.235623,0.00105398
2255,0.983313,0.206763,0.163995,0.00392929
2256,0.983348,0.237749,0.199118,0.00385855
2257,0.983348,0.237749,0.199118,0.00385855
2258,0.983348,0.237749,0.199118,0.00385855
2259,0.984418,0.191882,0.236593,0.00286855
2260,0.982285,0.177633,0.261488,0.0013291
2261,0.980412,0.204242,0.233629,0.00159958
2262,0.98745,0.20692,0.150974,0.00146025
2263,0.98745,0.20692,0.150974,0.00146025
2264,0.984945,0.221691,0.20146,0.00306453
2265,0.984945,0.221691,0.20146,0.00306453
2266,0.98589,0.225359,0.22845,0.00298488
2267,0.986008,0.221178,0.207488,0.00153747
2268,0.986008,0.221178,0.207488,0.00153747
2269,0.987049,0.223909,0.257965,0.00178112
2270,0.987214,0.178426,0.334944,0.00302517
2271,0.987214,0.178426,0.334944,0.00302517
2272,0.987214,0.178426,0.334944,0.00302517
2273,0.990834,0.210105,0.24385,0.00465206
2274,0.990834,0.210105,0.24385,0.00465206
2275,0.990511,0.260887,0.2253,0.00489737
2276,0.990511,0.260887,0.2253,0.00489737
2277,0.996927,0.208448,0.241254,0.003239
2278,0.996139,0.222335,0.251326,0.0020441
2279,0.994144,0.21711,0.306872,0.00521652
2280,0.996391,0.225634,0.234599,0.00226427
2281,0.997242,0.295831,0.265531,0.00312701
2282,0.997242,0.295831,0.265531,0.00312701
2283,0.997242,0.295831,0.265531,0.00312701
2284,0.998061,0.381475,0.230002,0.00539195
2285,0.996535,0.343188,0.141931,0.000712584
2286,0.996535,0.343188,0.141931,0.000712584
2287,0.996535,0.343188,0.141931,0.000712584
2288,0.995525,0.334143,0.14854,0.00373661
2289,0.992416,0.334669,0.136842,0.00141781
2290,0.991071,0.309998,0.161888,0.00271864
2291,0.988795,0.293469,0.203172,0.00180893
2292,0.988795,0.293469,0.203172,0.00180893
2293,0.988795,0.293469,0.203172,0.00180893
2294,0.988795,0.293469,0.203172,0.00180893
2295,0.98861,0.311,0.268878,0.00721112
2296,0.984817,0.293919,0.290747,0.00273198
2297,0.984868,0.307047,0.303363,0.00167549
2298,0.983945,0.271995,0.29422,0.00266271
2299,0.983945,0.271995,0.29422,0.00266271
2300,0.987662,0.241666,0.237496,0.00221595
2301,0.989502,0.203462,0.258492,0.00285757
2302,0.987692,0.240699,0.264031,0.00472225
2303,0.987692,0.240699,0.264031,0.00472225
2304,0.987692,0.240699,0.264031,0.00472225
2305,0.987692,0.240699,0.264031,0.00472225
2306,0.98192,0.22761,0.32011,0.000883155
2307,0.981945,0.289425,0.273874,0.00135492
2308,0.977148,0.282774,0.222536,0.00281528
2309,0.977148,0.282774,0.222536,0.00281528
2310,0.975798,0.294596,0.24263,0.00249125
2311,0.975798,0.294596,0.24263,0.00249124
2312,0.975798,0.294596,0.24263,0.00249124
2313,0.977432,0.248632,0.270926,0.00586269
2314,0.977432,0.248632,0.270926,0.00586269
2315,0.977432,0.248632,0.270926,0.00586269
2316,0.977432,0.248632,0.270926,0.00586269
2317,0.976567,0.264445,0.247293,0.00510109
2318,0.976567,0.264445,0.247293,0.00510109
2319,0.977294,0.304301,0.299289,0.00289932
2320,0.97748,0.304049,0.319739,0.00225764
2321,0.979025,0.28028,0.335581,0.00380097
2322,0.980353,0.223398,0.358474,0.00423387
2323,0.980353,0.223398,0.358474,0.00423387
2324,0.980353,0.223398,0.358474,0.00423387
2325,0.980353,0.223398,0.358474,0.00423387
2326,0.978959,0.214697,0.344897,0.00208817
2327,0.978959,0.214697,0.344897,0.00208817
2328,0.984454,0.230575,0.294957,0.00418163
2329,0.984454,0.230575,0.294957,0.00418163
2330,0.984454,0.230575,0.294957,0.00418163
2331,0.984454,0.230575,0.294957,0.00418163
2332,0.984662,0.242606,0.318335,0.00210084
2333,0.985319,0.220835,0.383614,0.00867928
2334,0.985319,0.220835,0.383614,0.00867928
2335,0.985319,0.220835,0.383614,0.00867928
2336,0.991331,0.233443,0.369616,0.00357041
2337,0.992361,0.282158,0.325549,0.00389592
2338,0.992361,0.282158,0.325549,0.00389592
2339,0.98976,0.213587,0.314109,0.00469634
2340,0.98976,0.213587,0.314109,0.00469634
2341,0.98976,0.213587,0.314109,0.00469633
2342,0.98976,0.213587,0.314109,0.00469633
2343,0.98976,0.213587,0.314109,0.00469633
2344,0.986527,0.27371,0.349827,0.00207817
2345,0.986527,0.27371,0.349827,0.00207817
2346,0.985013,0.257029,0.353257,0.00353311
2347,0.987564,0.24815,0.343281,0.00519143
2348,0.987285,0.280019,0.343281,0.00154727
2349,0.987285,0.280019,0.343281,0.00154727
2350,0.986313,0.293445,0.392302,0.00382948
2351,0.987294,0.317846,0.308954,0.0047566
2352,0.988252,0.329051,0.317573,0.00222453
2353,0.988252,0.329051,0.317573,0.00222453
2354,0.990045,0.412179,0.302518,0.00347511
2355,0.989527,0.310012,0.367155,0.00431005
2356,0.992576,0.310374,0.340058,0.00611078
2357,0.994427,0.309142,0.40483,0.00292424
2358,0.995904,0.242743,0.330854,0.00152161
2359,0.996616,0.278501,0.315392,0.00177946
2360,0.996616,0.278501,0.315392,0.00177946
2361,0.995106,0.28563,0.276419,0.00190655
2362,0.990562,0.248572,0.270634,0.00606703
2363,0.989617,0.257311,0.31984,0.000439184
2364,0.990781,0.30403,0.35141,0.005446
2365,0.990781,0.30403,0.35141,0.005446
2366,0.990172,0.291847,0.301783,0.00487229
2367,0.989371,0.249969,0.325968,0.00378485
2368,0.992241,0.2415,0.309145,0.00333268
2369,0.992241,0.2415,0.309145,0.00333268
2370,0.990635,0.326834,0.330992,0.00639587
2371,0.990635,0.326834,0.330992,0.00639587
2372,0.991959,0.381629,0.285309,0.000335381
2373,0.990373,0.395946,0.354284,0.00148312
2374,0.991643,0.386559,0.332023,0.00438479
2375,0.991643,0.386559,0.332023,0.00438479
2376,0.991643,0.386559,0.332023,0.00438479
2377,0.991643,0.386559,0.332023,0.00438479
2378,0.991643,0.386559,0.332023,0.00438479
2379,0.991643,0.386559,0.332023,0.00438479
2380,0.991643,0.386559,0.332023,0.00438479
2381,0.991643,0.386559,0.332023,0.00438479
2382,0.991643,0.386559,0.332023,0.00438479
2383,0.989265,0.404897,0.286286,0.000569548
2384,0.990237,0.416077,0.303094,0.00396167
2385,0.988525,0.409921,0.261639,0.00246658
2386,0.990612,0.453381,0.316102,0.00313985
2387,0.987371,0.449342,0.230883,0.00265206
2388,0.985046,0.397607,0.269817,0.00724384
2389,0.983016,0.405573,0.283888,0.00377292
2390,0.980463,0.453884,0.320871,0.00203911
2391,0.980202,0.39603,0.250893,0.00480217
2392,0.980202,0.39603,0.250893,0.00480217
2393,0.98246,0.361513,0.285916,0.00250153
2394,0.98246,0.361513,0.285916,0.00250153
2395,0.98246,0.361513,0.285916,0.00250153
2396,0.98246,0.361513,0.285916,0.00250153
2397,0.976404,0.39509,0.338709,0.000880082
2398,0.976404,0.39509,0.338709,0.000880082
2399,0.973643,0.494735,0.360916,0.006708
2400,0.976429,0.464677,0.350736,0.0051401
2401,0.976913,0.571618,0.349103,0.00607133
2402,0.977438,0.483579,0.406052,0.00521693
2403,0.977438,0.483579,0.406052,0.00521693
2404,0.977438,0.483579,0.406052,0.00521693
2405,0.978094,0.483089,0.378414,0.00180522
2406,0.978896,0.479467,0.394763,0.00148514
2407,0.978896,0.479467,0.394763,0.00148514
2408,0.977994,0.453029,0.344559,0.00217385
2409,0.974058,0.358267,0.358892,0.00567751
2410,0.974058,0.358267,0.358892,0.00567751
2411,0.972722,0.454837,0.373262,0.0103479
2412,0.972939,0.337807,0.326107,0.00577152
2413,0.973706,0.370407,0.347391,0.00344651
2414,0.973465,0.436555,0.384612,0.00123568
2415,0.973465,0.436555,0.384612,0.00123568
2416,0.971345,0.394734,0.347885,0.00316469
2417,0.971345,0.394734,0.347885,0.00316469
2418,0.971345,0.394734,0.347885,0.00316469
2419,0.971345,0.394734,0.347885,0.00316469
2420,0.971108,0.371156,0.358541,0.00571476
2421,0.971108,0.371156,0.358541,0.00571476
2422,0.972435,0.369218,0.305745,0.00497905
2423,0.972435,0.369218,0.305745,0.00497905
2424,0.973845,0.345115,0.310961,0.00450162
2425,0.973845,0.345115,0.310961,0.00450162
2426,0.977684,0.385418,0.263099,0.00426589
2427,0.976033,0.452247,0.30182,0.00522733
2428,0.976758,0.373448,0.300515,0.00329653
2429,0.981997,0.405593,0.299161,0.00531593
2430,0.980928,0.410626,0.285686,0.00395998
2431,0.982994,0.402274,0.321217,0.00531322
2432,0.984336,0.44474,0.408054,0.00317719
2433,0.985069,0.422472,0.319174,0.00337453
2434,0.983819,0.340991,0.282574,0.00772762
2435,0.983819,0.340991,0.282574,0.00772762
2436,0.977126,0.448156,0.256953,0.00741722
2437,0.977126,0.448156,0.256953,0.00741722
2438,0.981207,0.464412,0.251538,0.00832533
2439,0.981207,0.464412,0.251538,0.00832533
2440,0.983216,0.427291,0.298104,0.0050932
2441,0.977502,0.480182,0.296956,0.00568241
2442,0.977502,0.480182,0.296956,0.00568241
2443,0.976028,0.325319,0.323522,0.00248037
2444,0.978617,0.382139,0.236872,0.00241948
2445,0.982255,0.406993,0.314719,0.0013631
2446,0.982255,0.406993,0.314719,0.0013631
2447,0.983773,0.367726,0.335022,0.00323909
2448,0.983773,0.367726,0.335022,0.00323909
2449,0.984579,0.285305,0.405767,0.00110084
2450,0.984579,0.285305,0.405767,0.00110084
2451,0.98882,0.30401,0.473268,0.00257559
2452,0.987677,0.26875,0.55701,0.00232912
2453,0.987677,0.26875,0.55701,0.00232912
2454,0.987677,0.26875,0.55701,0.00232912
2455,0.987677,0.26875,0.55701,0.00232912
2456,0.987677,0.26875,0.55701,0.00232912
2457,0.988033,0.258943,0.541078,0.00370818
2458,0.987558,0.23146,0.52085,0.00162406
2459,0.987689,0.264577,0.461429,0.00164575
2460,0.987576,0.313397,0.423248,0.00245773
2461,0.987576,0.313397,0.423248,0.00245773
2462,0.987576,0.313397,0.423248,0.00245773
2463,0.987576,0.313397,0.423248,0.00245773
2464,0.986602,0.235857,0.38593,0.00323982
2465,0.987099,0.252697,0.395565,0.00238573
2466,0.987099,0.252697,0.395565,0.00238573
2467,0.987704,0.311897,0.422118,0.00487385
2468,0.987704,0.311897,0.422118,0.00487385
2469,0.989228,0.291681,0.386987,0.00277086
2470,0.989228,0.291681,0.386987,0.00277086
2471,0.989228,0.291681,0.386987,0.00277086
2472,0.989228,0.291681,0.386987,0.00277086
2473,0.987162,0.287278,0.433672,0.00330489
2474,0.982661,0.26606,0.460711,0.000913068
2475,0.982661,0.26606,0.460711,0.000913068
2476,0.981592,0.28877,0.402027,0.00538563
2477,0.980544,0.316768,0.434012,0.00406299
2478,0.980544,0.316768,0.434012,0.00406299
2479,0.979419,0.313308,0.514906,0.00164222
2480,0.98183,0.329233,0.514027,0.0019931
2481,0.981893,0.360596,0.434468,0.00501014
2482,0.981893,0.360596,0.434468,0.00501014
2483,0.981893,0.360596,0.434468,0.00501014
2484,0.981725,0.390841,0.464892,0.00318017
2485,0.986672,0.39039,0.438833,0.00343476
2486,0.985925,0.353049,0.477172,0.00189248
2487,0.983917,0.32758,0.470696,0.00102677
2488,0.983917,0.32758,0.470696,0.00102677
2489,0.983917,0.32758,0.470696,0.00102677
2490,0.983917,0.32758,0.470696,0.00102677
2491,0.98702,0.31844,0.446237,0.00248474
2492,0.99018,0.340873,0.41668,0.00691018
2493,0.991019,0.363432,0.416261,0.00443496
2494,0.991019,0.363432,0.416261,0.00443496
2495,0.990223,0.339994,0.445009,0.00687075
2496,0.990223,0.339994,0.445009,0.00687075
2497,0.995274,0.348927,0.532966,0.000752501
2498,0.997671,0.301203,0.528723,0.00301079
2499,0.997671,0.301203,0.528723,0.00301079
2500,0.995721,0.313176,0.558866,0.00320442
2501,0.998634,0.32926,0.446734,0.00593711
2502,0.995235,0.320303,0.400052,0.0055355
2503,0.994681,0.296835,0.344825,0.00707066
2504,0.993255,0.303308,0.439498,0.00608353
2505,0.991908,0.316514,0.388537,0.00475669
2506,0.987464,0.346948,0.387645,0.00611036
2507,0.988754,0.31458,0.395714,0.00186803
2508,0.990087,0.26372,0.401646,0.00464029
2509,0.987194,0.32217,0.343675,0.00453434
2510,0.987837,0.304218,0.378856,0.00323213
2511,0.981573,0.279434,0.381841,0.00363537
2512,0.981297,0.29961,0.38129,0.000544242
2513,0.981297,0.29961,0.38129,0.000544242
2514,0.981297,0.29961,0.38129,0.000544242
2515,0.981297,0.29961,0.38129,0.000544242
2516,0.981297,0.29961,0.38129,0.000544242
2517,0.98425,0.288533,0.351821,0.00400388
2518,0.982319,0.266193,0.368588,0.00179526
2519,0.984935,0.207599,0.382224,0.00417332
2520,0.984586,0.240606,0.326283,0.00470374
2521,0.984586,0.240606,0.326283,0.00470374
2522,0.985398,0.23255,0.413643,0.00145222
2523,0.983717,0.282392,0.464002,0.00270369
2524,0.982718,0.243261,0.415364,0.00234479
2525,0.988102,0.273853,0.385174,0.00462534
2526,0.988102,0.273853,0.385174,0.00462534
2527,0.98809,0.344106,0.292735,0.00326999
2528,0.988069,0.379645,0.300917,0.00219725
2529,0.988069,0.379645,0.300917,0.00219725
2530,0.988069,0.379645,0.300917,0.00219725
2531,0.988069,0.379645,0.300917,0.00219725
2532,0.991063,0.371426,0.326854,0.00494232
2533,0.987975,0.331581,0.361663,0.000852651
2534,0.989223,0.293388,0.42381,0.00214897
2535,0.991979,0.277424,0.462403,0.0015739
2536,0.991979,0.277424,0.462403,0.0015739
2537,0.994454,0.373164,0.411494,0.00349837
2538,0.994192,0.389958,0.445096,0.00227057
2539,0.994192,0.389958,0.445096,0.00227057
2540,0.991465,0.316028,0.373518,0.00372423
2541,0.991465,0.316028,0.373518,0.00372423
2542,0.990452,0.351665,0.427151,0.0010686
2543,0.988532,0.405188,0.413963,0.00638457
2544,0.986191,0.534015,0.362441,0.00296096
2545,0.986191,0.534015,0.362441,0.00296096
2546,0.986191,0.534015,0.362441,0.00296096
2547,0.986191,0.534015,0.362441,0.00296096
2548,0.986191,0.534015,0.362441,0.00296096
2549,0.986191,0.534015,0.362441,0.00296096
2550,0.986191,0.534015,0.362441,0.00296096
2551,0.985561,0.522719,0.405224,0.00546946
2552,0.982759,0.494428,0.357232,0.00370831
2553,0.982759,0.494428,0.357232,0.00370831
2554,0.982759,0.494428,0.357232,0.00370831
2555,0.98389,0.407627,0.347769,0.0046325
2556,0.98389,0.407627,0.347769,0.0046325
2557,0.985284,0.424625,0.339899,0.00411822
2558,0.985284,0.424625,0.339899,0.00411822
2559,0.986912,0.429746,0.317143,0.00428467
2560,0.98692,0.407334,0.358432,0.00317248
2561,0.988676,0.401743,0.403002,0.00252159
2562,0.986254,0.471621,0.36032,0.00222982
2563,0.986254,0.471621,0.36032,0.00222982
2564,0.983905,0.426606,0.399162,0.00296741
2565,0.983905,0.426606,0.399162,0.00296741
2566,0.983905,0.426606,0.399162,0.00296741
2567,0.983905,0.426606,0.399162,0.00296741
2568,0.983401,0.294074,0.361863,0.00288181
2569,0.981736,0.363564,0.368943,0.00822751
2570,0.985065,0.344064,0.308565,0.00424168
2571,0.982063,0.331802,0.347349,0.00195264
2572,0.983318,0.299201,0.277882,0.00710831
2573,0.984082,0.361388,0.322766,0.00367649
2574,0.982525,0.315208,0.371722,0.00157604
2575,0.982525,0.315208,0.371722,0.00157604
2576,0.985846,0.308234,0.330674,0.000917762
2577,0.985233,0.282577,0.299396,0.00444887
2578,0.985233,0.282577,0.299396,0.00444887
2579,0.983342,0.317331,0.327184,0.00309853
2580,0.983342,0.317331,0.327184,0.00309853
2581,0.983342,0.317331,0.327184,0.00309853
2582,0.985211,0.366156,0.257517,0.00143859
2583,0.985211,0.366156,0.257517,0.00143859
2584,0.984875,0.382741,0.290986,0.0032187
2585,0.984875,0.382741,0.290986,0.0032187
2586,0.984875,0.382741,0.290986,0.0032187
2587,0.984875,0.382741,0.290986,0.0032187
2588,0.983592,0.365849,0.376236,0.00384895
2589,0.984841,0.318097,0.339588,0.00641949
2590,0.984841,0.318097,0.339588,0.00641949
2591,0.984841,0.318097,0.339588,0.00641949
2592,0.982793,0.376006,0.330497,0.00145838
2593,0.982793,0.376006,0.330497,0.00145838
2594,0.984417,0.355953,0.390466,0.00311096
2595,0.981625,0.384934,0.338515,0.00268599
2596,0.980756,0.374601,0.278288,0.00604414
2597,0.98225,0.309841,0.250274,0.002177
2598,0.977511,0.367457,0.360179,0.00213534
2599,0.977299,0.39085,0.346404,0.00213931
2600,0.980237,0.390858,0.383323,0.000656915
2601,0.979444,0.373166,0.427838,0.0044479
2602,0.981638,0.407694,0.417045,0.00344429
2603,0.983797,0.345543,0.437953,0.00467026
2604,0.981813,0.397041,0.340403,0.00214062
2605,0.981813,0.397041,0.340403,0.00214062
2606,0.981813,0.397041,0.340403,0.00214062
2607,0.977952,0.40277,0.401093,0.0056083
2608,0.977952,0.40277,0.401093,0.0056083
2609,0.977952,0.40277,0.401093,0.0056083
2610,0.977952,0.40277,0.401093,0.0056083
2611,0.979835,0.420169,0.386998,0.00176391
2612,0.979835,0.420169,0.386998,0.00176391
2613,0.984724,0.452549,0.408973,0.00286603
2614,0.98389,0.428069,0.397489,0.00225646
2615,0.984173,0.369938,0.452161,0.00325765
2616,0.983462,0.362197,0.415387,0.00240414
2617,0.982973,0.301636,0.44569,0.00158527
2618,0.982973,0.301636,0.44569,0.00158527
2619,0.982973,0.301636,0.44569,0.00158527
2620,0.985434,0.325666,0.402157,0.00600892
2621,0.985434,0.325666,0.402157,0.00600892
2622,0.982312,0.371863,0.400316,0.00212647
2623,0.984359,0.307904,0.420556,0.00272683
2624,0.984359,0.307904,0.420556,0.00272683
2625,0.983964,0.383583,0.366956,0.00354269
2626,0.989627,0.434812,0.301976,0.00118381
2627,0.98896,0.569275,0.303105,0.00562608
2628,0.988143,0.470317,0.40942,0.00576786
2629,0.989164,0.530368,0.315354,0.00634579
2630,0.987266,0.529499,0.284279,0.00212084
2631,0.991191,0.480787,0.338686,0.00155391
2632,0.991913,0.393995,0.356059,0.00748433
2633,0.991913,0.393995,0.356059,0.00748433
2634,0.99206,0.372224,0.306652,0.00104499
2635,0.99206,0.372224,0.306652,0.00104499
2636,0.99206,0.372224,0.306652,0.00104499
2637,0.990434,0.377308,0.350224,0.00250403
2638,0.988407,0.381892,0.325737,0.00353118
2639,0.988407,0.381892,0.325737,0.00353118
2640,0.986016,0.399357,0.372907,0.0020021
2641,0.986016,0.399357,0.372907,0.0020021
2642,0.985115,0.384011,0.35016,0.00311693
2643,0.985115,0.384011,0.35016,0.00311693
2644,0.985115,0.384011,0.35016,0.00311693
2645,0.984926,0.366601,0.332869,0.00120306
2646,0.984926,0.366601,0.332869,0.00120306
2647,0.983722,0.314238,0.298667,0.00390884
2648,0.983722,0.314238,0.298667,0.00390884
2649,0.98693,0.383822,0.378465,0.00264348
2650,0.98693,0.383822,0.378465,0.00264348
2651,0.985579,0.368094,0.333022,0.00480704
2652,0.981297,0.349754,0.313508,0.00209319
2653,0.984318,0.344659,0.385343,0.00541353
2654,0.977516,0.260635,0.428588,0.002989
2655,0.97915,0.214552,0.411873,0.00167808
2656,0.987247,0.227602,0.433252,0.00292218
2657,0.986456,0.235505,0.390298,0.000641686
2658,0.983116,0.254107,0.436283,0.00400391
2659,0.983865,0.319053,0.330109,0.0041137
2660,0.985316,0.28926,0.352918,0.00809996
2661,0.985569,0.385169,0.441359,0.00208842
2662,0.985569,0.385169,0.441359,0.00208842
2663,0.985569,0.385169,0.441359,0.00208842
2664,0.987608,0.472519,0.338883,0.00178424
2665,0.991403,0.401435,0.341523,0.00337604
2666,0.991403,0.401435,0.341523,0.00337604
2667,0.98894,0.361893,0.300181,0.00173974
2668,0.98894,0.361893,0.300181,0.00173974
2669,0.988745,0.454071,0.300498,0.00423348
2670,0.986122,0.394495,0.34947,0.00251594
2671,0.985842,0.397361,0.321495,0.00143282
2672,0.985248,0.347855,0.327367,0.00264418
2673,0.985248,0.347855,0.327367,0.00264418
2674,0.985401,0.364299,0.388252,0.00111919
2675,0.984453,0.332895,0.380595,0.00331498
2676,0.984453,0.332895,0.380595,0.00331498
2677,0.98154,0.283492,0.361424,0.00224432
2678,0.98154,0.283492,0.361424,0.00224432
2679,0.98154,0.283492,0.361424,0.00224432
2680,0.987919,0.324224,0.303803,0.00110578
2681,0.987919,0.324224,0.303803,0.00110578
2682,0.987156,0.324955,0.327085,0.00373704
2683,0.987156,0.324955,0.327085,0.00373704
2684,0.987096,0.346052,0.283724,0.00517578
2685,0.987295,0.414046,0.308267,0.00193267
2686,0.987549,0.45607,0.341673,0.00446973
2687,0.987549,0.45607,0.341673,0.00446973
2688,0.986732,0.401229,0.357662,0.00226244
2689,0.986732,0.401229,0.357662,0.00226244
2690,0.982475,0.413609,0.38359,0.000440422
2691,0.982475,0.413609,0.38359,0.000440422
2692,0.982216,0.391775,0.354248,0.00518587
2693,0.983199,0.420341,0.415703,0.00228244
2694,0.984137,0.362564,0.408371,0.00276225
2695,0.98839,0.449315,0.415833,0.00169266
2696,0.988061,0.439649,0.424656,0.000707903
2697,0.988061,0.439649,0.424656,0.000707903
2698,0.988061,0.439649,0.424656,0.000707903
2699,0.987523,0.366291,0.457312,0.00118006
2700,0.987713,0.417327,0.394259,0.0011551
2701,0.988402,0.426566,0.396988,0.000102577
2702,0.990142,0.466411,0.378643,0.00217453
2703,0.990142,0.466411,0.378643,0.00217453
2704,0.99096,0.444034,0.357471,0.00246479
2705,0.99096,0.444034,0.357471,0.00246479
2706,0.990966,0.496711,0.37332,0.00162192
2707,0.990001,0.453825,0.368749,0.00538186
2708,0.990001,0.453825,0.368749,0.00538186
2709,0.990001,0.453825,0.368749,0.00538186
2710,0.990001,0.453825,0.368749,0.00538186
2711,0.985453,0.466447,0.370162,0.00556851
2712,0.985453,0.466447,0.370162,0.00556851
2713,0.985453,0.466447,0.370162,0.00556851
2714,0.985453,0.466447,0.370162,0.00556851
2715,0.985453,0.466447,0.370162,0.00556851
2716,0.988071,0.457049,0.325751,0.00199423
2717,0.988071,0.457049,0.325751,0.00199423
2718,0.988058,0.477623,0.394894,0.00351045
2719,0.988058,0.477623,0.394894,0.00351045
2720,0.988058,0.477623,0.394894,0.00351045
2721,0.989768,0.507817,0.344491,0.00272815
2722,0.992805,0.496804,0.3181,0.00507986
2723,0.992805,0.496804,0.3181,0.00507986
2724,0.994664,0.487941,0.310031,0.00286132
2725,0.994664,0.487941,0.310031,0.00286132
2726,0.993776,0.578981,0.287552,0.00157018
2727,0.990869,0.583788,0.238935,0.00838406
2728,0.990869,0.583788,0.238935,0.00838406
2729,0.990869,0.583788,0.238935,0.00838406
2730,0.990869,0.583788,0.238935,0.00838406
2731,0.990869,0.583788,0.238935,0.00838406
2732,0.990869,0.583788,0.238935,0.00838406
2733,0.990883,0.541508,0.294749,0.00358469
2734,0.994323,0.485828,0.270631,0.00327821
2735,0.994323,0.485828,0.270631,0.00327821
2736,0.992895,0.49316,0.306437,0.00378348
2737,0.98669,0.436225,0.37199,0.00546756
2738,0.986436,0.385647,0.394375,0.00105106
2739,0.987534,0.412018,0.34226,0.000520224
2740,0.987534,0.412018,0.34226,0.000520224
2741,0.987534,0.412018,0.34226,0.000520224
2742,0.98582,0.355444,0.34533,0.001101
2743,0.988837,0.436444,0.374921,0.000225568
2744,0.988837,0.436444,0.374921,0.000225568
2745,0.988444,0.345194,0.435178,0.00452173
2746,0.987697,0.343066,0.370997,0.000936039
2747,0.987697,0.343066,0.370997,0.000936039
2748,0.987697,0.343066,0.370997,0.000936039
2749,0.986032,0.354973,0.382464,0.00397876
2750,0.986032,0.354973,0.382464,0.00397876
2751,0.986032,0.354973,0.382464,0.00397876
2752,0.982574,0.345817,0.439576,0.00211761
2753,0.982574,0.345817,0.439576,0.00211761
2754,0.977164,0.389165,0.406382,0.00106008
2755,0.977164,0.389165,0.406382,0.00106008
2756,0.977164,0.389165,0.406382,0.00106008
2757,0.975918,0.404012,0.418195,0.00492845
2758,0.975918,0.404012,0.418195,0.00492845
2759,0.96983,0.362521,0.435905,0.00419864
2760,0.968504,0.357927,0.429631,0.00588811
2761,0.971204,0.3795,0.398694,0.00308007
2762,0.971154,0.396725,0.400705,0.00247096
2763,0.974729,0.314563,0.335692,0.00183946
2764,0.974978,0.237674,0.346701,0.00324088
2765,0.971909,0.248137,0.345555,0.00303933
2766,0.974615,0.285132,0.383369,0.00128283
2767,0.978774,0.345581,0.408888,0.0060002
2768,0.978817,0.31685,0.376672,0.00502497
2769,0.978817,0.31685,0.376672,0.00502497
2770,0.978642,0.292493,0.31106,0.00458756
2771,0.978642,0.292493,0.31106,0.00458756
2772,0.977797,0.33123,0.269404,0.00262148
2773,0.977797,0.33123,0.269404,0.00262148
2774,0.977797,0.33123,0.269404,0.00262148
2775,0.977797,0.33123,0.269404,0.00262148
2776,0.977797,0.33123,0.269404,0.00262148
2777,0.978985,0.289504,0.327234,0.00278432
2778,0.978985,0.289504,0.327234,0.00278432
2779,0.978985,0.289504,0.327234,0.00278432
2780,0.978635,0.298724,0.36223,0.00237579
2781,0.978635,0.298724,0.36223,0.00237579
2782,0.978635,0.298724,0.36223,0.00237579
2783,0.978635,0.298724,0.36223,0.00237579
2784,0.982055,0.324812,0.303006,0.00509209
2785,0.982055,0.324812,0.303006,0.00509209
2786,0.979046,0.304891,0.296074,0.00272694
2787,0.979046,0.304891,0.296074,0.00272694
2788,0.979046,0.304891,0.296074,0.00272694
2789,0.979046,0.304891,0.296074,0.00272694
2790,0.980439,0.270756,0.260854,0.00360948
2791,0.980439,0.270756,0.260854,0.00360948
2792,0.98317,0.339434,0.300461,0.00515573
2793,0.977786,0.29637,0.268021,0.00393496
2794,0.977786,0.29637,0.268021,0.00393496
2795,0.977786,0.29637,0.268021,0.00393496
2796,0.977786,0.29637,0.268021,0.00393496
2797,0.977786,0.29637,0.268021,0.00393496
2798,0.984065,0.267427,0.29122,0.00283197
2799,0.984065,0.267427,0.29122,0.00283197
2800,0.984065,0.267427,0.29122,0.00283197
2801,0.984065,0.267427,0.29122,0.00283197
2802,0.985673,0.288928,0.304173,0.00524607
2803,0.985673,0.288928,0.304173,0.00524607
2804,0.990614,0.302213,0.258536,0.00413078
2805,0.991092,0.310156,0.273996,0.00255383
2806,0.991092,0.310156,0.273996,0.00255383
2807,0.989316,0.29155,0.30218,0.00343104
2808,0.988999,0.237477,0.246208,0.00222198
2809,0.98507,0.343219,0.269487,0.00291095
2810,0.983664,0.406995,0.261142,0.0031712
2811,0.983643,0.30078,0.253968,0.0020213
2812,0.983643,0.30078,0.253968,0.0020213
2813,0.981933,0.221036,0.276746,0.0032162
2814,0.981069,0.238594,0.318633,0.00162286
2815,0.978136,0.290449,0.337932,0.00536706
2816,0.978136,0.290449,0.337932,0.00536706
2817,0.978136,0.290449,0.337932,0.00536706
2818,0.977866,0.330556,0.264375,0.00181701
2819,0.980333,0.370092,0.358871,0.00393363
2820,0.980333,0.370092,0.358871,0.00393363
2821,0.980333,0.370092,0.358871,0.00393363
2822,0.980824,0.461432,0.334176,0.00176796
2823,0.980824,0.461432,0.334176,0.00176796
2824,0.975633,0.36203,0.287592,0.00259963
2825,0.975633,0.36203,0.287592,0.00259963
2826,0.977217,0.413461,0.334169,0.00546915
2827,0.978291,0.428774,0.35954,0.00286419
2828,0.978291,0.428774,0.35954,0.00286419
2829,0.979359,0.36747,0.338689,0.00419888
2830,0.984143,0.404112,0.377506,0.00417227
2831,0.984143,0.404112,0.377506,0.00417227
2832,0.990301,0.463863,0.261277,0.00540043
2833,0.990301,0.463863,0.261277,0.00540043
2834,0.990301,0.463863,0.261277,0.00540043
2835,0.990301,0.463863,0.261277,0.00540043
2836,0.991311,0.492527,0.312501,0.00153203
2837,0.987843,0.555568,0.254448,0.00317711
2838,0.987981,0.598435,0.176826,0.00364387
2839,0.992678,0.630096,0.239522,0.00249721
2840,0.993205,0.623562,0.275009,0.00227709
2841,0.997711,0.69577,0.333139,0.00313198
2842,0.997711,0.69577,0.333139,0.00313198
2843,0.999863,0.61663,0.337762,0.00150841
2844,0.999863,0.61663,0.337762,0.00150841
2845,0.999488,0.505648,0.344187,0.00364051
2846,0.995491,0.461127,0.349966,0.00118135
2847,0.997764,0.395117,0.39444,0.00187304
2848,0.99923,0.392513,0.347309,0.00522599
2849,0.996924,0.324192,0.358295,0.0039015
2850,0.999758,0.334986,0.393654,0.000789346
2851,0.999758,0.334986,0.393654,0.000789346
2852,0.996471,0.391726,0.318283,0.0039328
2853,0.996107,0.352612,0.348188,0.0016193
2854,0.996107,0.352612,0.348188,0.0016193
2855,0.990219,0.397946,0.399113,0.00446645
2856,0.990219,0.397946,0.399113,0.00446645
2857,0.990219,0.397946,0.399113,0.00446645
2858,0.989721,0.40759,0.420907,0.00243127
2859,0.989721,0.40759,0.420907,0.00243127
2860,0.989721,0.40759,0.420907,0.00243127
2861,0.990048,0.339227,0.486374,0.00507458
2862,0.990048,0.339227,0.486374,0.00507458
2863,0.993019,0.309068,0.453311,0.00839674
2864,0.996964,0.279491,0.457541,0.00709892
2865,0.995102,0.293617,0.392487,0.00994472
2866,0.990129,0.345468,0.373616,0.00305634
2867,0.986153,0.340616,0.317584,0.00143152
2868,0.98426,0.31268,0.326545,0.00243371
2869,0.987329,0.289693,0.395845,0.00169011
2870,0.982241,0.275834,0.417407,0.00361404
2871,0.983811,0.305802,0.389352,0.00431852
2872,0.983811,0.305802,0.389352,0.00431852
2873,0.984324,0.306085,0.354108,0.00407281
2874,0.980598,0.252564,0.335243,0.00100863
2875,0.977812,0.338836,0.36028,0.00276811
2876,0.97671,0.317692,0.397672,0.0034452
2877,0.97671,0.317692,0.397672,0.0034452
2878,0.980069,0.312707,0.443994,0.00255834
2879,0.979818,0.270325,0.456461,0.00808005
2880,0.976452,0.255985,0.405398,0.00299762
2881,0.979757,0.272215,0.316238,0.00263966
2882,0.979757,0.272215,0.316238,0.00263966
2883,0.981195,0.239498,0.298291,0.00559313
2884,0.982428,0.276282,0.302568,0.00278318
2885,0.982428,0.276282,0.302568,0.00278318
2886,0.985179,0.227629,0.335315,0.00149739
2887,0.9895,0.237545,0.272411,0.00290013
2888,0.9895,0.237545,0.272411,0.00290013
2889,0.9895,0.237545,0.272411,0.00290013
2890,0.987838,0.317176,0.246389,0.00308133
2891,0.983683,0.375199,0.320601,0.00236724
2892,0.983683,0.375199,0.320601,0.00236724
2893,0.984985,0.357815,0.250031,0.00209757
2894,0.984777,0.39348,0.275801,0.0050299
2895,0.984632,0.436763,0.255446,0.00119285
2896,0.985673,0.395688,0.184353,0.00264689
2897,0.988227,0.403245,0.180644,0.00125138
2898,0.990834,0.357308,0.194794,0.00132621
2899,0.992996,0.380456,0.203488,0.00214029
2900,0.996476,0.342924,0.237904,0.00290701
2901,0.996476,0.342924,0.237904,0.00290701
2902,0.992988,0.330303,0.262769,0.00639785
2903,0.993219,0.365195,0.238283,0.00513175
2904,0.993219,0.365195,0.238283,0.00513175
2905,0.994091,0.309514,0.285078,0.00331767
2906,0.989454,0.353942,0.289668,0.00400771
2907,0.989454,0.353942,0.289668,0.00400771
2908,0.991644,0.354348,0.27275,0.00213304
2909,0.991644,0.354348,0.27275,0.00213304
2910,0.991644,0.354348,0.27275,0.00213304
2911,0.991644,0.354348,0.27275,0.00213304
2912,0.993338,0.320438,0.28031,0.00240046
2913,0.993338,0.320438,0.28031,0.00240046
2914,0.994445,0.313867,0.286964,0.00306873
2915,0.994384,0.324495,0.272734,0.0027396
2916,0.990467,0.344511,0.272648,0.00184024
2917,0.995835,0.291355,0.293574,0.00217865
2918,0.98757,0.247002,0.294668,0.00625903
2919,0.988681,0.303244,0.319154,0.00127107
2920,0.987331,0.267841,0.3133,0.0032625
2921,0.985523,0.295762,0.284427,0.00461
2922,0.985523,0.295762,0.284427,0.00461
2923,0.985523,0.295762,0.284427,0.00461
2924,0.984815,0.319161,0.264405,0.00291576
2925,0.983375,0.256814,0.269812,0.00331499
2926,0.984832,0.252067,0.340391,0.0046772
2927,0.985692,0.275486,0.306132,0.00414219
2928,0.988712,0.30734,0.294608,0.00600909
2929,0.988712,0.30734,0.294608,0.00600909
2930,0.987159,0.313326,0.272931,0.00465657
2931,0.987159,0.313326,0.272931,0.00465657
2932,0.988827,0.277281,0.341661,0.00311073
2933,0.98953,0.243131,0.33814,0.00155845
2934,0.98953,0.243131,0.33814,0.00155845
2935,0.984068,0.219871,0.304462,0.00275082
2936,0.985132,0.240715,0.345862,0.00625458
2937,0.9877,0.252359,0.299831,0.00352587
2938,0.9877,0.252359,0.299831,0.00352587
2939,0.993375,0.267329,0.356333,0.00174439
2940,0.987222,0.300102,0.313384,0.00668137
2941,0.988489,0.258961,0.350769,0.00307561
2942,0.983085,0.267059,0.411225,0.0031917
2943,0.983085,0.267059,0.411225,0.0031917
2944,0.983085,0.267059,0.411225,0.0031917
2945,0.983085,0.267059,0.411225,0.0031917
2946,0.98276,0.285525,0.39176,0.0041184
2947,0.986742,0.243045,0.440814,0.00601074
2948,0.982633,0.236933,0.417226,0.0048553
2949,0.984802,0.259159,0.410834,0.00478754
2950,0.984802,0.259159,0.410834,0.00478754
2951,0.983628,0.210793,0.380773,0.000769304
2952,0.985176,0.190209,0.454214,0.00371515
2953,0.98482,0.222466,0.495096,0.00180053
2954,0.985325,0.220164,0.486791,0.00134386
2955,0.980801,0.184748,0.461338,0.00186549
2956,0.98502,0.190839,0.426912,0.00559825
2957,0.986791,0.259777,0.456389,0.00432597
2958,0.986791,0.259777,0.456389,0.00432597
2959,0.986072,0.251372,0.413723,0.00343832
2960,0.987686,0.220008,0.32347,0.00583571
2961,0.987686,0.220008,0.32347,0.00583571
2962,0.991595,0.248152,0.341118,0.00400896
2963,0.991595,0.248152,0.341118,0.00400896
2964,0.991595,0.248152,0.341118,0.00400896
2965,0.991595,0.248152,0.341118,0.00400896
2966,0.989225,0.214798,0.387784,0.000689632
2967,0.989225,0.214798,0.387784,0.000689632
2968,0.989225,0.214798,0.387784,0.000689632
2969,0.989225,0.214798,0.387784,0.000689632
2970,0.989225,0.214798,0.387784,0.000689632
2971,0.986582,0.21667,0.392774,0.00260636
2972,0.984565,0.218918,0.412519,0.00376207
2973,0.984565,0.218918,0.412519,0.00376207
2974,0.984565,0.218918,0.412519,0.00376207
2975,0.987052,0.158848,0.393528,0.000908273
2976,0.987243,0.178752,0.27005,0.00224216
2977,0.987243,0.178752,0.27005,0.00224216
2978,0.986327,0.212551,0.259042,0.00599587
2979,0.982589,0.239326,0.286104,0.00245211
2980,0.98435,0.253531,0.330899,0.00144594
2981,0.981891,0.241391,0.318357,0.00632617
2982,0.980941,0.254374,0.339062,0.00632756
2983,0.984185,0.257451,0.301779,0.00161721
2984,0.986505,0.302221,0.297734,0.00244426
2985,0.986505,0.302221,0.297734,0.00244426
2986,0.986471,0.311425,0.285904,0.00245135
2987,0.986471,0.311425,0.285904,0.00245135
2988,0.986318,0.344454,0.265517,0.0049942
2989,0.983097,0.293187,0.265163,0.00235482
2990,0.981399,0.30183,0.259851,0.00493416
2991,0.984275,0.300173,0.267626,0.00530493
2992,0.983373,0.330381,0.300658,0.00433667
2993,0.983373,0.330381,0.300658,0.00433667
2994,0.983373,0.330381,0.300658,0.00433667
2995,0.983373,0.330381,0.300658,0.00433667
2996,0.983373,0.330381,0.300658,0.00433667
2997,0.983373,0.330381,0.300658,0.00433667
2998,0.980287,0.301694,0.297312,0.00310233
2999,0.983189,0.302318,0.294182,0.00450383
3000,0.984246,0.30065,0.22989,0.00441776
3001,0.984246,0.30065,0.22989,0.00441776
3002,0.984246,0.30065,0.22989,0.00441776
3003,0.982619,0.336273,0.181819,0.00308991
3004,0.982619,0.336273,0.181819,0.00308991
3005,0.982619,0.336273,0.181819,0.00308991
3006,0.982619,0.336273,0.181819,0.00308991
3007,0.982498,0.349908,0.274583,0.00314825
3008,0.978778,0.506584,0.265493,0.00246329
3009,0.978778,0.506584,0.265493,0.00246329
3010,0.979338,0.422145,0.219931,0.0026018
3011,0.98234,0.407715,0.253097,0.00388931
3012,0.985303,0.430399,0.253879,0.00379589
3013,0.989823,0.453562,0.199303,0.00177493
3014,0.988356,0.544417,0.182309,0.0024676
3015,0.983193,0.582964,0.189174,0.00480978
3016,0.984246,0.60795,0.256597,0.00286712
3017,0.98712,0.64164,0.308176,0.00114843
3018,0.9917,0.515237,0.415506,0.00142126
3019,0.9917,0.515237,0.415506,0.00142126
3020,0.9917,0.515237,0.415506,0.00142126
3021,0.992913,0.487159,0.386188,0.00302816
3022,0.99177,0.53411,0.347578,0.00355011
3023,0.99177,0.53411,0.347578,0.00355011
3024,0.99177,0.53411,0.347578,0.00355011
3025,0.99177,0.53411,0.347578,0.00355011
3026,0.99177,0.53411,0.347578,0.00355011
3027,0.99177,0.53411,0.347578,0.00355011
3028,0.994642,0.591092,0.360949,0.0029004
3029,0.994894,0.709795,0.280727,0.00529822
3030,0.992871,0.668893,0.336306,0.00147694
3031,0.992871,0.668893,0.336306,0.00147694
3032,0.992871,0.668893,0.336306,0.00147694
3033,0.992871,0.668893,0.336306,0.00147694
3034,0.990177,0.689594,0.356313,0.00466753
3035,0.992389,0.619805,0.268268,0.00244401
3036,0.992389,0.619805,0.268268,0.00244401
3037,0.995836,0.703408,0.219393,0.000941333
3038,0.992321,0.838952,0.286657,0.0017723
3039,0.989049,0.900633,0.226809,0.00941184
3040,0.989288,0.897476,0.181488,0.00139007
3041,0.989288,0.897476,0.181488,0.00139007
3042,0.989288,0.897476,0.181488,0.00139007
3043,0.989085,0.769951,0.114824,0.00290844
3044,0.989085,0.769951,0.114824,0.00290844
3045,0.989085,0.769951,0.114824,0.00290844
3046,0.987601,0.782748,0.142223,0.00211732
3047,0.987693,0.748368,0.0821196,0.000825204
3048,0.987693,0.748368,0.0821196,0.000825204
3049,0.99024,0.679478,0.0883361,0.00558024
3050,0.988961,0.747451,0.0656765,0.00543127
3051,0.989448,0.603893,0.0622281,0.00360483
3052,0.988529,0.534183,0.0779888,0.0037805
3053,0.988,0.435572,0.146574,0.00340068
3054,0.989416,0.427679,0.16676,0.00491409
3055,0.988627,0.407995,0.136188,0.00207311
3056,0.989556,0.435359,0.22288,0.00475949
3057,0.990474,0.30717,0.238193,0.00254125
3058,0.988098,0.241461,0.184621,0.00134831
3059,0.98491,0.310775,0.18724,0.00347751
3060,0.988116,0.331376,0.123943,0.00286073
3061,0.989521,0.416915,0.119305,0.00321065
3062,0.989614,0.354502,0.106812,0.0019506
3063,0.989614,0.354502,0.106812,0.0019506
3064,0.987867,0.378322,0.165176,0.00122296
3065,0.987867,0.378322,0.165176,0.00122296
3066,0.986484,0.389988,0.187032,0.00697272
3067,0.992978,0.356716,0.164888,0.00191075
3068,0.990314,0.315522,0.162281,0.00278321
3069,0.990314,0.315522,0.162281,0.00278321
3070,0.986084,0.364784,0.0841408,0.00302647
3071,0.986457,0.400695,0.0684151,0.000813864
3072,0.985716,0.469577,0.0882307,0.00380806
3073,0.985218,0.453418,0.109791,0.00720184
3074,0.983941,0.497744,0.129573,0.00335178
3075,0.987012,0.418556,0.197293,0.00749009
3076,0.989027,0.440198,0.207753,0.00944416
3077,0.991888,0.40483,0.172609,0.0013682
3078,0.991888,0.40483,0.172609,0.0013682
3079,0.991888,0.40483,0.172609,0.0013682
3080,0.994765,0.347132,0.15845,0.00263225
3081,0.995071,0.326833,0.0900486,0.00335445
3082,0.995071,0.326833,0.0900486,0.00335445
3083,0.989199,0.338933,0.119075,0.00385312
3084,0.989507,0.38275,0.131205,0.00311602
3085,0.988135,0.389373,0.190978,0.000739933
3086,0.988135,0.389373,0.190978,0.000739933
3087,0.988129,0.422155,0.156697,0.00198713
3088,0.986861,0.437909,0.150462,0.00523601
3089,0.986861,0.437909,0.150462,0.00523601
3090,0.986861,0.437909,0.150462,0.00523601
3091,0.986861,0.437909,0.150462,0.00523601
3092,0.987086,0.426849,0.156935,0.00500553
3093,0.987086,0.426849,0.156935,0.00500553
3094,0.986755,0.384298,0.126009,0.0034444
3095,0.987843,0.423804,0.147948,0.00583537
3096,0.990051,0.361333,0.171211,0.00391404
3097,0.989566,0.319159,0.166711,0.00672027
3098,0.989566,0.319159,0.166711,0.00672027
3099,0.985667,0.323291,0.157867,0.00686632
3100,0.985667,0.323291,0.157867,0.00686632
3101,0.988573,0.293859,0.126947,0.00146327
3102,0.985465,0.288197,0.139418,0.00208207
3103,0.989523,0.284756,0.118343,0.00139193
3104,0.99178,0.251937,0.123402,0.00244552
3105,0.989654,0.276477,0.169807,0.00294796
3106,0.986149,0.289076,0.20852,0.00786427
3107,0.986149,0.289076,0.20852,0.00786427
3108,0.986149,0.289076,0.20852,0.00786427
3109,0.986149,0.289076,0.20852,0.00786427
3110,0.986595,0.319183,0.184092,0.00242379
3111,0.986595,0.319183,0.184092,0.00242379
3112,0.986595,0.319183,0.184092,0.00242379
3113,0.983371,0.396655,0.170361,0.000834162
3114,0.983371,0.396655,0.170361,0.000834162
3115,0.983371,0.396655,0.170361,0.000834162
3116,0.983371,0.396655,0.170361,0.000834162
3117,0.982497,0.378637,0.212564,0.00356918
3118,0.981915,0.409894,0.195273,0.00267948
3119,0.983587,0.383816,0.192985,0.0043862
3120,0.986587,0.358726,0.212594,0.00101589
3121,0.987155,0.341597,0.204522,0.00101353
3122,0.987155,0.341597,0.204522,0.00101353
3123,0.987155,0.341597,0.204522,0.00101353
3124,0.980886,0.313344,0.175892,0.00302981
3125,0.980886,0.313344,0.175892,0.00302981
3126,0.980886,0.313344,0.175892,0.00302981
3127,0.980886,0.313344,0.175892,0.00302981
3128,0.980886,0.313344,0.175892,0.00302981
3129,0.980886,0.313344,0.175892,0.00302981
3130,0.981643,0.291428,0.195045,0.00168763
3131,0.983057,0.257744,0.264532,0.00389733
3132,0.985992,0.324193,0.249342,0.00101981
3133,0.985905,0.343306,0.263931,0.00521202
3134,0.987822,0.363512,0.276015,0.00270981
3135,0.987822,0.363512,0.276015,0.00270981
3136,0.988813,0.342972,0.25534,0.00214404
3137,0.988813,0.342972,0.25534,0.00214404
3138,0.988813,0.342972,0.25534,0.00214404
3139,0.98879,0.34333,0.227512,0.00270981
3140,0.985608,0.338435,0.249368,0.00803868
3141,0.985832,0.28901,0.248872,0.00649322
3142,0.985832,0.28901,0.248872,0.00649322
3143,0.985466,0.339327,0.315631,0.00464574
3144,0.985721,0.328729,0.248884,0.00539699
3145,0.985721,0.328729,0.248884,0.00539699
3146,0.989987,0.380826,0.243203,0.0054067
3147,0.990912,0.423747,0.262863,0.00345067
3148,0.99004,0.402576,0.267209,0.00148961
3149,0.99004,0.402576,0.267209,0.00148961
3150,0.990408,0.440406,0.259269,0.00650481
3151,0.990408,0.440406,0.259269,0.00650481
3152,0.990408,0.440406,0.259269,0.00650481
3153,0.991206,0.506145,0.241285,0.00367814
3154,0.991431,0.542632,0.268574,0.00337925
3155,0.986709,0.620924,0.380997,0.00394416
3156,0.989141,0.6522,0.338573,0.00282896
3157,0.989868,0.731002,0.322479,0.00268936
3158,0.992642,0.757616,0.234662,0.00271489
3159,0.992642,0.757616,0.234662,0.00271489
3160,0.992642,0.757616,0.234662,0.00271489
3161,0.992642,0.757616,0.234662,0.00271489
3162,0.992642,0.757616,0.234662,0.00271489
3163,0.991619,0.688698,0.262383,0.00344756
3164,0.988122,0.711804,0.253999,0.00179683
3165,0.984914,0.744323,0.254546,0.00199926
3166,0.985983,0.735243,0.236403,0.00313215
3167,0.981935,0.739673,0.227081,0.00345834
3168,0.977051,0.73263,0.227394,0.00108187
3169,0.980147,0.512538,0.28083,0.00275302
3170,0.984225,0.560449,0.251931,0.001505
3171,0.978227,0.634435,0.249256,0.00439862
3172,0.978558,0.678269,0.157159,0.00660222
3173,0.978558,0.678269,0.157159,0.00660222
3174,0.979011,0.553287,0.150308,0.00417593
3175,0.981426,0.591531,0.193332,0.00381869
3176,0.977288,0.595439,0.183448,0.0020608
3177,0.977288,0.595439,0.183448,0.0020608
3178,0.977288,0.595439,0.183448,0.0020608
3179,0.977168,0.613802,0.16665,0.00495498
3180,0.977168,0.613802,0.16665,0.00495498
3181,0.978777,0.554366,0.224533,0.000301506
3182,0.980388,0.558045,0.145124,0.00267899
3183,0.980388,0.558045,0.145124,0.00267899
3184,0.981209,0.553709,0.120802,0.0036135
3185,0.981209,0.553709,0.120802,0.0036135
3186,0.984176,0.531133,0.147612,0.0023039
3187,0.984877,0.414002,0.196565,0.00106683
3188,0.981466,0.474444,0.210054,0.00400934
3189,0.981466,0.474444,0.210054,0.00400934
3190,0.981466,0.474444,0.210054,0.00400934
3191,0.980652,0.574399,0.232478,0.00530602
3192,0.980652,0.574399,0.232478,0.00530602
3193,0.981938,0.521017,0.190791,0.00359711
3194,0.981938,0.521017,0.190791,0.00359711
3195,0.985021,0.563322,0.205839,0.00400693
3196,0.985021,0.563322,0.205839,0.00400693
3197,0.983756,0.610889,0.196099,0.00117286
3198,0.979079,0.530494,0.201458,0.00311604
3199,0.981988,0.394936,0.180035,0.000936595
3200,0.986506,0.402843,0.198751,0.00359789
3201,0.989005,0.300461,0.227813,0.0028589
3202,0.988889,0.37555,0.257439,0.00301135
3203,0.986429,0.436021,0.267655,0.00320786
3204,0.986429,0.436021,0.267655,0.00320786
3205,0.986429,0.436021,0.267655,0.00320786
3206,0.990448,0.29868,0.234184,0.00634583
3207,0.993211,0.28877,0.259956,0.00631562
3208,0.992876,0.310941,0.24878,0.00549635
3209,0.988696,0.354985,0.394705,0.00311637
3210,0.988082,0.513741,0.346247,0.00227804
3211,0.99064,0.592994,0.27493,0.00198585
3212,0.99064,0.592994,0.27493,0.00198585
3213,0.993677,0.603196,0.305198,0.00159131
3214,0.993677,0.603196,0.305198,0.00159131
3215,0.993677,0.603196,0.305198,0.00159131
3216,0.990372,0.492945,0.33208,0.000365118
3217,0.987591,0.402362,0.316189,0.00258001
3218,0.987591,0.402362,0.316189,0.00258001
3219,0.987591,0.402362,0.316189,0.00258001
3220,0.987591,0.402362,0.316189,0.00258001
3221,0.989746,0.452915,0.330348,0.00232153
3222,0.990735,0.511224,0.274925,0.00668038
3223,0.990464,0.424246,0.349383,0.00381231
3224,0.991537,0.368522,0.307193,0.0054947
3225,0.990197,0.338778,0.320842,0.00247775
3226,0.990197,0.338778,0.320842,0.00247775
3227,0.990817,0.434725,0.285661,0.00177469
3228,0.990012,0.463705,0.290268,0.00626227
3229,0.990329,0.434407,0.28608,0.00721287
3230,0.989604,0.38415,0.262261,0.00434109
3231,0.989604,0.38415,0.262261,0.00434109
3232,0.984687,0.433497,0.280681,0.000706135
3233,0.98502,0.39796,0.312932,0.00528004
3234,0.98502,0.39796,0.312932,0.00528004
3235,0.98502,0.39796,0.312932,0.00528004
3236,0.98502,0.39796,0.312932,0.00528004
3237,0.98502,0.39796,0.312932,0.00528004
3238,0.983976,0.476063,0.329383,0.0030951
3239,0.982623,0.466379,0.273824,0.00448051
3240,0.982623,0.466379,0.273824,0.00448051
3241,0.980783,0.441507,0.230014,0.00318752
3242,0.980783,0.441507,0.230014,0.00318752
3243,0.983632,0.34698,0.249544,0.00462964
3244,0.983632,0.34698,0.249544,0.00462964
3245,0.983632,0.34698,0.249544,0.00462964
3246,0.984609,0.363831,0.308832,0.00249413
3247,0.983366,0.42343,0.319358,0.00158106
3248,0.9825,0.381911,0.285392,0.00563473
3249,0.983804,0.490279,0.399363,0.00750985
3250,0.987331,0.354964,0.374265,0.00571789
3251,0.987331,0.354964,0.374265,0.00571789
3252,0.990814,0.4062,0.445438,0.00253197
3253,0.990877,0.407961,0.381031,0.00603499
3254,0.993291,0.386683,0.284063,0.00405518
3255,0.990434,0.432832,0.305411,0.0030128
3256,0.990434,0.432832,0.305411,0.0030128
3257,0.993362,0.411358,0.243506,0.00363672
3258,0.993362,0.411358,0.243506,0.00363672
3259,0.995867,0.382687,0.301284,0.00273666
3260,0.9941,0.373424,0.274489,0.0056653
3261,0.991144,0.364458,0.330392,0.00354945
3262,0.991144,0.364458,0.330392,0.00354945
3263,0.991144,0.364458,0.330392,0.00354945
3264,0.991144,0.364458,0.330392,0.00354945
3265,0.984966,0.376456,0.432281,0.0040752
3266,0.983927,0.407613,0.436994,0.00274782
3267,0.984658,0.442955,0.451507,0.00585722
3268,0.982524,0.378819,0.424867,0.000725702
3269,0.9855,0.386453,0.42559,0.00270465
3270,0.987944,0.398425,0.445918,0.00185899
3271,0.987944,0.398425,0.445918,0.00185899
3272,0.987944,0.398425,0.445918,0.00185899
3273,0.987944,0.398425,0.445918,0.00185899
3274,0.987944,0.398425,0.445918,0.00185899
3275,0.987944,0.398425,0.445918,0.00185899
3276,0.986023,0.384685,0.483712,0.00270455
3277,0.986023,0.384685,0.483712,0.00270455
3278,0.985804,0.427926,0.46475,0.00633934
3279,0.985804,0.427926,0.46475,0.00633934
3280,0.986835,0.401442,0.4328,0.00326859
3281,0.987164,0.394262,0.556553,0.00231875
3282,0.986834,0.392788,0.433512,0.00795391
3283,0.986834,0.392788,0.433512,0.00795391
3284,0.988256,0.382649,0.396336,0.00438535
3285,0.990874,0.339356,0.376008,0.00498875
3286,0.989188,0.367745,0.379932,0.00383663
3287,0.989188,0.367745,0.379932,0.00383663
3288,0.990418,0.313778,0.388979,0.00150143
3289,0.995227,0.340392,0.406001,0.00346007
3290,0.996619,0.370917,0.406516,0.00447292
3291,0.996619,0.370917,0.406516,0.00447292
3292,0.99344,0.410417,0.414065,0.004416
3293,0.99344,0.410417,0.414065,0.004416
3294,0.99344,0.410417,0.414065,0.004416
3295,0.990574,0.44392,0.405158,0.00548209
3296,0.990574,0.44392,0.405158,0.00548209
3297,0.990574,0.44392,0.405158,0.00548209
3298,0.989149,0.488985,0.376037,0.00791037
3299,0.995346,0.414895,0.379439,0.00240478
3300,0.994055,0.386045,0.433042,0.00265817
3301,0.995149,0.429601,0.391534,0.00505929
3302,0.995953,0.321897,0.388052,0.00416585
3303,0.995953,0.321897,0.388052,0.00416585
3304,0.995479,0.389066,0.36987,0.00523901
3305,0.990355,0.328353,0.378182,0.00535101
3306,0.988598,0.364283,0.388552,0.00403295
3307,0.988645,0.365952,0.329967,0.00548903
3308,0.990851,0.355381,0.362267,0.00367919
3309,0.990851,0.355381,0.362267,0.00367919
3310,0.990851,0.355381,0.362267,0.00367919
3311,0.992649,0.36306,0.363881,0.00596668
3312,0.992649,0.36306,0.363881,0.00596668
3313,0.99329,0.382916,0.301891,0.00522939
3314,0.992203,0.298611,0.271641,0.0017897
3315,0.992203,0.298611,0.271641,0.0017897
3316,0.988838,0.313013,0.286738,0.00219169
3317,0.988838,0.313013,0.286738,0.00219169
3318,0.98932,0.32187,0.245461,0.00331601
3319,0.988266,0.305345,0.320455,0.0018836
3320,0.986947,0.356148,0.258192,0.00120176
3321,0.986947,0.356148,0.258192,0.00120176
3322,0.986947,0.356148,0.258192,0.00120176
3323,0.986947,0.356148,0.258192,0.00120176
3324,0.985729,0.320296,0.220179,0.0031904
3325,0.986005,0.285714,0.187549,0.00300736
3326,0.982698,0.298135,0.245558,0.00228027
3327,0.984807,0.281127,0.257784,0.00704044
3328,0.985701,0.250415,0.329833,0.00336775
3329,0.985701,0.250415,0.329833,0.00336775
3330,0.990024,0.287438,0.32584,0.00647743
3331,0.990024,0.287438,0.32584,0.00647744
3332,0.990733,0.27282,0.260986,0.00721232
3333,0.988403,0.335673,0.195305,0.00528074
3334,0.991928,0.336062,0.208615,0.00177026
3335,0.989698,0.324932,0.204276,0.00650999
3336,0.985369,0.382354,0.24764,0.00405171
3337,0.985369,0.382354,0.24764,0.00405171
3338,0.986045,0.298089,0.1884,0.0061899
3339,0.990429,0.305246,0.256504,0.00234737
3340,0.992417,0.368144,0.229054,0.0018674
3341,0.988528,0.33434,0.239705,0.00563618
3342,0.987489,0.295538,0.258124,0.00137114
3343,0.986425,0.287094,0.315029,0.00207341
3344,0.986425,0.287094,0.315029,0.00207341
3345,0.986425,0.287094,0.315029,0.00207341
3346,0.986425,0.287094,0.315029,0.00207341
3347,0.986425,0.287094,0.315029,0.00207341
3348,0.986425,0.287094,0.315029,0.00207341
3349,0.986425,0.287094,0.315029,0.00207341
3350,0.986425,0.287094,0.315029,0.00207341
3351,0.986425,0.287094,0.315029,0.00207341
3352,0.993708,0.285689,0.315627,0.00255455
3353,0.993708,0.285689,0.315627,0.00255455
3354,0.993708,0.285689,0.315627,0.00255455
3355,0.993708,0.285689,0.315627,0.00255455
3356,0.993708,0.285689,0.315627,0.00255455
3357,0.98953,0.339931,0.291023,0.0036787
3358,0.98953,0.339931,0.291023,0.0036787
3359,0.992651,0.312802,0.32668,0.00378905
3360,0.991906,0.361528,0.364346,0.00288552
3361,0.996367,0.307384,0.331497,0.00292891
3362,0.996367,0.307384,0.331497,0.00292891
3363,0.996367,0.307384,0.331497,0.00292891
3364,0.991804,0.336978,0.364131,0.00522882
3365,0.992291,0.349971,0.3712,0.00387892
3366,0.992291,0.349971,0.3712,0.00387892
3367,0.988075,0.342803,0.372972,0.00410917
3368,0.988075,0.342803,0.372972,0.00410917
3369,0.987539,0.321781,0.352393,0.0035333
3370,0.985317,0.345726,0.377216,0.00587577
3371,0.985855,0.366783,0.403687,0.00177792
3372,0.985855,0.366783,0.403687,0.00177792
3373,0.985855,0.366783,0.403687,0.00177792
3374,0.985855,0.366783,0.403687,0.00177792
3375,0.987937,0.322152,0.271291,0.000422057
3376,0.988453,0.299114,0.327989,0.00167876
3377,0.985968,0.288621,0.324443,0.00343115
3378,0.987408,0.324088,0.284657,0.00505745
3379,0.988568,0.283512,0.357779,0.00519821
3380,0.986799,0.346486,0.311209,0.00178881
3381,0.986959,0.404436,0.272102,0.00195919
3382,0.988328,0.3697,0.246083,0.00400059
3383,0.988328,0.3697,0.246083,0.00400059
3384,0.989958,0.488626,0.220172,0.00526413
3385,0.98646,0.467195,0.203215,0.00241079
3386,0.984289,0.444254,0.179569,0.00206628
3387,0.984289,0.444254,0.179569,0.00206628
3388,0.984289,0.444254,0.179569,0.00206628
3389,0.984289,0.444254,0.179569,0.00206628
3390,0.984289,0.444254,0.179569,0.00206628
3391,0.986503,0.39553,0.165868,0.0047226
3392,0.986503,0.39553,0.165868,0.0047226
3393,0.986503,0.39553,0.165868,0.0047226
3394,0.986503,0.39553,0.165868,0.0047226
3395,0.982485,0.43281,0.143862,0.0048126
3396,0.982485,0.43281,0.143862,0.0048126
3397,0.982485,0.43281,0.143862,0.0048126
3398,0.984615,0.429432,0.151599,0.00489842
3399,0.98888,0.448312,0.246415,0.00372829
3400,0.989276,0.376851,0.258664,0.00553535
3401,0.984196,0.375851,0.241337,0.00407388
3402,0.985893,0.445773,0.206728,0.00249915
3403,0.985585,0.516887,0.235902,0.00181221
3404,0.985272,0.492188,0.25312,0.00151164
3405,0.985501,0.440705,0.24285,0.00163043
3406,0.984612,0.396504,0.256243,0.0024326
3407,0.985189,0.477187,0.230007,0.00361808
3408,0.986769,0.509257,0.20301,0.00158074
3409,0.986815,0.419988,0.156214,0.00210817
3410,0.986252,0.371501,0.162996,0.00418756
3411,0.986252,0.371501,0.162996,0.00418756
3412,0.984579,0.378854,0.183487,0.00828624
3413,0.984579,0.378854,0.183487,0.00828624
3414,0.984579,0.378854,0.183487,0.00828624
3415,0.986726,0.371405,0.23272,0.00325698
3416,0.986726,0.371405,0.23272,0.00325698
3417,0.986257,0.397478,0.27495,0.00743452
3418,0.988837,0.371466,0.243302,0.000750833
3419,0.988087,0.365223,0.246231,0.00462056
3420,0.988087,0.365223,0.246231,0.00462056
3421,0.988806,0.34107,0.242255,0.00277393
3422,0.988806,0.34107,0.242255,0.00277393
3423,0.988806,0.34107,0.242255,0.00277393
3424,0.994605,0.323922,0.228489,0.00160058
3425,0.997479,0.254721,0.299544,0.0045867
3426,0.997479,0.254721,0.299544,0.0045867
3427,0.997479,0.254721,0.299544,0.0045867
3428,0.992975,0.185665,0.290229,0.0039143
3429,0.992975,0.185665,0.290229,0.0039143
3430,0.99167,0.258516,0.248687,0.00248622
3431,0.99167,0.258516,0.248687,0.00248622
3432,0.990259,0.245039,0.161527,0.00302103
3433,0.98872,0.237327,0.190418,0.00445411
3434,0.987761,0.217206,0.192079,0.000966846
3435,0.987761,0.217206,0.192079,0.000966846
3436,0.984679,0.215077,0.250667,0.000997087
3437,0.984679,0.215077,0.250667,0.000997087
3438,0.984679,0.215077,0.250667,0.000997087
3439,0.984679,0.215077,0.250667,0.000997087
3440,0.981264,0.26846,0.216807,0.000436512
3441,0.981264,0.26846,0.216807,0.000436512
3442,0.981264,0.26846,0.216807,0.000436512
3443,0.981264,0.26846,0.216807,0.000436512
3444,0.981264,0.26846,0.216807,0.000436512
3445,0.981189,0.258994,0.194077,0.00305003
3446,0.982545,0.267761,0.241558,0.00322191
3447,0.981162,0.258201,0.317239,0.00252974
3448,0.981546,0.319937,0.335273,0.00394238
3449,0.981944,0.259712,0.285435,0.00171608
3450,0.986406,0.311365,0.278996,0.00224452
3451,0.982757,0.31526,0.258812,0.00146428
3452,0.982757,0.31526,0.258812,0.00146428
3453,0.984972,0.317288,0.326265,0.00372426
3454,0.98407,0.25145,0.362875,0.00567346
3455,0.982037,0.253955,0.471048,0.00560255
3456,0.976664,0.267568,0.459278,0.00660802
3457,0.982128,0.253075,0.426051,0.00828842
3458,0.982128,0.253075,0.426051,0.00828842
3459,0.98253,0.226307,0.438629,0.00505334
3460,0.982576,0.208029,0.455339,0.00677438
3461,0.978679,0.227603,0.552749,0.0038181
3462,0.978679,0.227603,0.552749,0.0038181
3463,0.978722,0.231151,0.480521,0.00141328
3464,0.976226,0.267885,0.398075,0.00786357
3465,0.976226,0.267885,0.398075,0.00786357
3466,0.976226,0.267885,0.398075,0.00786357
3467,0.976226,0.267885,0.398075,0.00786357
3468,0.976226,0.267885,0.398075,0.00786357
3469,0.976226,0.267885,0.398075,0.00786357
3470,0.976226,0.267885,0.398075,0.00786357
3471,0.979057,0.281138,0.390565,0.00137126
3472,0.977548,0.290401,0.418971,0.00429471
3473,0.977548,0.290401,0.418971,0.00429471
3474,0.975351,0.299676,0.361184,0.00288697
3475,0.975351,0.299676,0.361184,0.00288697
3476,0.977889,0.272187,0.332806,0.000929067
3477,0.977889,0.272187,0.332806,0.000929067
3478,0.977889,0.272187,0.332806,0.000929067
3479,0.976305,0.245951,0.374319,0.00269781
3480,0.980617,0.269483,0.304659,0.00443573
3481,0.983953,0.196387,0.346392,0.00114672
3482,0.985482,0.246186,0.378157,0.000495742
3483,0.985482,0.246186,0.378157,0.000495742
3484,0.986407,0.245861,0.253925,0.00168879
3485,0.982739,0.192359,0.279786,0.0100783
3486,0.981974,0.175688,0.356036,0.00545078
3487,0.981974,0.175688,0.356036,0.00545078
3488,0.985564,0.245658,0.307349,0.00737868
3489,0.985564,0.245658,0.307349,0.00737868
3490,0.987669,0.313546,0.279397,0.00616692
3491,0.986187,0.339876,0.276976,0.00639091
3492,0.991379,0.326758,0.304631,0.00159918
3493,0.989446,0.303762,0.379802,0.00170809
3494,0.989446,0.303762,0.379802,0.00170809
3495,0.989446,0.303762,0.379802,0.00170809
3496,0.988186,0.276049,0.366257,0.00514704
3497,0.990329,0.228291,0.349208,0.000791636
3498,0.99182,0.261894,0.268648,0.00283088
3499,0.989473,0.231996,0.338865,0.00601818
3500,0.991673,0.280947,0.287806,0.00472127
3501,0.989661,0.196589,0.324692,0.00389444
3502,0.989661,0.196589,0.324692,0.00389444
3503,0.986911,0.268407,0.297427,0.0030469
3504,0.986793,0.24274,0.275288,0.00310359
3505,0.986793,0.24274,0.275288,0.00310359
3506,0.986793,0.24274,0.275288,0.00310359
3507,0.985207,0.303046,0.272411,0.0053062
3508,0.985207,0.303046,0.272411,0.0053062
3509,0.985207,0.303046,0.272411,0.0053062
3510,0.985207,0.303046,0.272411,0.0053062
3511,0.98464,0.250793,0.272844,0.00463307
3512,0.98464,0.250793,0.272844,0.00463307
3513,0.98464,0.250793,0.272844,0.00463307
3514,0.983467,0.235504,0.289098,0.00507084
3515,0.983467,0.235504,0.289098,0.00507084
3516,0.985158,0.245711,0.260283,0.00163725
3517,0.985158,0.245711,0.260283,0.00163725
3518,0.984272,0.187561,0.269551,0.00353537
3519,0.979469,0.171749,0.302498,0.000961181
3520,0.979469,0.171749,0.302498,0.000961181
3521,0.979346,0.231334,0.250409,0.00352483
3522,0.979346,0.231334,0.250409,0.00352483
3523,0.982273,0.185724,0.196026,0.00653539
3524,0.982273,0.185724,0.196026,0.00653539
3525,0.982273,0.185724,0.196026,0.00653539
3526,0.983063,0.221972,0.180209,0.00901928
3527,0.984177,0.221999,0.282473,0.00603738
3528,0.984177,0.221999,0.282473,0.00603738
3529,0.98377,0.287335,0.299865,0.00539739
3530,0.97782,0.307526,0.273803,0.00530603
3531,0.977347,0.388674,0.334281,0.00842053
3532,0.975132,0.317218,0.346328,0.00417132
3533,0.978936,0.312858,0.27953,0.00346238
3534,0.978936,0.312858,0.27953,0.00346238
3535,0.977042,0.335076,0.349767,0.000999947
3536,0.977042,0.335076,0.349767,0.000999947
3537,0.977113,0.376337,0.301151,0.00784348
3538,0.980641,0.45594,0.316979,0.0024912
3539,0.980641,0.45594,0.316979,0.0024912
3540,0.982558,0.382906,0.278315,0.00191985
3541,0.985072,0.418383,0.307603,0.00344397
3542,0.988181,0.324673,0.296613,0.00504927
3543,0.983786,0.344911,0.313168,0.00338764
3544,0.983513,0.369688,0.292204,0.00483855
3545,0.983664,0.343759,0.334587,0.0046126
3546,0.983664,0.343759,0.334587,0.0046126
3547,0.983664,0.343759,0.334587,0.0046126
3548,0.981882,0.334793,0.307626,0.0025782
3549,0.981882,0.334793,0.307626,0.0025782
3550,0.981882,0.334793,0.307626,0.0025782
3551,0.981882,0.334793,0.307626,0.0025782
3552,0.977962,0.319547,0.336839,0.00555905
3553,0.977962,0.319547,0.336839,0.00555905
3554,0.979356,0.344715,0.322244,0.00186637
3555,0.981263,0.31582,0.304277,0.00176615
3556,0.981726,0.312847,0.277895,0.00568673
3557,0.978214,0.340228,0.268408,0.00127879
3558,0.978214,0.340228,0.268408,0.00127879
3559,0.978214,0.340228,0.268408,0.00127879
3560,0.975417,0.372651,0.284959,0.00391507
3561,0.979125,0.306516,0.190814,0.00303244
3562,0.976499,0.322908,0.272582,0.00459483
3563,0.981733,0.326137,0.227288,0.00173769
3564,0.985328,0.320474,0.258924,0.00488598
3565,0.986986,0.290955,0.312933,0.00174973
3566,0.98345,0.32132,0.255568,0.00120244
3567,0.984363,0.368214,0.237527,0.00438389
3568,0.985604,0.432373,0.285744,0.0055897
3569,0.986893,0.448894,0.309217,0.00522123
3570,0.987117,0.412707,0.295329,0.00361008
3571,0.987117,0.412707,0.295329,0.00361008
3572,0.987813,0.462248,0.290538,0.0025505
3573,0.988071,0.38727,0.329634,0.00394816
3574,0.98787,0.338046,0.331679,0.00315452
3575,0.98787,0.338046,0.331679,0.00315452
3576,0.98787,0.338046,0.331679,0.00315452
3577,0.983552,0.336408,0.272843,0.00530104
3578,0.987816,0.366181,0.284986,0.00110412
3579,0.987816,0.366181,0.284986,0.00110412
3580,0.992225,0.411741,0.245355,0.00370081
3581,0.992225,0.411741,0.245355,0.00370081
3582,0.992085,0.465884,0.215601,0.00176263
3583,0.994855,0.355059,0.280589,0.00194051
3584,0.994855,0.355059,0.280589,0.00194051
3585,0.987473,0.370094,0.324754,0.00587755
3586,0.982735,0.27715,0.294329,0.00407936
3587,0.985272,0.30444,0.256373,0.00309928
3588,0.985272,0.30444,0.256373,0.00309928
3589,0.984565,0.293054,0.172416,0.000928659
3590,0.985167,0.280687,0.194876,0.00345521
3591,0.98771,0.377193,0.219567,0.00730747
3592,0.985473,0.382147,0.245066,0.00448161
3593,0.985473,0.382147,0.245066,0.00448161
3594,0.98637,0.381507,0.172647,0.00565246
3595,0.98637,0.381507,0.172647,0.00565246
3596,0.982929,0.406848,0.203593,0.00356006
3597,0.986741,0.441276,0.244956,0.00582449
3598,0.987773,0.386983,0.295194,0.0011039
3599,0.987773,0.386983,0.295194,0.0011039
3600,0.987773,0.386983,0.295194,0.0011039
3601,0.987773,0.386983,0.295194,0.0011039
3602,0.989714,0.325299,0.270514,0.00203218
3603,0.992134,0.340452,0.208892,0.00241977
3604,0.992134,0.340452,0.208892,0.00241977
3605,0.991033,0.306242,0.144221,0.00127777
3606,0.991033,0.306242,0.144221,0.00127777
3607,0.990414,0.324056,0.189333,0.0033416
3608,0.990414,0.324056,0.189333,0.0033416
3609,0.989572,0.303059,0.266138,0.0023594
3610,0.989572,0.303059,0.266138,0.0023594
3611,0.991781,0.311023,0.223003,0.00205055
3612,0.988942,0.296499,0.237757,0.00525514
3613,0.993876,0.304368,0.239679,0.00378503
3614,0.993876,0.304368,0.239679,0.00378503
3615,0.993876,0.304368,0.239679,0.00378503
3616,0.991421,0.303557,0.221068,0.00385029
3617,0.991421,0.303557,0.221068,0.00385029
3618,0.991421,0.303557,0.221068,0.00385029
3619,0.991421,0.303557,0.221068,0.00385029
3620,0.991421,0.303557,0.221068,0.00385029
3621,0.993767,0.351352,0.25591,0.00461413
3622,0.992315,0.323837,0.271349,0.00590307
3623,0.992315,0.323837,0.271349,0.00590307
3624,0.991782,0.321596,0.256143,0.00544066
3625,0.994145,0.312136,0.290427,0.00394064
3626,0.993657,0.332584,0.259883,0.00399397
3627,0.993961,0.359428,0.316511,0.00420173
3628,0.994634,0.322173,0.374796,0.00450649
3629,0.999033,0.326331,0.298698,0.00152373
3630,0.993682,0.358053,0.330284,0.00279743
3631,0.994089,0.380972,0.333335,0.00149626
3632,0.994089,0.380972,0.333335,0.00149626
3633,0.992173,0.38661,0.269377,0.000662058
3634,0.99143,0.375836,0.298458,0.00445848
3635,0.986355,0.36757,0.272039,0.00216872
3636,0.988613,0.370954,0.274988,0.00471125
3637,0.989362,0.431213,0.239439,0.00127036
3638,0.988269,0.436209,0.327768,0.00212446
3639,0.986867,0.397801,0.297871,0.00310859
3640,0.988413,0.427329,0.349781,0.00125204
3641,0.990693,0.366487,0.285498,0.00366389
3642,0.992651,0.435954,0.260983,0.000977905
3643,0.988268,0.482098,0.202206,0.00485441
3644,0.988268,0.482098,0.202206,0.00485441
3645,0.985189,0.35593,0.226835,0.00148689
3646,0.985685,0.427237,0.242347,0.00384309
3647,0.986218,0.46002,0.237794,0.00547904
3648,0.986218,0.46002,0.237794,0.00547904
3649,0.989137,0.426874,0.261223,0.00224541
3650,0.983924,0.356694,0.285153,0.00251829
3651,0.986041,0.370134,0.287708,0.004496
3652,0.978812,0.24917,0.30702,0.00351721
3653,0.978812,0.24917,0.30702,0.00351721
3654,0.978812,0.24917,0.30702,0.00351721
3655,0.978812,0.24917,0.30702,0.00351721
3656,0.978812,0.24917,0.30702,0.00351721
3657,0.979708,0.296855,0.35268,0.00361058
3658,0.981124,0.252429,0.365047,0.00622153
3659,0.981124,0.252429,0.365047,0.00622153
3660,0.981124,0.252429,0.365047,0.00622153
3661,0.977411,0.267811,0.372998,0.00557051
3662,0.978271,0.374915,0.339757,0.00358751
3663,0.978271,0.374915,0.339757,0.00358751
3664,0.980031,0.417016,0.373686,0.00194581
3665,0.987309,0.308578,0.329204,0.00332151
3666,0.987309,0.308578,0.329204,0.00332151
3667,0.987309,0.308578,0.329204,0.00332151
3668,0.990573,0.331848,0.300352,0.00416657
3669,0.990573,0.331848,0.300352,0.00416657
3670,0.988264,0.270318,0.31773,0.00376449
3671,0.987776,0.334934,0.299662,0.00131281
3672,0.98272,0.347422,0.261831,0.000428481
3673,0.98272,0.347422,0.261831,0.000428481
3674,0.982958,0.352435,0.26736,0.00135871
3675,0.982958,0.352435,0.26736,0.00135871
3676,0.982958,0.352435,0.26736,0.00135871
3677,0.982958,0.352435,0.26736,0.00135871
3678,0.982958,0.352435,0.26736,0.00135871
3679,0.990676,0.374482,0.343445,0.00077485
3680,0.990605,0.307053,0.305061,0.00103353
3681,0.99055,0.321151,0.290675,0.00152888
3682,0.99055,0.321151,0.290675,0.00152888
3683,0.987829,0.303861,0.343671,0.000813532
3684,0.989478,0.280812,0.3522,0.00425711
3685,0.989478,0.280812,0.3522,0.00425711
3686,0.989478,0.280812,0.3522,0.00425711
3687,0.989478,0.280812,0.3522,0.00425711
3688,0.989126,0.292824,0.314231,0.00263208
3689,0.989126,0.292824,0.314231,0.00263208
3690,0.985207,0.310837,0.351289,0.00194955
3691,0.984896,0.30095,0.429942,0.00425457
3692,0.984896,0.30095,0.429942,0.00425457
3693,0.987943,0.31502,0.447222,0.00300432
3694,0.987943,0.31502,0.447222,0.00300432
3695,0.986693,0.293847,0.424362,0.00511162
3696,0.986693,0.293847,0.424362,0.00511162
3697,0.986693,0.293847,0.424362,0.00511162
3698,0.987846,0.282658,0.475838,0.00640261
3699,0.989507,0.318824,0.475416,0.00538778
3700,0.989964,0.338106,0.446251,0.00316551
3701,0.989964,0.338106,0.446251,0.00316551
3702,0.989275,0.331144,0.443395,0.00198812
3703,0.987953,0.308273,0.458854,0.00234927
3704,0.987953,0.308273,0.458854,0.00234927
3705,0.986015,0.304844,0.530446,0.003983
3706,0.990953,0.294184,0.462862,0.00394203
3707,0.987845,0.325027,0.483286,0.00239661
3708,0.985422,0.318769,0.464307,0.00190524
3709,0.987614,0.386271,0.325212,0.00168715
3710,0.985685,0.473568,0.380213,0.00324685
3711,0.989288,0.375867,0.474749,0.00929038
3712,0.992717,0.34388,0.466298,0.00409605
3713,0.995504,0.389256,0.432075,0.0033439
3714,0.990121,0.398212,0.453543,0.00236236
3715,0.987461,0.346395,0.541703,0.00277537
3716,0.989891,0.331385,0.493127,0.00432633
3717,0.989335,0.357237,0.497176,0.00219932
3718,0.989718,0.395823,0.45904,0.00347711
3719,0.989718,0.395823,0.45904,0.00347711
3720,0.989718,0.395823,0.45904,0.00347711
3721,0.98786,0.406096,0.525666,0.0047686
3722,0.98786,0.406096,0.525666,0.0047686
3723,0.98786,0.406096,0.525666,0.0047686
3724,0.992096,0.445514,0.523273,0.00539473
3725,0.992096,0.445514,0.523273,0.00539473
3726,0.992971,0.470499,0.527061,0.00491594
3727,0.992971,0.470499,0.527061,0.00491594
3728,0.992971,0.470499,0.527061,0.00491594
3729,0.992971,0.470499,0.527061,0.00491594
3730,0.992971,0.470499,0.527061,0.00491594
3731,0.990092,0.434701,0.432434,0.00323371
3732,0.98852,0.462587,0.415333,0.0060876
3733,0.984624,0.419727,0.424418,0.00373981
3734,0.986971,0.433533,0.399516,0.00258204
3735,0.986971,0.433533,0.399516,0.00258204
3736,0.989204,0.429318,0.46238,0.00204828
3737,0.98825,0.411719,0.545661,0.00568515
3738,0.98825,0.411719,0.545661,0.00568515
3739,0.988232,0.35965,0.518857,0.00518327
3740,0.984349,0.362293,0.403688,0.00215485
3741,0.981393,0.418369,0.448993,0.00451788
3742,0.981393,0.418369,0.448993,0.00451788
3743,0.981094,0.410428,0.469767,0.00579179
3744,0.978882,0.388199,0.420896,0.00454204
3745,0.978882,0.388199,0.420896,0.00454204
3746,0.980385,0.360224,0.403769,0.00329849
3747,0.980385,0.360224,0.403769,0.00329849
3748,0.98103,0.34237,0.412238,0.00483676
3749,0.98356,0.355583,0.394652,0.00277217
3750,0.98356,0.355583,0.394652,0.00277217
3751,0.987522,0.386795,0.449353,0.00212704
3752,0.985992,0.301279,0.461253,0.00162406
3753,0.986993,0.329283,0.51121,0.00345695
3754,0.986993,0.329283,0.51121,0.00345695
3755,0.986993,0.329283,0.51121,0.00345695
3756,0.984431,0.31173,0.478132,0.00215137
3757,0.984431,0.31173,0.478132,0.00215137
3758,0.98819,0.270311,0.335928,0.00113266
3759,0.98819,0.270311,0.335928,0.00113266
3760,0.985823,0.280136,0.385951,0.00828212
3761,0.985823,0.280136,0.385951,0.00828212
3762,0.99138,0.272196,0.476175,0.00449729
3763,0.99138,0.272196,0.476175,0.00449729
3764,0.99138,0.272196,0.476175,0.00449729
3765,0.985328,0.257411,0.47162,0.00471399
3766,0.979904,0.211789,0.478751,0.00257697
3767,0.983233,0.246738,0.480138,0.00179479
3768,0.983039,0.255422,0.487313,0.00445687
3769,0.9819,0.219972,0.401428,0.00329932
3770,0.981741,0.235561,0.375143,0.0116302
3771,0.980686,0.227778,0.415309,0.00400708
3772,0.980686,0.227778,0.415309,0.00400708
3773,0.978931,0.241839,0.387324,0.000508227
3774,0.978931,0.241839,0.387324,0.000508227
3775,0.982149,0.217265,0.491139,0.0039759
3776,0.984434,0.294446,0.51417,0.00209626
3777,0.988483,0.219012,0.443818,0.00479897
3778,0.996814,0.228426,0.401542,0.00108385
3779,0.99509,0.186961,0.43614,0.000592458
3780,1.00169,0.212883,0.377589,0.00223702
3781,1.00169,0.212883,0.377589,0.00223702
3782,1.00097,0.287527,0.436231,0.00230961
3783,1.00111,0.231238,0.440441,0.00370975
3784,1.00111,0.231238,0.440441,0.00370975
3785,1.00111,0.231238,0.440441,0.00370975
3786,1.00111,0.231238,0.440441,0.00370975
3787,0.998393,0.236848,0.491469,0.00360966
3788,0.998393,0.236848,0.491469,0.00360966
3789,0.994351,0.267224,0.454276,0.00258773
3790,0.994351,0.267224,0.454276,0.00258773
3791,0.991744,0.252458,0.51411,0.00638566
3792,0.992812,0.271975,0.505583,0.0014856
3793,0.995749,0.237691,0.530123,0.00291196
3794,0.995749,0.237691,0.530123,0.00291196
3795,0.995749,0.237691,0.530123,0.00291196
3796,0.995749,0.237691,0.530123,0.00291196
3797,0.994452,0.264375,0.462651,0.00333451
3798,0.994452,0.264375,0.462651,0.00333451
3799,0.997594,0.261008,0.470764,0.00299663
3800,0.992285,0.25455,0.504952,0.00414565
3801,0.988598,0.233295,0.463862,0.00497807
3802,0.988598,0.233295,0.463862,0.00497807
3803,0.98795,0.233171,0.362371,0.00465573
3804,0.98795,0.233171,0.362371,0.00465573
3805,0.989609,0.212082,0.467316,0.00536774
3806,0.989745,0.254455,0.429415,0.00290284
3807,0.987436,0.238426,0.422597,0.00214861
3808,0.989927,0.247245,0.394371,0.00247886
3809,0.98677,0.242719,0.305346,0.00173236
3810,0.98677,0.242719,0.305346,0.00173236
3811,0.984678,0.254211,0.253832,0.00602659
3812,0.984678,0.254211,0.253832,0.00602659
3813,0.983408,0.261736,0.347352,0.00323439
3814,0.984013,0.261553,0.262961,0.00261251
3815,0.984823,0.216729,0.310485,0.0037146
3816,0.985248,0.183557,0.407498,0.00218114
3817,0.988208,0.199918,0.394853,0.000220525
3818,0.988208,0.199918,0.394853,0.000220525
3819,0.988208,0.199918,0.394853,0.000220525
3820,0.988208,0.199918,0.394853,0.000220525
3821,0.988208,0.199918,0.394853,0.000220525
3822,0.988208,0.199918,0.394853,0.000220525
3823,0.988208,0.199918,0.394853,0.000220525
3824,0.988208,0.199918,0.394853,0.000220525
3825,0.98637,0.184488,0.322075,0.00399824
3826,0.988108,0.214365,0.381393,0.00436276
3827,0.990199,0.202051,0.33101,0.00541499
3828,0.987261,0.203541,0.275727,0.00641202
3829,0.98617,0.288517,0.268574,0.0020966
3830,0.984538,0.252959,0.296868,0.00315751
3831,0.985135,0.244917,0.25249,0.00412466
3832,0.988831,0.23443,0.27151,0.00299184
3833,0.988831,0.23443,0.27151,0.00299184
3834,0.990568,0.209786,0.219288,0.00299147
3835,0.987024,0.22809,0.197891,0.00418605
3836,0.987024,0.22809,0.197891,0.00418605
3837,0.985941,0.246812,0.180555,0.0012489
3838,0.989058,0.267718,0.209156,0.00491627
3839,0.989058,0.267718,0.209156,0.00491627
3840,0.987703,0.283048,0.182883,0.00443041
3841,0.987208,0.289261,0.146543,0.00409025
3842,0.987208,0.289261,0.146543,0.00409025
3843,0.983165,0.34635,0.106781,0.00421586
3844,0.983165,0.34635,0.106781,0.00421586
3845,0.982185,0.334801,0.084308,0.00538415
3846,0.982185,0.334801,0.084308,0.00538415
3847,0.982185,0.334801,0.084308,0.00538415
3848,0.982185,0.334801,0.084308,0.00538415
3849,0.982185,0.334801,0.084308,0.00538415
3850,0.982185,0.334801,0.084308,0.00538415
3851,0.978906,0.332873,0.0920561,0.00444565
3852,0.97979,0.260612,0.105996,0.00701356
3853,0.97979,0.260612,0.105996,0.00701356
3854,0.97979,0.260612,0.105996,0.00701356
3855,0.979728,0.303289,0.171853,0.00757506
3856,0.982563,0.299256,0.161096,0.00760961
3857,0.982742,0.301794,0.184276,0.00328055
3858,0.984928,0.332114,0.263186,0.00622231
3859,0.985986,0.290777,0.24432,0.00357093
3860,0.985986,0.290777,0.24432,0.00357093
3861,0.985986,0.290777,0.24432,0.00357093
3862,0.985161,0.381108,0.188717,0.00406604
3863,0.985161,0.381108,0.188717,0.00406604
3864,0.986056,0.415337,0.213739,0.00661132
3865,0.986056,0.415337,0.213739,0.00661132
3866,0.986056,0.415337,0.213739,0.00661132
3867,0.98657,0.380875,0.233492,0.00408949
3868,0.991938,0.378506,0.278996,0.00553553
3869,0.991938,0.378506,0.278996,0.00553553
3870,0.992017,0.398953,0.229726,0.00263038
3871,0.992017,0.398953,0.229726,0.00263038
3872,0.990826,0.512323,0.215991,0.00269277
3873,0.990826,0.512323,0.215991,0.00269277
3874,0.990914,0.459114,0.296128,0.00395774
3875,0.99116,0.459526,0.259575,0.0047785
3876,0.992308,0.374032,0.23482,0.00364121
3877,0.992308,0.374032,0.23482,0.00364121
3878,0.993414,0.34262,0.249164,0.00351543
3879,0.993414,0.34262,0.249164,0.00351543
3880,0.995991,0.353384,0.17236,0.00186264
3881,0.991616,0.353744,0.2123,0.00339221
3882,0.996227,0.369827,0.22067,0.00431426
3883,0.994347,0.293792,0.206138,0.00398011
3884,0.994954,0.331369,0.242649,0.00507144
3885,0.992988,0.287239,0.253271,0.00324202
3886,0.989342,0.300289,0.241508,0.00266671
3887,0.980764,0.33943,0.252307,0.00186963
3888,0.982423,0.274266,0.24552,0.0040165
3889,0.982423,0.274266,0.24552,0.0040165
3890,0.981556,0.277964,0.204857,0.00378374
3891,0.979503,0.249613,0.227067,0.00579917
3892,0.980073,0.185326,0.205333,0.00132387
3893,0.978709,0.19343,0.216488,0.00488073
3894,0.979556,0.228547,0.207041,0.00140372
3895,0.979556,0.228547,0.207041,0.00140372
3896,0.983313,0.196413,0.263832,0.003135
3897,0.983313,0.196413,0.263832,0.003135
3898,0.990821,0.170053,0.249933,0.00555382
3899,0.992951,0.192151,0.241123,0.00332966
3900,0.993026,0.159039,0.284272,0.0039055
3901,0.990051,0.169367,0.276283,0.00362035
3902,0.991284,0.130456,0.284651,0.00285585
3903,0.987569,0.15683,0.247823,0.00349275
3904,0.98696,0.149135,0.235095,0.00457306
3905,0.98696,0.149135,0.235095,0.00457306
3906,0.98696,0.149135,0.235095,0.00457306
3907,0.985927,0.193679,0.225399,0.0017746
3908,0.981457,0.152073,0.203222,0.00358247
3909,0.981457,0.152073,0.203222,0.00358247
3910,0.985801,0.15433,0.267341,0.00448611
3911,0.987877,0.13981,0.224564,0.00640753
3912,0.986479,0.0864828,0.192251,0.00356744
3913,0.981516,0.198251,0.241216,0.000531291
3914,0.981516,0.198251,0.241216,0.000531291
3915,0.983429,0.173579,0.311558,0.00224683
3916,0.984878,0.188839,0.324913,0.00219597
3917,0.989994,0.21479,0.313096,0.00360638
3918,0.993222,0.152396,0.267561,0.00338548
3919,0.994541,0.150692,0.291237,0.0048745
3920,0.99222,0.144086,0.301446,0.00130318
3921,0.990684,0.136513,0.327917,0.00298113
3922,0.992443,0.135946,0.303535,0.00127561
3923,0.992443,0.135946,0.303535,0.00127561
3924,0.992443,0.135946,0.303535,0.00127561
3925,0.991029,0.161358,0.32658,0.0016047
3926,0.994591,0.161534,0.320641,0.0033773
3927,0.991994,0.231144,0.313892,0.00539368
3928,0.991994,0.231144,0.313892,0.00539368
3929,0.993464,0.238605,0.279254,0.00622953
3930,0.995833,0.185092,0.244931,0.00249801
3931,0.995833,0.185092,0.244931,0.00249801
3932,0.995833,0.185092,0.244931,0.00249801
3933,0.995833,0.185092,0.244931,0.00249801
3934,0.995833,0.185092,0.244931,0.00249801
3935,0.996739,0.265742,0.2692,0.00333118
3936,0.999045,0.296762,0.265774,0.00439142
3937,0.998746,0.267274,0.291764,0.00694082
3938,0.995262,0.195536,0.263059,0.00596273
3939,0.991017,0.222931,0.268115,0.00355986
3940,0.991017,0.222931,0.268115,0.00355986
3941,0.991017,0.222931,0.268115,0.00355986
3942,0.994106,0.238614,0.247134,0.00398294
3943,0.994106,0.238614,0.247134,0.00398294
3944,0.992583,0.200697,0.239437,0.000621206
3945,0.990992,0.167366,0.350386,0.00261511
3946,0.992099,0.186945,0.2144,0.0038258
3947,0.992099,0.186945,0.2144,0.0038258
3948,0.996677,0.179081,0.201327,0.00245321
3949,0.991755,0.244034,0.155054,0.00677785
3950,0.9925,0.292754,0.137597,0.00230649
3951,0.9925,0.292754,0.137597,0.0023065
3952,0.9925,0.292754,0.137597,0.0023065
3953,0.989164,0.292996,0.203022,0.00508653
3954,0.989679,0.265419,0.177719,0.00309997
3955,0.992758,0.240537,0.200467,0.00562078
3956,0.992758,0.240537,0.200467,0.00562078
3957,0.992758,0.240537,0.200467,0.00562078
3958,0.994376,0.190945,0.140784,0.00203056
3959,0.994376,0.190945,0.140784,0.00203056
3960,0.994977,0.202817,0.156755,0.00152655
3961,0.990715,0.205964,0.212647,0.00105227
3962,0.98685,0.165121,0.16751,0.00154627
3963,0.98685,0.165121,0.16751,0.00154627
3964,0.988855,0.188189,0.156086,0.00338742
3965,0.990556,0.229531,0.164745,0.00344356
3966,0.987998,0.228982,0.209082,0.00302182
3967,0.990131,0.24922,0.173356,0.00171682
3968,0.989723,0.24509,0.185258,0.00429068
3969,0.986724,0.23532,0.145914,0.00402457
3970,0.986724,0.23532,0.145914,0.00402457
3971,0.986724,0.23532,0.145914,0.00402457
3972,0.986724,0.23532,0.145914,0.00402457
3973,0.983439,0.223265,0.16933,0.00393059
3974,0.983439,0.223265,0.16933,0.00393059
3975,0.982259,0.258376,0.106659,0.00174999
3976,0.982259,0.258376,0.106659,0.00174999
3977,0.982259,0.258376,0.106659,0.00174999
3978,0.982084,0.256327,0.106097,0.00340622
3979,0.982084,0.256327,0.106097,0.00340622
3980,0.983277,0.210927,0.0598194,0.00265196
3981,0.983277,0.210927,0.0598194,0.00265196
3982,0.977158,0.132437,0.181941,0.00207538
3983,0.977158,0.132437,0.181941,0.00207538
3984,0.976146,0.16843,0.101576,0.00335626
3985,0.976146,0.16843,0.101576,0.00335626
3986,0.977533,0.279558,0.14648,0.00539125
3987,0.977533,0.279558,0.14648,0.00539125
3988,0.98061,0.223654,0.132767,0.00395942
3989,0.97896,0.272308,0.182966,0.00335564
3990,0.97865,0.245188,0.145895,0.00239974
3991,0.97865,0.245188,0.145895,0.00239974
3992,0.980396,0.216221,0.127665,0.0037086
3993,0.980396,0.216221,0.127665,0.0037086
3994,0.983897,0.187314,0.069076,0.00252108
3995,0.98476,0.257437,0.0617775,0.00613781
3996,0.98476,0.257437,0.0617775,0.00613781
3997,0.98419,0.244589,0.075049,0.00204786
3998,0.98419,0.244589,0.075049,0.00204786
3999,0.984261,0.277326,0.0514227,0.00913437
4000,0.984261,0.277326,0.0514227,0.00913437
4001,0.984261,0.277326,0.0514227,0.00913437
4002,0.985392,0.248653,0.0422545,0.00791526
4003,0.985392,0.248653,0.0422545,0.00791526
4004,0.985392,0.248653,0.0422545,0.00791526
4005,0.986159,0.277034,0.073757,0.00318507
4006,0.986159,0.277034,0.073757,0.00318507
4007,0.986159,0.277034,0.073757,0.00318507
4008,0.986159,0.277034,0.073757,0.00318507
4009,0.983,0.307087,0.0690988,0.00343534
4010,0.983,0.307087,0.0690988,0.00343534
4011,0.982359,0.293311,0.0817188,0.00294736
4012,0.982359,0.293311,0.0817188,0.00294736
4013,0.979173,0.309439,0.127033,0.00250951
4014,0.979173,0.309439,0.127033,0.00250951
4015,0.979173,0.309439,0.127033,0.00250951
4016,0.979173,0.309439,0.127033,0.00250951
4017,0.979884,0.322271,0.113008,0.00166083
4018,0.979884,0.322271,0.113008,0.00166083
4019,0.980303,0.345669,0.0812594,0.00303882
4020,0.979633,0.339833,0.0663963,0.00183728
4021,0.978451,0.342863,0.047678,0.00120695
4022,0.980289,0.322076,0.0944367,0.00412286
4023,0.980289,0.322076,0.0944367,0.00412286
4024,0.981608,0.380808,0.133179,0.0102755
4025,0.981608,0.380808,0.133179,0.0102755
4026,0.981697,0.353822,0.107755,0.00793961
4027,0.981228,0.308233,0.141089,0.00521741
4028,0.980499,0.346374,0.0641535,0.00600909
4029,0.977373,0.249279,0.0889291,0.000972312
4030,0.978721,0.212824,0.0784508,0.00362994
4031,0.978721,0.212824,0.0784508,0.00362994
4032,0.97833,0.175632,0.0873587,0.00121876
4033,0.979845,0.140501,0.104548,0.00280433
4034,0.978849,0.211178,0.0233022,0.00548642
4035,0.981048,0.157096,0.066704,0.00578932
4036,0.981048,0.157096,0.066704,0.00578932
4037,0.983903,0.202651,0.0130999,0.00260386
4038,0.988182,0.250468,0.0865375,0.00515933
4039,0.988182,0.250468,0.0865375,0.00515933
4040,0.988182,0.250468,0.0865375,0.00515933
4041,0.98843,0.208419,0.0512392,0.00234339
4042,0.98843,0.208419,0.0512392,0.00234339
4043,0.986821,0.18614,0.137495,0.00623415
4044,0.989977,0.153106,0.141054,0.00252089
4045,0.987059,0.125878,0.0839091,0.00347234
4046,0.986575,0.191301,0.0834333,0.00177977
4047,0.98273,0.104015,0.0699423,0.00256438
4048,0.98273,0.104015,0.0699423,0.00256438
4049,0.98273,0.104015,0.0699423,0.00256438
4050,0.98273,0.104015,0.0699423,0.00256438
4051,0.983219,0.133142,0.0842919,0.00212639
4052,0.983198,0.185342,0.137551,0.00267854
4053,0.988118,0.245025,0.154414,0.00351837
4054,0.988118,0.245025,0.154414,0.00351837
4055,0.983003,0.222654,0.120025,0.00786895
4056,0.981541,0.197547,0.107228,0.00701547
4057,0.983157,0.186215,0.137988,0.00456887
4058,0.979743,0.15934,0.144188,0.00564749
4059,0.983708,0.179433,0.100209,0.00331163
4060,0.988006,0.27765,0.0710877,0.0068898
4061,0.988006,0.27765,0.0710877,0.0068898
4062,0.986423,0.283512,0.0870711,0.00426733
4063,0.986423,0.283512,0.0870711,0.00426733
4064,0.985638,0.350879,0.184474,0.00385915
4065,0.985638,0.350879,0.184474,0.00385915
4066,0.983966,0.4021,0.247485,0.00197922
4067,0.983966,0.4021,0.247485,0.00197922
4068,0.981669,0.390289,0.270484,0.00216762
4069,0.981669,0.390289,0.270484,0.00216762
4070,0.979102,0.344748,0.279379,0.00383823
4071,0.979102,0.344748,0.279379,0.00383823
4072,0.977254,0.42363,0.257588,0.00716493
4073,0.977883,0.307124,0.301959,0.000725085
4074,0.979338,0.346571,0.32187,0.00453932
4075,0.978705,0.404731,0.260806,0.00244767
4076,0.978705,0.404731,0.260806,0.00244767
4077,0.979745,0.410185,0.238973,0.00264189
4078,0.979745,0.410185,0.238973,0.00264189
4079,0.979745,0.410185,0.238973,0.00264189
4080,0.980465,0.437276,0.202558,0.00212017
4081,0.980465,0.437276,0.202558,0.00212017
4082,0.980465,0.437276,0.202558,0.00212017
4083,0.980465,0.437276,0.202558,0.00212017
4084,0.982763,0.434572,0.155876,0.00135911
4085,0.983427,0.356362,0.189737,0.00351769
4086,0.988824,0.36307,0.210218,0.000904912
4087,0.993349,0.350303,0.261958,0.00312248
4088,0.993349,0.350303,0.261958,0.00312248
4089,0.993349,0.350303,0.261958,0.00312248
4090,0.991551,0.29034,0.245829,0.000980137
4091,0.990401,0.341915,0.158778,0.00503138
4092,0.989532,0.36436,0.142801,0.00464486
4093,0.989532,0.36436,0.142801,0.00464486
4094,0.987365,0.377933,0.183491,0.00460034
4095,0.988467,0.342976,0.202032,0.00421519
4096,0.988467,0.342976,0.202032,0.00421519
4097,0.988467,0.342976,0.202032,0.00421519
4098,0.989098,0.388617,0.196274,0.00292518
4099,0.989098,0.388617,0.196274,0.00292518
4100,0.989098,0.388617,0.196274,0.00292518
4101,0.989098,0.388617,0.196274,0.00292518
4102,0.986941,0.366827,0.22395,0.00252877
4103,0.985051,0.356285,0.227776,0.00423438
4104,0.987213,0.363256,0.194132,0.00763079
4105,0.991344,0.415451,0.210743,0.00488616
4106,0.991344,0.415451,0.210743,0.00488616
4107,0.991344,0.415451,0.210743,0.00488616
4108,0.991344,0.415451,0.210743,0.00488616
4109,0.990409,0.321413,0.183818,0.00493476
4110,0.990409,0.321413,0.183818,0.00493476
4111,0.986919,0.349525,0.205748,0.00732701
4112,0.983567,0.375672,0.216143,0.00684038
4113,0.98198,0.346631,0.223434,0.00165608
4114,0.984179,0.331508,0.21719,0.00622539
4115,0.982435,0.395502,0.213971,0.00437834
4116,0.982469,0.360138,0.15836,0.00253658
4117,0.982469,0.360138,0.15836,0.00253658
4118,0.980512,0.320965,0.257167,0.00460807
4119,0.980832,0.356871,0.207934,0.00585216
4120,0.985997,0.408237,0.224018,0.00219672
4121,0.984011,0.468801,0.200779,0.00288965
4122,0.98464,0.452444,0.273298,0.00412739
4123,0.983115,0.392878,0.289507,0.00239772
4124,0.983115,0.392878,0.289507,0.00239772
4125,0.982193,0.442284,0.327951,0.00431863
4126,0.983248,0.384251,0.369119,0.002059
4127,0.986873,0.401954,0.414432,0.00482201
4128,0.983522,0.3449,0.398846,0.00299614
4129,0.980702,0.359487,0.455324,0.0051325
4130,0.980702,0.359487,0.455324,0.0051325
4131,0.98443,0.46069,0.4049,0.00290777
4132,0.980532,0.475899,0.33983,0.0034567
4133,0.980532,0.475899,0.33983,0.0034567
4134,0.980532,0.475899,0.33983,0.0034567
4135,0.983917,0.449733,0.277366,0.00209316
4136,0.985798,0.522739,0.210038,0.0029561
4137,0.982441,0.551827,0.274066,0.0068739
4138,0.982441,0.551827,0.274066,0.0068739
4139,0.984324,0.507018,0.308081,0.00522303
4140,0.984218,0.563248,0.308093,0.00130441
4141,0.983832,0.586081,0.364528,0.00589415
4142,0.982434,0.652453,0.342419,0.00796412
4143,0.981539,0.522974,0.331655,0.00626568
4144,0.98545,0.49333,0.322235,0.00196793
4145,0.98545,0.49333,0.322235,0.00196793
4146,0.983018,0.532267,0.34222,0.00241519
4147,0.980701,0.457079,0.404352,0.00313975
4148,0.980701,0.457079,0.404352,0.00313975
4149,0.983397,0.494877,0.384748,0.00260398
4150,0.983397,0.494877,0.384748,0.00260398
4151,0.981449,0.419626,0.380765,0.001444
4152,0.982288,0.418811,0.427291,0.00444365
4153,0.979019,0.416103,0.410666,0.00239724
4154,0.979855,0.359375,0.435683,0.00402403
4155,0.981378,0.383935,0.386816,0.00393452
4156,0.981378,0.383935,0.386816,0.00393452
4157,0.981378,0.383935,0.386816,0.00393452
4158,0.981378,0.383935,0.386816,0.00393452
4159,0.981378,0.383935,0.386816,0.00393452
4160,0.983279,0.398098,0.426381,0.00573545
4161,0.983279,0.398098,0.426381,0.00573545
4162,0.983279,0.398098,0.426381,0.00573545
4163,0.98064,0.417763,0.409596,0.00423358
4164,0.98064,0.417763,0.409596,0.00423358
4165,0.983053,0.389239,0.303738,0.00390653
4166,0.983053,0.389239,0.303738,0.00390653
4167,0.985133,0.403671,0.357719,0.00248778
4168,0.985153,0.467488,0.365139,0.00849705
4169,0.986226,0.528947,0.325942,0.00476924
4170,0.980576,0.550294,0.337371,0.0030257
4171,0.980576,0.550294,0.337371,0.0030257
4172,0.982372,0.51175,0.367106,0.000354374
4173,0.986484,0.519251,0.304317,0.00150873
4174,0.986484,0.519251,0.304317,0.00150873
4175,0.986484,0.519251,0.304317,0.00150873
4176,0.988856,0.541473,0.407569,0.00473435
4177,0.988856,0.541473,0.407569,0.00473435
4178,0.990804,0.597756,0.335882,0.0018892
4179,0.98891,0.557159,0.338305,0.00424366
4180,0.987222,0.588626,0.375985,0.00302499
4181,0.989875,0.634898,0.380774,0.00182549
4182,0.991323,0.60278,0.470779,0.00208465
4183,0.991323,0.60278,0.470779,0.00208465
4184,0.987106,0.61406,0.453523,0.00462403
4185,0.987106,0.61406,0.453523,0.00462403
4186,0.987106,0.61406,0.453523,0.00462403
4187,0.987106,0.61406,0.453523,0.00462403
4188,0.986594,0.637652,0.394738,0.006686
4189,0.988253,0.59653,0.382521,0.00431687
4190,0.987931,0.600403,0.380862,0.00491291
4191,0.987931,0.600403,0.380862,0.00491291
4192,0.987377,0.533082,0.419469,0.000746105
4193,0.985646,0.480587,0.447698,0.00235906
4194,0.983352,0.430509,0.418061,0.00332814
4195,0.983352,0.430509,0.418061,0.00332814
4196,0.975729,0.391222,0.435111,0.000812783
4197,0.980481,0.396143,0.446311,0.00159312
4198,0.980295,0.387289,0.497324,0.00510085
4199,0.980295,0.387289,0.497324,0.00510085
4200,0.977801,0.331591,0.471756,0.00444292
4201,0.977801,0.331591,0.471756,0.00444292
4202,0.97752,0.322815,0.430723,0.00324845
4203,0.982646,0.365901,0.388285,0.00417211
4204,0.982646,0.365901,0.388285,0.00417211
4205,0.987802,0.34927,0.3409,0.0021337
4206,0.987568,0.352897,0.387708,0.000910548
4207,0.98601,0.335029,0.403919,0.00466683
4208,0.985921,0.294749,0.379257,0.00399946
4209,0.98473,0.333244,0.34161,0.00459576
4210,0.98473,0.333244,0.34161,0.00459576
4211,0.984918,0.287279,0.329142,0.00143858
4212,0.984918,0.287279,0.329142,0.00143858
4213,0.981475,0.219775,0.280994,0.00217519
4214,0.979992,0.257935,0.310702,0.00577902
4215,0.981241,0.218565,0.297041,0.00305327
4216,0.985049,0.248733,0.291203,0.00294965
4217,0.982603,0.316218,0.270987,0.00267103
4218,0.982603,0.316218,0.270987,0.00267103
4219,0.982103,0.318789,0.338507,0.00140604
4220,0.982103,0.318789,0.338507,0.00140604
4221,0.982103,0.318789,0.338507,0.00140604
4222,0.981374,0.305845,0.361523,0.00110641
4223,0.980932,0.240773,0.290495,0.00781514
4224,0.980932,0.240773,0.290495,0.00781514
4225,0.982986,0.262482,0.305901,0.00242168
4226,0.982986,0.262482,0.305901,0.00242168
4227,0.980479,0.214444,0.317772,0.00583698
4228,0.980479,0.214444,0.317772,0.00583698
4229,0.980479,0.214444,0.317772,0.00583698
4230,0.980479,0.214444,0.317772,0.00583698
4231,0.980479,0.214444,0.317772,0.00583698
4232,0.977728,0.331674,0.323065,0.00313156
4233,0.977728,0.331674,0.323065,0.00313156
4234,0.975346,0.368291,0.37215,0.00254176
4235,0.983669,0.313326,0.395149,0.00500239
4236,0.983432,0.324007,0.433119,0.00687848
4237,0.980133,0.324835,0.450222,0.00579591
4238,0.984091,0.350788,0.564432,0.00132508
4239,0.986184,0.259256,0.51202,0.00348079
4240,0.986184,0.259256,0.51202,0.00348079
4241,0.986184,0.259256,0.51202,0.00348079
4242,0.986184,0.259256,0.51202,0.00348079
4243,0.987387,0.277135,0.522193,0.00359343
4244,0.989003,0.383406,0.487681,0.00426989
4245,0.992421,0.314491,0.493817,0.00292181
4246,0.988666,0.35797,0.461651,0.00234218
4247,0.988666,0.35797,0.461651,0.00234218
4248,0.991136,0.410015,0.404015,0.00411638
4249,0.990811,0.348988,0.433506,0.00346723
4250,0.990811,0.348988,0.433506,0.00346723
4251,0.989568,0.347105,0.521924,0.0086809
4252,0.987143,0.331542,0.522604,0.00211394
4253,0.984021,0.348803,0.489255,0.00474469
4254,0.986149,0.263968,0.482204,0.000940979
4255,0.986992,0.310593,0.53679,0.00402231
4256,0.986992,0.310593,0.53679,0.00402231
4257,0.984988,0.302371,0.496906,0.000794833
4258,0.984988,0.302371,0.496906,0.000794833
4259,0.984988,0.302371,0.496906,0.000794833
4260,0.984988,0.302371,0.496906,0.000794833
4261,0.984988,0.302371,0.496906,0.000794833
4262,0.98192,0.322052,0.511824,0.00405406
4263,0.98192,0.322052,0.511824,0.00405406
4264,0.982031,0.307996,0.464146,0.00173388
4265,0.982031,0.307996,0.464146,0.00173388
4266,0.982031,0.307996,0.464146,0.00173388
4267,0.983152,0.394451,0.416701,0.0015528
4268,0.984328,0.40845,0.401075,0.00537146
4269,0.984198,0.377622,0.417458,0.00198823
4270,0.987025,0.41457,0.445948,0.00124923
4271,0.986256,0.392797,0.541522,0.00314572
4272,0.985014,0.413107,0.456904,0.00318905
4273,0.985014,0.413107,0.456904,0.00318905
4274,0.985014,0.413107,0.456904,0.00318905
4275,0.985014,0.413107,0.456904,0.00318905
4276,0.986906,0.3104,0.424195,0.00460154
4277,0.98755,0.306921,0.505363,0.000740434
4278,0.98755,0.306921,0.505363,0.000740434
4279,0.991243,0.413606,0.469851,0.00423714
4280,0.989749,0.527322,0.509252,0.00714126
4281,0.989749,0.527322,0.509252,0.00714126
4282,0.989749,0.527322,0.509252,0.00714126
4283,0.99089,0.431848,0.570784,0.00360445
4284,0.99089,0.431848,0.570784,0.00360445
4285,0.99089,0.431848,0.570784,0.00360445
4286,0.99089,0.431848,0.570784,0.00360445
4287,0.990315,0.427347,0.576215,0.00188343
4288,0.990315,0.427347,0.576215,0.00188343
4289,0.991135,0.450522,0.578758,0.00248502
4290,0.993787,0.539725,0.550815,0.00191812
4291,0.993787,0.539725,0.550815,0.00191812
4292,0.993787,0.539725,0.550815,0.00191812
4293,0.992355,0.39957,0.525691,0.00429173
4294,0.992748,0.464029,0.475322,0.00315124
4295,0.991671,0.469085,0.49659,0.00403426
4296,0.992983,0.508167,0.414715,0.0025111
4297,0.992369,0.470169,0.331866,0.00254857
4298,0.995446,0.436224,0.365561,0.000774474
4299,0.995446,0.436224,0.365561,0.000774474
4300,0.995446,0.436224,0.365561,0.000774474
4301,0.994485,0.38611,0.377181,0.00306666
4302,0.991961,0.359201,0.438557,0.00371188
4303,0.991961,0.359201,0.438557,0.00371188
4304,0.993991,0.381227,0.458877,0.00193434
4305,0.993746,0.377373,0.482293,0.00471502
4306,0.993348,0.340419,0.435622,0.00537941
4307,0.994248,0.358366,0.495667,0.00270796
4308,0.994248,0.358366,0.495667,0.00270796
4309,0.992382,0.438539,0.472465,0.000920121
4310,0.993204,0.35322,0.425117,0.00606443
4311,0.993204,0.35322,0.425117,0.00606443
4312,0.99356,0.392799,0.536544,0.00110261
4313,0.998782,0.479914,0.566064,0.00467996
4314,0.998782,0.479914,0.566064,0.00467996
4315,0.998782,0.479914,0.566064,0.00467996
4316,0.998496,0.491722,0.593981,0.00330502
4317,0.999282,0.557173,0.515083,0.00225676
4318,1.00135,0.573843,0.595081,0.00417178
4319,1.00135,0.573843,0.595081,0.00417178
4320,1.00411,0.555497,0.577995,0.000319351
4321,1.0044,0.43195,0.512115,0.00172045
4322,1.0044,0.43195,0.512115,0.00172045
4323,1.00239,0.531413,0.550482,0.00240172
4324,0.99692,0.507401,0.594099,0.00150404
4325,0.997346,0.5629,0.570967,0.00551088
4326,0.993444,0.551926,0.456826,0.000994613
4327,0.988366,0.509627,0.531347,0.0048988
4328,0.988366,0.509627,0.531347,0.0048988
4329,0.988366,0.509627,0.531347,0.0048988
4330,0.988366,0.509627,0.531347,0.0048988
4331,0.98883,0.440261,0.487529,0.00229759
4332,0.990348,0.459975,0.463658,0.00255437
4333,0.988788,0.47528,0.601125,0.00238171
4334,0.990179,0.482152,0.645745,0.0066417
4335,0.990179,0.482152,0.645745,0.0066417
4336,0.989489,0.478899,0.581303,0.00302033
4337,0.989474,0.506135,0.574808,0.00239113
4338,0.990104,0.443545,0.552049,0.00299088
4339,0.993939,0.488795,0.542253,0.000736943
4340,0.995854,0.554445,0.497561,0.00314023
4341,0.995278,0.463542,0.474311,0.0019302
4342,0.995278,0.463542,0.474311,0.0019302
4343,0.995278,0.463542,0.474311,0.0019302
4344,0.992677,0.482862,0.475571,0.000944679
4345,0.991369,0.496606,0.459377,0.00727345
4346,0.99448,0.530362,0.3818,0.00248675
4347,0.993118,0.400397,0.372641,0.00778332
4348,0.992488,0.425214,0.465677,0.00292758
4349,0.994406,0.43167,0.446007,0.00201632
4350,0.994812,0.346684,0.461137,0.00333122
4351,0.995075,0.334159,0.456979,0.000775034
4352,0.995075,0.334159,0.456979,0.000775034
4353,0.986586,0.341526,0.479079,0.00164866
4354,0.9882,0.284789,0.432851,0.00146818
4355,0.985545,0.297191,0.484288,0.00224618
4356,0.985091,0.437973,0.385451,0.00193459
4357,0.983324,0.358392,0.411971,0.00288593
4358,0.983324,0.358392,0.411971,0.00288593
4359,0.990496,0.3614,0.499159,0.00492292
4360,0.990496,0.3614,0.499159,0.00492292
4361,0.990873,0.436331,0.47643,0.00557091
4362,0.994102,0.438933,0.343133,0.00210161
4363,0.991563,0.402477,0.3858,0.00261791
4364,0.991563,0.402477,0.3858,0.00261791
4365,0.991563,0.402477,0.3858,0.00261791
4366,0.991563,0.402477,0.3858,0.00261791
4367,0.990044,0.508843,0.302924,0.00558918
4368,0.990044,0.508843,0.302924,0.00558918
4369,0.988934,0.515613,0.441831,0.00330604
4370,0.989361,0.571482,0.338733,0.00666288
4371,0.988118,0.425689,0.462012,0.00229552
4372,0.992001,0.410617,0.430085,0.00284983
4373,0.992001,0.410617,0.430085,0.00284983
4374,0.989483,0.404576,0.43461,0.00591817
4375,0.989483,0.404576,0.43461,0.00591817
4376,0.985842,0.480626,0.469381,0.00226034
4377,0.985534,0.511687,0.442231,0.00817964
4378,0.984314,0.477587,0.505447,0.00249326
4379,0.984314,0.477587,0.505447,0.00249326
4380,0.984314,0.477587,0.505447,0.00249326
4381,0.984891,0.541624,0.466764,0.00227832
4382,0.987956,0.577338,0.566025,0.00430298
4383,0.987956,0.577338,0.566025,0.00430298
4384,0.990987,0.428585,0.495789,0.00325592
4385,0.992826,0.568264,0.481392,0.00108744
4386,0.987157,0.585377,0.527369,0.00785594
4387,0.988068,0.582318,0.510614,0.0043691
4388,0.988068,0.582318,0.510614,0.0043691
4389,0.987279,0.561176,0.516875,0.00363704
4390,0.985636,0.509576,0.532072,0.0012498
4391,0.985636,0.509576,0.532072,0.0012498
4392,0.985636,0.509576,0.532072,0.0012498
4393,0.985636,0.509576,0.532072,0.0012498
4394,0.984026,0.435853,0.609323,0.00308107
4395,0.986591,0.436182,0.516967,0.00539631
4396,0.986307,0.427437,0.494723,0.00311217
4397,0.986307,0.427437,0.494723,0.00311217
4398,0.991076,0.439013,0.466084,0.00375103
4399,0.991076,0.439013,0.466084,0.00375103
4400,0.986744,0.473185,0.430619,0.00311194
4401,0.987485,0.395983,0.512835,0.00369757
4402,0.987485,0.395983,0.512835,0.00369757
4403,0.988923,0.435434,0.474344,0.00471812
4404,0.988923,0.435434,0.474344,0.00471812
4405,0.989781,0.53399,0.462452,0.00515922
4406,0.98582,0.402417,0.437404,0.00213821
4407,0.986935,0.401631,0.482929,0.00429555
4408,0.983479,0.373053,0.403973,0.00241281
4409,0.98163,0.431097,0.416006,0.00157138
4410,0.981172,0.34205,0.413703,0.00694965
4411,0.981172,0.34205,0.413703,0.00694965
4412,0.98252,0.39308,0.424226,0.00216694
4413,0.987178,0.403948,0.44064,0.00411051
4414,0.988607,0.40114,0.550189,0.0033932
4415,0.988607,0.40114,0.550189,0.0033932
4416,0.986947,0.397418,0.714763,0.00420903
4417,0.986947,0.397418,0.714763,0.00420903
4418,0.990777,0.335547,0.762908,0.00701773
4419,0.990777,0.335547,0.762908,0.00701773
4420,0.987049,0.402077,0.60642,0.00172179
4421,0.986255,0.351641,0.575166,0.00360868
4422,0.982679,0.34749,0.570398,0.00633125
4423,0.986366,0.249211,0.554685,0.00141673
4424,0.981521,0.261574,0.543413,0.00392819
4425,0.981521,0.261574,0.543413,0.00392819
4426,0.981521,0.261574,0.543413,0.00392819
4427,0.981521,0.261574,0.543413,0.00392819
4428,0.984312,0.28956,0.563342,0.00379747
4429,0.984312,0.28956,0.563342,0.00379747
4430,0.981111,0.300676,0.591121,0.00146745
4431,0.981111,0.300676,0.591121,0.00146745
4432,0.981111,0.300676,0.591121,0.00146745
4433,0.978847,0.24616,0.613233,0.00484501
4434,0.980778,0.372411,0.550575,0.00402753
4435,0.980778,0.372411,0.550575,0.00402753
4436,0.983526,0.405481,0.604393,0.00505551
4437,0.983526,0.405481,0.604393,0.00505551
4438,0.988548,0.368169,0.538176,0.0015368
4439,0.98776,0.35685,0.491005,0.00268454
4440,0.988604,0.342528,0.441449,0.00430978
4441,0.988604,0.342528,0.441449,0.00430978
4442,0.989524,0.376897,0.453448,0.0021469
4443,0.989524,0.376897,0.453448,0.0021469
4444,0.989524,0.376897,0.453448,0.0021469
4445,0.989524,0.376897,0.453448,0.0021469
4446,0.985889,0.280216,0.336472,0.00526937
4447,0.985889,0.280216,0.336472,0.00526937
4448,0.985889,0.280216,0.336472,0.00526937
4449,0.985114,0.294719,0.354607,0.0020457
4450,0.98659,0.317721,0.314978,0.00341553
4451,0.984184,0.332919,0.313106,0.00633261
4452,0.983925,0.351797,0.306201,0.00357763
4453,0.981164,0.217912,0.273941,0.00185916
4454,0.981164,0.217912,0.273941,0.00185916
4455,0.983061,0.308725,0.409788,0.00592604
4456,0.986507,0.303382,0.376536,0.00580196
4457,0.983496,0.319587,0.291049,0.00726576
4458,0.987216,0.300801,0.291217,0.00475638
4459,0.989394,0.260517,0.291053,0.00588516
4460,0.989394,0.260517,0.291053,0.00588516
4461,0.98699,0.323649,0.300502,0.00826413
4462,0.987245,0.397359,0.287981,0.00116479
4463,0.992608,0.375766,0.321915,0.000859211
4464,0.992855,0.346268,0.26208,0.00235684
4465,0.993106,0.342968,0.310251,0.00567472
4466,0.993218,0.360727,0.294183,0.00507046
4467,0.992811,0.361956,0.344558,0.00299818
4468,0.992811,0.361956,0.344558,0.00299818
4469,0.995859,0.472163,0.380888,0.00253154
4470,0.995622,0.416189,0.37838,0.00375961
4471,0.995622,0.416189,0.37838,0.00375961
4472,0.996042,0.360341,0.335286,0.00442365
4473,0.998357,0.372911,0.378671,0.00319144
4474,0.998357,0.372911,0.378671,0.00319144
4475,0.993777,0.343969,0.416572,0.00379542
4476,0.993777,0.343969,0.416572,0.00379542
4477,0.998181,0.454993,0.287163,0.00149037
4478,0.998181,0.454993,0.287163,0.00149037
4479,0.996504,0.46544,0.28572,0.00684466
4480,0.996504,0.46544,0.28572,0.00684466
4481,0.996504,0.46544,0.28572,0.00684466
4482,0.996978,0.385152,0.323615,0.00466377
4483,0.999268,0.378617,0.280276,0.00111748
4484,0.999268,0.378617,0.280276,0.00111748
4485,0.994024,0.399575,0.298092,0.00715426
4486,0.992905,0.450977,0.339443,0.00627744
4487,0.992905,0.450977,0.339443,0.00627744
4488,0.995361,0.360998,0.372339,0.00305422
4489,0.992166,0.485325,0.356352,0.00297111
4490,0.992166,0.485325,0.356352,0.00297111
4491,0.989199,0.410775,0.33329,0.00378822
4492,0.987205,0.414773,0.36393,0.00420494
4493,0.987205,0.414773,0.36393,0.00420494
4494,0.987443,0.463182,0.399168,0.00173615
4495,0.987418,0.458061,0.383156,0.00596981
4496,0.987447,0.461948,0.413782,0.00216329
4497,0.987424,0.392368,0.484077,0.0014889
4498,0.987424,0.392368,0.484077,0.0014889
4499,0.984404,0.379433,0.509908,0.00226038
4500,0.984404,0.379433,0.509908,0.00226038
4501,0.984404,0.379433,0.509908,0.00226038
4502,0.985114,0.392902,0.443223,0.000384034
4503,0.985964,0.429647,0.420311,0.00528766
4504,0.985964,0.429647,0.420311,0.00528766
4505,0.983214,0.481712,0.384416,0.00483973
4506,0.983214,0.481712,0.384416,0.00483973
4507,0.983214,0.481712,0.384416,0.00483973
4508,0.983214,0.481712,0.384416,0.00483973
4509,0.983214,0.481712,0.384416,0.00483973
4510,0.98333,0.473176,0.4072,0.00316327
4511,0.983861,0.440198,0.410306,0.0056664
4512,0.984885,0.483376,0.378664,0.0050417
4513,0.982658,0.487965,0.337711,0.003852
4514,0.986155,0.518717,0.266076,0.00758878
4515,0.986907,0.495989,0.154716,0.00318219
4516,0.986907,0.495989,0.154716,0.00318219
4517,0.986907,0.495989,0.154716,0.00318219
4518,0.986907,0.495989,0.154716,0.00318219
4519,0.986907,0.495989,0.154716,0.00318219
4520,0.983609,0.506573,0.201404,0.00231372
4521,0.985935,0.546421,0.305515,0.00284109
4522,0.985935,0.546421,0.305515,0.00284109
4523,0.984414,0.535991,0.321456,0.000771685
4524,0.981142,0.552747,0.360031,0.00453086
4525,0.980801,0.534532,0.259016,0.00161225
4526,0.980801,0.534532,0.259016,0.00161225
4527,0.983063,0.602607,0.331533,0.00224778
4528,0.982244,0.469785,0.322231,0.0024889
4529,0.987986,0.520953,0.340928,0.00374104
4530,0.987182,0.511638,0.366499,0.00351934
4531,0.987182,0.511638,0.366499,0.00351934
4532,0.987182,0.511638,0.366499,0.00351934
4533,0.986622,0.51025,0.424245,0.00375893
4534,0.986622,0.51025,0.424245,0.00375893
4535,0.9853,0.478009,0.391347,0.00101798
4536,0.9853,0.478009,0.391347,0.00101798
4537,0.986139,0.488934,0.349693,0.0044223
4538,0.985557,0.381705,0.320045,0.00615456
4539,0.985557,0.381705,0.320045,0.00615456
4540,0.985557,0.381705,0.320045,0.00615456
4541,0.985557,0.381705,0.320045,0.00615456
4542,0.981621,0.388149,0.279534,0.00196289
4543,0.981621,0.388149,0.279534,0.00196289
4544,0.983254,0.376727,0.330066,0.00308363
4545,0.984282,0.365304,0.26097,0.00290337
4546,0.984282,0.365304,0.26097,0.00290337
4547,0.984282,0.365304,0.26097,0.00290337
4548,0.98276,0.359018,0.31124,0.0033773
4549,0.98276,0.359018,0.31124,0.0033773
4550,0.984137,0.372179,0.379609,0.00269793
4551,0.986202,0.345308,0.307922,0.00310872
4552,0.984897,0.358842,0.27314,0.00354176
4553,0.984897,0.358842,0.27314,0.00354176
4554,0.984897,0.358842,0.27314,0.00354176
4555,0.984897,0.358842,0.27314,0.00354176
4556,0.987312,0.316104,0.310717,0.00261521
4557,0.988508,0.340929,0.28629,0.00272071
4558,0.988508,0.340929,0.28629,0.00272071
4559,0.988508,0.340929,0.28629,0.00272071
4560,0.988334,0.287504,0.306591,0.00102037
4561,0.98878,0.244131,0.296124,0.00615129
4562,0.987128,0.242078,0.297872,0.00573926
4563,0.987128,0.242078,0.297872,0.00573926
4564,0.987128,0.242078,0.297872,0.00573926
4565,0.982914,0.322509,0.335444,0.000709528
4566,0.982313,0.412336,0.17729,0.00193642
4567,0.978421,0.5296,0.230177,0.00218439
4568,0.976855,0.503595,0.238297,0.00249975
4569,0.97769,0.446702,0.250598,0.00262005
4570,0.97769,0.446702,0.250598,0.00262005
4571,0.97769,0.446702,0.250598,0.00262005
4572,0.975417,0.540997,0.240763,0.00348344
4573,0.981778,0.547724,0.334295,0.00578627
4574,0.984519,0.529414,0.276637,0.00189186
4575,0.98783,0.481802,0.349965,0.00424186
4576,0.98783,0.481802,0.349965,0.00424186
4577,0.98783,0.481802,0.349965,0.00424186
4578,0.98783,0.481802,0.349965,0.00424186
4579,0.98783,0.481802,0.349965,0.00424186
4580,0.98783,0.481802,0.349965,0.00424186
4581,0.987706,0.499756,0.361846,0.00509302
4582,0.987706,0.499756,0.361846,0.00509302
4583,0.991619,0.503678,0.396317,0.00390794
4584,0.989519,0.557413,0.395474,0.000376642
4585,0.988292,0.546566,0.369277,0.0033365
4586,0.988063,0.638307,0.34088,0.00257659
4587,0.991044,0.536233,0.274583,0.00338731
4588,0.991044,0.536233,0.274583,0.00338731
4589,0.991044,0.536233,0.274583,0.00338731
4590,0.991044,0.536233,0.274583,0.00338731
4591,0.986837,0.590508,0.230284,0.00143842
4592,0.988348,0.636324,0.247305,0.00201623
4593,0.984646,0.544855,0.236268,0.00563014
4594,0.984646,0.544855,0.236268,0.00563014
4595,0.984646,0.544855,0.236268,0.00563014
4596,0.984099,0.596159,0.306731,0.00500855
4597,0.98902,0.534708,0.269183,0.00204548
4598,0.98953,0.513361,0.260379,0.00305197
4599,0.98953,0.513361,0.260379,0.00305197
4600,0.98953,0.513361,0.260379,0.00305197
4601,0.986924,0.607484,0.230896,0.00101142
4602,0.985038,0.596499,0.226,0.00153752
4603,0.986148,0.657733,0.267824,0.00430741
4604,0.986148,0.657733,0.267824,0.00430741
4605,0.981799,0.616978,0.268571,0.00164819
4606,0.981799,0.616978,0.268571,0.00164819
4607,0.98004,0.513879,0.277505,0.000579883
4608,0.978078,0.48675,0.332365,0.00276608
4609,0.978078,0.48675,0.332365,0.00276608
4610,0.979243,0.50557,0.358774,0.00334654
4611,0.979368,0.529074,0.347822,0.00324644
4612,0.980463,0.476809,0.361616,0.00222774
4613,0.984663,0.427646,0.375432,0.00548578
4614,0.988553,0.465195,0.378556,0.00266838
4615,0.988326,0.403141,0.35778,0.00280175
4616,0.988326,0.403141,0.35778,0.00280175
4617,0.991147,0.480619,0.425968,0.000343408
4618,0.987903,0.46044,0.354192,0.00234287
4619,0.984713,0.440931,0.337039,0.00230959
4620,0.984155,0.418642,0.357683,0.00347973
4621,0.984877,0.431672,0.33381,0.00730325
4622,0.984079,0.326348,0.321836,0.0048312
4623,0.984079,0.326348,0.321836,0.0048312
4624,0.984079,0.326348,0.321836,0.0048312
4625,0.985257,0.324924,0.297258,0.00586905
4626,0.984438,0.317002,0.267366,0.00380427
4627,0.985831,0.362509,0.31239,0.0046527
4628,0.988084,0.385117,0.312449,0.00997512
4629,0.988084,0.385117,0.312449,0.00997512
4630,0.987552,0.37325,0.277884,0.00188516
4631,0.987552,0.37325,0.277884,0.00188516
4632,0.988228,0.336213,0.34593,0.00164165
4633,0.988228,0.336213,0.34593,0.00164165
4634,0.993381,0.355089,0.349373,0.00249889
4635,0.997101,0.395475,0.329067,0.00545666
4636,0.997294,0.314797,0.28616,0.00340505
4637,0.997294,0.314797,0.28616,0.00340505
4638,0.994767,0.296175,0.314583,0.00414905
4639,0.994282,0.24431,0.338711,0.00607958
4640,0.994282,0.24431,0.338711,0.00607958
4641,0.992518,0.264538,0.363374,0.00450152
4642,0.989897,0.251898,0.389926,0.00382057
4643,0.989897,0.251898,0.389926,0.00382057
4644,0.991931,0.260034,0.387433,0.00870968
4645,0.994353,0.277351,0.467846,0.00555991
4646,0.991364,0.353837,0.46826,0.00112377
4647,0.98828,0.320153,0.470107,0.00568343
4648,0.98828,0.320153,0.470107,0.00568343
4649,0.989227,0.322333,0.410757,0.00405163
4650,0.989227,0.322333,0.410757,0.00405163
4651,0.989303,0.303674,0.422593,0.00190492
4652,0.984023,0.344959,0.423544,0.00485498
4653,0.984023,0.344959,0.423544,0.00485498
4654,0.984208,0.306401,0.313942,0.00517404
4655,0.984208,0.306401,0.313942,0.00517404
4656,0.984208,0.306401,0.313942,0.00517404
4657,0.983584,0.334984,0.390559,0.00743946
4658,0.987885,0.334834,0.382728,0.00194942
4659,0.99158,0.320797,0.395029,0.00190939
4660,0.99158,0.320797,0.395029,0.00190939
4661,0.99158,0.320797,0.395029,0.00190939
4662,0.99158,0.320797,0.395029,0.00190939
4663,0.995534,0.265496,0.435568,0.0012574
4664,0.995534,0.265496,0.435568,0.0012574
4665,0.995534,0.265496,0.435568,0.0012574
4666,0.993769,0.258532,0.475965,0.00264925
4667,0.988,0.301526,0.504273,0.00338508
4668,0.988,0.301526,0.504273,0.00338508
4669,0.988,0.301526,0.504273,0.00338508
4670,0.987096,0.372721,0.520834,0.00393018
4671,0.990738,0.338387,0.572042,0.00179747
4672,0.990738,0.338387,0.572042,0.00179747
4673,0.989242,0.35999,0.555497,0.00181504
4674,0.989242,0.35999,0.555497,0.00181504
4675,0.988208,0.340953,0.534753,0.00197083
4676,0.982242,0.331598,0.587263,0.00298136
4677,0.984094,0.324332,0.495804,0.00917445
4678,0.980262,0.297023,0.489731,0.00531951
4679,0.982891,0.294456,0.553013,0.00234055
4680,0.982891,0.294456,0.553013,0.00234055
4681,0.980976,0.32128,0.571846,0.00181935
4682,0.980976,0.32128,0.571846,0.00181935
4683,0.976544,0.300501,0.475587,0.00341312
4684,0.980264,0.267646,0.471517,0.0037174
4685,0.982242,0.256685,0.434736,0.0041921
4686,0.982242,0.256685,0.434736,0.0041921
4687,0.982242,0.256685,0.434736,0.0041921
4688,0.979169,0.293766,0.428078,0.00349343
4689,0.979169,0.293766,0.428078,0.00349343
4690,0.978813,0.277195,0.425828,0.0057753
4691,0.977022,0.285975,0.420506,0.00395613
4692,0.971912,0.301523,0.459238,0.00339128
4693,0.970698,0.298791,0.464809,0.00495633
4694,0.970698,0.298791,0.464809,0.00495633
4695,0.970698,0.298791,0.464809,0.00495633
4696,0.970698,0.298791,0.464809,0.00495633
4697,0.974967,0.378187,0.535317,0.00420678
4698,0.97676,0.349566,0.500969,0.00091762
4699,0.984597,0.33041,0.525326,0.00158328
4700,0.982435,0.327408,0.412453,0.00516183
4701,0.980992,0.33747,0.471491,0.00218624
4702,0.983106,0.329248,0.386862,0.00533508
4703,0.983106,0.329248,0.386862,0.00533508
4704,0.979109,0.28802,0.426868,0.00291721
4705,0.981436,0.267226,0.36706,0.00175059
4706,0.981436,0.267226,0.36706,0.00175059
4707,0.983145,0.34651,0.379339,0.00350413
4708,0.983145,0.34651,0.379339,0.00350413
4709,0.986432,0.343,0.356943,0.00311539
4710,0.986299,0.353285,0.320878,0.00208409
4711,0.986299,0.353285,0.320878,0.00208409
4712,0.98384,0.266535,0.315777,0.00572467
4713,0.98384,0.266535,0.315777,0.00572467
4714,0.987041,0.291322,0.326949,0.00316887
4715,0.987121,0.313495,0.266376,0.00246412
4716,0.987121,0.313495,0.266376,0.00246412
4717,0.987175,0.295869,0.312107,0.00254124
4718,0.987648,0.348124,0.280243,0.00106479
4719,0.987648,0.348124,0.280243,0.00106479
4720,0.987749,0.419308,0.296851,0.00370167
4721,0.989368,0.418184,0.370463,0.00486335
4722,0.985139,0.399973,0.31572,0.00390029
4723,0.981535,0.43412,0.308071,0.00215606
4724,0.981535,0.43412,0.308071,0.00215606
4725,0.984385,0.432328,0.288967,0.00543859
4726,0.985866,0.376472,0.25394,0.00495815
4727,0.985866,0.376472,0.25394,0.00495815
4728,0.985866,0.376472,0.25394,0.00495815
4729,0.985866,0.376472,0.25394,0.00495815
4730,0.986333,0.357741,0.260847,0.00185235
4731,0.986333,0.357741,0.260847,0.00185235
4732,0.983639,0.375659,0.249365,0.00314535
4733,0.980036,0.360205,0.285958,0.00407528
4734,0.980036,0.360205,0.285958,0.00407528
4735,0.979404,0.334879,0.289741,0.00242781
4736,0.979404,0.334879,0.289741,0.00242781
4737,0.979404,0.334879,0.289741,0.00242781
4738,0.982649,0.345696,0.293943,0.00187922
4739,0.982649,0.345696,0.293943,0.00187922
4740,0.98385,0.382343,0.321028,0.00134585
4741,0.983714,0.377557,0.341587,0.00243764
4742,0.985673,0.350407,0.276694,0.00530708
4743,0.987176,0.394184,0.321933,0.00294444
4744,0.988247,0.337272,0.287023,0.00258936
4745,0.982851,0.442079,0.321876,0.00153505
4746,0.983102,0.393085,0.23185,0.00509802
4747,0.980486,0.333855,0.294622,0.00353814
4748,0.980486,0.333855,0.294622,0.00353814
4749,0.978246,0.360534,0.314557,0.00393224
4750,0.978246,0.360534,0.314557,0.00393224
4751,0.980365,0.380702,0.304349,0.00183632
4752,0.980365,0.380702,0.304349,0.00183632
4753,0.984021,0.369438,0.317959,0.00555634
4754,0.984273,0.382667,0.259061,0.00600331
4755,0.980912,0.394021,0.264565,0.00398558
4756,0.980912,0.394021,0.264565,0.00398558
4757,0.980912,0.394021,0.264565,0.00398558
4758,0.980912,0.394021,0.264565,0.00398558
4759,0.980912,0.394021,0.264565,0.00398558
4760,0.980912,0.394021,0.264565,0.00398558
4761,0.98526,0.407482,0.285985,0.00144233
4762,0.984595,0.417743,0.29013,0.00378608
4763,0.985508,0.444813,0.298205,0.0019335
4764,0.983587,0.415288,0.339854,0.00213584
4765,0.982637,0.319539,0.269101,0.00301009
4766,0.984763,0.368894,0.304027,0.00247989
4767,0.987554,0.323103,0.329194,0.003977
4768,0.985523,0.318336,0.30588,0.00244557
4769,0.985477,0.451452,0.326675,0.00621834
4770,0.985477,0.451452,0.326675,0.00621834
4771,0.987626,0.446247,0.383994,0.00212614
4772,0.987626,0.446247,0.383994,0.00212614
4773,0.987626,0.446247,0.383994,0.00212614
4774,0.987626,0.446247,0.383994,0.00212614
4775,0.988179,0.407996,0.345363,0.00135843
4776,0.993917,0.417117,0.331394,0.00263991
4777,0.993917,0.417117,0.331394,0.00263991
4778,0.993917,0.417117,0.331394,0.00263991
4779,0.990604,0.441783,0.341213,0.00204829
4780,0.990604,0.441783,0.341213,0.00204829
4781,0.990604,0.441783,0.341213,0.00204829
4782,0.990604,0.441783,0.341213,0.00204829
4783,0.992575,0.455648,0.288578,0.00460338
4784,0.992188,0.469178,0.20968,0.0048341
4785,0.992188,0.469178,0.20968,0.0048341
4786,0.992444,0.441313,0.175073,0.00184909
4787,0.987164,0.380762,0.180542,0.00416077
4788,0.987164,0.380762,0.180542,0.00416077
4789,0.988208,0.371316,0.188949,0.00228105
4790,0.988208,0.371316,0.188949,0.00228105
4791,0.988208,0.371316,0.188949,0.00228105
4792,0.988208,0.371316,0.188949,0.00228105
4793,0.988208,0.371316,0.188949,0.00228105
4794,0.988208,0.371316,0.188949,0.00228105
4795,0.992136,0.351696,0.13268,0.00261561
4796,0.9939,0.365436,0.161313,0.00173956
4797,0.9939,0.365436,0.161313,0.00173956
4798,0.9939,0.365436,0.161313,0.00173956
4799,0.9939,0.365436,0.161313,0.00173956
4800,0.9939,0.365436,0.161313,0.00173956
4801,0.9939,0.365436,0.161313,0.00173956
4802,0.994772,0.348393,0.195626,0.0011957
4803,0.994772,0.348393,0.195626,0.0011957
4804,0.99411,0.258202,0.181646,0.0041852
4805,0.996465,0.273358,0.182162,0.00432195
4806,0.99879,0.255698,0.172705,0.00180825
4807,0.99879,0.255698,0.172705,0.00180825
4808,0.998583,0.246709,0.185053,0.00177074
4809,0.9956,0.248778,0.158079,0.00515658
4810,0.9956,0.248778,0.158079,0.00515658
4811,0.995578,0.259831,0.157538,0.000492106
4812,0.992021,0.236667,0.191933,0.00191475
4813,0.9871,0.190245,0.202493,0.00114406
4814,0.9871,0.190245,0.202493,0.00114406
4815,0.979512,0.196099,0.245962,0.00179242
4816,0.981617,0.274193,0.180341,0.00444871
4817,0.982019,0.20654,0.166623,0.00406654
4818,0.982085,0.24036,0.163959,0.00577245
4819,0.984007,0.142312,0.167696,0.00371607
4820,0.985808,0.179334,0.243909,0.00272219
4821,0.985808,0.179334,0.243909,0.00272219
4822,0.985808,0.179334,0.243909,0.00272219
4823,0.982382,0.158276,0.234565,0.00376527
4824,0.982382,0.158276,0.234565,0.00376527
4825,0.982382,0.158276,0.234565,0.00376527
4826,0.984248,0.233423,0.246914,0.00286106
4827,0.980026,0.284645,0.244469,0.00237409
4828,0.980026,0.284645,0.244469,0.00237409
4829,0.980698,0.345439,0.254501,0.00467717
4830,0.978666,0.310554,0.279119,0.00229873
