MDTU,plaq_ss,plaq_st
1,0.928062,1.13006
2,1.12721,1.41512
3,1.11353,1.39625
4,1.12144,1.3981
5,1.12183,1.38612
6,1.12335,1.38118
7,1.12614,1.37272
8,1.12741,1.37082
9,1.12365,1.36265
10,1.11986,1.35978
11,1.11884,1.35458
12,1.11923,1.35188
13,1.11706,1.34626
14,1.11648,1.34638
15,1.11129,1.33702
16,1.10565,1.32961
17,1.09677,1.31507
18,1.09677,1.31507
19,1.10155,1.32296
20,1.09822,1.30898
