ReTr(L),ImTr(L)
0.564605,-0.736993
0.574699,-0.742689
0.585013,-0.736579
0.56655,-0.743939
0.559518,-0.752349
0.56503,-0.746501
0.566096,-0.746174
0.54091,-0.764777
0.545114,-0.75905
0.521719,-0.776646
0.492812,-0.791115
0.496827,-0.788159
0.49991,-0.783523
0.513746,-0.776444
0.513312,-0.773394
0.495591,-0.783034
0.490904,-0.788315
0.490904,-0.788315
0.487865,-0.789308
0.477297,-0.79955
