ReTr(L),ImTr(L)
1.33401,-1.73676
2.52506,-3.28369
2.50258,-3.13645
2.38869,-3.14873
2.25852,-3.03452
2.24539,-2.95067
2.16643,-2.83802
2.03839,-2.87422
2.02165,-2.8035
1.92088,-2.86995
1.77953,-2.87579
1.77671,-2.83387
1.764,-2.76994
1.83549,-2.75323
1.76717,-2.68979
1.67197,-2.69254
1.61259,-2.60318
1.61259,-2.60318
1.62775,-2.6673
1.52966,-2.56787
