MDTU,S_B
1,0.888828
2,1.00364
3,0.995869
4,0.998713
5,0.997159
6,0.997182
7,0.998022
8,0.997957
9,0.997636
10,0.997198
11,0.998142
12,0.998629
13,0.996338
14,0.997963
15,0.999063
16,0.997293
17,0.996177
18,0.996177
19,0.999346
20,0.99705
