MDTU,min_ave,max_ave
1,-0.138543,0.121939
2,-0.079525,0.167698
3,-0.0827858,0.164922
4,-0.0817275,0.166047
5,-0.082879,0.165633
6,-0.0828674,0.165361
7,-0.0837419,0.16524
8,-0.0833397,0.165124
9,-0.0843488,0.163972
10,-0.0863809,0.164127
11,-0.0869864,0.163381
12,-0.0872046,0.163589
13,-0.0881139,0.163083
14,-0.0881951,0.163205
15,-0.0898038,0.161883
16,-0.0912982,0.160862
17,-0.0939107,0.158748
18,-0.0939107,0.158748
19,-0.0928259,0.159985
20,-0.0946856,0.158863
