MDTU,min_width,max_width
1,0.0515315,0.0398128
2,0.0619146,0.047443
3,0.0602757,0.0471241
4,0.058211,0.045803
5,0.0569795,0.043897
6,0.0557181,0.0438359
7,0.055133,0.0429983
8,0.0548843,0.0420725
9,0.0546282,0.0428486
10,0.0547812,0.0427236
11,0.0548728,0.0426739
12,0.0530193,0.0409685
13,0.0518086,0.0399556
14,0.0517915,0.0404772
15,0.0517258,0.0402656
16,0.0514063,0.0396995
17,0.0508897,0.0392551
18,0.0508897,0.0392551
19,0.0508157,0.0396044
20,0.049765,0.0381305
