MDTU,S_F
1,5.06828e-06
2,5.08305e-06
3,5.04029e-06
4,4.98386e-06
5,5.00993e-06
6,4.99352e-06
7,4.97505e-06
8,4.9748e-06
9,4.90681e-06
10,5.06136e-06
11,5.03338e-06
12,5.00965e-06
13,5.04522e-06
14,5.09685e-06
15,5.07912e-06
16,5.14958e-06
17,5.10209e-06
18,5.10209e-06
19,5.02632e-06
20,5.08909e-06
