t,eps_f,eps_g
10,0.00735294,0.000408497
20,0.00735294,0.000408497
