MDTU,|det-1|^2,1-Re(det),Im(det)
1,1.14771e+07,-2189.69,-0.0537126
2,1.04464e+06,-701.981,-0.0469497
3,814842,-631.76,-0.00937474
4,434290,-465.99,-0.0193104
5,265352,-367.465,-0.027204
6,175610,-299.816,-0.0394011
7,128783,-259.567,0.0265017
8,92983.7,-221.442,-0.000509204
9,62311.4,-184.03,-0.0224761
10,44595,-156.363,-0.0173914
11,36915.5,-141.851,-0.00403603
12,28755.9,-125.878,-0.00592077
13,22375.4,-111.737,0.00610836
14,18410.7,-102.015,-0.0125338
15,13803,-88.4052,0.000488706
16,11321,-79.5183,-0.00868983
17,8436.1,-69.7579,0.00419349
18,7164.3,-63.8475,0.00162363
19,6056.87,-59.2936,0.00200683
20,4967.59,-53.684,0.00432847
21,4070.38,-49.0873,0.00642501
22,3476.57,-45.6317,0.00826932
23,2705.77,-40.5955,0.00466365
24,2257.94,-37.1677,-0.00237409
25,2105.86,-35.8084,0.000902044
26,1883.9,-33.7467,7.93363e-05
27,1711.03,-32.1159,-0.000320795
28,1467.7,-29.7623,0.00385869
29,1188.09,-26.8234,-0.00444791
30,1037.96,-24.9038,0.00160381
31,904.394,-23.2486,-0.000377775
32,743.646,-21.0422,0.00139584
33,672.685,-20.2807,-0.00225627
34,655.273,-19.8626,-0.000405378
35,551.906,-18.1674,-0.0016047
36,515.537,-17.5315,0.000540634
37,455.591,-16.4133,-0.00270409
38,396.359,-15.3881,-0.000994145
39,357.979,-14.6132,-0.00161893
40,318.212,-13.8824,-0.000983708
41,291.691,-13.1911,0.000227583
42,272.855,-12.7265,-0.00196914
43,241.009,-11.8879,-0.000543686
44,241.009,-11.8879,-0.000543686
45,216.731,-11.2433,-0.00131656
46,213.391,-11.1501,-0.000306985
47,187.896,-10.6726,-0.00127264
48,173.193,-10.1043,9.71803e-05
49,156.912,-9.7673,-0.000718098
50,142.391,-9.2663,-0.000399212
51,115.06,-8.37929,0.000436843
52,104.084,-8.01265,0.0024371
53,94.6723,-7.68654,-0.00112576
54,88.4677,-7.4194,0.00132201
55,87.0571,-7.33185,-0.000846196
56,75.7119,-6.70297,-0.000404849
57,68.9437,-6.35829,-0.00142376
58,67.282,-6.1838,-0.0010372
59,58.3184,-5.67847,0.000245643
60,54.5618,-5.52753,-0.000216198
61,50.9703,-5.37164,0.000505552
62,46.9073,-5.22507,0.000185952
63,40.1975,-4.83682,0.000565122
64,41.7194,-4.8649,0.00106954
65,38.0501,-4.61529,0.000826585
66,35.5154,-4.44957,-0.000103233
67,33.9275,-4.30794,-6.00009e-06
68,30.1327,-4.09288,-0.000303926
69,26.9986,-3.84441,-0.00096628
70,24.9244,-3.70227,-0.00100353
71,23.8676,-3.55678,8.05585e-05
72,21.7251,-3.41531,-0.000433672
73,19.4688,-3.23823,0.000523829
74,16.4458,-2.99962,0.000781506
75,16.8115,-3.01255,0.000724059
76,15.2859,-2.88974,-9.98594e-05
77,15.2918,-2.85423,0.000529647
78,14.3695,-2.75255,0.000746363
79,12.5589,-2.61364,-0.000154221
80,11.5933,-2.52855,0.000489978
81,10.2638,-2.37257,-0.000642368
82,10.4317,-2.38455,8.70638e-05
83,9.01225,-2.21096,4.1073e-05
84,8.69999,-2.17024,-0.000656611
85,7.91774,-2.12501,-3.18576e-05
86,7.36123,-2.07672,0.000472136
87,7.49239,-2.09291,-5.15289e-05
88,7.05833,-2.01895,6.45791e-05
89,6.29877,-1.88172,0.000466383
90,6.30338,-1.86607,0.000584465
91,5.90203,-1.77449,0.000772854
92,5.81332,-1.75171,0.000177734
93,5.53349,-1.70412,-0.000304039
94,5.04644,-1.62322,0.00045833
95,4.96473,-1.59601,0.000177855
96,4.44609,-1.51135,-0.000206367
97,4.0774,-1.42557,-0.000260241
98,4.42092,-1.49046,0.00036467
99,4.04387,-1.38518,-0.000305193
100,4.11647,-1.39241,0.000326998
101,3.86417,-1.34734,0.000151197
102,3.82555,-1.34092,-1.32285e-05
103,3.26247,-1.22695,-6.90708e-05
104,3.39118,-1.25453,-0.000409989
105,3.25532,-1.23201,-8.00061e-05
106,3.29048,-1.25511,2.39486e-05
107,3.31301,-1.27608,-9.53703e-05
108,2.74197,-1.12734,0.000217572
109,2.56466,-1.06389,0.000175314
110,2.35804,-1.00355,2.10604e-05
111,2.31071,-0.98766,0.000246073
112,2.29536,-0.96124,0.000299664
113,2.29536,-0.96124,0.000299664
114,2.2609,-0.94073,0.000184155
115,2.28746,-0.95236,-0.000145559
116,1.95684,-0.8779,0.000220876
117,2.14508,-0.8909,-0.000109813
118,1.88175,-0.80649,-5.07825e-05
119,1.66141,-0.75315,-0.000184843
120,1.5959,-0.7713,-3.93049e-05
121,1.54672,-0.75614,0.000230092
122,1.63634,-0.75994,8.04267e-05
123,1.53078,-0.71577,3.67253e-05
124,1.62269,-0.71548,-8.84599e-05
125,1.52428,-0.68471,-0.000297897
126,1.37017,-0.63909,-2.50922e-05
127,1.37017,-0.63909,-2.50922e-05
128,1.37017,-0.63909,-2.50922e-05
129,1.29727,-0.62485,4.00925e-05
130,1.32909,-0.61276,0.000433471
131,1.5203,-0.65654,-0.000331098
132,1.5203,-0.65654,-0.000331098
133,1.42217,-0.636,-1.05805e-05
134,1.29682,-0.60566,-0.000119762
135,1.26919,-0.60959,-0.000171925
136,1.19192,-0.57912,-0.000127407
137,1.17295,-0.5635,-5.06121e-05
138,1.1752,-0.54673,0.00010375
139,1.00327,-0.50061,0.000207657
140,1.01869,-0.52146,-0.000514966
141,1.01869,-0.52146,-0.000514966
142,1.01869,-0.52146,-0.000514966
143,1.03228,-0.53852,0.000231019
144,0.949134,-0.50843,0.000182399
145,0.949134,-0.50843,0.000182399
146,0.923953,-0.48906,0.000180659
147,0.989493,-0.52361,-0.00028907
148,0.992544,-0.52714,-0.00028475
149,0.94337,-0.50498,-1.27284e-05
150,0.906494,-0.48322,0.000223694
151,0.94111,-0.50692,7.86916e-05
152,0.94111,-0.50692,7.86916e-05
153,0.980746,-0.50519,5.14693e-05
154,1.01067,-0.51264,6.10655e-05
155,0.902093,-0.46273,-3.85563e-05
156,0.902093,-0.46273,-3.85563e-05
157,0.882326,-0.44415,-3.72762e-05
158,0.865943,-0.40833,0.000228926
159,0.947425,-0.43655,-7.26961e-05
160,0.947425,-0.43655,-7.26961e-05
161,0.832896,-0.37419,-9.90992e-05
162,0.906215,-0.44192,-7.84672e-05
163,0.795592,-0.38727,4.90002e-05
164,0.795592,-0.38727,4.90002e-05
165,0.76044,-0.37869,-0.000300565
166,0.696986,-0.35616,1.89388e-05
167,0.750741,-0.36869,-0.000169607
168,0.698855,-0.3579,-2.28038e-05
169,0.740129,-0.37793,-7.68074e-05
170,0.737853,-0.36946,-0.000195486
171,0.712505,-0.35953,-2.29749e-05
172,0.778538,-0.38868,0.000127598
173,0.672769,-0.34288,0.000110567
174,0.638351,-0.30048,-0.000403433
175,0.621253,-0.31153,9.27634e-05
176,0.666447,-0.33005,-0.000337235
177,0.653229,-0.32306,-0.000211493
178,0.651924,-0.31084,-0.000188257
179,0.654174,-0.29889,-9.91855e-05
180,0.703052,-0.30899,-0.000120566
181,0.703052,-0.30899,-0.000120567
182,0.669198,-0.29458,3.06872e-05
183,0.669198,-0.29458,3.06872e-05
184,0.716979,-0.29323,0.000192051
185,0.582182,-0.2429,-5.14502e-05
186,0.629251,-0.26928,6.28175e-05
187,0.591828,-0.24822,-6.22718e-05
188,0.506999,-0.22942,7.99854e-05
189,0.481284,-0.19318,0.000165089
190,0.506979,-0.18853,1.00132e-05
191,0.494157,-0.16453,-3.9273e-05
192,0.632414,-0.22934,-0.0003825
193,0.576471,-0.20295,-0.000459893
194,0.55623,-0.18987,0.000127635
195,0.521613,-0.17396,-4.93464e-06
196,0.490469,-0.15701,0.000195385
197,0.490469,-0.15701,0.000195385
198,0.557994,-0.17135,0.000175088
199,0.561773,-0.16651,1.86858e-05
200,0.570994,-0.16346,5.43707e-05
201,0.53803,-0.13687,-0.000136908
202,0.474278,-0.08034,-0.000153319
203,0.474278,-0.08034,-0.000153319
204,0.557761,-0.13644,-0.00022299
205,0.557761,-0.13644,-0.00022299
206,0.528146,-0.13037,-0.000121667
207,0.463999,-0.08203,-0.000391042
208,0.471527,-0.09224,-0.000141312
209,0.456764,-0.09839,-0.000263052
210,0.502354,-0.11051,4.12408e-05
211,0.493958,-0.11228,-0.000162665
212,0.493958,-0.11228,-0.000162665
213,0.423,-0.07968,-0.000135086
214,0.437877,-0.09923,-0.000190388
215,0.437877,-0.09923,-0.000190388
216,0.437877,-0.09923,-0.000190388
217,0.447861,-0.09605,0.000210853
218,0.447861,-0.09605,0.000210853
219,0.43531,-0.11483,0.000176707
220,0.452859,-0.12763,-2.73509e-05
221,0.396889,-0.08259,0.000181754
222,0.404347,-0.09076,3.31107e-05
223,0.40343,-0.0985,-0.000174753
224,0.380236,-0.07205,-0.000195815
225,0.380236,-0.07205,-0.000195815
226,0.375801,-0.05678,-0.000318005
227,0.375801,-0.05678,-0.000318005
228,0.407538,-0.07977,-0.000181632
229,0.428003,-0.08347,1.14619e-05
230,0.428003,-0.08347,1.14619e-05
231,0.330007,-0.02666,-2.25111e-05
232,0.36334,-0.02509,-0.000141912
233,0.40172,-0.06787,-0.000124401
234,0.371506,-0.05084,0.000157249
235,0.439047,-0.08674,5.51034e-06
236,0.441582,-0.06765,8.50597e-05
237,0.459604,-0.07767,-0.000222828
238,0.465966,-0.07818,-8.58121e-05
239,0.492482,-0.08953,-4.53195e-05
240,0.492482,-0.08953,-4.53195e-05
241,0.479746,-0.10809,0.000130492
242,0.479746,-0.10809,0.000130492
243,0.458725,-0.11235,0.000251119
244,0.43319,-0.14796,0.000222395
245,0.43319,-0.14796,0.000222395
246,0.43319,-0.14796,0.000222395
247,0.402334,-0.11857,-4.13333e-05
248,0.390211,-0.1345,0.00021294
249,0.428449,-0.11216,0.000100424
250,0.396089,-0.08309,0.000165527
251,0.408132,-0.08619,0.000281043
252,0.386931,-0.10027,0.000582107
253,0.386931,-0.10027,0.000582107
254,0.386931,-0.10027,0.000582107
255,0.386931,-0.10027,0.000582107
256,0.353954,-0.08053,0.00021019
257,0.332546,-0.0701,0.000112682
258,0.317791,-0.06723,3.22429e-07
259,0.317791,-0.06723,3.22429e-07
260,0.310719,-0.03666,5.66055e-06
261,0.337891,-0.04172,0.000171088
262,0.337891,-0.04172,0.000171088
263,0.292259,-0.04404,0.000102137
264,0.297348,-0.04076,-2.85434e-05
265,0.260382,-0.00633,8.38652e-06
266,0.260382,-0.00633,8.38652e-06
267,0.236691,0.036501,2.71673e-05
268,0.236691,0.036501,2.71673e-05
269,0.236691,0.036501,2.71673e-05
270,0.252513,0.042388,0.000200078
271,0.252513,0.042388,0.000200078
272,0.252513,0.042388,0.000200078
273,0.252513,0.042388,0.000200078
274,0.247456,0.020097,0.000186127
275,0.246333,0.045464,-5.75325e-05
276,0.24131,0.035401,5.11698e-05
277,0.223414,0.037018,6.73172e-05
278,0.232341,0.047575,0.000101645
279,0.232341,0.047575,0.000101645
280,0.250232,0.037451,0.00011664
281,0.264064,0.02408,0.000179444
282,0.264064,0.02408,0.000179444
283,0.264064,0.02408,0.000179444
284,0.274306,0.029829,0.000118681
285,0.258697,0.029297,0.00012712
286,0.269765,0.031511,0.000184607
287,0.269765,0.031511,0.000184607
288,0.309152,0.01035,0.0003695
289,0.300122,0.005575,0.0002778
290,0.300122,0.005575,0.0002778
291,0.296277,0.00226,0.000193407
292,0.25254,0.035315,0.000132056
293,0.269617,0.017355,5.89199e-05
294,0.320014,-0.00302,5.38164e-05
295,0.320014,-0.00302,5.38164e-05
296,0.323854,-0.03722,6.20154e-05
297,0.333023,-0.03368,-0.000151936
298,0.333023,-0.03368,-0.000151936
299,0.29003,-0.00224,-4.41034e-05
300,0.27012,0.024692,-0.000322643
301,0.27012,0.024692,-0.000322643
302,0.27012,0.024692,-0.000322643
303,0.249803,0.040078,-5.68694e-05
304,0.278997,0.032656,-6.62624e-05
305,0.25566,0.024436,-3.84717e-05
306,0.25566,0.024436,-3.84717e-05
307,0.265416,0.011517,-4.71202e-05
308,0.265416,0.011517,-4.71202e-05
309,0.274316,-0.0072,2.41371e-05
310,0.274316,-0.0072,2.41371e-05
311,0.254518,-0.00041,3.53488e-05
312,0.261643,-0.03889,6.48572e-05
313,0.261643,-0.03889,6.48572e-05
314,0.255909,-0.03715,2.85192e-05
315,0.257275,-0.00887,1.37319e-05
316,0.241642,0.010182,0.000111445
317,0.231394,0.00756,-0.000199774
318,0.278489,-0.0217,6.44033e-05
319,0.278489,-0.0217,6.44033e-05
320,0.258212,-0.00549,-0.000110795
321,0.264894,-0.02802,-0.000198676
322,0.263103,-0.00165,2.55572e-05
323,0.239263,-0.02437,-7.95294e-05
324,0.239263,-0.02437,-7.95294e-05
325,0.224324,0.004943,6.65961e-05
326,0.224324,0.004943,6.65961e-05
327,0.210893,0.010461,-0.00010652
328,0.24642,-0.01876,-0.000217905
329,0.23632,0.009078,-0.000273541
330,0.249673,0.013945,-3.34798e-05
331,0.249673,0.013945,-3.34798e-05
332,0.249673,0.013945,-3.34798e-05
333,0.249673,0.013945,-3.34798e-05
334,0.249673,0.013945,-3.34798e-05
335,0.252981,-0.01271,-0.00030007
336,0.252981,-0.01271,-0.00030007
337,0.236971,0.004233,-7.00229e-05
338,0.214417,0.037918,-4.80199e-05
339,0.214417,0.037918,-4.80199e-05
340,0.212679,0.020488,-1.58868e-05
341,0.212679,0.020488,-1.58868e-05
342,0.239208,0.023789,-0.000162158
343,0.265839,0.020519,0.000144099
344,0.277091,0.0002,-0.000129627
345,0.277091,0.0002,-0.000129627
346,0.277091,0.0002,-0.000129627
347,0.28828,-0.00954,-8.52775e-05
348,0.291615,0.005231,2.50922e-05
349,0.291615,0.005231,2.50922e-05
350,0.310698,-0.00772,7.37515e-05
351,0.349429,-0.01192,-3.51781e-05
352,0.373449,-0.00887,9.24699e-05
353,0.356712,-0.00423,-0.000205805
354,0.415602,-0.04515,-0.000137868
355,0.415602,-0.04515,-0.000137868
356,0.415602,-0.04515,-0.000137868
357,0.374464,-0.04833,1.32033e-05
358,0.374464,-0.04833,1.32033e-05
359,0.374464,-0.04833,1.32033e-05
360,0.389439,-0.03423,0.000129667
361,0.389439,-0.03423,0.000129667
362,0.442452,-0.06697,0.000150199
363,0.442452,-0.06697,0.000150199
364,0.378053,0.006861,0.000158562
365,0.426093,-0.04003,3.3812e-05
366,0.428749,-0.04789,4.43457e-05
367,0.428749,-0.04789,4.43457e-05
368,0.428749,-0.04789,4.43457e-05
369,0.439182,-0.04,6.76375e-05
370,0.439182,-0.04,6.76375e-05
371,0.405515,-0.04219,-0.000131229
372,0.405515,-0.04219,-0.000131229
373,0.405515,-0.04219,-0.000131229
374,0.405515,-0.04219,-0.000131229
375,0.405515,-0.04219,-0.000131229
376,0.405515,-0.04219,-0.000131229
377,0.405515,-0.04219,-0.000131229
378,0.490031,-0.06747,-0.000217095
379,0.484991,-0.0794,9.60624e-05
380,0.487436,-0.0615,-7.08601e-05
381,0.437802,-0.04503,0.000149999
382,0.478071,-0.0695,0.000254684
383,0.478071,-0.0695,0.000254684
384,0.458193,-0.05337,4.53088e-05
385,0.470105,-0.04247,-0.000245605
386,0.418719,-0.01886,-0.000109744
387,0.440425,-0.02646,-1.50145e-05
388,0.440425,-0.02646,-1.50145e-05
389,0.468754,-0.03991,-7.08724e-05
390,0.468629,-0.05008,0.000132539
391,0.460414,-0.01735,5.22581e-06
392,0.460414,-0.01735,5.22581e-06
393,0.425418,-0.01823,-3.25304e-05
394,0.519286,-0.07884,0.000253588
395,0.499887,-0.06364,0.00026664
396,0.499887,-0.06364,0.00026664
397,0.436282,-0.03157,7.58934e-05
398,0.461771,-0.06246,2.6186e-05
399,0.461771,-0.06246,2.6186e-05
400,0.447855,-0.04796,-4.50306e-05
401,0.400342,-0.03343,-1.8308e-05
402,0.400342,-0.03343,-1.8308e-05
403,0.400342,-0.03343,-1.8308e-05
404,0.332707,0.01184,0.000130153
405,0.332707,0.01184,0.000130153
406,0.347774,0.021085,-0.000117392
407,0.385075,0.000491,-2.26311e-05
408,0.356778,0.009251,-0.000115779
409,0.356778,0.009251,-0.000115779
410,0.375305,-0.00329,-2.5231e-05
411,0.373218,-0.00257,-0.000225369
412,0.373218,-0.00257,-0.000225369
413,0.366386,0.013872,5.76331e-05
414,0.345634,0.022968,-0.000102576
415,0.345634,0.022968,-0.000102576
416,0.345634,0.022968,-0.000102576
417,0.345634,0.022968,-0.000102576
418,0.316705,0.046495,-6.50465e-05
419,0.303506,0.059949,-0.000237174
420,0.303506,0.059949,-0.000237174
421,0.348585,0.033098,-0.000369825
422,0.348585,0.033098,-0.000369825
423,0.320881,0.037522,-0.00011783
424,0.320021,0.052567,-0.000120523
425,0.332537,0.045887,-0.000140797
426,0.347157,0.044948,4.34733e-06
427,0.336027,0.061757,-0.000172403
428,0.336027,0.061757,-0.000172403
429,0.304426,0.05561,-0.000121154
430,0.374066,0.024096,6.6776e-05
431,0.345096,0.046776,7.03598e-05
432,0.345096,0.046776,7.03598e-05
433,0.327708,0.057809,-5.11681e-05
434,0.363304,0.04947,2.75418e-05
435,0.306377,0.076478,0.000206306
436,0.336753,0.04636,3.13704e-05
437,0.362539,0.007471,-7.85832e-05
438,0.313341,0.033064,3.05244e-06
439,0.315508,0.039752,-0.00013139
440,0.281356,0.078493,0.000121592
441,0.272917,0.095368,0.000152049
442,0.26162,0.116923,0.00014748
443,0.283969,0.114353,7.26717e-05
444,0.305943,0.108859,4.2843e-05
445,0.277091,0.118836,-1.30117e-05
446,0.277091,0.118836,-1.30117e-05
447,0.269498,0.130791,3.05007e-05
448,0.26474,0.134658,-3.81981e-05
449,0.260706,0.122225,-0.00026122
450,0.260706,0.122225,-0.00026122
451,0.260706,0.122225,-0.00026122
452,0.289069,0.117711,-0.000165975
453,0.240781,0.151661,-0.00016856
454,0.253519,0.162567,-7.38774e-05
455,0.253519,0.162567,-7.38774e-05
456,0.25534,0.174082,-0.000308059
457,0.254827,0.172995,-0.000178061
458,0.273043,0.179404,-0.000151159
459,0.273043,0.179404,-0.000151159
460,0.278677,0.178483,9.62437e-05
461,0.278677,0.178483,9.62437e-05
462,0.265982,0.192339,-6.35119e-05
463,0.265982,0.192339,-6.35119e-05
464,0.245122,0.205026,-0.00011033
465,0.246206,0.191817,-1.08263e-05
466,0.251512,0.177617,-1.76056e-05
467,0.251512,0.177617,-1.76056e-05
468,0.270294,0.159366,-0.000158228
469,0.275905,0.147209,-0.000119301
470,0.258236,0.159126,-2.316e-05
471,0.270448,0.133267,-9.12469e-05
472,0.267571,0.130667,-1.9452e-05
473,0.259165,0.123813,1.55582e-05
474,0.25376,0.136586,-3.75176e-05
475,0.25376,0.136586,-3.75176e-05
476,0.28077,0.094759,5.36813e-05
477,0.26956,0.116462,-0.00010812
478,0.26956,0.116462,-0.00010812
479,0.26956,0.116462,-0.00010812
480,0.26956,0.116462,-0.00010812
481,0.302848,0.110166,-0.000104897
482,0.326255,0.09771,-0.000150095
483,0.300357,0.099733,-0.000153191
484,0.295078,0.141952,-6.43665e-05
485,0.295078,0.141952,-6.43665e-05
486,0.29067,0.136469,5.53781e-06
487,0.29067,0.136469,5.53781e-06
488,0.283792,0.137411,0.000223309
489,0.273796,0.14658,0.000307765
490,0.273796,0.14658,0.000307765
491,0.283669,0.118774,0.00012021
492,0.271958,0.139637,3.87044e-05
493,0.271958,0.139637,3.87044e-05
494,0.270919,0.169443,-6.71193e-05
495,0.270824,0.149484,6.71422e-05
496,0.238605,0.168753,0.000189324
497,0.238055,0.169782,0.000215829
498,0.238055,0.169782,0.000215829
499,0.233955,0.166704,0.000102023
500,0.233955,0.166704,0.000102023
501,0.256804,0.155535,-2.79263e-05
502,0.259522,0.156892,-2.75452e-06
503,0.264478,0.176678,0.000211382
504,0.266957,0.180773,0.000220157
505,0.253548,0.169812,-0.000140124
506,0.285536,0.168755,5.85659e-05
507,0.248232,0.178502,-9.51176e-05
508,0.270929,0.167554,-3.07608e-06
509,0.270929,0.167554,-3.07608e-06
510,0.270929,0.167554,-3.07608e-06
511,0.270929,0.167554,-3.07611e-06
512,0.286249,0.137402,0.000156803
513,0.286249,0.137402,0.000156803
514,0.27595,0.152169,7.89251e-05
515,0.27595,0.152169,7.89251e-05
516,0.27595,0.152169,7.89251e-05
517,0.273408,0.164898,9.95152e-05
518,0.272237,0.177534,0.000151076
519,0.272071,0.160144,-6.07183e-05
520,0.272071,0.160144,-6.07183e-05
521,0.272071,0.160144,-6.07183e-05
522,0.28727,0.159781,0.000157363
523,0.332342,0.125577,-0.000116314
524,0.336395,0.102955,-0.000311212
525,0.30658,0.127053,-0.000110023
526,0.318512,0.112251,-0.000111482
527,0.318512,0.112251,-0.000111482
528,0.26888,0.151122,0.000152754
529,0.270202,0.149829,0.000140319
530,0.270202,0.149829,0.000140319
531,0.282065,0.163407,-9.94244e-05
532,0.282065,0.163407,-9.94244e-05
533,0.282065,0.163407,-9.94244e-05
534,0.272038,0.145187,5.88739e-05
535,0.258798,0.147724,0.000106761
536,0.247918,0.134008,4.44967e-05
537,0.247918,0.134008,4.44967e-05
538,0.247918,0.134008,4.44967e-05
539,0.279302,0.091895,2.6229e-06
540,0.279302,0.091895,2.6229e-06
541,0.267737,0.096365,-0.000116523
542,0.267737,0.096365,-0.000116523
543,0.253216,0.122608,-0.000152395
544,0.284849,0.131146,-0.000245541
545,0.260867,0.165931,3.62076e-05
546,0.260867,0.165931,3.62076e-05
547,0.274843,0.15728,-0.000131836
548,0.274843,0.15728,-0.000131836
549,0.269928,0.145849,-0.000173224
550,0.267738,0.148621,-0.000123554
551,0.258057,0.155263,9.34998e-05
552,0.303883,0.109743,-0.000100471
553,0.303883,0.109743,-0.000100471
554,0.303883,0.109743,-0.000100471
555,0.303203,0.124101,-0.000197101
556,0.320223,0.104843,-3.29867e-05
557,0.332921,0.092094,-0.00011004
558,0.332921,0.092094,-0.00011004
559,0.332921,0.092094,-0.00011004
560,0.30125,0.114694,7.38542e-05
561,0.30125,0.114694,7.38541e-05
562,0.30125,0.114694,7.38541e-05
563,0.289478,0.130178,8.94557e-05
564,0.284748,0.133066,4.31352e-05
565,0.284748,0.133066,4.31352e-05
566,0.304746,0.112771,-0.000142332
567,0.304746,0.112771,-0.000142332
568,0.307584,0.093254,-0.000171624
569,0.294608,0.11934,-7.1784e-05
570,0.275014,0.113726,-5.60214e-05
571,0.303064,0.072556,6.46432e-05
572,0.315214,0.06135,-7.04113e-06
573,0.305694,0.082447,-4.24582e-05
574,0.299043,0.100055,-1.19224e-05
575,0.297889,0.092885,3.8458e-06
576,0.297889,0.092885,3.8458e-06
577,0.297889,0.092885,3.8458e-06
578,0.283624,0.122401,-3.32175e-05
579,0.29621,0.100713,-1.47234e-05
580,0.302211,0.087984,-0.000100759
581,0.310194,0.122038,-7.13936e-05
582,0.400084,0.070014,8.44941e-05
583,0.400084,0.070014,8.44941e-05
584,0.389957,0.058652,-2.92552e-05
585,0.373419,0.064477,3.40804e-05
586,0.391398,0.030678,0.000223759
587,0.375474,0.041809,-0.000218448
588,0.366818,0.052866,7.75176e-05
589,0.323678,0.059988,8.32101e-05
590,0.300847,0.07418,-9.44816e-05
591,0.300847,0.07418,-9.44816e-05
592,0.304468,0.067459,5.99605e-05
593,0.319029,0.039683,-5.46927e-05
594,0.307339,0.053637,6.60059e-05
595,0.307339,0.053637,6.60059e-05
596,0.307339,0.053637,6.60059e-05
597,0.338749,0.024017,-0.0003393
598,0.301124,0.04487,-9.52386e-05
599,0.396133,0.00461,-0.000199042
600,0.336478,0.029835,0.000135123
601,0.336478,0.029835,0.000135123
602,0.336478,0.029835,0.000135123
603,0.335356,0.055956,-0.000103043
604,0.335356,0.055956,-0.000103043
605,0.340659,0.025215,0.000144069
606,0.340659,0.025215,0.000144069
607,0.311816,0.056827,9.73974e-05
608,0.326563,0.045023,0.000113194
609,0.325809,0.040561,2.08927e-05
610,0.325809,0.040561,2.08927e-05
611,0.29092,0.061585,0.000123189
612,0.296914,0.050396,4.15873e-05
613,0.293918,0.052792,0.000109921
614,0.293918,0.052792,0.000109921
615,0.293918,0.052792,0.000109921
616,0.284775,0.078764,-0.000119544
617,0.284775,0.078764,-0.000119544
618,0.287765,0.0516,-0.000228071
619,0.309049,0.066224,-0.000256048
620,0.309049,0.066224,-0.000256048
621,0.344527,0.034724,-3.57375e-05
622,0.358565,0.030856,4.04854e-05
623,0.386225,0.007735,-5.73776e-05
624,0.386225,0.007735,-5.73776e-05
625,0.405742,-0.00696,-0.000215193
626,0.410683,0.002995,-0.000292552
627,0.38314,0.017485,-8.96647e-05
628,0.38314,0.017485,-8.96647e-05
629,0.38314,0.017485,-8.96647e-05
630,0.369453,0.005483,-7.35665e-05
631,0.359929,0.006751,2.91954e-05
632,0.35654,0.029262,-4.4309e-05
633,0.35654,0.029262,-4.4309e-05
634,0.345714,0.01977,-0.00019486
635,0.345714,0.01977,-0.00019486
636,0.340725,0.049539,-3.06672e-05
637,0.340725,0.049539,-3.06672e-05
638,0.368049,0.038837,7.47724e-05
639,0.356258,0.0356,-1.19641e-05
640,0.356258,0.0356,-1.19641e-05
641,0.356258,0.0356,-1.19641e-05
642,0.35962,0.019082,6.98201e-05
643,0.336764,0.028758,-0.000101636
644,0.353534,0.01689,1.69536e-05
645,0.353534,0.01689,1.69536e-05
646,0.38325,5e-06,-1.0357e-05
647,0.384455,-0.03781,4.34132e-06
648,0.384613,-0.04201,0.00010073
649,0.383808,-0.05478,0.000131643
650,0.383808,-0.05478,0.000131643
651,0.383808,-0.05478,0.000131643
652,0.39902,-0.03731,-0.000189983
653,0.377955,-0.03401,9.11931e-05
654,0.384864,-0.03456,-9.40679e-05
655,0.345339,0.005825,-9.02268e-05
656,0.345339,0.005825,-9.02268e-05
657,0.325073,0.013189,9.67806e-05
658,0.318178,0.025451,0.000116421
659,0.33384,-0.01684,0.000165945
660,0.351927,-0.0245,-0.000127607
661,0.311729,0.006535,-1.07401e-07
662,0.278316,-0.01177,-0.000301339
663,0.276341,-0.01536,-0.000166389
664,0.276341,-0.01536,-0.000166389
665,0.276341,-0.01536,-0.000166389
666,0.309753,-0.01357,8.21788e-05
667,0.288343,0.018269,-0.000180693
668,0.288343,0.018269,-0.000180693
669,0.291945,0.024367,-2.47803e-05
670,0.291945,0.024367,-2.47803e-05
671,0.280928,0.056755,9.15415e-05
672,0.303155,0.055613,1.78583e-05
673,0.305856,0.048815,3.84295e-05
674,0.323391,0.013062,4.73768e-06
675,0.307727,0.037828,-0.000199837
676,0.317507,0.046611,1.92032e-05
677,0.360814,0.008772,-0.000209166
678,0.360814,0.008772,-0.000209166
679,0.360814,0.008772,-0.000209166
680,0.360814,0.008772,-0.000209166
681,0.367666,0.008406,-0.00025567
682,0.376236,0.009871,-0.000151444
683,0.394082,-0.02562,-0.00020826
684,0.367432,0.019052,-0.000120564
685,0.317015,0.060007,-0.000158946
686,0.331593,0.07502,-9.72194e-05
687,0.384432,0.054769,5.23708e-05
688,0.353357,0.0576,1.93125e-05
689,0.366944,0.064523,7.4977e-05
690,0.366944,0.064523,7.4977e-05
691,0.3589,0.076405,-3.24848e-05
692,0.351247,0.07848,5.38127e-05
693,0.351247,0.07848,5.38127e-05
694,0.351247,0.07848,5.38127e-05
695,0.346935,0.085071,6.51831e-05
696,0.377189,0.044817,0.00021538
697,0.355956,0.052956,0.000173701
698,0.355956,0.052956,0.000173701
699,0.353258,0.060829,0.000176647
700,0.353258,0.060829,0.000176647
701,0.35161,0.062453,1.16766e-05
702,0.337409,0.100049,-1.87256e-05
703,0.35514,0.102705,-1.56467e-06
704,0.36716,0.086845,0.000106766
705,0.346784,0.068594,0.000191444
706,0.346784,0.068594,0.000191444
707,0.361456,0.038292,-9.1562e-05
708,0.384345,0.014429,0.000135452
709,0.376375,0.034301,-0.000106297
710,0.376375,0.034301,-0.000106297
711,0.387874,0.026384,1.15324e-07
712,0.347316,0.022858,-3.149e-05
713,0.374413,0.021292,-1.00602e-06
714,0.404143,0.005237,1.1143e-05
715,0.379922,0.020558,0.000114624
716,0.379922,0.020558,0.000114624
717,0.379922,0.020558,0.000114624
718,0.360651,0.033445,-0.000201688
719,0.342735,0.035364,-0.000170748
720,0.310816,0.066273,-7.98443e-05
721,0.343984,0.066992,-0.000324038
722,0.343984,0.066992,-0.000324038
723,0.368243,0.045396,-5.7151e-05
724,0.358213,0.036385,-7.25721e-05
725,0.333746,0.063096,4.13597e-06
726,0.303083,0.067593,6.0283e-05
727,0.303083,0.067593,6.0283e-05
728,0.305703,0.083974,-4.28579e-05
729,0.305703,0.083974,-4.28579e-05
730,0.305703,0.083974,-4.28579e-05
731,0.305703,0.083974,-4.28579e-05
732,0.327759,0.062659,0.000123495
733,0.334927,0.043694,-1.05086e-05
734,0.328669,0.05783,9.35384e-05
735,0.328669,0.05783,9.35384e-05
736,0.328669,0.05783,9.35384e-05
737,0.328669,0.05783,9.35384e-05
738,0.328669,0.05783,9.35384e-05
739,0.321211,0.027119,8.41746e-05
740,0.321211,0.027119,8.41746e-05
741,0.321211,0.027119,8.41746e-05
742,0.28815,0.064332,0.000223449
743,0.281287,0.042362,0.000133317
744,0.285314,0.044669,0.000113172
745,0.282073,0.035512,1.59729e-05
746,0.282073,0.035512,1.59729e-05
747,0.299168,0.014402,0.000127691
748,0.299168,0.014402,0.000127691
749,0.293919,-4e-05,-2.18561e-05
750,0.25082,0.037247,-0.000165784
751,0.250811,0.032161,1.06731e-05
752,0.252884,0.030827,7.2394e-05
753,0.252884,0.030827,7.2394e-05
754,0.268552,0.024618,-5.69163e-06
755,0.268552,0.024618,-5.69163e-06
756,0.268552,0.024618,-5.69163e-06
757,0.268552,0.024618,-5.69163e-06
758,0.270385,0.026632,-1.22973e-05
759,0.270385,0.026632,-1.22973e-05
760,0.306485,0.008866,-0.000153864
761,0.331426,0.00738,-9.44452e-05
762,0.297324,0.02802,-0.000328666
763,0.297324,0.02802,-0.000328666
764,0.283753,0.027706,-0.000112595
765,0.283753,0.027706,-0.000112595
766,0.283753,0.027706,-0.000112595
767,0.349213,-0.02837,-4.24502e-05
768,0.356067,-0.04469,0.000171483
769,0.413371,-0.05728,-0.000190224
770,0.404219,-0.0606,-0.000157225
771,0.46165,-0.05748,4.29901e-05
772,0.407245,-0.0009,-9.72624e-05
773,0.407245,-0.0009,-9.72624e-05
774,0.406757,-0.01375,-0.000219207
775,0.35263,-0.00774,-0.00016811
776,0.367746,-0.02812,-2.44113e-05
777,0.310072,0.0203,2.9672e-05
778,0.310072,0.0203,2.9672e-05
779,0.340805,-0.01026,0.000133299
780,0.305968,0.012505,-0.000189309
781,0.31665,0.018542,2.53811e-05
782,0.307942,0.004327,8.62739e-05
783,0.260468,0.039621,0.000109847
784,0.247724,0.029646,-0.000104878
785,0.247724,0.029646,-0.000104878
786,0.238882,0.013666,-0.000178825
787,0.218125,0.05147,3.33585e-06
788,0.209514,0.099864,-0.00018662
789,0.209514,0.099864,-0.00018662
790,0.218286,0.111887,-0.00015152
791,0.207049,0.119907,-0.00011537
792,0.207049,0.119907,-0.00011537
793,0.205811,0.112001,-6.67972e-06
794,0.221311,0.058766,-0.000117823
795,0.237806,0.051277,3.10558e-05
796,0.207676,0.11031,-2.20744e-05
797,0.215698,0.095414,-2.74367e-05
798,0.215698,0.095414,-2.74367e-05
799,0.215698,0.095414,-2.74367e-05
800,0.211477,0.089768,6.73366e-05
801,0.216298,0.068847,7.31418e-05
802,0.216298,0.068847,7.31418e-05
803,0.233187,0.086113,-8.22505e-05
804,0.217157,0.101219,3.44013e-05
805,0.21531,0.116377,-8.78893e-05
806,0.217868,0.156691,-9.19691e-05
807,0.236323,0.142098,-8.31009e-05
808,0.219575,0.173992,-0.000162478
809,0.219575,0.173992,-0.000162478
810,0.236722,0.186571,-8.78546e-05
811,0.241051,0.18488,-0.000216791
812,0.241051,0.18488,-0.000216791
813,0.207963,0.168799,-1.16412e-05
814,0.218534,0.162299,9.10123e-06
815,0.218534,0.162299,9.10123e-06
816,0.235333,0.108429,-9.60425e-05
817,0.227134,0.121112,3.17984e-05
818,0.227134,0.121112,3.17984e-05
819,0.232835,0.141454,-6.08061e-05
820,0.232835,0.141454,-6.08061e-05
821,0.232835,0.141454,-6.08061e-05
822,0.239787,0.12718,-4.08283e-05
823,0.227143,0.158197,-3.48229e-05
824,0.235561,0.162724,-3.09587e-05
825,0.245989,0.123065,-0.000103689
826,0.228961,0.139406,-1.18664e-05
827,0.257451,0.111852,1.33935e-05
828,0.265727,0.096571,8.40031e-05
829,0.244702,0.097102,7.57391e-05
830,0.226928,0.127525,6.86398e-05
831,0.226928,0.127525,6.86398e-05
832,0.226928,0.127525,6.86398e-05
833,0.2524,0.105384,5.84681e-05
834,0.263741,0.097091,8.60112e-05
835,0.238234,0.124346,-0.000201315
836,0.238234,0.124346,-0.000201315
837,0.263556,0.104748,-0.000109929
838,0.263556,0.104748,-0.000109929
839,0.238392,0.117918,-0.000117334
840,0.269199,0.099022,-0.000154302
841,0.269199,0.099022,-0.000154302
842,0.248959,0.111778,-9.89254e-05
843,0.258707,0.108876,-0.000125545
844,0.262426,0.113332,-9.83751e-05
845,0.250988,0.130417,-4.10165e-05
846,0.265974,0.09279,-8.86183e-05
847,0.273302,0.070578,9.43079e-06
848,0.252314,0.092739,8.3656e-05
849,0.228724,0.110212,5.85385e-05
850,0.228724,0.110212,5.85385e-05
851,0.216666,0.102093,0.000123637
852,0.221078,0.102293,0.000119697
853,0.211695,0.111881,0.000206184
854,0.222684,0.126492,3.93579e-05
855,0.238498,0.134733,0.000134613
856,0.227406,0.135107,-4.69146e-05
857,0.227406,0.135107,-4.69146e-05
858,0.23643,0.134949,-0.000166786
859,0.23643,0.134949,-0.000166786
860,0.23643,0.134949,-0.000166786
861,0.224505,0.137457,0.000146145
862,0.224505,0.137457,0.000146145
863,0.224505,0.137457,0.000146145
864,0.226793,0.135679,5.63839e-05
865,0.228258,0.123887,6.82164e-05
866,0.228258,0.123887,6.82164e-05
867,0.227403,0.157822,-5.4555e-05
868,0.251434,0.160517,7.006e-05
869,0.251434,0.160517,7.006e-05
870,0.251434,0.160517,7.006e-05
871,0.242435,0.191283,-1.64827e-05
872,0.229476,0.1663,-0.000156036
873,0.232952,0.12487,-0.000311589
874,0.227088,0.144668,-0.000141481
875,0.227088,0.144668,-0.000141481
876,0.213482,0.129114,-0.000111105
877,0.216619,0.131438,-2.37527e-05
878,0.238848,0.109469,-0.000200464
879,0.269005,0.09283,-0.000184488
880,0.260602,0.094521,-9.3614e-05
881,0.254522,0.099738,-8.67256e-05
882,0.254522,0.099738,-8.67256e-05
883,0.240587,0.100922,-0.0001377
884,0.226254,0.118676,9.72923e-05
885,0.226254,0.118676,9.72923e-05
886,0.266183,0.106783,0.000106054
887,0.266183,0.106783,0.000106054
888,0.255899,0.113749,8.55174e-05
889,0.247704,0.098389,-2.74328e-05
890,0.267534,0.131513,0.000112475
891,0.256993,0.116051,4.61438e-05
892,0.239853,0.151751,0.000105492
893,0.259134,0.138758,0.000153275
894,0.267772,0.108774,0.000162115
895,0.279214,0.141311,6.61224e-05
896,0.288047,0.117802,0.000150297
897,0.295258,0.135014,-3.66194e-05
898,0.279837,0.159006,-3.98488e-05
899,0.279837,0.159006,-3.98488e-05
900,0.279878,0.144247,2.22441e-05
901,0.279878,0.144247,2.22441e-05
902,0.279878,0.144247,2.22441e-05
903,0.279878,0.144247,2.22441e-05
904,0.279878,0.144247,2.22441e-05
905,0.264299,0.157602,8.92102e-05
906,0.264299,0.157602,8.92102e-05
907,0.263634,0.135652,-0.000150272
908,0.263634,0.135652,-0.000150272
909,0.263634,0.135652,-0.000150272
910,0.263634,0.135652,-0.000150272
911,0.272018,0.140347,-0.00020447
912,0.228716,0.194313,-0.000140811
913,0.228716,0.194313,-0.000140811
914,0.238594,0.199334,-7.68743e-05
915,0.238594,0.199334,-7.68743e-05
916,0.238594,0.199334,-7.68743e-05
917,0.238594,0.199334,-7.68743e-05
918,0.242762,0.194179,-0.000151702
919,0.213921,0.213463,0.0001483
920,0.213921,0.213463,0.0001483
921,0.249682,0.219748,0.000191738
922,0.249682,0.219748,0.000191738
923,0.227368,0.253834,0.000182481
924,0.230485,0.239238,2.45138e-05
925,0.230485,0.239238,2.45138e-05
926,0.230485,0.239238,2.45138e-05
927,0.228895,0.241475,0.000127811
928,0.228895,0.241475,0.000127811
929,0.228895,0.241475,0.000127811
930,0.228895,0.241475,0.000127811
931,0.228895,0.241475,0.000127811
932,0.223303,0.213605,-8.18067e-05
933,0.22881,0.23109,-0.000164214
934,0.221277,0.222571,-2.62156e-05
935,0.210952,0.218842,-8.65917e-05
936,0.215844,0.202238,-8.06975e-05
937,0.215665,0.213608,-3.84874e-05
938,0.215665,0.213608,-3.84874e-05
939,0.232627,0.208442,-9.20525e-05
940,0.225072,0.219231,-6.66981e-05
941,0.225028,0.2317,-0.000256699
942,0.247772,0.197748,-0.000152424
943,0.247954,0.202446,3.13026e-05
944,0.257674,0.17784,-0.000161149
945,0.257674,0.17784,-0.000161149
946,0.231475,0.187898,-7.19416e-05
947,0.241371,0.198675,-0.000137646
948,0.228656,0.191018,-0.000102674
949,0.240381,0.170251,-7.95953e-05
950,0.241853,0.154693,4.62024e-05
951,0.262266,0.128816,-0.00019033
952,0.271051,0.126962,7.15891e-05
953,0.265762,0.143063,0.00011556
954,0.275022,0.119466,0.000229724
955,0.269112,0.146057,0.00035665
956,0.269112,0.146057,0.00035665
957,0.25171,0.158432,0.000260431
958,0.240771,0.169036,6.26414e-05
959,0.231343,0.135669,-7.7081e-05
960,0.253856,0.126601,9.82557e-05
961,0.253856,0.126601,9.82558e-05
962,0.262357,0.11875,2.97029e-05
963,0.259937,0.121741,-9.20361e-05
964,0.259937,0.121741,-9.20361e-05
965,0.249558,0.144852,-0.000133709
966,0.26352,0.10568,2.10947e-05
967,0.262828,0.091685,2.03753e-05
968,0.262828,0.091685,2.03753e-05
969,0.234398,0.093827,4.21064e-05
970,0.277879,0.064249,6.56142e-05
971,0.291016,0.08777,5.11302e-05
972,0.279514,0.083135,-9.8845e-05
973,0.240382,0.114352,-8.87575e-05
974,0.240382,0.114352,-8.87575e-05
975,0.242778,0.125573,-0.000153883
976,0.240665,0.135414,-9.84346e-05
977,0.240056,0.146717,-6.62077e-06
978,0.240056,0.146717,-6.62077e-06
979,0.239152,0.137403,-4.50439e-05
980,0.244686,0.147834,-6.23187e-05
981,0.246682,0.158703,-7.34059e-05
982,0.238903,0.163775,-2.34595e-05
983,0.238903,0.163775,-2.34595e-05
984,0.236351,0.167419,-0.000153069
985,0.24383,0.189363,-0.000106269
986,0.233469,0.191915,-0.000128121
987,0.249287,0.18232,-0.000124657
988,0.249287,0.18232,-0.000124657
989,0.249287,0.18232,-0.000124657
990,0.249287,0.18232,-0.000124657
991,0.249287,0.18232,-0.000124657
992,0.249287,0.18232,-0.000124657
993,0.249144,0.18365,0.000125377
994,0.246007,0.19012,-0.000239027
995,0.235885,0.16861,-0.000153902
996,0.235835,0.176167,-7.27518e-05
997,0.235835,0.176167,-7.27518e-05
998,0.235835,0.176167,-7.27518e-05
999,0.235835,0.176167,-7.27518e-05
1000,0.235835,0.176167,-7.27518e-05
1001,0.241293,0.178939,3.34013e-05
1002,0.213379,0.183308,-0.000104551
1003,0.221624,0.182972,-8.58986e-06
1004,0.219714,0.214166,3.38352e-05
1005,0.219714,0.214166,3.38352e-05
1006,0.210074,0.19396,-1.7404e-05
1007,0.210074,0.19396,-1.7404e-05
1008,0.221071,0.157629,9.33308e-05
1009,0.230399,0.154482,6.55068e-05
1010,0.222097,0.167721,6.93954e-05
1011,0.224707,0.165728,-1.93447e-05
1012,0.221839,0.182369,0.000257221
1013,0.224252,0.182834,1.8413e-05
1014,0.224252,0.182834,1.8413e-05
1015,0.224252,0.182834,1.8413e-05
1016,0.213077,0.167757,-0.00019223
1017,0.213077,0.167757,-0.00019223
1018,0.227554,0.154496,2.90937e-06
1019,0.240034,0.137098,0.000114753
1020,0.240034,0.137098,0.000114753
1021,0.229236,0.152125,0.00019862
1022,0.233751,0.138992,8.53848e-05
1023,0.233751,0.138992,8.53848e-05
1024,0.204367,0.157555,6.07247e-05
1025,0.204367,0.157555,6.07247e-05
1026,0.208496,0.157066,5.71516e-05
1027,0.200437,0.126202,5.91084e-05
1028,0.209565,0.138008,3.43066e-06
1029,0.215311,0.119723,0.000273687
1030,0.212657,0.120636,0.000228148
1031,0.225073,0.120343,0.000239435
1032,0.210522,0.109041,-3.5201e-05
1033,0.209969,0.083433,-0.000112799
1034,0.194427,0.09776,-0.00011802
1035,0.215291,0.062596,7.56449e-05
1036,0.188995,0.063101,-5.8982e-05
1037,0.212311,0.070303,-0.000118511
1038,0.212311,0.070303,-0.000118511
1039,0.242377,0.069074,0.000146636
1040,0.242377,0.069074,0.000146636
1041,0.249928,0.082328,7.22356e-05
1042,0.2389,0.068865,0.000167067
1043,0.2389,0.068865,0.000167067
1044,0.249536,0.066121,0.000229327
1045,0.249536,0.066121,0.000229327
1046,0.249536,0.066121,0.000229327
1047,0.241478,0.078554,9.50261e-05
1048,0.249475,0.069747,-9.70862e-05
1049,0.229631,0.079101,-0.000215294
1050,0.207693,0.090853,-5.61054e-06
1051,0.206923,0.057987,0.000121474
1052,0.206923,0.057987,0.000121474
1053,0.209516,0.071232,0.000244839
1054,0.209516,0.071232,0.000244839
1055,0.209516,0.071232,0.000244839
1056,0.213655,0.025794,0.000204507
1057,0.206371,0.05503,-4.37843e-06
1058,0.192054,0.054309,9.48234e-05
1059,0.202275,0.051457,0.000218693
1060,0.202275,0.051457,0.000218693
1061,0.215327,0.077323,0.000160444
1062,0.215327,0.077323,0.000160444
1063,0.239469,0.068117,0.000252079
1064,0.239469,0.068117,0.000252079
1065,0.266853,0.09757,3.1832e-05
1066,0.252544,0.113161,-0.000103624
1067,0.252544,0.113161,-0.000103624
1068,0.252544,0.113161,-0.000103624
1069,0.252544,0.113161,-0.000103624
1070,0.260186,0.109314,-5.53009e-05
1071,0.260186,0.109314,-5.53009e-05
1072,0.256505,0.073467,-0.000150877
1073,0.256505,0.073467,-0.000150877
1074,0.256505,0.073467,-0.000150877
1075,0.263696,0.090388,-9.23108e-05
1076,0.263696,0.090388,-9.23108e-05
1077,0.263696,0.090388,-9.23108e-05
1078,0.287333,0.0937,0.000163404
1079,0.274467,0.103863,-9.26983e-05
1080,0.268533,0.108923,4.93473e-05
1081,0.273538,0.122922,-0.000217661
1082,0.28841,0.110911,3.48966e-05
1083,0.291299,0.105555,0.000172506
1084,0.291299,0.105555,0.000172506
1085,0.288951,0.092636,-6.27512e-05
1086,0.254844,0.13554,-0.000115176
1087,0.263093,0.122606,6.20138e-05
1088,0.244832,0.115304,-9.90267e-05
1089,0.2676,0.09905,0.000201583
1090,0.291639,0.060532,1.77617e-05
1091,0.307276,0.036406,5.59174e-05
1092,0.307276,0.036406,5.59174e-05
1093,0.307276,0.036406,5.59174e-05
1094,0.288427,0.045769,-4.9173e-05
1095,0.287104,0.019289,-0.000114088
1096,0.296288,-0.00086,-4.69098e-05
1097,0.271434,0.026492,-0.00012986
1098,0.25323,0.063212,-0.000130295
1099,0.273002,0.104405,-1.93679e-06
1100,0.273002,0.104405,-1.93679e-06
1101,0.273002,0.104405,-1.93679e-06
1102,0.24033,0.101407,-8.40912e-05
1103,0.253227,0.072415,-6.78166e-05
1104,0.242615,0.05875,-0.000144088
1105,0.247044,0.057063,-7.22651e-05
1106,0.254409,0.064239,5.86766e-05
1107,0.263669,0.076502,-8.09875e-05
1108,0.263669,0.076502,-8.09875e-05
1109,0.275563,0.079741,-0.000250473
1110,0.274962,0.080547,-3.03919e-05
1111,0.317152,0.047014,-0.000210018
1112,0.317152,0.047014,-0.000210018
1113,0.317152,0.047014,-0.000210018
1114,0.337912,0.02106,0.000198586
1115,0.331745,0.039523,-4.88717e-05
1116,0.315609,0.071022,2.92581e-05
1117,0.315609,0.071022,2.92581e-05
1118,0.315609,0.071022,2.92581e-05
1119,0.323699,0.034195,-8.27142e-05
1120,0.323699,0.034195,-8.27142e-05
1121,0.32366,0.034465,0.000173602
1122,0.353778,0.023775,0.000108062
1123,0.353778,0.023775,0.000108062
1124,0.353778,0.023775,0.000108062
1125,0.389673,0.015984,-1.56784e-05
1126,0.389673,0.015984,-1.56784e-05
1127,0.389673,0.015984,-1.56784e-05
1128,0.389673,0.015984,-1.56784e-05
1129,0.389673,0.015984,-1.56784e-05
1130,0.389673,0.015984,-1.56784e-05
1131,0.393084,0.019711,-5.6636e-05
1132,0.393084,0.019711,-5.6636e-05
1133,0.393084,0.019711,-5.6636e-05
1134,0.393084,0.019711,-5.6636e-05
1135,0.393084,0.019711,-5.6636e-05
1136,0.393084,0.019711,-5.6636e-05
1137,0.393084,0.019711,-5.6636e-05
1138,0.409405,0.01967,7.17339e-07
1139,0.409405,0.01967,7.17339e-07
1140,0.409405,0.01967,7.17339e-07
1141,0.409405,0.01967,7.17352e-07
1142,0.386127,0.034601,5.82165e-05
1143,0.329469,0.09238,7.0054e-05
1144,0.329469,0.09238,7.0054e-05
1145,0.334016,0.082997,0.000196142
1146,0.321463,0.084762,-0.000191361
1147,0.321463,0.084762,-0.000191361
1148,0.349053,0.032237,9.3133e-05
1149,0.317861,0.058102,3.65421e-05
1150,0.317861,0.058102,3.65421e-05
1151,0.326944,0.066781,9.75341e-05
1152,0.339152,0.067121,0.000124296
1153,0.339152,0.067121,0.000124296
1154,0.339152,0.067121,0.000124296
1155,0.339235,0.088838,5.15654e-05
1156,0.334096,0.084633,-1.74836e-05
1157,0.312022,0.096686,-0.000189264
1158,0.33876,0.110856,-2.34915e-05
1159,0.333257,0.101611,-3.21702e-05
1160,0.343541,0.083911,-4.26187e-05
1161,0.36109,0.073391,4.70176e-07
1162,0.370285,0.087459,-0.000142368
1163,0.322097,0.123144,-4.32352e-05
1164,0.322097,0.123144,-4.32352e-05
1165,0.322097,0.123144,-4.32352e-05
1166,0.322097,0.123144,-4.32352e-05
1167,0.322097,0.123144,-4.32352e-05
1168,0.322097,0.123144,-4.32352e-05
1169,0.37513,0.063425,0.000110466
1170,0.37513,0.063425,0.000110466
1171,0.37513,0.063425,0.000110466
1172,0.381191,0.076086,6.93899e-05
1173,0.381191,0.076086,6.93899e-05
1174,0.381191,0.076086,6.93899e-05
1175,0.381191,0.076086,6.93899e-05
1176,0.392943,0.077594,7.40822e-05
1177,0.409085,0.060075,-6.37812e-05
1178,0.368504,0.076594,-3.25122e-05
1179,0.368504,0.076594,-3.25122e-05
1180,0.332622,0.101192,-4.16545e-05
1181,0.332622,0.101192,-4.16546e-05
1182,0.332622,0.101192,-4.16546e-05
1183,0.310867,0.114418,-0.000116077
1184,0.289503,0.121452,-7.49015e-06
1185,0.325056,0.096075,-3.88503e-05
1186,0.299099,0.119752,8.97742e-05
1187,0.30528,0.127297,-3.49489e-05
1188,0.289864,0.150329,8.16553e-05
1189,0.274157,0.14516,-5.88726e-05
1190,0.274157,0.14516,-5.88726e-05
1191,0.274157,0.14516,-5.88726e-05
1192,0.267048,0.163669,9.70972e-05
1193,0.250871,0.184436,5.11053e-05
1194,0.250871,0.184436,5.11053e-05
1195,0.258024,0.136792,-1.44487e-05
1196,0.258024,0.136792,-1.44487e-05
1197,0.258024,0.136792,-1.44487e-05
1198,0.258024,0.136792,-1.44487e-05
1199,0.258024,0.136792,-1.44487e-05
1200,0.248577,0.147479,-9.13432e-05
1201,0.248577,0.147479,-9.13432e-05
1202,0.255833,0.14255,-7.12095e-05
1203,0.255833,0.14255,-7.12095e-05
1204,0.254649,0.158678,2.05808e-05
1205,0.238393,0.158898,0.00013974
1206,0.238393,0.158898,0.00013974
1207,0.218833,0.169763,0.000178731
1208,0.21265,0.208681,0.0001483
1209,0.20849,0.206379,-1.68457e-05
1210,0.22307,0.214462,-0.000103844
1211,0.232744,0.200442,-0.0001118
1212,0.239721,0.179515,3.79404e-05
1213,0.208832,0.195834,-4.06552e-05
1214,0.208832,0.195834,-4.06552e-05
1215,0.21573,0.197106,0.000156477
1216,0.215867,0.193064,8.90647e-05
1217,0.215867,0.193064,8.90647e-05
1218,0.215867,0.193064,8.90647e-05
1219,0.215867,0.193064,8.90647e-05
1220,0.215867,0.193064,8.90647e-05
1221,0.215867,0.193064,8.90647e-05
1222,0.215867,0.193064,8.90647e-05
1223,0.227479,0.204734,-2.06381e-05
1224,0.227479,0.204734,-2.06381e-05
1225,0.227479,0.204734,-2.06381e-05
1226,0.209782,0.19161,-8.60699e-05
1227,0.23282,0.175732,-0.00019267
1228,0.235849,0.156474,-9.10381e-05
1229,0.219032,0.171017,0.000109864
1230,0.228451,0.153765,-9.80746e-05
1231,0.228451,0.153765,-9.80746e-05
1232,0.228451,0.153765,-9.80746e-05
1233,0.227947,0.141443,-0.000151293
1234,0.227947,0.141443,-0.000151293
1235,0.217151,0.164204,0.000309211
1236,0.218687,0.150215,6.81287e-05
1237,0.218687,0.150215,6.81287e-05
1238,0.227479,0.113724,5.42308e-07
1239,0.224558,0.121216,4.33422e-05
1240,0.224558,0.121216,4.33422e-05
1241,0.243495,0.117109,8.17564e-05
1242,0.243495,0.117109,8.17564e-05
1243,0.243495,0.117109,8.17564e-05
1244,0.246577,0.09519,-0.000123142
1245,0.228102,0.094169,-8.44765e-05
1246,0.228102,0.094169,-8.44765e-05
1247,0.222584,0.097411,-7.41092e-05
1248,0.246751,0.095135,0.000164439
1249,0.261961,0.078858,4.64368e-05
1250,0.260732,0.089638,0.000234659
1251,0.260732,0.089638,0.000234659
1252,0.245142,0.138614,0.000152919
1253,0.298782,0.105881,-3.08163e-05
1254,0.295243,0.083879,-0.000421183
1255,0.295243,0.083879,-0.000421183
1256,0.295243,0.083879,-0.000421183
1257,0.321165,0.090474,-9.51844e-05
1258,0.321165,0.090474,-9.51844e-05
1259,0.309368,0.110896,0.00016686
1260,0.339332,0.106798,-0.00011188
1261,0.339332,0.106798,-0.000111881
1262,0.339332,0.106798,-0.000111881
1263,0.349274,0.098139,2.95226e-06
1264,0.309438,0.129608,-3.52876e-05
1265,0.291742,0.137645,-6.08466e-05
1266,0.264623,0.129548,-0.000111486
1267,0.264623,0.129548,-0.000111486
1268,0.265405,0.123402,5.48685e-05
1269,0.265405,0.123402,5.48685e-05
1270,0.260631,0.138068,0.000129096
1271,0.260631,0.138068,0.000129096
1272,0.26067,0.120491,4.95876e-05
1273,0.26067,0.120491,4.95876e-05
1274,0.28268,0.118946,-0.000116227
1275,0.261574,0.141347,-6.25081e-05
1276,0.261574,0.141347,-6.25081e-05
1277,0.261574,0.141347,-6.25081e-05
1278,0.261722,0.151299,2.10172e-05
1279,0.254587,0.157594,-0.000115016
1280,0.294804,0.135949,-0.000168571
1281,0.298993,0.144515,5.25181e-05
1282,0.300328,0.151612,-1.65059e-05
1283,0.27065,0.167182,-8.51641e-05
1284,0.27065,0.167182,-8.51641e-05
1285,0.248213,0.160724,-0.000150681
1286,0.236619,0.157746,-0.000177162
1287,0.236619,0.157746,-0.000177162
1288,0.252375,0.15087,-6.16921e-05
1289,0.246669,0.138666,-7.03777e-05
1290,0.246669,0.138666,-7.03777e-05
1291,0.246669,0.138666,-7.03777e-05
1292,0.246669,0.138666,-7.03777e-05
1293,0.246669,0.138666,-7.03777e-05
1294,0.246669,0.138666,-7.03777e-05
1295,0.250841,0.131146,0.000104521
1296,0.254735,0.144416,-0.00010924
1297,0.288674,0.126049,0.000102843
1298,0.277422,0.107293,-9.51917e-06
1299,0.25252,0.139756,0.000167661
1300,0.25252,0.139756,0.000167661
1301,0.211132,0.177624,2.50771e-05
1302,0.214707,0.166059,-5.62948e-05
1303,0.229793,0.161566,0.000105073
1304,0.21294,0.182657,6.20246e-05
1305,0.223514,0.169672,-1.50938e-05
1306,0.223514,0.169672,-1.50938e-05
1307,0.223514,0.169672,-1.50938e-05
1308,0.222306,0.190279,-3.29841e-05
1309,0.225284,0.192473,-1.1527e-06
1310,0.223912,0.210471,0.00011446
1311,0.25282,0.194185,0.000165896
1312,0.246444,0.218408,-0.000226209
1313,0.246444,0.218408,-0.000226209
1314,0.246444,0.218408,-0.000226209
1315,0.241573,0.209834,3.74828e-05
1316,0.238757,0.210731,4.1668e-05
1317,0.234973,0.198774,8.86253e-06
1318,0.234973,0.198774,8.86253e-06
1319,0.237073,0.15451,-7.91498e-05
1320,0.237073,0.15451,-7.91498e-05
1321,0.237073,0.15451,-7.91499e-05
1322,0.279518,0.140394,-0.000132376
1323,0.279518,0.140394,-0.000132376
1324,0.258113,0.132532,-7.63385e-05
1325,0.258113,0.132532,-7.63385e-05
1326,0.266301,0.136372,-0.000124287
1327,0.255127,0.1402,-0.000200388
1328,0.255127,0.1402,-0.000200388
1329,0.255512,0.128552,8.51297e-06
1330,0.255512,0.128552,8.51297e-06
1331,0.267596,0.142955,4.28081e-07
1332,0.274952,0.132921,-0.000137478
1333,0.284464,0.110863,-7.26633e-05
1334,0.284292,0.114544,-1.45968e-05
1335,0.315816,0.088202,0.000185055
1336,0.299698,0.082141,-4.9715e-05
1337,0.299698,0.082141,-4.9715e-05
1338,0.329099,0.060665,-0.000215449
1339,0.329099,0.060665,-0.000215449
1340,0.334744,0.044139,4.75834e-05
1341,0.334744,0.044139,4.75834e-05
1342,0.291885,0.098908,0.000132133
1343,0.266043,0.107097,4.80302e-05
1344,0.259097,0.124969,5.68804e-05
1345,0.259097,0.124969,5.68804e-05
1346,0.259097,0.124969,5.68804e-05
1347,0.259097,0.124969,5.68804e-05
1348,0.259097,0.124969,5.68804e-05
1349,0.259097,0.124969,5.68804e-05
1350,0.313658,0.106635,-0.000202387
1351,0.291972,0.094722,2.04237e-05
1352,0.285373,0.091652,8.0401e-06
1353,0.264699,0.112597,-0.000130685
1354,0.264699,0.112597,-0.000130685
1355,0.262941,0.112303,-7.14922e-06
1356,0.262941,0.112303,-7.14922e-06
1357,0.284273,0.089329,1.10047e-05
1358,0.304096,0.066529,2.82292e-05
1359,0.275212,0.097106,0.000108641
1360,0.275212,0.097106,0.000108641
1361,0.275212,0.097106,0.000108641
1362,0.281705,0.095875,0.000298636
1363,0.263608,0.09565,0.000150376
1364,0.279178,0.086226,3.72797e-05
1365,0.277678,0.121619,0.000220935
1366,0.277678,0.121619,0.000220935
1367,0.306748,0.088523,7.13189e-05
1368,0.311593,0.094291,-9.85301e-06
1369,0.357004,0.059263,-1.13776e-05
1370,0.357004,0.059263,-1.13776e-05
1371,0.357004,0.059263,-1.13776e-05
1372,0.357004,0.059263,-1.13776e-05
1373,0.357004,0.059263,-1.13776e-05
1374,0.353141,0.058321,0.000112819
1375,0.359464,0.077879,2.92014e-05
1376,0.359464,0.077879,2.92014e-05
1377,0.340625,0.101629,0.000178018
1378,0.340625,0.101629,0.000178018
1379,0.363736,0.090348,-0.000187856
1380,0.357093,0.083215,-0.000134384
1381,0.370079,0.080543,0.000274783
1382,0.330833,0.109455,3.86515e-05
1383,0.330833,0.109455,3.86515e-05
1384,0.330833,0.109455,3.86515e-05
1385,0.330833,0.109455,3.86515e-05
1386,0.334576,0.130929,4.88691e-05
1387,0.348719,0.104892,8.59938e-05
1388,0.348719,0.104892,8.59938e-05
1389,0.348719,0.104892,8.59938e-05
1390,0.348719,0.104892,8.59938e-05
1391,0.348719,0.104892,8.59938e-05
1392,0.348719,0.104892,8.59938e-05
1393,0.334807,0.108649,-0.000178545
1394,0.327105,0.144878,-0.000227858
1395,0.327105,0.144878,-0.000227858
1396,0.340141,0.130201,-5.27435e-05
1397,0.33011,0.15097,-0.000101242
1398,0.33011,0.15097,-0.000101242
1399,0.363372,0.105756,4.47411e-05
1400,0.327968,0.130725,-0.000188956
1401,0.361199,0.078103,-4.93075e-05
1402,0.358268,0.077072,8.8173e-05
1403,0.344134,0.085311,-0.000194923
1404,0.368359,0.055817,-6.3581e-05
1405,0.368359,0.055817,-6.3581e-05
1406,0.31802,0.079035,-6.05732e-05
1407,0.317479,0.082746,0.000107199
1408,0.317479,0.082746,0.000107199
1409,0.317479,0.082746,0.000107199
1410,0.317479,0.082746,0.000107199
1411,0.278399,0.113721,0.000141782
1412,0.274286,0.101678,6.56834e-05
1413,0.257116,0.11335,7.67403e-05
1414,0.257116,0.11335,7.67403e-05
1415,0.257116,0.11335,7.67403e-05
1416,0.256544,0.092277,4.12962e-05
1417,0.258801,0.107335,-5.17352e-05
1418,0.256845,0.121963,7.39735e-05
1419,0.248466,0.101861,7.8843e-05
1420,0.255295,0.092754,-0.000125031
1421,0.290908,0.035797,-6.40588e-05
1422,0.3092,0.023674,-0.000151213
1423,0.326112,0.021279,-0.000268337
1424,0.296178,0.039379,-0.000254088
1425,0.309714,0.067119,2.04832e-05
1426,0.286395,0.071433,0.000159046
1427,0.286395,0.071433,0.000159046
1428,0.318736,0.041148,0.000106094
1429,0.298783,0.050056,0.000107356
1430,0.307595,0.043164,0.000162126
1431,0.292232,0.048122,3.92032e-05
1432,0.292232,0.048122,3.92032e-05
1433,0.292232,0.048122,3.92032e-05
1434,0.351336,0.010967,-1.10262e-06
1435,0.327692,0.05445,7.83691e-05
1436,0.327692,0.05445,7.83691e-05
1437,0.294168,0.060996,1.72861e-05
1438,0.311488,0.090876,-7.18766e-06
1439,0.309928,0.084842,-0.000142353
1440,0.299705,0.095074,-3.72225e-05
1441,0.299705,0.095074,-3.72226e-05
1442,0.308332,0.093145,-4.20376e-05
1443,0.296333,0.079039,9.79012e-05
1444,0.296333,0.079039,9.79012e-05
1445,0.296333,0.079039,9.79012e-05
1446,0.281135,0.07514,0.000102332
1447,0.243351,0.12258,-3.37294e-05
1448,0.28049,0.096048,2.75774e-05
1449,0.28049,0.096048,2.75774e-05
1450,0.301853,0.054951,0.000131971
1451,0.301853,0.054951,0.000131971
1452,0.301853,0.054951,0.000131971
1453,0.301853,0.054951,0.000131971
1454,0.290871,0.070403,9.66437e-06
1455,0.290871,0.070403,9.66437e-06
1456,0.284476,0.061904,-0.000141005
1457,0.284476,0.061904,-0.000141005
1458,0.284476,0.061904,-0.000141005
1459,0.284476,0.061904,-0.000141005
1460,0.334032,0.024062,0.000153158
1461,0.311099,0.052298,0.000179121
1462,0.33007,0.029662,0.000186878
1463,0.33007,0.029662,0.000186878
1464,0.328209,0.010045,0.000145266
1465,0.328209,0.010045,0.000145266
1466,0.328209,0.010045,0.000145266
1467,0.341829,0.017957,0.000131066
1468,0.341829,0.017957,0.000131066
1469,0.349889,0.003892,0.000212914
1470,0.351007,0.021366,4.92676e-05
1471,0.334196,0.029486,4.47533e-05
1472,0.296633,0.035581,-6.29598e-05
1473,0.279433,0.064195,0.0002088
1474,0.279433,0.064195,0.0002088
1475,0.279433,0.064195,0.0002088
1476,0.303907,0.009062,2.8435e-05
1477,0.31926,0.021931,0.000131802
1478,0.31926,0.021931,0.000131802
1479,0.305345,0.011743,-2.42339e-05
1480,0.353485,-0.01831,0.000247108
1481,0.313073,-0.00134,0.000268299
1482,0.328982,-0.02216,0.000150573
1483,0.328982,-0.02216,0.000150573
1484,0.328982,-0.02216,0.000150573
1485,0.284408,0.015329,-0.000157457
1486,0.290542,0.04035,-7.98427e-05
1487,0.28873,0.006859,-3.09912e-05
1488,0.278735,0.03288,0.000154683
1489,0.278735,0.03288,0.000154683
1490,0.259425,0.049618,0.00019674
1491,0.273176,0.03659,0.000137461
1492,0.225446,0.042238,7.63434e-05
1493,0.225446,0.042238,7.63434e-05
1494,0.236287,0.049754,4.21954e-05
1495,0.255657,0.016675,-0.000116524
1496,0.255657,0.016675,-0.000116524
1497,0.255657,0.016675,-0.000116524
1498,0.261409,0.028756,-2.73542e-05
1499,0.249415,0.043231,-0.000249835
1500,0.260918,0.047258,-0.000237539
1501,0.269062,0.05002,9.72314e-05
1502,0.269062,0.05002,9.72314e-05
1503,0.242428,0.063651,-0.000135333
1504,0.230202,0.087297,-0.000424399
1505,0.223407,0.082094,0.000202817
1506,0.223407,0.082094,0.000202817
1507,0.223407,0.082094,0.000202817
1508,0.235543,0.070904,0.000145192
1509,0.237291,0.0448,0.000240823
1510,0.239481,0.077281,0.000251125
1511,0.239481,0.077281,0.000251125
1512,0.247237,0.101336,0.000163453
1513,0.263277,0.075535,-5.28535e-05
1514,0.248836,0.087234,0.000376098
1515,0.248836,0.087234,0.000376098
1516,0.244333,0.117983,9.92964e-05
1517,0.244333,0.117983,9.92964e-05
1518,0.254629,0.128285,0.000243969
1519,0.254629,0.128285,0.000243969
1520,0.244397,0.138411,0.00019395
1521,0.229583,0.172589,7.03949e-05
1522,0.225577,0.165235,-0.000129424
1523,0.225577,0.165235,-0.000129424
1524,0.229701,0.154869,-0.000236212
1525,0.229701,0.154869,-0.000236212
1526,0.229701,0.154869,-0.000236212
1527,0.229701,0.154869,-0.000236212
1528,0.229701,0.154869,-0.000236212
1529,0.242975,0.144578,-0.000226221
1530,0.242975,0.144578,-0.000226221
1531,0.282747,0.089488,3.73064e-05
1532,0.292975,0.094695,8.87288e-05
1533,0.28551,0.083175,8.90051e-05
1534,0.272806,0.091873,-7.1745e-05
1535,0.272806,0.091873,-7.1745e-05
1536,0.298858,0.078997,4.36545e-06
1537,0.273654,0.079047,-0.000143351
1538,0.273654,0.079047,-0.000143351
1539,0.297104,0.096576,-0.000170861
1540,0.297104,0.096576,-0.000170861
1541,0.289965,0.100726,-0.000184817
1542,0.282468,0.105663,-0.000117225
1543,0.282468,0.105663,-0.000117225
1544,0.282468,0.105663,-0.000117225
1545,0.282468,0.105663,-0.000117225
1546,0.282468,0.105663,-0.000117225
1547,0.302734,0.095234,0.000189916
1548,0.302734,0.095234,0.000189916
1549,0.300683,0.09195,-3.11786e-05
1550,0.315943,0.088394,-1.99984e-05
1551,0.315943,0.088394,-1.99983e-05
1552,0.318126,0.097243,-0.000156671
1553,0.304535,0.121242,-2.57611e-05
1554,0.291532,0.144159,1.32192e-05
1555,0.307649,0.142874,3.0481e-06
1556,0.307649,0.142874,3.0481e-06
1557,0.320667,0.120787,-0.00024925
1558,0.31323,0.128153,-0.000103899
1559,0.303602,0.150166,3.29643e-05
1560,0.281102,0.166324,8.03856e-05
1561,0.281102,0.166324,8.03856e-05
1562,0.281102,0.166324,8.03856e-05
1563,0.273752,0.156277,-0.000121006
1564,0.273752,0.156277,-0.000121006
1565,0.273752,0.156277,-0.000121006
1566,0.286476,0.14751,1.38834e-05
1567,0.286476,0.14751,1.38834e-05
1568,0.301461,0.122358,0.00017216
1569,0.290635,0.113767,6.76141e-05
1570,0.290635,0.113767,6.76141e-05
1571,0.290635,0.113767,6.7614e-05
1572,0.290635,0.113767,6.7614e-05
1573,0.300417,0.086738,9.2437e-05
1574,0.300417,0.086738,9.2437e-05
1575,0.322784,0.095408,6.05586e-06
1576,0.322784,0.095408,6.05586e-06
1577,0.322784,0.095408,6.05586e-06
1578,0.312065,0.078034,-0.000153706
1579,0.302697,0.110602,-0.000140177
1580,0.302697,0.110602,-0.000140177
1581,0.302697,0.110602,-0.000140177
1582,0.325283,0.108548,-8.73952e-05
1583,0.325283,0.108548,-8.73952e-05
1584,0.330012,0.131359,-0.000124042
1585,0.287439,0.127316,-9.22168e-05
1586,0.284724,0.145635,9.07723e-06
1587,0.284724,0.145635,9.07723e-06
1588,0.284724,0.145635,9.07723e-06
1589,0.287639,0.146896,0.000188873
1590,0.287639,0.146896,0.000188873
1591,0.287639,0.146896,0.000188873
1592,0.287639,0.146896,0.000188873
1593,0.287639,0.146896,0.000188873
1594,0.270587,0.162372,3.12649e-05
1595,0.270587,0.162372,3.12649e-05
1596,0.270587,0.162372,3.12649e-05
1597,0.290612,0.149144,6.03233e-05
1598,0.275752,0.145456,-2.28118e-05
1599,0.254663,0.162381,0.000174341
1600,0.276557,0.130462,-6.20829e-06
1601,0.276557,0.130462,-6.20826e-06
1602,0.276557,0.130462,-6.20826e-06
1603,0.284386,0.146962,5.94971e-05
1604,0.269052,0.149246,-0.000107085
1605,0.27409,0.152921,-0.00010273
1606,0.262967,0.131226,-7.94383e-05
1607,0.262967,0.131226,-7.94383e-05
1608,0.266067,0.112176,5.26044e-05
1609,0.25362,0.133153,-0.000331465
1610,0.254932,0.137615,1.29133e-05
1611,0.240687,0.167781,-0.000167081
1612,0.229855,0.16172,-9.19507e-05
1613,0.229855,0.16172,-9.19507e-05
1614,0.219787,0.156792,-8.17345e-05
1615,0.258575,0.147854,-0.000340368
1616,0.25598,0.156504,6.54859e-05
1617,0.26656,0.129385,-8.67182e-05
1618,0.26656,0.129385,-8.67182e-05
1619,0.24724,0.133347,-0.000149704
1620,0.281651,0.10351,-1.1037e-05
1621,0.279377,0.1464,4.39541e-05
1622,0.308046,0.105877,4.77825e-05
1623,0.333828,0.082353,-0.000110914
1624,0.345552,0.091072,-7.71761e-05
1625,0.315735,0.085054,-3.89068e-06
1626,0.306924,0.088852,0.000188932
1627,0.306924,0.088852,0.000188932
1628,0.270979,0.1373,1.07923e-06
1629,0.270979,0.1373,1.07923e-06
1630,0.275762,0.128128,-4.80502e-05
1631,0.283516,0.143045,-0.000301703
1632,0.276569,0.161725,-0.000240973
1633,0.276569,0.161725,-0.000240973
1634,0.302443,0.149597,7.07051e-05
1635,0.302443,0.149597,7.07051e-05
1636,0.302443,0.149597,7.07051e-05
1637,0.302443,0.149597,7.07051e-05
1638,0.302443,0.149597,7.07051e-05
1639,0.308638,0.154997,0.000121029
1640,0.298426,0.179509,7.29932e-05
1641,0.278975,0.186468,-9.70161e-05
1642,0.278975,0.186468,-9.70161e-05
1643,0.279407,0.201871,6.9911e-05
1644,0.274396,0.198994,0.000151376
1645,0.274396,0.198994,0.000151376
1646,0.251035,0.186454,0.000148725
1647,0.272166,0.206884,-5.65238e-05
1648,0.27563,0.176139,-0.000173363
1649,0.302873,0.148243,3.84889e-05
1650,0.272347,0.168184,2.57105e-05
1651,0.298415,0.156671,0.00015318
1652,0.265954,0.163155,4.12235e-05
1653,0.273592,0.182746,1.70212e-06
1654,0.286914,0.160561,-0.000190616
1655,0.286914,0.160561,-0.000190616
1656,0.26839,0.197689,8.95738e-05
1657,0.26839,0.197689,8.95738e-05
1658,0.284157,0.158033,-3.06113e-05
1659,0.284157,0.158033,-3.06113e-05
1660,0.284157,0.158033,-3.06113e-05
1661,0.284157,0.158033,-3.06113e-05
1662,0.25485,0.16516,-0.00010689
1663,0.270066,0.176742,-7.90251e-05
1664,0.258461,0.144128,-4.72222e-05
1665,0.258461,0.144128,-4.72222e-05
1666,0.267007,0.156331,-9.54089e-05
1667,0.281739,0.169732,0.000114712
1668,0.25644,0.194715,-9.37579e-05
1669,0.256053,0.169458,0.000115677
1670,0.247577,0.17948,-0.000219195
1671,0.273196,0.180697,0.000138133
1672,0.273196,0.180697,0.000138133
1673,0.298506,0.157277,0.000126554
1674,0.322868,0.135249,4.18134e-05
1675,0.322868,0.135249,4.18134e-05
1676,0.341775,0.118945,-0.000111088
1677,0.328742,0.109269,0.000350045
1678,0.30287,0.140975,4.95328e-05
1679,0.309832,0.150512,-0.000130735
1680,0.328916,0.142327,0.000108972
1681,0.308112,0.153949,-1.47588e-05
1682,0.308112,0.153949,-1.47588e-05
1683,0.335102,0.129499,-5.59742e-05
1684,0.327142,0.13966,8.07105e-05
1685,0.327142,0.13966,8.07105e-05
1686,0.361284,0.103551,-0.000186775
1687,0.335897,0.124103,-0.00013201
1688,0.335897,0.124103,-0.00013201
1689,0.335897,0.124103,-0.00013201
1690,0.282431,0.170725,-9.15046e-05
1691,0.246968,0.181493,-8.28151e-05
1692,0.266718,0.140726,5.83993e-05
1693,0.272257,0.120534,-0.000171031
1694,0.253532,0.125994,-3.48872e-05
1695,0.258719,0.141866,-0.000139776
1696,0.258719,0.141866,-0.000139776
1697,0.264912,0.133588,0.000122004
1698,0.264912,0.133588,0.000122004
1699,0.264912,0.133588,0.000122004
1700,0.352828,0.061203,-3.69706e-05
1701,0.346757,0.03519,2.20579e-05
1702,0.294597,0.076749,0.000196809
1703,0.299381,0.098028,4.9604e-05
1704,0.3153,0.086612,-5.21226e-05
1705,0.331361,0.07147,-0.000273662
1706,0.331361,0.07147,-0.000273662
1707,0.334791,0.079011,-0.00018565
1708,0.31032,0.115941,-9.21136e-05
1709,0.31032,0.115941,-9.21136e-05
1710,0.308324,0.116925,-0.000129502
1711,0.315258,0.117538,-0.000130916
1712,0.315258,0.117538,-0.000130916
1713,0.281706,0.162031,-1.01413e-06
1714,0.250265,0.165556,-3.04581e-05
1715,0.252733,0.173581,0.000144411
1716,0.239577,0.169078,-7.33683e-05
1717,0.236117,0.185117,-0.000267498
1718,0.23646,0.193975,-2.90665e-05
1719,0.254572,0.169991,-2.44649e-05
1720,0.26072,0.159836,5.78676e-05
1721,0.253869,0.192671,4.9806e-05
1722,0.268493,0.193761,0.000182475
1723,0.26878,0.223324,0.000100661
1724,0.272595,0.212445,0.000123058
1725,0.294075,0.212441,-0.000103114
1726,0.294075,0.212441,-0.000103114
1727,0.280405,0.244948,5.747e-05
1728,0.287294,0.251847,-2.69075e-06
1729,0.270889,0.247514,9.28318e-06
1730,0.276512,0.235186,1.53869e-05
1731,0.276512,0.235186,1.53868e-05
1732,0.276512,0.235186,1.53868e-05
1733,0.27788,0.211527,0.000127535
1734,0.26453,0.216936,0.000140908
1735,0.259798,0.239693,5.26728e-05
1736,0.246049,0.264439,9.64348e-05
1737,0.256081,0.257383,6.96195e-05
1738,0.243867,0.248525,0.000134457
1739,0.242129,0.242293,4.72535e-06
1740,0.242129,0.242293,4.72535e-06
1741,0.251496,0.205175,0.000256349
1742,0.260872,0.217116,3.85866e-05
1743,0.260872,0.217116,3.85866e-05
1744,0.260872,0.217116,3.85866e-05
1745,0.251498,0.204129,-5.99973e-05
1746,0.254395,0.173454,-0.000227041
1747,0.243043,0.185998,5.22676e-05
1748,0.243043,0.185998,5.22676e-05
1749,0.243544,0.18313,-2.93856e-05
1750,0.260271,0.17861,2.3745e-05
1751,0.250175,0.165277,0.000295432
1752,0.247502,0.179685,9.53997e-05
1753,0.264065,0.171646,0.000105306
1754,0.246724,0.178562,8.72886e-05
1755,0.246724,0.178562,8.72886e-05
1756,0.237525,0.205017,-8.96549e-05
1757,0.252052,0.191751,8.49435e-05
1758,0.252052,0.191751,8.49435e-05
1759,0.220929,0.221911,8.76097e-05
1760,0.228089,0.211079,0.000119044
1761,0.260903,0.202015,1.22913e-06
1762,0.260903,0.202015,1.22913e-06
1763,0.260903,0.202015,1.22913e-06
1764,0.260903,0.202015,1.22913e-06
1765,0.260881,0.196685,8.7694e-05
1766,0.28526,0.194096,3.86622e-06
1767,0.297583,0.184098,5.39184e-05
1768,0.326361,0.152489,0.000118657
1769,0.326361,0.152489,0.000118657
1770,0.341719,0.153732,0.000219671
1771,0.313678,0.150195,-8.06172e-05
1772,0.313678,0.150195,-8.06172e-05
1773,0.314578,0.139534,0.000169465
1774,0.311593,0.16385,7.99869e-05
1775,0.331312,0.147388,0.000135376
1776,0.309403,0.15516,-6.37664e-06
1777,0.309403,0.15516,-6.37664e-06
1778,0.309013,0.159194,1.36616e-05
1779,0.329108,0.152921,-6.75859e-05
1780,0.310058,0.162879,-5.35685e-05
1781,0.294195,0.175854,-0.000120303
1782,0.294195,0.175854,-0.000120303
1783,0.28607,0.212589,3.28704e-05
1784,0.292349,0.191518,-1.78665e-05
1785,0.256662,0.225386,-6.001e-05
1786,0.256662,0.225386,-6.001e-05
1787,0.256662,0.225386,-6.001e-05
1788,0.276956,0.198244,-4.83829e-05
1789,0.276956,0.198244,-4.83829e-05
1790,0.267919,0.190313,-6.79532e-06
1791,0.264084,0.190356,-0.000130174
1792,0.264084,0.190356,-0.000130174
1793,0.258553,0.18757,0.000169583
1794,0.273554,0.178487,8.95875e-05
1795,0.273554,0.178487,8.95875e-05
1796,0.273554,0.178487,8.95875e-05
1797,0.278395,0.197527,6.0194e-05
1798,0.260958,0.210849,1.73238e-05
1799,0.271997,0.213104,5.97188e-05
1800,0.271997,0.213104,5.97188e-05
1801,0.279875,0.198696,0.000105832
1802,0.277642,0.200345,6.3142e-05
1803,0.304715,0.177481,-8.99187e-05
1804,0.304715,0.177481,-8.99187e-05
1805,0.304715,0.177481,-8.99187e-05
1806,0.304715,0.177481,-8.99187e-05
1807,0.304715,0.177481,-8.99187e-05
1808,0.304715,0.177481,-8.99187e-05
1809,0.304715,0.177481,-8.99187e-05
1810,0.287304,0.199255,0.000173175
1811,0.283125,0.195882,-3.60325e-05
1812,0.286608,0.195443,-3.30336e-05
1813,0.311824,0.180262,-0.000153951
1814,0.311824,0.180262,-0.000153951
1815,0.301594,0.177153,-8.91477e-05
1816,0.28354,0.219685,-0.000113388
1817,0.28354,0.219685,-0.000113388
1818,0.28354,0.219685,-0.000113388
1819,0.268376,0.21693,4.78738e-05
1820,0.268376,0.21693,4.78738e-05
1821,0.268376,0.21693,4.78737e-05
1822,0.283225,0.201182,-6.25528e-05
1823,0.28138,0.191375,-0.000158977
1824,0.283747,0.218642,5.05233e-06
1825,0.283747,0.218642,5.05233e-06
1826,0.264332,0.244909,-0.000211858
1827,0.252817,0.237627,-4.52425e-05
1828,0.252817,0.237627,-4.52425e-05
1829,0.256162,0.225329,-0.00011702
1830,0.248393,0.233922,1.87472e-05
1831,0.255749,0.218857,-2.85679e-05
1832,0.255749,0.218857,-2.85679e-05
1833,0.248535,0.219969,8.90422e-06
1834,0.234521,0.282647,-6.45507e-05
1835,0.238799,0.233333,-8.48674e-05
1836,0.248997,0.243053,3.56605e-05
1837,0.248997,0.243053,3.56605e-05
1838,0.25274,0.254215,-0.000179083
1839,0.261928,0.265539,1.55367e-05
1840,0.261928,0.265539,1.55367e-05
1841,0.261928,0.265539,1.55367e-05
1842,0.261928,0.265539,1.55367e-05
1843,0.261928,0.265539,1.55367e-05
1844,0.261928,0.265539,1.55367e-05
1845,0.274989,0.230077,0.0001761
1846,0.274989,0.230077,0.0001761
1847,0.274989,0.230077,0.0001761
1848,0.282253,0.220538,5.47771e-07
1849,0.282253,0.220538,5.47771e-07
1850,0.282253,0.220538,5.47771e-07
1851,0.282253,0.220538,5.47762e-07
1852,0.282253,0.220538,5.47762e-07
1853,0.274025,0.220473,-3.17507e-05
1854,0.291252,0.21665,4.51385e-05
1855,0.291252,0.21665,4.51385e-05
1856,0.291252,0.21665,4.51385e-05
1857,0.28016,0.244311,6.48095e-05
1858,0.282453,0.260062,9.37463e-05
1859,0.288988,0.230895,9.84897e-05
1860,0.288988,0.230895,9.84897e-05
1861,0.297757,0.227977,5.33492e-05
1862,0.297757,0.227977,5.33492e-05
1863,0.297757,0.227977,5.33492e-05
1864,0.297757,0.227977,5.33492e-05
1865,0.282916,0.217451,0.000159284
1866,0.293588,0.186617,-9.63685e-06
1867,0.293588,0.186617,-9.63685e-06
1868,0.296406,0.178635,0.000159679
1869,0.296406,0.178635,0.000159679
1870,0.296406,0.178635,0.000159679
1871,0.279876,0.175301,0.000176437
1872,0.28843,0.160025,0.000106186
1873,0.273729,0.174092,-2.10779e-05
1874,0.273729,0.174092,-2.10779e-05
1875,0.273729,0.174092,-2.10779e-05
1876,0.25876,0.185355,-8.74073e-05
1877,0.259989,0.160775,-1.38285e-05
1878,0.259989,0.160775,-1.38285e-05
1879,0.243693,0.206217,-3.54182e-05
1880,0.243693,0.206217,-3.54182e-05
1881,0.243693,0.206217,-3.54182e-05
1882,0.259118,0.215216,2.12355e-05
1883,0.254218,0.217919,-9.82527e-05
1884,0.254559,0.216483,-1.97938e-05
1885,0.254559,0.216483,-1.97938e-05
1886,0.289306,0.190827,4.84172e-05
1887,0.275377,0.202986,0.000127239
1888,0.277684,0.197381,4.5147e-05
1889,0.289928,0.215605,6.60652e-05
1890,0.296829,0.19461,2.41864e-05
1891,0.296829,0.19461,2.41863e-05
1892,0.307417,0.166872,-7.3079e-05
1893,0.276535,0.194809,0.000222907
1894,0.270473,0.196846,-2.99506e-05
1895,0.272047,0.193576,9.76517e-05
1896,0.2739,0.196192,7.0546e-05
1897,0.2739,0.196192,7.0546e-05
1898,0.2739,0.196192,7.0546e-05
1899,0.275877,0.18329,4.88795e-05
1900,0.280289,0.18149,0.000100873
1901,0.280381,0.179766,2.52802e-05
1902,0.283378,0.187472,-3.64422e-07
1903,0.277308,0.165931,-3.3473e-05
1904,0.280406,0.162058,-0.000168761
1905,0.281554,0.167576,-0.000286784
1906,0.281554,0.167576,-0.000286784
1907,0.281554,0.167576,-0.000286784
1908,0.279031,0.146286,-0.000156334
1909,0.273563,0.161835,-7.07608e-05
1910,0.282064,0.145802,-0.00020884
1911,0.282064,0.145802,-0.00020884
1912,0.282064,0.145802,-0.00020884
1913,0.262267,0.143318,-0.000259449
1914,0.262267,0.143318,-0.000259449
1915,0.262267,0.143318,-0.000259449
1916,0.262267,0.143318,-0.000259449
1917,0.271381,0.142346,-8.48982e-05
1918,0.248588,0.151043,2.35959e-05
1919,0.293054,0.115661,9.6487e-05
1920,0.255847,0.148744,-4.62532e-05
1921,0.252114,0.157573,0.000225121
1922,0.261455,0.14393,8.02839e-05
1923,0.246612,0.150198,-1.79279e-05
1924,0.241492,0.18683,7.33216e-05
1925,0.241492,0.18683,7.33216e-05
1926,0.21721,0.202748,4.40072e-05
1927,0.248134,0.188253,0.000112261
1928,0.248134,0.188253,0.000112261
1929,0.248134,0.188253,0.000112261
1930,0.256184,0.2168,0.000116946
1931,0.259676,0.225303,-5.29202e-05
1932,0.245262,0.252949,0.000158681
1933,0.245262,0.252949,0.000158681
1934,0.245262,0.252949,0.000158681
1935,0.245262,0.252949,0.000158681
1936,0.234922,0.262606,0.00014342
1937,0.241569,0.247735,6.02697e-05
1938,0.241569,0.247735,6.02697e-05
1939,0.241569,0.247735,6.02697e-05
1940,0.241569,0.247735,6.02697e-05
1941,0.241569,0.247735,6.02697e-05
1942,0.241569,0.247735,6.02697e-05
1943,0.245558,0.27752,0.000120034
1944,0.242957,0.27478,-5.34975e-05
1945,0.242957,0.27478,-5.34975e-05
1946,0.242957,0.27478,-5.34975e-05
1947,0.233575,0.254597,-2.84198e-05
1948,0.233575,0.254597,-2.84198e-05
1949,0.244342,0.22868,-2.60655e-05
1950,0.233737,0.260186,4.6514e-05
1951,0.236301,0.267738,-0.000103834
1952,0.236301,0.267738,-0.000103834
1953,0.237664,0.270117,5.47445e-05
1954,0.237664,0.270117,5.47445e-05
1955,0.237664,0.270117,5.47445e-05
1956,0.237664,0.270117,5.47445e-05
1957,0.225177,0.257586,0.000182424
1958,0.223773,0.266193,-3.25619e-05
1959,0.215032,0.26721,-0.000141305
1960,0.223435,0.262332,-1.06655e-05
1961,0.239883,0.2823,0.000117837
1962,0.239883,0.2823,0.000117837
1963,0.219746,0.279125,2.8138e-06
1964,0.219746,0.279125,2.8138e-06
1965,0.219746,0.279125,2.8138e-06
1966,0.219746,0.279125,2.8138e-06
1967,0.220903,0.29017,0.000130019
1968,0.220755,0.275855,-2.13234e-06
1969,0.219356,0.280298,9.00808e-05
1970,0.219356,0.280298,9.00808e-05
1971,0.219356,0.280298,9.00809e-05
1972,0.219356,0.280298,9.00809e-05
1973,0.208497,0.277117,7.19094e-05
1974,0.225229,0.277751,8.45775e-05
1975,0.22737,0.265153,-1.35045e-05
1976,0.222273,0.248082,-6.35552e-05
1977,0.222273,0.248082,-6.35552e-05
1978,0.215457,0.241963,-0.000154185
1979,0.213229,0.276187,-4.99278e-06
1980,0.213229,0.276187,-4.99278e-06
1981,0.213229,0.276187,-4.99282e-06
1982,0.213229,0.276187,-4.99282e-06
1983,0.213229,0.276187,-4.99282e-06
1984,0.213431,0.210502,6.94503e-06
1985,0.217423,0.25527,0.00022586
1986,0.217423,0.25527,0.00022586
1987,0.217423,0.25527,0.00022586
1988,0.221423,0.249033,7.1551e-05
1989,0.221423,0.249033,7.1551e-05
1990,0.221423,0.249033,7.1551e-05
1991,0.230819,0.254175,-1.49512e-05
1992,0.228678,0.232083,0.000137094
1993,0.228678,0.232083,0.000137094
1994,0.241339,0.238428,-4.4526e-07
1995,0.228907,0.235001,0.000130026
1996,0.228907,0.235001,0.000130026
1997,0.235924,0.237191,2.49378e-05
1998,0.234803,0.221536,-9.35871e-05
1999,0.234803,0.221536,-9.35871e-05
2000,0.23015,0.219501,-9.90059e-06
2001,0.240931,0.213235,8.50988e-05
2002,0.247475,0.237681,6.16721e-05
2003,0.248118,0.238882,0.000102517
2004,0.234844,0.271051,3.78478e-06
2005,0.234844,0.271051,3.78478e-06
2006,0.221482,0.261867,-1.8408e-05
2007,0.227542,0.24296,-3.44535e-05
2008,0.240555,0.239162,-3.37834e-05
2009,0.247413,0.255214,-0.00018599
2010,0.247413,0.255214,-0.00018599
2011,0.247413,0.255214,-0.00018599
2012,0.247413,0.255214,-0.00018599
2013,0.254387,0.266696,-2.87071e-05
2014,0.254387,0.266696,-2.87071e-05
2015,0.258858,0.220497,3.57221e-05
2016,0.258858,0.220497,3.57221e-05
2017,0.255588,0.226958,9.54828e-06
2018,0.255588,0.226958,9.54828e-06
2019,0.255588,0.226958,9.54828e-06
2020,0.255367,0.202495,0.000164973
2021,0.28,0.203629,0.000216769
2022,0.28,0.203629,0.000216769
2023,0.28,0.203629,0.000216769
2024,0.28,0.203629,0.000216769
2025,0.28,0.203629,0.000216769
2026,0.271645,0.228824,-8.04661e-05
2027,0.275621,0.20146,-3.65576e-05
2028,0.266356,0.211854,2.23821e-05
2029,0.268595,0.209645,-0.000168042
2030,0.268595,0.209645,-0.000168042
2031,0.268595,0.209645,-0.000168042
2032,0.26814,0.224803,-5.4624e-05
2033,0.26814,0.224803,-5.4624e-05
2034,0.26814,0.224803,-5.4624e-05
2035,0.269637,0.21973,4.93401e-05
2036,0.267237,0.219325,-9.69185e-05
2037,0.267237,0.219325,-9.69185e-05
2038,0.267237,0.219325,-9.69185e-05
2039,0.278438,0.207305,-4.49711e-05
2040,0.278438,0.207305,-4.49711e-05
2041,0.278438,0.207305,-4.49711e-05
2042,0.278438,0.207305,-4.49711e-05
2043,0.278438,0.207305,-4.49711e-05
2044,0.278438,0.207305,-4.49711e-05
2045,0.268439,0.208328,8.50858e-05
2046,0.268439,0.208328,8.50858e-05
2047,0.26871,0.215962,-1.60357e-05
2048,0.248424,0.204231,8.28096e-07
2049,0.248424,0.204231,8.28096e-07
2050,0.248424,0.204231,8.28096e-07
2051,0.248424,0.204231,8.28076e-07
2052,0.248424,0.204231,8.28076e-07
2053,0.254142,0.18035,0.000133047
2054,0.255646,0.197735,-1.32909e-05
2055,0.255646,0.197735,-1.32909e-05
2056,0.262388,0.218589,9.61134e-05
2057,0.254207,0.252188,-9.68813e-05
2058,0.254207,0.252188,-9.68813e-05
2059,0.256096,0.240103,-8.93038e-06
2060,0.256096,0.240103,-8.93038e-06
2061,0.238692,0.267296,2.12164e-05
2062,0.242772,0.28821,-1.59821e-05
2063,0.251413,0.266426,-8.62488e-05
2064,0.240911,0.301795,-8.55005e-05
2065,0.238281,0.285693,4.18566e-06
2066,0.238281,0.285693,4.18566e-06
2067,0.248493,0.272492,-4.63568e-05
2068,0.244397,0.305303,-6.01653e-05
2069,0.231075,0.272403,-9.81262e-05
2070,0.231075,0.272403,-9.81262e-05
2071,0.242081,0.275675,-2.8766e-05
2072,0.242081,0.275675,-2.8766e-05
2073,0.242081,0.275675,-2.8766e-05
2074,0.242081,0.275675,-2.8766e-05
2075,0.242081,0.275675,-2.8766e-05
2076,0.241347,0.259304,-0.000111008
2077,0.241347,0.259304,-0.000111008
2078,0.241347,0.259304,-0.000111008
2079,0.241347,0.259304,-0.000111008
2080,0.241347,0.259304,-0.000111008
2081,0.2482,0.257845,-5.01906e-05
2082,0.229709,0.255525,-5.40186e-05
2083,0.233527,0.25335,-0.00015158
2084,0.233527,0.25335,-0.00015158
2085,0.238316,0.250105,1.00278e-05
2086,0.238526,0.248598,-3.37085e-05
2087,0.256169,0.233842,0.000123274
2088,0.256169,0.233842,0.000123274
2089,0.256169,0.233842,0.000123274
2090,0.269195,0.240211,6.75455e-05
2091,0.269195,0.240211,6.75456e-05
2092,0.26159,0.235301,-7.55508e-05
2093,0.26159,0.235301,-7.55508e-05
2094,0.26159,0.235301,-7.55508e-05
2095,0.253098,0.230347,6.36846e-05
2096,0.253098,0.230347,6.36846e-05
2097,0.252047,0.245831,0.000170857
2098,0.252047,0.245831,0.000170857
2099,0.252047,0.245831,0.000170857
2100,0.231074,0.257619,5.63897e-05
2101,0.231074,0.257619,5.63897e-05
2102,0.231074,0.257619,5.63897e-05
2103,0.22337,0.261586,6.25125e-05
2104,0.214146,0.273871,0.000114169
2105,0.214146,0.273871,0.000114169
2106,0.214146,0.273871,0.000114169
2107,0.214146,0.273871,0.000114169
2108,0.214146,0.273871,0.000114169
2109,0.219728,0.261262,2.66959e-05
2110,0.249875,0.224297,-0.00013688
2111,0.260253,0.23838,-1.94109e-05
2112,0.260253,0.23838,-1.94109e-05
2113,0.259272,0.213539,-8.7312e-05
2114,0.271118,0.232789,-0.000110829
2115,0.232591,0.238099,-4.9006e-05
2116,0.232591,0.238099,-4.9006e-05
2117,0.244998,0.221983,-0.000152173
2118,0.244998,0.221983,-0.000152173
2119,0.244998,0.221983,-0.000152173
2120,0.242264,0.233952,3.63702e-05
2121,0.240279,0.255242,6.83598e-05
2122,0.245933,0.244066,0.000136448
2123,0.24629,0.258235,0.0001239
2124,0.271321,0.233881,0.000112963
2125,0.271321,0.233881,0.000112963
2126,0.268082,0.262108,-1.00231e-05
2127,0.254758,0.271021,-3.40229e-05
2128,0.254758,0.271021,-3.40229e-05
2129,0.275369,0.233885,-6.23375e-05
2130,0.250082,0.2569,0.000205513
2131,0.257565,0.253944,2.34235e-05
2132,0.247373,0.262481,-9.16125e-06
2133,0.231569,0.245162,4.64937e-06
2134,0.231569,0.245162,4.64937e-06
2135,0.234293,0.226672,-1.92103e-05
2136,0.232524,0.2004,-2.14649e-05
2137,0.236594,0.204667,7.97548e-05
2138,0.236594,0.204667,7.97548e-05
2139,0.236594,0.204667,7.97548e-05
2140,0.247988,0.192293,5.9114e-05
2141,0.260157,0.17117,0.000110622
2142,0.260157,0.17117,0.000110622
2143,0.232871,0.167887,0.000138317
2144,0.248846,0.146518,1.41756e-05
2145,0.258646,0.163239,6.99344e-05
2146,0.286515,0.141428,0.000158118
2147,0.267666,0.143786,5.64663e-05
2148,0.267666,0.143786,5.64663e-05
2149,0.27967,0.135951,6.28644e-06
2150,0.252203,0.160668,-5.22546e-05
2151,0.243471,0.171028,0.000137216
2152,0.243471,0.171028,0.000137216
2153,0.266262,0.169334,-3.06821e-05
2154,0.258409,0.19341,-4.76356e-05
2155,0.269951,0.183013,9.20135e-05
2156,0.275379,0.167546,1.64152e-05
2157,0.275379,0.167546,1.64152e-05
2158,0.275379,0.167546,1.64152e-05
2159,0.275379,0.167546,1.64152e-05
2160,0.275379,0.167546,1.64152e-05
2161,0.275379,0.167546,1.64153e-05
2162,0.27785,0.167801,-0.000186523
2163,0.260441,0.184479,-0.000116832
2164,0.260441,0.184479,-0.000116832
2165,0.266521,0.192271,-6.40953e-05
2166,0.266521,0.192271,-6.40953e-05
2167,0.235323,0.201656,3.33951e-05
2168,0.223578,0.213827,-8.28273e-05
2169,0.223578,0.213827,-8.28273e-05
2170,0.223578,0.213827,-8.28273e-05
2171,0.235865,0.200425,-5.28617e-05
2172,0.246076,0.219605,-0.000141006
2173,0.2389,0.208963,0.000127807
2174,0.2389,0.208963,0.000127807
2175,0.2389,0.208963,0.000127807
2176,0.238008,0.200042,-7.64072e-05
2177,0.241995,0.205408,-6.65549e-05
2178,0.225989,0.231718,2.88926e-05
2179,0.213996,0.243006,-1.83267e-05
2180,0.213996,0.243006,-1.83267e-05
2181,0.213996,0.243006,-1.83267e-05
2182,0.214835,0.231769,-0.000118335
2183,0.214835,0.231769,-0.000118335
2184,0.209661,0.246895,1.93859e-05
2185,0.209661,0.246895,1.93859e-05
2186,0.209661,0.246895,1.93859e-05
2187,0.224237,0.250174,-9.56383e-05
2188,0.213771,0.213384,-0.000123439
2189,0.213771,0.213384,-0.000123439
2190,0.213771,0.213384,-0.000123439
2191,0.211585,0.18885,-5.7789e-05
2192,0.204171,0.236616,2.30882e-05
2193,0.204171,0.236616,2.30882e-05
2194,0.204171,0.236616,2.30882e-05
2195,0.198466,0.195709,-0.000174989
2196,0.20364,0.218512,9.86625e-05
2197,0.218583,0.196636,-5.53619e-05
2198,0.218583,0.196636,-5.53619e-05
2199,0.199701,0.233578,4.11306e-05
2200,0.199701,0.233578,4.11306e-05
2201,0.195664,0.228234,-4.32628e-05
2202,0.19891,0.212136,-8.76465e-05
2203,0.19891,0.212136,-8.76465e-05
2204,0.19891,0.212136,-8.76465e-05
2205,0.206607,0.221126,-6.36967e-05
2206,0.206607,0.221126,-6.36967e-05
2207,0.196697,0.208063,-0.000284132
2208,0.202193,0.193786,-1.1509e-05
2209,0.196735,0.224861,-0.000227528
2210,0.201365,0.205127,-0.000220884
2211,0.205309,0.208978,-0.000191658
2212,0.194999,0.212895,-0.000147292
2213,0.224127,0.18314,-0.000303984
2214,0.224127,0.18314,-0.000303984
2215,0.224127,0.18314,-0.000303984
2216,0.23919,0.158598,-0.000217612
2217,0.232915,0.147545,-1.72399e-05
2218,0.232915,0.147545,-1.72399e-05
2219,0.232915,0.147545,-1.72399e-05
2220,0.198821,0.168702,6.31557e-05
2221,0.198821,0.168702,6.31557e-05
2222,0.198821,0.168702,6.31557e-05
2223,0.212318,0.153967,-7.96997e-05
2224,0.217558,0.159149,8.53897e-05
2225,0.226383,0.160548,-8.88223e-05
2226,0.226383,0.160548,-8.88223e-05
2227,0.238198,0.122741,-0.000123904
2228,0.233482,0.12427,-0.000223564
2229,0.235501,0.114245,-0.000262752
2230,0.229678,0.117661,-0.000145117
2231,0.236989,0.102566,-0.000145363
2232,0.222635,0.127498,-4.86991e-05
2233,0.227836,0.154944,2.48437e-05
2234,0.223728,0.16126,-0.00019016
2235,0.223728,0.16126,-0.00019016
2236,0.233335,0.161651,-7.99621e-05
2237,0.251557,0.127372,-0.000114224
2238,0.251557,0.127372,-0.000114224
2239,0.251557,0.127372,-0.000114224
2240,0.272695,0.127605,8.47718e-05
2241,0.272695,0.127605,8.47718e-05
2242,0.243959,0.137401,4.47578e-05
2243,0.258503,0.11065,-0.000297873
2244,0.263505,0.119766,-9.25711e-05
2245,0.263505,0.119766,-9.25711e-05
2246,0.253057,0.131909,-0.000260251
2247,0.253057,0.131909,-0.000260251
2248,0.251169,0.120046,8.38995e-05
2249,0.265727,0.136204,-6.07132e-05
2250,0.260115,0.137309,-4.61944e-05
2251,0.281957,0.103425,-2.87968e-06
2252,0.281957,0.103425,-2.87968e-06
2253,0.26661,0.139492,-7.34343e-05
2254,0.285119,0.125298,8.71988e-05
2255,0.29374,0.132175,0.000380193
2256,0.273904,0.172397,0.000158832
2257,0.260237,0.172531,-4.48244e-05
2258,0.257948,0.163751,-7.59827e-05
2259,0.260506,0.144875,0.000151101
2260,0.259102,0.158841,0.000128495
2261,0.259102,0.158841,0.000128495
2262,0.259102,0.158841,0.000128495
2263,0.226117,0.173983,0.000188134
2264,0.222376,0.188111,8.72221e-05
2265,0.222376,0.188111,8.72221e-05
2266,0.23189,0.209559,-7.80902e-07
2267,0.225217,0.192745,-1.6899e-05
2268,0.231386,0.186611,-0.000125674
2269,0.2498,0.140139,6.85037e-05
2270,0.2498,0.140139,6.85037e-05
2271,0.223335,0.163609,-0.00017759
2272,0.230132,0.157632,-9.76329e-05
2273,0.239596,0.1677,2.49189e-05
2274,0.21845,0.153299,-1.16755e-05
2275,0.214258,0.146745,-8.49925e-05
2276,0.194496,0.172841,-0.000100153
2277,0.203128,0.163266,-1.21995e-05
2278,0.207335,0.154914,0.000116971
2279,0.208595,0.165137,0.000211254
2280,0.212671,0.147256,-5.24204e-06
2281,0.249589,0.145101,-4.79675e-05
2282,0.245258,0.160693,-8.4743e-05
2283,0.245258,0.160693,-8.4743e-05
2284,0.260861,0.162562,0.00012467
2285,0.260861,0.162562,0.00012467
2286,0.272202,0.177876,-0.000109776
2287,0.250841,0.178971,-1.49631e-06
2288,0.231891,0.168483,-4.99688e-05
2289,0.252701,0.16799,9.83485e-05
2290,0.261779,0.160781,0.000124844
2291,0.259369,0.163169,0.000110924
2292,0.272612,0.197522,2.69016e-05
2293,0.272612,0.197522,2.69016e-05
2294,0.253968,0.191486,4.20784e-05
2295,0.288268,0.151618,0.00018448
2296,0.288268,0.151618,0.00018448
2297,0.300693,0.133907,-8.30319e-05
2298,0.300693,0.133907,-8.30319e-05
2299,0.344687,0.115097,-9.69817e-05
2300,0.350321,0.125475,8.04984e-05
2301,0.350321,0.125475,8.04984e-05
2302,0.314644,0.131704,9.92993e-06
2303,0.281093,0.143468,8.32938e-05
2304,0.296025,0.127172,-3.03842e-05
2305,0.296025,0.127172,-3.03842e-05
2306,0.278415,0.130296,-6.3945e-05
2307,0.290522,0.111589,1.75816e-05
2308,0.31698,0.111822,9.44017e-05
2309,0.291033,0.143048,7.70939e-05
2310,0.344272,0.079582,-4.47288e-05
2311,0.352258,0.066146,-5.83774e-05
2312,0.357429,0.073854,-2.54423e-06
2313,0.369945,0.079023,0.00011437
2314,0.323196,0.093951,7.15116e-05
2315,0.323196,0.093951,7.15116e-05
2316,0.337046,0.091044,-0.000185043
2317,0.376903,0.081841,-0.000134674
2318,0.360071,0.100956,-3.61643e-05
2319,0.330753,0.130252,-1.16672e-05
2320,0.351568,0.091212,0.000102765
2321,0.351568,0.091212,0.000102765
2322,0.341306,0.107256,-5.41489e-05
2323,0.305964,0.10841,5.66163e-05
2324,0.266848,0.145996,0.000143584
2325,0.260651,0.134668,-7.92808e-05
2326,0.260651,0.134668,-7.92808e-05
2327,0.296869,0.104262,3.09834e-05
2328,0.32366,0.087681,-1.51964e-05
2329,0.271452,0.100689,0.000116911
2330,0.287537,0.093547,4.43617e-05
2331,0.287537,0.093547,4.43617e-05
2332,0.300897,0.087731,0.000126001
2333,0.308705,0.08012,-0.000107944
2334,0.308705,0.08012,-0.000107944
2335,0.289197,0.094596,-3.46331e-05
2336,0.289212,0.105148,3.52151e-05
2337,0.26569,0.152809,0.000115933
2338,0.26569,0.152809,0.000115933
2339,0.262982,0.108787,-0.000140715
2340,0.24716,0.10383,-1.17748e-05
2341,0.212708,0.123427,0.000179826
2342,0.190437,0.139424,2.26725e-05
2343,0.213331,0.103236,8.60987e-05
2344,0.213331,0.103236,8.60987e-05
2345,0.213331,0.103236,8.60987e-05
2346,0.231947,0.126407,0.000149052
2347,0.231947,0.126407,0.000149052
2348,0.21209,0.131221,0.000131577
2349,0.21209,0.131221,0.000131577
2350,0.21209,0.131221,0.000131577
2351,0.241247,0.118587,0.00012902
2352,0.211471,0.150246,8.79234e-06
2353,0.234344,0.13293,-0.000169512
2354,0.234344,0.13293,-0.000169512
2355,0.234344,0.13293,-0.000169512
2356,0.263207,0.12844,-2.52082e-05
2357,0.263207,0.12844,-2.52082e-05
2358,0.240818,0.133524,-0.0001616
2359,0.240818,0.133524,-0.0001616
2360,0.254107,0.145817,-4.8807e-05
2361,0.254107,0.145817,-4.8807e-05
2362,0.254107,0.145817,-4.8807e-05
2363,0.273555,0.157582,-0.000167428
2364,0.273555,0.157582,-0.000167428
2365,0.262324,0.152925,-9.11125e-05
2366,0.262324,0.152925,-9.11125e-05
2367,0.243253,0.13196,4.56276e-06
2368,0.254768,0.135408,7.00803e-05
2369,0.27515,0.132462,0.000130123
2370,0.27515,0.132462,0.000130123
2371,0.290054,0.134251,0.000236629
2372,0.273673,0.144908,9.65914e-05
2373,0.294444,0.13648,-4.88037e-05
2374,0.27281,0.128198,-2.14791e-06
2375,0.27281,0.128198,-2.14791e-06
2376,0.27281,0.128198,-2.14791e-06
2377,0.27281,0.128198,-2.14791e-06
2378,0.233815,0.153083,0.000126176
2379,0.233815,0.153083,0.000126176
2380,0.26794,0.167226,-4.67212e-05
2381,0.26794,0.167226,-4.67212e-05
2382,0.263142,0.164814,6.69941e-05
2383,0.263142,0.164814,6.69941e-05
2384,0.285416,0.129656,2.08031e-05
2385,0.273258,0.131947,2.12871e-05
2386,0.2608,0.118558,0.000166409
2387,0.305682,0.10869,-1.41505e-05
2388,0.293501,0.136635,-8.07604e-05
2389,0.294004,0.144232,5.41673e-06
2390,0.294004,0.144232,5.41673e-06
2391,0.260897,0.136259,-1.36736e-06
2392,0.288956,0.139265,-4.26056e-05
2393,0.297665,0.115698,-2.45758e-05
2394,0.297665,0.115698,-2.45758e-05
2395,0.282792,0.129019,-0.000106409
2396,0.27095,0.126472,-0.000227059
2397,0.277222,0.146327,-6.79546e-05
2398,0.287863,0.141059,-5.81579e-05
2399,0.281198,0.121621,-0.000220603
2400,0.269038,0.146223,-4.58517e-05
2401,0.264171,0.142647,1.50268e-05
2402,0.264171,0.142647,1.50268e-05
2403,0.264171,0.142647,1.50268e-05
2404,0.229554,0.164866,-3.21884e-05
2405,0.223536,0.156774,-6.61681e-05
2406,0.223536,0.156774,-6.61681e-05
2407,0.223536,0.156774,-6.61681e-05
2408,0.229832,0.171231,-0.0001465
2409,0.229832,0.171231,-0.0001465
2410,0.229832,0.171231,-0.0001465
2411,0.231893,0.170635,9.98788e-05
2412,0.231893,0.170635,9.98788e-05
2413,0.231893,0.170635,9.98788e-05
2414,0.244189,0.17414,4.32676e-05
2415,0.25911,0.176265,-4.53196e-05
2416,0.25911,0.176265,-4.53196e-05
2417,0.234082,0.184445,7.13006e-06
2418,0.227487,0.171787,-7.04291e-05
2419,0.228469,0.141135,-0.000255283
2420,0.220045,0.128678,-0.000156612
2421,0.220045,0.128678,-0.000156612
2422,0.220045,0.128678,-0.000156612
2423,0.199583,0.143265,-4.34352e-05
2424,0.211451,0.126574,3.04987e-05
2425,0.226696,0.12108,-9.5661e-05
2426,0.23907,0.120436,-6.1003e-05
2427,0.23907,0.120436,-6.1003e-05
2428,0.244882,0.110274,0.000132793
2429,0.270405,0.071746,0.000140815
2430,0.270405,0.071746,0.000140815
2431,0.274073,0.081763,-9.5451e-05
2432,0.24451,0.114335,-0.000187979
2433,0.24451,0.114335,-0.000187979
2434,0.245131,0.085834,6.27483e-05
2435,0.245131,0.085834,6.27483e-05
2436,0.254045,0.046433,7.65779e-05
2437,0.25216,0.058263,-8.53518e-05
2438,0.247173,0.064923,-0.00018574
2439,0.249202,0.079569,-6.56223e-05
2440,0.249202,0.079569,-6.56223e-05
2441,0.27098,0.062207,-7.64485e-05
2442,0.27098,0.062207,-7.64485e-05
2443,0.296949,0.054691,8.13949e-05
2444,0.290617,0.029781,-2.83576e-05
2445,0.291666,0.049013,-0.000156739
2446,0.291666,0.049013,-0.000156739
2447,0.291666,0.049013,-0.000156739
2448,0.299858,0.063125,-0.000215687
2449,0.299858,0.063125,-0.000215687
2450,0.271038,0.097601,4.78905e-05
2451,0.271038,0.097601,4.78905e-05
2452,0.273703,0.098821,-1.15702e-05
2453,0.286176,0.113089,7.19939e-05
2454,0.286176,0.113089,7.19939e-05
2455,0.306811,0.086705,-8.83567e-05
2456,0.27762,0.104778,0.000175684
2457,0.27762,0.104778,0.000175684
2458,0.284768,0.081591,2.09709e-05
2459,0.284768,0.081591,2.09709e-05
2460,0.297929,0.060411,-5.82709e-05
2461,0.291927,0.083996,-7.70096e-05
2462,0.315108,0.066005,-3.58066e-05
2463,0.310866,0.048854,-0.000102964
2464,0.310866,0.048854,-0.000102964
2465,0.310866,0.048854,-0.000102964
2466,0.349475,0.017356,-5.60125e-05
2467,0.332735,0.058576,-0.000180262
2468,0.332735,0.058576,-0.000180262
2469,0.332735,0.058576,-0.000180262
2470,0.301768,0.079306,2.11028e-06
2471,0.301768,0.079306,2.11022e-06
2472,0.318943,0.04536,-0.000128566
2473,0.29728,0.035459,8.52783e-05
2474,0.32777,0.004127,-5.79336e-05
2475,0.344682,-0.00524,0.000230409
2476,0.275197,0.059039,0.000125266
2477,0.275197,0.059039,0.000125266
2478,0.275197,0.059039,0.000125266
2479,0.277099,0.023156,-0.000113341
2480,0.248371,0.062037,-0.000113693
2481,0.248371,0.062037,-0.000113694
2482,0.295952,0.020981,-0.000224251
2483,0.295952,0.020981,-0.000224251
2484,0.295065,0.044889,1.39893e-05
2485,0.295065,0.044889,1.39893e-05
2486,0.310929,0.035748,-0.000128531
2487,0.296271,0.006928,-3.83786e-05
2488,0.296271,0.006928,-3.83786e-05
2489,0.28158,0.01572,-0.000159182
2490,0.264902,0.045848,7.96374e-05
2491,0.264902,0.045848,7.96374e-05
2492,0.264902,0.045848,7.96374e-05
2493,0.277172,0.029335,-7.64618e-05
2494,0.322634,0.003349,-7.83433e-05
2495,0.289785,0.00942,7.88741e-05
2496,0.277078,0.004864,-5.32407e-05
2497,0.277078,0.004864,-5.32407e-05
2498,0.304018,-0.00997,1.63549e-05
2499,0.304018,-0.00997,1.63549e-05
2500,0.327217,-0.04114,-0.000136033
2501,0.286122,-0.02691,-0.000323172
2502,0.286122,-0.02691,-0.000323172
2503,0.275652,-0.01512,-3.88537e-05
2504,0.286166,-0.00469,-6.12115e-05
2505,0.296875,-0.01681,-0.000137976
2506,0.296875,-0.01681,-0.000137976
2507,0.322657,-0.01757,-8.83032e-05
2508,0.322657,-0.01757,-8.83032e-05
2509,0.317524,-0.02179,-0.000306898
2510,0.306469,-0.03056,-9.21394e-05
2511,0.336596,-0.00914,-7.90224e-05
2512,0.369104,-0.02747,0.000273625
2513,0.369104,-0.02747,0.000273625
2514,0.362875,-0.02983,1.10824e-05
2515,0.370755,-0.01629,-0.000128784
2516,0.301373,0.033967,-0.000116597
2517,0.301373,0.033967,-0.000116597
2518,0.301373,0.033967,-0.000116597
2519,0.301373,0.033967,-0.000116597
2520,0.301373,0.033967,-0.000116597
2521,0.299795,0.03312,-0.000265604
2522,0.267773,0.068965,-0.000183826
2523,0.266127,0.047302,-0.000109644
2524,0.255681,0.079819,-0.000114931
2525,0.280127,0.045749,0.000182236
2526,0.313809,0.029506,0.000111466
2527,0.310432,0.025461,-6.06476e-05
2528,0.310432,0.025461,-6.06476e-05
2529,0.316807,0.010027,0.000117053
2530,0.274567,0.020759,-0.000226725
2531,0.274567,0.020759,-0.000226725
2532,0.24786,0.080428,-1.69728e-05
2533,0.275703,0.055509,4.70598e-05
2534,0.275703,0.055509,4.70598e-05
2535,0.275703,0.055509,4.70598e-05
2536,0.297315,0.027863,2.79044e-05
2537,0.287288,0.047479,-5.09748e-05
2538,0.299543,0.061118,-0.000108126
2539,0.314174,0.06625,-1.45659e-05
2540,0.332166,0.034556,0.000233468
2541,0.321257,0.067028,0.000120481
2542,0.330286,0.067631,0.000280785
2543,0.330286,0.067631,0.000280785
2544,0.320127,0.07714,-6.45834e-05
2545,0.312668,0.067043,5.12201e-05
2546,0.299991,0.090697,5.86772e-05
2547,0.299991,0.090697,5.86772e-05
2548,0.328123,0.040193,0.000154106
2549,0.321512,0.04964,-2.27033e-05
2550,0.32866,0.048687,0.000127489
2551,0.330703,0.053341,0.000198575
2552,0.333635,0.052071,3.36199e-05
2553,0.333635,0.052071,3.36199e-05
2554,0.318022,0.043292,4.96848e-05
2555,0.318022,0.043292,4.96848e-05
2556,0.279142,0.067191,0.000256079
2557,0.310578,0.027976,0.000137821
2558,0.3172,0.040009,0.000351093
2559,0.313749,0.05802,-0.000164935
2560,0.313749,0.05802,-0.000164935
2561,0.317001,0.028597,-0.000178807
2562,0.317001,0.028597,-0.000178807
2563,0.316438,0.06823,-0.000210956
2564,0.335077,0.045179,-5.24815e-05
2565,0.29214,0.123673,7.28765e-05
2566,0.288516,0.088456,0.000232886
2567,0.293182,0.079101,0.000297291
2568,0.314768,0.058385,0.000347077
2569,0.314768,0.058385,0.000347077
2570,0.292818,0.072269,0.000214793
2571,0.292818,0.072269,0.000214793
2572,0.335246,0.041927,-5.43631e-05
2573,0.335246,0.041927,-5.43631e-05
2574,0.340449,0.026112,0.000226651
2575,0.320758,0.041889,6.79293e-05
2576,0.323692,0.044446,0.000111848
2577,0.323692,0.044446,0.000111848
2578,0.323692,0.044446,0.000111848
2579,0.323692,0.044446,0.000111848
2580,0.323541,0.028017,3.89693e-05
2581,0.323025,0.026421,0.000215026
2582,0.315908,0.049494,0.000106601
2583,0.315908,0.049494,0.000106601
2584,0.312184,0.03693,0.000167744
2585,0.312184,0.03693,0.000167744
2586,0.355276,-0.00181,-0.000166491
2587,0.350688,0.023841,-0.00013728
2588,0.350688,0.023841,-0.00013728
2589,0.342293,0.012234,-6.01403e-05
2590,0.342293,0.012234,-6.01403e-05
2591,0.342293,0.012234,-6.01403e-05
2592,0.367527,-0.00421,-0.000164449
2593,0.341197,0.01372,-0.0002747
2594,0.341197,0.01372,-0.0002747
2595,0.29588,0.045302,-0.000217172
2596,0.29588,0.045302,-0.000217172
2597,0.29588,0.045302,-0.000217172
2598,0.289752,0.077215,-6.04319e-05
2599,0.289752,0.077215,-6.04319e-05
2600,0.290727,0.065068,-2.48554e-05
2601,0.273082,0.076764,-0.000283401
2602,0.273082,0.076764,-0.000283401
2603,0.292785,0.05282,9.16249e-05
2604,0.252788,0.068285,4.07499e-05
2605,0.252788,0.068285,4.07499e-05
2606,0.252788,0.068285,4.07499e-05
2607,0.244549,0.123606,3.90514e-05
2608,0.229473,0.106077,0.000145582
2609,0.239416,0.11745,-0.000201543
2610,0.258607,0.085981,-1.21855e-05
2611,0.269286,0.056076,2.6859e-05
2612,0.247427,0.058089,-0.000124206
2613,0.247427,0.058089,-0.000124206
2614,0.235208,0.06005,-0.00016844
2615,0.235208,0.06005,-0.00016844
2616,0.235208,0.06005,-0.00016844
2617,0.237796,0.091825,-7.13202e-05
2618,0.226507,0.10473,-8.76722e-05
2619,0.232239,0.097837,-3.73065e-05
2620,0.227087,0.107847,0.000127811
2621,0.248441,0.055097,2.83635e-05
2622,0.25081,0.057682,-3.35286e-05
2623,0.24277,0.051906,0.000377924
2624,0.214841,0.058059,-9.8155e-06
2625,0.214841,0.058059,-9.8155e-06
2626,0.179287,0.096475,-3.65884e-05
2627,0.198338,0.061496,3.49891e-05
2628,0.198338,0.061496,3.49891e-05
2629,0.198338,0.061496,3.49891e-05
2630,0.198338,0.061496,3.49891e-05
2631,0.198338,0.061496,3.49891e-05
2632,0.197544,0.067851,2.50479e-05
2633,0.197544,0.067851,2.50479e-05
2634,0.211939,0.033863,1.80104e-05
2635,0.211939,0.033863,1.80104e-05
2636,0.210349,0.057566,1.86353e-05
2637,0.25805,0.056493,-0.000171888
2638,0.25805,0.056493,-0.000171888
2639,0.246323,0.05587,-1.13796e-06
2640,0.246323,0.05587,-1.13796e-06
2641,0.246323,0.05587,-1.13802e-06
2642,0.239284,0.060836,0.000181106
2643,0.239284,0.060836,0.000181106
2644,0.24494,0.05307,0.000336804
2645,0.281105,0.032317,0.000104531
2646,0.279018,0.024337,0.000179658
2647,0.287738,0.009759,0.000204381
2648,0.29454,-0.00334,8.53353e-05
2649,0.29454,-0.00334,8.53353e-05
2650,0.29454,-0.00334,8.53353e-05
2651,0.29454,-0.00334,8.53353e-05
2652,0.28788,-0.0113,-2.77157e-05
2653,0.28788,-0.0113,-2.77157e-05
2654,0.263259,0.016133,0.00015163
2655,0.263259,0.016133,0.00015163
2656,0.27577,0.032472,-5.44599e-06
2657,0.268108,0.024362,-3.0361e-05
2658,0.249944,0.033967,-0.000145264
2659,0.224988,0.090247,1.22474e-05
2660,0.230528,0.104124,-8.05829e-05
2661,0.253048,0.077172,9.75654e-05
2662,0.253048,0.077172,9.75654e-05
2663,0.253048,0.077172,9.75654e-05
2664,0.237823,0.074778,6.60991e-06
2665,0.252165,0.061404,-0.000183508
2666,0.264821,0.055056,-3.12751e-05
2667,0.306422,0.03929,8.86906e-05
2668,0.305602,0.035604,0.000164627
2669,0.276915,0.064915,7.70612e-05
2670,0.308558,0.031542,-0.000153526
2671,0.308558,0.031542,-0.000153526
2672,0.308558,0.031542,-0.000153526
2673,0.308558,0.031542,-0.000153526
2674,0.308558,0.031542,-0.000153526
2675,0.308558,0.031542,-0.000153526
2676,0.30082,0.027151,0.000110436
2677,0.30082,0.027151,0.000110436
2678,0.30082,0.027151,0.000110436
2679,0.286226,0.03569,0.000144067
2680,0.286226,0.03569,0.000144067
2681,0.277966,0.067826,2.7764e-05
2682,0.277966,0.067826,2.7764e-05
2683,0.279267,0.077215,-1.31629e-05
2684,0.279267,0.077215,-1.31629e-05
2685,0.242432,0.112922,-6.83737e-05
2686,0.260972,0.099216,-0.000202496
2687,0.260972,0.099216,-0.000202496
2688,0.272276,0.098439,-0.00010381
2689,0.279612,0.065359,1.18591e-05
2690,0.273007,0.102483,-0.00020569
2691,0.250672,0.123008,3.58308e-05
2692,0.254359,0.11072,2.79029e-05
2693,0.258046,0.077077,-0.000183122
2694,0.258046,0.077077,-0.000183122
2695,0.258046,0.077077,-0.000183122
2696,0.272524,0.095923,-5.11138e-05
2697,0.272524,0.095923,-5.11138e-05
2698,0.25914,0.118284,-1.00793e-05
2699,0.25914,0.118284,-1.00793e-05
2700,0.276188,0.105212,0.000221306
2701,0.242788,0.099217,0.000265653
2702,0.242788,0.099217,0.000265653
2703,0.243359,0.108623,0.000136879
2704,0.263854,0.122614,-0.000117937
2705,0.263854,0.122614,-0.000117937
2706,0.263854,0.122614,-0.000117937
2707,0.250178,0.145362,-2.62415e-05
2708,0.254468,0.123647,3.37113e-06
2709,0.279517,0.100243,-1.69776e-05
2710,0.283501,0.076924,8.1784e-05
2711,0.283501,0.076924,8.17839e-05
2712,0.283501,0.076924,8.17839e-05
2713,0.283501,0.076924,8.17839e-05
2714,0.266674,0.07707,-9.85553e-05
2715,0.266674,0.07707,-9.85553e-05
2716,0.287594,0.058545,-0.000102184
2717,0.293717,0.086905,-0.000299943
2718,0.301855,0.084691,-6.30859e-05
2719,0.303953,0.05701,-0.00019005
2720,0.316382,0.0735,-8.49434e-05
2721,0.327671,0.055991,4.35718e-05
2722,0.314607,0.053287,0.000379285
2723,0.334948,0.055965,4.18725e-05
2724,0.317518,0.064066,-6.44799e-05
2725,0.277174,0.081401,-0.000114171
2726,0.275689,0.090846,-3.38849e-05
2727,0.308613,0.093025,9.98434e-05
2728,0.334266,0.074047,0.000165097
2729,0.302401,0.115365,-6.77621e-05
2730,0.33111,0.07473,-8.25429e-05
2731,0.30013,0.078148,-1.85386e-05
2732,0.314777,0.068942,-3.59311e-05
2733,0.314777,0.068942,-3.59311e-05
2734,0.34846,0.039936,0.000145892
2735,0.361255,0.038307,-9.06837e-05
2736,0.338136,0.076546,-1.7352e-05
2737,0.338136,0.076546,-1.7352e-05
2738,0.323281,0.076517,-0.000109349
2739,0.323281,0.076517,-0.000109349
2740,0.331567,0.052879,-5.66357e-05
2741,0.331567,0.052879,-5.66357e-05
2742,0.311912,0.077476,4.11475e-05
2743,0.338894,0.052905,4.15918e-05
2744,0.340137,0.078546,-8.12419e-05
2745,0.345,0.053764,0.000203441
2746,0.387905,0.033277,5.77509e-06
2747,0.387905,0.033277,5.77509e-06
2748,0.387905,0.033277,5.77509e-06
2749,0.423794,-0.00785,-6.81926e-05
2750,0.397268,-0.00156,-0.000247902
2751,0.397268,-0.00156,-0.000247902
2752,0.397268,-0.00156,-0.000247902
2753,0.397268,-0.00156,-0.000247902
2754,0.400752,-0.01865,2.546e-07
2755,0.400752,-0.01865,2.546e-07
2756,0.40153,-0.00217,6.54745e-06
2757,0.410945,0.007235,8.68289e-05
2758,0.396017,0.033249,5.23187e-05
2759,0.369007,0.047782,-0.000157207
2760,0.369007,0.047782,-0.000157207
2761,0.369007,0.047782,-0.000157207
2762,0.352642,0.065896,-1.31706e-05
2763,0.352642,0.065896,-1.31706e-05
2764,0.352642,0.065896,-1.31706e-05
2765,0.359624,0.044354,5.27156e-05
2766,0.359624,0.044354,5.27156e-05
2767,0.359624,0.044354,5.27156e-05
2768,0.359624,0.044354,5.27156e-05
2769,0.336307,0.036638,7.31741e-05
2770,0.334143,0.038287,-5.7019e-05
2771,0.385254,0.028345,-0.000314999
2772,0.385254,0.028345,-0.000314999
2773,0.385254,0.028345,-0.000314999
2774,0.381795,0.022119,-0.000373125
2775,0.376123,0.054309,-5.67384e-05
2776,0.320936,0.105802,7.75967e-05
2777,0.320936,0.105802,7.75967e-05
2778,0.298053,0.109889,8.56776e-05
2779,0.303156,0.10746,6.20635e-05
2780,0.303156,0.10746,6.20635e-05
2781,0.29814,0.097999,-5.44491e-05
2782,0.345527,0.083341,-0.000252676
2783,0.317834,0.133933,-0.000189748
2784,0.327775,0.143951,-3.26377e-05
2785,0.2843,0.166519,-2.46806e-05
2786,0.261428,0.159196,-0.000136773
2787,0.244887,0.180236,-0.000144819
2788,0.244887,0.180236,-0.000144819
2789,0.244887,0.180236,-0.000144819
2790,0.258239,0.201216,-0.000171643
2791,0.258239,0.201216,-0.000171643
2792,0.256032,0.213149,-8.68232e-05
2793,0.271618,0.188364,0.000113197
2794,0.248399,0.20483,-4.17851e-05
2795,0.251037,0.204438,-0.000157073
2796,0.251037,0.204438,-0.000157073
2797,0.256329,0.185068,3.19407e-06
2798,0.257073,0.184733,2.76253e-05
2799,0.254961,0.18021,1.42196e-05
2800,0.274289,0.156245,-0.00015117
2801,0.274289,0.156245,-0.00015117
2802,0.274289,0.156245,-0.00015117
2803,0.278152,0.156789,6.36869e-05
2804,0.275369,0.180604,0.000123917
2805,0.275369,0.180604,0.000123917
2806,0.27546,0.184624,-5.31445e-05
2807,0.267822,0.173851,-3.6327e-05
2808,0.267822,0.173851,-3.6327e-05
2809,0.25215,0.174771,8.90736e-05
2810,0.25215,0.174771,8.90736e-05
2811,0.26916,0.175416,-4.12831e-05
2812,0.288211,0.157077,1.55384e-05
2813,0.288211,0.157077,1.55384e-05
2814,0.304072,0.149361,0.000243813
2815,0.329261,0.140399,0.000139883
2816,0.306947,0.153349,5.44623e-05
2817,0.332777,0.123181,2.28899e-05
2818,0.360295,0.106449,1.14539e-05
2819,0.3216,0.129537,9.0545e-05
2820,0.32393,0.171838,-5.83093e-05
2821,0.313576,0.185277,9.87683e-05
2822,0.298323,0.199002,0.00021205
2823,0.286152,0.171104,7.63535e-05
2824,0.264806,0.206282,0.000160485
2825,0.264806,0.206282,0.000160485
2826,0.264806,0.206282,0.000160485
2827,0.264806,0.206282,0.000160485
2828,0.248702,0.210608,2.03331e-05
2829,0.250724,0.229391,-4.93968e-05
2830,0.250724,0.229391,-4.93968e-05
2831,0.248087,0.218524,2.92855e-05
2832,0.251338,0.210024,-8.22396e-05
2833,0.251338,0.210024,-8.22396e-05
2834,0.251338,0.210024,-8.22396e-05
2835,0.246422,0.18894,2.85956e-05
2836,0.242098,0.215214,9.78263e-05
2837,0.242098,0.215214,9.78263e-05
2838,0.243663,0.174744,6.89667e-07
2839,0.243663,0.174744,6.89667e-07
2840,0.235875,0.191056,-7.34902e-05
2841,0.249999,0.196969,5.62766e-05
2842,0.23723,0.210462,6.30765e-05
2843,0.23723,0.210462,6.30765e-05
2844,0.23723,0.210462,6.30765e-05
2845,0.229491,0.240194,-8.95347e-05
2846,0.242872,0.206987,5.94864e-05
2847,0.238144,0.193125,-1.99686e-05
2848,0.242367,0.193493,-9.02479e-05
2849,0.275349,0.164257,4.95954e-05
2850,0.299552,0.185467,-0.000196376
2851,0.299552,0.185467,-0.000196376
2852,0.279545,0.209585,-1.05108e-05
2853,0.279545,0.209585,-1.05108e-05
2854,0.31425,0.194277,9.92411e-05
2855,0.271194,0.219377,-7.11947e-05
2856,0.271194,0.219377,-7.11947e-05
2857,0.251984,0.22511,7.05694e-05
2858,0.251984,0.22511,7.05694e-05
2859,0.251984,0.22511,7.05694e-05
2860,0.260915,0.199161,9.62241e-05
2861,0.260915,0.199161,9.62241e-05
2862,0.279565,0.167157,3.25979e-05
2863,0.287271,0.165807,-0.000190099
2864,0.300987,0.175149,8.91695e-05
2865,0.300987,0.175149,8.91695e-05
2866,0.300987,0.175149,8.91695e-05
2867,0.300987,0.175149,8.91695e-05
2868,0.314894,0.159152,2.89502e-05
2869,0.281787,0.16447,7.1518e-05
2870,0.297446,0.162047,-8.37413e-05
2871,0.297446,0.162047,-8.37413e-05
2872,0.285353,0.143601,-8.72711e-05
2873,0.290061,0.118812,0.000123364
2874,0.290061,0.118812,0.000123364
2875,0.283913,0.125326,0.000167996
2876,0.283913,0.125326,0.000167996
2877,0.251126,0.153839,-8.87955e-06
2878,0.259845,0.156907,-3.62939e-05
2879,0.245053,0.174129,3.21515e-05
2880,0.244317,0.173524,-3.41644e-06
2881,0.235886,0.197264,-1.45583e-05
2882,0.235886,0.197264,-1.45583e-05
2883,0.245294,0.219356,3.4511e-05
2884,0.245294,0.219356,3.4511e-05
2885,0.251895,0.220757,-0.000230167
2886,0.251895,0.220757,-0.000230167
2887,0.240865,0.207648,-2.18183e-06
2888,0.240865,0.207648,-2.18183e-06
2889,0.263173,0.200831,2.75274e-05
2890,0.263173,0.200831,2.75274e-05
2891,0.257768,0.222821,-1.42891e-05
2892,0.244317,0.23282,1.04634e-05
2893,0.244317,0.23282,1.04634e-05
2894,0.244317,0.23282,1.04634e-05
2895,0.244317,0.23282,1.04634e-05
2896,0.244317,0.23282,1.04634e-05
2897,0.254589,0.239385,-3.60453e-05
2898,0.254589,0.239385,-3.60453e-05
2899,0.254589,0.239385,-3.60453e-05
2900,0.24946,0.242534,7.67593e-05
2901,0.261992,0.259415,0.000222918
2902,0.275022,0.271605,8.61038e-05
2903,0.275022,0.271605,8.61038e-05
2904,0.26172,0.305401,-5.38896e-06
2905,0.257508,0.299311,-9.8583e-05
2906,0.257508,0.299311,-9.8583e-05
2907,0.267813,0.299563,5.70767e-05
2908,0.275493,0.277021,-4.22785e-05
2909,0.271617,0.274575,4.62224e-05
2910,0.271617,0.274575,4.62224e-05
2911,0.26886,0.280127,0.000157161
2912,0.266627,0.306754,5.4209e-05
2913,0.26404,0.289381,-6.97611e-05
2914,0.268152,0.303653,0.000202777
2915,0.253268,0.326266,2.02727e-05
2916,0.253268,0.326266,2.02727e-05
2917,0.253268,0.326266,2.02727e-05
2918,0.225767,0.286555,-4.3062e-05
2919,0.223099,0.271309,-0.000109824
2920,0.237284,0.277575,-0.000209399
2921,0.227892,0.267521,-2.83373e-05
2922,0.227892,0.267521,-2.83373e-05
2923,0.227892,0.267521,-2.83373e-05
2924,0.232078,0.253374,-2.24785e-05
2925,0.219452,0.255613,-0.000101648
2926,0.219452,0.255613,-0.000101648
2927,0.2157,0.237716,-6.81875e-05
2928,0.220074,0.23871,2.61618e-05
2929,0.220074,0.23871,2.61618e-05
2930,0.220074,0.23871,2.61618e-05
2931,0.233627,0.230832,-7.985e-05
2932,0.233627,0.230832,-7.985e-05
2933,0.233627,0.230832,-7.985e-05
2934,0.233627,0.230832,-7.985e-05
2935,0.232996,0.252079,-7.24756e-06
2936,0.232996,0.252079,-7.24756e-06
2937,0.24911,0.283444,0.00015758
2938,0.249618,0.288192,8.84189e-05
2939,0.249618,0.288192,8.84189e-05
2940,0.249618,0.288192,8.84189e-05
2941,0.249618,0.288192,8.84188e-05
2942,0.249618,0.288192,8.84188e-05
2943,0.243549,0.241449,6.59539e-05
2944,0.243549,0.241449,6.59539e-05
2945,0.243549,0.241449,6.59539e-05
2946,0.243549,0.241449,6.59539e-05
2947,0.243549,0.241449,6.59539e-05
2948,0.256369,0.235111,2.13128e-07
2949,0.256369,0.235111,2.13128e-07
2950,0.246217,0.219405,5.29468e-05
2951,0.235149,0.205683,-2.73025e-05
2952,0.268296,0.188127,-3.59652e-05
2953,0.251851,0.197015,2.1291e-05
2954,0.251851,0.197015,2.1291e-05
2955,0.247975,0.184811,-4.86761e-05
2956,0.247975,0.184811,-4.86761e-05
2957,0.247975,0.184811,-4.86761e-05
2958,0.265232,0.189258,-4.78099e-05
2959,0.262047,0.190286,4.82172e-05
2960,0.28214,0.212244,9.03431e-05
2961,0.267195,0.211281,-7.93169e-05
2962,0.267195,0.211281,-7.93169e-05
2963,0.267195,0.211281,-7.93169e-05
2964,0.267195,0.211281,-7.93169e-05
2965,0.242555,0.217811,-0.000133842
2966,0.242555,0.217811,-0.000133842
2967,0.242686,0.230204,-0.000109498
2968,0.242686,0.230204,-0.000109498
2969,0.241549,0.256116,-4.64155e-05
2970,0.252181,0.275126,-5.95816e-05
2971,0.239936,0.269715,-7.64037e-05
2972,0.239936,0.269715,-7.64037e-05
2973,0.239936,0.269715,-7.64037e-05
2974,0.235917,0.224754,8.69947e-06
2975,0.235917,0.224754,8.69947e-06
2976,0.235917,0.224754,8.69947e-06
2977,0.235917,0.224754,8.69947e-06
2978,0.227354,0.257794,-9.52411e-05
2979,0.234095,0.248512,-0.000168924
2980,0.237531,0.249535,-0.000115481
2981,0.237531,0.249535,-0.000115481
2982,0.253034,0.227025,9.64572e-05
2983,0.253034,0.227025,9.64572e-05
2984,0.261131,0.227613,-6.724e-05
2985,0.264314,0.239084,-5.36021e-05
2986,0.26442,0.234374,-3.75713e-05
2987,0.272949,0.212006,1.79964e-05
2988,0.272949,0.212006,1.79964e-05
2989,0.276072,0.198494,-6.40235e-05
2990,0.276072,0.198494,-6.40235e-05
2991,0.276072,0.198494,-6.40235e-05
2992,0.276072,0.198494,-6.40235e-05
2993,0.278191,0.213133,-3.54765e-05
2994,0.278191,0.213133,-3.54765e-05
2995,0.26248,0.243883,-0.000157378
2996,0.26248,0.243883,-0.000157378
2997,0.25409,0.249332,-4.61106e-05
2998,0.243485,0.248123,-6.0186e-05
2999,0.239651,0.267318,-0.000151426
3000,0.229368,0.241408,-5.24732e-05
3001,0.247327,0.235079,-9.45596e-05
3002,0.247327,0.235079,-9.45596e-05
3003,0.247327,0.235079,-9.45596e-05
3004,0.247327,0.235079,-9.45596e-05
3005,0.251236,0.231975,-0.000150294
3006,0.244175,0.238771,-0.000244654
3007,0.244175,0.238771,-0.000244654
3008,0.241717,0.204755,-1.33334e-05
3009,0.241717,0.204755,-1.33334e-05
3010,0.241717,0.204755,-1.33334e-05
3011,0.231281,0.226851,-0.000103641
3012,0.231281,0.226851,-0.000103641
3013,0.231281,0.226851,-0.000103641
3014,0.223776,0.223351,-0.000152365
3015,0.223776,0.223351,-0.000152365
3016,0.240877,0.234432,-0.000111597
3017,0.253295,0.230887,-0.000140004
3018,0.257695,0.25935,-5.73973e-05
3019,0.257695,0.25935,-5.73973e-05
3020,0.240819,0.261671,2.19715e-05
3021,0.240819,0.261671,2.19716e-05
3022,0.243188,0.284784,-5.33381e-05
3023,0.257634,0.296654,-8.01001e-05
3024,0.257634,0.296654,-8.01001e-05
3025,0.257634,0.296654,-8.01001e-05
3026,0.257634,0.296654,-8.01001e-05
3027,0.262632,0.283615,6.13614e-05
3028,0.262632,0.283615,6.13614e-05
3029,0.27495,0.292415,8.70945e-05
3030,0.27495,0.292415,8.70945e-05
3031,0.27495,0.292415,8.70945e-05
3032,0.265309,0.280298,8.22084e-05
3033,0.275,0.278567,0.000160911
3034,0.275,0.278567,0.000160911
3035,0.288726,0.246455,0.000165616
3036,0.291427,0.245027,6.52228e-05
3037,0.268638,0.228902,-0.000144161
3038,0.268638,0.228902,-0.000144161
3039,0.268638,0.228902,-0.000144161
3040,0.276536,0.191605,-5.01503e-05
3041,0.276536,0.191605,-5.01503e-05
3042,0.276536,0.191605,-5.01503e-05
3043,0.291833,0.208178,8.96156e-05
3044,0.291833,0.208178,8.96156e-05
3045,0.291833,0.208178,8.96156e-05
3046,0.308626,0.189214,-3.22622e-05
3047,0.314503,0.193801,0.000198538
3048,0.282095,0.229921,-3.11007e-05
3049,0.281487,0.198834,0.000115489
3050,0.281487,0.198834,0.000115489
3051,0.281487,0.198834,0.000115489
3052,0.299692,0.165881,7.9523e-05
3053,0.299692,0.165881,7.9523e-05
3054,0.299692,0.165881,7.9523e-05
3055,0.286783,0.170703,-0.000114884
3056,0.26537,0.16296,-0.000130045
3057,0.267937,0.142022,-8.4691e-05
3058,0.286088,0.11051,7.58853e-06
3059,0.286088,0.11051,7.58853e-06
3060,0.268012,0.145328,-0.000165624
3061,0.274894,0.155683,6.04892e-05
3062,0.274894,0.155683,6.04892e-05
3063,0.274894,0.155683,6.04892e-05
3064,0.263405,0.162372,-8.0649e-05
3065,0.274608,0.180707,-4.79386e-05
3066,0.296165,0.153774,-4.86746e-05
3067,0.307874,0.15335,1.27868e-05
3068,0.302439,0.162768,-8.98254e-05
3069,0.302439,0.162768,-8.98254e-05
3070,0.302439,0.162768,-8.98254e-05
3071,0.297293,0.182694,-0.000204327
3072,0.297257,0.189271,-2.81891e-05
3073,0.29893,0.184364,1.42634e-06
3074,0.305459,0.207234,-0.000312905
3075,0.321052,0.160448,-2.2975e-05
3076,0.321052,0.160448,-2.2975e-05
3077,0.347553,0.123999,-0.000159904
3078,0.324781,0.163463,-0.000128337
3079,0.309362,0.181318,-9.00834e-05
3080,0.319108,0.157119,5.57164e-05
3081,0.308229,0.161362,-5.14929e-05
3082,0.28082,0.178596,9.60841e-05
3083,0.28082,0.178596,9.60841e-05
3084,0.28082,0.178596,9.60841e-05
3085,0.266658,0.215589,-5.4389e-05
3086,0.266658,0.215589,-5.4389e-05
3087,0.266658,0.215589,-5.4389e-05
3088,0.266658,0.215589,-5.4389e-05
3089,0.266658,0.215589,-5.4389e-05
3090,0.258775,0.206969,0.000109233
3091,0.258775,0.206969,0.000109233
3092,0.258775,0.206969,0.000109233
3093,0.258094,0.201089,-2.01365e-05
3094,0.268748,0.16804,-3.08133e-05
3095,0.268748,0.16804,-3.08133e-05
3096,0.295596,0.162174,-5.22113e-05
3097,0.28132,0.164876,4.38729e-05
3098,0.245141,0.179227,-0.000122169
3099,0.245141,0.179227,-0.000122169
3100,0.247515,0.186357,-3.68179e-05
3101,0.247515,0.186357,-3.68179e-05
3102,0.239791,0.1834,0.000142601
3103,0.232449,0.235195,7.93204e-05
3104,0.232607,0.223275,-0.000174504
3105,0.232607,0.223275,-0.000174504
3106,0.219417,0.233344,-1.8793e-06
3107,0.235506,0.240692,-6.04681e-06
3108,0.235506,0.240692,-6.04681e-06
3109,0.235506,0.240692,-6.04681e-06
3110,0.235506,0.240692,-6.04681e-06
3111,0.235506,0.240692,-6.04683e-06
3112,0.235506,0.240692,-6.04683e-06
3113,0.235506,0.240692,-6.04683e-06
3114,0.235506,0.240692,-6.04683e-06
3115,0.235506,0.240692,-6.04683e-06
3116,0.239226,0.240743,0.000110799
3117,0.231074,0.235508,6.10621e-07
3118,0.244421,0.220841,9.03637e-05
3119,0.243361,0.218345,-3.08539e-05
3120,0.243361,0.218345,-3.08539e-05
3121,0.243684,0.216096,-7.09005e-05
3122,0.22637,0.23302,0.000107368
3123,0.22637,0.23302,0.000107368
3124,0.231835,0.206217,-6.43926e-05
3125,0.241141,0.208237,2.15109e-05
3126,0.241141,0.208237,2.15109e-05
3127,0.234985,0.215842,-0.000130275
3128,0.245661,0.192426,8.93873e-05
3129,0.254595,0.169401,2.16226e-05
3130,0.277825,0.161107,9.41984e-05
3131,0.277825,0.161107,9.41984e-05
3132,0.277825,0.161107,9.41984e-05
3133,0.277825,0.161107,9.41984e-05
3134,0.277825,0.161107,9.41984e-05
3135,0.24498,0.176064,7.81286e-05
3136,0.239464,0.156296,-4.16731e-05
3137,0.253903,0.175093,-7.54613e-05
3138,0.27196,0.147528,-6.75767e-05
3139,0.264234,0.149473,9.70294e-06
3140,0.264234,0.149473,9.70294e-06
3141,0.280142,0.104413,6.39375e-06
3142,0.269878,0.114323,-0.00017731
3143,0.265232,0.111749,0.000138967
3144,0.282045,0.105942,-0.000218715
3145,0.282045,0.105942,-0.000218715
3146,0.256049,0.136364,6.87316e-05
3147,0.256049,0.136364,6.87316e-05
3148,0.256049,0.136364,6.87316e-05
3149,0.256049,0.136364,6.87316e-05
3150,0.287051,0.124485,-7.09419e-05
3151,0.282582,0.13147,7.26315e-05
3152,0.302891,0.085955,-0.000139195
3153,0.321912,0.078107,0.000128004
3154,0.311738,0.078222,0.000207749
3155,0.306584,0.115397,9.90513e-05
3156,0.294718,0.112946,0.000178161
3157,0.269436,0.144798,0.000168875
3158,0.253708,0.123431,0.000248678
3159,0.255849,0.100474,0.000211153
3160,0.282404,0.086291,-0.000113813
3161,0.264624,0.079847,4.71073e-05
3162,0.257726,0.077522,-6.01648e-05
3163,0.257726,0.077522,-6.01648e-05
3164,0.260983,0.098151,3.28246e-05
3165,0.272663,0.095685,4.10633e-06
3166,0.259773,0.120313,-1.65464e-05
3167,0.253958,0.116821,-2.39164e-05
3168,0.286898,0.114525,5.66841e-05
3169,0.286898,0.114525,5.66841e-05
3170,0.286898,0.114525,5.66841e-05
3171,0.308548,0.091283,-2.71211e-05
3172,0.272266,0.119264,0.000275649
3173,0.272266,0.119264,0.000275649
3174,0.283907,0.12721,-4.00213e-05
3175,0.258195,0.128905,-2.69481e-05
3176,0.264338,0.121365,-0.000104355
3177,0.24626,0.13045,-8.37938e-05
3178,0.24626,0.13045,-8.37938e-05
3179,0.261084,0.138222,-2.61177e-06
3180,0.24205,0.178166,0.000105791
3181,0.237749,0.158967,0.00021063
3182,0.237749,0.158967,0.00021063
3183,0.249518,0.138184,6.33061e-05
3184,0.255685,0.141746,-2.68521e-05
3185,0.251284,0.141883,0.000230818
3186,0.251284,0.141883,0.000230818
3187,0.251284,0.141883,0.000230818
3188,0.244757,0.136059,2.08009e-05
3189,0.244757,0.136059,2.08009e-05
3190,0.244757,0.136059,2.08009e-05
3191,0.262875,0.123306,-0.000157827
3192,0.239537,0.134937,-8.57097e-05
3193,0.239537,0.134937,-8.57097e-05
3194,0.239537,0.134937,-8.57097e-05
3195,0.239537,0.134937,-8.57097e-05
3196,0.226239,0.111228,7.14595e-05
3197,0.226239,0.111228,7.14595e-05
3198,0.248051,0.116226,-0.000187366
3199,0.23165,0.143098,7.70016e-05
3200,0.23165,0.143098,7.70016e-05
3201,0.23165,0.143098,7.70016e-05
3202,0.23165,0.143098,7.70016e-05
3203,0.237574,0.136632,0.000118048
3204,0.237574,0.136632,0.000118048
3205,0.258305,0.145924,9.07488e-06
3206,0.250618,0.165678,-2.18417e-05
3207,0.250618,0.165678,-2.18417e-05
3208,0.250618,0.165678,-2.18417e-05
3209,0.227229,0.212841,6.53315e-06
3210,0.227229,0.212841,6.53315e-06
3211,0.227229,0.212841,6.53319e-06
3212,0.216857,0.22621,3.75387e-05
3213,0.216857,0.22621,3.75387e-05
3214,0.219577,0.223282,-9.86608e-06
3215,0.219577,0.223282,-9.86608e-06
3216,0.219577,0.223282,-9.86608e-06
3217,0.224015,0.234675,6.20087e-05
3218,0.224015,0.234675,6.20087e-05
3219,0.224015,0.234675,6.20087e-05
3220,0.224015,0.234675,6.20087e-05
3221,0.234549,0.222251,6.9333e-05
3222,0.213397,0.22927,0.000117224
3223,0.238514,0.209465,2.07181e-05
3224,0.245776,0.21007,0.000117605
3225,0.237383,0.215965,0.000188495
3226,0.237383,0.215965,0.000188495
3227,0.24727,0.203656,8.63971e-05
3228,0.247696,0.18398,0.00013506
3229,0.226972,0.198328,0.000117836
3230,0.226972,0.198328,0.000117836
3231,0.226972,0.198328,0.000117837
3232,0.226972,0.198328,0.000117837
3233,0.245905,0.171032,-6.81896e-05
3234,0.259685,0.176942,0.000290627
3235,0.269232,0.160254,0.000247982
3236,0.273661,0.141796,6.55508e-05
3237,0.290105,0.145195,5.16959e-05
3238,0.290105,0.145195,5.16959e-05
3239,0.274237,0.152008,2.18186e-05
3240,0.249489,0.184314,0.000145126
3241,0.249489,0.184314,0.000145126
3242,0.249489,0.184314,0.000145126
3243,0.249489,0.184314,0.000145126
3244,0.249489,0.184314,0.000145126
3245,0.255331,0.176778,-5.15648e-05
3246,0.260339,0.181748,5.62095e-06
3247,0.316379,0.129455,-3.05022e-06
3248,0.316379,0.129455,-3.05022e-06
3249,0.297602,0.137816,0.000209362
3250,0.297602,0.137816,0.000209362
3251,0.311455,0.123876,0.000126324
3252,0.319001,0.132694,1.32585e-06
3253,0.304088,0.133495,7.93913e-05
3254,0.304088,0.133495,7.93913e-05
3255,0.295048,0.152066,-1.1628e-06
3256,0.303291,0.16724,5.48723e-05
3257,0.295591,0.171083,4.47884e-05
3258,0.299299,0.189354,-7.55787e-06
3259,0.299299,0.189354,-7.55787e-06
3260,0.306468,0.194741,9.14054e-05
3261,0.306468,0.194741,9.14054e-05
3262,0.30316,0.190487,-0.000110098
3263,0.30316,0.190487,-0.000110098
3264,0.277077,0.195731,-0.000214984
3265,0.30015,0.165185,0.000124974
3266,0.30015,0.165185,0.000124974
3267,0.300808,0.159165,-0.000179846
3268,0.300808,0.159165,-0.000179846
3269,0.302668,0.147415,1.66891e-06
3270,0.302668,0.147415,1.66891e-06
3271,0.302668,0.147415,1.66892e-06
3272,0.302668,0.147415,1.66892e-06
3273,0.302668,0.147415,1.66892e-06
3274,0.274335,0.165593,-7.83994e-05
3275,0.274335,0.165593,-7.83994e-05
3276,0.274335,0.165593,-7.83994e-05
3277,0.263791,0.16467,-7.53509e-05
3278,0.276944,0.164375,0.00016801
3279,0.276944,0.164375,0.00016801
3280,0.264746,0.167024,-0.000131096
3281,0.255394,0.196067,0.000158151
3282,0.269066,0.1609,2.10918e-05
3283,0.272607,0.145447,-0.000241785
3284,0.28329,0.136047,9.07004e-05
3285,0.295554,0.1132,2.07238e-05
3286,0.260014,0.162788,-3.66624e-06
3287,0.260014,0.162788,-3.66624e-06
3288,0.282617,0.155469,5.44719e-05
3289,0.282617,0.155469,5.44719e-05
3290,0.256762,0.172392,4.94169e-05
3291,0.256762,0.172392,4.94169e-05
3292,0.256762,0.172392,4.94169e-05
3293,0.256762,0.172392,4.94169e-05
3294,0.262496,0.126795,0.000275348
3295,0.283631,0.096934,-7.96773e-05
3296,0.29558,0.069273,-0.000109357
3297,0.294013,0.112313,0.000134738
3298,0.279134,0.134683,0.000101143
3299,0.271698,0.120448,8.88252e-05
3300,0.271698,0.120448,8.88252e-05
3301,0.306785,0.085529,-2.02753e-05
3302,0.306785,0.085529,-2.02753e-05
3303,0.286543,0.12004,5.93657e-05
3304,0.253228,0.121369,-0.000107747
3305,0.294598,0.129851,-8.06323e-05
3306,0.294598,0.129851,-8.06323e-05
3307,0.274745,0.131528,9.50864e-05
3308,0.341836,0.070053,0.000101598
3309,0.341836,0.070053,0.000101598
3310,0.360916,0.066911,1.7717e-05
3311,0.323536,0.091942,-0.000116084
3312,0.318576,0.088244,3.57096e-06
3313,0.32454,0.105405,-1.11734e-05
3314,0.340964,0.105981,-6.89218e-05
3315,0.340964,0.105981,-6.89218e-05
3316,0.320429,0.093188,4.05681e-05
3317,0.296982,0.112652,0.000224259
3318,0.299272,0.108588,4.9014e-05
3319,0.291936,0.175806,0.000111552
3320,0.291936,0.175806,0.000111552
3321,0.291936,0.175806,0.000111552
3322,0.303802,0.172362,0.000306186
3323,0.289715,0.177855,6.32098e-05
3324,0.289715,0.177855,6.32098e-05
3325,0.276571,0.188295,5.18728e-05
3326,0.261422,0.165486,0.000104851
3327,0.264742,0.171972,7.97891e-05
3328,0.253078,0.176482,5.78071e-05
3329,0.253078,0.176482,5.78071e-05
3330,0.253078,0.176482,5.78071e-05
3331,0.254385,0.175346,3.30824e-05
3332,0.244933,0.154299,-7.19485e-05
3333,0.246905,0.191731,-5.84864e-05
3334,0.249337,0.153555,-6.42329e-05
3335,0.249337,0.153555,-6.42329e-05
3336,0.25551,0.153136,-9.88984e-07
3337,0.228829,0.129912,2.30625e-05
3338,0.239596,0.129509,0.000128061
3339,0.230971,0.148268,2.64932e-05
3340,0.230971,0.148268,2.64932e-05
3341,0.230971,0.148268,2.64932e-05
3342,0.230971,0.148268,2.64932e-05
3343,0.248158,0.149518,9.35611e-05
3344,0.257593,0.159672,0.000106953
3345,0.243643,0.163365,0.000154652
3346,0.270339,0.16604,7.71994e-05
3347,0.270339,0.16604,7.71994e-05
3348,0.270339,0.16604,7.71994e-05
3349,0.270339,0.16604,7.71994e-05
3350,0.267136,0.17933,7.39449e-05
3351,0.280955,0.150013,-0.000126216
3352,0.280955,0.150013,-0.000126216
3353,0.311089,0.11584,-6.03034e-05
3354,0.301171,0.100878,-0.000185402
3355,0.301171,0.100878,-0.000185402
3356,0.304545,0.089127,-0.000123282
3357,0.316026,0.070742,-1.23494e-06
3358,0.345427,0.066605,6.73996e-05
3359,0.321653,0.06715,0.000186572
3360,0.346698,0.070052,5.5915e-05
3361,0.342894,0.055238,9.82908e-05
3362,0.305741,0.112959,0.000117311
3363,0.294924,0.123596,-1.74239e-05
3364,0.307647,0.128506,-0.000216563
3365,0.307647,0.128506,-0.000216563
3366,0.307647,0.128506,-0.000216563
3367,0.307647,0.128506,-0.000216563
3368,0.307295,0.098724,-8.32891e-05
3369,0.307295,0.098724,-8.32891e-05
3370,0.296357,0.102622,-6.36666e-05
3371,0.305298,0.107806,-0.000203183
3372,0.305298,0.107806,-0.000203183
3373,0.310513,0.110768,-0.000163918
3374,0.302673,0.098029,-0.000155585
3375,0.302673,0.098029,-0.000155585
3376,0.314159,0.073824,-0.0001292
3377,0.314159,0.073824,-0.0001292
3378,0.274262,0.104649,0.000105869
3379,0.27428,0.134208,-0.000126539
3380,0.310834,0.112057,-2.81729e-05
3381,0.265508,0.116003,-0.000155485
3382,0.265508,0.116003,-0.000155485
3383,0.265508,0.116003,-0.000155485
3384,0.260742,0.142035,-4.20886e-05
3385,0.260742,0.142035,-4.20886e-05
3386,0.260742,0.142035,-4.20886e-05
3387,0.260742,0.142035,-4.20886e-05
3388,0.238493,0.126323,2.21435e-05
3389,0.25598,0.13398,0.000214757
3390,0.25598,0.13398,0.000214757
3391,0.237944,0.141132,-9.6089e-05
3392,0.251486,0.148582,7.2708e-05
3393,0.235,0.177149,-5.20787e-05
3394,0.232932,0.169942,3.21159e-05
3395,0.242781,0.153644,-6.07134e-05
3396,0.257464,0.173879,3.65132e-05
3397,0.257464,0.173879,3.65132e-05
3398,0.241398,0.14793,-5.1743e-05
3399,0.241398,0.14793,-5.1743e-05
3400,0.238666,0.166741,0.000162908
3401,0.231547,0.136616,0.000106104
3402,0.231547,0.136616,0.000106104
3403,0.231547,0.136616,0.000106104
3404,0.226619,0.148259,1.15948e-05
3405,0.232195,0.168813,-0.000124611
3406,0.250755,0.157074,-3.37003e-05
3407,0.241037,0.116875,-3.92293e-05
3408,0.239291,0.138224,-0.000134628
3409,0.239291,0.138224,-0.000134628
3410,0.23855,0.144311,2.01968e-05
3411,0.263161,0.116565,-0.000142837
3412,0.263161,0.116565,-0.000142837
3413,0.268388,0.118696,9.41911e-05
3414,0.268388,0.118696,9.41911e-05
3415,0.268388,0.118696,9.41911e-05
3416,0.268388,0.118696,9.41911e-05
3417,0.268388,0.118696,9.41911e-05
3418,0.245368,0.139658,-4.44114e-05
3419,0.245368,0.139658,-4.44114e-05
3420,0.226852,0.161125,-7.07037e-05
3421,0.220342,0.192232,-0.000111627
3422,0.220342,0.192232,-0.000111627
3423,0.219633,0.201084,-0.000141636
3424,0.237686,0.206732,-9.09762e-05
3425,0.22858,0.174975,-0.000163179
3426,0.22858,0.174975,-0.000163179
3427,0.221481,0.165638,2.87169e-05
3428,0.215514,0.177879,-9.88744e-05
3429,0.224169,0.206802,0.000128169
3430,0.230472,0.202591,-0.000115187
3431,0.230472,0.202591,-0.000115187
3432,0.239869,0.193204,-0.000113733
3433,0.24215,0.182017,-0.000144765
3434,0.24215,0.182017,-0.000144765
3435,0.24215,0.182017,-0.000144765
3436,0.255731,0.179075,-0.000145773
3437,0.257752,0.148034,-2.33868e-05
3438,0.257752,0.148034,-2.33868e-05
3439,0.238842,0.164303,-0.000126316
3440,0.248307,0.198702,-7.92678e-05
3441,0.248307,0.198702,-7.92678e-05
3442,0.237449,0.194832,-0.00015343
3443,0.240947,0.191326,-2.79187e-05
3444,0.245002,0.155664,1.19661e-05
3445,0.236728,0.165221,8.88295e-05
3446,0.261341,0.150527,0.000218604
3447,0.261341,0.150527,0.000218604
3448,0.270666,0.135425,0.000110959
3449,0.247671,0.141234,-4.33793e-05
3450,0.247671,0.141234,-4.33793e-05
3451,0.247671,0.141234,-4.33793e-05
3452,0.244518,0.14574,1.81944e-05
3453,0.244518,0.14574,1.81944e-05
3454,0.296382,0.096271,0.000104257
3455,0.296382,0.096271,0.000104257
3456,0.273067,0.095282,-0.000230496
3457,0.284871,0.085831,0.000111326
3458,0.280107,0.08863,2.99881e-05
3459,0.280107,0.08863,2.99881e-05
3460,0.277884,0.076121,0.000167715
3461,0.277884,0.076121,0.000167715
3462,0.277884,0.076121,0.000167715
3463,0.277884,0.076121,0.000167715
3464,0.322445,0.031351,0.000221497
3465,0.336852,0.013523,0.000221535
3466,0.334885,-0.01553,0.000359002
3467,0.362444,-0.02699,0.000150234
3468,0.343301,-0.02691,7.89819e-05
3469,0.357581,-0.03468,8.875e-05
3470,0.357581,-0.03468,8.875e-05
3471,0.281377,0.024916,-4.46767e-05
3472,0.256948,0.062031,-3.20343e-05
3473,0.256948,0.062031,-3.20343e-05
3474,0.256948,0.062031,-3.20343e-05
3475,0.256948,0.062031,-3.20343e-05
3476,0.267513,0.070014,6.1262e-05
3477,0.267513,0.070014,6.1262e-05
3478,0.274199,0.052025,0.000162642
3479,0.264618,0.059206,-2.23175e-05
3480,0.281894,0.05736,-0.000208738
3481,0.281894,0.05736,-0.000208738
3482,0.306533,0.036331,3.04738e-05
3483,0.31366,0.050856,2.98148e-06
3484,0.293416,0.058632,7.46267e-05
3485,0.312994,0.087458,0.000286318
3486,0.312994,0.087458,0.000286318
3487,0.312994,0.087458,0.000286318
3488,0.339052,0.071586,0.000248277
3489,0.339052,0.071586,0.000248277
3490,0.339052,0.071586,0.000248277
3491,0.354604,0.045798,7.02273e-05
3492,0.32828,0.053029,0.000133141
3493,0.303473,0.063088,-8.11974e-05
3494,0.303148,0.071125,-0.000259259
3495,0.303148,0.071125,-0.000259259
3496,0.283754,0.075421,6.04315e-05
3497,0.294115,0.061232,-1.32932e-05
3498,0.294115,0.061232,-1.32932e-05
3499,0.324819,0.027973,-3.53548e-05
3500,0.324819,0.027973,-3.53548e-05
3501,0.330209,0.037159,-0.000444063
3502,0.307278,0.049884,4.38747e-05
3503,0.349799,0.028109,-0.000208441
3504,0.310971,0.029064,1.2238e-05
3505,0.310971,0.029064,1.2238e-05
3506,0.276751,0.050161,-7.8271e-05
3507,0.288681,0.044663,-2.91918e-05
3508,0.311816,0.006742,-1.88132e-05
3509,0.300952,0.022975,-1.54893e-05
3510,0.311618,0.012856,-0.000227584
3511,0.358836,-0.0234,7.86596e-05
3512,0.358836,-0.0234,7.86596e-05
3513,0.358836,-0.0234,7.86596e-05
3514,0.322085,-0.00686,-0.000110226
3515,0.38308,-0.00451,-0.000193004
3516,0.38308,-0.00451,-0.000193004
3517,0.38308,-0.00451,-0.000193004
3518,0.38308,-0.00451,-0.000193004
3519,0.38308,-0.00451,-0.000193004
3520,0.350622,0.007136,-0.000174813
3521,0.33734,0.007777,9.31876e-05
3522,0.340845,-0.0008,2.50761e-05
3523,0.340845,-0.0008,2.50761e-05
3524,0.335611,0.026862,-6.02327e-05
3525,0.323495,0.063195,-0.000312244
3526,0.323495,0.063195,-0.000312244
3527,0.323495,0.063195,-0.000312244
3528,0.323495,0.063195,-0.000312244
3529,0.362312,0.036472,4.45293e-05
3530,0.310771,0.040088,-1.07673e-05
3531,0.342557,0.008019,-0.000214999
3532,0.279672,0.085786,2.55756e-05
3533,0.279672,0.085786,2.55756e-05
3534,0.279672,0.085786,2.55756e-05
3535,0.28157,0.068974,-9.86001e-05
3536,0.274301,0.06902,-0.000142827
3537,0.280509,0.044893,0.000107571
3538,0.268281,0.067407,4.68065e-05
3539,0.268281,0.067407,4.68065e-05
3540,0.224661,0.081852,2.40321e-05
3541,0.224661,0.081852,2.40321e-05
3542,0.242841,0.05186,9.60548e-05
3543,0.242841,0.05186,9.60548e-05
3544,0.202987,0.121123,2.72004e-05
3545,0.202987,0.121123,2.72004e-05
3546,0.222114,0.082696,-6.20558e-06
3547,0.237448,0.08105,1.63605e-06
3548,0.237448,0.08105,1.63605e-06
3549,0.238723,0.059882,-6.16535e-05
3550,0.282595,0.019751,-0.00014592
3551,0.282595,0.019751,-0.000145919
3552,0.281931,0.056846,8.68304e-06
3553,0.281931,0.056846,8.68304e-06
3554,0.294474,0.060002,-1.85286e-05
3555,0.293351,0.078981,-2.56013e-05
3556,0.293351,0.078981,-2.56013e-05
3557,0.293351,0.078981,-2.56013e-05
3558,0.252827,0.117378,-1.02189e-05
3559,0.252966,0.128703,-0.000127459
3560,0.252966,0.128703,-0.000127459
3561,0.268484,0.124821,-0.000199094
3562,0.268484,0.124821,-0.000199094
3563,0.268484,0.124821,-0.000199094
3564,0.268484,0.124821,-0.000199094
3565,0.267982,0.123769,-0.000124599
3566,0.267982,0.123769,-0.000124599
3567,0.316322,0.087935,0.000126621
3568,0.316322,0.087935,0.000126621
3569,0.310371,0.079692,2.13334e-06
3570,0.347688,0.053138,0.000163479
3571,0.347688,0.053138,0.000163479
3572,0.309068,0.080475,-6.75875e-05
3573,0.305678,0.090146,-7.42331e-05
3574,0.286072,0.089412,0.00010983
3575,0.317209,0.078333,6.98038e-05
3576,0.31725,0.094446,1.37618e-05
3577,0.31725,0.094446,1.37618e-05
3578,0.31725,0.094446,1.37618e-05
3579,0.31725,0.094446,1.37618e-05
3580,0.31725,0.094446,1.37618e-05
3581,0.376515,0.057609,0.000116252
3582,0.348093,0.064483,5.87389e-05
3583,0.393265,0.03302,0.000344194
3584,0.447902,0.007539,0.000110448
3585,0.352048,0.057646,-0.000208887
3586,0.353738,0.052394,7.48902e-05
3587,0.367394,0.044313,-0.000155784
3588,0.366609,0.051481,-6.52865e-05
3589,0.362268,0.053408,1.61327e-05
3590,0.360266,0.029488,4.44105e-05
3591,0.360266,0.029488,4.44105e-05
3592,0.347443,0.029832,-1.88356e-06
3593,0.353508,-0.01375,-5.12605e-05
3594,0.354308,0.017201,0.000100794
3595,0.355173,0.041982,3.74875e-05
3596,0.355173,0.041982,3.74875e-05
3597,0.426585,0.003638,7.51536e-06
3598,0.426585,0.003638,7.51536e-06
3599,0.376716,0.01599,0.000144193
3600,0.41645,-0.01698,-6.53946e-05
3601,0.435726,-0.01714,0.000129591
3602,0.431086,-0.01935,3.35428e-05
3603,0.445392,-0.03339,-0.000133614
3604,0.506079,-0.07832,7.73749e-05
3605,0.489572,-0.06991,-4.11831e-06
3606,0.499647,-0.06647,4.40265e-05
3607,0.493427,-0.07491,-0.000176909
3608,0.504207,-0.07713,-1.44246e-05
3609,0.50055,-0.0776,-1.32582e-05
3610,0.512877,-0.09054,0.000167349
3611,0.48351,-0.05886,7.82612e-05
3612,0.48351,-0.05886,7.82612e-05
3613,0.48351,-0.05886,7.82612e-05
3614,0.48351,-0.05886,7.82612e-05
3615,0.49149,-0.06892,3.09169e-05
3616,0.52667,-0.09235,6.21457e-05
3617,0.539315,-0.08475,-0.000185683
3618,0.487548,-0.06209,-0.000389039
3619,0.458656,-0.04758,-0.00012344
3620,0.458656,-0.04758,-0.00012344
3621,0.458656,-0.04758,-0.00012344
3622,0.458656,-0.04758,-0.00012344
3623,0.448634,-0.02673,-2.81215e-05
3624,0.448634,-0.02673,-2.81215e-05
3625,0.490869,-0.06045,-9.25647e-05
3626,0.462864,-0.00788,-0.0002517
3627,0.473958,-0.0301,-0.000158324
3628,0.481416,-0.03936,-0.000121676
3629,0.59352,-0.07247,-0.000150891
3630,0.59352,-0.07247,-0.000150891
3631,0.568004,-0.07028,-8.72556e-05
3632,0.568004,-0.07028,-8.72556e-05
3633,0.55644,-0.06394,-0.000175778
3634,0.647129,-0.11928,-0.000212707
3635,0.589,-0.10588,-8.26106e-05
3636,0.444757,-0.04387,5.93711e-05
3637,0.444757,-0.04387,5.93711e-05
3638,0.444757,-0.04387,5.93711e-05
3639,0.444757,-0.04387,5.93711e-05
3640,0.444757,-0.04387,5.93711e-05
3641,0.440612,-0.04185,7.9967e-05
3642,0.417187,-0.01466,0.000109445
3643,0.417187,-0.01466,0.000109445
3644,0.417187,-0.01466,0.000109445
3645,0.417187,-0.01466,0.000109445
3646,0.426633,-0.03363,0.000168931
3647,0.426633,-0.03363,0.000168931
3648,0.420865,-0.04383,0.000170095
3649,0.420865,-0.04383,0.000170095
3650,0.397329,-0.02032,6.56189e-05
3651,0.397329,-0.02032,6.56189e-05
3652,0.397329,-0.02032,6.56189e-05
3653,0.405502,-0.0032,-0.000121145
3654,0.425699,-0.02903,0.000117781
3655,0.405338,-0.02953,-0.000182829
3656,0.388052,-0.0324,0.000177431
3657,0.384463,-0.04154,4.21019e-05
3658,0.383643,-0.01621,3.73411e-05
3659,0.346826,0.023724,-0.000133664
3660,0.2976,0.034227,-0.000168299
3661,0.2976,0.034227,-0.000168299
3662,0.304271,0.028551,-0.000168451
3663,0.293554,0.014844,-0.000186811
3664,0.313129,0.008199,-0.000158575
3665,0.290162,0.028004,-0.000113839
3666,0.289642,0.014831,6.94262e-05
3667,0.281898,-0.02372,0.000131224
3668,0.246889,-0.00312,0.000177174
3669,0.248554,-0.00687,0.000318978
3670,0.248554,-0.00687,0.000318978
3671,0.269745,0.010818,7.46194e-05
3672,0.269745,0.010818,7.46194e-05
3673,0.269745,0.010818,7.46194e-05
3674,0.313083,-0.01606,6.08042e-05
3675,0.313083,-0.01606,6.08042e-05
3676,0.313083,-0.01606,6.08042e-05
3677,0.333199,-0.01672,-2.41849e-05
3678,0.39354,-0.0694,-7.39182e-05
3679,0.39354,-0.0694,-7.39182e-05
3680,0.359728,-0.05641,-8.11976e-05
3681,0.364231,-0.03922,-9.90206e-05
3682,0.351966,-0.01729,0.000359225
3683,0.351966,-0.01729,0.000359225
3684,0.361446,-0.02814,0.000261327
3685,0.352246,-0.02155,8.09363e-05
3686,0.325301,-0.01106,-5.36667e-05
3687,0.311738,-0.00085,-8.7528e-05
3688,0.345216,-0.01702,0.000251352
3689,0.345216,-0.01702,0.000251352
3690,0.372781,-0.00087,0.00025867
3691,0.372781,-0.00087,0.00025867
3692,0.339062,-0.02115,-0.000102079
3693,0.336896,-0.00222,5.93166e-05
3694,0.368052,-0.0285,-0.000384677
3695,0.355718,-0.03172,-0.000131669
3696,0.409303,-0.05078,-0.000151665
3697,0.393345,-0.04722,-0.000399158
3698,0.398216,-0.03451,-5.57681e-05
3699,0.40033,-0.03553,1.29476e-06
3700,0.447217,-0.05368,5.58983e-05
3701,0.447217,-0.05368,5.58983e-05
3702,0.405611,-0.07856,-5.68891e-05
3703,0.412262,-0.08448,0.000190255
3704,0.358992,-0.07627,0.000167706
3705,0.358992,-0.07627,0.000167706
3706,0.327366,-0.07305,5.21788e-05
3707,0.327366,-0.07305,5.21788e-05
3708,0.374256,-0.08641,-0.000184553
3709,0.381343,-0.08019,1.65174e-05
3710,0.381343,-0.08019,1.65174e-05
3711,0.442027,-0.10253,-0.000110533
3712,0.464414,-0.11046,2.79683e-06
3713,0.449079,-0.07322,-6.26765e-05
3714,0.44164,-0.09299,1.84028e-05
3715,0.407753,-0.08624,-0.000239452
3716,0.407753,-0.08624,-0.000239452
3717,0.43826,-0.07288,8.52679e-05
3718,0.423356,-0.07466,-0.000212876
3719,0.398559,-0.02812,0.000162729
3720,0.402693,-0.04737,0.000125612
3721,0.447194,-0.08286,1.17595e-05
3722,0.487915,-0.09041,-0.000110093
3723,0.519271,-0.10406,0.00010982
3724,0.51637,-0.12847,0.000140759
3725,0.465165,-0.10444,-4.63164e-05
3726,0.419639,-0.05661,-1.9729e-05
3727,0.462386,-0.04688,6.37498e-05
3728,0.484505,-0.04558,0.000124025
3729,0.478017,-0.06109,-8.0373e-05
3730,0.464255,-0.03365,0.000137149
3731,0.464255,-0.03365,0.000137149
3732,0.464255,-0.03365,0.000137149
3733,0.493711,-0.05396,6.3434e-05
3734,0.566516,-0.09235,-6.60631e-05
3735,0.566516,-0.09235,-6.60631e-05
3736,0.566516,-0.09235,-6.60631e-05
3737,0.566516,-0.09235,-6.60631e-05
3738,0.566516,-0.09235,-6.60631e-05
3739,0.449264,-0.05181,-0.000163035
3740,0.449264,-0.05181,-0.000163035
3741,0.483821,-0.05107,-7.18966e-05
3742,0.483821,-0.05107,-7.18966e-05
3743,0.483821,-0.05107,-7.18966e-05
3744,0.47145,-0.0576,6.63998e-05
3745,0.47145,-0.0576,6.63998e-05
3746,0.421236,-0.05808,0.00013304
3747,0.421236,-0.05808,0.00013304
3748,0.415323,-0.06608,-4.6485e-05
3749,0.415323,-0.06608,-4.6485e-05
3750,0.415323,-0.06608,-4.6485e-05
3751,0.437506,-0.06829,2.58302e-05
3752,0.448601,-0.06824,-0.000119196
3753,0.443272,-0.10092,-0.000125717
3754,0.38327,-0.0516,-9.97031e-05
3755,0.389252,-0.06351,-0.000114371
3756,0.374197,-0.06787,-0.000303378
3757,0.374197,-0.06787,-0.000303378
3758,0.397346,-0.05742,-0.000188997
3759,0.397346,-0.05742,-0.000188997
3760,0.397346,-0.05742,-0.000188997
3761,0.375007,-0.0504,0.000212283
3762,0.380007,-0.06603,0.000212621
3763,0.419349,-0.08393,-3.04261e-05
3764,0.419349,-0.08393,-3.04261e-05
3765,0.388522,-0.04381,0.000177856
3766,0.410159,-0.05845,0.000231179
3767,0.354978,-0.0209,6.89126e-05
3768,0.374944,-0.02553,2.522e-05
3769,0.33409,-0.0201,-6.00786e-05
3770,0.391005,-0.03777,5.51981e-05
3771,0.410628,-0.03223,-7.52199e-05
3772,0.410628,-0.03223,-7.52199e-05
3773,0.408091,-0.03402,-3.81512e-05
3774,0.408091,-0.03402,-3.81512e-05
3775,0.408091,-0.03402,-3.81512e-05
3776,0.407834,-0.01826,-1.56014e-05
3777,0.407531,-0.01129,-3.30744e-05
3778,0.407531,-0.01129,-3.30744e-05
3779,0.413542,-0.02081,0.000118033
3780,0.425746,-0.06632,8.45449e-05
3781,0.439399,-0.0565,0.000110725
3782,0.439399,-0.0565,0.000110725
3783,0.524287,-0.11438,-2.84373e-05
3784,0.525425,-0.09893,0.000229611
3785,0.569978,-0.1358,0.000240902
3786,0.462039,-0.06523,5.88805e-05
3787,0.462039,-0.06523,5.88805e-05
3788,0.462039,-0.06523,5.88805e-05
3789,0.406005,-0.02553,0.000116716
3790,0.349544,0.020685,-6.7871e-05
3791,0.342468,0.031045,0.000157131
3792,0.342468,0.031045,0.000157131
3793,0.360806,0.035105,-4.07324e-05
3794,0.360806,0.035105,-4.07324e-05
3795,0.372571,0.017891,3.96114e-05
3796,0.341566,0.05744,4.10422e-05
3797,0.321571,0.054524,-0.000109922
3798,0.322082,0.047776,0.00012252
3799,0.322082,0.047776,0.00012252
3800,0.360017,0.02681,7.3257e-05
3801,0.31526,0.042605,0.000140015
3802,0.31526,0.042605,0.000140015
3803,0.31359,0.050775,-0.000160962
3804,0.31359,0.050775,-0.000160962
3805,0.31359,0.050775,-0.000160962
3806,0.31359,0.050775,-0.000160962
3807,0.339046,0.037183,-3.99392e-05
3808,0.368923,0.018265,7.22799e-05
3809,0.336341,0.047084,-8.56059e-05
3810,0.336341,0.047084,-8.56059e-05
3811,0.29825,0.077009,-4.61323e-05
3812,0.316864,0.089483,-4.9284e-05
3813,0.303741,0.075732,9.58762e-05
3814,0.257912,0.103821,0.000207356
3815,0.257912,0.103821,0.000207356
3816,0.271681,0.093437,0.000257701
3817,0.271681,0.093437,0.000257701
3818,0.26992,0.098422,0.000144904
3819,0.274579,0.106762,0.000176414
3820,0.293053,0.116812,0.000135557
3821,0.293053,0.116812,0.000135557
3822,0.283586,0.119038,8.73931e-06
3823,0.295362,0.06526,0.000213111
3824,0.295362,0.06526,0.000213111
3825,0.291933,0.070018,-0.000112821
3826,0.291933,0.070018,-0.000112821
3827,0.302211,0.081309,3.76937e-05
3828,0.303373,0.092337,0.000133325
3829,0.298325,0.057605,8.67644e-05
3830,0.271079,0.075263,0.000281255
3831,0.271079,0.075263,0.000281255
3832,0.248926,0.091914,-0.000108231
3833,0.248926,0.091914,-0.000108231
3834,0.248926,0.091914,-0.000108231
3835,0.248926,0.091914,-0.000108231
3836,0.248926,0.091914,-0.000108231
3837,0.257345,0.100555,0.000150494
3838,0.258478,0.077777,0.000109912
3839,0.295349,0.054824,-8.6021e-05
3840,0.295349,0.054824,-8.6021e-05
3841,0.302185,0.053908,-3.91486e-05
3842,0.26602,0.056893,0.000273369
3843,0.28419,0.005047,0.000125422
3844,0.271269,0.016054,-0.00015947
3845,0.316829,-0.00492,-4.62449e-05
3846,0.288877,0.009729,0.000165317
3847,0.392978,-0.07935,3.9849e-05
3848,0.312552,-0.01273,-0.000153596
3849,0.311775,0.006325,-0.00011768
3850,0.311775,0.006325,-0.00011768
3851,0.307231,-0.00441,-8.78813e-05
3852,0.295201,0.022677,-8.58581e-05
3853,0.295201,0.022677,-8.58581e-05
3854,0.295201,0.022677,-8.58581e-05
3855,0.341985,-0.0095,4.37482e-05
3856,0.332094,0.018587,-3.60769e-05
3857,0.332094,0.018587,-3.60769e-05
3858,0.332094,0.018587,-3.60769e-05
3859,0.332094,0.018587,-3.60769e-05
3860,0.338765,0.016671,-0.000124189
3861,0.33553,0.02149,-1.30808e-05
3862,0.305391,0.023899,0.000130015
3863,0.292377,0.037619,0.000140726
3864,0.296816,0.016897,-7.59128e-05
3865,0.296816,0.016897,-7.59128e-05
3866,0.310426,0.028736,-0.000178693
3867,0.310426,0.028736,-0.000178693
3868,0.283106,0.047819,-7.32225e-05
3869,0.264429,0.061953,-9.61289e-05
3870,0.264429,0.061953,-9.61289e-05
3871,0.240739,0.044003,-4.19514e-05
3872,0.249713,0.04809,0.00010688
3873,0.250728,0.042388,9.50307e-05
3874,0.244519,0.05399,2.97806e-05
3875,0.258444,0.053672,-0.000170167
3876,0.251973,0.048891,-0.000111048
3877,0.251973,0.048891,-0.000111048
3878,0.251973,0.048891,-0.000111048
3879,0.259541,0.04475,2.22152e-05
3880,0.253644,0.05466,0.00010613
3881,0.253644,0.05466,0.00010613
3882,0.255352,0.063449,6.15748e-05
3883,0.239887,0.062457,8.99576e-05
3884,0.279314,0.006513,-0.000124285
3885,0.265102,0.038436,0.000189043
3886,0.231175,0.072899,5.05075e-05
3887,0.231175,0.072899,5.05075e-05
3888,0.231175,0.072899,5.05075e-05
3889,0.273017,0.042005,-0.000263378
3890,0.341129,0.014319,2.17874e-05
3891,0.341129,0.014319,2.17874e-05
3892,0.334419,0.019601,-6.78396e-05
3893,0.322345,0.002283,-0.000126646
3894,0.322345,0.002283,-0.000126646
3895,0.322345,0.002283,-0.000126646
3896,0.281755,0.038987,-0.000281749
3897,0.281755,0.038987,-0.000281749
3898,0.294871,0.019365,3.51422e-05
3899,0.305776,0.007959,2.45254e-05
3900,0.273702,0.051722,9.04942e-05
3901,0.23931,0.076069,0.000211095
3902,0.251563,0.063755,0.000193361
3903,0.256177,0.047132,-0.000144853
3904,0.269696,0.061851,7.66093e-05
3905,0.269886,0.066188,0.000109344
3906,0.304042,0.035272,0.00022515
3907,0.330059,0.010859,-0.000146778
3908,0.299702,0.017025,0.000113678
3909,0.304403,0.044546,0.000246475
3910,0.30052,0.050948,0.000190075
3911,0.274192,0.079282,5.90241e-05
3912,0.270633,0.079532,7.50302e-05
3913,0.270633,0.079532,7.50302e-05
3914,0.270633,0.079532,7.50302e-05
3915,0.291673,0.058482,-0.000162547
3916,0.285992,0.058201,-0.000107123
3917,0.276538,0.043412,-0.000171426
3918,0.276538,0.043412,-0.000171426
3919,0.292149,0.039846,-8.58022e-05
3920,0.301185,0.035895,-4.56254e-05
3921,0.30012,0.034926,-3.93736e-05
3922,0.288506,0.043119,5.01459e-05
3923,0.278281,0.059792,-1.00857e-05
3924,0.278281,0.059792,-1.00857e-05
3925,0.292037,0.047244,-0.000122981
3926,0.292037,0.047244,-0.000122981
3927,0.292037,0.047244,-0.000122981
3928,0.268976,0.082504,7.49518e-05
3929,0.268976,0.082504,7.49518e-05
3930,0.273476,0.071413,-8.71683e-05
3931,0.31922,0.019616,-4.36538e-05
3932,0.307093,0.038825,7.51443e-07
3933,0.307093,0.038825,7.51443e-07
3934,0.296997,0.025152,-8.14969e-06
3935,0.278884,0.056568,3.92026e-05
3936,0.302998,0.06111,0.000167698
3937,0.322199,0.027348,-6.21132e-05
3938,0.295085,0.052756,0.000317564
3939,0.305272,0.067369,0.0001411
3940,0.307413,0.062273,9.62521e-06
3941,0.307413,0.062273,9.62522e-06
3942,0.307413,0.062273,9.62522e-06
3943,0.301606,0.046899,1.71207e-05
3944,0.309783,0.04201,0.000137447
3945,0.309783,0.04201,0.000137447
3946,0.341666,0.00755,0.000197672
3947,0.341666,0.00755,0.000197672
3948,0.307452,0.028868,0.000204972
3949,0.307452,0.028868,0.000204972
3950,0.307452,0.028868,0.000204972
3951,0.271368,0.043409,-6.61484e-05
3952,0.258244,0.055441,-0.000140463
3953,0.258244,0.055441,-0.000140463
3954,0.258244,0.055441,-0.000140463
3955,0.258244,0.055441,-0.000140463
3956,0.258244,0.055441,-0.000140463
3957,0.301914,0.041509,2.96577e-05
3958,0.301914,0.041509,2.96577e-05
3959,0.301914,0.041509,2.96577e-05
3960,0.301914,0.041509,2.96577e-05
3961,0.356742,0.012464,-0.000126237
3962,0.356742,0.012464,-0.000126237
3963,0.306755,0.022379,3.58655e-05
3964,0.297149,0.016619,6.29694e-06
3965,0.296845,0.034739,-0.000138962
3966,0.307897,-0.01289,-1.27461e-05
3967,0.307897,-0.01289,-1.27461e-05
3968,0.341985,-0.02821,6.87936e-05
3969,0.333271,0.00443,0.000205623
3970,0.306175,0.003235,-0.000259929
3971,0.280021,0.02693,8.20078e-06
3972,0.280021,0.02693,8.20078e-06
3973,0.291003,0.007302,-0.000191787
3974,0.291003,0.007302,-0.000191787
3975,0.275973,0.054025,-4.69822e-05
3976,0.241093,0.075711,-3.41738e-05
3977,0.238194,0.061632,0.000163127
3978,0.223632,0.038746,-0.000163114
3979,0.223632,0.038746,-0.000163114
3980,0.231558,0.048018,1.28289e-05
3981,0.200218,0.079884,-7.58355e-05
3982,0.242297,0.044395,1.81525e-05
3983,0.244636,0.032967,-3.40118e-07
3984,0.256903,0.026167,0.000160819
3985,0.287882,0.033405,-0.000219079
3986,0.287882,0.033405,-0.000219079
3987,0.26995,0.077605,-0.000141509
3988,0.255463,0.048547,-0.00015787
3989,0.255463,0.048547,-0.00015787
3990,0.257046,0.041793,3.59401e-05
3991,0.296288,-0.00834,0.000112214
3992,0.292062,0.000104,0.000103237
3993,0.241944,0.057317,-2.77088e-05
3994,0.261388,0.030565,-0.000337865
3995,0.263113,0.034555,-0.00026882
3996,0.315532,0.014046,-9.01628e-05
3997,0.3165,0.001337,9.17575e-05
3998,0.3165,0.001337,9.17575e-05
3999,0.3165,0.001337,9.17575e-05
4000,0.258575,0.035993,6.16175e-05
4001,0.25563,0.03415,-0.000118563
4002,0.26936,0.024634,-0.00027347
4003,0.26936,0.024634,-0.00027347
4004,0.26936,0.024634,-0.00027347
4005,0.283327,0.033642,-3.83298e-05
4006,0.245547,0.061854,4.70776e-05
4007,0.245547,0.061854,4.70776e-05
4008,0.217738,0.06772,5.29218e-05
4009,0.227471,0.072258,1.18004e-05
4010,0.245065,0.058781,0.000112213
4011,0.263065,0.044282,0.000158943
4012,0.294101,0.046241,-5.99202e-05
4013,0.294101,0.046241,-5.99202e-05
4014,0.325407,-0.00231,0.000149427
4015,0.317061,0.017033,-0.000119834
4016,0.317061,0.017033,-0.000119834
4017,0.317061,0.017033,-0.000119834
4018,0.354581,-0.00318,-2.00477e-05
4019,0.324068,0.047811,0.000102793
4020,0.332893,0.03335,-1.16369e-05
4021,0.348262,0.007644,8.34346e-05
4022,0.354828,0.034659,3.17309e-05
4023,0.354828,0.034659,3.17309e-05
4024,0.356075,0.008729,0.000112175
4025,0.331556,0.021131,0.000157311
4026,0.317343,0.047686,9.08295e-06
4027,0.348545,0.03852,3.11068e-06
4028,0.332331,0.056599,0.000201431
4029,0.325444,0.038217,1.04373e-05
4030,0.307181,0.050216,-2.54785e-05
4031,0.317814,0.044395,2.3136e-05
4032,0.301085,0.058703,4.52468e-05
4033,0.301085,0.058703,4.52468e-05
4034,0.293348,0.038189,-2.64038e-06
4035,0.293348,0.038189,-2.64038e-06
4036,0.319861,0.072037,2.16119e-07
4037,0.283688,0.084565,0.00011262
4038,0.292833,0.089017,8.96146e-05
4039,0.319948,0.081382,0.000350791
4040,0.332613,0.063621,7.6244e-05
4041,0.335252,0.078834,7.60339e-05
4042,0.324419,0.08871,-8.57095e-05
4043,0.324419,0.08871,-8.57095e-05
4044,0.324419,0.08871,-8.57095e-05
4045,0.324419,0.08871,-8.57095e-05
4046,0.324419,0.08871,-8.57095e-05
4047,0.324419,0.08871,-8.57095e-05
4048,0.319081,0.111411,-3.62012e-05
4049,0.32438,0.115086,-3.64539e-05
4050,0.322281,0.1048,-5.61104e-05
4051,0.370156,0.083419,-9.78984e-05
4052,0.370156,0.083419,-9.78984e-05
4053,0.385664,0.05832,-0.000137788
4054,0.385664,0.05832,-0.000137788
4055,0.385664,0.05832,-0.000137788
4056,0.385664,0.05832,-0.000137788
4057,0.345014,0.079137,-7.28078e-05
4058,0.328299,0.092928,-2.46882e-05
4059,0.330405,0.108992,5.16972e-05
4060,0.330405,0.108992,5.16972e-05
4061,0.336521,0.097614,1.88452e-05
4062,0.35206,0.099348,-6.97419e-05
4063,0.35206,0.099348,-6.97419e-05
4064,0.35206,0.099348,-6.97419e-05
4065,0.343298,0.092042,7.47695e-05
4066,0.302359,0.101027,-4.92496e-05
4067,0.288932,0.138419,0.000128979
4068,0.288932,0.138419,0.000128979
4069,0.288932,0.138419,0.000128979
4070,0.288932,0.138419,0.000128979
4071,0.295543,0.158983,0.000159584
4072,0.295543,0.158983,0.000159584
4073,0.295612,0.147803,1.357e-05
4074,0.295612,0.147803,1.357e-05
4075,0.295612,0.147803,1.357e-05
4076,0.279636,0.122001,-2.12188e-06
4077,0.303769,0.126487,0.000156633
4078,0.299755,0.107905,1.91728e-05
4079,0.30182,0.117499,0.000139953
4080,0.30182,0.117499,0.000139953
4081,0.341124,0.079721,-2.22646e-05
4082,0.321935,0.069988,0.000201884
4083,0.334889,0.06618,7.4448e-05
4084,0.290169,0.086792,0.000195292
4085,0.27249,0.10603,0.000111231
4086,0.27249,0.10603,0.000111231
4087,0.27249,0.10603,0.000111231
4088,0.284837,0.092405,0.000145301
4089,0.284837,0.092405,0.000145301
4090,0.300032,0.048034,-1.39256e-05
4091,0.300032,0.048034,-1.39256e-05
4092,0.255419,0.107782,5.28348e-05
4093,0.238847,0.119233,-9.68407e-05
4094,0.225436,0.143969,-3.67151e-05
4095,0.234918,0.15362,2.3131e-05
4096,0.234918,0.15362,2.3131e-05
4097,0.260002,0.126649,2.16238e-05
4098,0.260002,0.126649,2.16238e-05
4099,0.250999,0.131322,-0.000132457
4100,0.281485,0.131568,3.06745e-05
4101,0.275746,0.10425,-1.41645e-05
4102,0.26051,0.113496,-5.54669e-05
4103,0.259302,0.133565,0.000106639
4104,0.259313,0.138668,0.000244172
4105,0.253685,0.133582,0.000118865
4106,0.253685,0.133582,0.000118865
4107,0.246414,0.144459,-0.000119298
4108,0.256727,0.105723,-9.83592e-05
4109,0.256727,0.105723,-9.83592e-05
4110,0.256727,0.105723,-9.83592e-05
4111,0.244782,0.104026,-0.000163488
4112,0.23774,0.136032,-3.77886e-05
4113,0.23774,0.136032,-3.77886e-05
4114,0.25422,0.130146,-0.000214847
4115,0.242943,0.165051,-0.000105674
4116,0.240612,0.160327,-0.000127048
4117,0.241195,0.128289,-9.35724e-05
4118,0.241195,0.128289,-9.35724e-05
4119,0.224006,0.133503,0.000109567
4120,0.21313,0.170276,-4.52806e-05
4121,0.21313,0.170276,-4.52806e-05
4122,0.208723,0.15866,-6.78528e-07
4123,0.225932,0.129827,-4.02488e-05
4124,0.225932,0.129827,-4.02488e-05
4125,0.246941,0.138967,-2.23713e-05
4126,0.246941,0.138967,-2.23713e-05
4127,0.283076,0.118019,8.73888e-05
4128,0.283076,0.118019,8.73888e-05
4129,0.283076,0.118019,8.73888e-05
4130,0.276562,0.133227,7.82266e-05
4131,0.262044,0.125862,0.000152586
4132,0.252984,0.126343,-0.000150498
4133,0.252984,0.126343,-0.000150498
4134,0.252984,0.126343,-0.000150498
4135,0.252984,0.126343,-0.000150498
4136,0.252984,0.126343,-0.000150498
4137,0.252984,0.126343,-0.000150498
4138,0.252984,0.126343,-0.000150498
4139,0.273665,0.097866,-7.3269e-05
4140,0.273665,0.097866,-7.3269e-05
4141,0.294135,0.09161,5.03793e-05
4142,0.294135,0.09161,5.03793e-05
4143,0.295827,0.116671,0.000129924
4144,0.295827,0.116671,0.000129924
4145,0.300819,0.085405,4.54201e-05
4146,0.30438,0.087347,-0.000118544
4147,0.30438,0.087347,-0.000118544
4148,0.31381,0.09521,0.000116755
4149,0.31381,0.09521,0.000116755
4150,0.297748,0.10921,-4.00405e-05
4151,0.320128,0.091962,0.000235587
4152,0.325366,0.073408,-5.11895e-05
4153,0.32576,0.101424,-2.73482e-05
4154,0.302287,0.143199,0.000104828
4155,0.311641,0.134708,0.000140031
4156,0.302813,0.110605,-5.58572e-05
4157,0.302813,0.110605,-5.58572e-05
4158,0.320244,0.116433,-0.00018029
4159,0.320244,0.116433,-0.00018029
4160,0.347031,0.080065,-5.21813e-05
4161,0.34738,0.072282,-0.00019649
4162,0.331543,0.071842,-1.29556e-05
4163,0.332729,0.084537,-3.63383e-05
4164,0.332729,0.084537,-3.63383e-05
4165,0.324363,0.076961,6.80191e-05
4166,0.281851,0.116893,-7.78824e-05
4167,0.273474,0.122109,0.000160527
4168,0.273295,0.136159,-2.65771e-05
4169,0.263893,0.12879,8.1014e-06
4170,0.250772,0.119902,-0.000150374
4171,0.250772,0.119902,-0.000150374
4172,0.243608,0.117591,5.19824e-05
4173,0.243608,0.117591,5.19824e-05
4174,0.274607,0.087713,-0.000185875
4175,0.274607,0.087713,-0.000185875
4176,0.275533,0.089935,-0.000119413
4177,0.275735,0.079159,-0.00010661
4178,0.256153,0.105978,0.000107098
4179,0.274599,0.109765,-2.47599e-05
4180,0.255623,0.128463,-1.72535e-05
4181,0.273943,0.116551,-0.000152297
4182,0.273777,0.09239,-1.84846e-05
4183,0.273777,0.09239,-1.84846e-05
4184,0.275711,0.077999,-4.37262e-05
4185,0.269987,0.064058,2.06165e-05
4186,0.281718,0.071194,2.45338e-05
4187,0.281718,0.071194,2.45338e-05
4188,0.288104,0.067738,-0.000440171
4189,0.288104,0.067738,-0.000440171
4190,0.275796,0.082681,-0.000100969
4191,0.263579,0.092753,-0.000302312
4192,0.254093,0.088406,-5.82792e-06
4193,0.254093,0.088406,-5.82792e-06
4194,0.254093,0.088406,-5.82792e-06
4195,0.254093,0.088406,-5.82792e-06
4196,0.238593,0.077064,-2.59882e-05
4197,0.263084,0.06592,-6.77894e-05
4198,0.263084,0.06592,-6.77894e-05
4199,0.273552,0.075935,4.2457e-05
4200,0.300999,0.079798,-4.10504e-05
4201,0.306002,0.086089,-2.65417e-05
4202,0.306002,0.086089,-2.65417e-05
4203,0.31354,0.109793,0.000285067
4204,0.334184,0.144127,3.03656e-05
4205,0.334184,0.144127,3.03656e-05
4206,0.327642,0.150199,1.63498e-05
4207,0.327642,0.150199,1.63498e-05
4208,0.327642,0.150199,1.63498e-05
4209,0.347651,0.154111,-1.73918e-05
4210,0.347005,0.152048,-2.55911e-05
4211,0.347005,0.152048,-2.55912e-05
4212,0.331707,0.178192,5.19082e-06
4213,0.331707,0.178192,5.19082e-06
4214,0.331707,0.178192,5.19082e-06
4215,0.331707,0.178192,5.19082e-06
4216,0.361658,0.134491,-6.28073e-06
4217,0.323589,0.142726,-9.39251e-05
4218,0.323444,0.166002,-0.000192319
4219,0.305155,0.163179,-7.56776e-05
4220,0.3068,0.165641,5.52602e-05
4221,0.31948,0.155253,-0.000179548
4222,0.290472,0.157968,-0.000169381
4223,0.290472,0.157968,-0.000169381
4224,0.293236,0.182469,-0.000168389
4225,0.292076,0.160673,-8.49942e-05
4226,0.292076,0.160673,-8.49942e-05
4227,0.292076,0.160673,-8.49942e-05
4228,0.296334,0.148679,-0.000151903
4229,0.284457,0.16296,-6.57354e-05
4230,0.283031,0.148699,-3.49267e-05
4231,0.283031,0.148699,-3.49267e-05
4232,0.292654,0.129723,-1.32933e-05
4233,0.310556,0.134367,-9.70794e-05
4234,0.326489,0.101335,-9.64211e-05
4235,0.324412,0.110612,0.00016486
4236,0.284265,0.117355,-0.000150087
4237,0.322744,0.086509,-6.90645e-05
4238,0.327131,0.081431,-4.13696e-05
4239,0.327131,0.081431,-4.13696e-05
4240,0.327131,0.081431,-4.13696e-05
4241,0.327131,0.081431,-4.13696e-05
4242,0.292638,0.119304,-0.000224314
4243,0.296443,0.112086,3.44885e-05
4244,0.310607,0.087199,-7.37667e-05
4245,0.340977,0.054494,-1.19134e-06
4246,0.340977,0.054494,-1.19134e-06
4247,0.405382,0.031346,-0.000149339
4248,0.405382,0.031346,-0.000149339
4249,0.359387,0.049502,7.47265e-05
4250,0.353431,0.054801,-4.78551e-05
4251,0.353431,0.054801,-4.78551e-05
4252,0.333318,0.056952,-4.13398e-05
4253,0.315096,0.059177,0.000222435
4254,0.320416,0.066643,0.000288537
4255,0.332089,0.061595,6.2975e-05
4256,0.302847,0.084206,9.05648e-05
4257,0.265983,0.113358,0.000143258
4258,0.265983,0.113358,0.000143258
4259,0.265983,0.113358,0.000143258
4260,0.265983,0.113358,0.000143258
4261,0.25528,0.11332,3.58636e-05
4262,0.257273,0.084131,-0.000192633
4263,0.257273,0.084131,-0.000192633
4264,0.280007,0.054005,-8.7203e-05
4265,0.335138,0.062145,-0.000428065
4266,0.298304,0.081701,-0.000171942
4267,0.298304,0.081701,-0.000171942
4268,0.282123,0.085436,-0.000307931
4269,0.282123,0.085436,-0.000307931
4270,0.268352,0.120055,-0.000273124
4271,0.268352,0.120055,-0.000273124
4272,0.27522,0.118211,-0.000182709
4273,0.294377,0.09699,3.63501e-05
4274,0.294377,0.09699,3.63501e-05
4275,0.294377,0.09699,3.63501e-05
4276,0.294377,0.09699,3.63501e-05
4277,0.309365,0.080367,0.000161314
4278,0.310247,0.079873,-0.000184326
4279,0.311364,0.093401,-3.6326e-05
4280,0.295814,0.098804,-0.000153237
4281,0.289058,0.123709,-0.000258597
4282,0.313608,0.144977,-4.35761e-05
4283,0.313608,0.144977,-4.35761e-05
4284,0.313608,0.144977,-4.35761e-05
4285,0.334345,0.106564,-0.000104591
4286,0.30588,0.102008,-7.40852e-05
4287,0.307046,0.08386,-0.000124621
4288,0.293858,0.092216,-3.86079e-07
4289,0.28787,0.076355,-6.82418e-05
4290,0.319681,0.024101,-0.000147368
4291,0.266978,0.087981,0.000158537
4292,0.273729,0.066867,-5.85014e-05
4293,0.240294,0.105597,-0.000116924
4294,0.254041,0.08413,0.000259374
4295,0.254041,0.08413,0.000259374
4296,0.250353,0.085158,3.92806e-05
4297,0.236999,0.092747,3.20742e-05
4298,0.269576,0.051757,-0.000132604
4299,0.271025,0.048112,3.56361e-05
4300,0.29551,0.028412,-1.69397e-06
4301,0.276019,0.053288,-8.1879e-05
4302,0.315331,0.026938,-2.17359e-05
4303,0.317656,0.025912,-3.30279e-05
4304,0.360226,0.020517,4.25425e-05
4305,0.352434,0.033342,0.000267862
4306,0.352434,0.033342,0.000267862
4307,0.291326,0.076131,0.000107545
4308,0.291326,0.076131,0.000107545
4309,0.291326,0.076131,0.000107545
4310,0.289059,0.087297,-7.46453e-06
4311,0.245345,0.105611,0.00012339
4312,0.245345,0.105611,0.00012339
4313,0.261452,0.092796,0.000160691
4314,0.256655,0.097032,-7.93716e-05
4315,0.256655,0.097032,-7.93716e-05
4316,0.256655,0.097032,-7.93716e-05
4317,0.274545,0.088418,-3.11493e-06
4318,0.267479,0.096094,-0.000198067
4319,0.275083,0.065356,-0.000110728
4320,0.252917,0.100538,-2.18014e-05
4321,0.252917,0.100538,-2.18014e-05
4322,0.24464,0.12803,6.70008e-05
4323,0.24464,0.12803,6.70008e-05
4324,0.24464,0.12803,6.70008e-05
4325,0.24464,0.12803,6.70008e-05
4326,0.243706,0.091434,-0.000106196
4327,0.231878,0.139348,-0.00027312
4328,0.240368,0.096245,-0.000141945
4329,0.260753,0.063475,-0.000161281
4330,0.224705,0.111341,-0.000187968
4331,0.244041,0.09397,8.02784e-05
4332,0.237357,0.111293,-0.000105579
4333,0.232728,0.127373,-7.58104e-05
4334,0.228474,0.1361,0.000149331
4335,0.208921,0.146918,0.000185988
4336,0.208921,0.146918,0.000185988
4337,0.213723,0.118094,0.000153542
4338,0.216265,0.102766,-5.07135e-05
4339,0.230457,0.094933,-1.92374e-05
4340,0.229028,0.119219,0.000127621
4341,0.222406,0.111545,0.000246828
4342,0.234963,0.145601,8.5375e-05
4343,0.238782,0.174825,9.09457e-05
4344,0.260635,0.162371,0.000178458
4345,0.260635,0.162371,0.000178458
4346,0.260635,0.162371,0.000178458
4347,0.260635,0.162371,0.000178458
4348,0.260635,0.162371,0.000178458
4349,0.25603,0.185204,4.55039e-05
4350,0.250665,0.168893,0.000119503
4351,0.250665,0.168893,0.000119503
4352,0.250665,0.168893,0.000119503
4353,0.250665,0.168893,0.000119503
4354,0.283718,0.141994,6.55211e-05
4355,0.283718,0.141994,6.55211e-05
4356,0.279234,0.140007,-8.24864e-05
4357,0.293507,0.13778,1.18074e-06
4358,0.267402,0.173117,0.000147526
4359,0.267402,0.173117,0.000147526
4360,0.267402,0.173117,0.000147526
4361,0.267402,0.173117,0.000147526
4362,0.254522,0.164132,9.43418e-05
4363,0.263948,0.185281,-9.7841e-06
4364,0.263948,0.185281,-9.7841e-06
4365,0.259649,0.16499,0.000140817
4366,0.270575,0.17218,7.4794e-05
4367,0.27331,0.200763,-5.41747e-05
4368,0.268665,0.203966,-1.50968e-05
4369,0.26214,0.207982,-0.000225964
4370,0.270744,0.197777,-4.30982e-05
4371,0.261036,0.212846,-0.000173893
4372,0.266943,0.22162,-0.000111911
4373,0.266943,0.22162,-0.000111911
4374,0.26685,0.199767,2.33902e-05
4375,0.270753,0.173143,-0.00010933
4376,0.270753,0.173143,-0.00010933
4377,0.270531,0.159892,9.94808e-05
4378,0.266783,0.175292,9.50902e-05
4379,0.266783,0.175292,9.50902e-05
4380,0.266783,0.175292,9.50902e-05
4381,0.262463,0.205622,-8.79841e-05
4382,0.251584,0.213307,9.28489e-05
4383,0.261339,0.181602,-2.43922e-05
4384,0.261339,0.181602,-2.43922e-05
4385,0.266069,0.185992,-1.71566e-05
4386,0.266069,0.185992,-1.71566e-05
4387,0.274535,0.201033,2.13629e-05
4388,0.274535,0.201033,2.13629e-05
4389,0.295813,0.169425,0.000227478
4390,0.348125,0.122281,9.05967e-05
4391,0.348125,0.122281,9.05967e-05
4392,0.318628,0.132812,3.77672e-05
4393,0.324924,0.098016,9.13924e-05
4394,0.324924,0.098016,9.13924e-05
4395,0.299476,0.088621,-5.89659e-05
4396,0.308697,0.112957,-3.2505e-06
4397,0.305409,0.121339,0.00014893
4398,0.308554,0.128754,5.42988e-05
4399,0.304709,0.111393,0.000140708
4400,0.304709,0.111393,0.000140708
4401,0.304709,0.111393,0.000140708
4402,0.341592,0.053927,8.08792e-05
4403,0.341592,0.053927,8.08792e-05
4404,0.347897,0.068022,-2.70339e-05
4405,0.315988,0.080391,0.000105078
4406,0.345063,0.060843,-0.000205286
4407,0.345063,0.060843,-0.000205286
4408,0.292692,0.093753,0.000203518
4409,0.301759,0.058312,-3.14288e-05
4410,0.279852,0.083804,6.63005e-05
4411,0.279852,0.083804,6.63005e-05
4412,0.279852,0.083804,6.63005e-05
4413,0.279852,0.083804,6.63005e-05
4414,0.279852,0.083804,6.63005e-05
4415,0.263476,0.115908,4.85805e-05
4416,0.263476,0.115908,4.85805e-05
4417,0.259283,0.082245,-4.1593e-05
4418,0.241233,0.103892,3.15914e-06
4419,0.224385,0.110365,0.00016899
4420,0.224385,0.110365,0.00016899
4421,0.23326,0.117852,-6.43477e-06
4422,0.23326,0.117852,-6.43477e-06
4423,0.242123,0.14897,-2.95075e-06
4424,0.242123,0.14897,-2.95075e-06
4425,0.252583,0.157597,0.000143621
4426,0.254103,0.154711,6.56534e-05
4427,0.254103,0.154711,6.56534e-05
4428,0.254103,0.154711,6.56534e-05
4429,0.2465,0.1541,6.37756e-05
4430,0.2465,0.1541,6.37756e-05
4431,0.2465,0.1541,6.37756e-05
4432,0.2465,0.1541,6.37756e-05
4433,0.2465,0.1541,6.37756e-05
4434,0.244564,0.167425,0.000170158
4435,0.243325,0.157281,0.000159835
4436,0.242471,0.182154,6.23842e-05
4437,0.262343,0.168079,0.000133403
4438,0.275742,0.152314,6.01589e-05
4439,0.275742,0.152314,6.01589e-05
4440,0.275742,0.152314,6.01589e-05
4441,0.271102,0.142911,-6.98821e-05
4442,0.271102,0.142911,-6.98821e-05
4443,0.273437,0.139243,4.22722e-05
4444,0.284272,0.137767,9.46566e-05
4445,0.284272,0.137767,9.46566e-05
4446,0.272271,0.133447,-0.00010724
4447,0.272271,0.133447,-0.00010724
4448,0.305501,0.130454,-0.000225658
4449,0.288297,0.130717,0.000160755
4450,0.286127,0.144353,0.000185431
4451,0.286127,0.144353,0.000185431
4452,0.286127,0.144353,0.000185431
4453,0.295388,0.13828,0.000223919
4454,0.295388,0.13828,0.000223919
4455,0.281056,0.13495,0.000172076
4456,0.259294,0.192248,-8.31733e-05
4457,0.259294,0.192248,-8.31733e-05
4458,0.259294,0.192248,-8.31733e-05
4459,0.259294,0.192248,-8.31733e-05
4460,0.273444,0.176091,0.000285816
4461,0.273444,0.176091,0.000285816
4462,0.27919,0.166881,9.24696e-05
4463,0.266787,0.163435,0.000204003
4464,0.240895,0.200712,0.00026392
4465,0.261752,0.198835,0.000109504
4466,0.261752,0.198835,0.000109504
4467,0.261884,0.212166,7.72992e-05
4468,0.253494,0.21096,-1.25142e-05
4469,0.253494,0.21096,-1.25142e-05
4470,0.235907,0.193453,-7.03765e-06
4471,0.254069,0.186326,-9.47597e-05
4472,0.240073,0.194981,-0.000151898
4473,0.240073,0.194981,-0.000151898
4474,0.235145,0.190502,-4.94893e-05
4475,0.255748,0.211354,0.000217176
4476,0.255748,0.211354,0.000217176
4477,0.251659,0.205144,0.000100626
4478,0.265195,0.210945,0.000148641
4479,0.271592,0.193709,-0.000187634
4480,0.288244,0.1907,-0.000125374
4481,0.288244,0.1907,-0.000125374
4482,0.295305,0.192435,-0.000150927
4483,0.295305,0.192435,-0.000150927
4484,0.295305,0.192435,-0.000150927
4485,0.295305,0.192435,-0.000150927
4486,0.295305,0.192435,-0.000150927
4487,0.301783,0.167508,-3.46497e-05
4488,0.293081,0.170171,-0.000123643
4489,0.293081,0.170171,-0.000123643
4490,0.297049,0.183062,-7.40062e-05
4491,0.282663,0.188604,5.39681e-05
4492,0.282663,0.188604,5.39681e-05
4493,0.280151,0.190689,4.92723e-05
4494,0.263721,0.200427,-3.58313e-05
4495,0.249205,0.218747,-0.000138439
4496,0.249205,0.218747,-0.000138439
4497,0.231116,0.203127,-4.52138e-05
4498,0.250061,0.215321,5.35771e-05
4499,0.260222,0.205876,-4.27897e-05
4500,0.277561,0.21797,-0.000123496
4501,0.298703,0.191556,9.89271e-05
4502,0.283714,0.195145,-6.1655e-05
4503,0.287305,0.163973,-0.000162346
4504,0.255105,0.208285,4.84745e-05
4505,0.276829,0.173809,1.96647e-06
4506,0.286728,0.14967,9.81133e-05
4507,0.272047,0.164401,-5.67243e-05
4508,0.30716,0.134728,6.69839e-06
4509,0.30716,0.134728,6.69839e-06
4510,0.260094,0.194522,-0.00013385
4511,0.260094,0.194522,-0.00013385
4512,0.260094,0.194522,-0.00013385
4513,0.260094,0.194522,-0.00013385
4514,0.251249,0.197966,-2.3835e-05
4515,0.244641,0.207884,9.5591e-05
4516,0.270963,0.185914,-0.000107661
4517,0.270963,0.185914,-0.000107661
4518,0.270963,0.185914,-0.000107661
4519,0.270963,0.185914,-0.000107661
4520,0.263774,0.170724,2.40581e-05
4521,0.263774,0.170724,2.40581e-05
4522,0.263774,0.170724,2.40581e-05
4523,0.253647,0.205155,-0.000169594
4524,0.253647,0.205155,-0.000169594
4525,0.246918,0.206901,-0.000207439
4526,0.224359,0.213432,-0.000174336
4527,0.211234,0.231543,-4.046e-05
4528,0.220963,0.212142,8.93873e-05
4529,0.220963,0.212142,8.93873e-05
4530,0.220963,0.212142,8.93873e-05
4531,0.220963,0.212142,8.93873e-05
4532,0.220963,0.212142,8.93873e-05
4533,0.25023,0.167746,-3.19361e-05
4534,0.260238,0.128693,0.000104979
4535,0.281663,0.13304,0.000218341
4536,0.263616,0.170541,0.000291288
4537,0.268803,0.167826,-3.89599e-07
4538,0.280506,0.160743,-2.85732e-05
4539,0.280506,0.160743,-2.85732e-05
4540,0.263132,0.168057,1.86746e-05
4541,0.263132,0.168057,1.86747e-05
4542,0.265991,0.173281,0.000130261
4543,0.249205,0.159117,4.90913e-05
4544,0.258095,0.142882,-8.34189e-05
4545,0.269351,0.127245,0.000153723
4546,0.252073,0.14596,4.90855e-05
4547,0.252073,0.14596,4.90855e-05
4548,0.252073,0.14596,4.90855e-05
4549,0.252073,0.14596,4.90855e-05
4550,0.264798,0.161178,8.29857e-05
4551,0.264798,0.161178,8.29857e-05
4552,0.271371,0.1281,-3.522e-05
4553,0.280623,0.116077,-0.000112867
4554,0.262365,0.149268,1.9965e-05
4555,0.259662,0.103566,0.000271562
4556,0.236423,0.119789,-2.41539e-05
4557,0.273047,0.086552,-0.000185457
4558,0.273047,0.086552,-0.000185457
4559,0.282607,0.08078,-3.16787e-05
4560,0.286727,0.093301,0.000109856
4561,0.286727,0.093301,0.000109856
4562,0.288565,0.098827,1.44969e-05
4563,0.278112,0.099068,0.000160422
4564,0.258616,0.101485,5.68243e-05
4565,0.258616,0.101485,5.68243e-05
4566,0.276173,0.070351,-3.07172e-05
4567,0.301907,0.103585,-7.61405e-05
4568,0.301907,0.103585,-7.61405e-05
4569,0.311164,0.106357,-2.44597e-05
4570,0.321513,0.104225,-3.73509e-05
4571,0.346974,0.109457,0.000115543
4572,0.306032,0.127433,0.000120507
4573,0.306032,0.127433,0.000120507
4574,0.327564,0.104901,0.000119318
4575,0.306028,0.125086,1.22728e-05
4576,0.292119,0.12107,-9.52937e-06
4577,0.292119,0.12107,-9.52937e-06
4578,0.292119,0.12107,-9.52937e-06
4579,0.292119,0.12107,-9.52937e-06
4580,0.289447,0.110598,-1.76389e-06
4581,0.32235,0.068193,-0.000112049
4582,0.358306,0.026958,8.00156e-05
4583,0.315507,0.07066,-0.000141613
4584,0.3119,0.060972,-0.000190445
4585,0.3119,0.060972,-0.000190445
4586,0.333432,0.070696,-0.000124469
4587,0.333432,0.070696,-0.000124469
4588,0.374633,0.048532,-0.00013829
4589,0.339214,0.06508,-0.000304784
4590,0.339214,0.06508,-0.000304784
4591,0.35219,0.054771,-0.000166664
4592,0.35219,0.054771,-0.000166664
4593,0.319668,0.059732,2.27681e-05
4594,0.298272,0.069949,-0.000187778
4595,0.309143,0.061037,-0.000101706
4596,0.309143,0.061037,-0.000101706
4597,0.301886,0.079562,-0.000153357
4598,0.334899,0.05582,-0.000140964
4599,0.334899,0.05582,-0.000140964
4600,0.344871,0.025888,0.000139482
4601,0.343577,0.015942,0.000121027
4602,0.343577,0.015942,0.000121027
4603,0.343577,0.015942,0.000121027
4604,0.343577,0.015942,0.000121027
4605,0.379147,-0.00152,0.000123989
4606,0.346233,0.011639,0.000143241
4607,0.339344,-0.00252,-4.67429e-05
4608,0.339344,-0.00252,-4.67429e-05
4609,0.370636,-0.01629,-4.97769e-05
4610,0.327949,0.003196,1.47347e-06
4611,0.294601,0.023115,0.000115113
4612,0.294601,0.023115,0.000115113
4613,0.316081,0.030104,-0.000228355
4614,0.316081,0.030104,-0.000228355
4615,0.296517,0.037409,-0.000100951
4616,0.283032,0.046466,-0.000256921
4617,0.297546,0.050175,-0.000104591
4618,0.260796,0.083743,-0.000101983
4619,0.260796,0.083743,-0.000101983
4620,0.321201,0.042221,-3.36515e-05
4621,0.321201,0.042221,-3.36515e-05
4622,0.303788,0.080659,-0.000212289
4623,0.294701,0.083204,5.36155e-05
4624,0.294701,0.083204,5.36155e-05
4625,0.294701,0.083204,5.36155e-05
4626,0.294701,0.083204,5.36155e-05
4627,0.294701,0.083204,5.36155e-05
4628,0.281247,0.084382,6.17975e-05
4629,0.281247,0.084382,6.17975e-05
4630,0.265002,0.077026,7.84527e-05
4631,0.273959,0.07888,1.82214e-05
4632,0.273959,0.07888,1.82214e-05
4633,0.273959,0.07888,1.82214e-05
4634,0.317154,0.084749,1.21466e-05
4635,0.326157,0.07289,-3.58119e-05
4636,0.326157,0.07289,-3.58119e-05
4637,0.326157,0.07289,-3.58119e-05
4638,0.310449,0.071592,2.28814e-05
4639,0.296931,0.098118,9.36951e-05
4640,0.31885,0.082513,8.16325e-05
4641,0.312046,0.069891,0.000273454
4642,0.312046,0.069891,0.000273454
4643,0.293237,0.088193,3.65759e-05
4644,0.293237,0.088193,3.65759e-05
4645,0.293237,0.088193,3.65759e-05
4646,0.293237,0.088193,3.65759e-05
4647,0.293021,0.080342,0.000198641
4648,0.293021,0.080342,0.000198641
4649,0.284803,0.08851,9.8414e-05
4650,0.284803,0.08851,9.8414e-05
4651,0.285555,0.122391,-2.94212e-05
4652,0.264098,0.124108,-2.31739e-06
4653,0.264098,0.124108,-2.31739e-06
4654,0.264098,0.124108,-2.31739e-06
4655,0.278932,0.117813,0.000103754
4656,0.315481,0.107991,1.56204e-05
4657,0.302536,0.139245,2.91583e-05
4658,0.302536,0.139245,2.91583e-05
4659,0.354456,0.109299,-8.43031e-05
4660,0.358605,0.094976,0.000157103
4661,0.358605,0.094976,0.000157103
4662,0.321501,0.138733,-7.60696e-05
4663,0.347759,0.099458,0.000172904
4664,0.303331,0.135056,2.60216e-05
4665,0.282149,0.150909,-0.000211477
4666,0.282149,0.150909,-0.000211477
4667,0.282149,0.150909,-0.000211477
4668,0.305796,0.126293,-0.000144597
4669,0.285898,0.162595,0.00016808
4670,0.284002,0.147274,-8.07239e-05
4671,0.284002,0.147274,-8.07239e-05
4672,0.284348,0.150413,-0.000114224
