MDTU,link
1,1.52693
2,1.4421
3,1.43691
4,1.41158
5,1.39549
6,1.38037
7,1.37205
8,1.36041
9,1.34848
10,1.33621
11,1.32972
12,1.32231
13,1.31465
14,1.30803
15,1.29924
16,1.29082
17,1.28392
18,1.27822
19,1.27363
20,1.26582
