MDTU,plaq_ss,plaq_st
1,2.01086,2.6908
2,1.84304,2.33347
3,1.8446,2.29543
4,1.78627,2.20477
5,1.75438,2.14314
6,1.71865,2.09331
7,1.70505,2.05871
8,1.67924,2.0194
9,1.6616,1.9674
10,1.63395,1.92743
11,1.61725,1.90976
12,1.60249,1.88395
13,1.58906,1.85465
14,1.57598,1.83149
15,1.55628,1.8054
16,1.53176,1.78734
17,1.5242,1.75635
18,1.50729,1.74549
19,1.50191,1.72494
20,1.48422,1.70192
