ReTr(L),ImTr(L)
0.593684,-0.748161
0.602865,-0.729816
0.62071,-0.709431
0.618188,-0.711459
0.632424,-0.697597
0.635389,-0.699816
0.620568,-0.706344
0.611284,-0.709994
0.615226,-0.700531
0.604331,-0.709418
0.594699,-0.720712
0.583122,-0.730738
0.554242,-0.753815
0.538824,-0.758059
0.554344,-0.747145
0.584131,-0.724696
0.559451,-0.75062
0.549195,-0.751827
0.531351,-0.75747
0.527916,-0.755311
