ReTr(L),ImTr(L)
14.7375,-18.5889
9.21495,-11.1396
8.64859,-10.0281
7.67709,-8.90194
7.18498,-7.92203
6.78288,-7.46056
6.23181,-7.0942
5.77928,-6.763
5.28102,-6.01119
4.86436,-5.73133
4.74526,-5.71983
4.4683,-5.49843
4.01194,-5.39717
3.73482,-5.18418
3.70232,-4.93291
3.83627,-4.74497
3.3903,-4.58752
3.33923,-4.55873
3.09092,-4.36711
2.9513,-4.18707
