MDTU,S_B
1,1.02554
2,0.978227
3,0.992744
4,0.988618
5,0.988131
6,0.988422
7,0.988942
8,0.989367
9,0.988474
10,0.988733
11,0.989338
12,0.989876
13,0.989536
14,0.99137
15,0.990387
16,0.991387
17,0.99172
18,0.991668
19,0.991897
20,0.992285
