MDTU,min_width,max_width
1,0.125822,0.0988374
2,0.110529,0.0853539
3,0.107052,0.0835161
4,0.106653,0.0828982
5,0.102371,0.079201
6,0.0995077,0.0778261
7,0.0957311,0.0747051
8,0.093908,0.0735008
9,0.0915994,0.0701308
10,0.0909404,0.0695817
11,0.0885329,0.0681991
12,0.0861243,0.0661607
13,0.0841114,0.064048
14,0.0843076,0.0632985
15,0.0810978,0.0609722
16,0.0804235,0.0611283
17,0.0769097,0.0583987
18,0.0751713,0.0568485
19,0.0747192,0.055952
20,0.0751026,0.0560632
