MDTU,min_ave,max_ave
1,0.0819353,0.300501
2,0.0518446,0.277731
3,0.0496983,0.276958
4,0.0387606,0.269711
5,0.0324034,0.265589
6,0.0255025,0.261792
7,0.0221169,0.26006
8,0.0168937,0.256718
9,0.0113545,0.253699
10,0.00597237,0.249962
11,0.00286805,0.248452
12,-0.000506274,0.246428
13,-0.00411128,0.244611
14,-0.0072453,0.242322
15,-0.011625,0.24053
16,-0.0155747,0.237659
17,-0.0187107,0.236015
18,-0.021743,0.23454
19,-0.0245019,0.233262
20,-0.028095,0.230827
