MDTU,S_F
1,7.53095e-06
2,7.69981e-06
3,7.62934e-06
4,7.93323e-06
5,7.97432e-06
6,8.03623e-06
7,8.14719e-06
8,8.17624e-06
9,8.40685e-06
10,8.59066e-06
11,8.62019e-06
12,8.63269e-06
13,8.7384e-06
14,8.78812e-06
15,8.8383e-06
16,8.99626e-06
17,8.94895e-06
18,8.95237e-06
19,9.05573e-06
20,9.11685e-06
21,9.10825e-06
22,9.17683e-06
23,9.19593e-06
24,9.3659e-06
25,9.27861e-06
26,9.08213e-06
27,9.2289e-06
28,9.41928e-06
29,9.30291e-06
30,9.54886e-06
31,9.52152e-06
32,9.53962e-06
33,9.5483e-06
34,9.69516e-06
35,9.74277e-06
36,9.80393e-06
37,9.94114e-06
38,9.94311e-06
39,9.94024e-06
40,9.9217e-06
41,9.84361e-06
42,9.96156e-06
43,9.98777e-06
44,9.98777e-06
45,1.00656e-05
46,1.00651e-05
47,1.01277e-05
48,1.035e-05
49,1.02259e-05
50,1.04819e-05
51,1.05099e-05
52,1.0356e-05
53,1.04404e-05
54,1.02223e-05
55,1.02936e-05
56,1.04013e-05
57,1.03996e-05
58,1.04987e-05
59,1.04827e-05
60,1.07531e-05
61,1.04614e-05
62,1.07181e-05
63,1.06411e-05
64,1.08665e-05
65,1.08499e-05
66,1.08631e-05
67,1.08167e-05
68,1.07649e-05
69,1.07182e-05
70,1.08154e-05
71,1.09009e-05
72,1.09273e-05
73,1.06953e-05
74,1.07055e-05
75,1.07584e-05
76,1.08494e-05
77,1.07602e-05
78,1.08683e-05
79,1.08516e-05
80,1.08515e-05
81,1.08204e-05
82,1.09405e-05
83,1.10074e-05
84,1.09741e-05
85,1.08009e-05
86,1.07256e-05
87,1.07617e-05
88,1.08116e-05
89,1.08442e-05
90,1.07461e-05
91,1.08482e-05
92,1.07088e-05
93,1.07031e-05
94,1.07015e-05
95,1.08449e-05
96,1.0641e-05
97,1.07795e-05
98,1.08637e-05
99,1.08612e-05
100,1.08071e-05
101,1.08949e-05
102,1.09542e-05
103,1.09405e-05
104,1.08935e-05
105,1.07588e-05
106,1.07292e-05
107,1.07631e-05
108,1.07542e-05
109,1.08174e-05
110,1.09077e-05
111,1.07977e-05
112,1.09459e-05
113,1.09459e-05
114,1.09127e-05
115,1.07805e-05
116,1.09596e-05
117,1.10401e-05
118,1.11165e-05
119,1.11952e-05
120,1.09763e-05
121,1.11195e-05
122,1.11679e-05
123,1.11989e-05
124,1.11687e-05
125,1.11075e-05
126,1.1036e-05
127,1.1036e-05
128,1.1036e-05
129,1.10999e-05
130,1.11895e-05
131,1.1257e-05
132,1.1257e-05
133,1.1029e-05
134,1.1097e-05
135,1.10541e-05
136,1.10475e-05
137,1.1084e-05
138,1.1212e-05
139,1.12113e-05
140,1.11049e-05
141,1.11049e-05
142,1.11049e-05
143,1.10397e-05
144,1.11016e-05
145,1.11016e-05
146,1.10399e-05
147,1.09867e-05
148,1.10281e-05
149,1.10156e-05
150,1.10197e-05
151,1.1007e-05
152,1.1007e-05
153,1.09879e-05
154,1.09876e-05
155,1.10077e-05
156,1.10077e-05
157,1.10548e-05
158,1.10977e-05
159,1.11129e-05
160,1.11129e-05
161,1.12216e-05
162,1.11606e-05
163,1.11696e-05
164,1.11696e-05
165,1.09982e-05
166,1.10029e-05
167,1.10698e-05
168,1.11285e-05
169,1.1063e-05
170,1.10825e-05
171,1.11547e-05
172,1.10908e-05
173,1.12034e-05
174,1.11951e-05
175,1.10959e-05
176,1.11807e-05
177,1.10383e-05
178,1.11e-05
179,1.10305e-05
180,1.11287e-05
181,1.11287e-05
182,1.12102e-05
183,1.12102e-05
184,1.13516e-05
185,1.11715e-05
186,1.12579e-05
187,1.12111e-05
188,1.11503e-05
189,1.12488e-05
190,1.1255e-05
191,1.12143e-05
192,1.1189e-05
193,1.11581e-05
194,1.10887e-05
195,1.12196e-05
196,1.11745e-05
197,1.11745e-05
198,1.12959e-05
199,1.13378e-05
200,1.12981e-05
201,1.133e-05
202,1.14489e-05
203,1.14489e-05
204,1.14428e-05
205,1.14428e-05
206,1.13429e-05
207,1.14846e-05
208,1.15571e-05
209,1.13281e-05
210,1.13141e-05
211,1.1429e-05
212,1.1429e-05
213,1.15182e-05
214,1.14024e-05
215,1.14024e-05
216,1.14024e-05
217,1.15121e-05
218,1.15121e-05
219,1.13192e-05
220,1.1239e-05
221,1.1354e-05
222,1.12907e-05
223,1.12586e-05
224,1.13281e-05
225,1.13281e-05
226,1.14051e-05
227,1.14051e-05
228,1.1459e-05
229,1.13868e-05
230,1.13868e-05
231,1.14992e-05
232,1.14668e-05
233,1.13986e-05
234,1.14749e-05
235,1.14109e-05
236,1.14967e-05
237,1.14698e-05
238,1.15791e-05
239,1.15416e-05
240,1.15416e-05
241,1.14514e-05
242,1.14514e-05
243,1.13968e-05
244,1.13904e-05
245,1.13904e-05
246,1.13904e-05
247,1.14656e-05
248,1.13878e-05
249,1.14667e-05
250,1.15595e-05
251,1.15224e-05
252,1.14165e-05
253,1.14165e-05
254,1.14165e-05
255,1.14165e-05
256,1.14054e-05
257,1.13591e-05
258,1.14365e-05
259,1.14365e-05
260,1.14297e-05
261,1.14761e-05
262,1.14761e-05
263,1.14752e-05
264,1.15699e-05
265,1.17503e-05
266,1.17503e-05
267,1.17944e-05
268,1.17944e-05
269,1.17944e-05
270,1.18825e-05
271,1.18825e-05
272,1.18825e-05
273,1.18825e-05
274,1.19963e-05
275,1.22149e-05
276,1.20632e-05
277,1.19679e-05
278,1.18851e-05
279,1.18851e-05
280,1.18213e-05
281,1.1743e-05
282,1.1743e-05
283,1.1743e-05
284,1.17575e-05
285,1.17584e-05
286,1.16244e-05
287,1.16244e-05
288,1.17623e-05
289,1.16999e-05
290,1.16999e-05
291,1.15501e-05
292,1.1533e-05
293,1.15778e-05
294,1.1583e-05
295,1.1583e-05
296,1.15297e-05
297,1.14874e-05
298,1.14874e-05
299,1.1584e-05
300,1.17187e-05
301,1.17187e-05
302,1.17187e-05
303,1.16431e-05
304,1.15994e-05
305,1.16267e-05
306,1.16267e-05
307,1.15923e-05
308,1.15923e-05
309,1.15377e-05
310,1.15377e-05
311,1.15315e-05
312,1.1495e-05
313,1.1495e-05
314,1.15115e-05
315,1.16806e-05
316,1.16135e-05
317,1.15759e-05
318,1.1375e-05
319,1.1375e-05
320,1.15233e-05
321,1.15912e-05
322,1.1486e-05
323,1.14488e-05
324,1.14488e-05
325,1.14184e-05
326,1.14184e-05
327,1.13781e-05
328,1.13812e-05
329,1.14547e-05
330,1.1557e-05
331,1.1557e-05
332,1.1557e-05
333,1.1557e-05
334,1.1557e-05
335,1.13893e-05
336,1.13893e-05
337,1.13189e-05
338,1.1444e-05
339,1.1444e-05
340,1.14141e-05
341,1.14141e-05
342,1.13832e-05
343,1.14559e-05
344,1.14475e-05
345,1.14475e-05
346,1.14475e-05
347,1.15066e-05
348,1.15657e-05
349,1.15657e-05
350,1.15572e-05
351,1.1458e-05
352,1.15185e-05
353,1.14033e-05
354,1.14164e-05
355,1.14164e-05
356,1.14164e-05
357,1.12973e-05
358,1.12973e-05
359,1.12973e-05
360,1.13586e-05
361,1.13586e-05
362,1.13552e-05
363,1.13552e-05
364,1.15424e-05
365,1.14743e-05
366,1.13914e-05
367,1.13914e-05
368,1.13914e-05
369,1.14174e-05
370,1.14174e-05
371,1.13198e-05
372,1.13198e-05
373,1.13198e-05
374,1.13198e-05
375,1.13198e-05
376,1.13198e-05
377,1.13198e-05
378,1.13527e-05
379,1.14083e-05
380,1.14024e-05
381,1.13728e-05
382,1.1263e-05
383,1.1263e-05
384,1.13153e-05
385,1.13744e-05
386,1.14761e-05
387,1.14468e-05
388,1.14468e-05
389,1.14182e-05
390,1.13296e-05
391,1.14606e-05
392,1.14606e-05
393,1.14077e-05
394,1.14412e-05
395,1.14273e-05
396,1.14273e-05
397,1.14982e-05
398,1.14884e-05
399,1.14884e-05
400,1.15823e-05
401,1.15022e-05
402,1.15022e-05
403,1.15022e-05
404,1.15656e-05
405,1.15656e-05
406,1.15469e-05
407,1.15995e-05
408,1.16073e-05
409,1.16073e-05
410,1.15016e-05
411,1.14677e-05
412,1.14677e-05
413,1.15117e-05
414,1.15176e-05
415,1.15176e-05
416,1.15176e-05
417,1.15176e-05
418,1.14702e-05
419,1.14788e-05
420,1.14788e-05
421,1.14353e-05
422,1.14353e-05
423,1.14781e-05
424,1.14689e-05
425,1.13342e-05
426,1.14976e-05
427,1.14888e-05
428,1.14888e-05
429,1.14323e-05
430,1.14455e-05
431,1.14729e-05
432,1.14729e-05
433,1.15472e-05
434,1.14572e-05
435,1.15132e-05
436,1.14274e-05
437,1.13554e-05
438,1.1418e-05
439,1.14285e-05
440,1.13872e-05
441,1.13963e-05
442,1.15373e-05
443,1.16192e-05
444,1.16778e-05
445,1.16371e-05
446,1.16371e-05
447,1.16188e-05
448,1.15248e-05
449,1.14733e-05
450,1.14733e-05
451,1.14733e-05
452,1.15143e-05
453,1.15976e-05
454,1.15568e-05
455,1.15568e-05
456,1.16e-05
457,1.17136e-05
458,1.16035e-05
459,1.16035e-05
460,1.15324e-05
461,1.15324e-05
462,1.15181e-05
463,1.15181e-05
464,1.15971e-05
465,1.15661e-05
466,1.15726e-05
467,1.15726e-05
468,1.15828e-05
469,1.15598e-05
470,1.15267e-05
471,1.15131e-05
472,1.14398e-05
473,1.13431e-05
474,1.13803e-05
475,1.13803e-05
476,1.14872e-05
477,1.15118e-05
478,1.15118e-05
479,1.15118e-05
480,1.15118e-05
481,1.14451e-05
482,1.15144e-05
483,1.14782e-05
484,1.14379e-05
485,1.14379e-05
486,1.14702e-05
487,1.14702e-05
488,1.16111e-05
489,1.153e-05
490,1.153e-05
491,1.15574e-05
492,1.15508e-05
493,1.15508e-05
494,1.15846e-05
495,1.15788e-05
496,1.15787e-05
497,1.15689e-05
498,1.15689e-05
499,1.15433e-05
500,1.15433e-05
501,1.15989e-05
502,1.15423e-05
503,1.17891e-05
504,1.17952e-05
505,1.16404e-05
506,1.16254e-05
507,1.15999e-05
508,1.1501e-05
509,1.1501e-05
510,1.1501e-05
511,1.1501e-05
512,1.15811e-05
513,1.15811e-05
514,1.15388e-05
515,1.15388e-05
516,1.15388e-05
517,1.16841e-05
518,1.16979e-05
519,1.17083e-05
520,1.17083e-05
521,1.17083e-05
522,1.15979e-05
523,1.16475e-05
524,1.16578e-05
525,1.16258e-05
526,1.17001e-05
527,1.17001e-05
528,1.18424e-05
529,1.16516e-05
530,1.16516e-05
531,1.17833e-05
532,1.17833e-05
533,1.17833e-05
534,1.16473e-05
535,1.16011e-05
536,1.1599e-05
537,1.1599e-05
538,1.1599e-05
539,1.15039e-05
540,1.15039e-05
541,1.14362e-05
542,1.14362e-05
543,1.1565e-05
544,1.15723e-05
545,1.15119e-05
546,1.15119e-05
547,1.1534e-05
548,1.1534e-05
549,1.1442e-05
550,1.15429e-05
551,1.16015e-05
552,1.1598e-05
553,1.1598e-05
554,1.1598e-05
555,1.17123e-05
556,1.15508e-05
557,1.15727e-05
558,1.15727e-05
559,1.15727e-05
560,1.16485e-05
561,1.16485e-05
562,1.16485e-05
563,1.16915e-05
564,1.16926e-05
565,1.16926e-05
566,1.17421e-05
567,1.17421e-05
568,1.16959e-05
569,1.16342e-05
570,1.14869e-05
571,1.15478e-05
572,1.15193e-05
573,1.16836e-05
574,1.16736e-05
575,1.15924e-05
576,1.15924e-05
577,1.15924e-05
578,1.15281e-05
579,1.15436e-05
580,1.15798e-05
581,1.17754e-05
582,1.18258e-05
583,1.18258e-05
584,1.17522e-05
585,1.16445e-05
586,1.17165e-05
587,1.17237e-05
588,1.16684e-05
589,1.1691e-05
590,1.16759e-05
591,1.16759e-05
592,1.1678e-05
593,1.14419e-05
594,1.15114e-05
595,1.15114e-05
596,1.15114e-05
597,1.15925e-05
598,1.14234e-05
599,1.14783e-05
600,1.15451e-05
601,1.15451e-05
602,1.15451e-05
603,1.15631e-05
604,1.15631e-05
605,1.15467e-05
606,1.15467e-05
607,1.15922e-05
608,1.16149e-05
609,1.14355e-05
610,1.14355e-05
611,1.15059e-05
612,1.15859e-05
613,1.16292e-05
614,1.16292e-05
615,1.16292e-05
616,1.17278e-05
617,1.17278e-05
618,1.15933e-05
619,1.15812e-05
620,1.15812e-05
621,1.15095e-05
622,1.16357e-05
623,1.15172e-05
624,1.15172e-05
625,1.14922e-05
626,1.15461e-05
627,1.16141e-05
628,1.16141e-05
629,1.16141e-05
630,1.16596e-05
631,1.15954e-05
632,1.1531e-05
633,1.1531e-05
634,1.14095e-05
635,1.14095e-05
636,1.15444e-05
637,1.15444e-05
638,1.14765e-05
639,1.15253e-05
640,1.15253e-05
641,1.15253e-05
642,1.1562e-05
643,1.15381e-05
644,1.14052e-05
645,1.14052e-05
646,1.14025e-05
647,1.13439e-05
648,1.12789e-05
649,1.14496e-05
650,1.14496e-05
651,1.14496e-05
652,1.14232e-05
653,1.13486e-05
654,1.14751e-05
655,1.15039e-05
656,1.15039e-05
657,1.12715e-05
658,1.13548e-05
659,1.13557e-05
660,1.13072e-05
661,1.13434e-05
662,1.14262e-05
663,1.14219e-05
664,1.14219e-05
665,1.14219e-05
666,1.14187e-05
667,1.14485e-05
668,1.14485e-05
669,1.14386e-05
670,1.14386e-05
671,1.13941e-05
672,1.15293e-05
673,1.15368e-05
674,1.14239e-05
675,1.14531e-05
676,1.16372e-05
677,1.15453e-05
678,1.15453e-05
679,1.15453e-05
680,1.15453e-05
681,1.15209e-05
682,1.1457e-05
683,1.13467e-05
684,1.14453e-05
685,1.14956e-05
686,1.15289e-05
687,1.14506e-05
688,1.14206e-05
689,1.14691e-05
690,1.14691e-05
691,1.15202e-05
692,1.15889e-05
693,1.15889e-05
694,1.15889e-05
695,1.16476e-05
696,1.15784e-05
697,1.14817e-05
698,1.14817e-05
699,1.15899e-05
700,1.15899e-05
701,1.15065e-05
702,1.16573e-05
703,1.17056e-05
704,1.17047e-05
705,1.15432e-05
706,1.15432e-05
707,1.15834e-05
708,1.14842e-05
709,1.16047e-05
710,1.16047e-05
711,1.17595e-05
712,1.15526e-05
713,1.15481e-05
714,1.151e-05
715,1.15338e-05
716,1.15338e-05
717,1.15338e-05
718,1.15549e-05
719,1.1637e-05
720,1.17204e-05
721,1.17275e-05
722,1.17275e-05
723,1.15694e-05
724,1.15955e-05
725,1.17737e-05
726,1.16489e-05
727,1.16489e-05
728,1.16707e-05
729,1.16707e-05
730,1.16707e-05
731,1.16707e-05
732,1.15768e-05
733,1.15085e-05
734,1.14879e-05
735,1.14879e-05
736,1.14879e-05
737,1.14879e-05
738,1.14879e-05
739,1.13335e-05
740,1.13335e-05
741,1.13335e-05
742,1.14867e-05
743,1.14123e-05
744,1.14142e-05
745,1.13023e-05
746,1.13023e-05
747,1.12468e-05
748,1.12468e-05
749,1.13913e-05
750,1.14388e-05
751,1.14075e-05
752,1.13239e-05
753,1.13239e-05
754,1.13273e-05
755,1.13273e-05
756,1.13273e-05
757,1.13273e-05
758,1.13684e-05
759,1.13684e-05
760,1.14242e-05
761,1.1504e-05
762,1.14921e-05
763,1.14921e-05
764,1.16265e-05
765,1.16265e-05
766,1.16265e-05
767,1.15072e-05
768,1.14819e-05
769,1.1551e-05
770,1.17097e-05
771,1.16062e-05
772,1.16643e-05
773,1.16643e-05
774,1.15577e-05
775,1.14677e-05
776,1.1584e-05
777,1.14297e-05
778,1.14297e-05
779,1.14265e-05
780,1.16253e-05
781,1.15989e-05
782,1.15956e-05
783,1.1613e-05
784,1.16075e-05
785,1.16075e-05
786,1.15079e-05
787,1.14669e-05
788,1.15022e-05
789,1.15022e-05
790,1.15804e-05
791,1.16811e-05
792,1.16811e-05
793,1.16547e-05
794,1.15019e-05
795,1.15268e-05
796,1.161e-05
797,1.14761e-05
798,1.14761e-05
799,1.14761e-05
800,1.14197e-05
801,1.13958e-05
802,1.13958e-05
803,1.14474e-05
804,1.1502e-05
805,1.1538e-05
806,1.1788e-05
807,1.17512e-05
808,1.17548e-05
809,1.17548e-05
810,1.18402e-05
811,1.18861e-05
812,1.18861e-05
813,1.17688e-05
814,1.16636e-05
815,1.16636e-05
816,1.15817e-05
817,1.16359e-05
818,1.16359e-05
819,1.16141e-05
820,1.16141e-05
821,1.16141e-05
822,1.16227e-05
823,1.17382e-05
824,1.18142e-05
825,1.16671e-05
826,1.16002e-05
827,1.17e-05
828,1.16282e-05
829,1.16311e-05
830,1.15651e-05
831,1.15651e-05
832,1.15651e-05
833,1.15469e-05
834,1.16406e-05
835,1.16788e-05
836,1.16788e-05
837,1.15621e-05
838,1.15621e-05
839,1.16035e-05
840,1.14554e-05
841,1.14554e-05
842,1.15036e-05
843,1.1591e-05
844,1.15851e-05
845,1.15608e-05
846,1.14661e-05
847,1.15093e-05
848,1.15615e-05
849,1.15997e-05
850,1.15997e-05
851,1.15933e-05
852,1.15688e-05
853,1.16121e-05
854,1.16548e-05
855,1.16931e-05
856,1.15961e-05
857,1.15961e-05
858,1.15477e-05
859,1.15477e-05
860,1.15477e-05
861,1.1581e-05
862,1.1581e-05
863,1.1581e-05
864,1.16269e-05
865,1.16028e-05
866,1.16028e-05
867,1.16434e-05
868,1.17048e-05
869,1.17048e-05
870,1.17048e-05
871,1.17242e-05
872,1.16084e-05
873,1.14856e-05
874,1.16215e-05
875,1.16215e-05
876,1.15047e-05
877,1.14088e-05
878,1.14801e-05
879,1.15461e-05
880,1.16223e-05
881,1.1517e-05
882,1.1517e-05
883,1.15259e-05
884,1.14538e-05
885,1.14538e-05
886,1.15616e-05
887,1.15616e-05
888,1.15461e-05
889,1.15315e-05
890,1.15898e-05
891,1.15571e-05
892,1.1619e-05
893,1.16537e-05
894,1.16376e-05
895,1.1871e-05
896,1.18121e-05
897,1.19183e-05
898,1.20712e-05
899,1.20712e-05
900,1.18791e-05
901,1.18791e-05
902,1.18791e-05
903,1.18791e-05
904,1.18791e-05
905,1.19237e-05
906,1.19237e-05
907,1.17483e-05
908,1.17483e-05
909,1.17483e-05
910,1.17483e-05
911,1.18914e-05
912,1.19523e-05
913,1.19523e-05
914,1.18582e-05
915,1.18582e-05
916,1.18582e-05
917,1.18582e-05
918,1.20303e-05
919,1.19802e-05
920,1.19802e-05
921,1.20299e-05
922,1.20299e-05
923,1.21705e-05
924,1.213e-05
925,1.213e-05
926,1.213e-05
927,1.21183e-05
928,1.21183e-05
929,1.21183e-05
930,1.21183e-05
931,1.21183e-05
932,1.20698e-05
933,1.22805e-05
934,1.21793e-05
935,1.22021e-05
936,1.19153e-05
937,1.18639e-05
938,1.18639e-05
939,1.17749e-05
940,1.17482e-05
941,1.18346e-05
942,1.18276e-05
943,1.19065e-05
944,1.16528e-05
945,1.16528e-05
946,1.16496e-05
947,1.16658e-05
948,1.1776e-05
949,1.15576e-05
950,1.15351e-05
951,1.1639e-05
952,1.15912e-05
953,1.15585e-05
954,1.15727e-05
955,1.16201e-05
956,1.16201e-05
957,1.16319e-05
958,1.15975e-05
959,1.15102e-05
960,1.17466e-05
961,1.17466e-05
962,1.15976e-05
963,1.16138e-05
964,1.16138e-05
965,1.1541e-05
966,1.13541e-05
967,1.14621e-05
968,1.14621e-05
969,1.13391e-05
970,1.1339e-05
971,1.15088e-05
972,1.15288e-05
973,1.13738e-05
974,1.13738e-05
975,1.14199e-05
976,1.15087e-05
977,1.15606e-05
978,1.15606e-05
979,1.15678e-05
980,1.164e-05
981,1.15851e-05
982,1.15545e-05
983,1.15545e-05
984,1.17019e-05
985,1.17348e-05
986,1.16679e-05
987,1.16816e-05
988,1.16816e-05
989,1.16816e-05
990,1.16816e-05
991,1.16816e-05
992,1.16816e-05
993,1.16251e-05
994,1.16061e-05
995,1.16172e-05
996,1.17245e-05
997,1.17245e-05
998,1.17245e-05
999,1.17245e-05
1000,1.17245e-05
1001,1.18355e-05
1002,1.15701e-05
1003,1.1671e-05
1004,1.17387e-05
1005,1.17387e-05
1006,1.1732e-05
1007,1.1732e-05
1008,1.16685e-05
1009,1.15829e-05
1010,1.16138e-05
1011,1.16358e-05
1012,1.16143e-05
1013,1.16184e-05
1014,1.16184e-05
1015,1.16184e-05
1016,1.15666e-05
1017,1.15666e-05
1018,1.16241e-05
1019,1.16141e-05
1020,1.16141e-05
1021,1.15393e-05
1022,1.15682e-05
1023,1.15682e-05
1024,1.15431e-05
1025,1.15431e-05
1026,1.15735e-05
1027,1.15017e-05
1028,1.15127e-05
1029,1.14927e-05
1030,1.1515e-05
1031,1.15439e-05
1032,1.15638e-05
1033,1.16095e-05
1034,1.1542e-05
1035,1.14276e-05
1036,1.14719e-05
1037,1.14357e-05
1038,1.14357e-05
1039,1.14738e-05
1040,1.14738e-05
1041,1.14742e-05
1042,1.1497e-05
1043,1.1497e-05
1044,1.14754e-05
1045,1.14754e-05
1046,1.14754e-05
1047,1.16051e-05
1048,1.15472e-05
1049,1.14832e-05
1050,1.14468e-05
1051,1.14942e-05
1052,1.14942e-05
1053,1.15742e-05
1054,1.15742e-05
1055,1.15742e-05
1056,1.13068e-05
1057,1.14088e-05
1058,1.13855e-05
1059,1.13924e-05
1060,1.13924e-05
1061,1.16156e-05
1062,1.16156e-05
1063,1.1521e-05
1064,1.1521e-05
1065,1.16016e-05
1066,1.15861e-05
1067,1.15861e-05
1068,1.15861e-05
1069,1.15861e-05
1070,1.14447e-05
1071,1.14447e-05
1072,1.14068e-05
1073,1.14068e-05
1074,1.14068e-05
1075,1.15119e-05
1076,1.15119e-05
1077,1.15119e-05
1078,1.14882e-05
1079,1.15818e-05
1080,1.15312e-05
1081,1.15007e-05
1082,1.16838e-05
1083,1.1585e-05
1084,1.1585e-05
1085,1.16529e-05
1086,1.15959e-05
1087,1.16265e-05
1088,1.14822e-05
1089,1.15166e-05
1090,1.14797e-05
1091,1.13935e-05
1092,1.13935e-05
1093,1.13935e-05
1094,1.14142e-05
1095,1.13626e-05
1096,1.13681e-05
1097,1.13075e-05
1098,1.14727e-05
1099,1.15816e-05
1100,1.15816e-05
1101,1.15816e-05
1102,1.15794e-05
1103,1.15398e-05
1104,1.15971e-05
1105,1.15511e-05
1106,1.14789e-05
1107,1.15629e-05
1108,1.15629e-05
1109,1.1824e-05
1110,1.1682e-05
1111,1.1684e-05
1112,1.1684e-05
1113,1.1684e-05
1114,1.14649e-05
1115,1.15303e-05
1116,1.1622e-05
1117,1.1622e-05
1118,1.1622e-05
1119,1.15957e-05
1120,1.15957e-05
1121,1.16126e-05
1122,1.15545e-05
1123,1.15545e-05
1124,1.15545e-05
1125,1.16416e-05
1126,1.16416e-05
1127,1.16416e-05
1128,1.16416e-05
1129,1.16416e-05
1130,1.16416e-05
1131,1.17711e-05
1132,1.17711e-05
1133,1.17711e-05
1134,1.17711e-05
1135,1.17711e-05
1136,1.17711e-05
1137,1.17711e-05
1138,1.17611e-05
1139,1.17611e-05
1140,1.17611e-05
1141,1.17611e-05
1142,1.17905e-05
1143,1.1835e-05
1144,1.1835e-05
1145,1.19613e-05
1146,1.19452e-05
1147,1.19452e-05
1148,1.1974e-05
1149,1.19669e-05
1150,1.19669e-05
1151,1.18749e-05
1152,1.19616e-05
1153,1.19616e-05
1154,1.19616e-05
1155,1.18656e-05
1156,1.1808e-05
1157,1.19291e-05
1158,1.20587e-05
1159,1.18787e-05
1160,1.17138e-05
1161,1.17457e-05
1162,1.1626e-05
1163,1.17274e-05
1164,1.17274e-05
1165,1.17274e-05
1166,1.17274e-05
1167,1.17274e-05
1168,1.17274e-05
1169,1.15487e-05
1170,1.15487e-05
1171,1.15487e-05
1172,1.15263e-05
1173,1.15263e-05
1174,1.15263e-05
1175,1.15263e-05
1176,1.15843e-05
1177,1.1488e-05
1178,1.15541e-05
1179,1.15541e-05
1180,1.16605e-05
1181,1.16605e-05
1182,1.16605e-05
1183,1.16686e-05
1184,1.16037e-05
1185,1.17643e-05
1186,1.1618e-05
1187,1.16987e-05
1188,1.17322e-05
1189,1.16656e-05
1190,1.16656e-05
1191,1.16656e-05
1192,1.16774e-05
1193,1.16311e-05
1194,1.16311e-05
1195,1.1625e-05
1196,1.1625e-05
1197,1.1625e-05
1198,1.1625e-05
1199,1.1625e-05
1200,1.15765e-05
1201,1.15765e-05
1202,1.15872e-05
1203,1.15872e-05
1204,1.15788e-05
1205,1.16716e-05
1206,1.16716e-05
1207,1.15643e-05
1208,1.16077e-05
1209,1.17087e-05
1210,1.17213e-05
1211,1.17514e-05
1212,1.16904e-05
1213,1.16011e-05
1214,1.16011e-05
1215,1.17295e-05
1216,1.16999e-05
1217,1.16999e-05
1218,1.16999e-05
1219,1.16999e-05
1220,1.16999e-05
1221,1.16999e-05
1222,1.16999e-05
1223,1.1677e-05
1224,1.1677e-05
1225,1.1677e-05
1226,1.16051e-05
1227,1.16373e-05
1228,1.15868e-05
1229,1.15893e-05
1230,1.16528e-05
1231,1.16528e-05
1232,1.16528e-05
1233,1.15782e-05
1234,1.15782e-05
1235,1.16309e-05
1236,1.16396e-05
1237,1.16396e-05
1238,1.14741e-05
1239,1.15459e-05
1240,1.15459e-05
1241,1.16061e-05
1242,1.16061e-05
1243,1.16061e-05
1244,1.1361e-05
1245,1.14683e-05
1246,1.14683e-05
1247,1.14513e-05
1248,1.15275e-05
1249,1.13512e-05
1250,1.14681e-05
1251,1.14681e-05
1252,1.13893e-05
1253,1.14976e-05
1254,1.15621e-05
1255,1.15621e-05
1256,1.15621e-05
1257,1.15871e-05
1258,1.15871e-05
1259,1.15305e-05
1260,1.15263e-05
1261,1.15263e-05
1262,1.15263e-05
1263,1.15803e-05
1264,1.16417e-05
1265,1.16577e-05
1266,1.1468e-05
1267,1.1468e-05
1268,1.14367e-05
1269,1.14367e-05
1270,1.15064e-05
1271,1.15064e-05
1272,1.14199e-05
1273,1.14199e-05
1274,1.15782e-05
1275,1.15764e-05
1276,1.15764e-05
1277,1.15764e-05
1278,1.16083e-05
1279,1.17817e-05
1280,1.16639e-05
1281,1.161e-05
1282,1.17206e-05
1283,1.16936e-05
1284,1.16936e-05
1285,1.16762e-05
1286,1.16876e-05
1287,1.16876e-05
1288,1.1563e-05
1289,1.15536e-05
1290,1.15536e-05
1291,1.15536e-05
1292,1.15536e-05
1293,1.15536e-05
1294,1.15536e-05
1295,1.15439e-05
1296,1.15278e-05
1297,1.15586e-05
1298,1.16583e-05
1299,1.15829e-05
1300,1.15829e-05
1301,1.15424e-05
1302,1.13836e-05
1303,1.14762e-05
1304,1.15616e-05
1305,1.16307e-05
1306,1.16307e-05
1307,1.16307e-05
1308,1.1673e-05
1309,1.1687e-05
1310,1.17273e-05
1311,1.1703e-05
1312,1.18112e-05
1313,1.18112e-05
1314,1.18112e-05
1315,1.1834e-05
1316,1.17125e-05
1317,1.16041e-05
1318,1.16041e-05
1319,1.16163e-05
1320,1.16163e-05
1321,1.16163e-05
1322,1.16041e-05
1323,1.16041e-05
1324,1.15398e-05
1325,1.15398e-05
1326,1.15664e-05
1327,1.14275e-05
1328,1.14275e-05
1329,1.15213e-05
1330,1.15213e-05
1331,1.14776e-05
1332,1.15624e-05
1333,1.15571e-05
1334,1.15264e-05
1335,1.1567e-05
1336,1.14542e-05
1337,1.14542e-05
1338,1.16123e-05
1339,1.16123e-05
1340,1.15681e-05
1341,1.15681e-05
1342,1.17234e-05
1343,1.15357e-05
1344,1.15498e-05
1345,1.15498e-05
1346,1.15498e-05
1347,1.15498e-05
1348,1.15498e-05
1349,1.15498e-05
1350,1.15983e-05
1351,1.16296e-05
1352,1.153e-05
1353,1.16503e-05
1354,1.16503e-05
1355,1.14782e-05
1356,1.14782e-05
1357,1.1444e-05
1358,1.1475e-05
1359,1.14384e-05
1360,1.14384e-05
1361,1.14384e-05
1362,1.15881e-05
1363,1.14958e-05
1364,1.1517e-05
1365,1.15912e-05
1366,1.15912e-05
1367,1.16988e-05
1368,1.16007e-05
1369,1.15119e-05
1370,1.15119e-05
1371,1.15119e-05
1372,1.15119e-05
1373,1.15119e-05
1374,1.14873e-05
1375,1.15061e-05
1376,1.15061e-05
1377,1.15333e-05
1378,1.15333e-05
1379,1.17564e-05
1380,1.16571e-05
1381,1.17614e-05
1382,1.15472e-05
1383,1.15472e-05
1384,1.15472e-05
1385,1.15472e-05
1386,1.17174e-05
1387,1.17022e-05
1388,1.17022e-05
1389,1.17022e-05
1390,1.17022e-05
1391,1.17022e-05
1392,1.17022e-05
1393,1.16984e-05
1394,1.16598e-05
1395,1.16598e-05
1396,1.17589e-05
1397,1.17214e-05
1398,1.17214e-05
1399,1.16892e-05
1400,1.17583e-05
1401,1.16504e-05
1402,1.15777e-05
1403,1.14522e-05
1404,1.14692e-05
1405,1.14692e-05
1406,1.16019e-05
1407,1.1642e-05
1408,1.1642e-05
1409,1.1642e-05
1410,1.1642e-05
1411,1.14876e-05
1412,1.15559e-05
1413,1.14762e-05
1414,1.14762e-05
1415,1.14762e-05
1416,1.14337e-05
1417,1.15705e-05
1418,1.14591e-05
1419,1.15153e-05
1420,1.14226e-05
1421,1.13042e-05
1422,1.12814e-05
1423,1.14472e-05
1424,1.13512e-05
1425,1.13593e-05
1426,1.14562e-05
1427,1.14562e-05
1428,1.15149e-05
1429,1.13602e-05
1430,1.13817e-05
1431,1.13518e-05
1432,1.13518e-05
1433,1.13518e-05
1434,1.1318e-05
1435,1.13515e-05
1436,1.13515e-05
1437,1.1443e-05
1438,1.14791e-05
1439,1.14891e-05
1440,1.1612e-05
1441,1.1612e-05
1442,1.14819e-05
1443,1.14907e-05
1444,1.14907e-05
1445,1.14907e-05
1446,1.15262e-05
1447,1.15737e-05
1448,1.16132e-05
1449,1.16132e-05
1450,1.14961e-05
1451,1.14961e-05
1452,1.14961e-05
1453,1.14961e-05
1454,1.15847e-05
1455,1.15847e-05
1456,1.16071e-05
1457,1.16071e-05
1458,1.16071e-05
1459,1.16071e-05
1460,1.16853e-05
1461,1.17035e-05
1462,1.16612e-05
1463,1.16612e-05
1464,1.15538e-05
1465,1.15538e-05
1466,1.15538e-05
1467,1.15792e-05
1468,1.15792e-05
1469,1.15661e-05
1470,1.15579e-05
1471,1.15908e-05
1472,1.15998e-05
1473,1.15563e-05
1474,1.15563e-05
1475,1.15563e-05
1476,1.14709e-05
1477,1.15995e-05
1478,1.15995e-05
1479,1.14649e-05
1480,1.14601e-05
1481,1.14907e-05
1482,1.14466e-05
1483,1.14466e-05
1484,1.14466e-05
1485,1.14061e-05
1486,1.14431e-05
1487,1.12772e-05
1488,1.13478e-05
1489,1.13478e-05
1490,1.13766e-05
1491,1.14504e-05
1492,1.13669e-05
1493,1.13669e-05
1494,1.13632e-05
1495,1.12842e-05
1496,1.12842e-05
1497,1.12842e-05
1498,1.14345e-05
1499,1.14642e-05
1500,1.13842e-05
1501,1.13407e-05
1502,1.13407e-05
1503,1.14035e-05
1504,1.14262e-05
1505,1.13892e-05
1506,1.13892e-05
1507,1.13892e-05
1508,1.14205e-05
1509,1.13944e-05
1510,1.1501e-05
1511,1.1501e-05
1512,1.16626e-05
1513,1.16403e-05
1514,1.15123e-05
1515,1.15123e-05
1516,1.16615e-05
1517,1.16615e-05
1518,1.16614e-05
1519,1.16614e-05
1520,1.15805e-05
1521,1.15334e-05
1522,1.14736e-05
1523,1.14736e-05
1524,1.15704e-05
1525,1.15704e-05
1526,1.15704e-05
1527,1.15704e-05
1528,1.15704e-05
1529,1.15427e-05
1530,1.15427e-05
1531,1.13923e-05
1532,1.15341e-05
1533,1.14908e-05
1534,1.14379e-05
1535,1.14379e-05
1536,1.16242e-05
1537,1.15601e-05
1538,1.15601e-05
1539,1.15039e-05
1540,1.15039e-05
1541,1.16207e-05
1542,1.14976e-05
1543,1.14976e-05
1544,1.14976e-05
1545,1.14976e-05
1546,1.14976e-05
1547,1.15711e-05
1548,1.15711e-05
1549,1.15321e-05
1550,1.15031e-05
1551,1.15031e-05
1552,1.15388e-05
1553,1.15703e-05
1554,1.15686e-05
1555,1.1609e-05
1556,1.1609e-05
1557,1.16369e-05
1558,1.17558e-05
1559,1.18395e-05
1560,1.18385e-05
1561,1.18385e-05
1562,1.18385e-05
1563,1.17331e-05
1564,1.17331e-05
1565,1.17331e-05
1566,1.156e-05
1567,1.156e-05
1568,1.15853e-05
1569,1.16286e-05
1570,1.16286e-05
1571,1.16286e-05
1572,1.16286e-05
1573,1.15847e-05
1574,1.15847e-05
1575,1.15177e-05
1576,1.15177e-05
1577,1.15177e-05
1578,1.14816e-05
1579,1.14857e-05
1580,1.14857e-05
1581,1.14857e-05
1582,1.15561e-05
1583,1.15561e-05
1584,1.16934e-05
1585,1.16005e-05
1586,1.18556e-05
1587,1.18556e-05
1588,1.18556e-05
1589,1.17367e-05
1590,1.17367e-05
1591,1.17367e-05
1592,1.17367e-05
1593,1.17367e-05
1594,1.1729e-05
1595,1.1729e-05
1596,1.1729e-05
1597,1.16465e-05
1598,1.1596e-05
1599,1.15987e-05
1600,1.15683e-05
1601,1.15683e-05
1602,1.15683e-05
1603,1.15868e-05
1604,1.15795e-05
1605,1.15989e-05
1606,1.15983e-05
1607,1.15983e-05
1608,1.15991e-05
1609,1.15673e-05
1610,1.15456e-05
1611,1.15282e-05
1612,1.15729e-05
1613,1.15729e-05
1614,1.14992e-05
1615,1.16009e-05
1616,1.15874e-05
1617,1.15133e-05
1618,1.15133e-05
1619,1.1536e-05
1620,1.14654e-05
1621,1.16394e-05
1622,1.14198e-05
1623,1.14712e-05
1624,1.14601e-05
1625,1.13726e-05
1626,1.13786e-05
1627,1.13786e-05
1628,1.14621e-05
1629,1.14621e-05
1630,1.14857e-05
1631,1.15237e-05
1632,1.15478e-05
1633,1.15478e-05
1634,1.15231e-05
1635,1.15231e-05
1636,1.15231e-05
1637,1.15231e-05
1638,1.15231e-05
1639,1.15694e-05
1640,1.16472e-05
1641,1.16605e-05
1642,1.16605e-05
1643,1.16779e-05
1644,1.16293e-05
1645,1.16293e-05
1646,1.16219e-05
1647,1.17339e-05
1648,1.16136e-05
1649,1.15217e-05
1650,1.14902e-05
1651,1.14757e-05
1652,1.15344e-05
1653,1.15886e-05
1654,1.15398e-05
1655,1.15398e-05
1656,1.15961e-05
1657,1.15961e-05
1658,1.15037e-05
1659,1.15037e-05
1660,1.15037e-05
1661,1.15037e-05
1662,1.14673e-05
1663,1.15301e-05
1664,1.15157e-05
1665,1.15157e-05
1666,1.16334e-05
1667,1.17851e-05
1668,1.17565e-05
1669,1.1597e-05
1670,1.1535e-05
1671,1.15867e-05
1672,1.15867e-05
1673,1.14518e-05
1674,1.14464e-05
1675,1.14464e-05
1676,1.13959e-05
1677,1.14234e-05
1678,1.15278e-05
1679,1.15903e-05
1680,1.15172e-05
1681,1.16086e-05
1682,1.16086e-05
1683,1.16244e-05
1684,1.16767e-05
1685,1.16767e-05
1686,1.16235e-05
1687,1.15846e-05
1688,1.15846e-05
1689,1.15846e-05
1690,1.16023e-05
1691,1.16146e-05
1692,1.15422e-05
1693,1.14663e-05
1694,1.14728e-05
1695,1.15154e-05
1696,1.15154e-05
1697,1.15359e-05
1698,1.15359e-05
1699,1.15359e-05
1700,1.13979e-05
1701,1.13876e-05
1702,1.13567e-05
1703,1.13964e-05
1704,1.14244e-05
1705,1.14509e-05
1706,1.14509e-05
1707,1.14765e-05
1708,1.14553e-05
1709,1.14553e-05
1710,1.15466e-05
1711,1.15768e-05
1712,1.15768e-05
1713,1.1573e-05
1714,1.15697e-05
1715,1.15293e-05
1716,1.14549e-05
1717,1.15334e-05
1718,1.14919e-05
1719,1.15022e-05
1720,1.15051e-05
1721,1.1565e-05
1722,1.15557e-05
1723,1.16567e-05
1724,1.148e-05
1725,1.16064e-05
1726,1.16064e-05
1727,1.17508e-05
1728,1.17415e-05
1729,1.17296e-05
1730,1.17236e-05
1731,1.17236e-05
1732,1.17236e-05
1733,1.17159e-05
1734,1.17578e-05
1735,1.17582e-05
1736,1.18374e-05
1737,1.17117e-05
1738,1.18304e-05
1739,1.16593e-05
1740,1.16593e-05
1741,1.15473e-05
1742,1.16054e-05
1743,1.16054e-05
1744,1.16054e-05
1745,1.15143e-05
1746,1.15216e-05
1747,1.15408e-05
1748,1.15408e-05
1749,1.14485e-05
1750,1.14382e-05
1751,1.15094e-05
1752,1.15316e-05
1753,1.14596e-05
1754,1.14307e-05
1755,1.14307e-05
1756,1.15397e-05
1757,1.14575e-05
1758,1.14575e-05
1759,1.15137e-05
1760,1.14571e-05
1761,1.15475e-05
1762,1.15475e-05
1763,1.15475e-05
1764,1.15475e-05
1765,1.16276e-05
1766,1.15943e-05
1767,1.16157e-05
1768,1.15896e-05
1769,1.15896e-05
1770,1.17461e-05
1771,1.15767e-05
1772,1.15767e-05
1773,1.15252e-05
1774,1.1564e-05
1775,1.15443e-05
1776,1.15767e-05
1777,1.15767e-05
1778,1.15813e-05
1779,1.15828e-05
1780,1.1607e-05
1781,1.16577e-05
1782,1.16577e-05
1783,1.16588e-05
1784,1.16452e-05
1785,1.17388e-05
1786,1.17388e-05
1787,1.17388e-05
1788,1.1651e-05
1789,1.1651e-05
1790,1.16254e-05
1791,1.16246e-05
1792,1.16246e-05
1793,1.16049e-05
1794,1.15495e-05
1795,1.15495e-05
1796,1.15495e-05
1797,1.17164e-05
1798,1.17091e-05
1799,1.16459e-05
1800,1.16459e-05
1801,1.17023e-05
1802,1.15744e-05
1803,1.16582e-05
1804,1.16582e-05
1805,1.16582e-05
1806,1.16582e-05
1807,1.16582e-05
1808,1.16582e-05
1809,1.16582e-05
1810,1.16461e-05
1811,1.15954e-05
1812,1.16094e-05
1813,1.16094e-05
1814,1.16094e-05
1815,1.16695e-05
1816,1.16774e-05
1817,1.16774e-05
1818,1.16774e-05
1819,1.17709e-05
1820,1.17709e-05
1821,1.17709e-05
1822,1.17309e-05
1823,1.16015e-05
1824,1.16352e-05
1825,1.16352e-05
1826,1.17804e-05
1827,1.17574e-05
1828,1.17574e-05
1829,1.17078e-05
1830,1.17655e-05
1831,1.16545e-05
1832,1.16545e-05
1833,1.1689e-05
1834,1.18348e-05
1835,1.17763e-05
1836,1.1719e-05
1837,1.1719e-05
1838,1.1723e-05
1839,1.17807e-05
1840,1.17807e-05
1841,1.17807e-05
1842,1.17807e-05
1843,1.17807e-05
1844,1.17807e-05
1845,1.1788e-05
1846,1.1788e-05
1847,1.1788e-05
1848,1.17688e-05
1849,1.17688e-05
1850,1.17688e-05
1851,1.17688e-05
1852,1.17688e-05
1853,1.18398e-05
1854,1.17428e-05
1855,1.17428e-05
1856,1.17428e-05
1857,1.17752e-05
1858,1.19184e-05
1859,1.19044e-05
1860,1.19044e-05
1861,1.19213e-05
1862,1.19213e-05
1863,1.19213e-05
1864,1.19213e-05
1865,1.17011e-05
1866,1.15613e-05
1867,1.15613e-05
1868,1.16335e-05
1869,1.16335e-05
1870,1.16335e-05
1871,1.16009e-05
1872,1.1619e-05
1873,1.14814e-05
1874,1.14814e-05
1875,1.14814e-05
1876,1.14659e-05
1877,1.1456e-05
1878,1.1456e-05
1879,1.1662e-05
1880,1.1662e-05
1881,1.1662e-05
1882,1.16441e-05
1883,1.16017e-05
1884,1.16517e-05
1885,1.16517e-05
1886,1.17364e-05
1887,1.16934e-05
1888,1.17038e-05
1889,1.17662e-05
1890,1.17314e-05
1891,1.17314e-05
1892,1.1687e-05
1893,1.17472e-05
1894,1.16932e-05
1895,1.17243e-05
1896,1.15393e-05
1897,1.15393e-05
1898,1.15393e-05
1899,1.15202e-05
1900,1.16862e-05
1901,1.17143e-05
1902,1.1731e-05
1903,1.16182e-05
1904,1.1589e-05
1905,1.15584e-05
1906,1.15584e-05
1907,1.15584e-05
1908,1.14938e-05
1909,1.16122e-05
1910,1.14839e-05
1911,1.14839e-05
1912,1.14839e-05
1913,1.15031e-05
1914,1.15031e-05
1915,1.15031e-05
1916,1.15031e-05
1917,1.15238e-05
1918,1.14765e-05
1919,1.13649e-05
1920,1.14116e-05
1921,1.15707e-05
1922,1.14719e-05
1923,1.14664e-05
1924,1.15865e-05
1925,1.15865e-05
1926,1.16308e-05
1927,1.17568e-05
1928,1.17568e-05
1929,1.17568e-05
1930,1.16514e-05
1931,1.15975e-05
1932,1.17402e-05
1933,1.17402e-05
1934,1.17402e-05
1935,1.17402e-05
1936,1.17943e-05
1937,1.17668e-05
1938,1.17668e-05
1939,1.17668e-05
1940,1.17668e-05
1941,1.17668e-05
1942,1.17668e-05
1943,1.18531e-05
1944,1.18278e-05
1945,1.18278e-05
1946,1.18278e-05
1947,1.17467e-05
1948,1.17467e-05
1949,1.17203e-05
1950,1.18333e-05
1951,1.18261e-05
1952,1.18261e-05
1953,1.17478e-05
1954,1.17478e-05
1955,1.17478e-05
1956,1.17478e-05
1957,1.1776e-05
1958,1.17484e-05
1959,1.17259e-05
1960,1.17738e-05
1961,1.18821e-05
1962,1.18821e-05
1963,1.1774e-05
1964,1.1774e-05
1965,1.1774e-05
1966,1.1774e-05
1967,1.18638e-05
1968,1.17504e-05
1969,1.1691e-05
1970,1.1691e-05
1971,1.1691e-05
1972,1.1691e-05
1973,1.17531e-05
1974,1.19464e-05
1975,1.18831e-05
1976,1.17718e-05
1977,1.17718e-05
1978,1.17544e-05
1979,1.18611e-05
1980,1.18611e-05
1981,1.18611e-05
1982,1.18611e-05
1983,1.18611e-05
1984,1.17028e-05
1985,1.1821e-05
1986,1.1821e-05
1987,1.1821e-05
1988,1.18975e-05
1989,1.18975e-05
1990,1.18975e-05
1991,1.18053e-05
1992,1.17879e-05
1993,1.17879e-05
1994,1.17596e-05
1995,1.16308e-05
1996,1.16308e-05
1997,1.1682e-05
1998,1.17406e-05
1999,1.17406e-05
2000,1.16079e-05
2001,1.16684e-05
2002,1.18171e-05
2003,1.17904e-05
2004,1.17996e-05
2005,1.17996e-05
2006,1.17443e-05
2007,1.16909e-05
2008,1.16711e-05
2009,1.16836e-05
2010,1.16836e-05
2011,1.16836e-05
2012,1.16836e-05
2013,1.18615e-05
2014,1.18615e-05
2015,1.17563e-05
2016,1.17563e-05
2017,1.16451e-05
2018,1.16451e-05
2019,1.16451e-05
2020,1.16739e-05
2021,1.17522e-05
2022,1.17522e-05
2023,1.17522e-05
2024,1.17522e-05
2025,1.17522e-05
2026,1.1825e-05
2027,1.15672e-05
2028,1.16146e-05
2029,1.14535e-05
2030,1.14535e-05
2031,1.14535e-05
2032,1.14973e-05
2033,1.14973e-05
2034,1.14973e-05
2035,1.15216e-05
2036,1.15843e-05
2037,1.15843e-05
2038,1.15843e-05
2039,1.15598e-05
2040,1.15598e-05
2041,1.15598e-05
2042,1.15598e-05
2043,1.15598e-05
2044,1.15598e-05
2045,1.15784e-05
2046,1.15784e-05
2047,1.1601e-05
2048,1.1631e-05
2049,1.1631e-05
2050,1.1631e-05
2051,1.1631e-05
2052,1.1631e-05
2053,1.16009e-05
2054,1.15535e-05
2055,1.15535e-05
2056,1.1526e-05
2057,1.16218e-05
2058,1.16218e-05
2059,1.17025e-05
2060,1.17025e-05
2061,1.18106e-05
2062,1.19009e-05
2063,1.18756e-05
2064,1.19215e-05
2065,1.17207e-05
2066,1.17207e-05
2067,1.18078e-05
2068,1.18366e-05
2069,1.17966e-05
2070,1.17966e-05
2071,1.18599e-05
2072,1.18599e-05
2073,1.18599e-05
2074,1.18599e-05
2075,1.18599e-05
2076,1.17947e-05
2077,1.17947e-05
2078,1.17947e-05
2079,1.17947e-05
2080,1.17947e-05
2081,1.18572e-05
2082,1.16897e-05
2083,1.17346e-05
2084,1.17346e-05
2085,1.17339e-05
2086,1.16909e-05
2087,1.17768e-05
2088,1.17768e-05
2089,1.17768e-05
2090,1.16985e-05
2091,1.16985e-05
2092,1.16805e-05
2093,1.16805e-05
2094,1.16805e-05
2095,1.1615e-05
2096,1.1615e-05
2097,1.15014e-05
2098,1.15014e-05
2099,1.15014e-05
2100,1.16973e-05
2101,1.16973e-05
2102,1.16973e-05
2103,1.16248e-05
2104,1.17161e-05
2105,1.17161e-05
2106,1.17161e-05
2107,1.17161e-05
2108,1.17161e-05
2109,1.1711e-05
2110,1.15679e-05
2111,1.17417e-05
2112,1.17417e-05
2113,1.15739e-05
2114,1.16931e-05
2115,1.16128e-05
2116,1.16128e-05
2117,1.16671e-05
2118,1.16671e-05
2119,1.16671e-05
2120,1.17471e-05
2121,1.17181e-05
2122,1.16779e-05
2123,1.1766e-05
2124,1.1625e-05
2125,1.1625e-05
2126,1.17598e-05
2127,1.17524e-05
2128,1.17524e-05
2129,1.17571e-05
2130,1.16668e-05
2131,1.17882e-05
2132,1.17006e-05
2133,1.15169e-05
2134,1.15169e-05
2135,1.15616e-05
2136,1.16734e-05
2137,1.16528e-05
2138,1.16528e-05
2139,1.16528e-05
2140,1.14694e-05
2141,1.15623e-05
2142,1.15623e-05
2143,1.14828e-05
2144,1.14506e-05
2145,1.15255e-05
2146,1.14358e-05
2147,1.1525e-05
2148,1.1525e-05
2149,1.14898e-05
2150,1.16697e-05
2151,1.16697e-05
2152,1.16697e-05
2153,1.15728e-05
2154,1.16874e-05
2155,1.16919e-05
2156,1.18602e-05
2157,1.18602e-05
2158,1.18602e-05
2159,1.18602e-05
2160,1.18602e-05
2161,1.18602e-05
2162,1.19138e-05
2163,1.18581e-05
2164,1.18581e-05
2165,1.19939e-05
2166,1.19939e-05
2167,1.19947e-05
2168,1.18625e-05
2169,1.18625e-05
2170,1.18625e-05
2171,1.19171e-05
2172,1.19999e-05
2173,1.18029e-05
2174,1.18029e-05
2175,1.18029e-05
2176,1.19076e-05
2177,1.18691e-05
2178,1.19385e-05
2179,1.19555e-05
2180,1.19555e-05
2181,1.19555e-05
2182,1.18999e-05
2183,1.18999e-05
2184,1.19745e-05
2185,1.19745e-05
2186,1.19745e-05
2187,1.19875e-05
2188,1.17991e-05
2189,1.17991e-05
2190,1.17991e-05
2191,1.17853e-05
2192,1.18079e-05
2193,1.18079e-05
2194,1.18079e-05
2195,1.16948e-05
2196,1.16114e-05
2197,1.14737e-05
2198,1.14737e-05
2199,1.14889e-05
2200,1.14889e-05
2201,1.1515e-05
2202,1.15073e-05
2203,1.15073e-05
2204,1.15073e-05
2205,1.17781e-05
2206,1.17781e-05
2207,1.17084e-05
2208,1.1662e-05
2209,1.17766e-05
2210,1.17443e-05
2211,1.17639e-05
2212,1.15642e-05
2213,1.17658e-05
2214,1.17658e-05
2215,1.17658e-05
2216,1.16129e-05
2217,1.16458e-05
2218,1.16458e-05
2219,1.16458e-05
2220,1.16669e-05
2221,1.16669e-05
2222,1.16669e-05
2223,1.17292e-05
2224,1.17357e-05
2225,1.17428e-05
2226,1.17428e-05
2227,1.17042e-05
2228,1.16334e-05
2229,1.16811e-05
2230,1.16223e-05
2231,1.16733e-05
2232,1.17016e-05
2233,1.18191e-05
2234,1.19764e-05
2235,1.19764e-05
2236,1.18386e-05
2237,1.16819e-05
2238,1.16819e-05
2239,1.16819e-05
2240,1.18258e-05
2241,1.18258e-05
2242,1.17826e-05
2243,1.18366e-05
2244,1.1794e-05
2245,1.1794e-05
2246,1.16393e-05
2247,1.16393e-05
2248,1.17209e-05
2249,1.17362e-05
2250,1.17008e-05
2251,1.16539e-05
2252,1.16539e-05
2253,1.17093e-05
2254,1.16049e-05
2255,1.16267e-05
2256,1.18066e-05
2257,1.17688e-05
2258,1.18479e-05
2259,1.17105e-05
2260,1.17354e-05
2261,1.17354e-05
2262,1.17354e-05
2263,1.17952e-05
2264,1.18726e-05
2265,1.18726e-05
2266,1.20556e-05
2267,1.18038e-05
2268,1.17258e-05
2269,1.15583e-05
2270,1.15583e-05
2271,1.16986e-05
2272,1.17941e-05
2273,1.18909e-05
2274,1.19245e-05
2275,1.17775e-05
2276,1.17391e-05
2277,1.17141e-05
2278,1.16875e-05
2279,1.17784e-05
2280,1.16979e-05
2281,1.17484e-05
2282,1.18209e-05
2283,1.18209e-05
2284,1.17872e-05
2285,1.17872e-05
2286,1.16511e-05
2287,1.17601e-05
2288,1.15997e-05
2289,1.16364e-05
2290,1.17583e-05
2291,1.16229e-05
2292,1.17897e-05
2293,1.17897e-05
2294,1.17662e-05
2295,1.17048e-05
2296,1.17048e-05
2297,1.16631e-05
2298,1.16631e-05
2299,1.16391e-05
2300,1.16157e-05
2301,1.16157e-05
2302,1.16817e-05
2303,1.16548e-05
2304,1.15916e-05
2305,1.15916e-05
2306,1.1494e-05
2307,1.15148e-05
2308,1.15915e-05
2309,1.17709e-05
2310,1.16115e-05
2311,1.14609e-05
2312,1.16441e-05
2313,1.17425e-05
2314,1.16474e-05
2315,1.16474e-05
2316,1.15763e-05
2317,1.16298e-05
2318,1.16452e-05
2319,1.17708e-05
2320,1.16196e-05
2321,1.16196e-05
2322,1.16351e-05
2323,1.16475e-05
2324,1.16345e-05
2325,1.16741e-05
2326,1.16741e-05
2327,1.15967e-05
2328,1.14632e-05
2329,1.13777e-05
2330,1.14375e-05
2331,1.14375e-05
2332,1.13759e-05
2333,1.13435e-05
2334,1.13435e-05
2335,1.14879e-05
2336,1.16003e-05
2337,1.16652e-05
2338,1.16652e-05
2339,1.15882e-05
2340,1.15522e-05
2341,1.14578e-05
2342,1.15509e-05
2343,1.16086e-05
2344,1.16086e-05
2345,1.16086e-05
2346,1.15095e-05
2347,1.15095e-05
2348,1.15125e-05
2349,1.15125e-05
2350,1.15125e-05
2351,1.14931e-05
2352,1.15344e-05
2353,1.15251e-05
2354,1.15251e-05
2355,1.15251e-05
2356,1.15171e-05
2357,1.15171e-05
2358,1.14936e-05
2359,1.14936e-05
2360,1.16403e-05
2361,1.16403e-05
2362,1.16403e-05
2363,1.17106e-05
2364,1.17106e-05
2365,1.15898e-05
2366,1.15898e-05
2367,1.16141e-05
2368,1.16134e-05
2369,1.15648e-05
2370,1.15648e-05
2371,1.15726e-05
2372,1.14976e-05
2373,1.1652e-05
2374,1.14834e-05
2375,1.14834e-05
2376,1.14834e-05
2377,1.14834e-05
2378,1.15047e-05
2379,1.15047e-05
2380,1.16925e-05
2381,1.16925e-05
2382,1.16626e-05
2383,1.16626e-05
2384,1.16529e-05
2385,1.16318e-05
2386,1.1561e-05
2387,1.1586e-05
2388,1.17489e-05
2389,1.17866e-05
2390,1.17866e-05
2391,1.17282e-05
2392,1.16524e-05
2393,1.15003e-05
2394,1.15003e-05
2395,1.15071e-05
2396,1.16561e-05
2397,1.16381e-05
2398,1.17421e-05
2399,1.1583e-05
2400,1.17402e-05
2401,1.16488e-05
2402,1.16488e-05
2403,1.16488e-05
2404,1.16609e-05
2405,1.169e-05
2406,1.169e-05
2407,1.169e-05
2408,1.16636e-05
2409,1.16636e-05
2410,1.16636e-05
2411,1.17132e-05
2412,1.17132e-05
2413,1.17132e-05
2414,1.16904e-05
2415,1.17099e-05
2416,1.17099e-05
2417,1.17467e-05
2418,1.16822e-05
2419,1.16613e-05
2420,1.16731e-05
2421,1.16731e-05
2422,1.16731e-05
2423,1.16067e-05
2424,1.1548e-05
2425,1.16011e-05
2426,1.15063e-05
2427,1.15063e-05
2428,1.15031e-05
2429,1.15636e-05
2430,1.15636e-05
2431,1.14219e-05
2432,1.14559e-05
2433,1.14559e-05
2434,1.16161e-05
2435,1.16161e-05
2436,1.15183e-05
2437,1.15489e-05
2438,1.14177e-05
2439,1.15555e-05
2440,1.15555e-05
2441,1.14429e-05
2442,1.14429e-05
2443,1.14082e-05
2444,1.13731e-05
2445,1.12468e-05
2446,1.12468e-05
2447,1.12468e-05
2448,1.141e-05
2449,1.141e-05
2450,1.13576e-05
2451,1.13576e-05
2452,1.13952e-05
2453,1.15081e-05
2454,1.15081e-05
2455,1.14887e-05
2456,1.14994e-05
2457,1.14994e-05
2458,1.15363e-05
2459,1.15363e-05
2460,1.1456e-05
2461,1.14537e-05
2462,1.16602e-05
2463,1.15074e-05
2464,1.15074e-05
2465,1.15074e-05
2466,1.14447e-05
2467,1.14749e-05
2468,1.14749e-05
2469,1.14749e-05
2470,1.14902e-05
2471,1.14902e-05
2472,1.15821e-05
2473,1.14636e-05
2474,1.1328e-05
2475,1.14594e-05
2476,1.15816e-05
2477,1.15816e-05
2478,1.15816e-05
2479,1.15897e-05
2480,1.14803e-05
2481,1.14803e-05
2482,1.14953e-05
2483,1.14953e-05
2484,1.1439e-05
2485,1.1439e-05
2486,1.15237e-05
2487,1.14852e-05
2488,1.14852e-05
2489,1.13099e-05
2490,1.13335e-05
2491,1.13335e-05
2492,1.13335e-05
2493,1.14414e-05
2494,1.1408e-05
2495,1.13574e-05
2496,1.12792e-05
2497,1.12792e-05
2498,1.13252e-05
2499,1.13252e-05
2500,1.13269e-05
2501,1.13854e-05
2502,1.13854e-05
2503,1.14276e-05
2504,1.14287e-05
2505,1.13298e-05
2506,1.13298e-05
2507,1.12876e-05
2508,1.12876e-05
2509,1.12493e-05
2510,1.13708e-05
2511,1.12473e-05
2512,1.1261e-05
2513,1.1261e-05
2514,1.13455e-05
2515,1.14661e-05
2516,1.1519e-05
2517,1.1519e-05
2518,1.1519e-05
2519,1.1519e-05
2520,1.1519e-05
2521,1.13934e-05
2522,1.14857e-05
2523,1.14587e-05
2524,1.14114e-05
2525,1.13253e-05
2526,1.13612e-05
2527,1.14953e-05
2528,1.14953e-05
2529,1.14869e-05
2530,1.15363e-05
2531,1.15363e-05
2532,1.14811e-05
2533,1.14195e-05
2534,1.14195e-05
2535,1.14195e-05
2536,1.14835e-05
2537,1.15428e-05
2538,1.16485e-05
2539,1.14844e-05
2540,1.14995e-05
2541,1.15317e-05
2542,1.15263e-05
2543,1.15263e-05
2544,1.16708e-05
2545,1.16546e-05
2546,1.17303e-05
2547,1.17303e-05
2548,1.15908e-05
2549,1.16204e-05
2550,1.16755e-05
2551,1.15705e-05
2552,1.15229e-05
2553,1.15229e-05
2554,1.15452e-05
2555,1.15452e-05
2556,1.14308e-05
2557,1.1519e-05
2558,1.1494e-05
2559,1.15093e-05
2560,1.15093e-05
2561,1.15222e-05
2562,1.15222e-05
2563,1.15947e-05
2564,1.1505e-05
2565,1.1573e-05
2566,1.15158e-05
2567,1.15498e-05
2568,1.15077e-05
2569,1.15077e-05
2570,1.15429e-05
2571,1.15429e-05
2572,1.16317e-05
2573,1.16317e-05
2574,1.14734e-05
2575,1.14055e-05
2576,1.14511e-05
2577,1.14511e-05
2578,1.14511e-05
2579,1.14511e-05
2580,1.13654e-05
2581,1.15638e-05
2582,1.15725e-05
2583,1.15725e-05
2584,1.14317e-05
2585,1.14317e-05
2586,1.13378e-05
2587,1.14414e-05
2588,1.14414e-05
2589,1.14593e-05
2590,1.14593e-05
2591,1.14593e-05
2592,1.14754e-05
2593,1.15224e-05
2594,1.15224e-05
2595,1.14996e-05
2596,1.14996e-05
2597,1.14996e-05
2598,1.16237e-05
2599,1.16237e-05
2600,1.15792e-05
2601,1.14768e-05
2602,1.14768e-05
2603,1.14501e-05
2604,1.14597e-05
2605,1.14597e-05
2606,1.14597e-05
2607,1.15531e-05
2608,1.15073e-05
2609,1.15299e-05
2610,1.15454e-05
2611,1.14839e-05
2612,1.14654e-05
2613,1.14654e-05
2614,1.15564e-05
2615,1.15564e-05
2616,1.15564e-05
2617,1.14739e-05
2618,1.15028e-05
2619,1.14988e-05
2620,1.15911e-05
2621,1.14397e-05
2622,1.14583e-05
2623,1.14296e-05
2624,1.13879e-05
2625,1.13879e-05
2626,1.15197e-05
2627,1.14737e-05
2628,1.14737e-05
2629,1.14737e-05
2630,1.14737e-05
2631,1.14737e-05
2632,1.13576e-05
2633,1.13576e-05
2634,1.12826e-05
2635,1.12826e-05
2636,1.14819e-05
2637,1.15601e-05
2638,1.15601e-05
2639,1.16235e-05
2640,1.16235e-05
2641,1.16235e-05
2642,1.16856e-05
2643,1.16856e-05
2644,1.17544e-05
2645,1.16215e-05
2646,1.15124e-05
2647,1.14596e-05
2648,1.15165e-05
2649,1.15165e-05
2650,1.15165e-05
2651,1.15165e-05
2652,1.14966e-05
2653,1.14966e-05
2654,1.15099e-05
2655,1.15099e-05
2656,1.15637e-05
2657,1.17094e-05
2658,1.16376e-05
2659,1.17363e-05
2660,1.18814e-05
2661,1.17787e-05
2662,1.17787e-05
2663,1.17787e-05
2664,1.17293e-05
2665,1.17588e-05
2666,1.17928e-05
2667,1.17087e-05
2668,1.16037e-05
2669,1.17379e-05
2670,1.15661e-05
2671,1.15661e-05
2672,1.15661e-05
2673,1.15661e-05
2674,1.15661e-05
2675,1.15661e-05
2676,1.15728e-05
2677,1.15728e-05
2678,1.15728e-05
2679,1.15649e-05
2680,1.15649e-05
2681,1.15858e-05
2682,1.15858e-05
2683,1.16126e-05
2684,1.16126e-05
2685,1.15436e-05
2686,1.14872e-05
2687,1.14872e-05
2688,1.15294e-05
2689,1.14752e-05
2690,1.15595e-05
2691,1.14753e-05
2692,1.14435e-05
2693,1.13581e-05
2694,1.13581e-05
2695,1.13581e-05
2696,1.13827e-05
2697,1.13827e-05
2698,1.15483e-05
2699,1.15483e-05
2700,1.15736e-05
2701,1.15834e-05
2702,1.15834e-05
2703,1.15713e-05
2704,1.16032e-05
2705,1.16032e-05
2706,1.16032e-05
2707,1.15875e-05
2708,1.15393e-05
2709,1.14706e-05
2710,1.14798e-05
2711,1.14798e-05
2712,1.14798e-05
2713,1.14798e-05
2714,1.15697e-05
2715,1.15697e-05
2716,1.14713e-05
2717,1.14768e-05
2718,1.14479e-05
2719,1.14141e-05
2720,1.15215e-05
2721,1.15013e-05
2722,1.14909e-05
2723,1.14787e-05
2724,1.15053e-05
2725,1.13787e-05
2726,1.14934e-05
2727,1.15395e-05
2728,1.14759e-05
2729,1.15751e-05
2730,1.1583e-05
2731,1.15336e-05
2732,1.14515e-05
2733,1.14515e-05
2734,1.15189e-05
2735,1.1674e-05
2736,1.15496e-05
2737,1.15496e-05
2738,1.15566e-05
2739,1.15566e-05
2740,1.14594e-05
2741,1.14594e-05
2742,1.16035e-05
2743,1.1647e-05
2744,1.17394e-05
2745,1.1523e-05
2746,1.14605e-05
2747,1.14605e-05
2748,1.14605e-05
2749,1.14023e-05
2750,1.14698e-05
2751,1.14698e-05
2752,1.14698e-05
2753,1.14698e-05
2754,1.14735e-05
2755,1.14735e-05
2756,1.13998e-05
2757,1.14792e-05
2758,1.1574e-05
2759,1.15571e-05
2760,1.15571e-05
2761,1.15571e-05
2762,1.15879e-05
2763,1.15879e-05
2764,1.15879e-05
2765,1.15138e-05
2766,1.15138e-05
2767,1.15138e-05
2768,1.15138e-05
2769,1.14108e-05
2770,1.1415e-05
2771,1.14129e-05
2772,1.14129e-05
2773,1.14129e-05
2774,1.14771e-05
2775,1.15059e-05
2776,1.15027e-05
2777,1.15027e-05
2778,1.15104e-05
2779,1.15231e-05
2780,1.15231e-05
2781,1.15992e-05
2782,1.14801e-05
2783,1.16031e-05
2784,1.17363e-05
2785,1.16063e-05
2786,1.15806e-05
2787,1.15432e-05
2788,1.15432e-05
2789,1.15432e-05
2790,1.17659e-05
2791,1.17659e-05
2792,1.18313e-05
2793,1.17369e-05
2794,1.17773e-05
2795,1.17318e-05
2796,1.17318e-05
2797,1.16197e-05
2798,1.15504e-05
2799,1.15215e-05
2800,1.15174e-05
2801,1.15174e-05
2802,1.15174e-05
2803,1.1543e-05
2804,1.15112e-05
2805,1.15112e-05
2806,1.15942e-05
2807,1.15578e-05
2808,1.15578e-05
2809,1.15546e-05
2810,1.15546e-05
2811,1.15575e-05
2812,1.1496e-05
2813,1.1496e-05
2814,1.14984e-05
2815,1.15322e-05
2816,1.15559e-05
2817,1.15131e-05
2818,1.14874e-05
2819,1.14828e-05
2820,1.16306e-05
2821,1.16034e-05
2822,1.1825e-05
2823,1.16436e-05
2824,1.17126e-05
2825,1.17126e-05
2826,1.17126e-05
2827,1.17126e-05
2828,1.18635e-05
2829,1.18502e-05
2830,1.18502e-05
2831,1.16083e-05
2832,1.15742e-05
2833,1.15742e-05
2834,1.15742e-05
2835,1.16807e-05
2836,1.17048e-05
2837,1.17048e-05
2838,1.1748e-05
2839,1.1748e-05
2840,1.14533e-05
2841,1.1538e-05
2842,1.15052e-05
2843,1.15052e-05
2844,1.15052e-05
2845,1.15832e-05
2846,1.16637e-05
2847,1.15382e-05
2848,1.159e-05
2849,1.16409e-05
2850,1.1744e-05
2851,1.1744e-05
2852,1.1843e-05
2853,1.1843e-05
2854,1.18907e-05
2855,1.18138e-05
2856,1.18138e-05
2857,1.18196e-05
2858,1.18196e-05
2859,1.18196e-05
2860,1.17133e-05
2861,1.17133e-05
2862,1.1695e-05
2863,1.16154e-05
2864,1.16941e-05
2865,1.16941e-05
2866,1.16941e-05
2867,1.16941e-05
2868,1.16267e-05
2869,1.16065e-05
2870,1.16239e-05
2871,1.16239e-05
2872,1.15028e-05
2873,1.14932e-05
2874,1.14932e-05
2875,1.16395e-05
2876,1.16395e-05
2877,1.1468e-05
2878,1.14394e-05
2879,1.14572e-05
2880,1.15347e-05
2881,1.16484e-05
2882,1.16484e-05
2883,1.16896e-05
2884,1.16896e-05
2885,1.16807e-05
2886,1.16807e-05
2887,1.16335e-05
2888,1.16335e-05
2889,1.15531e-05
2890,1.15531e-05
2891,1.15959e-05
2892,1.16093e-05
2893,1.16093e-05
2894,1.16093e-05
2895,1.16093e-05
2896,1.16093e-05
2897,1.15727e-05
2898,1.15727e-05
2899,1.15727e-05
2900,1.16278e-05
2901,1.17983e-05
2902,1.19054e-05
2903,1.19054e-05
2904,1.20127e-05
2905,1.18867e-05
2906,1.18867e-05
2907,1.17775e-05
2908,1.18733e-05
2909,1.19363e-05
2910,1.19363e-05
2911,1.20446e-05
2912,1.20953e-05
2913,1.19806e-05
2914,1.19697e-05
2915,1.19759e-05
2916,1.19759e-05
2917,1.19759e-05
2918,1.18966e-05
2919,1.17697e-05
2920,1.19116e-05
2921,1.17547e-05
2922,1.17547e-05
2923,1.17547e-05
2924,1.17168e-05
2925,1.16754e-05
2926,1.16754e-05
2927,1.16358e-05
2928,1.16529e-05
2929,1.16529e-05
2930,1.16529e-05
2931,1.17511e-05
2932,1.17511e-05
2933,1.17511e-05
2934,1.17511e-05
2935,1.18177e-05
2936,1.18177e-05
2937,1.196e-05
2938,1.21356e-05
2939,1.21356e-05
2940,1.21356e-05
2941,1.21356e-05
2942,1.21356e-05
2943,1.19976e-05
2944,1.19976e-05
2945,1.19976e-05
2946,1.19976e-05
2947,1.19976e-05
2948,1.20347e-05
2949,1.20347e-05
2950,1.19169e-05
2951,1.19557e-05
2952,1.1798e-05
2953,1.16379e-05
2954,1.16379e-05
2955,1.15797e-05
2956,1.15797e-05
2957,1.15797e-05
2958,1.17111e-05
2959,1.15477e-05
2960,1.16682e-05
2961,1.16345e-05
2962,1.16345e-05
2963,1.16345e-05
2964,1.16345e-05
2965,1.16914e-05
2966,1.16914e-05
2967,1.16194e-05
2968,1.16194e-05
2969,1.17319e-05
2970,1.18573e-05
2971,1.18605e-05
2972,1.18605e-05
2973,1.18605e-05
2974,1.16119e-05
2975,1.16119e-05
2976,1.16119e-05
2977,1.16119e-05
2978,1.16174e-05
2979,1.17158e-05
2980,1.1756e-05
2981,1.1756e-05
2982,1.17538e-05
2983,1.17538e-05
2984,1.16419e-05
2985,1.17864e-05
2986,1.1701e-05
2987,1.16341e-05
2988,1.16341e-05
2989,1.15823e-05
2990,1.15823e-05
2991,1.15823e-05
2992,1.15823e-05
2993,1.15781e-05
2994,1.15781e-05
2995,1.16313e-05
2996,1.16313e-05
2997,1.16883e-05
2998,1.17379e-05
2999,1.18019e-05
3000,1.16091e-05
3001,1.15996e-05
3002,1.15996e-05
3003,1.15996e-05
3004,1.15996e-05
3005,1.16387e-05
3006,1.1732e-05
3007,1.1732e-05
3008,1.17219e-05
3009,1.17219e-05
3010,1.17219e-05
3011,1.17638e-05
3012,1.17638e-05
3013,1.17638e-05
3014,1.15778e-05
3015,1.15778e-05
3016,1.16678e-05
3017,1.16483e-05
3018,1.18532e-05
3019,1.18532e-05
3020,1.17084e-05
3021,1.17084e-05
3022,1.17968e-05
3023,1.19468e-05
3024,1.19468e-05
3025,1.19468e-05
3026,1.19468e-05
3027,1.19022e-05
3028,1.19022e-05
3029,1.18858e-05
3030,1.18858e-05
3031,1.18858e-05
3032,1.1911e-05
3033,1.1895e-05
3034,1.1895e-05
3035,1.19148e-05
3036,1.19028e-05
3037,1.17109e-05
3038,1.17109e-05
3039,1.17109e-05
3040,1.17072e-05
3041,1.17072e-05
3042,1.17072e-05
3043,1.17327e-05
3044,1.17327e-05
3045,1.17327e-05
3046,1.18169e-05
3047,1.17679e-05
3048,1.1872e-05
3049,1.17031e-05
3050,1.17031e-05
3051,1.17031e-05
3052,1.1658e-05
3053,1.1658e-05
3054,1.1658e-05
3055,1.1603e-05
3056,1.15665e-05
3057,1.15285e-05
3058,1.14985e-05
3059,1.14985e-05
3060,1.15392e-05
3061,1.15419e-05
3062,1.15419e-05
3063,1.15419e-05
3064,1.16015e-05
3065,1.17195e-05
3066,1.15541e-05
3067,1.15613e-05
3068,1.15531e-05
3069,1.15531e-05
3070,1.15531e-05
3071,1.16019e-05
3072,1.16624e-05
3073,1.16898e-05
3074,1.1687e-05
3075,1.15383e-05
3076,1.15383e-05
3077,1.1493e-05
3078,1.15765e-05
3079,1.16579e-05
3080,1.15608e-05
3081,1.15821e-05
3082,1.14567e-05
3083,1.14567e-05
3084,1.14567e-05
3085,1.1526e-05
3086,1.1526e-05
3087,1.1526e-05
3088,1.1526e-05
3089,1.1526e-05
3090,1.15997e-05
3091,1.15997e-05
3092,1.15997e-05
3093,1.15734e-05
3094,1.16178e-05
3095,1.16178e-05
3096,1.14794e-05
3097,1.14224e-05
3098,1.15156e-05
3099,1.15156e-05
3100,1.15448e-05
3101,1.15448e-05
3102,1.15614e-05
3103,1.16083e-05
3104,1.17383e-05
3105,1.17383e-05
3106,1.1677e-05
3107,1.16861e-05
3108,1.16861e-05
3109,1.16861e-05
3110,1.16861e-05
3111,1.16861e-05
3112,1.16861e-05
3113,1.16861e-05
3114,1.16861e-05
3115,1.16861e-05
3116,1.17296e-05
3117,1.15543e-05
3118,1.16609e-05
3119,1.163e-05
3120,1.163e-05
3121,1.16146e-05
3122,1.16926e-05
3123,1.16926e-05
3124,1.15702e-05
3125,1.15452e-05
3126,1.15452e-05
3127,1.15895e-05
3128,1.1626e-05
3129,1.1567e-05
3130,1.16041e-05
3131,1.16041e-05
3132,1.16041e-05
3133,1.16041e-05
3134,1.16041e-05
3135,1.1604e-05
3136,1.16184e-05
3137,1.14869e-05
3138,1.14346e-05
3139,1.15758e-05
3140,1.15758e-05
3141,1.16194e-05
3142,1.16392e-05
3143,1.16374e-05
3144,1.15911e-05
3145,1.15911e-05
3146,1.16451e-05
3147,1.16451e-05
3148,1.16451e-05
3149,1.16451e-05
3150,1.18348e-05
3151,1.18552e-05
3152,1.16789e-05
3153,1.17049e-05
3154,1.17382e-05
3155,1.20047e-05
3156,1.19637e-05
3157,1.18849e-05
3158,1.18853e-05
3159,1.18092e-05
3160,1.16978e-05
3161,1.16535e-05
3162,1.1612e-05
3163,1.1612e-05
3164,1.18078e-05
3165,1.1858e-05
3166,1.19447e-05
3167,1.18357e-05
3168,1.1887e-05
3169,1.1887e-05
3170,1.1887e-05
3171,1.18638e-05
3172,1.18325e-05
3173,1.18325e-05
3174,1.18637e-05
3175,1.1659e-05
3176,1.17112e-05
3177,1.17913e-05
3178,1.17913e-05
3179,1.1736e-05
3180,1.19493e-05
3181,1.18209e-05
3182,1.18209e-05
3183,1.18485e-05
3184,1.18269e-05
3185,1.18921e-05
3186,1.18921e-05
3187,1.18921e-05
3188,1.17524e-05
3189,1.17524e-05
3190,1.17524e-05
3191,1.1815e-05
3192,1.17212e-05
3193,1.17212e-05
3194,1.17212e-05
3195,1.17212e-05
3196,1.15915e-05
3197,1.15915e-05
3198,1.16541e-05
3199,1.18131e-05
3200,1.18131e-05
3201,1.18131e-05
3202,1.18131e-05
3203,1.16693e-05
3204,1.16693e-05
3205,1.17632e-05
3206,1.16421e-05
3207,1.16421e-05
3208,1.16421e-05
3209,1.18669e-05
3210,1.18669e-05
3211,1.18669e-05
3212,1.18408e-05
3213,1.18408e-05
3214,1.18801e-05
3215,1.18801e-05
3216,1.18801e-05
3217,1.18771e-05
3218,1.18771e-05
3219,1.18771e-05
3220,1.18771e-05
3221,1.18666e-05
3222,1.16791e-05
3223,1.1688e-05
3224,1.17772e-05
3225,1.18712e-05
3226,1.18712e-05
3227,1.18219e-05
3228,1.19597e-05
3229,1.2011e-05
3230,1.2011e-05
3231,1.2011e-05
3232,1.2011e-05
3233,1.19761e-05
3234,1.19042e-05
3235,1.19127e-05
3236,1.17322e-05
3237,1.18539e-05
3238,1.18539e-05
3239,1.19267e-05
3240,1.17456e-05
3241,1.17456e-05
3242,1.17456e-05
3243,1.17456e-05
3244,1.17456e-05
3245,1.17941e-05
3246,1.17227e-05
3247,1.17282e-05
3248,1.17282e-05
3249,1.1696e-05
3250,1.1696e-05
3251,1.17196e-05
3252,1.1719e-05
3253,1.15341e-05
3254,1.15341e-05
3255,1.15582e-05
3256,1.17452e-05
3257,1.16213e-05
3258,1.18353e-05
3259,1.18353e-05
3260,1.19796e-05
3261,1.19796e-05
3262,1.17357e-05
3263,1.17357e-05
3264,1.17462e-05
3265,1.15196e-05
3266,1.15196e-05
3267,1.16398e-05
3268,1.16398e-05
3269,1.15695e-05
3270,1.15695e-05
3271,1.15695e-05
3272,1.15695e-05
3273,1.15695e-05
3274,1.1823e-05
3275,1.1823e-05
3276,1.1823e-05
3277,1.17723e-05
3278,1.17524e-05
3279,1.17524e-05
3280,1.16532e-05
3281,1.17659e-05
3282,1.16936e-05
3283,1.17319e-05
3284,1.15879e-05
3285,1.15411e-05
3286,1.17019e-05
3287,1.17019e-05
3288,1.17473e-05
3289,1.17473e-05
3290,1.16544e-05
3291,1.16544e-05
3292,1.16544e-05
3293,1.16544e-05
3294,1.1613e-05
3295,1.15394e-05
3296,1.15566e-05
3297,1.14491e-05
3298,1.14872e-05
3299,1.14231e-05
3300,1.14231e-05
3301,1.15229e-05
3302,1.15229e-05
3303,1.14901e-05
3304,1.14488e-05
3305,1.14676e-05
3306,1.14676e-05
3307,1.15351e-05
3308,1.14909e-05
3309,1.14909e-05
3310,1.155e-05
3311,1.1603e-05
3312,1.16126e-05
3313,1.15904e-05
3314,1.15473e-05
3315,1.15473e-05
3316,1.14202e-05
3317,1.15396e-05
3318,1.15605e-05
3319,1.17154e-05
3320,1.17154e-05
3321,1.17154e-05
3322,1.17868e-05
3323,1.19145e-05
3324,1.19145e-05
3325,1.17405e-05
3326,1.17259e-05
3327,1.18382e-05
3328,1.17011e-05
3329,1.17011e-05
3330,1.17011e-05
3331,1.17802e-05
3332,1.17648e-05
3333,1.18074e-05
3334,1.17647e-05
3335,1.17647e-05
3336,1.16193e-05
3337,1.14014e-05
3338,1.14713e-05
3339,1.15038e-05
3340,1.15038e-05
3341,1.15038e-05
3342,1.15038e-05
3343,1.14859e-05
3344,1.16471e-05
3345,1.16021e-05
3346,1.16826e-05
3347,1.16826e-05
3348,1.16826e-05
3349,1.16826e-05
3350,1.18427e-05
3351,1.17356e-05
3352,1.17356e-05
3353,1.16297e-05
3354,1.14947e-05
3355,1.14947e-05
3356,1.14919e-05
3357,1.1504e-05
3358,1.15255e-05
3359,1.14932e-05
3360,1.14804e-05
3361,1.14801e-05
3362,1.15541e-05
3363,1.15602e-05
3364,1.16067e-05
3365,1.16067e-05
3366,1.16067e-05
3367,1.16067e-05
3368,1.15821e-05
3369,1.15821e-05
3370,1.15796e-05
3371,1.15245e-05
3372,1.15245e-05
3373,1.15845e-05
3374,1.15913e-05
3375,1.15913e-05
3376,1.13622e-05
3377,1.13622e-05
3378,1.14222e-05
3379,1.16011e-05
3380,1.15123e-05
3381,1.14895e-05
3382,1.14895e-05
3383,1.14895e-05
3384,1.16263e-05
3385,1.16263e-05
3386,1.16263e-05
3387,1.16263e-05
3388,1.15505e-05
3389,1.16889e-05
3390,1.16889e-05
3391,1.15326e-05
3392,1.17656e-05
3393,1.17271e-05
3394,1.17259e-05
3395,1.15469e-05
3396,1.15909e-05
3397,1.15909e-05
3398,1.17484e-05
3399,1.17484e-05
3400,1.17045e-05
3401,1.16169e-05
3402,1.16169e-05
3403,1.16169e-05
3404,1.16014e-05
3405,1.17117e-05
3406,1.15902e-05
3407,1.15081e-05
3408,1.15806e-05
3409,1.15806e-05
3410,1.16062e-05
3411,1.15743e-05
3412,1.15743e-05
3413,1.17328e-05
3414,1.17328e-05
3415,1.17328e-05
3416,1.17328e-05
3417,1.17328e-05
3418,1.16038e-05
3419,1.16038e-05
3420,1.17632e-05
3421,1.18648e-05
3422,1.18648e-05
3423,1.17564e-05
3424,1.18775e-05
3425,1.15945e-05
3426,1.15945e-05
3427,1.16672e-05
3428,1.15018e-05
3429,1.15735e-05
3430,1.15512e-05
3431,1.15512e-05
3432,1.15951e-05
3433,1.16759e-05
3434,1.16759e-05
3435,1.16759e-05
3436,1.16667e-05
3437,1.15421e-05
3438,1.15421e-05
3439,1.162e-05
3440,1.1728e-05
3441,1.1728e-05
3442,1.17292e-05
3443,1.18107e-05
3444,1.17659e-05
3445,1.18277e-05
3446,1.18153e-05
3447,1.18153e-05
3448,1.16859e-05
3449,1.17422e-05
3450,1.17422e-05
3451,1.17422e-05
3452,1.16633e-05
3453,1.16633e-05
3454,1.16282e-05
3455,1.16282e-05
3456,1.15609e-05
3457,1.15607e-05
3458,1.16309e-05
3459,1.16309e-05
3460,1.1575e-05
3461,1.1575e-05
3462,1.1575e-05
3463,1.1575e-05
3464,1.14838e-05
3465,1.15094e-05
3466,1.1413e-05
3467,1.1356e-05
3468,1.13027e-05
3469,1.12424e-05
3470,1.12424e-05
3471,1.13897e-05
3472,1.13667e-05
3473,1.13667e-05
3474,1.13667e-05
3475,1.13667e-05
3476,1.14817e-05
3477,1.14817e-05
3478,1.14297e-05
3479,1.14938e-05
3480,1.16137e-05
3481,1.16137e-05
3482,1.1524e-05
3483,1.14943e-05
3484,1.16562e-05
3485,1.17124e-05
3486,1.17124e-05
3487,1.17124e-05
3488,1.1861e-05
3489,1.1861e-05
3490,1.1861e-05
3491,1.17856e-05
3492,1.18439e-05
3493,1.18335e-05
3494,1.16996e-05
3495,1.16996e-05
3496,1.16368e-05
3497,1.16664e-05
3498,1.16664e-05
3499,1.16345e-05
3500,1.16345e-05
3501,1.18281e-05
3502,1.1674e-05
3503,1.17043e-05
3504,1.17899e-05
3505,1.17899e-05
3506,1.16857e-05
3507,1.16861e-05
3508,1.14523e-05
3509,1.1526e-05
3510,1.14938e-05
3511,1.14896e-05
3512,1.14896e-05
3513,1.14896e-05
3514,1.15263e-05
3515,1.14985e-05
3516,1.14985e-05
3517,1.14985e-05
3518,1.14985e-05
3519,1.14985e-05
3520,1.14533e-05
3521,1.15388e-05
3522,1.15516e-05
3523,1.15516e-05
3524,1.15399e-05
3525,1.15258e-05
3526,1.15258e-05
3527,1.15258e-05
3528,1.15258e-05
3529,1.16147e-05
3530,1.1679e-05
3531,1.15387e-05
3532,1.15305e-05
3533,1.15305e-05
3534,1.15305e-05
3535,1.15727e-05
3536,1.14635e-05
3537,1.14582e-05
3538,1.1446e-05
3539,1.1446e-05
3540,1.13838e-05
3541,1.13838e-05
3542,1.13607e-05
3543,1.13607e-05
3544,1.14875e-05
3545,1.14875e-05
3546,1.14354e-05
3547,1.14037e-05
3548,1.14037e-05
3549,1.13855e-05
3550,1.14555e-05
3551,1.14555e-05
3552,1.14351e-05
3553,1.14351e-05
3554,1.14554e-05
3555,1.15424e-05
3556,1.15424e-05
3557,1.15424e-05
3558,1.15186e-05
3559,1.1625e-05
3560,1.1625e-05
3561,1.17868e-05
3562,1.17868e-05
3563,1.17868e-05
3564,1.17868e-05
3565,1.17605e-05
3566,1.17605e-05
3567,1.16032e-05
3568,1.16032e-05
3569,1.16271e-05
3570,1.17862e-05
3571,1.17862e-05
3572,1.18319e-05
3573,1.17089e-05
3574,1.1575e-05
3575,1.16906e-05
3576,1.16721e-05
3577,1.16721e-05
3578,1.16721e-05
3579,1.16721e-05
3580,1.16721e-05
3581,1.1643e-05
3582,1.16141e-05
3583,1.17754e-05
3584,1.16453e-05
3585,1.17797e-05
3586,1.16581e-05
3587,1.18466e-05
3588,1.18558e-05
3589,1.18259e-05
3590,1.18714e-05
3591,1.18714e-05
3592,1.17394e-05
3593,1.16963e-05
3594,1.1958e-05
3595,1.18122e-05
3596,1.18122e-05
3597,1.17732e-05
3598,1.17732e-05
3599,1.19438e-05
3600,1.16549e-05
3601,1.15279e-05
3602,1.15836e-05
3603,1.16209e-05
3604,1.14895e-05
3605,1.14919e-05
3606,1.16179e-05
3607,1.15575e-05
3608,1.15557e-05
3609,1.16285e-05
3610,1.14779e-05
3611,1.15392e-05
3612,1.15392e-05
3613,1.15392e-05
3614,1.15392e-05
3615,1.14422e-05
3616,1.13076e-05
3617,1.13811e-05
3618,1.15197e-05
3619,1.15165e-05
3620,1.15165e-05
3621,1.15165e-05
3622,1.15165e-05
3623,1.15135e-05
3624,1.15135e-05
3625,1.15989e-05
3626,1.15628e-05
3627,1.16039e-05
3628,1.14741e-05
3629,1.14511e-05
3630,1.14511e-05
3631,1.15196e-05
3632,1.15196e-05
3633,1.13598e-05
3634,1.14115e-05
3635,1.14535e-05
3636,1.13895e-05
3637,1.13895e-05
3638,1.13895e-05
3639,1.13895e-05
3640,1.13895e-05
3641,1.14842e-05
3642,1.15119e-05
3643,1.15119e-05
3644,1.15119e-05
3645,1.15119e-05
3646,1.14696e-05
3647,1.14696e-05
3648,1.14724e-05
3649,1.14724e-05
3650,1.14484e-05
3651,1.14484e-05
3652,1.14484e-05
3653,1.14962e-05
3654,1.1454e-05
3655,1.14253e-05
3656,1.13586e-05
3657,1.13594e-05
3658,1.14119e-05
3659,1.15425e-05
3660,1.14847e-05
3661,1.14847e-05
3662,1.15484e-05
3663,1.14687e-05
3664,1.15107e-05
3665,1.15416e-05
3666,1.13978e-05
3667,1.13816e-05
3668,1.12469e-05
3669,1.14172e-05
3670,1.14172e-05
3671,1.14836e-05
3672,1.14836e-05
3673,1.14836e-05
3674,1.13685e-05
3675,1.13685e-05
3676,1.13685e-05
3677,1.13843e-05
3678,1.14052e-05
3679,1.14052e-05
3680,1.13307e-05
3681,1.13447e-05
3682,1.15396e-05
3683,1.15396e-05
3684,1.15875e-05
3685,1.15999e-05
3686,1.14865e-05
3687,1.15672e-05
3688,1.15013e-05
3689,1.15013e-05
3690,1.15349e-05
3691,1.15349e-05
3692,1.14216e-05
3693,1.14637e-05
3694,1.13937e-05
3695,1.14802e-05
3696,1.15301e-05
3697,1.14694e-05
3698,1.16097e-05
3699,1.15695e-05
3700,1.15646e-05
3701,1.15646e-05
3702,1.13773e-05
3703,1.14271e-05
3704,1.13946e-05
3705,1.13946e-05
3706,1.1506e-05
3707,1.1506e-05
3708,1.13706e-05
3709,1.13257e-05
3710,1.13257e-05
3711,1.15068e-05
3712,1.13383e-05
3713,1.15327e-05
3714,1.15411e-05
3715,1.1667e-05
3716,1.1667e-05
3717,1.16239e-05
3718,1.16347e-05
3719,1.17091e-05
3720,1.15744e-05
3721,1.14678e-05
3722,1.15184e-05
3723,1.14209e-05
3724,1.14473e-05
3725,1.13904e-05
3726,1.14694e-05
3727,1.15323e-05
3728,1.17126e-05
3729,1.15496e-05
3730,1.15735e-05
3731,1.15735e-05
3732,1.15735e-05
3733,1.14467e-05
3734,1.14552e-05
3735,1.14552e-05
3736,1.14552e-05
3737,1.14552e-05
3738,1.14552e-05
3739,1.13377e-05
3740,1.13377e-05
3741,1.13975e-05
3742,1.13975e-05
3743,1.13975e-05
3744,1.14709e-05
3745,1.14709e-05
3746,1.13734e-05
3747,1.13734e-05
3748,1.13838e-05
3749,1.13838e-05
3750,1.13838e-05
3751,1.14256e-05
3752,1.14632e-05
3753,1.151e-05
3754,1.13682e-05
3755,1.13436e-05
3756,1.12921e-05
3757,1.12921e-05
3758,1.13677e-05
3759,1.13677e-05
3760,1.13677e-05
3761,1.13594e-05
3762,1.14294e-05
3763,1.14577e-05
3764,1.14577e-05
3765,1.1431e-05
3766,1.13405e-05
3767,1.1597e-05
3768,1.14401e-05
3769,1.14612e-05
3770,1.14756e-05
3771,1.1587e-05
3772,1.1587e-05
3773,1.16088e-05
3774,1.16088e-05
3775,1.16088e-05
3776,1.16347e-05
3777,1.17052e-05
3778,1.17052e-05
3779,1.17297e-05
3780,1.1444e-05
3781,1.14172e-05
3782,1.14172e-05
3783,1.14555e-05
3784,1.15263e-05
3785,1.13949e-05
3786,1.15767e-05
3787,1.15767e-05
3788,1.15767e-05
3789,1.16636e-05
3790,1.19952e-05
3791,1.19475e-05
3792,1.19475e-05
3793,1.19887e-05
3794,1.19887e-05
3795,1.18568e-05
3796,1.18415e-05
3797,1.18654e-05
3798,1.18353e-05
3799,1.18353e-05
3800,1.16981e-05
3801,1.17398e-05
3802,1.17398e-05
3803,1.15792e-05
3804,1.15792e-05
3805,1.15792e-05
3806,1.15792e-05
3807,1.1737e-05
3808,1.16602e-05
3809,1.17342e-05
3810,1.17342e-05
3811,1.1673e-05
3812,1.16618e-05
3813,1.17601e-05
3814,1.16772e-05
3815,1.16772e-05
3816,1.17895e-05
3817,1.17895e-05
3818,1.1626e-05
3819,1.1562e-05
3820,1.16719e-05
3821,1.16719e-05
3822,1.1646e-05
3823,1.15361e-05
3824,1.15361e-05
3825,1.15294e-05
3826,1.15294e-05
3827,1.16215e-05
3828,1.1694e-05
3829,1.15354e-05
3830,1.15389e-05
3831,1.15389e-05
3832,1.15773e-05
3833,1.15773e-05
3834,1.15773e-05
3835,1.15773e-05
3836,1.15773e-05
3837,1.15513e-05
3838,1.16005e-05
3839,1.16942e-05
3840,1.16942e-05
3841,1.15517e-05
3842,1.16403e-05
3843,1.16099e-05
3844,1.15209e-05
3845,1.14911e-05
3846,1.16463e-05
3847,1.14404e-05
3848,1.15314e-05
3849,1.15772e-05
3850,1.15772e-05
3851,1.1683e-05
3852,1.15922e-05
3853,1.15922e-05
3854,1.15922e-05
3855,1.1501e-05
3856,1.15438e-05
3857,1.15438e-05
3858,1.15438e-05
3859,1.15438e-05
3860,1.15454e-05
3861,1.16818e-05
3862,1.16295e-05
3863,1.16582e-05
3864,1.16398e-05
3865,1.16398e-05
3866,1.17806e-05
3867,1.17806e-05
3868,1.1798e-05
3869,1.16579e-05
3870,1.16579e-05
3871,1.14994e-05
3872,1.15784e-05
3873,1.15681e-05
3874,1.1454e-05
3875,1.14138e-05
3876,1.13658e-05
3877,1.13658e-05
3878,1.13658e-05
3879,1.14189e-05
3880,1.15731e-05
3881,1.15731e-05
3882,1.1659e-05
3883,1.16001e-05
3884,1.14584e-05
3885,1.14696e-05
3886,1.16163e-05
3887,1.16163e-05
3888,1.16163e-05
3889,1.16785e-05
3890,1.17198e-05
3891,1.17198e-05
3892,1.15904e-05
3893,1.14337e-05
3894,1.14337e-05
3895,1.14337e-05
3896,1.17041e-05
3897,1.17041e-05
3898,1.16378e-05
3899,1.15519e-05
3900,1.15794e-05
3901,1.16801e-05
3902,1.15285e-05
3903,1.16262e-05
3904,1.1664e-05
3905,1.16952e-05
3906,1.15657e-05
3907,1.14455e-05
3908,1.1309e-05
3909,1.14531e-05
3910,1.14814e-05
3911,1.15752e-05
3912,1.15531e-05
3913,1.15531e-05
3914,1.15531e-05
3915,1.15453e-05
3916,1.1591e-05
3917,1.14731e-05
3918,1.14731e-05
3919,1.14604e-05
3920,1.16292e-05
3921,1.1612e-05
3922,1.16676e-05
3923,1.15662e-05
3924,1.15662e-05
3925,1.15615e-05
3926,1.15615e-05
3927,1.15615e-05
3928,1.15765e-05
3929,1.15765e-05
3930,1.15603e-05
3931,1.15091e-05
3932,1.15861e-05
3933,1.15861e-05
3934,1.15361e-05
3935,1.14157e-05
3936,1.15667e-05
3937,1.14985e-05
3938,1.15583e-05
3939,1.14746e-05
3940,1.15084e-05
3941,1.15084e-05
3942,1.15084e-05
3943,1.13423e-05
3944,1.14724e-05
3945,1.14724e-05
3946,1.13824e-05
3947,1.13824e-05
3948,1.13618e-05
3949,1.13618e-05
3950,1.13618e-05
3951,1.13612e-05
3952,1.14154e-05
3953,1.14154e-05
3954,1.14154e-05
3955,1.14154e-05
3956,1.14154e-05
3957,1.14168e-05
3958,1.14168e-05
3959,1.14168e-05
3960,1.14168e-05
3961,1.14307e-05
3962,1.14307e-05
3963,1.13724e-05
3964,1.13773e-05
3965,1.14377e-05
3966,1.1395e-05
3967,1.1395e-05
3968,1.12963e-05
3969,1.12782e-05
3970,1.12903e-05
3971,1.13081e-05
3972,1.13081e-05
3973,1.13612e-05
3974,1.13612e-05
3975,1.1343e-05
3976,1.14729e-05
3977,1.13531e-05
3978,1.13038e-05
3979,1.13038e-05
3980,1.14388e-05
3981,1.14053e-05
3982,1.13681e-05
3983,1.1415e-05
3984,1.13074e-05
3985,1.15295e-05
3986,1.15295e-05
3987,1.15659e-05
3988,1.1555e-05
3989,1.1555e-05
3990,1.14915e-05
3991,1.13711e-05
3992,1.14002e-05
3993,1.1483e-05
3994,1.13494e-05
3995,1.14079e-05
3996,1.15681e-05
3997,1.14509e-05
3998,1.14509e-05
3999,1.14509e-05
4000,1.15684e-05
4001,1.13755e-05
4002,1.14117e-05
4003,1.14117e-05
4004,1.14117e-05
4005,1.14566e-05
4006,1.15783e-05
4007,1.15783e-05
4008,1.15152e-05
4009,1.14831e-05
4010,1.14487e-05
4011,1.13814e-05
4012,1.14349e-05
4013,1.14349e-05
4014,1.1377e-05
4015,1.13832e-05
4016,1.13832e-05
4017,1.13832e-05
4018,1.13175e-05
4019,1.15273e-05
4020,1.16021e-05
4021,1.14666e-05
4022,1.14602e-05
4023,1.14602e-05
4024,1.14546e-05
4025,1.14536e-05
4026,1.14115e-05
4027,1.15658e-05
4028,1.15843e-05
4029,1.15938e-05
4030,1.14454e-05
4031,1.14835e-05
4032,1.14247e-05
4033,1.14247e-05
4034,1.15094e-05
4035,1.15094e-05
4036,1.15189e-05
4037,1.15575e-05
4038,1.15986e-05
4039,1.15468e-05
4040,1.16255e-05
4041,1.16227e-05
4042,1.16142e-05
4043,1.16142e-05
4044,1.16142e-05
4045,1.16142e-05
4046,1.16142e-05
4047,1.16142e-05
4048,1.17408e-05
4049,1.1739e-05
4050,1.17364e-05
4051,1.16339e-05
4052,1.16339e-05
4053,1.15562e-05
4054,1.15562e-05
4055,1.15562e-05
4056,1.15562e-05
4057,1.15267e-05
4058,1.16395e-05
4059,1.17701e-05
4060,1.17701e-05
4061,1.17102e-05
4062,1.17802e-05
4063,1.17802e-05
4064,1.17802e-05
4065,1.17769e-05
4066,1.1753e-05
4067,1.17563e-05
4068,1.17563e-05
4069,1.17563e-05
4070,1.17563e-05
4071,1.18122e-05
4072,1.18122e-05
4073,1.1746e-05
4074,1.1746e-05
4075,1.1746e-05
4076,1.1605e-05
4077,1.15567e-05
4078,1.16695e-05
4079,1.16631e-05
4080,1.16631e-05
4081,1.16589e-05
4082,1.16534e-05
4083,1.15143e-05
4084,1.15462e-05
4085,1.15548e-05
4086,1.15548e-05
4087,1.15548e-05
4088,1.16545e-05
4089,1.16545e-05
4090,1.14035e-05
4091,1.14035e-05
4092,1.16557e-05
4093,1.16099e-05
4094,1.16301e-05
4095,1.15945e-05
4096,1.15945e-05
4097,1.1648e-05
4098,1.1648e-05
4099,1.15791e-05
4100,1.16303e-05
4101,1.15115e-05
4102,1.15139e-05
4103,1.15277e-05
4104,1.15509e-05
4105,1.15495e-05
4106,1.15495e-05
4107,1.16513e-05
4108,1.16149e-05
4109,1.16149e-05
4110,1.16149e-05
4111,1.1614e-05
4112,1.1771e-05
4113,1.1771e-05
4114,1.17484e-05
4115,1.17153e-05
4116,1.16437e-05
4117,1.15655e-05
4118,1.15655e-05
4119,1.15712e-05
4120,1.16299e-05
4121,1.16299e-05
4122,1.15089e-05
4123,1.15106e-05
4124,1.15106e-05
4125,1.16082e-05
4126,1.16082e-05
4127,1.15704e-05
4128,1.15704e-05
4129,1.15704e-05
4130,1.1592e-05
4131,1.15582e-05
4132,1.15055e-05
4133,1.15055e-05
4134,1.15055e-05
4135,1.15055e-05
4136,1.15055e-05
4137,1.15055e-05
4138,1.15055e-05
4139,1.14456e-05
4140,1.14456e-05
4141,1.15243e-05
4142,1.15243e-05
4143,1.15862e-05
4144,1.15862e-05
4145,1.14881e-05
4146,1.14356e-05
4147,1.14356e-05
4148,1.14354e-05
4149,1.14354e-05
4150,1.14561e-05
4151,1.16372e-05
4152,1.15706e-05
4153,1.15918e-05
4154,1.15998e-05
4155,1.16614e-05
4156,1.15473e-05
4157,1.15473e-05
4158,1.15988e-05
4159,1.15988e-05
4160,1.14674e-05
4161,1.14608e-05
4162,1.14323e-05
4163,1.15098e-05
4164,1.15098e-05
4165,1.14856e-05
4166,1.153e-05
4167,1.15924e-05
4168,1.15118e-05
4169,1.1545e-05
4170,1.14383e-05
4171,1.14383e-05
4172,1.14807e-05
4173,1.14807e-05
4174,1.13695e-05
4175,1.13695e-05
4176,1.14791e-05
4177,1.14059e-05
4178,1.14658e-05
4179,1.14628e-05
4180,1.14105e-05
4181,1.14384e-05
4182,1.13866e-05
4183,1.13866e-05
4184,1.13465e-05
4185,1.13584e-05
4186,1.14e-05
4187,1.14e-05
4188,1.13503e-05
4189,1.13503e-05
4190,1.13057e-05
4191,1.14682e-05
4192,1.14787e-05
4193,1.14787e-05
4194,1.14787e-05
4195,1.14787e-05
4196,1.13691e-05
4197,1.14453e-05
4198,1.14453e-05
4199,1.14316e-05
4200,1.14742e-05
4201,1.16036e-05
4202,1.16036e-05
4203,1.15735e-05
4204,1.17935e-05
4205,1.17935e-05
4206,1.17453e-05
4207,1.17453e-05
4208,1.17453e-05
4209,1.17443e-05
4210,1.17442e-05
4211,1.17442e-05
4212,1.19138e-05
4213,1.19138e-05
4214,1.19138e-05
4215,1.19138e-05
4216,1.19264e-05
4217,1.18312e-05
4218,1.19614e-05
4219,1.18712e-05
4220,1.19306e-05
4221,1.1834e-05
4222,1.18483e-05
4223,1.18483e-05
4224,1.19324e-05
4225,1.18976e-05
4226,1.18976e-05
4227,1.18976e-05
4228,1.18099e-05
4229,1.17972e-05
4230,1.17548e-05
4231,1.17548e-05
4232,1.16456e-05
4233,1.1691e-05
4234,1.1569e-05
4235,1.15599e-05
4236,1.14653e-05
4237,1.14929e-05
4238,1.14567e-05
4239,1.14567e-05
4240,1.14567e-05
4241,1.14567e-05
4242,1.15886e-05
4243,1.16197e-05
4244,1.16792e-05
4245,1.1441e-05
4246,1.1441e-05
4247,1.14937e-05
4248,1.14937e-05
4249,1.14489e-05
4250,1.14166e-05
4251,1.14166e-05
4252,1.14302e-05
4253,1.14358e-05
4254,1.14714e-05
4255,1.15072e-05
4256,1.14977e-05
4257,1.17726e-05
4258,1.17726e-05
4259,1.17726e-05
4260,1.17726e-05
4261,1.15714e-05
4262,1.14187e-05
4263,1.14187e-05
4264,1.15526e-05
4265,1.16423e-05
4266,1.16612e-05
4267,1.16612e-05
4268,1.16458e-05
4269,1.16458e-05
4270,1.1782e-05
4271,1.1782e-05
4272,1.16688e-05
4273,1.17562e-05
4274,1.17562e-05
4275,1.17562e-05
4276,1.17562e-05
4277,1.17264e-05
4278,1.16863e-05
4279,1.17374e-05
4280,1.16708e-05
4281,1.16089e-05
4282,1.18383e-05
4283,1.18383e-05
4284,1.18383e-05
4285,1.17774e-05
4286,1.16035e-05
4287,1.15918e-05
4288,1.14997e-05
4289,1.15098e-05
4290,1.13875e-05
4291,1.14785e-05
4292,1.13866e-05
4293,1.15072e-05
4294,1.16245e-05
4295,1.16245e-05
4296,1.15191e-05
4297,1.14704e-05
4298,1.13593e-05
4299,1.14128e-05
4300,1.1432e-05
4301,1.13694e-05
4302,1.1352e-05
4303,1.13678e-05
4304,1.15061e-05
4305,1.14933e-05
4306,1.14933e-05
4307,1.14875e-05
4308,1.14875e-05
4309,1.14875e-05
4310,1.15184e-05
4311,1.14736e-05
4312,1.14736e-05
4313,1.148e-05
4314,1.15254e-05
4315,1.15254e-05
4316,1.15254e-05
4317,1.15594e-05
4318,1.16807e-05
4319,1.15468e-05
4320,1.16555e-05
4321,1.16555e-05
4322,1.15408e-05
4323,1.15408e-05
4324,1.15408e-05
4325,1.15408e-05
4326,1.14254e-05
4327,1.15075e-05
4328,1.142e-05
4329,1.14235e-05
4330,1.14928e-05
4331,1.14754e-05
4332,1.14577e-05
4333,1.15047e-05
4334,1.14392e-05
4335,1.15691e-05
4336,1.15691e-05
4337,1.15735e-05
4338,1.15063e-05
4339,1.13892e-05
4340,1.15196e-05
4341,1.15462e-05
4342,1.15235e-05
4343,1.15371e-05
4344,1.16659e-05
4345,1.16659e-05
4346,1.16659e-05
4347,1.16659e-05
4348,1.16659e-05
4349,1.16735e-05
4350,1.16915e-05
4351,1.16915e-05
4352,1.16915e-05
4353,1.16915e-05
4354,1.16216e-05
4355,1.16216e-05
4356,1.14864e-05
4357,1.1551e-05
4358,1.17318e-05
4359,1.17318e-05
4360,1.17318e-05
4361,1.17318e-05
4362,1.17105e-05
4363,1.17473e-05
4364,1.17473e-05
4365,1.14858e-05
4366,1.15772e-05
4367,1.17355e-05
4368,1.17863e-05
4369,1.18276e-05
4370,1.17867e-05
4371,1.18475e-05
4372,1.18777e-05
4373,1.18777e-05
4374,1.18105e-05
4375,1.16376e-05
4376,1.16376e-05
4377,1.16014e-05
4378,1.17018e-05
4379,1.17018e-05
4380,1.17018e-05
4381,1.18036e-05
4382,1.17789e-05
4383,1.17896e-05
4384,1.17896e-05
4385,1.18267e-05
4386,1.18267e-05
4387,1.17783e-05
4388,1.17783e-05
4389,1.17928e-05
4390,1.17244e-05
4391,1.17244e-05
4392,1.1597e-05
4393,1.15448e-05
4394,1.15448e-05
4395,1.1529e-05
4396,1.1572e-05
4397,1.16323e-05
4398,1.18181e-05
4399,1.15968e-05
4400,1.15968e-05
4401,1.15968e-05
4402,1.14852e-05
4403,1.14852e-05
4404,1.16063e-05
4405,1.14533e-05
4406,1.14663e-05
4407,1.14663e-05
4408,1.16433e-05
4409,1.16345e-05
4410,1.16475e-05
4411,1.16475e-05
4412,1.16475e-05
4413,1.16475e-05
4414,1.16475e-05
4415,1.16744e-05
4416,1.16744e-05
4417,1.15475e-05
4418,1.16298e-05
4419,1.16199e-05
4420,1.16199e-05
4421,1.16281e-05
4422,1.16281e-05
4423,1.17103e-05
4424,1.17103e-05
4425,1.16405e-05
4426,1.16481e-05
4427,1.16481e-05
4428,1.16481e-05
4429,1.16113e-05
4430,1.16113e-05
4431,1.16113e-05
4432,1.16113e-05
4433,1.16113e-05
4434,1.16374e-05
4435,1.164e-05
4436,1.15827e-05
4437,1.15113e-05
4438,1.14866e-05
4439,1.14866e-05
4440,1.14866e-05
4441,1.14985e-05
4442,1.14985e-05
4443,1.15053e-05
4444,1.1576e-05
4445,1.1576e-05
4446,1.15244e-05
4447,1.15244e-05
4448,1.1362e-05
4449,1.14711e-05
4450,1.16298e-05
4451,1.16298e-05
4452,1.16298e-05
4453,1.16743e-05
4454,1.16743e-05
4455,1.16001e-05
4456,1.1617e-05
4457,1.1617e-05
4458,1.1617e-05
4459,1.1617e-05
4460,1.1614e-05
4461,1.1614e-05
4462,1.1657e-05
4463,1.15907e-05
4464,1.16736e-05
4465,1.16583e-05
4466,1.16583e-05
4467,1.17213e-05
4468,1.17674e-05
4469,1.17674e-05
4470,1.17083e-05
4471,1.1776e-05
4472,1.17499e-05
4473,1.17499e-05
4474,1.16549e-05
4475,1.17472e-05
4476,1.17472e-05
4477,1.17536e-05
4478,1.17017e-05
4479,1.17305e-05
4480,1.18041e-05
4481,1.18041e-05
4482,1.18567e-05
4483,1.18567e-05
4484,1.18567e-05
4485,1.18567e-05
4486,1.18567e-05
4487,1.18178e-05
4488,1.16487e-05
4489,1.16487e-05
4490,1.16929e-05
4491,1.17156e-05
4492,1.17156e-05
4493,1.17406e-05
4494,1.17778e-05
4495,1.17442e-05
4496,1.17442e-05
4497,1.16314e-05
4498,1.16966e-05
4499,1.15272e-05
4500,1.16521e-05
4501,1.17477e-05
4502,1.16893e-05
4503,1.16065e-05
4504,1.16951e-05
4505,1.16114e-05
4506,1.15024e-05
4507,1.15296e-05
4508,1.14493e-05
4509,1.14493e-05
4510,1.16291e-05
4511,1.16291e-05
4512,1.16291e-05
4513,1.16291e-05
4514,1.16145e-05
4515,1.16129e-05
4516,1.1618e-05
4517,1.1618e-05
4518,1.1618e-05
4519,1.1618e-05
4520,1.1557e-05
4521,1.1557e-05
4522,1.1557e-05
4523,1.16335e-05
4524,1.16335e-05
4525,1.15827e-05
4526,1.15697e-05
4527,1.172e-05
4528,1.16927e-05
4529,1.16927e-05
4530,1.16927e-05
4531,1.16927e-05
4532,1.16927e-05
4533,1.16116e-05
4534,1.14981e-05
4535,1.14706e-05
4536,1.16672e-05
4537,1.16396e-05
4538,1.14912e-05
4539,1.14912e-05
4540,1.15904e-05
4541,1.15904e-05
4542,1.16768e-05
4543,1.17637e-05
4544,1.18384e-05
4545,1.1842e-05
4546,1.18549e-05
4547,1.18549e-05
4548,1.18549e-05
4549,1.18549e-05
4550,1.19197e-05
4551,1.19197e-05
4552,1.17728e-05
4553,1.17482e-05
4554,1.17449e-05
4555,1.16978e-05
4556,1.15855e-05
4557,1.16913e-05
4558,1.16913e-05
4559,1.18154e-05
4560,1.18237e-05
4561,1.18237e-05
4562,1.18586e-05
4563,1.17621e-05
4564,1.17019e-05
4565,1.17019e-05
4566,1.16216e-05
4567,1.18116e-05
4568,1.18116e-05
4569,1.18151e-05
4570,1.19139e-05
4571,1.21546e-05
4572,1.23034e-05
4573,1.23034e-05
4574,1.2115e-05
4575,1.19503e-05
4576,1.18612e-05
4577,1.18612e-05
4578,1.18612e-05
4579,1.18612e-05
4580,1.18413e-05
4581,1.18547e-05
4582,1.15823e-05
4583,1.17748e-05
4584,1.16875e-05
4585,1.16875e-05
4586,1.17911e-05
4587,1.17911e-05
4588,1.17787e-05
4589,1.18123e-05
4590,1.18123e-05
4591,1.19272e-05
4592,1.19272e-05
4593,1.19718e-05
4594,1.21497e-05
4595,1.1927e-05
4596,1.1927e-05
4597,1.20948e-05
4598,1.20893e-05
4599,1.20893e-05
4600,1.20662e-05
4601,1.18853e-05
4602,1.18853e-05
4603,1.18853e-05
4604,1.18853e-05
4605,1.19783e-05
4606,1.20744e-05
4607,1.20343e-05
4608,1.20343e-05
4609,1.20724e-05
4610,1.21089e-05
4611,1.21095e-05
4612,1.21095e-05
4613,1.19398e-05
4614,1.19398e-05
4615,1.17163e-05
4616,1.16538e-05
4617,1.17335e-05
4618,1.1759e-05
4619,1.1759e-05
4620,1.17456e-05
4621,1.17456e-05
4622,1.16965e-05
4623,1.16703e-05
4624,1.16703e-05
4625,1.16703e-05
4626,1.16703e-05
4627,1.16703e-05
4628,1.18481e-05
4629,1.18481e-05
4630,1.17736e-05
4631,1.1803e-05
4632,1.1803e-05
4633,1.1803e-05
4634,1.17909e-05
4635,1.17301e-05
4636,1.17301e-05
4637,1.17301e-05
4638,1.16818e-05
4639,1.18638e-05
4640,1.18112e-05
4641,1.16932e-05
4642,1.16932e-05
4643,1.18606e-05
4644,1.18606e-05
4645,1.18606e-05
4646,1.18606e-05
4647,1.19584e-05
4648,1.19584e-05
4649,1.2003e-05
4650,1.2003e-05
4651,1.19302e-05
4652,1.19594e-05
4653,1.19594e-05
4654,1.19594e-05
4655,1.18357e-05
4656,1.18466e-05
4657,1.19256e-05
4658,1.19256e-05
4659,1.18601e-05
4660,1.18745e-05
4661,1.18745e-05
4662,1.17044e-05
4663,1.17305e-05
4664,1.17602e-05
4665,1.16803e-05
4666,1.16803e-05
4667,1.16803e-05
4668,1.16893e-05
4669,1.17758e-05
4670,1.1647e-05
4671,1.1647e-05
4672,1.1795e-05
4673,1.1795e-05
4674,1.1795e-05
4675,1.17388e-05
4676,1.17388e-05
4677,1.17388e-05
4678,1.17009e-05
4679,1.16004e-05
4680,1.16004e-05
4681,1.15916e-05
4682,1.16503e-05
4683,1.15678e-05
4684,1.15102e-05
4685,1.15832e-05
4686,1.15832e-05
4687,1.1679e-05
4688,1.16488e-05
4689,1.15723e-05
4690,1.15723e-05
4691,1.15723e-05
4692,1.16048e-05
4693,1.17538e-05
4694,1.17186e-05
4695,1.17045e-05
4696,1.17793e-05
4697,1.17628e-05
4698,1.17628e-05
4699,1.18033e-05
4700,1.1696e-05
4701,1.1696e-05
4702,1.17662e-05
4703,1.1695e-05
4704,1.1695e-05
4705,1.16544e-05
4706,1.16572e-05
4707,1.151e-05
4708,1.16283e-05
4709,1.16283e-05
4710,1.17277e-05
4711,1.17277e-05
4712,1.17277e-05
4713,1.16755e-05
4714,1.16053e-05
4715,1.16053e-05
4716,1.1641e-05
4717,1.18897e-05
4718,1.19226e-05
4719,1.19556e-05
4720,1.19088e-05
4721,1.17247e-05
4722,1.17247e-05
4723,1.17247e-05
4724,1.17247e-05
4725,1.17916e-05
4726,1.17962e-05
4727,1.17962e-05
4728,1.17205e-05
4729,1.18308e-05
4730,1.18308e-05
4731,1.18234e-05
4732,1.18648e-05
4733,1.18048e-05
4734,1.18048e-05
4735,1.18048e-05
4736,1.18048e-05
4737,1.18048e-05
4738,1.1657e-05
4739,1.15519e-05
4740,1.16048e-05
4741,1.16048e-05
4742,1.1699e-05
4743,1.1699e-05
4744,1.17487e-05
4745,1.18751e-05
4746,1.18751e-05
4747,1.18751e-05
4748,1.17557e-05
4749,1.18358e-05
4750,1.18358e-05
4751,1.18103e-05
4752,1.18805e-05
4753,1.18805e-05
4754,1.18805e-05
4755,1.19422e-05
4756,1.21297e-05
4757,1.21297e-05
4758,1.18713e-05
4759,1.20143e-05
4760,1.18228e-05
4761,1.18861e-05
4762,1.18861e-05
4763,1.18861e-05
4764,1.18861e-05
4765,1.18861e-05
4766,1.16753e-05
4767,1.16753e-05
4768,1.16753e-05
4769,1.17215e-05
4770,1.18801e-05
4771,1.19555e-05
4772,1.19732e-05
4773,1.19732e-05
4774,1.18203e-05
4775,1.17774e-05
4776,1.16192e-05
4777,1.18472e-05
4778,1.18677e-05
4779,1.1792e-05
4780,1.1792e-05
4781,1.18065e-05
4782,1.18414e-05
4783,1.16489e-05
4784,1.16489e-05
4785,1.16108e-05
4786,1.16108e-05
4787,1.1709e-05
4788,1.16295e-05
4789,1.17453e-05
4790,1.17068e-05
4791,1.17068e-05
4792,1.17068e-05
4793,1.17982e-05
4794,1.18913e-05
4795,1.17964e-05
4796,1.17964e-05
4797,1.18318e-05
4798,1.17218e-05
4799,1.17234e-05
4800,1.17734e-05
4801,1.17734e-05
4802,1.16137e-05
4803,1.159e-05
4804,1.159e-05
4805,1.15648e-05
4806,1.15157e-05
4807,1.15157e-05
4808,1.16292e-05
4809,1.16292e-05
4810,1.16292e-05
4811,1.1543e-05
4812,1.1647e-05
4813,1.1508e-05
4814,1.15174e-05
4815,1.14946e-05
4816,1.14946e-05
4817,1.15311e-05
4818,1.15311e-05
4819,1.15311e-05
4820,1.15311e-05
4821,1.15311e-05
4822,1.15311e-05
4823,1.15311e-05
4824,1.151e-05
4825,1.15396e-05
4826,1.15396e-05
4827,1.1556e-05
4828,1.1556e-05
4829,1.16534e-05
4830,1.16534e-05
4831,1.16284e-05
4832,1.15316e-05
4833,1.15607e-05
4834,1.15607e-05
4835,1.15215e-05
4836,1.15215e-05
4837,1.14889e-05
4838,1.14889e-05
4839,1.14896e-05
4840,1.15593e-05
4841,1.15794e-05
4842,1.16432e-05
4843,1.16432e-05
4844,1.16432e-05
4845,1.16346e-05
4846,1.16346e-05
4847,1.17452e-05
4848,1.18211e-05
4849,1.18211e-05
4850,1.16708e-05
4851,1.15358e-05
4852,1.14447e-05
4853,1.1411e-05
4854,1.1411e-05
4855,1.16254e-05
4856,1.15984e-05
4857,1.15314e-05
4858,1.15484e-05
4859,1.15004e-05
4860,1.15004e-05
4861,1.14481e-05
4862,1.15247e-05
4863,1.15482e-05
4864,1.15651e-05
4865,1.16687e-05
4866,1.17329e-05
4867,1.17995e-05
4868,1.17995e-05
4869,1.17995e-05
4870,1.16111e-05
4871,1.16003e-05
4872,1.16037e-05
4873,1.15686e-05
4874,1.15686e-05
4875,1.1559e-05
4876,1.15612e-05
4877,1.15054e-05
4878,1.15434e-05
4879,1.14615e-05
4880,1.1624e-05
4881,1.15979e-05
4882,1.15097e-05
4883,1.15486e-05
4884,1.16438e-05
4885,1.16052e-05
4886,1.15353e-05
4887,1.15353e-05
4888,1.15353e-05
4889,1.15353e-05
4890,1.15353e-05
4891,1.15353e-05
4892,1.15353e-05
4893,1.14074e-05
4894,1.1431e-05
4895,1.13839e-05
4896,1.13146e-05
4897,1.13661e-05
4898,1.15092e-05
4899,1.15092e-05
4900,1.15092e-05
4901,1.15613e-05
4902,1.15613e-05
4903,1.14452e-05
4904,1.14256e-05
4905,1.15318e-05
4906,1.15318e-05
4907,1.15283e-05
4908,1.15283e-05
4909,1.15283e-05
4910,1.15283e-05
4911,1.15283e-05
4912,1.15283e-05
4913,1.15038e-05
4914,1.14963e-05
4915,1.16036e-05
4916,1.15031e-05
4917,1.1555e-05
4918,1.1555e-05
4919,1.13591e-05
4920,1.14018e-05
4921,1.14204e-05
4922,1.15308e-05
4923,1.15308e-05
4924,1.14136e-05
4925,1.15188e-05
4926,1.15293e-05
4927,1.15293e-05
4928,1.15956e-05
4929,1.15889e-05
4930,1.15889e-05
4931,1.15234e-05
4932,1.14345e-05
4933,1.14345e-05
4934,1.14125e-05
4935,1.1428e-05
4936,1.1428e-05
4937,1.1428e-05
4938,1.14068e-05
4939,1.14808e-05
4940,1.14808e-05
4941,1.14516e-05
4942,1.15369e-05
4943,1.14821e-05
4944,1.14821e-05
4945,1.14413e-05
4946,1.13141e-05
4947,1.13141e-05
4948,1.13923e-05
4949,1.13923e-05
4950,1.15101e-05
4951,1.15019e-05
4952,1.14535e-05
4953,1.13794e-05
4954,1.13256e-05
4955,1.13256e-05
4956,1.14043e-05
4957,1.1408e-05
4958,1.15285e-05
4959,1.15285e-05
4960,1.15285e-05
4961,1.15913e-05
4962,1.15748e-05
4963,1.15748e-05
4964,1.15914e-05
4965,1.14915e-05
4966,1.14915e-05
4967,1.14915e-05
4968,1.13182e-05
4969,1.13899e-05
4970,1.12351e-05
4971,1.12351e-05
4972,1.12149e-05
4973,1.12149e-05
4974,1.12149e-05
4975,1.13478e-05
4976,1.13703e-05
4977,1.13703e-05
4978,1.14672e-05
4979,1.14518e-05
4980,1.14258e-05
4981,1.14968e-05
4982,1.14968e-05
4983,1.14513e-05
4984,1.14959e-05
4985,1.14783e-05
4986,1.14705e-05
4987,1.14705e-05
4988,1.16011e-05
4989,1.16011e-05
4990,1.14969e-05
4991,1.1615e-05
4992,1.1615e-05
4993,1.17042e-05
4994,1.17042e-05
4995,1.17643e-05
4996,1.17643e-05
4997,1.16081e-05
4998,1.17196e-05
4999,1.17196e-05
5000,1.17562e-05
5001,1.17562e-05
5002,1.16867e-05
5003,1.17881e-05
5004,1.17881e-05
5005,1.16711e-05
5006,1.163e-05
5007,1.163e-05
5008,1.1638e-05
5009,1.1682e-05
5010,1.18692e-05
5011,1.18692e-05
5012,1.18695e-05
5013,1.17e-05
5014,1.1694e-05
5015,1.1694e-05
5016,1.16761e-05
5017,1.17086e-05
5018,1.16104e-05
5019,1.16308e-05
5020,1.17741e-05
5021,1.17741e-05
5022,1.17741e-05
5023,1.17863e-05
5024,1.16923e-05
5025,1.15547e-05
5026,1.15547e-05
5027,1.16526e-05
5028,1.16512e-05
5029,1.15091e-05
5030,1.15091e-05
5031,1.15091e-05
5032,1.1638e-05
5033,1.17233e-05
5034,1.15377e-05
5035,1.16603e-05
5036,1.14721e-05
5037,1.15708e-05
5038,1.15708e-05
5039,1.15706e-05
5040,1.14483e-05
5041,1.14716e-05
5042,1.14716e-05
5043,1.15618e-05
5044,1.15087e-05
5045,1.14792e-05
5046,1.14724e-05
5047,1.14357e-05
5048,1.1503e-05
5049,1.1503e-05
5050,1.13733e-05
5051,1.12865e-05
5052,1.13623e-05
5053,1.13623e-05
5054,1.13623e-05
5055,1.12975e-05
5056,1.12975e-05
5057,1.14795e-05
5058,1.13843e-05
5059,1.1428e-05
5060,1.13378e-05
5061,1.13505e-05
5062,1.13215e-05
5063,1.13215e-05
5064,1.13981e-05
5065,1.14201e-05
5066,1.14201e-05
5067,1.14201e-05
5068,1.14141e-05
5069,1.14141e-05
5070,1.14141e-05
5071,1.14586e-05
5072,1.15098e-05
5073,1.15098e-05
5074,1.14844e-05
5075,1.14705e-05
5076,1.16334e-05
5077,1.16334e-05
5078,1.16224e-05
5079,1.15497e-05
5080,1.15427e-05
5081,1.15427e-05
5082,1.15427e-05
5083,1.15427e-05
5084,1.16801e-05
5085,1.15309e-05
5086,1.15451e-05
5087,1.15853e-05
5088,1.16328e-05
5089,1.16328e-05
5090,1.16328e-05
5091,1.15583e-05
5092,1.16135e-05
5093,1.16135e-05
5094,1.15532e-05
5095,1.16477e-05
5096,1.15923e-05
5097,1.15923e-05
5098,1.16437e-05
5099,1.16988e-05
5100,1.15371e-05
5101,1.16227e-05
5102,1.14453e-05
5103,1.15367e-05
5104,1.15367e-05
5105,1.15562e-05
5106,1.15562e-05
5107,1.15562e-05
5108,1.15125e-05
5109,1.15125e-05
5110,1.15125e-05
5111,1.15125e-05
5112,1.1474e-05
5113,1.15644e-05
5114,1.15421e-05
5115,1.15421e-05
5116,1.16791e-05
5117,1.15201e-05
5118,1.17618e-05
5119,1.15538e-05
5120,1.15424e-05
5121,1.15424e-05
5122,1.15994e-05
5123,1.16012e-05
5124,1.16012e-05
5125,1.1419e-05
5126,1.14139e-05
5127,1.15029e-05
5128,1.14903e-05
5129,1.14873e-05
5130,1.15771e-05
5131,1.15648e-05
5132,1.15762e-05
5133,1.14703e-05
5134,1.14703e-05
5135,1.14703e-05
5136,1.14703e-05
5137,1.15454e-05
5138,1.1515e-05
5139,1.1515e-05
5140,1.1515e-05
5141,1.1515e-05
5142,1.1515e-05
5143,1.1515e-05
5144,1.15716e-05
5145,1.16218e-05
5146,1.16218e-05
5147,1.16218e-05
5148,1.16467e-05
5149,1.16821e-05
5150,1.17189e-05
5151,1.17189e-05
5152,1.16359e-05
5153,1.15471e-05
5154,1.15471e-05
5155,1.15471e-05
5156,1.16086e-05
5157,1.16086e-05
5158,1.16086e-05
5159,1.16086e-05
5160,1.16043e-05
5161,1.16647e-05
5162,1.16227e-05
5163,1.16131e-05
5164,1.16131e-05
5165,1.15945e-05
5166,1.15219e-05
5167,1.15219e-05
5168,1.16312e-05
5169,1.15791e-05
5170,1.1607e-05
5171,1.15735e-05
5172,1.13946e-05
5173,1.13799e-05
5174,1.14664e-05
5175,1.13642e-05
5176,1.13642e-05
5177,1.13642e-05
5178,1.15226e-05
5179,1.13511e-05
5180,1.13511e-05
5181,1.13511e-05
5182,1.14571e-05
5183,1.14571e-05
5184,1.15919e-05
5185,1.16018e-05
5186,1.1481e-05
5187,1.1481e-05
5188,1.14754e-05
5189,1.14186e-05
5190,1.14962e-05
5191,1.14962e-05
5192,1.14821e-05
5193,1.14821e-05
5194,1.14821e-05
5195,1.16762e-05
5196,1.16625e-05
5197,1.16625e-05
5198,1.17271e-05
5199,1.15693e-05
5200,1.15715e-05
5201,1.15715e-05
5202,1.15574e-05
5203,1.17135e-05
5204,1.16983e-05
5205,1.15919e-05
5206,1.15919e-05
5207,1.15919e-05
5208,1.14895e-05
5209,1.1515e-05
5210,1.14274e-05
5211,1.15133e-05
5212,1.15641e-05
5213,1.15434e-05
5214,1.15434e-05
5215,1.15517e-05
5216,1.15558e-05
5217,1.15558e-05
5218,1.15558e-05
5219,1.15558e-05
5220,1.15558e-05
5221,1.15262e-05
5222,1.15013e-05
5223,1.15013e-05
5224,1.15393e-05
5225,1.14763e-05
5226,1.14191e-05
5227,1.13108e-05
5228,1.13108e-05
5229,1.13108e-05
5230,1.1403e-05
5231,1.15111e-05
5232,1.15371e-05
5233,1.16283e-05
5234,1.15133e-05
5235,1.16197e-05
5236,1.16197e-05
5237,1.14665e-05
5238,1.14691e-05
5239,1.1374e-05
5240,1.1374e-05
5241,1.1374e-05
5242,1.1374e-05
5243,1.14174e-05
5244,1.14019e-05
5245,1.14676e-05
5246,1.14676e-05
5247,1.14961e-05
5248,1.13871e-05
5249,1.1353e-05
5250,1.14066e-05
5251,1.1391e-05
5252,1.13998e-05
5253,1.13998e-05
5254,1.14426e-05
5255,1.14426e-05
5256,1.14155e-05
5257,1.15148e-05
5258,1.15148e-05
5259,1.15896e-05
5260,1.15896e-05
5261,1.14879e-05
5262,1.15924e-05
5263,1.15924e-05
5264,1.15707e-05
5265,1.15707e-05
5266,1.14996e-05
5267,1.14785e-05
5268,1.1529e-05
5269,1.14433e-05
5270,1.14433e-05
5271,1.13788e-05
5272,1.13788e-05
5273,1.13339e-05
5274,1.14117e-05
5275,1.13471e-05
5276,1.1357e-05
5277,1.1357e-05
5278,1.15967e-05
5279,1.16168e-05
5280,1.16168e-05
5281,1.1552e-05
5282,1.1552e-05
5283,1.14628e-05
5284,1.14508e-05
5285,1.14139e-05
5286,1.1424e-05
5287,1.14646e-05
5288,1.14646e-05
5289,1.14646e-05
5290,1.15635e-05
5291,1.15004e-05
5292,1.15004e-05
5293,1.15084e-05
5294,1.14676e-05
5295,1.14877e-05
5296,1.15981e-05
5297,1.18171e-05
5298,1.18067e-05
5299,1.15906e-05
5300,1.15328e-05
5301,1.14933e-05
5302,1.14933e-05
5303,1.14933e-05
5304,1.16841e-05
5305,1.16841e-05
5306,1.16867e-05
5307,1.16867e-05
5308,1.17396e-05
5309,1.16369e-05
5310,1.16369e-05
5311,1.16605e-05
5312,1.17673e-05
5313,1.17673e-05
5314,1.15786e-05
5315,1.15245e-05
5316,1.15343e-05
5317,1.15343e-05
5318,1.15343e-05
5319,1.15343e-05
5320,1.15756e-05
5321,1.15756e-05
5322,1.15367e-05
5323,1.15595e-05
5324,1.15611e-05
5325,1.15316e-05
5326,1.15316e-05
5327,1.15881e-05
5328,1.15578e-05
5329,1.15791e-05
5330,1.15791e-05
5331,1.14352e-05
5332,1.14352e-05
5333,1.15803e-05
5334,1.15817e-05
5335,1.1509e-05
5336,1.14589e-05
5337,1.15567e-05
5338,1.15567e-05
5339,1.15567e-05
5340,1.15063e-05
5341,1.1553e-05
5342,1.1553e-05
5343,1.12896e-05
5344,1.14178e-05
5345,1.14996e-05
5346,1.15815e-05
5347,1.15815e-05
5348,1.15815e-05
5349,1.15406e-05
5350,1.15083e-05
5351,1.15083e-05
5352,1.15083e-05
5353,1.15083e-05
5354,1.1455e-05
5355,1.14207e-05
5356,1.14207e-05
5357,1.13769e-05
5358,1.15321e-05
5359,1.15321e-05
5360,1.14785e-05
5361,1.15309e-05
5362,1.1449e-05
5363,1.15429e-05
5364,1.14541e-05
5365,1.14541e-05
5366,1.14765e-05
5367,1.15235e-05
5368,1.16405e-05
5369,1.16405e-05
5370,1.13883e-05
5371,1.1422e-05
5372,1.14793e-05
5373,1.12857e-05
5374,1.12857e-05
5375,1.13423e-05
5376,1.15537e-05
5377,1.14896e-05
5378,1.14393e-05
5379,1.14023e-05
5380,1.15756e-05
5381,1.1558e-05
5382,1.16738e-05
5383,1.16738e-05
5384,1.15591e-05
5385,1.15591e-05
5386,1.17371e-05
5387,1.17371e-05
5388,1.17532e-05
5389,1.16881e-05
5390,1.15673e-05
5391,1.14769e-05
5392,1.1508e-05
5393,1.14043e-05
5394,1.14043e-05
5395,1.14043e-05
5396,1.14043e-05
5397,1.13618e-05
5398,1.13618e-05
5399,1.13618e-05
5400,1.13014e-05
5401,1.12857e-05
5402,1.13116e-05
5403,1.13116e-05
5404,1.13401e-05
5405,1.13832e-05
5406,1.14812e-05
5407,1.13842e-05
5408,1.13842e-05
5409,1.13842e-05
5410,1.13842e-05
5411,1.13842e-05
5412,1.13842e-05
5413,1.13464e-05
5414,1.13046e-05
5415,1.13046e-05
5416,1.1433e-05
5417,1.13342e-05
5418,1.14156e-05
5419,1.13731e-05
5420,1.14274e-05
5421,1.14274e-05
5422,1.1505e-05
5423,1.16343e-05
5424,1.14759e-05
5425,1.14759e-05
5426,1.14822e-05
5427,1.13747e-05
5428,1.13966e-05
5429,1.13966e-05
5430,1.13966e-05
5431,1.13966e-05
5432,1.13254e-05
5433,1.13254e-05
5434,1.13726e-05
5435,1.1439e-05
5436,1.1439e-05
5437,1.14103e-05
5438,1.14366e-05
5439,1.1588e-05
5440,1.1588e-05
5441,1.15063e-05
5442,1.15106e-05
5443,1.15107e-05
5444,1.15415e-05
5445,1.16049e-05
5446,1.16049e-05
5447,1.16049e-05
5448,1.15997e-05
5449,1.15466e-05
5450,1.14995e-05
5451,1.14995e-05
5452,1.14995e-05
5453,1.14995e-05
5454,1.14305e-05
5455,1.14316e-05
5456,1.14316e-05
5457,1.14316e-05
5458,1.14316e-05
5459,1.14316e-05
5460,1.14316e-05
5461,1.14883e-05
5462,1.14883e-05
5463,1.14883e-05
5464,1.14883e-05
5465,1.14927e-05
5466,1.15028e-05
5467,1.14769e-05
5468,1.14769e-05
5469,1.15138e-05
5470,1.15138e-05
5471,1.15138e-05
5472,1.15138e-05
5473,1.15138e-05
5474,1.14845e-05
5475,1.14411e-05
5476,1.14411e-05
5477,1.15624e-05
5478,1.15624e-05
5479,1.16074e-05
5480,1.16111e-05
5481,1.16249e-05
5482,1.16249e-05
5483,1.17344e-05
5484,1.1902e-05
5485,1.1902e-05
5486,1.1902e-05
5487,1.16624e-05
5488,1.17775e-05
5489,1.16933e-05
5490,1.16152e-05
5491,1.16288e-05
5492,1.17104e-05
5493,1.16703e-05
5494,1.16615e-05
5495,1.16615e-05
5496,1.16412e-05
5497,1.158e-05
5498,1.15859e-05
5499,1.1543e-05
5500,1.1543e-05
5501,1.16243e-05
5502,1.14874e-05
5503,1.14291e-05
5504,1.14278e-05
5505,1.15333e-05
5506,1.1477e-05
5507,1.1477e-05
5508,1.1477e-05
5509,1.13921e-05
5510,1.14424e-05
5511,1.14424e-05
5512,1.14424e-05
5513,1.13784e-05
5514,1.13451e-05
5515,1.1535e-05
5516,1.15163e-05
5517,1.15016e-05
5518,1.15016e-05
5519,1.15016e-05
5520,1.13939e-05
5521,1.13237e-05
5522,1.13764e-05
5523,1.15291e-05
5524,1.15291e-05
5525,1.15291e-05
5526,1.14792e-05
5527,1.14539e-05
5528,1.13399e-05
5529,1.13399e-05
5530,1.14447e-05
5531,1.14447e-05
5532,1.14447e-05
5533,1.1509e-05
5534,1.14091e-05
5535,1.15118e-05
5536,1.15118e-05
5537,1.15118e-05
5538,1.15118e-05
5539,1.15118e-05
5540,1.15347e-05
5541,1.16272e-05
5542,1.16272e-05
5543,1.16272e-05
5544,1.16403e-05
5545,1.16403e-05
5546,1.16403e-05
5547,1.16207e-05
5548,1.15763e-05
5549,1.16984e-05
5550,1.15686e-05
5551,1.16372e-05
5552,1.163e-05
5553,1.163e-05
5554,1.14186e-05
5555,1.14643e-05
5556,1.14643e-05
5557,1.14366e-05
5558,1.1541e-05
5559,1.15546e-05
5560,1.15887e-05
5561,1.16403e-05
5562,1.16071e-05
5563,1.15967e-05
5564,1.16538e-05
5565,1.17514e-05
5566,1.16575e-05
5567,1.17544e-05
5568,1.15738e-05
5569,1.15637e-05
5570,1.15274e-05
5571,1.17326e-05
5572,1.16066e-05
5573,1.16373e-05
5574,1.15399e-05
5575,1.16322e-05
5576,1.17141e-05
5577,1.17141e-05
5578,1.18071e-05
5579,1.17753e-05
5580,1.16004e-05
5581,1.16004e-05
5582,1.15773e-05
5583,1.15773e-05
5584,1.15278e-05
5585,1.17226e-05
5586,1.18394e-05
5587,1.17507e-05
5588,1.17599e-05
5589,1.17599e-05
5590,1.17166e-05
5591,1.16793e-05
5592,1.16878e-05
5593,1.17513e-05
5594,1.19256e-05
5595,1.19337e-05
5596,1.19337e-05
5597,1.19886e-05
5598,1.17346e-05
5599,1.1718e-05
5600,1.17278e-05
5601,1.16801e-05
5602,1.15598e-05
5603,1.14977e-05
5604,1.16055e-05
5605,1.16519e-05
5606,1.15985e-05
5607,1.1601e-05
5608,1.1601e-05
5609,1.16027e-05
5610,1.15909e-05
5611,1.16917e-05
5612,1.16938e-05
5613,1.17511e-05
5614,1.15927e-05
5615,1.15846e-05
5616,1.15694e-05
5617,1.14731e-05
5618,1.14731e-05
5619,1.13371e-05
5620,1.12708e-05
5621,1.13597e-05
5622,1.14199e-05
5623,1.14199e-05
5624,1.14199e-05
5625,1.15648e-05
5626,1.15148e-05
5627,1.13912e-05
5628,1.14321e-05
5629,1.13693e-05
5630,1.1533e-05
5631,1.14462e-05
5632,1.14506e-05
5633,1.13543e-05
5634,1.14705e-05
5635,1.12542e-05
5636,1.1397e-05
5637,1.14798e-05
5638,1.16621e-05
5639,1.14534e-05
5640,1.14482e-05
5641,1.13476e-05
5642,1.14073e-05
5643,1.14073e-05
5644,1.14412e-05
5645,1.14716e-05
5646,1.14716e-05
5647,1.14573e-05
5648,1.14744e-05
5649,1.14744e-05
5650,1.14744e-05
5651,1.14744e-05
5652,1.15492e-05
5653,1.13531e-05
5654,1.13531e-05
5655,1.15253e-05
5656,1.15253e-05
5657,1.17077e-05
5658,1.16951e-05
5659,1.15286e-05
5660,1.15286e-05
5661,1.15325e-05
5662,1.15325e-05
5663,1.15325e-05
5664,1.15478e-05
5665,1.15373e-05
5666,1.14378e-05
5667,1.14378e-05
5668,1.15402e-05
5669,1.16481e-05
5670,1.16481e-05
5671,1.16481e-05
5672,1.16481e-05
5673,1.16347e-05
5674,1.18165e-05
5675,1.18165e-05
5676,1.18165e-05
5677,1.18102e-05
5678,1.16302e-05
5679,1.18808e-05
5680,1.18808e-05
5681,1.20365e-05
5682,1.21776e-05
5683,1.20074e-05
5684,1.20074e-05
5685,1.20644e-05
5686,1.20843e-05
5687,1.19916e-05
5688,1.19916e-05
5689,1.19916e-05
5690,1.21211e-05
5691,1.22425e-05
5692,1.22425e-05
5693,1.20373e-05
5694,1.2131e-05
5695,1.22046e-05
5696,1.2154e-05
5697,1.22063e-05
5698,1.21001e-05
5699,1.18882e-05
5700,1.1979e-05
5701,1.20663e-05
5702,1.22426e-05
5703,1.22426e-05
5704,1.22426e-05
5705,1.23665e-05
5706,1.23665e-05
5707,1.23665e-05
5708,1.22219e-05
5709,1.21357e-05
5710,1.20227e-05
5711,1.19689e-05
5712,1.19925e-05
5713,1.19536e-05
5714,1.19387e-05
5715,1.20712e-05
5716,1.20109e-05
5717,1.20109e-05
5718,1.2209e-05
5719,1.21225e-05
5720,1.21225e-05
5721,1.21225e-05
5722,1.24314e-05
5723,1.20282e-05
5724,1.21071e-05
5725,1.19403e-05
5726,1.18718e-05
5727,1.19255e-05
5728,1.17252e-05
5729,1.16708e-05
5730,1.17608e-05
5731,1.17608e-05
5732,1.17608e-05
5733,1.17608e-05
5734,1.16031e-05
5735,1.16975e-05
5736,1.16972e-05
5737,1.17659e-05
5738,1.16768e-05
5739,1.16303e-05
5740,1.15833e-05
5741,1.15833e-05
5742,1.16533e-05
5743,1.15979e-05
5744,1.1606e-05
5745,1.1756e-05
5746,1.1756e-05
5747,1.18729e-05
5748,1.18729e-05
5749,1.16491e-05
5750,1.16491e-05
5751,1.15683e-05
5752,1.15683e-05
5753,1.1443e-05
5754,1.1443e-05
5755,1.14524e-05
5756,1.15193e-05
5757,1.1467e-05
5758,1.1467e-05
5759,1.1467e-05
5760,1.1467e-05
5761,1.15637e-05
5762,1.16723e-05
5763,1.15778e-05
5764,1.1565e-05
5765,1.16348e-05
5766,1.16348e-05
5767,1.16348e-05
5768,1.15565e-05
5769,1.16171e-05
5770,1.16562e-05
5771,1.16192e-05
5772,1.16641e-05
5773,1.16641e-05
5774,1.16641e-05
5775,1.17028e-05
5776,1.16758e-05
5777,1.16758e-05
5778,1.16758e-05
5779,1.16151e-05
5780,1.15005e-05
5781,1.16134e-05
5782,1.14606e-05
5783,1.14606e-05
5784,1.14652e-05
5785,1.15787e-05
5786,1.16679e-05
5787,1.16679e-05
5788,1.16679e-05
5789,1.1673e-05
5790,1.163e-05
5791,1.17587e-05
5792,1.16772e-05
5793,1.16772e-05
5794,1.16772e-05
5795,1.16772e-05
5796,1.1824e-05
5797,1.15849e-05
5798,1.1651e-05
5799,1.17129e-05
5800,1.15422e-05
5801,1.15422e-05
5802,1.15422e-05
5803,1.15422e-05
5804,1.15422e-05
5805,1.15422e-05
5806,1.15422e-05
5807,1.15422e-05
5808,1.16382e-05
5809,1.16382e-05
5810,1.1513e-05
5811,1.16084e-05
5812,1.15609e-05
5813,1.16706e-05
5814,1.17407e-05
5815,1.17369e-05
5816,1.17655e-05
5817,1.17054e-05
5818,1.16349e-05
5819,1.16349e-05
5820,1.17534e-05
5821,1.17534e-05
5822,1.18515e-05
5823,1.16344e-05
5824,1.15671e-05
5825,1.15671e-05
5826,1.16827e-05
5827,1.15545e-05
5828,1.15545e-05
5829,1.15545e-05
5830,1.15888e-05
5831,1.16443e-05
5832,1.16418e-05
5833,1.1686e-05
5834,1.1686e-05
5835,1.14924e-05
5836,1.14251e-05
5837,1.14251e-05
5838,1.15263e-05
5839,1.15663e-05
5840,1.15663e-05
5841,1.15663e-05
5842,1.16906e-05
5843,1.16906e-05
5844,1.15676e-05
5845,1.17031e-05
5846,1.15439e-05
5847,1.1525e-05
5848,1.15828e-05
5849,1.14959e-05
5850,1.15028e-05
5851,1.16103e-05
5852,1.1589e-05
5853,1.17319e-05
5854,1.17319e-05
5855,1.17319e-05
5856,1.17319e-05
5857,1.17319e-05
5858,1.17319e-05
5859,1.16618e-05
5860,1.17722e-05
5861,1.17722e-05
5862,1.17722e-05
5863,1.17748e-05
5864,1.15283e-05
5865,1.15346e-05
5866,1.15346e-05
5867,1.15346e-05
5868,1.14292e-05
5869,1.14292e-05
5870,1.15586e-05
5871,1.14733e-05
5872,1.14832e-05
5873,1.14832e-05
5874,1.14832e-05
5875,1.15444e-05
5876,1.13527e-05
5877,1.13077e-05
5878,1.13995e-05
5879,1.13995e-05
5880,1.15423e-05
5881,1.15423e-05
5882,1.15423e-05
5883,1.14317e-05
5884,1.1536e-05
5885,1.14939e-05
5886,1.15693e-05
5887,1.16485e-05
5888,1.18085e-05
5889,1.18568e-05
5890,1.18039e-05
5891,1.17175e-05
5892,1.1763e-05
5893,1.1763e-05
5894,1.1763e-05
5895,1.1763e-05
5896,1.17771e-05
5897,1.17958e-05
5898,1.17958e-05
5899,1.17958e-05
5900,1.17958e-05
5901,1.17958e-05
5902,1.17012e-05
5903,1.17012e-05
5904,1.15539e-05
5905,1.16312e-05
5906,1.17867e-05
5907,1.18023e-05
5908,1.18252e-05
5909,1.17816e-05
5910,1.17816e-05
5911,1.18298e-05
5912,1.16062e-05
5913,1.16882e-05
5914,1.15699e-05
5915,1.15699e-05
5916,1.15699e-05
5917,1.163e-05
5918,1.163e-05
5919,1.16042e-05
5920,1.16042e-05
5921,1.16042e-05
5922,1.16042e-05
5923,1.16042e-05
5924,1.16042e-05
5925,1.16042e-05
5926,1.15567e-05
5927,1.14908e-05
5928,1.16353e-05
5929,1.18129e-05
5930,1.1773e-05
5931,1.1773e-05
5932,1.15661e-05
5933,1.15565e-05
5934,1.14471e-05
5935,1.14471e-05
5936,1.14471e-05
5937,1.14471e-05
5938,1.14471e-05
5939,1.15664e-05
5940,1.15664e-05
5941,1.15664e-05
5942,1.15664e-05
5943,1.15057e-05
5944,1.15057e-05
5945,1.16214e-05
5946,1.15487e-05
5947,1.15487e-05
5948,1.15078e-05
5949,1.14624e-05
5950,1.14624e-05
5951,1.14692e-05
5952,1.14692e-05
5953,1.14692e-05
5954,1.14692e-05
5955,1.15599e-05
5956,1.14336e-05
5957,1.15439e-05
5958,1.15439e-05
5959,1.15439e-05
5960,1.14845e-05
5961,1.16039e-05
5962,1.16039e-05
5963,1.16122e-05
5964,1.15649e-05
5965,1.16953e-05
5966,1.16448e-05
5967,1.16448e-05
5968,1.16448e-05
5969,1.16154e-05
5970,1.16689e-05
5971,1.17205e-05
5972,1.18505e-05
5973,1.18505e-05
5974,1.18505e-05
5975,1.18463e-05
5976,1.1686e-05
5977,1.16491e-05
5978,1.16491e-05
5979,1.16437e-05
5980,1.15931e-05
5981,1.16402e-05
5982,1.16402e-05
5983,1.16302e-05
5984,1.15545e-05
5985,1.17167e-05
5986,1.18315e-05
5987,1.17946e-05
5988,1.19605e-05
5989,1.19605e-05
5990,1.1951e-05
5991,1.1951e-05
5992,1.17804e-05
5993,1.17804e-05
5994,1.19471e-05
5995,1.17642e-05
5996,1.17642e-05
5997,1.17664e-05
5998,1.17906e-05
5999,1.17906e-05
6000,1.17906e-05
6001,1.18162e-05
6002,1.19787e-05
6003,1.19787e-05
6004,1.19743e-05
6005,1.18331e-05
6006,1.18954e-05
6007,1.18058e-05
6008,1.17069e-05
6009,1.17069e-05
6010,1.17069e-05
6011,1.16582e-05
6012,1.16501e-05
6013,1.16857e-05
6014,1.18431e-05
6015,1.18431e-05
6016,1.17532e-05
6017,1.16055e-05
6018,1.15666e-05
6019,1.1665e-05
6020,1.16142e-05
6021,1.16019e-05
6022,1.16019e-05
6023,1.16268e-05
6024,1.17771e-05
6025,1.18092e-05
6026,1.17603e-05
6027,1.16665e-05
6028,1.16665e-05
6029,1.16665e-05
6030,1.16484e-05
6031,1.15726e-05
6032,1.15726e-05
6033,1.15726e-05
6034,1.15726e-05
6035,1.17082e-05
6036,1.17911e-05
6037,1.16286e-05
6038,1.17288e-05
6039,1.17384e-05
6040,1.17384e-05
6041,1.18131e-05
6042,1.18131e-05
6043,1.18131e-05
6044,1.17169e-05
6045,1.16285e-05
6046,1.16285e-05
6047,1.1629e-05
6048,1.1629e-05
6049,1.16678e-05
6050,1.1744e-05
6051,1.17272e-05
6052,1.17272e-05
6053,1.17272e-05
6054,1.17272e-05
6055,1.17502e-05
6056,1.17502e-05
6057,1.17914e-05
6058,1.17914e-05
6059,1.17914e-05
6060,1.17914e-05
6061,1.17937e-05
6062,1.17937e-05
6063,1.1605e-05
6064,1.17193e-05
6065,1.18349e-05
6066,1.18349e-05
6067,1.15156e-05
6068,1.15975e-05
6069,1.15761e-05
6070,1.15761e-05
6071,1.15086e-05
6072,1.15086e-05
6073,1.14782e-05
6074,1.15987e-05
6075,1.15987e-05
6076,1.15596e-05
6077,1.15596e-05
6078,1.16566e-05
6079,1.16566e-05
6080,1.16053e-05
6081,1.15534e-05
6082,1.15625e-05
6083,1.15242e-05
6084,1.15242e-05
6085,1.15242e-05
6086,1.14868e-05
6087,1.14868e-05
6088,1.17523e-05
6089,1.17295e-05
6090,1.16987e-05
6091,1.16987e-05
6092,1.17446e-05
6093,1.17446e-05
6094,1.16932e-05
6095,1.16932e-05
6096,1.17004e-05
6097,1.15977e-05
6098,1.15977e-05
6099,1.15977e-05
6100,1.15674e-05
6101,1.14576e-05
6102,1.14679e-05
6103,1.14679e-05
6104,1.15429e-05
6105,1.15447e-05
6106,1.14577e-05
6107,1.14577e-05
6108,1.17468e-05
6109,1.17184e-05
6110,1.17872e-05
6111,1.17872e-05
6112,1.17872e-05
6113,1.17872e-05
6114,1.17872e-05
6115,1.18354e-05
6116,1.18354e-05
6117,1.18354e-05
6118,1.19448e-05
6119,1.18242e-05
6120,1.18242e-05
6121,1.18242e-05
6122,1.18242e-05
6123,1.18242e-05
6124,1.16987e-05
6125,1.17186e-05
6126,1.15828e-05
6127,1.15426e-05
6128,1.14546e-05
6129,1.1461e-05
6130,1.1461e-05
6131,1.15314e-05
6132,1.15091e-05
6133,1.15091e-05
6134,1.15091e-05
6135,1.17115e-05
6136,1.17115e-05
6137,1.17115e-05
6138,1.16664e-05
6139,1.1515e-05
6140,1.15369e-05
6141,1.14232e-05
6142,1.14485e-05
6143,1.15721e-05
6144,1.15721e-05
6145,1.15069e-05
6146,1.1487e-05
6147,1.15874e-05
6148,1.14595e-05
6149,1.14478e-05
6150,1.14478e-05
6151,1.15641e-05
6152,1.17199e-05
6153,1.14418e-05
6154,1.14841e-05
6155,1.14614e-05
6156,1.1413e-05
6157,1.14403e-05
6158,1.15644e-05
6159,1.14256e-05
6160,1.14048e-05
6161,1.14048e-05
6162,1.13949e-05
6163,1.1437e-05
6164,1.1491e-05
6165,1.14812e-05
6166,1.14723e-05
6167,1.14846e-05
6168,1.12822e-05
6169,1.14228e-05
6170,1.14225e-05
6171,1.14225e-05
6172,1.12714e-05
6173,1.13573e-05
6174,1.13566e-05
6175,1.13566e-05
6176,1.13566e-05
6177,1.13906e-05
6178,1.13906e-05
6179,1.14003e-05
6180,1.14878e-05
6181,1.14229e-05
6182,1.14056e-05
6183,1.15732e-05
6184,1.14468e-05
6185,1.14468e-05
6186,1.14433e-05
6187,1.15531e-05
6188,1.13633e-05
6189,1.13765e-05
6190,1.14276e-05
6191,1.14272e-05
6192,1.14272e-05
6193,1.14149e-05
6194,1.14149e-05
6195,1.13791e-05
6196,1.12897e-05
6197,1.1398e-05
6198,1.1278e-05
6199,1.13112e-05
6200,1.12998e-05
6201,1.12998e-05
6202,1.13677e-05
6203,1.1276e-05
6204,1.13451e-05
6205,1.13152e-05
6206,1.1372e-05
6207,1.1393e-05
6208,1.1393e-05
6209,1.14016e-05
6210,1.14016e-05
6211,1.13153e-05
6212,1.13153e-05
6213,1.14264e-05
6214,1.15315e-05
6215,1.16876e-05
6216,1.16678e-05
6217,1.16047e-05
6218,1.15666e-05
6219,1.15903e-05
6220,1.14834e-05
6221,1.13743e-05
6222,1.13743e-05
6223,1.13442e-05
6224,1.13442e-05
6225,1.13967e-05
6226,1.15173e-05
6227,1.15173e-05
6228,1.15173e-05
6229,1.15561e-05
6230,1.15592e-05
6231,1.16033e-05
6232,1.14865e-05
6233,1.14882e-05
6234,1.14882e-05
6235,1.14812e-05
6236,1.14812e-05
6237,1.14229e-05
6238,1.14263e-05
6239,1.14205e-05
6240,1.14674e-05
6241,1.14674e-05
6242,1.14674e-05
6243,1.14736e-05
6244,1.15173e-05
6245,1.14183e-05
6246,1.14183e-05
6247,1.14715e-05
6248,1.14715e-05
6249,1.13645e-05
6250,1.13645e-05
6251,1.13645e-05
6252,1.13645e-05
6253,1.13645e-05
6254,1.13645e-05
6255,1.14957e-05
6256,1.14289e-05
6257,1.13444e-05
6258,1.13444e-05
6259,1.13444e-05
6260,1.14142e-05
6261,1.12974e-05
6262,1.12974e-05
6263,1.12974e-05
6264,1.14174e-05
6265,1.13836e-05
6266,1.13836e-05
6267,1.13992e-05
6268,1.14149e-05
6269,1.15167e-05
6270,1.1473e-05
6271,1.14603e-05
6272,1.14208e-05
6273,1.14023e-05
6274,1.15406e-05
6275,1.15406e-05
6276,1.15413e-05
6277,1.15413e-05
6278,1.14628e-05
6279,1.16091e-05
6280,1.16091e-05
6281,1.16091e-05
6282,1.16091e-05
6283,1.1472e-05
6284,1.13539e-05
6285,1.14461e-05
6286,1.13637e-05
6287,1.13637e-05
6288,1.14599e-05
6289,1.14905e-05
6290,1.14373e-05
6291,1.15347e-05
6292,1.15347e-05
6293,1.15347e-05
6294,1.14428e-05
6295,1.14479e-05
6296,1.14281e-05
6297,1.13416e-05
6298,1.13309e-05
6299,1.14271e-05
6300,1.14643e-05
6301,1.14643e-05
6302,1.14568e-05
6303,1.15421e-05
6304,1.14505e-05
6305,1.17522e-05
6306,1.17522e-05
6307,1.17522e-05
6308,1.17522e-05
6309,1.17337e-05
6310,1.16894e-05
6311,1.16263e-05
6312,1.16485e-05
6313,1.1676e-05
6314,1.15508e-05
6315,1.16272e-05
6316,1.15815e-05
6317,1.1617e-05
6318,1.1617e-05
6319,1.18222e-05
6320,1.17296e-05
6321,1.15473e-05
6322,1.15473e-05
6323,1.16073e-05
6324,1.16073e-05
6325,1.15115e-05
6326,1.15026e-05
6327,1.15187e-05
6328,1.15492e-05
6329,1.14288e-05
6330,1.15982e-05
6331,1.17313e-05
6332,1.15959e-05
6333,1.15959e-05
6334,1.15959e-05
6335,1.16295e-05
6336,1.15173e-05
6337,1.15173e-05
6338,1.13971e-05
6339,1.13971e-05
6340,1.13971e-05
6341,1.13971e-05
6342,1.13971e-05
6343,1.13854e-05
6344,1.14349e-05
6345,1.14349e-05
6346,1.14349e-05
6347,1.1387e-05
6348,1.14857e-05
6349,1.14857e-05
6350,1.15693e-05
6351,1.15675e-05
6352,1.15335e-05
6353,1.15391e-05
6354,1.15391e-05
6355,1.16578e-05
6356,1.17343e-05
6357,1.17343e-05
6358,1.1576e-05
6359,1.15344e-05
6360,1.1587e-05
6361,1.16109e-05
6362,1.16784e-05
6363,1.15792e-05
6364,1.14965e-05
6365,1.14485e-05
6366,1.14323e-05
6367,1.15078e-05
6368,1.15078e-05
6369,1.1492e-05
6370,1.1492e-05
6371,1.14898e-05
6372,1.14898e-05
6373,1.13903e-05
6374,1.15102e-05
6375,1.15102e-05
6376,1.1516e-05
6377,1.15074e-05
6378,1.1528e-05
6379,1.15867e-05
6380,1.14853e-05
6381,1.16041e-05
6382,1.15564e-05
6383,1.15564e-05
6384,1.15756e-05
6385,1.1596e-05
6386,1.14839e-05
6387,1.14839e-05
6388,1.16352e-05
6389,1.16352e-05
6390,1.1532e-05
6391,1.1573e-05
6392,1.14828e-05
6393,1.14365e-05
6394,1.13902e-05
6395,1.13902e-05
6396,1.14223e-05
6397,1.14389e-05
6398,1.14575e-05
6399,1.15098e-05
6400,1.15098e-05
6401,1.15267e-05
6402,1.15267e-05
6403,1.15267e-05
6404,1.15267e-05
6405,1.14635e-05
6406,1.14635e-05
6407,1.13439e-05
6408,1.14954e-05
6409,1.14954e-05
6410,1.14954e-05
6411,1.13433e-05
6412,1.14258e-05
6413,1.16549e-05
6414,1.16549e-05
6415,1.15761e-05
6416,1.15761e-05
6417,1.16833e-05
6418,1.14567e-05
6419,1.16604e-05
6420,1.16097e-05
6421,1.17923e-05
6422,1.19175e-05
6423,1.1725e-05
6424,1.17852e-05
6425,1.15641e-05
6426,1.1561e-05
6427,1.17468e-05
6428,1.17468e-05
6429,1.17642e-05
6430,1.15703e-05
6431,1.16271e-05
6432,1.16271e-05
6433,1.16271e-05
6434,1.15503e-05
6435,1.16178e-05
6436,1.17246e-05
6437,1.16793e-05
6438,1.16793e-05
6439,1.17347e-05
6440,1.17066e-05
6441,1.17066e-05
6442,1.1689e-05
6443,1.1689e-05
6444,1.16278e-05
6445,1.15573e-05
6446,1.15573e-05
6447,1.14421e-05
6448,1.14275e-05
6449,1.158e-05
6450,1.158e-05
6451,1.15762e-05
6452,1.15044e-05
6453,1.1556e-05
6454,1.1475e-05
6455,1.1472e-05
6456,1.1472e-05
6457,1.1472e-05
6458,1.1472e-05
6459,1.1472e-05
6460,1.16033e-05
6461,1.14534e-05
6462,1.13398e-05
6463,1.14276e-05
6464,1.14276e-05
6465,1.15057e-05
6466,1.14887e-05
6467,1.14887e-05
6468,1.1415e-05
6469,1.14098e-05
6470,1.14495e-05
6471,1.14144e-05
6472,1.15604e-05
6473,1.16462e-05
6474,1.16971e-05
6475,1.16971e-05
6476,1.15857e-05
6477,1.15272e-05
6478,1.15272e-05
6479,1.15257e-05
6480,1.15257e-05
6481,1.1465e-05
6482,1.1547e-05
6483,1.13719e-05
6484,1.13719e-05
6485,1.13719e-05
6486,1.1354e-05
6487,1.14634e-05
6488,1.14239e-05
6489,1.14615e-05
6490,1.14615e-05
6491,1.14615e-05
6492,1.14615e-05
6493,1.13935e-05
6494,1.1467e-05
6495,1.15302e-05
6496,1.13757e-05
6497,1.14742e-05
6498,1.14338e-05
6499,1.13863e-05
6500,1.14295e-05
6501,1.14295e-05
6502,1.15472e-05
6503,1.15472e-05
6504,1.14439e-05
6505,1.14439e-05
6506,1.14439e-05
6507,1.14439e-05
6508,1.14312e-05
6509,1.1409e-05
6510,1.1409e-05
6511,1.13786e-05
6512,1.14482e-05
6513,1.13617e-05
6514,1.13617e-05
6515,1.15008e-05
6516,1.15008e-05
6517,1.15585e-05
6518,1.15785e-05
6519,1.15072e-05
6520,1.1476e-05
6521,1.13994e-05
6522,1.13994e-05
6523,1.14773e-05
6524,1.15045e-05
6525,1.15045e-05
6526,1.15264e-05
6527,1.15264e-05
6528,1.15044e-05
6529,1.1554e-05
6530,1.1554e-05
6531,1.15951e-05
6532,1.15951e-05
6533,1.15519e-05
6534,1.15959e-05
6535,1.15241e-05
6536,1.15241e-05
6537,1.14047e-05
6538,1.14059e-05
6539,1.13951e-05
6540,1.13951e-05
6541,1.13409e-05
6542,1.13409e-05
6543,1.13409e-05
6544,1.13787e-05
6545,1.13787e-05
6546,1.13205e-05
6547,1.1446e-05
6548,1.14257e-05
6549,1.14064e-05
6550,1.14505e-05
6551,1.14164e-05
6552,1.13619e-05
6553,1.12786e-05
6554,1.12786e-05
6555,1.13393e-05
6556,1.13755e-05
6557,1.14989e-05
6558,1.13731e-05
6559,1.14443e-05
6560,1.15133e-05
6561,1.13324e-05
6562,1.14108e-05
6563,1.13267e-05
6564,1.13711e-05
6565,1.13711e-05
6566,1.13454e-05
6567,1.13454e-05
6568,1.13454e-05
6569,1.13454e-05
6570,1.14476e-05
6571,1.14476e-05
6572,1.13742e-05
6573,1.13742e-05
6574,1.14278e-05
6575,1.15518e-05
6576,1.15901e-05
6577,1.15977e-05
6578,1.15977e-05
6579,1.15977e-05
6580,1.14583e-05
6581,1.13896e-05
6582,1.13896e-05
6583,1.13896e-05
6584,1.13896e-05
6585,1.14602e-05
6586,1.14497e-05
6587,1.14497e-05
6588,1.14497e-05
6589,1.14951e-05
6590,1.14951e-05
6591,1.14844e-05
6592,1.16329e-05
6593,1.16329e-05
6594,1.16418e-05
6595,1.16418e-05
6596,1.16418e-05
6597,1.16403e-05
6598,1.16403e-05
6599,1.15777e-05
6600,1.15777e-05
6601,1.14437e-05
6602,1.14021e-05
6603,1.14021e-05
6604,1.14021e-05
6605,1.15428e-05
6606,1.14081e-05
6607,1.14446e-05
6608,1.15121e-05
6609,1.15121e-05
6610,1.14979e-05
6611,1.14979e-05
6612,1.14979e-05
6613,1.1579e-05
6614,1.1579e-05
6615,1.15399e-05
6616,1.15891e-05
6617,1.17611e-05
6618,1.17611e-05
6619,1.17958e-05
6620,1.17576e-05
6621,1.16574e-05
6622,1.16574e-05
6623,1.16574e-05
6624,1.17498e-05
6625,1.17498e-05
6626,1.17498e-05
6627,1.1685e-05
6628,1.16485e-05
6629,1.16829e-05
6630,1.16829e-05
