MDTU,S_F
1,7.53095e-06
2,7.69981e-06
3,7.62934e-06
4,7.93323e-06
5,7.97432e-06
6,8.03623e-06
7,8.14719e-06
8,8.17624e-06
9,8.40685e-06
10,8.59066e-06
11,8.62019e-06
12,8.63269e-06
13,8.7384e-06
14,8.78812e-06
15,8.8383e-06
16,8.99626e-06
17,8.94895e-06
18,8.95237e-06
19,9.05573e-06
20,9.11685e-06
