t,eps_f,eps_g
10,0.0078125,0.000558036
20,0.0078125,0.000558036
