MDTU,link
1,1.00684
2,1.14909
3,1.13989
4,1.13877
5,1.13594
6,1.13313
7,1.13332
8,1.1313
9,1.12922
10,1.12636
11,1.12632
12,1.12511
13,1.12296
14,1.1206
15,1.12011
16,1.11652
17,1.11559
18,1.11282
19,1.11255
20,1.1097
21,1.10804
22,1.10702
23,1.10741
24,1.10693
25,1.10464
26,1.10131
27,1.09988
28,1.09906
29,1.09907
30,1.09741
31,1.09644
32,1.09576
33,1.09544
34,1.09382
35,1.09182
36,1.08986
37,1.09139
38,1.08839
39,1.08908
40,1.08761
