MDTU,|Tr(Lx)|,|Tr(Ly)|,|Tr(Lz)|,|Tr(L5)|
1,0.988376,0.108719,0.111852,0.00181365
2,0.985957,1.90968,2.19848,0.0146067
3,0.986812,1.88426,1.84849,0.0103188
4,0.985535,2.11578,2.09515,0.0131778
5,0.986697,1.76051,2.64939,0.0150909
6,0.986657,1.61517,2.67374,0.00854746
7,0.989108,1.3485,2.27084,0.0145046
8,0.988066,1.31244,2.91688,0.00982689
9,0.986857,1.06509,3.51832,0.0046469
10,0.984897,0.574785,2.7082,0.00492821
11,0.987556,0.202649,2.86835,0.005836
12,0.987261,0.623638,2.73581,0.00629241
13,0.986682,0.713403,2.41573,0.0112562
14,0.983827,1.48411,2.38413,0.00928172
15,0.984386,1.14236,2.15025,0.00675689
16,0.98249,1.7152,1.8559,0.00292308
17,0.983647,0.695091,1.66475,0.00362759
18,0.98367,1.0238,2.11392,0.00619978
19,0.987263,0.880307,1.74263,0.0054244
20,0.986566,1.54156,1.61684,0.0118524
21,0.987133,1.38802,2.09115,0.0135013
22,0.985382,1.31504,1.86894,0.00946949
23,0.987329,1.02675,1.78529,0.00628875
24,0.988009,0.875442,1.80575,0.00778606
25,0.9873,0.806316,1.90158,0.00717092
26,0.982878,0.609523,2.42793,0.00140753
27,0.983272,0.868418,2.16544,0.00184137
28,0.98536,0.856708,2.33468,0.00285469
29,0.98797,0.908385,2.87348,0.007752
30,0.986705,1.1843,2.64598,0.00643361
31,0.98543,1.06088,2.93382,0.00690432
32,0.985311,1.14776,2.70875,0.00610323
33,0.98729,1.14377,2.31591,0.0125807
34,0.985371,0.646838,2.23119,0.00579462
35,0.984383,1.06796,2.2195,0.00751145
36,0.983729,0.950149,2.08503,0.00442388
37,0.984833,0.703564,1.94097,0.0136521
38,0.983621,0.831197,1.88712,0.00335726
39,0.986646,0.647068,1.79756,0.00178142
40,0.986357,1.05055,1.80339,0.00987472
41,0.988153,1.02746,1.63254,0.00463144
42,0.987736,0.751145,1.40637,0.00171717
43,0.988024,1.06178,1.55559,0.00415643
44,0.9886,0.783225,1.49577,0.00467504
45,0.986183,0.90971,1.31792,0.00525803
46,0.985231,0.919744,1.08445,0.0025761
47,0.985231,0.919744,1.08445,0.0025761
48,0.985553,1.49772,0.815459,0.00165885
49,0.984773,1.43708,0.715659,0.00511692
50,0.984864,1.556,0.906311,0.00722282
51,0.982558,1.30573,1.08143,0.0106399
52,0.982213,1.78009,0.674497,0.0109612
53,0.983541,1.63026,0.642279,0.00895706
54,0.979687,1.66765,0.536814,0.00600074
55,0.981037,1.43403,0.393768,0.00178734
56,0.978845,1.34246,0.750621,0.00540931
57,0.979911,1.2805,0.362914,0.00257206
58,0.979868,1.42451,0.412985,0.00492668
59,0.979868,1.42451,0.412985,0.00492668
60,0.983459,1.03056,0.791498,0.00706953
61,0.985683,0.854323,0.525278,0.00785451
62,0.985046,0.947283,0.566936,0.00155158
63,0.989109,0.963496,0.25871,0.00520804
64,0.989808,0.866353,0.572817,0.00452033
65,0.989601,1.02006,0.59173,0.00337868
66,0.989484,0.613425,0.685458,0.00622041
67,0.987419,0.64355,0.353612,0.00677078
68,0.986206,0.563319,0.329883,0.00227203
69,0.986206,0.563319,0.329883,0.00227203
70,0.990401,0.587627,0.524299,0.0104556
71,0.989102,0.491457,0.580158,0.00808866
72,0.989102,0.491457,0.580158,0.00808866
73,0.986239,0.436863,0.679417,0.00321142
74,0.9844,0.498383,0.925842,0.00527578
75,0.9837,0.565442,0.874007,0.00676752
76,0.984525,0.653254,0.924419,0.00857854
77,0.98727,0.713866,1.057,0.00973616
78,0.98727,0.713866,1.057,0.00973616
79,0.986505,1.01113,0.937032,0.0128102
80,0.987177,0.70367,0.559747,0.00254471
81,0.987177,0.70367,0.559747,0.00254469
82,0.986708,0.822876,0.671773,0.00404901
83,0.988043,0.788381,0.813753,0.00678339
84,0.988043,0.788381,0.813753,0.00678339
85,0.986693,0.678387,0.923177,0.00509766
86,0.986786,0.523736,0.819515,0.00375746
87,0.986786,0.523736,0.819515,0.00375746
88,0.986786,0.523736,0.819515,0.00375746
89,0.986786,0.523736,0.819515,0.00375746
90,0.988554,0.552817,0.630611,0.000646769
91,0.9875,0.618225,0.556758,0.00138235
92,0.985522,0.4398,0.368984,0.00541838
93,0.984706,0.479572,0.26571,0.0044611
94,0.985455,0.800618,0.122707,0.00311609
95,0.981481,0.486363,0.273851,0.0013738
96,0.983377,0.565468,0.271033,0.00321868
97,0.981419,0.2207,0.142907,0.00533899
98,0.98181,0.29844,0.0921852,0.00363028
99,0.979235,0.246755,0.160281,0.0039642
100,0.979305,0.373328,0.149679,0.00617082
101,0.979692,0.36777,0.222872,0.00049797
102,0.981129,0.281327,0.267673,0.00245036
103,0.983073,0.305627,0.326372,0.00202114
104,0.978562,0.426608,0.261568,0.00104699
105,0.977229,0.483222,0.361368,0.00359639
106,0.978029,0.672718,0.272181,0.00287193
107,0.977122,0.45264,0.260408,0.00353264
108,0.980914,0.443494,0.166783,0.00191907
109,0.984422,0.620424,0.164843,0.00149162
110,0.984422,0.620424,0.164843,0.00149162
111,0.983864,0.531551,0.308585,0.00513865
112,0.983864,0.531551,0.308585,0.00513865
113,0.981787,0.573613,0.350647,0.00193382
114,0.982131,0.509682,0.283316,0.0029452
115,0.984935,0.476467,0.191207,0.00654502
116,0.986239,0.552487,0.0738232,0.004989
117,0.984803,0.523088,0.126317,0.00460344
118,0.984421,0.432533,0.10605,0.00511532
119,0.985464,0.49854,0.11689,0.00392966
120,0.988064,0.474728,0.162953,0.00227735
121,0.988064,0.474728,0.162953,0.00227735
122,0.989751,0.414134,0.0994408,0.0059691
123,0.986289,0.495766,0.104381,0.00148305
124,0.986289,0.495766,0.104381,0.00148305
125,0.985988,0.62883,0.140492,0.00657978
126,0.985988,0.62883,0.140492,0.00657978
127,0.985988,0.62883,0.140492,0.00657978
128,0.98757,0.653221,0.121776,0.00356252
129,0.985949,0.647718,0.204644,0.00419007
130,0.989751,0.850635,0.199001,0.00284459
131,0.988515,0.793364,0.27531,0.000520253
132,0.989587,0.841082,0.316349,0.00368541
133,0.989587,0.841082,0.316349,0.00368541
134,0.989539,0.63026,0.20078,0.00295534
135,0.991325,0.563533,0.262122,0.00803477
136,0.989938,0.658272,0.180054,0.0015055
137,0.986248,0.400727,0.0939969,0.00128701
138,0.985051,0.473134,0.120093,0.00310409
139,0.985051,0.473134,0.120093,0.00310409
140,0.984559,0.633097,0.120724,0.00200737
141,0.982228,0.314018,0.163792,0.00210757
142,0.984415,0.375731,0.138561,0.00278316
143,0.984335,0.579389,0.104043,0.00798086
144,0.982898,0.524447,0.160545,0.00440423
145,0.984121,0.494779,0.198075,0.00668991
146,0.984935,0.480925,0.0728458,0.00498247
147,0.984067,0.608158,0.138225,0.00500082
148,0.983485,0.557919,0.122345,0.00338012
149,0.983485,0.557919,0.122345,0.00338012
150,0.978207,0.386144,0.0934092,0.00718936
151,0.97511,0.370515,0.0854736,0.00181441
152,0.974602,0.466962,0.139828,0.00326195
153,0.976053,0.430019,0.193296,0.00455327
154,0.974707,0.547645,0.272961,0.00476207
155,0.973866,0.532056,0.212863,0.00307346
156,0.973866,0.532056,0.212863,0.00307346
157,0.975488,0.505338,0.133141,0.00642741
158,0.976746,0.474171,0.187725,0.00285617
159,0.977768,0.567736,0.107438,0.00548486
160,0.974034,0.735935,0.116921,0.002428
161,0.974202,0.809565,0.206937,0.00604713
162,0.974202,0.809565,0.206937,0.00604713
163,0.975145,0.746393,0.149757,0.00382651
164,0.976641,0.759134,0.161582,0.00308197
165,0.978306,0.674115,0.0959967,0.00230615
166,0.978473,0.577923,0.173131,0.00283524
167,0.978153,0.668477,0.162281,0.00285235
168,0.976775,0.851493,0.0759727,0.0033547
169,0.977102,0.840198,0.092294,0.00593943
170,0.978572,0.731031,0.0430892,0.00194348
171,0.978246,0.595664,0.136333,0.00234106
172,0.981433,0.5872,0.220011,0.00596521
173,0.980455,0.499223,0.130456,0.00083436
174,0.980455,0.499223,0.130456,0.00083436
175,0.981298,0.458304,0.0811894,0.00490758
176,0.981298,0.458304,0.0811894,0.00490758
177,0.982119,0.511473,0.20203,0.00182461
178,0.978616,0.43396,0.137466,0.00362044
179,0.978616,0.43396,0.137466,0.00362044
180,0.982328,0.491221,0.0726095,0.0111401
181,0.983216,0.542316,0.0689152,0.00651298
182,0.981728,0.492059,0.0841369,0.00794186
183,0.981696,0.449069,0.0820879,0.00311327
184,0.986189,0.50393,0.105494,0.00509878
185,0.986189,0.50393,0.105494,0.00509878
186,0.984316,0.470703,0.134057,0.00573524
187,0.986709,0.462802,0.10446,0.000710524
188,0.983745,0.354473,0.0414472,0.00433908
189,0.984962,0.430339,0.158479,0.00875227
190,0.984711,0.476719,0.204427,0.00908841
191,0.985349,0.517213,0.335202,0.00206712
192,0.985349,0.517213,0.335202,0.00206712
193,0.985349,0.517213,0.335202,0.00206712
194,0.985596,0.453581,0.230055,0.00496148
195,0.979929,0.394318,0.20709,0.00419491
196,0.982281,0.385259,0.213833,0.00507488
197,0.982281,0.385259,0.213833,0.00507488
198,0.982281,0.385259,0.213833,0.00507488
199,0.983181,0.351709,0.233522,0.0060835
200,0.983611,0.360331,0.194184,0.00183152
201,0.98464,0.443151,0.328315,0.00416198
202,0.98463,0.490948,0.306024,0.00552379
203,0.984969,0.452958,0.238166,0.00748249
204,0.984969,0.452958,0.238166,0.00748249
205,0.986562,0.488934,0.312267,0.00594358
206,0.985306,0.473596,0.232663,0.00407139
207,0.984661,0.461036,0.365776,0.0070853
208,0.984661,0.461036,0.365776,0.0070853
209,0.985762,0.436092,0.36447,0.00156218
210,0.985762,0.436092,0.36447,0.00156218
211,0.985828,0.398502,0.239309,0.00265483
212,0.985828,0.398502,0.239309,0.00265483
213,0.984445,0.411528,0.347014,0.00160698
214,0.982461,0.327207,0.327371,0.00468287
215,0.981545,0.26668,0.350869,0.00397292
216,0.982749,0.255452,0.351888,0.00298941
217,0.982749,0.255452,0.351888,0.00298941
218,0.983576,0.246197,0.330139,0.00748666
219,0.983576,0.246197,0.330139,0.00748666
220,0.981493,0.297293,0.265871,0.00253093
221,0.981493,0.297293,0.265871,0.00253093
222,0.98092,0.397762,0.289352,0.00389858
223,0.979628,0.335478,0.232569,0.0011046
224,0.980227,0.344693,0.240631,0.00235807
225,0.980045,0.290841,0.248994,0.00071956
226,0.979139,0.277923,0.255093,0.00672105
227,0.979536,0.306098,0.321888,0.00489248
228,0.978917,0.310714,0.289728,0.00148528
229,0.978917,0.310714,0.289728,0.00148528
230,0.978917,0.310714,0.289728,0.00148528
231,0.978153,0.26715,0.306704,0.00655778
232,0.979169,0.222249,0.259869,0.00366939
233,0.975541,0.163715,0.142822,0.000845245
234,0.977604,0.169163,0.21954,0.00305775
235,0.977604,0.169163,0.21954,0.00305775
236,0.977604,0.169163,0.21954,0.00305775
237,0.978667,0.1772,0.150812,0.00463758
238,0.976154,0.218156,0.206818,0.00395259
239,0.978437,0.215963,0.257763,0.00161896
240,0.978437,0.215963,0.257763,0.00161896
241,0.979432,0.268914,0.253886,0.00803461
242,0.979432,0.268914,0.253886,0.00803461
243,0.978479,0.235501,0.208122,0.00657088
244,0.97715,0.364004,0.151325,0.00856219
245,0.976401,0.3644,0.133487,0.00235257
246,0.975779,0.307082,0.150526,0.00476207
247,0.977155,0.348885,0.291993,0.0044184
248,0.980207,0.319586,0.353338,0.00648186
249,0.980207,0.319586,0.353338,0.00648186
250,0.980207,0.319586,0.353338,0.00648186
251,0.981938,0.264316,0.289211,0.00077836
252,0.978905,0.275661,0.206455,0.00209453
253,0.976913,0.156761,0.3284,0.00607326
254,0.978981,0.0521301,0.242302,0.00327354
255,0.977385,0.150521,0.233162,0.0054426
256,0.977385,0.150521,0.233162,0.0054426
257,0.979616,0.106633,0.287763,0.0026201
258,0.979616,0.106633,0.287763,0.0026201
259,0.978649,0.170532,0.166513,0.00219591
260,0.978649,0.170532,0.166513,0.00219591
261,0.978649,0.170532,0.166513,0.00219591
262,0.97799,0.225774,0.0621817,0.000365564
263,0.978976,0.225802,0.145428,0.00419113
264,0.978976,0.225802,0.145428,0.00419113
265,0.978976,0.225802,0.145428,0.00419113
266,0.976841,0.36363,0.102305,0.00267316
267,0.977649,0.222639,0.0602949,0.00376309
268,0.975101,0.322395,0.16562,0.00108191
269,0.974402,0.330994,0.0964967,0.00486053
270,0.972226,0.406282,0.0614414,0.00436519
271,0.975367,0.31005,0.140103,0.00780456
272,0.97616,0.436614,0.174653,0.00273198
273,0.975935,0.345442,0.154787,0.0058634
274,0.975935,0.345442,0.154787,0.0058634
275,0.973436,0.343466,0.168062,0.0023911
276,0.973436,0.343466,0.168062,0.0023911
277,0.971491,0.390468,0.104998,0.000252295
278,0.971491,0.390468,0.104998,0.000252295
279,0.973631,0.465381,0.131561,0.00534735
280,0.973631,0.465381,0.131561,0.00534735
281,0.973631,0.465381,0.131561,0.00534735
282,0.974365,0.458289,0.185952,0.00206355
283,0.976465,0.475258,0.120054,0.00353501
284,0.976465,0.475258,0.120054,0.00353501
285,0.976898,0.502951,0.132538,0.00105725
286,0.978285,0.485684,0.140341,0.00119042
287,0.978285,0.485684,0.140341,0.00119042
288,0.978285,0.485684,0.140341,0.00119042
289,0.978285,0.485684,0.140341,0.00119042
290,0.975134,0.396293,0.172746,0.00256308
291,0.975134,0.396293,0.172746,0.00256308
292,0.974821,0.428313,0.147865,0.0023465
293,0.974526,0.426557,0.0578781,0.00256277
294,0.973492,0.360059,0.11384,0.00161696
295,0.97622,0.307301,0.205088,0.00094638
296,0.97622,0.307301,0.205088,0.00094638
297,0.974027,0.356416,0.159691,0.00447758
298,0.974027,0.356416,0.159691,0.00447758
299,0.974697,0.349547,0.184131,0.00227081
300,0.973859,0.299012,0.192642,0.00448006
301,0.974276,0.461661,0.199474,0.00168302
302,0.978522,0.361186,0.139002,0.00541071
303,0.975716,0.281862,0.183517,0.00267416
304,0.97579,0.20805,0.190381,0.00111907
305,0.977837,0.226977,0.186835,0.00562884
306,0.977837,0.226977,0.186835,0.00562884
307,0.977837,0.226977,0.186835,0.00562884
308,0.980224,0.242657,0.195659,0.00412357
309,0.979524,0.253431,0.136544,0.00570322
310,0.978794,0.197638,0.173171,0.00480624
311,0.978794,0.197638,0.173171,0.00480624
312,0.978794,0.197638,0.173171,0.00480624
313,0.980471,0.222821,0.0812803,0.00244724
314,0.980471,0.222821,0.0812803,0.00244724
315,0.980471,0.222821,0.0812803,0.00244724
316,0.984559,0.259172,0.0782401,0.00161586
317,0.985037,0.251938,0.0936573,0.00465582
318,0.98012,0.248303,0.154729,0.00756132
319,0.98012,0.248303,0.154729,0.00756132
320,0.979077,0.0870018,0.105373,0.00400574
321,0.983648,0.118082,0.0820611,0.00472103
322,0.983648,0.118082,0.0820611,0.00472103
323,0.983407,0.218808,0.0501597,0.00118818
324,0.983407,0.218808,0.0501597,0.00118818
325,0.982831,0.317717,0.0897012,0.00352889
326,0.988172,0.32241,0.139835,0.00124543
327,0.989482,0.22046,0.175203,0.00773691
328,0.989703,0.142345,0.165911,0.000731538
329,0.989703,0.142345,0.165911,0.000731538
330,0.986536,0.0669047,0.269563,0.00589592
331,0.987821,0.100411,0.198879,0.00262723
332,0.987821,0.100411,0.198879,0.00262723
333,0.989993,0.107282,0.041424,0.00101839
334,0.989993,0.107282,0.041424,0.00101839
335,0.989121,0.105557,0.180291,0.000982769
336,0.989121,0.105557,0.180291,0.000982769
337,0.989831,0.208467,0.171763,0.00587106
338,0.991937,0.114212,0.214815,0.00369355
339,0.989177,0.0964462,0.12725,0.00348406
340,0.990148,0.00443922,0.105469,0.00589721
341,0.990148,0.00443922,0.105469,0.00589721
342,0.987969,0.142046,0.131648,0.00290589
343,0.993106,0.162486,0.188103,0.00446993
344,0.988658,0.145295,0.0780211,0.00956051
345,0.989315,0.289941,0.0287168,0.0024384
346,0.989315,0.289941,0.0287168,0.0024384
347,0.985267,0.284857,0.0516556,0.00235
348,0.985267,0.284857,0.0516556,0.00235
349,0.985267,0.284857,0.0516556,0.00235
350,0.986795,0.252709,0.0426677,0.002388
351,0.986795,0.252709,0.0426677,0.002388
352,0.985931,0.267151,0.0351899,0.000989552
353,0.98571,0.318837,0.0965005,0.003894
354,0.984604,0.275954,0.14071,0.00458844
355,0.985024,0.22176,0.0957775,0.00296098
356,0.985251,0.200174,0.139187,0.00405152
357,0.987459,0.279632,0.121622,0.00442399
358,0.987459,0.279632,0.121622,0.00442399
359,0.987459,0.279632,0.121622,0.00442399
360,0.990346,0.232648,0.0699702,0.000980919
361,0.987628,0.279098,0.0737235,0.00309763
362,0.988339,0.281287,0.0115505,0.00398842
363,0.988175,0.294395,0.00707632,0.00301216
364,0.984231,0.351295,0.0175708,0.0065224
365,0.986753,0.299391,0.118578,0.00398484
366,0.985183,0.293603,0.117859,0.00293257
367,0.98414,0.260454,0.14527,0.00435023
368,0.983296,0.269959,0.11481,0.00137575
369,0.984324,0.191613,0.0350708,0.00391815
370,0.984687,0.177105,0.0775384,0.00262591
371,0.982975,0.158364,0.0257103,0.00383975
372,0.987069,0.113895,0.0872427,0.0027246
373,0.986234,0.234511,0.0565886,0.00762159
374,0.986234,0.234511,0.0565886,0.00762159
375,0.985653,0.193017,0.115332,0.00617813
376,0.985653,0.193017,0.115332,0.00617813
377,0.986211,0.180224,0.109153,0.00139985
378,0.986211,0.180224,0.109153,0.00139985
379,0.983335,0.207546,0.0590329,0.000510025
380,0.984379,0.254317,0.117186,0.00376691
381,0.984379,0.254317,0.117186,0.00376691
382,0.982394,0.278715,0.0723816,0.00545375
383,0.980445,0.29262,0.00913498,0.000490611
384,0.978469,0.319547,0.0497541,0.0063893
385,0.978469,0.319547,0.0497541,0.0063893
386,0.978469,0.319547,0.0497541,0.0063893
387,0.978469,0.319547,0.0497541,0.0063893
388,0.982883,0.231046,0.0216808,0.00795611
389,0.982883,0.231046,0.0216808,0.00795611
390,0.982883,0.231046,0.0216808,0.00795611
391,0.982883,0.231046,0.0216808,0.00795611
392,0.982736,0.309059,0.0312702,0.00735632
393,0.97857,0.392169,0.0832651,0.00422321
394,0.976631,0.319582,0.0938379,0.00372027
395,0.976631,0.319582,0.0938379,0.00372027
396,0.976631,0.319582,0.0938379,0.00372027
397,0.978,0.394917,0.109277,0.00212724
398,0.978,0.394917,0.109277,0.00212724
399,0.978,0.394917,0.109277,0.00212724
400,0.978,0.394917,0.109277,0.00212724
401,0.977611,0.404341,0.196994,0.00587722
402,0.978089,0.533121,0.0869231,0.00191054
403,0.980132,0.566534,0.0655823,0.00787343
404,0.980132,0.566534,0.0655823,0.00787343
405,0.980132,0.566534,0.0655823,0.00787343
406,0.980132,0.566534,0.0655823,0.00787343
407,0.980382,0.608773,0.0890715,0.00161898
408,0.980382,0.608773,0.0890715,0.00161898
409,0.979375,0.549309,0.145628,0.00259628
410,0.981826,0.570255,0.111032,0.00455287
411,0.982117,0.463007,0.0922438,0.00219059
412,0.980202,0.512124,0.078935,0.00611176
413,0.979191,0.581615,0.0966851,0.00349605
414,0.979191,0.581615,0.0966851,0.00349605
415,0.980215,0.473525,0.12031,0.0016014
416,0.982663,0.428906,0.138658,0.00423174
417,0.983311,0.442887,0.171865,0.00226689
418,0.982892,0.316568,0.10438,0.00333182
419,0.982892,0.316568,0.10438,0.00333182
420,0.982072,0.37767,0.174691,0.0022688
421,0.98269,0.310103,0.170445,0.000292725
422,0.982714,0.399985,0.235919,0.00500483
423,0.982714,0.399985,0.235919,0.00500483
424,0.982714,0.399985,0.235919,0.00500483
425,0.980609,0.401967,0.178798,0.00864406
426,0.980926,0.412667,0.207387,0.00458138
427,0.980926,0.412667,0.207387,0.00458138
428,0.978606,0.379666,0.252883,0.00502604
429,0.980742,0.355195,0.221737,0.00860371
430,0.981749,0.392542,0.275191,0.00626763
431,0.978629,0.338626,0.225374,0.00260647
432,0.978629,0.338626,0.225374,0.00260647
433,0.980486,0.328859,0.147595,0.00665571
434,0.980486,0.328859,0.147595,0.00665571
435,0.980683,0.269831,0.142908,0.0051495
436,0.982183,0.335072,0.140255,0.00212835
437,0.981925,0.358182,0.180402,0.00729789
438,0.98618,0.281535,0.114068,0.0072905
439,0.987915,0.318726,0.13354,0.00435412
440,0.987915,0.318726,0.13354,0.00435412
441,0.987915,0.318726,0.13354,0.00435413
442,0.987915,0.318726,0.13354,0.00435413
443,0.987915,0.318726,0.13354,0.00435413
444,0.987915,0.318726,0.13354,0.00435413
445,0.986682,0.342855,0.179097,0.00217604
446,0.988177,0.388293,0.129091,0.00542145
447,0.987801,0.483145,0.0646445,0.00331719
448,0.987801,0.483145,0.0646445,0.00331719
449,0.985448,0.465774,0.170451,0.0021615
450,0.985351,0.317543,0.167833,0.000995901
451,0.985351,0.317543,0.167833,0.000995901
452,0.985351,0.317543,0.167833,0.000995901
453,0.98432,0.322615,0.127264,0.00242233
454,0.984369,0.368307,0.111925,0.00114231
455,0.984369,0.368307,0.111925,0.00114231
456,0.983411,0.272664,0.226897,0.00252556
457,0.982066,0.261375,0.194724,0.00483635
458,0.982066,0.261375,0.194724,0.00483635
459,0.983864,0.267032,0.198211,0.0050749
460,0.983864,0.267032,0.198211,0.0050749
461,0.984267,0.234615,0.229919,0.00323471
462,0.984926,0.201236,0.248087,0.00181429
463,0.981724,0.238382,0.286119,0.00301939
464,0.978462,0.242134,0.258629,0.000131053
465,0.979405,0.2264,0.26251,0.00217375
466,0.980548,0.269995,0.308773,0.0042046
467,0.981954,0.276685,0.29931,0.00415601
468,0.981954,0.276685,0.29931,0.00415601
469,0.981954,0.276685,0.29931,0.00415601
470,0.979643,0.257244,0.219352,0.000942479
471,0.979643,0.257244,0.219352,0.000942479
472,0.979643,0.257244,0.219352,0.000942479
473,0.978397,0.237696,0.269849,0.00426914
474,0.981034,0.13967,0.247069,0.0019447
475,0.981034,0.13967,0.247069,0.0019447
476,0.97856,0.212754,0.226613,0.00326155
477,0.97856,0.212754,0.226613,0.00326155
478,0.978638,0.172077,0.207796,0.00262739
479,0.977513,0.255233,0.170558,0.00161211
480,0.978898,0.259848,0.174786,0.00478186
481,0.981852,0.265911,0.205565,0.00363722
482,0.981852,0.265911,0.205565,0.00363722
483,0.983806,0.202919,0.1611,0.00201334
484,0.983871,0.253101,0.170372,0.00261623
485,0.985901,0.208819,0.168405,0.00453859
486,0.985315,0.283465,0.156351,0.00235869
487,0.985315,0.283465,0.156351,0.00235869
488,0.985315,0.283465,0.156351,0.00235869
489,0.984512,0.389022,0.181041,0.00606548
490,0.981497,0.287789,0.254431,0.00582012
491,0.981978,0.404532,0.238064,0.00404492
492,0.98243,0.393314,0.26017,0.00156552
493,0.98243,0.393314,0.26017,0.00156552
494,0.979628,0.398821,0.218269,0.00399674
495,0.977169,0.356446,0.243107,0.00166001
496,0.977169,0.356446,0.243107,0.00166001
497,0.978641,0.399167,0.278217,0.00527086
498,0.978641,0.399167,0.278217,0.00527086
499,0.978641,0.399167,0.278217,0.00527086
500,0.978641,0.399167,0.278217,0.00527086
501,0.976395,0.465477,0.286718,0.000818533
502,0.979454,0.460565,0.299883,0.00239917
503,0.984615,0.524588,0.274545,0.0066193
504,0.98666,0.469097,0.251752,0.00539293
505,0.98645,0.478485,0.303634,0.00369487
506,0.986404,0.55421,0.267516,0.0052041
507,0.986404,0.55421,0.267516,0.0052041
508,0.986404,0.55421,0.267516,0.0052041
509,0.98507,0.510547,0.258847,0.0029478
510,0.98507,0.510547,0.258847,0.0029478
511,0.98507,0.510547,0.258847,0.0029478
512,0.98507,0.510547,0.258847,0.0029478
513,0.98507,0.510547,0.258847,0.0029478
514,0.986378,0.471425,0.228678,0.00286966
515,0.986378,0.471425,0.228678,0.00286966
516,0.984288,0.475237,0.208775,0.00437307
517,0.984288,0.475237,0.208775,0.00437307
518,0.985332,0.462616,0.188555,0.00333436
519,0.985332,0.462616,0.188555,0.00333436
520,0.985332,0.462616,0.188555,0.00333436
521,0.985332,0.462616,0.188555,0.00333436
522,0.985332,0.462616,0.188555,0.00333436
523,0.984191,0.412457,0.201816,0.00284868
524,0.984191,0.412457,0.201816,0.00284868
525,0.984191,0.412457,0.201816,0.00284868
526,0.984248,0.432201,0.204166,0.00340131
527,0.985279,0.393002,0.212825,0.00431049
528,0.982999,0.425114,0.261533,0.0047493
529,0.982999,0.425114,0.261533,0.0047493
530,0.983159,0.479159,0.187672,0.00618204
531,0.983159,0.479159,0.187672,0.00618204
532,0.981371,0.41963,0.154393,0.00712359
533,0.981614,0.379729,0.157478,0.00740871
534,0.981617,0.458305,0.217388,0.00454018
535,0.984529,0.443498,0.248,0.00537224
536,0.984529,0.443498,0.248,0.00537224
537,0.984529,0.443498,0.248,0.00537224
538,0.984214,0.390639,0.209845,0.00251604
539,0.983616,0.345794,0.157454,0.00196716
540,0.984487,0.46161,0.0855962,0.00435465
541,0.987812,0.383528,0.112344,0.00153973
542,0.987812,0.383528,0.112344,0.00153973
543,0.985214,0.312273,0.118368,0.00427452
544,0.985214,0.312273,0.118368,0.00427452
545,0.985214,0.312273,0.118368,0.00427452
546,0.985141,0.321473,0.211392,0.00598025
547,0.985141,0.321473,0.211392,0.00598025
548,0.985136,0.431153,0.146088,0.00739218
549,0.987336,0.380758,0.171978,0.00761904
550,0.98435,0.429198,0.2359,0.00404195
551,0.98435,0.429198,0.2359,0.00404195
552,0.98435,0.429198,0.2359,0.00404195
553,0.98435,0.429198,0.2359,0.00404195
554,0.98435,0.429198,0.2359,0.00404195
555,0.98435,0.429198,0.2359,0.00404195
556,0.988173,0.431185,0.189801,0.00250363
557,0.987802,0.418919,0.282433,0.00368498
558,0.988448,0.342273,0.257693,0.00660071
559,0.989622,0.393392,0.25915,0.00306944
560,0.990237,0.39713,0.203823,0.00114353
561,0.990383,0.353731,0.148423,0.00635679
562,0.989062,0.401212,0.118324,0.000827467
563,0.989127,0.378845,0.155177,0.000682567
564,0.990249,0.305161,0.130246,0.00232996
565,0.990249,0.305161,0.130246,0.00232996
566,0.990249,0.305161,0.130246,0.00232996
567,0.986048,0.291674,0.14821,0.00597601
568,0.984622,0.265553,0.186749,0.00799685
569,0.984622,0.265553,0.186749,0.00799685
570,0.985421,0.257878,0.158027,0.00432938
571,0.985421,0.257878,0.158027,0.00432938
572,0.983374,0.349015,0.147029,0.00373874
573,0.983374,0.349015,0.147029,0.00373874
574,0.983374,0.349015,0.147029,0.00373874
575,0.980685,0.385085,0.17154,0.00489953
576,0.984816,0.334355,0.220438,0.00491512
577,0.984816,0.334355,0.220438,0.00491512
578,0.985635,0.281537,0.263018,0.00363266
579,0.987368,0.321794,0.274555,0.00585611
580,0.987368,0.321794,0.274555,0.00585611
581,0.987273,0.305078,0.219768,0.0066171
582,0.987273,0.305078,0.219768,0.0066171
583,0.987273,0.305078,0.219768,0.0066171
584,0.988365,0.308744,0.266541,0.00955496
585,0.98789,0.319278,0.214085,0.00426853
586,0.988328,0.365335,0.187099,0.00438257
587,0.990894,0.345616,0.23028,0.00231218
588,0.99008,0.29357,0.25955,0.00197215
589,0.988335,0.414194,0.30375,0.00370054
590,0.986068,0.393281,0.278206,0.00175378
591,0.986068,0.393281,0.278206,0.00175378
592,0.986068,0.393281,0.278206,0.00175378
593,0.986068,0.393281,0.278206,0.00175378
594,0.986068,0.393281,0.278206,0.00175378
595,0.984825,0.391278,0.34042,0.00503199
596,0.984825,0.391278,0.34042,0.00503199
597,0.986277,0.419537,0.30693,0.00624172
598,0.985244,0.347907,0.309406,0.00424747
599,0.987462,0.476538,0.335553,0.0047216
600,0.987462,0.476538,0.335553,0.0047216
601,0.987462,0.476538,0.335553,0.0047216
602,0.986689,0.477304,0.357495,0.00747693
603,0.986322,0.48031,0.358432,0.00527435
604,0.982179,0.372814,0.361383,0.00673019
605,0.982667,0.425549,0.395242,0.00050869
606,0.983903,0.308031,0.346657,0.00479616
607,0.985634,0.306125,0.357258,0.00388091
608,0.985634,0.306125,0.357258,0.00388091
609,0.987007,0.302847,0.273577,0.00314613
610,0.984937,0.259674,0.255975,0.0036201
611,0.982462,0.299581,0.247149,0.00226513
612,0.98166,0.378643,0.310166,0.00787445
613,0.978981,0.264644,0.289369,0.00303921
614,0.978605,0.25217,0.161091,0.00156591
615,0.979602,0.250513,0.102668,0.00179501
616,0.978131,0.318913,0.18786,0.0040727
617,0.977509,0.395588,0.12857,0.00610208
618,0.978514,0.244788,0.263807,0.00287973
619,0.977339,0.317078,0.276318,0.00547693
620,0.977339,0.317078,0.276318,0.00547693
621,0.980618,0.277194,0.317345,0.00859371
622,0.980618,0.277194,0.317345,0.00859371
623,0.980618,0.277194,0.317345,0.00859371
624,0.980618,0.277194,0.317345,0.00859371
625,0.981537,0.285512,0.300928,0.00913415
626,0.983559,0.391782,0.322457,0.00381961
627,0.980828,0.285315,0.242031,0.00155175
628,0.980828,0.285315,0.242031,0.00155175
629,0.979592,0.217355,0.176919,0.00503495
630,0.979592,0.217355,0.176919,0.00503495
631,0.981083,0.259201,0.163621,0.00491596
632,0.978954,0.202418,0.258892,0.0029731
633,0.97907,0.253356,0.24259,0.00388913
634,0.977697,0.087979,0.220224,0.00444028
635,0.978412,0.124446,0.134848,0.00228748
636,0.978412,0.124446,0.134848,0.00228748
637,0.977585,0.239918,0.165116,0.00258868
638,0.977585,0.239918,0.165116,0.00258868
639,0.977585,0.239918,0.165116,0.00258868
640,0.977585,0.239918,0.165116,0.00258868
641,0.977585,0.239918,0.165116,0.00258868
642,0.978733,0.309047,0.156855,0.0107132
643,0.983201,0.226555,0.173152,0.00327029
644,0.983045,0.301278,0.240047,0.00518243
645,0.984986,0.329544,0.186021,0.00288663
646,0.98606,0.182515,0.221593,0.0037491
647,0.98606,0.182515,0.221593,0.0037491
648,0.98606,0.182515,0.221593,0.0037491
649,0.988697,0.222313,0.204183,0.00470193
650,0.987578,0.315875,0.32282,0.00217675
651,0.986432,0.285916,0.341638,0.00307809
652,0.986432,0.285916,0.341638,0.00307809
653,0.985356,0.260543,0.321934,0.00507841
654,0.983445,0.190227,0.321954,0.00369219
655,0.983445,0.190227,0.321954,0.00369219
656,0.983445,0.190227,0.321954,0.00369219
657,0.983372,0.258961,0.359567,0.00530083
658,0.983929,0.150902,0.341177,0.00221967
659,0.983929,0.150902,0.341177,0.00221967
660,0.983729,0.180168,0.259313,0.00534724
661,0.983729,0.180168,0.259313,0.00534724
662,0.983729,0.180168,0.259313,0.00534724
663,0.98343,0.154955,0.244097,0.00299668
664,0.98343,0.154955,0.244097,0.00299668
665,0.983228,0.106901,0.32315,0.003858
666,0.986311,0.20353,0.352489,0.00207223
667,0.984855,0.175715,0.327027,0.00629034
668,0.985605,0.169431,0.351754,0.00223441
669,0.983591,0.169077,0.356826,0.00365015
670,0.982482,0.196064,0.322613,0.00169687
671,0.983763,0.255986,0.335971,0.00109009
672,0.980848,0.164656,0.37498,0.00268598
673,0.979227,0.119028,0.261492,0.00301997
674,0.979227,0.119028,0.261492,0.00301997
675,0.979227,0.119028,0.261492,0.00301997
676,0.980729,0.169544,0.24051,0.00418354
677,0.980802,0.150708,0.354756,0.001216
678,0.980802,0.150708,0.354756,0.001216
679,0.980802,0.150708,0.354756,0.001216
680,0.980802,0.150708,0.354756,0.001216
681,0.980802,0.150708,0.354756,0.001216
682,0.981717,0.104449,0.269578,0.00415998
683,0.983506,0.0685194,0.24297,0.00636865
684,0.984755,0.0280863,0.218663,0.00480599
685,0.984755,0.0280863,0.218663,0.00480599
686,0.985697,0.0579059,0.225669,0.00264609
687,0.985697,0.0579059,0.225669,0.00264609
688,0.983943,0.0311602,0.215692,0.00560198
689,0.987184,0.102682,0.271701,0.00302998
690,0.984381,0.131703,0.328687,0.00383921
691,0.983888,0.122813,0.326919,0.00391714
692,0.983888,0.122813,0.326919,0.00391714
693,0.979296,0.12522,0.273696,0.00290829
694,0.979296,0.12522,0.273696,0.00290829
695,0.980771,0.136662,0.321757,0.00596127
696,0.977949,0.311914,0.327962,0.00482017
697,0.974641,0.343959,0.321526,0.00577428
698,0.974641,0.343959,0.321526,0.00577428
699,0.975232,0.24784,0.323089,0.00627965
700,0.977241,0.314659,0.282427,0.003899
701,0.976566,0.328589,0.340118,0.00171904
702,0.977084,0.441417,0.280552,0.00130815
703,0.975164,0.270954,0.269174,0.00206512
704,0.978197,0.237347,0.221812,0.00373215
705,0.978197,0.237347,0.221812,0.00373215
706,0.978197,0.237347,0.221812,0.00373215
707,0.981133,0.279386,0.217167,0.00705074
708,0.982918,0.278192,0.198457,0.00159055
709,0.982918,0.278192,0.198457,0.00159055
710,0.985631,0.325706,0.15745,0.00728177
711,0.985631,0.325706,0.15745,0.00728177
712,0.984716,0.314937,0.158014,0.00483364
713,0.984716,0.314937,0.158014,0.00483364
714,0.986928,0.36317,0.181325,0.0101327
715,0.987747,0.201782,0.0680372,0.00312352
716,0.989663,0.140937,0.132168,0.00885122
717,0.986658,0.210667,0.132046,0.00103012
718,0.98527,0.137434,0.20396,0.00245834
719,0.98527,0.137434,0.20396,0.00245834
720,0.98527,0.137434,0.20396,0.00245834
721,0.981974,0.136337,0.233868,0.00394471
722,0.981974,0.136337,0.233868,0.00394471
723,0.983028,0.164941,0.285286,0.00103789
724,0.980373,0.225366,0.319439,0.00544104
725,0.980373,0.225366,0.319439,0.00544104
726,0.980531,0.192958,0.348671,0.00497036
727,0.983433,0.269866,0.355497,0.00377842
728,0.983433,0.269866,0.355497,0.00377842
729,0.978586,0.224791,0.299695,0.0075233
730,0.978586,0.224791,0.299695,0.0075233
731,0.979875,0.242293,0.395054,0.0021976
732,0.983425,0.31722,0.241897,0.00550719
733,0.983425,0.31722,0.241897,0.00550719
734,0.986128,0.245033,0.314454,0.000893924
735,0.986128,0.245033,0.314454,0.000893924
736,0.985537,0.234508,0.338856,0.0037336
737,0.983216,0.155848,0.392986,0.00161766
738,0.983264,0.180546,0.460346,0.00437304
739,0.983497,0.162746,0.478082,0.00295238
740,0.982873,0.135233,0.402672,0.00594382
741,0.979335,0.149253,0.31715,0.004485
742,0.982432,0.263199,0.329307,0.00487235
743,0.984666,0.211405,0.320501,0.00717135
744,0.984666,0.211405,0.320501,0.00717135
745,0.984666,0.211405,0.320501,0.00717135
746,0.984666,0.211405,0.320501,0.00717135
747,0.979921,0.201574,0.293483,0.00210167
748,0.979722,0.118869,0.366696,0.00478194
749,0.979722,0.118869,0.366696,0.00478194
750,0.978234,0.0900216,0.393641,0.000741428
751,0.978234,0.0900216,0.393641,0.000741428
752,0.980073,0.145907,0.365608,0.0024476
753,0.980073,0.145907,0.365608,0.0024476
754,0.982374,0.180999,0.352442,0.00092967
755,0.982374,0.180999,0.352442,0.00092967
756,0.98052,0.0913373,0.363235,0.00492545
757,0.978762,0.102631,0.394061,0.00362112
758,0.980956,0.1273,0.367157,0.00227311
759,0.9822,0.130232,0.393545,0.00248293
760,0.980872,0.100046,0.357935,0.00409444
761,0.982642,0.108711,0.21936,0.00233683
762,0.984562,0.0956662,0.271768,0.00654801
763,0.984562,0.0956662,0.271768,0.00654801
764,0.984562,0.0956662,0.271768,0.00654801
765,0.986738,0.140626,0.310418,0.00222611
766,0.986109,0.109917,0.29313,0.00265225
767,0.984665,0.0828592,0.23348,0.00661473
768,0.984665,0.0828592,0.23348,0.00661473
769,0.985811,0.051826,0.294178,0.0036226
770,0.983149,0.106164,0.290415,0.00456298
771,0.983149,0.106164,0.290415,0.00456298
772,0.983149,0.106164,0.290415,0.00456298
773,0.983149,0.106164,0.290415,0.00456298
774,0.98416,0.0705612,0.365618,0.00335443
775,0.982404,0.019642,0.384351,0.0020353
776,0.982404,0.019642,0.384351,0.0020353
777,0.982404,0.019642,0.384351,0.0020353
778,0.983824,0.0314094,0.372244,0.00421229
779,0.986314,0.0433711,0.37317,0.00365743
780,0.986633,0.0261202,0.53303,0.00764175
781,0.986965,0.0665841,0.437821,0.00426125
782,0.984961,0.0660079,0.462098,0.00387531
783,0.984961,0.0660079,0.462098,0.00387531
784,0.981887,0.0522305,0.361706,0.00278213
785,0.984566,0.135363,0.280704,0.00546141
786,0.984566,0.135363,0.280704,0.00546141
787,0.984566,0.135363,0.280704,0.00546141
788,0.981861,0.0973736,0.248416,0.000726938
789,0.981861,0.0973736,0.248416,0.000726938
790,0.981861,0.0973736,0.248416,0.000726938
791,0.981861,0.0973736,0.248416,0.000726938
792,0.981861,0.0973736,0.248416,0.000726938
793,0.98211,0.105582,0.317815,0.00228355
794,0.98211,0.105582,0.317815,0.00228355
795,0.98211,0.105582,0.317815,0.00228355
796,0.983939,0.0965013,0.36493,0.00247996
797,0.97948,0.0552081,0.395039,0.00359275
798,0.978965,0.0470729,0.288795,0.00343788
799,0.981151,0.0931464,0.315176,0.00440319
800,0.982678,0.0703691,0.234072,0.00920924
801,0.983746,0.0708293,0.279343,0.00757818
802,0.981938,0.0618977,0.216605,0.00381156
803,0.977655,0.0980935,0.226926,0.00457477
804,0.977655,0.0980935,0.226926,0.00457477
805,0.974774,0.145326,0.211275,0.00218722
806,0.974774,0.145326,0.211275,0.00218722
807,0.974774,0.145326,0.211275,0.00218722
808,0.974774,0.145326,0.211275,0.00218722
809,0.974774,0.145326,0.211275,0.00218722
810,0.973178,0.037212,0.189466,0.00176017
811,0.973178,0.037212,0.189466,0.00176017
812,0.974488,0.00135009,0.250123,0.00283595
813,0.976127,0.0445647,0.299796,0.00266401
814,0.97676,0.0299775,0.236586,0.00393147
815,0.97676,0.0299775,0.236586,0.00393147
816,0.972514,0.0591208,0.291536,0.00542401
817,0.976619,0.113336,0.302771,0.0043948
818,0.976619,0.113336,0.302771,0.0043948
819,0.97759,0.109028,0.269446,0.00496809
820,0.978441,0.0938107,0.285055,0.00553671
821,0.978441,0.0938107,0.285055,0.00553671
822,0.976421,0.0953406,0.288154,0.0018558
823,0.980004,0.0860334,0.346397,0.00360432
824,0.980004,0.0860334,0.346397,0.00360432
825,0.980004,0.0860334,0.346397,0.00360432
826,0.978775,0.067424,0.287771,0.00477131
827,0.979766,0.0759745,0.325487,0.00120441
828,0.979766,0.0759745,0.325487,0.00120441
829,0.981508,0.100882,0.305551,0.0031811
830,0.983498,0.0781236,0.381233,0.00212689
831,0.98231,0.132263,0.367099,0.00388264
832,0.98231,0.132263,0.367099,0.00388264
833,0.982849,0.116573,0.311639,0.00592599
834,0.982849,0.116573,0.311639,0.00592599
835,0.980653,0.166408,0.410207,0.00267815
836,0.980699,0.0913893,0.338759,0.00328137
837,0.980699,0.0913893,0.338759,0.00328137
838,0.980699,0.0913893,0.338759,0.00328137
839,0.981181,0.0436557,0.356029,0.00398464
840,0.981302,0.0183739,0.353629,0.00683132
841,0.981302,0.0183739,0.353629,0.00683132
842,0.985378,0.035424,0.417909,0.00275247
843,0.985115,0.0885435,0.356516,0.00127907
844,0.986725,0.0697284,0.335156,0.004793
845,0.986725,0.0697284,0.335156,0.004793
846,0.987186,0.110961,0.348277,0.00408902
847,0.987186,0.110961,0.348277,0.00408902
848,0.987186,0.110961,0.348277,0.00408902
849,0.983822,0.135503,0.318914,0.00279973
850,0.983822,0.135503,0.318914,0.00279973
851,0.982555,0.141902,0.296047,0.00349078
852,0.984189,0.0846793,0.252437,0.00238947
853,0.986151,0.12092,0.246867,0.00569634
854,0.986151,0.12092,0.246867,0.00569634
855,0.986151,0.12092,0.246867,0.00569634
856,0.982803,0.11377,0.227813,0.00471814
857,0.98182,0.12782,0.182202,0.00555573
858,0.981306,0.147381,0.194864,0.00311458
859,0.980408,0.161652,0.210053,0.00237785
860,0.981791,0.19607,0.201185,0.00499156
861,0.979183,0.192734,0.295715,0.00303511
862,0.981482,0.128133,0.271105,0.00160384
863,0.985136,0.126938,0.280313,0.00303454
864,0.985136,0.126938,0.280313,0.00303454
865,0.984767,0.125918,0.266155,0.00367461
866,0.98413,0.15747,0.283025,0.00329462
867,0.98413,0.15747,0.283025,0.00329462
868,0.98413,0.15747,0.283025,0.00329462
869,0.984183,0.127806,0.246999,0.00201494
870,0.984183,0.127806,0.246999,0.00201494
871,0.982364,0.0941892,0.302106,0.00471386
872,0.981195,0.0728528,0.216066,0.00406222
873,0.981195,0.0728528,0.216066,0.00406222
874,0.981195,0.0728528,0.216066,0.00406222
875,0.980703,0.0950276,0.1253,0.00667539
876,0.980717,0.0560186,0.164843,0.00414543
877,0.980717,0.0560186,0.164843,0.00414543
878,0.981901,0.0874568,0.163705,0.00297437
879,0.98474,0.144372,0.118322,0.00682292
880,0.98474,0.144372,0.118322,0.00682292
881,0.983405,0.151083,0.175655,0.00284923
882,0.981461,0.181799,0.132852,0.0028109
883,0.981103,0.207649,0.215684,0.00252927
884,0.981103,0.207649,0.215684,0.00252927
885,0.981393,0.165429,0.183909,0.00298647
886,0.982374,0.191012,0.0912661,0.00596416
887,0.982108,0.154046,0.0856944,0.00451938
888,0.985177,0.208287,0.0734821,0.00323967
889,0.986091,0.192438,0.112331,0.00246885
890,0.986091,0.192438,0.112331,0.00246885
891,0.98629,0.223475,0.133055,0.00435367
892,0.98629,0.223475,0.133055,0.00435367
893,0.98629,0.223475,0.133055,0.00435367
894,0.986244,0.271085,0.144889,0.00392447
895,0.986244,0.271085,0.144889,0.00392447
896,0.986919,0.241759,0.133718,0.00362513
897,0.984585,0.191284,0.149284,0.00562155
898,0.984554,0.177025,0.16107,0.00134989
899,0.982676,0.214423,0.205657,0.00289487
900,0.984933,0.178182,0.18842,0.00376584
901,0.984933,0.178182,0.18842,0.00376583
902,0.984933,0.178182,0.18842,0.00376583
903,0.985155,0.239904,0.232585,0.00192069
904,0.980712,0.205787,0.229056,0.00507701
905,0.98071,0.301206,0.255331,0.00148158
906,0.981264,0.284188,0.195368,0.00353155
907,0.979582,0.189029,0.205884,0.00202636
908,0.982844,0.203351,0.18854,0.00284845
909,0.979896,0.210195,0.219884,0.00207692
910,0.982067,0.148273,0.202175,0.0012018
911,0.985998,0.158826,0.165982,0.00189547
912,0.985998,0.158826,0.165982,0.00189547
913,0.985998,0.158826,0.165982,0.00189547
914,0.985998,0.158826,0.165982,0.00189547
915,0.988521,0.141059,0.130853,0.00658439
916,0.984899,0.120784,0.179272,0.00310276
917,0.984899,0.120784,0.179272,0.00310276
918,0.983919,0.0841372,0.116914,0.00269301
919,0.983919,0.0841372,0.116914,0.00269301
920,0.983919,0.0841372,0.116914,0.00269301
921,0.983919,0.0841372,0.116914,0.00269301
922,0.982335,0.120821,0.179563,0.00581607
923,0.982335,0.120821,0.179563,0.00581607
924,0.982335,0.120821,0.179563,0.00581607
925,0.9821,0.135342,0.155616,0.0039525
926,0.9821,0.135342,0.155616,0.0039525
927,0.9821,0.135342,0.155616,0.0039525
928,0.9821,0.135342,0.155616,0.0039525
929,0.980909,0.138033,0.282646,0.00307318
930,0.980909,0.138033,0.282646,0.00307318
931,0.981141,0.115163,0.22998,0.00201412
932,0.979907,0.0881586,0.206378,0.00535411
933,0.979907,0.0881586,0.206378,0.00535411
934,0.979907,0.0881586,0.206378,0.00535411
935,0.977917,0.0689598,0.177149,0.00510139
936,0.977917,0.0689598,0.177149,0.00510139
937,0.983678,0.0597791,0.112704,0.00243897
938,0.983678,0.0597791,0.112704,0.00243897
939,0.983678,0.0597791,0.112704,0.00243897
940,0.983678,0.0597791,0.112704,0.00243897
941,0.983678,0.0597791,0.112704,0.00243897
942,0.980934,0.0683952,0.129522,0.00433119
943,0.982083,0.13371,0.184796,0.00305376
944,0.980353,0.134916,0.134882,0.00313954
945,0.984006,0.0706697,0.0999933,0.00223418
946,0.984006,0.0706697,0.0999933,0.00223418
947,0.984213,0.0414544,0.0907968,0.00453629
948,0.987336,0.117403,0.109398,0.00324285
949,0.986552,0.132212,0.182401,0.00135034
950,0.985688,0.0816521,0.140023,0.00226608
951,0.985688,0.0816521,0.140023,0.00226608
952,0.986708,0.0842885,0.177479,0.00303587
953,0.986708,0.0842885,0.177479,0.00303587
954,0.983023,0.0678493,0.224344,0.00300508
955,0.982494,0.0656409,0.167814,0.00194054
956,0.987816,0.0877653,0.120125,0.00304487
957,0.988768,0.0551754,0.307777,0.00549
958,0.988768,0.0551754,0.307777,0.00549
959,0.98601,0.052932,0.209616,0.00555803
960,0.985601,0.086736,0.336983,0.00267336
961,0.984673,0.067523,0.353035,0.000915983
962,0.984673,0.067523,0.353035,0.000915983
963,0.984673,0.067523,0.353035,0.000915983
964,0.984673,0.067523,0.353035,0.000915983
965,0.98464,0.0326597,0.343411,0.00436167
966,0.982599,0.060776,0.235029,0.00262574
967,0.983585,0.0342843,0.199132,0.0022909
968,0.984112,0.043242,0.257624,0.00243596
969,0.989013,0.0284438,0.254565,0.00392778
970,0.989013,0.0284438,0.254565,0.00392778
971,0.988742,0.0613631,0.183507,0.00243868
972,0.9843,0.0622663,0.131496,0.00345074
973,0.981726,0.0289848,0.154167,0.0107733
974,0.979087,0.0422074,0.221374,0.00835586
975,0.97985,0.0568152,0.187564,0.00247125
976,0.980711,0.0363338,0.207519,0.00170626
977,0.982272,0.127035,0.244609,0.00423923
978,0.981812,0.117759,0.237022,0.00360866
979,0.981812,0.117759,0.237022,0.00360866
980,0.982846,0.148115,0.231391,0.00130981
981,0.982846,0.148115,0.231391,0.00130981
982,0.982846,0.148115,0.231391,0.00130981
983,0.982846,0.148115,0.231391,0.00130981
984,0.983258,0.0135969,0.18091,0.00172494
985,0.983258,0.0135969,0.18091,0.00172494
986,0.983258,0.0135969,0.18091,0.00172494
987,0.981913,0.119687,0.21003,0.00278034
988,0.981913,0.119687,0.21003,0.00278034
989,0.981913,0.119687,0.21003,0.00278034
990,0.981913,0.119687,0.21003,0.00278034
991,0.981913,0.119687,0.21003,0.00278033
992,0.983257,0.109154,0.192611,0.000952873
993,0.983257,0.109154,0.192611,0.000952873
994,0.984816,0.124971,0.205732,0.00332373
995,0.984816,0.124971,0.205732,0.00332373
996,0.984816,0.124971,0.205732,0.00332373
997,0.985855,0.158335,0.271838,0.00250152
998,0.98479,0.15627,0.233858,0.00740806
999,0.984945,0.183009,0.197809,0.00590042
1000,0.984449,0.0823396,0.20116,0.00309565
1001,0.984699,0.119659,0.164111,0.00736699
1002,0.984699,0.119659,0.164111,0.00736699
1003,0.982106,0.143146,0.199998,0.00266886
1004,0.982106,0.143146,0.199998,0.00266886
1005,0.981049,0.158788,0.168483,0.0052365
1006,0.981049,0.158788,0.168483,0.0052365
1007,0.981374,0.144161,0.204716,0.00369458
1008,0.981374,0.144161,0.204716,0.00369458
1009,0.981374,0.144161,0.204716,0.00369458
1010,0.983406,0.115454,0.233649,0.00216868
1011,0.983406,0.115454,0.233649,0.00216868
1012,0.983406,0.115454,0.233649,0.00216868
1013,0.982463,0.0906751,0.195344,0.0050398
1014,0.982463,0.0906751,0.195344,0.0050398
1015,0.983743,0.105666,0.23564,0.00392754
1016,0.982653,0.0886222,0.20781,0.00136372
1017,0.985085,0.149319,0.175281,0.00304273
1018,0.983554,0.0575797,0.235929,0.000934304
1019,0.983554,0.0575797,0.235929,0.000934304
1020,0.983554,0.0575797,0.235929,0.000934304
1021,0.979788,0.0892938,0.212039,0.00104285
1022,0.98109,0.0880032,0.191717,0.0015085
1023,0.980698,0.107797,0.145344,0.00411097
1024,0.980002,0.128109,0.142064,0.00105742
1025,0.982365,0.0918558,0.226212,0.00440047
1026,0.985049,0.15564,0.187824,0.00585765
1027,0.985049,0.15564,0.187824,0.00585765
1028,0.985421,0.181864,0.166821,0.00707873
1029,0.987935,0.140975,0.151557,0.00264571
1030,0.987041,0.115652,0.151457,0.00114407
1031,0.989903,0.122704,0.157656,0.00440978
1032,0.988962,0.136824,0.135121,0.001834
1033,0.988962,0.136824,0.135121,0.001834
1034,0.988962,0.136824,0.135121,0.001834
1035,0.988962,0.136824,0.135121,0.001834
1036,0.988962,0.136824,0.135121,0.001834
1037,0.987448,0.104564,0.123921,0.00259617
1038,0.989324,0.146132,0.078381,0.00337132
1039,0.98932,0.0738557,0.0805056,0.0047828
1040,0.988891,0.0388612,0.0657816,0.0028455
1041,0.986367,0.079748,0.0631458,0.00514171
1042,0.984456,0.0676794,0.0827019,0.00475757
1043,0.983572,0.0658604,0.10538,0.00179957
1044,0.986317,0.115946,0.13286,0.00291121
1045,0.986317,0.115946,0.13286,0.00291121
1046,0.984123,0.110836,0.0933106,0.00481958
1047,0.984342,0.116544,0.114147,0.00751185
1048,0.984342,0.116544,0.114147,0.00751185
1049,0.984342,0.116544,0.114147,0.00751185
1050,0.989347,0.102598,0.160169,0.00429772
1051,0.989347,0.102598,0.160169,0.00429772
1052,0.989347,0.102598,0.160169,0.00429772
1053,0.989097,0.0683929,0.0647898,0.000380577
1054,0.988353,0.0598705,0.0824596,0.00542807
1055,0.988353,0.0598705,0.0824596,0.00542807
1056,0.986276,0.106521,0.111572,0.00500747
1057,0.984642,0.145784,0.0662034,0.00311942
1058,0.984642,0.145784,0.0662034,0.00311942
1059,0.987873,0.138598,0.03048,0.00257794
1060,0.987873,0.138598,0.03048,0.00257794
1061,0.987227,0.0612403,0.0161976,0.00188736
1062,0.987227,0.0612403,0.0161976,0.00188736
1063,0.987227,0.0612403,0.0161976,0.00188736
1064,0.987227,0.0612403,0.0161976,0.00188736
1065,0.986084,0.0756366,0.0864386,0.000827354
1066,0.981022,0.116182,0.125972,0.00192975
1067,0.98585,0.106363,0.179067,0.00192094
1068,0.98585,0.106363,0.179067,0.00192094
1069,0.985511,0.101382,0.172542,0.00401786
1070,0.986863,0.147506,0.184288,0.00159208
1071,0.986743,0.113567,0.128225,0.00141264
1072,0.984292,0.17243,0.150198,0.00270563
1073,0.986049,0.167296,0.185147,0.0035546
1074,0.983769,0.179217,0.181009,0.00460067
1075,0.983769,0.179217,0.181009,0.00460067
1076,0.983769,0.179217,0.181009,0.00460067
1077,0.983769,0.179217,0.181009,0.00460067
1078,0.985014,0.17979,0.12316,0.00390682
1079,0.986636,0.2061,0.146405,0.00420998
1080,0.986636,0.2061,0.146405,0.00420998
1081,0.9908,0.22613,0.183105,0.00203016
1082,0.9908,0.22613,0.183105,0.00203016
1083,0.9908,0.22613,0.183105,0.00203016
1084,0.988427,0.172166,0.265003,0.00167549
1085,0.99026,0.127152,0.280257,0.00380213
1086,0.99026,0.127152,0.280257,0.00380213
1087,0.990337,0.128761,0.280645,0.00270678
1088,0.990337,0.128761,0.280645,0.00270678
1089,0.990337,0.128761,0.280645,0.00270678
1090,0.990337,0.128761,0.280645,0.00270678
1091,0.990246,0.0628039,0.187477,0.00058156
1092,0.988454,0.0682106,0.223952,0.00663524
1093,0.989895,0.128354,0.191136,0.0013402
1094,0.989895,0.128354,0.191136,0.0013402
1095,0.987844,0.132474,0.166542,0.00487433
1096,0.99035,0.133404,0.163943,0.00508183
1097,0.99035,0.133404,0.163943,0.00508183
1098,0.989118,0.0809041,0.199267,0.00302564
1099,0.989118,0.0809041,0.199267,0.00302564
1100,0.991907,0.0542134,0.155308,0.000979483
1101,0.991292,0.0223882,0.199663,0.00211753
1102,0.991292,0.0223882,0.199663,0.00211753
1103,0.991184,0.101489,0.128459,0.000481791
1104,0.991184,0.101489,0.128459,0.000481791
1105,0.990285,0.0995974,0.114917,0.000477274
1106,0.990017,0.0696786,0.236176,0.000183752
1107,0.990017,0.0696786,0.236176,0.000183752
1108,0.986903,0.0592129,0.222832,0.00144435
1109,0.986903,0.0592129,0.222832,0.00144435
1110,0.98447,0.0778554,0.200281,0.00121751
1111,0.986357,0.0866541,0.199257,0.00756512
1112,0.984399,0.0895409,0.156375,0.00115887
1113,0.984163,0.07293,0.163219,0.00338004
1114,0.986216,0.0311936,0.188556,0.00355659
1115,0.982941,0.120557,0.193013,0.00724258
1116,0.982893,0.0732995,0.216518,0.00370422
1117,0.980729,0.0519517,0.156961,0.00487611
1118,0.980729,0.0519517,0.156961,0.00487611
1119,0.980729,0.0519517,0.156961,0.00487611
1120,0.979211,0.0511545,0.194362,0.00247442
1121,0.979211,0.0511545,0.194362,0.00247442
1122,0.983037,0.0720615,0.204219,0.00398104
1123,0.984274,0.125157,0.197714,0.00212365
1124,0.982634,0.0714749,0.274844,0.00343228
1125,0.981778,0.0719463,0.216734,0.00321915
1126,0.981778,0.0719463,0.216734,0.00321915
1127,0.981778,0.0719463,0.216734,0.00321915
1128,0.983724,0.138895,0.146572,0.00296369
1129,0.983724,0.138895,0.146572,0.00296369
1130,0.982879,0.0944122,0.127087,0.00320964
1131,0.982329,0.121322,0.0295916,0.00251546
1132,0.982329,0.121322,0.0295916,0.00251546
1133,0.982329,0.121322,0.0295916,0.00251546
1134,0.98061,0.0487792,0.0545862,0.00218513
1135,0.98061,0.0487792,0.0545862,0.00218513
1136,0.984639,0.077332,0.071631,0.00115559
1137,0.984639,0.077332,0.071631,0.00115559
1138,0.984311,0.0838493,0.123802,0.00132134
1139,0.983868,0.0670922,0.110125,0.00183087
1140,0.985401,0.126118,0.103445,0.00420081
1141,0.983972,0.110161,0.169812,0.00530957
1142,0.981615,0.0742474,0.215044,0.0039338
1143,0.985105,0.119909,0.159093,0.0039541
1144,0.987885,0.178173,0.112939,0.00290147
1145,0.987885,0.178173,0.112939,0.00290147
1146,0.98633,0.107667,0.118774,0.00259147
1147,0.986831,0.12801,0.105399,0.00103315
1148,0.989019,0.0764052,0.110761,0.00500445
1149,0.989019,0.0764052,0.110761,0.00500445
1150,0.987489,0.191843,0.0277688,0.0018232
1151,0.987489,0.191843,0.0277688,0.0018232
1152,0.985666,0.197341,0.0799454,0.00664373
1153,0.984257,0.192094,0.0643974,0.00187778
1154,0.986372,0.131877,0.0799546,0.00310933
1155,0.98885,0.123034,0.0889096,0.003465
1156,0.98887,0.155471,0.0987294,0.00352976
1157,0.98887,0.155471,0.0987294,0.00352976
1158,0.98887,0.155471,0.0987294,0.00352976
1159,0.98887,0.155471,0.0987294,0.00352976
1160,0.98887,0.155471,0.0987294,0.00352976
1161,0.98887,0.155471,0.0987294,0.00352976
1162,0.988204,0.145523,0.0668756,0.000715545
1163,0.981834,0.187644,0.0819294,0.00403495
1164,0.981323,0.190335,0.076074,0.00246024
1165,0.979636,0.191993,0.0906968,0.00151669
1166,0.979033,0.181633,0.0726406,0.00432605
1167,0.979033,0.181633,0.0726406,0.00432605
1168,0.981115,0.195564,0.0762591,0.00276191
1169,0.979662,0.229591,0.0657217,0.00201103
1170,0.979662,0.229591,0.0657217,0.00201103
1171,0.978084,0.104269,0.0496755,0.00562208
1172,0.978084,0.104269,0.0496755,0.00562208
1173,0.979399,0.131172,0.0765554,0.00166684
1174,0.979498,0.0361769,0.0707003,0.00255801
1175,0.979498,0.0361769,0.0707003,0.00255801
1176,0.980689,0.0298619,0.053765,0.00509677
1177,0.980689,0.0298619,0.053765,0.00509677
1178,0.98176,0.127233,0.0631797,0.00239003
1179,0.98176,0.127233,0.0631797,0.00239003
1180,0.98176,0.127233,0.0631797,0.00239003
1181,0.980994,0.0717749,0.0410611,0.00216477
1182,0.976674,0.074923,0.0653074,0.00433416
1183,0.975997,0.0829614,0.12788,0.00388729
1184,0.976244,0.0555452,0.155607,0.00415232
1185,0.97683,0.0150336,0.0753768,0.0038802
1186,0.97683,0.0150336,0.0753768,0.0038802
1187,0.974346,0.0901055,0.0677899,0.000837563
1188,0.975528,0.0435326,0.0887709,0.00332725
1189,0.975528,0.0435326,0.0887709,0.00332725
1190,0.978813,0.0260005,0.119051,0.0003768
1191,0.978813,0.0260005,0.119051,0.0003768
1192,0.978813,0.0260005,0.119051,0.0003768
1193,0.979721,0.0709953,0.10198,0.00168536
1194,0.98391,0.137698,0.132077,0.00297067
1195,0.982728,0.166562,0.0996928,0.00482991
1196,0.981473,0.242784,0.0555739,0.00479509
1197,0.980911,0.170328,0.0695908,0.00385877
1198,0.977137,0.085021,0.0923009,0.00439259
1199,0.979087,0.042881,0.0505623,0.00142627
1200,0.980163,0.0294688,0.101991,0.00165028
1201,0.980078,0.0761944,0.0819046,0.0030355
1202,0.982744,0.0537178,0.0924207,0.00208622
1203,0.981863,0.130923,0.0506997,0.00465841
1204,0.978783,0.138,0.0678992,0.00243588
1205,0.981805,0.111631,0.0597344,0.00159101
1206,0.981971,0.123616,0.090902,0.00317834
1207,0.981971,0.123616,0.090902,0.00317834
1208,0.982605,0.0766122,0.148928,0.00533707
1209,0.984222,0.140545,0.179382,0.00220277
1210,0.982795,0.103906,0.12423,0.0018346
1211,0.982519,0.135978,0.140422,0.00346762
1212,0.982519,0.135978,0.140422,0.00346762
1213,0.981596,0.104634,0.11596,0.00243915
1214,0.98143,0.0514801,0.149113,0.00400223
1215,0.98143,0.0514801,0.149113,0.00400223
1216,0.979409,0.0711286,0.193858,0.00198977
1217,0.982279,0.054839,0.102582,0.00129583
1218,0.981164,0.0226875,0.104694,0.00111755
1219,0.981164,0.0226875,0.104694,0.00111755
1220,0.981164,0.0226875,0.104694,0.00111755
1221,0.982742,0.0487959,0.105406,0.0013228
1222,0.982251,0.0596577,0.199334,0.00383358
1223,0.983859,0.0312483,0.180629,0.000263786
1224,0.983718,0.0761311,0.226536,0.00356287
1225,0.986314,0.0771086,0.16019,0.00236406
1226,0.986314,0.0771086,0.16019,0.00236406
1227,0.987012,0.0554597,0.275551,0.000836261
1228,0.986043,0.0422765,0.217975,0.0018553
1229,0.986043,0.0422765,0.217975,0.0018553
1230,0.984813,0.0884677,0.219118,0.00327597
1231,0.984813,0.0884677,0.219118,0.00327597
1232,0.984813,0.0884677,0.219118,0.00327597
1233,0.984813,0.0884677,0.219118,0.00327597
1234,0.982313,0.0628626,0.230771,0.000761911
1235,0.982313,0.0628626,0.230771,0.000761911
1236,0.984308,0.114338,0.1607,0.00356495
1237,0.985249,0.0639721,0.259342,0.00452448
1238,0.985249,0.0639721,0.259342,0.00452448
1239,0.986063,0.0236329,0.243485,0.00409454
1240,0.986365,0.0760112,0.127725,0.00527804
1241,0.983837,0.0392171,0.166742,0.00134578
1242,0.983837,0.0392171,0.166742,0.00134578
1243,0.986563,0.137713,0.23373,0.00157534
1244,0.983117,0.0872664,0.215272,0.00187647
1245,0.983117,0.0872664,0.215272,0.00187647
1246,0.983117,0.0872664,0.215272,0.00187647
1247,0.985254,0.143526,0.215235,0.00672738
1248,0.985254,0.143526,0.215235,0.00672738
1249,0.986166,0.1398,0.263764,0.00184262
1250,0.983961,0.140888,0.166184,0.00381994
1251,0.980704,0.173418,0.165335,0.00571571
1252,0.980704,0.173418,0.165335,0.00571571
1253,0.980704,0.173418,0.165335,0.00571571
1254,0.980704,0.173418,0.165335,0.00571571
1255,0.980704,0.173418,0.165335,0.00571571
1256,0.980704,0.173418,0.165335,0.00571571
1257,0.980704,0.173418,0.165335,0.00571571
1258,0.982188,0.23092,0.164321,0.00102336
1259,0.980446,0.17383,0.105015,0.00365874
1260,0.981376,0.185529,0.157606,0.00183973
1261,0.986554,0.154131,0.326294,0.000937503
1262,0.984815,0.175017,0.289634,0.00302146
1263,0.984524,0.203187,0.226592,0.00147384
1264,0.984524,0.203187,0.226592,0.00147384
1265,0.984524,0.203187,0.226592,0.00147384
1266,0.983147,0.202558,0.251392,0.00379263
1267,0.980551,0.223452,0.288812,0.00213571
1268,0.982967,0.157183,0.23137,0.00208198
1269,0.982967,0.157183,0.23137,0.00208198
1270,0.985153,0.176843,0.165294,0.00211975
1271,0.985153,0.176843,0.165294,0.00211975
1272,0.984621,0.143416,0.1723,0.00290375
1273,0.985405,0.144533,0.216523,0.00676846
1274,0.981986,0.166819,0.189037,0.00619241
1275,0.979568,0.16025,0.171796,0.00487074
1276,0.984578,0.330038,0.137262,0.00557351
1277,0.984578,0.330038,0.137262,0.00557351
1278,0.982459,0.275826,0.189609,0.00159321
1279,0.979559,0.147105,0.166442,0.00596642
1280,0.979559,0.147105,0.166442,0.00596642
1281,0.981063,0.182905,0.233737,0.0072589
1282,0.981063,0.182905,0.233737,0.0072589
1283,0.981063,0.182905,0.233737,0.0072589
1284,0.981063,0.182905,0.233737,0.0072589
1285,0.980887,0.208153,0.247255,0.00137118
1286,0.983224,0.223408,0.198473,0.0014065
1287,0.984335,0.304635,0.11685,0.00135419
1288,0.980448,0.225446,0.156534,0.0018256
1289,0.980448,0.225446,0.156534,0.0018256
1290,0.980453,0.22882,0.137879,0.00518063
1291,0.980453,0.22882,0.137879,0.00518063
1292,0.982899,0.208999,0.217248,0.00509083
1293,0.981082,0.290692,0.10661,0.0037987
1294,0.981082,0.290692,0.10661,0.0037987
1295,0.981913,0.193502,0.102151,0.00231535
1296,0.981913,0.193502,0.102151,0.00231535
1297,0.981913,0.193502,0.102151,0.00231535
1298,0.981913,0.193502,0.102151,0.00231535
1299,0.981452,0.18646,0.102479,0.00144756
1300,0.982989,0.232884,0.108513,0.00416601
1301,0.984601,0.235934,0.110383,0.00703886
1302,0.98311,0.24837,0.121858,0.00171642
1303,0.982926,0.263891,0.131933,0.00468697
1304,0.97983,0.185936,0.125869,0.00459239
1305,0.978771,0.197045,0.144162,0.00565815
1306,0.978771,0.197045,0.144162,0.00565815
1307,0.97878,0.238904,0.105682,0.00650371
1308,0.97878,0.238904,0.105682,0.00650371
1309,0.979453,0.197599,0.141293,0.00181577
1310,0.979782,0.27664,0.182587,0.000951311
1311,0.980358,0.335505,0.186901,0.00370282
1312,0.980358,0.335505,0.186901,0.00370282
1313,0.980358,0.335505,0.186901,0.00370282
1314,0.980358,0.335505,0.186901,0.00370282
1315,0.980358,0.335505,0.186901,0.00370282
1316,0.98242,0.269758,0.139094,0.00381632
1317,0.982489,0.29485,0.13857,0.00222138
1318,0.981229,0.182753,0.153674,0.00210782
1319,0.981229,0.182753,0.153674,0.00210782
1320,0.981975,0.138147,0.157988,0.00486103
1321,0.981975,0.138147,0.157988,0.00486103
1322,0.979052,0.139058,0.16811,0.00696018
1323,0.979858,0.199873,0.198282,0.000622205
1324,0.979858,0.199873,0.198282,0.000622205
1325,0.979858,0.199873,0.198282,0.000622205
1326,0.979858,0.199873,0.198282,0.000622205
1327,0.979858,0.199873,0.198282,0.000622205
1328,0.979858,0.199873,0.198282,0.000622205
1329,0.979858,0.199873,0.198282,0.000622205
1330,0.983004,0.228176,0.262324,0.00028718
1331,0.985767,0.207197,0.196229,0.00603043
1332,0.986224,0.280365,0.229236,0.00218676
1333,0.986912,0.214335,0.261481,0.00293064
1334,0.986912,0.214335,0.261481,0.00293064
1335,0.986096,0.208976,0.231002,0.00172712
1336,0.98679,0.208462,0.253676,0.00401266
1337,0.988093,0.227878,0.289599,0.00329262
1338,0.98809,0.205783,0.326668,0.00516071
1339,0.987315,0.254364,0.248488,0.00201937
1340,0.98842,0.241463,0.30727,0.00349736
1341,0.98443,0.303612,0.229213,0.00193283
1342,0.98443,0.303612,0.229213,0.00193283
1343,0.9884,0.236779,0.199949,0.00255773
1344,0.986876,0.133831,0.235648,0.00138439
1345,0.988493,0.237576,0.223824,0.00453059
1346,0.989593,0.19301,0.174262,0.00264322
1347,0.989593,0.19301,0.174262,0.00264322
1348,0.985807,0.188646,0.262482,0.000775122
1349,0.988033,0.221175,0.308358,0.00396157
1350,0.98529,0.20494,0.316005,0.00162756
1351,0.986628,0.184552,0.340911,0.00297975
1352,0.983202,0.236733,0.35724,0.00398112
1353,0.983202,0.236733,0.35724,0.00398112
1354,0.980878,0.258743,0.278199,0.00432883
1355,0.980878,0.258743,0.278199,0.00432883
1356,0.980878,0.258743,0.278199,0.00432883
1357,0.980419,0.229542,0.391032,0.00308345
1358,0.980419,0.229542,0.391032,0.00308345
1359,0.97748,0.243194,0.339793,0.00261793
1360,0.978976,0.287704,0.363305,0.00293442
1361,0.978976,0.287704,0.363305,0.00293442
1362,0.982338,0.266104,0.275025,0.00337971
1363,0.987089,0.252695,0.287326,0.00526028
1364,0.987089,0.252695,0.287326,0.00526028
1365,0.987551,0.363598,0.228013,0.00645919
1366,0.984436,0.434507,0.302775,0.00267476
1367,0.982318,0.291295,0.183646,0.00742459
1368,0.982223,0.31702,0.21418,0.00240745
1369,0.984401,0.343353,0.196615,0.00602157
1370,0.984482,0.252894,0.10632,0.00285292
1371,0.981717,0.296832,0.062553,0.000406609
1372,0.980723,0.263345,0.11892,0.00621254
1373,0.980723,0.263345,0.11892,0.00621254
1374,0.980723,0.263345,0.11892,0.00621254
1375,0.980723,0.263345,0.11892,0.00621254
1376,0.985855,0.302655,0.166087,0.00360452
1377,0.985855,0.302655,0.166087,0.00360452
1378,0.98615,0.186563,0.146225,0.00103399
1379,0.98701,0.201933,0.131957,0.00408559
1380,0.988227,0.254706,0.120655,0.00527117
1381,0.987161,0.228239,0.0838658,0.00239331
1382,0.98647,0.204451,0.0653843,0.00434756
1383,0.98647,0.204451,0.0653843,0.00434756
1384,0.98323,0.198393,0.0592121,0.00620304
1385,0.98323,0.198393,0.0592121,0.00620304
1386,0.98323,0.198393,0.0592121,0.00620304
1387,0.98323,0.198393,0.0592121,0.00620304
1388,0.982948,0.203203,0.0262016,0.00448086
1389,0.982948,0.203203,0.0262016,0.00448086
1390,0.980726,0.288906,0.0337164,0.00524022
1391,0.982069,0.255871,0.0449083,6.99976e-05
1392,0.984586,0.284359,0.0171963,0.00454501
1393,0.983249,0.228635,0.00816759,0.00455088
1394,0.980767,0.268245,0.0510707,0.00799055
1395,0.979005,0.302765,0.0530157,0.00307827
1396,0.979005,0.302765,0.0530157,0.00307827
1397,0.979005,0.302765,0.0530157,0.00307827
1398,0.979193,0.337899,0.023832,0.00466169
1399,0.979193,0.337899,0.023832,0.00466169
1400,0.978585,0.322287,0.0620954,0.00394465
1401,0.978585,0.322287,0.0620954,0.00394465
1402,0.978585,0.322287,0.0620954,0.00394465
1403,0.981527,0.249087,0.0850063,0.00305849
1404,0.981714,0.375489,0.128036,0.000759626
1405,0.980218,0.31334,0.133707,0.00175319
1406,0.980218,0.31334,0.133707,0.00175319
1407,0.982877,0.471088,0.14276,0.000862499
1408,0.982877,0.471088,0.14276,0.000862499
1409,0.982877,0.471088,0.14276,0.000862499
1410,0.982877,0.471088,0.14276,0.000862499
1411,0.984065,0.362971,0.0658719,0.00434431
1412,0.985756,0.30566,0.0583035,0.00413419
1413,0.985756,0.30566,0.0583035,0.00413419
1414,0.982274,0.225001,0.0220786,0.00353143
1415,0.984473,0.273325,0.00919113,0.00358162
1416,0.984473,0.273325,0.00919113,0.00358162
1417,0.984473,0.273325,0.00919113,0.00358162
1418,0.984598,0.180655,0.0608178,0.00381363
1419,0.984865,0.19317,0.108752,0.00231592
1420,0.984558,0.243128,0.114728,0.00121926
1421,0.984558,0.243128,0.114728,0.00121926
1422,0.984558,0.243128,0.114728,0.00121926
1423,0.984886,0.227771,0.125441,0.00287401
1424,0.987855,0.169887,0.103537,0.00274957
1425,0.985489,0.117581,0.130227,0.00393307
1426,0.984004,0.0843751,0.118837,0.00231289
1427,0.984004,0.0843751,0.118837,0.00231289
1428,0.98275,0.129509,0.149294,0.00193407
1429,0.978949,0.10325,0.120707,0.00363481
1430,0.978949,0.10325,0.120707,0.00363481
1431,0.98024,0.157952,0.119447,0.00183794
1432,0.98024,0.157952,0.119447,0.00183794
1433,0.980486,0.137677,0.176774,0.00352147
1434,0.980486,0.137677,0.176774,0.00352147
1435,0.981954,0.203124,0.154372,0.00555136
1436,0.979251,0.247508,0.14966,0.00194706
1437,0.974468,0.242202,0.19848,0.00221247
1438,0.978999,0.225593,0.135334,0.00213488
1439,0.98289,0.303863,0.146675,0.00376361
1440,0.985194,0.244041,0.156952,0.00201557
1441,0.98374,0.213887,0.180205,0.00363982
1442,0.983531,0.273176,0.150872,0.00479695
1443,0.984481,0.253926,0.169557,0.00334477
1444,0.984481,0.253926,0.169557,0.00334477
1445,0.984481,0.253926,0.169557,0.00334477
1446,0.984481,0.253926,0.169557,0.00334477
1447,0.984481,0.253926,0.169557,0.00334477
1448,0.984481,0.253926,0.169557,0.00334477
1449,0.984481,0.253926,0.169557,0.00334477
1450,0.987221,0.339404,0.208388,0.00397776
1451,0.988289,0.273417,0.170417,0.00258748
1452,0.985709,0.283323,0.201692,0.0018355
1453,0.984598,0.290783,0.156794,0.00310283
1454,0.987542,0.263717,0.237588,0.00290256
1455,0.987542,0.263717,0.237588,0.00290256
1456,0.987542,0.263717,0.237588,0.00290256
1457,0.989155,0.299663,0.211149,0.00362102
1458,0.988872,0.325241,0.137711,0.00206583
1459,0.988651,0.324324,0.145519,0.00434071
1460,0.988648,0.413124,0.167572,0.00224478
1461,0.987884,0.326742,0.194539,0.00483686
1462,0.988539,0.457409,0.188924,0.00156961
1463,0.983985,0.402828,0.152693,0.00279437
1464,0.983099,0.363633,0.163949,0.00335611
1465,0.98408,0.30344,0.269287,0.00225858
1466,0.981836,0.335607,0.24252,0.000342297
1467,0.985155,0.271508,0.27393,0.00196984
1468,0.98435,0.360173,0.265371,0.00218719
1469,0.982217,0.218995,0.229008,0.00262552
1470,0.984448,0.198792,0.191507,0.00393425
1471,0.985197,0.10402,0.213373,0.00311808
1472,0.986119,0.125013,0.202062,0.00786441
1473,0.986119,0.125013,0.202062,0.00786441
1474,0.986119,0.125013,0.202062,0.00786441
1475,0.986119,0.125013,0.202062,0.00786441
1476,0.985809,0.116306,0.29571,0.0056856
1477,0.988604,0.199506,0.293841,0.00542574
1478,0.986464,0.155245,0.236006,0.00259082
1479,0.987344,0.147799,0.264195,0.00255298
1480,0.984981,0.231024,0.24815,0.00042939
1481,0.985684,0.1555,0.351108,0.00175287
1482,0.98441,0.161273,0.268045,0.0047863
1483,0.98441,0.161273,0.268045,0.0047863
1484,0.984092,0.162611,0.223505,0.0013944
1485,0.98418,0.172602,0.267336,0.00215956
1486,0.985877,0.244619,0.242786,0.000216948
1487,0.98775,0.202359,0.170575,0.00183895
1488,0.989176,0.223739,0.196968,0.00418775
1489,0.989176,0.223739,0.196968,0.00418775
1490,0.989283,0.22837,0.110852,0.00482965
1491,0.984663,0.223449,0.139148,0.0060127
1492,0.984663,0.223449,0.139148,0.0060127
1493,0.984301,0.163306,0.150618,0.0018001
1494,0.985832,0.179751,0.275681,0.00548053
1495,0.98632,0.109676,0.374639,0.000910377
1496,0.985511,0.0880862,0.25494,0.00155774
1497,0.986687,0.0324571,0.104198,0.00556635
1498,0.98644,0.0892545,0.10989,0.0045356
1499,0.984244,0.198317,0.0823572,0.00415897
1500,0.984521,0.140343,0.170692,0.00280835
1501,0.984521,0.140343,0.170692,0.00280835
1502,0.982809,0.114098,0.130401,0.00263479
1503,0.982809,0.114098,0.130401,0.00263479
1504,0.978504,0.132906,0.0589086,0.00403668
1505,0.98136,0.0927117,0.108289,0.00159049
1506,0.98136,0.0927117,0.108289,0.00159049
1507,0.98136,0.0927117,0.108289,0.00159049
1508,0.984221,0.0991071,0.109536,0.00237429
1509,0.98337,0.0825989,0.11108,0.00203992
1510,0.98457,0.139905,0.219531,0.00204522
1511,0.98457,0.139905,0.219531,0.00204522
1512,0.98457,0.139905,0.219531,0.00204522
1513,0.98457,0.139905,0.219531,0.00204522
1514,0.981883,0.135034,0.192832,0.00128654
1515,0.980506,0.191453,0.206607,0.00275571
1516,0.981231,0.138668,0.242149,0.00427403
1517,0.981231,0.138668,0.242149,0.00427403
1518,0.981231,0.138668,0.242149,0.00427403
1519,0.980365,0.18448,0.114319,0.00322074
1520,0.978663,0.255959,0.112378,0.00344468
1521,0.980877,0.289805,0.11201,0.00969551
1522,0.979815,0.206173,0.0981562,0.00430078
1523,0.977704,0.124131,0.117806,0.00328687
1524,0.977704,0.124131,0.117806,0.00328687
1525,0.977704,0.124131,0.117806,0.00328687
1526,0.977704,0.124131,0.117806,0.00328687
1527,0.980662,0.101411,0.116227,0.000660815
1528,0.986152,0.163799,0.120851,0.00328133
1529,0.986152,0.163799,0.120851,0.00328133
1530,0.983786,0.134002,0.0968857,0.00789186
1531,0.982119,0.0866675,0.0519085,0.00504078
1532,0.982119,0.0866675,0.0519085,0.00504078
1533,0.98228,0.108104,0.0400393,0.00650663
1534,0.98228,0.108104,0.0400393,0.00650663
1535,0.984155,0.0785497,0.0275355,0.00340892
1536,0.984155,0.0785497,0.0275355,0.00340892
1537,0.983388,0.0135176,0.204578,0.000489054
1538,0.983429,0.111377,0.236171,0.00428978
1539,0.979954,0.11231,0.284809,0.00258517
1540,0.979954,0.11231,0.284809,0.00258517
1541,0.979954,0.11231,0.284809,0.00258517
1542,0.979954,0.11231,0.284809,0.00258517
1543,0.979954,0.11231,0.284809,0.00258517
1544,0.97985,0.127981,0.185973,0.0024255
1545,0.97985,0.127981,0.185973,0.0024255
1546,0.978929,0.111575,0.151123,0.00485203
1547,0.979948,0.121999,0.125378,0.00640152
1548,0.977742,0.124475,0.147441,0.000800457
1549,0.977742,0.124475,0.147441,0.000800457
1550,0.977742,0.124475,0.147441,0.000800457
1551,0.980961,0.170973,0.0454223,0.00622803
1552,0.981272,0.158967,0.0645541,0.00575937
1553,0.981272,0.158967,0.0645541,0.00575937
1554,0.981272,0.158967,0.0645541,0.00575937
1555,0.981272,0.158967,0.0645541,0.00575937
1556,0.981546,0.141944,0.0749141,0.00264195
1557,0.981546,0.141944,0.0749141,0.00264195
1558,0.981546,0.141944,0.0749141,0.00264195
1559,0.980462,0.200711,0.0518337,0.00102555
1560,0.980066,0.223882,0.119545,0.0055005
1561,0.980066,0.223882,0.119545,0.0055005
1562,0.980066,0.223882,0.119545,0.0055005
1563,0.980066,0.223882,0.119545,0.0055005
1564,0.977818,0.290013,0.0229728,0.00319073
1565,0.97821,0.224629,0.0913436,0.00535427
1566,0.979374,0.246798,0.0802314,0.00162426
1567,0.981055,0.37125,0.0856564,0.00134953
1568,0.980122,0.325989,0.141906,0.00106301
1569,0.983563,0.306929,0.147249,0.00415623
1570,0.984576,0.314966,0.125293,0.00456958
1571,0.983193,0.373786,0.111205,0.00415416
1572,0.982489,0.421228,0.207538,0.00324405
1573,0.982774,0.402204,0.080974,0.00221845
1574,0.982774,0.402204,0.080974,0.00221845
1575,0.982774,0.402204,0.080974,0.00221845
1576,0.982774,0.402204,0.080974,0.00221845
1577,0.983559,0.425596,0.109837,0.00239477
1578,0.984471,0.354092,0.0941526,0.00349569
1579,0.983264,0.419448,0.090145,0.00297983
1580,0.983125,0.388114,0.0575379,0.000980891
1581,0.984785,0.412573,0.00525948,0.000831966
1582,0.984785,0.412573,0.00525948,0.000831966
1583,0.984785,0.412573,0.00525948,0.000831966
1584,0.98793,0.45655,0.0200346,0.001782
1585,0.98793,0.45655,0.0200346,0.001782
1586,0.987852,0.478356,0.081489,0.00152466
1587,0.987852,0.478356,0.081489,0.00152466
1588,0.990825,0.38972,0.137379,0.00315299
1589,0.985688,0.373788,0.131827,0.0055679
1590,0.982393,0.411442,0.170201,0.00624929
1591,0.982175,0.275171,0.217041,0.00343262
1592,0.982429,0.3509,0.20096,0.00531021
1593,0.982429,0.3509,0.20096,0.00531021
1594,0.980211,0.416052,0.174044,0.00660879
1595,0.980211,0.416052,0.174044,0.00660879
1596,0.980211,0.416052,0.174044,0.00660879
1597,0.980211,0.416052,0.174044,0.00660879
1598,0.980211,0.416052,0.174044,0.00660879
1599,0.977782,0.297094,0.186885,0.00257457
1600,0.981488,0.306628,0.289037,0.00285397
1601,0.980936,0.263992,0.206146,0.00133121
1602,0.980936,0.263992,0.206146,0.00133121
1603,0.980936,0.263992,0.206146,0.00133121
1604,0.981664,0.359288,0.213588,0.00853262
1605,0.979135,0.374955,0.196479,0.000387262
1606,0.976433,0.397846,0.126136,0.00157174
1607,0.978075,0.417037,0.178464,0.00162612
1608,0.979112,0.444415,0.216873,0.00607826
1609,0.979112,0.444415,0.216873,0.00607826
1610,0.979011,0.355288,0.252216,0.0058126
1611,0.979394,0.311801,0.0916941,0.00736718
1612,0.979394,0.311801,0.0916941,0.00736718
1613,0.979394,0.311801,0.0916941,0.00736718
1614,0.979394,0.311801,0.0916941,0.00736718
1615,0.97952,0.362165,0.0716845,0.0053264
1616,0.979375,0.344815,0.0509987,0.00727423
1617,0.979375,0.344815,0.0509987,0.00727423
1618,0.979036,0.339044,0.0842263,0.00857192
1619,0.981762,0.385214,0.0435409,0.00273159
1620,0.981762,0.385214,0.0435409,0.00273159
1621,0.981762,0.385214,0.0435409,0.00273159
1622,0.981762,0.385214,0.0435409,0.00273159
1623,0.981762,0.385214,0.0435409,0.00273159
1624,0.981762,0.385214,0.0435409,0.00273159
1625,0.985088,0.441896,0.0894041,0.0075187
1626,0.985088,0.441896,0.0894041,0.0075187
1627,0.984196,0.400434,0.095261,0.00335656
1628,0.982627,0.418985,0.0693863,0.00651032
1629,0.980968,0.33181,0.184735,0.00789998
1630,0.97996,0.339452,0.15423,0.00208499
1631,0.982516,0.383113,0.0961822,0.00168524
1632,0.984398,0.371508,0.0510047,0.00540689
1633,0.988837,0.264409,0.029099,0.00487518
1634,0.989995,0.247559,0.08821,0.00353326
1635,0.986447,0.312934,0.137093,0.00313635
1636,0.985838,0.359006,0.158658,0.00481747
1637,0.985838,0.359006,0.158658,0.00481747
1638,0.985744,0.315296,0.189191,0.00338153
1639,0.988296,0.326971,0.186597,0.00411339
1640,0.988296,0.326971,0.186597,0.00411339
1641,0.986798,0.315527,0.121956,0.00326405
1642,0.9882,0.350907,0.0642643,0.00215458
1643,0.986808,0.333945,0.0854925,0.00222964
1644,0.988844,0.311182,0.0729369,0.00306456
1645,0.983978,0.25924,0.0876412,0.00248393
1646,0.983978,0.25924,0.0876412,0.00248393
1647,0.982131,0.306211,0.187776,0.00187279
1648,0.982302,0.322666,0.177791,0.00136861
1649,0.982302,0.322666,0.177791,0.00136861
1650,0.981818,0.316366,0.204073,0.00132434
1651,0.982126,0.306924,0.156907,0.00447369
1652,0.982126,0.306924,0.156907,0.00447369
1653,0.981276,0.404136,0.125782,0.00159335
1654,0.981888,0.413643,0.122415,0.0041486
1655,0.981421,0.372923,0.129065,0.00351429
1656,0.982406,0.336923,0.141149,0.00300808
1657,0.980209,0.35414,0.17153,0.00176834
1658,0.978568,0.290382,0.185439,0.00172328
1659,0.979801,0.30582,0.265743,0.00435982
1660,0.979801,0.30582,0.265743,0.00435982
1661,0.979801,0.30582,0.265743,0.00435982
1662,0.977967,0.279493,0.258645,0.00147378
1663,0.977967,0.279493,0.258645,0.00147378
1664,0.979794,0.245065,0.320571,0.00233192
1665,0.979808,0.203258,0.238464,0.00327441
1666,0.979808,0.203258,0.238464,0.00327441
1667,0.981224,0.264756,0.203245,0.00408597
1668,0.982021,0.256448,0.201018,0.00183349
1669,0.982021,0.256448,0.201018,0.00183349
1670,0.981,0.372706,0.226852,0.00574805
1671,0.982209,0.325513,0.228402,0.00257823
1672,0.983494,0.353013,0.086137,0.00405567
1673,0.983494,0.353013,0.086137,0.00405567
1674,0.983494,0.353013,0.086137,0.00405567
1675,0.983494,0.353013,0.086137,0.00405567
1676,0.983031,0.335367,0.0706121,0.00699835
1677,0.983031,0.335367,0.0706121,0.00699835
1678,0.982566,0.312337,0.0924184,0.00727389
1679,0.984823,0.293986,0.188627,0.00183523
1680,0.98264,0.29974,0.0981995,0.00186833
1681,0.98264,0.29974,0.0981995,0.00186833
1682,0.976495,0.329397,0.0863008,0.00579242
1683,0.973905,0.317202,0.145847,0.0058702
1684,0.973905,0.317202,0.145847,0.0058702
1685,0.975631,0.310359,0.129752,0.00329881
1686,0.975331,0.300169,0.123388,0.00154207
1687,0.981138,0.272491,0.162945,0.00102932
1688,0.981138,0.272491,0.162945,0.00102932
1689,0.980447,0.349937,0.170748,0.00282741
1690,0.980447,0.349937,0.170748,0.00282741
1691,0.978694,0.400075,0.125988,0.00337687
1692,0.978694,0.400075,0.125988,0.00337687
1693,0.978694,0.400075,0.125988,0.00337687
1694,0.978694,0.400075,0.125988,0.00337687
1695,0.977812,0.373939,0.160212,0.00137981
1696,0.977924,0.350496,0.131638,0.0035926
1697,0.979457,0.341193,0.135402,0.00215026
1698,0.979325,0.349071,0.13471,0.0010476
1699,0.978547,0.378259,0.197693,0.0042041
1700,0.978547,0.378259,0.197693,0.0042041
1701,0.978547,0.378259,0.197693,0.0042041
1702,0.982163,0.262349,0.218914,0.00631216
1703,0.982163,0.262349,0.218914,0.00631216
1704,0.983234,0.248737,0.216471,0.00379689
1705,0.984397,0.192192,0.266132,0.00297862
1706,0.983454,0.176794,0.249099,0.00304742
1707,0.985522,0.174539,0.288642,0.00648873
1708,0.985522,0.174539,0.288642,0.00648873
1709,0.98765,0.174197,0.287321,0.00166425
1710,0.986583,0.166984,0.305306,0.00291645
1711,0.984347,0.146252,0.263881,0.00202074
1712,0.984347,0.146252,0.263881,0.00202074
1713,0.985825,0.164577,0.130358,0.00683046
1714,0.985825,0.164577,0.130358,0.00683046
1715,0.987947,0.250367,0.138102,0.00587634
1716,0.987403,0.268819,0.176671,0.00184658
1717,0.987403,0.268819,0.176671,0.00184658
1718,0.987058,0.313308,0.186945,0.00202024
1719,0.986696,0.35795,0.17245,0.00388236
1720,0.983614,0.346893,0.206815,0.00197827
1721,0.98297,0.371402,0.216717,0.0061402
1722,0.987059,0.339633,0.178651,0.00156566
1723,0.987323,0.450915,0.14174,0.00375696
1724,0.987323,0.450915,0.14174,0.00375696
1725,0.988632,0.442667,0.119749,0.00241146
1726,0.988632,0.442667,0.119749,0.00241146
1727,0.986645,0.476604,0.0903623,0.00424858
1728,0.984325,0.486474,0.107768,0.00516196
1729,0.983955,0.456876,0.13505,0.0042772
1730,0.983599,0.452935,0.103595,0.00205077
1731,0.983599,0.452935,0.103595,0.00205077
1732,0.982543,0.42876,0.187764,0.00245181
1733,0.982543,0.42876,0.187764,0.00245181
1734,0.983182,0.453077,0.200415,0.00395683
1735,0.983182,0.453077,0.200415,0.00395683
1736,0.981549,0.392945,0.219524,0.00325342
1737,0.981549,0.392945,0.219524,0.00325342
1738,0.981549,0.392945,0.219524,0.00325342
1739,0.981549,0.392945,0.219524,0.00325342
1740,0.981549,0.392945,0.219524,0.00325342
1741,0.981549,0.392945,0.219524,0.00325342
1742,0.981621,0.453775,0.127549,0.0016609
1743,0.98134,0.496636,0.13345,0.00472105
1744,0.980874,0.437216,0.0360775,0.00225944
1745,0.981581,0.516235,0.0813333,0.00454383
1746,0.981581,0.516235,0.0813333,0.00454383
1747,0.981581,0.516235,0.0813333,0.00454383
1748,0.980918,0.48701,0.110607,0.0009917
1749,0.980918,0.48701,0.110607,0.0009917
1750,0.982065,0.483799,0.117247,0.00442588
1751,0.982065,0.483799,0.117247,0.00442588
1752,0.982065,0.483799,0.117247,0.00442588
1753,0.98047,0.509299,0.129479,0.00673776
1754,0.981083,0.48029,0.259938,0.00192204
1755,0.981083,0.48029,0.259938,0.00192204
1756,0.981083,0.48029,0.259938,0.00192204
1757,0.981083,0.48029,0.259938,0.00192204
1758,0.982271,0.532622,0.249238,0.00551887
1759,0.98233,0.528401,0.234901,0.0029501
1760,0.98233,0.528401,0.234901,0.0029501
1761,0.98233,0.528401,0.234901,0.0029501
1762,0.98233,0.528401,0.234901,0.0029501
1763,0.982326,0.491853,0.215713,0.00201467
1764,0.986153,0.429888,0.245579,0.0020126
1765,0.986153,0.429888,0.245579,0.0020126
1766,0.986045,0.493005,0.220409,0.00144229
1767,0.986045,0.493005,0.220409,0.00144229
1768,0.985417,0.50456,0.263631,0.00346671
1769,0.984118,0.404083,0.228946,0.00394745
1770,0.984118,0.404083,0.228946,0.00394745
1771,0.984118,0.404083,0.228946,0.00394745
1772,0.984118,0.404083,0.228946,0.00394745
1773,0.985036,0.431458,0.308699,0.0023957
1774,0.986797,0.419738,0.386542,0.00241115
1775,0.987765,0.432793,0.369002,0.00178608
1776,0.989848,0.378647,0.360845,0.00368528
1777,0.989848,0.378647,0.360845,0.00368528
1778,0.988113,0.380184,0.525402,0.00292363
1779,0.985024,0.370482,0.46471,0.00253661
1780,0.984073,0.376487,0.426018,0.00336643
1781,0.985089,0.442213,0.42491,0.000915892
1782,0.985089,0.442213,0.42491,0.000915892
1783,0.98815,0.308726,0.537559,0.00217779
1784,0.987759,0.337762,0.514329,0.00267483
1785,0.988881,0.356151,0.445152,0.00170143
1786,0.990218,0.363023,0.463135,0.00444786
1787,0.990218,0.363023,0.463135,0.00444786
1788,0.987754,0.451026,0.43908,0.00557694
1789,0.990793,0.364554,0.36164,0.00438803
1790,0.990793,0.364554,0.36164,0.00438803
1791,0.989308,0.352692,0.422021,0.00322294
1792,0.989308,0.352692,0.422021,0.00322294
1793,0.990584,0.309987,0.394716,0.00365264
1794,0.990584,0.309987,0.394716,0.00365264
1795,0.990156,0.362286,0.404045,0.00244167
1796,0.988631,0.363359,0.44322,0.00407583
1797,0.988631,0.363359,0.44322,0.00407583
1798,0.985608,0.315924,0.451562,0.00193627
1799,0.98958,0.263949,0.421375,0.00163891
1800,0.988216,0.146261,0.444522,0.000681381
1801,0.98153,0.176907,0.450812,0.00410843
1802,0.98153,0.176907,0.450812,0.00410843
1803,0.98482,0.10803,0.454613,0.00252673
1804,0.985705,0.168605,0.491083,0.00103015
1805,0.985705,0.168605,0.491083,0.00103015
1806,0.985705,0.168605,0.491083,0.00103015
1807,0.984416,0.167355,0.447225,0.00552271
1808,0.983506,0.229011,0.480815,0.00312641
1809,0.984094,0.0855336,0.461525,0.00718287
1810,0.984094,0.0855336,0.461525,0.00718287
1811,0.984094,0.0855336,0.461525,0.00718287
1812,0.986725,0.0489392,0.40186,0.00409227
1813,0.986725,0.0489392,0.40186,0.00409227
1814,0.985451,0.133672,0.40889,0.00414124
1815,0.985917,0.0559477,0.368328,0.00119634
1816,0.985427,0.110787,0.450143,0.00211846
1817,0.985502,0.058008,0.469779,0.00209892
1818,0.984747,0.143473,0.408632,0.00749138
1819,0.984747,0.143473,0.408632,0.00749138
1820,0.986994,0.150559,0.381954,0.00315537
1821,0.984854,0.0677753,0.336967,0.00438746
1822,0.984854,0.0677753,0.336967,0.00438746
1823,0.984693,0.0971786,0.380416,0.00146929
1824,0.984693,0.0971786,0.380416,0.00146929
1825,0.985222,0.0629751,0.402807,0.00187002
1826,0.986342,0.136515,0.389711,0.00327699
1827,0.986342,0.136515,0.389711,0.00327699
1828,0.985743,0.177833,0.355507,0.00109358
1829,0.988078,0.0546389,0.297549,0.00588796
1830,0.987996,0.135047,0.31912,0.00368103
1831,0.987996,0.135047,0.31912,0.00368103
1832,0.987996,0.135047,0.31912,0.00368103
1833,0.987996,0.135047,0.31912,0.00368103
1834,0.987996,0.135047,0.31912,0.00368103
1835,0.988685,0.215092,0.350477,0.00530306
1836,0.989488,0.194545,0.375735,0.00445354
1837,0.98805,0.166347,0.2546,0.00398269
1838,0.988072,0.156214,0.262949,0.00569161
1839,0.991636,0.182173,0.258438,0.00195797
1840,0.991636,0.182173,0.258438,0.00195797
1841,0.991959,0.134941,0.287526,0.000753534
1842,0.990429,0.209079,0.26366,0.00453129
1843,0.988562,0.271618,0.318153,0.00555805
1844,0.983682,0.257134,0.287277,0.00391553
1845,0.983682,0.257134,0.287277,0.00391553
1846,0.983682,0.257134,0.287277,0.00391553
1847,0.983682,0.257134,0.287277,0.00391553
1848,0.983682,0.257134,0.287277,0.00391553
1849,0.981817,0.219867,0.370759,0.00214124
1850,0.980483,0.151105,0.317053,0.00244925
1851,0.980223,0.0809604,0.266085,0.00368239
1852,0.982718,0.0867977,0.327312,0.00164501
1853,0.982718,0.0867977,0.327312,0.00164501
1854,0.982718,0.0867977,0.327312,0.00164501
1855,0.979368,0.0366832,0.312046,0.00289519
1856,0.977256,0.0249359,0.266891,0.00283734
1857,0.976527,0.0720181,0.371479,0.000964562
1858,0.976527,0.0720181,0.371479,0.000964562
1859,0.976484,0.0390761,0.306951,0.000747351
1860,0.976484,0.0390761,0.306951,0.000747351
1861,0.976737,0.029971,0.348003,0.00217591
1862,0.974697,0.0481721,0.393869,0.00318249
1863,0.976938,0.0294106,0.376241,0.0015868
1864,0.978563,0.0551782,0.328777,0.00609331
1865,0.972128,0.0499543,0.213696,0.0057069
1866,0.968591,0.0427226,0.288108,0.00684626
1867,0.97292,0.0284881,0.254471,0.00253358
1868,0.974395,0.0256719,0.316012,0.00188936
1869,0.978349,0.0503377,0.337456,0.00184558
1870,0.980612,0.0743425,0.254799,0.00264897
1871,0.98467,0.0482351,0.217329,0.00111093
1872,0.986609,0.17381,0.319128,0.00214898
1873,0.985672,0.0409053,0.398705,0.00397141
1874,0.985672,0.0409053,0.398705,0.00397141
1875,0.985672,0.0409053,0.398705,0.00397141
1876,0.985672,0.0409053,0.398705,0.00397141
1877,0.989331,0.0640177,0.36451,0.00216283
1878,0.988703,0.0473289,0.355037,0.00331059
1879,0.987547,0.0572724,0.305736,0.00343316
1880,0.987547,0.0572724,0.305736,0.00343316
1881,0.987547,0.0572724,0.305736,0.00343316
1882,0.987547,0.0572724,0.305736,0.00343316
1883,0.98572,0.078456,0.208986,0.00166625
1884,0.985531,0.0655107,0.27953,0.00246513
1885,0.985173,0.0946423,0.289079,0.00140916
1886,0.985173,0.0946423,0.289079,0.00140916
1887,0.985173,0.0946423,0.289079,0.00140916
1888,0.985173,0.0946423,0.289079,0.00140916
1889,0.985173,0.0946423,0.289079,0.00140916
1890,0.985173,0.0946423,0.289079,0.00140916
1891,0.98842,0.0893291,0.334743,0.00143531
1892,0.98842,0.0893291,0.334743,0.00143531
1893,0.98769,0.0506177,0.334822,0.0046456
1894,0.98769,0.0506177,0.334822,0.0046456
1895,0.98769,0.0506177,0.334822,0.0046456
1896,0.98769,0.0506177,0.334822,0.0046456
1897,0.988844,0.13334,0.369427,0.00271707
1898,0.989864,0.0906435,0.336628,0.00328141
1899,0.989773,0.114168,0.307856,0.00123686
1900,0.986712,0.053018,0.327206,0.00537168
1901,0.986798,0.0445822,0.372988,0.00131813
1902,0.988105,0.0768863,0.391747,0.00231281
1903,0.987619,0.0240868,0.239011,0.00199347
1904,0.984201,0.0908296,0.313075,0.00347355
1905,0.982492,0.0613676,0.272897,0.00168892
1906,0.984042,0.0498772,0.288207,0.00303522
1907,0.981633,0.0607927,0.352719,0.00294569
1908,0.981972,0.130833,0.417757,0.00153369
1909,0.984983,0.0297025,0.447266,0.00420922
1910,0.985002,0.222355,0.528278,0.00317603
1911,0.982919,0.249054,0.47438,0.00125913
1912,0.984069,0.244005,0.447148,0.00230393
1913,0.984062,0.169883,0.421602,0.00287409
1914,0.984062,0.169883,0.421602,0.00287409
1915,0.982851,0.220477,0.482434,0.0019179
1916,0.982851,0.220477,0.482434,0.0019179
1917,0.982851,0.220477,0.482434,0.0019179
1918,0.982851,0.220477,0.482434,0.0019179
1919,0.982851,0.220477,0.482434,0.0019179
1920,0.982851,0.220477,0.482434,0.0019179
1921,0.982851,0.220477,0.482434,0.0019179
1922,0.983078,0.250043,0.453299,0.00634524
1923,0.983078,0.250043,0.453299,0.00634524
1924,0.983377,0.273796,0.471413,0.00260394
1925,0.983377,0.273796,0.471413,0.00260394
1926,0.981064,0.211624,0.429295,0.00534244
1927,0.980508,0.218514,0.369183,0.00391852
1928,0.979591,0.197281,0.37054,0.00641338
1929,0.978199,0.256171,0.317465,0.00550984
1930,0.979584,0.301918,0.273452,0.00353424
1931,0.978449,0.325182,0.231128,0.0020376
1932,0.978449,0.325182,0.231128,0.0020376
1933,0.980784,0.238127,0.312079,0.00698545
1934,0.982244,0.235711,0.244569,0.0025425
1935,0.982244,0.235711,0.244569,0.0025425
1936,0.981125,0.235197,0.290114,0.00140275
1937,0.981125,0.235197,0.290114,0.00140275
1938,0.981125,0.235197,0.290114,0.00140275
1939,0.984739,0.152887,0.335519,0.00105014
1940,0.98219,0.204462,0.383697,0.00374985
1941,0.983018,0.270989,0.427346,0.00286729
1942,0.983018,0.270989,0.427346,0.00286729
1943,0.984353,0.33096,0.339207,0.00170279
1944,0.984353,0.33096,0.339207,0.00170279
1945,0.985054,0.332859,0.353552,0.00415513
1946,0.985753,0.332422,0.441165,0.0037456
1947,0.985753,0.332422,0.441165,0.0037456
1948,0.985753,0.332422,0.441165,0.0037456
1949,0.987134,0.297531,0.411414,0.000365979
1950,0.983883,0.293087,0.419523,0.000967049
1951,0.982512,0.386276,0.475535,0.00499247
1952,0.984162,0.356819,0.539777,0.00362112
1953,0.981652,0.374286,0.499972,0.0025726
1954,0.981214,0.334791,0.535293,0.00327594
1955,0.983576,0.247801,0.517867,0.00188147
1956,0.982216,0.211643,0.541506,0.00243167
1957,0.982216,0.211643,0.541506,0.00243167
1958,0.980713,0.158517,0.527984,0.00219241
1959,0.980713,0.158517,0.527984,0.00219241
1960,0.980951,0.251196,0.496701,0.00329958
1961,0.980538,0.220786,0.514527,0.00353203
1962,0.980538,0.220786,0.514527,0.00353203
1963,0.981823,0.110426,0.454905,0.00125756
1964,0.982903,0.0885399,0.38039,0.00122221
1965,0.982903,0.0885399,0.38039,0.00122221
1966,0.982903,0.0885399,0.38039,0.00122221
1967,0.98209,0.0322519,0.432694,0.0041228
1968,0.98209,0.0322519,0.432694,0.0041228
1969,0.981722,0.101849,0.456207,0.00625682
1970,0.980444,0.0697912,0.526796,0.000991683
1971,0.982587,0.034999,0.453165,0.00282195
1972,0.982587,0.034999,0.453165,0.00282195
1973,0.982379,0.143185,0.430201,0.000607298
1974,0.982379,0.143185,0.430201,0.000607298
1975,0.982994,0.172948,0.482741,0.00358873
1976,0.984941,0.181145,0.483107,0.00151033
1977,0.984941,0.181145,0.483107,0.00151033
1978,0.982648,0.162796,0.480861,0.00270807
1979,0.981682,0.0669493,0.553812,0.0049059
1980,0.981682,0.0669493,0.553812,0.0049059
1981,0.983287,0.187461,0.358976,0.0023885
1982,0.983879,0.1075,0.362363,0.00213971
1983,0.987449,0.0862602,0.365276,0.00083045
1984,0.987352,0.179826,0.360627,0.00201056
1985,0.987352,0.179826,0.360627,0.00201056
1986,0.984216,0.109264,0.408278,0.00360435
1987,0.985906,0.100988,0.381379,0.00404123
1988,0.985906,0.100988,0.381379,0.00404123
1989,0.985906,0.100988,0.381379,0.00404123
1990,0.985595,0.138036,0.373706,0.00275374
1991,0.982667,0.149063,0.379873,0.00130565
1992,0.982667,0.149063,0.379873,0.00130565
1993,0.982559,0.0808268,0.348937,0.00227951
1994,0.980477,0.0473378,0.396598,0.00252119
1995,0.983984,0.075877,0.392806,0.0022555
1996,0.983984,0.075877,0.392806,0.0022555
1997,0.980464,0.101859,0.373871,0.00127013
1998,0.979874,0.12451,0.353278,0.00495891
1999,0.979874,0.12451,0.353278,0.00495891
2000,0.979874,0.12451,0.353278,0.00495891
2001,0.979874,0.12451,0.353278,0.00495891
2002,0.979874,0.12451,0.353278,0.00495891
2003,0.979508,0.162776,0.363396,0.00182487
2004,0.981484,0.185063,0.34575,0.00442015
2005,0.981837,0.136342,0.376399,0.0023284
2006,0.981956,0.186569,0.385597,0.00370109
2007,0.979249,0.135671,0.237916,0.0021326
2008,0.979249,0.135671,0.237916,0.0021326
2009,0.979249,0.135671,0.237916,0.0021326
2010,0.981024,0.130368,0.252172,0.00504848
2011,0.981024,0.130368,0.252172,0.00504848
2012,0.981024,0.130368,0.252172,0.00504848
2013,0.983787,0.105183,0.263912,0.00152405
2014,0.981284,0.157274,0.241677,0.0016282
2015,0.981284,0.157274,0.241677,0.0016282
2016,0.981284,0.157274,0.241677,0.0016282
2017,0.980108,0.0993995,0.215701,0.0038386
2018,0.978272,0.12937,0.199447,0.00473295
2019,0.97962,0.127813,0.261613,0.00477344
2020,0.981887,0.125942,0.188416,0.00308136
2021,0.982386,0.128223,0.226884,0.00168602
2022,0.982386,0.128223,0.226884,0.00168602
2023,0.982258,0.13339,0.197911,0.00712679
2024,0.98235,0.164995,0.308672,0.00165184
2025,0.98235,0.164995,0.308672,0.00165184
2026,0.98235,0.164995,0.308672,0.00165184
2027,0.982039,0.13896,0.256119,0.0047249
2028,0.980948,0.121914,0.242322,0.00188683
2029,0.981592,0.156086,0.247079,0.00452181
2030,0.981692,0.190256,0.196541,0.00349661
2031,0.987402,0.124332,0.211284,0.00415387
2032,0.987402,0.124332,0.211284,0.00415387
2033,0.987402,0.124332,0.211284,0.00415387
2034,0.988406,0.138185,0.240137,0.00580298
2035,0.988406,0.138185,0.240137,0.00580298
2036,0.986061,0.142092,0.227431,0.00230701
2037,0.98837,0.113594,0.182414,0.00209083
2038,0.98837,0.113594,0.182414,0.00209083
2039,0.987589,0.118633,0.175766,0.00416388
2040,0.987589,0.118633,0.175766,0.00416388
2041,0.988583,0.11867,0.209999,0.00376821
2042,0.988583,0.11867,0.209999,0.00376821
2043,0.987816,0.148958,0.279027,0.00182439
2044,0.987867,0.0744428,0.299737,0.00258512
2045,0.987867,0.0744428,0.299737,0.00258512
2046,0.986829,0.0950305,0.319001,0.00218146
2047,0.9875,0.0632187,0.208322,0.00279704
2048,0.990056,0.047157,0.180211,0.00460231
2049,0.988385,0.0123873,0.242099,0.00585718
2050,0.988385,0.0123873,0.242099,0.00585718
2051,0.988385,0.0123873,0.242099,0.00585718
2052,0.988385,0.0123873,0.242099,0.00585718
2053,0.988348,0.0984681,0.259347,0.00373706
2054,0.987238,0.0634012,0.250302,0.00133356
2055,0.987238,0.0634012,0.250302,0.00133356
2056,0.987238,0.0634012,0.250302,0.00133356
2057,0.991372,0.128971,0.220698,0.00443332
2058,0.991372,0.128971,0.220698,0.00443332
2059,0.991372,0.128971,0.220698,0.00443332
2060,0.991372,0.128971,0.220698,0.00443332
2061,0.991372,0.128972,0.220698,0.00443332
2062,0.995094,0.176868,0.282904,0.00517398
2063,0.995094,0.176868,0.282904,0.00517398
2064,0.991486,0.140309,0.261016,0.007747
2065,0.991486,0.140309,0.261016,0.007747
2066,0.991486,0.140309,0.261016,0.007747
2067,0.987247,0.0868634,0.23689,0.0065681
2068,0.987247,0.0868634,0.23689,0.0065681
2069,0.991783,0.0187368,0.160957,0.003067
2070,0.991664,0.102466,0.227094,0.00723365
2071,0.992545,0.0849787,0.234447,0.00398213
2072,0.992545,0.0849787,0.234447,0.00398213
2073,0.992545,0.0849787,0.234447,0.00398213
2074,0.992545,0.0849787,0.234447,0.00398213
2075,0.992545,0.0849787,0.234447,0.00398213
2076,0.991063,0.0621964,0.23932,0.00177603
2077,0.989368,0.0800473,0.301889,0.00192934
2078,0.990039,0.198183,0.26508,0.00328631
2079,0.990039,0.198183,0.26508,0.00328631
2080,0.991942,0.191859,0.302506,0.00435933
2081,0.99055,0.108378,0.31669,0.00133574
2082,0.99055,0.108378,0.31669,0.00133574
2083,0.987403,0.139322,0.276383,0.00278366
2084,0.990097,0.0614948,0.247973,0.00358111
2085,0.988274,0.108831,0.271169,0.00610285
2086,0.985972,0.0337313,0.223499,0.00517857
2087,0.987475,0.0919707,0.256198,0.00591708
2088,0.988172,0.0935891,0.184147,0.00435972
2089,0.988172,0.0935891,0.184147,0.00435972
2090,0.986315,0.133178,0.221672,0.00402598
2091,0.986315,0.133178,0.221672,0.00402598
2092,0.987073,0.0963819,0.0724902,0.00752689
2093,0.987073,0.0963819,0.0724902,0.00752689
2094,0.983601,0.103132,0.111919,0.00525132
2095,0.98322,0.047386,0.203551,0.00631092
2096,0.983835,0.140619,0.0821878,0.00470997
2097,0.984912,0.122435,0.137968,0.00660108
2098,0.984845,0.115633,0.092717,0.00377904
2099,0.98677,0.0727971,0.0938186,0.0031942
2100,0.985297,0.104033,0.166938,0.0034672
2101,0.985381,0.115464,0.171161,0.0072046
2102,0.985381,0.115464,0.171161,0.0072046
2103,0.986857,0.0788617,0.200382,0.00286059
2104,0.986857,0.0788617,0.200382,0.00286059
2105,0.986857,0.0788617,0.200382,0.00286059
2106,0.986857,0.0788617,0.200382,0.00286059
2107,0.986857,0.0788617,0.200382,0.00286059
2108,0.98423,0.119978,0.230586,0.00587393
2109,0.982916,0.104079,0.275433,0.0105843
2110,0.982916,0.104079,0.275433,0.0105843
2111,0.982916,0.104079,0.275433,0.0105843
2112,0.981965,0.13835,0.191207,0.00643201
2113,0.979801,0.0853434,0.146488,0.0026752
2114,0.979801,0.0853434,0.146488,0.0026752
2115,0.979513,0.0929621,0.135675,0.00462616
2116,0.977964,0.159501,0.131196,0.00731743
2117,0.981838,0.170852,0.211626,0.00763638
2118,0.981838,0.170852,0.211626,0.00763638
2119,0.983335,0.256049,0.197398,0.00210992
2120,0.983335,0.256049,0.197398,0.00210992
2121,0.982837,0.16736,0.162907,0.00671856
2122,0.982837,0.16736,0.162907,0.00671856
2123,0.982837,0.16736,0.162907,0.00671856
2124,0.982837,0.16736,0.162907,0.00671856
2125,0.982364,0.0557851,0.195643,0.00634101
2126,0.984197,0.165472,0.273965,0.00186227
2127,0.984197,0.165472,0.273965,0.00186227
2128,0.9819,0.152964,0.183978,0.00293499
2129,0.986583,0.17599,0.352354,0.00208467
2130,0.985708,0.180215,0.212691,0.0039118
2131,0.985708,0.180215,0.212691,0.0039118
2132,0.984776,0.126633,0.299304,0.00630499
2133,0.986468,0.135091,0.302668,0.00316782
2134,0.986468,0.135091,0.302668,0.00316782
2135,0.986007,0.154014,0.303756,0.00417258
2136,0.986007,0.154014,0.303756,0.00417258
2137,0.986007,0.154014,0.303756,0.00417258
2138,0.986007,0.154014,0.303756,0.00417258
2139,0.988091,0.137151,0.253191,0.00344431
2140,0.987318,0.169755,0.204921,0.00219945
2141,0.987675,0.158202,0.211934,0.00324967
2142,0.987066,0.212356,0.155141,0.00177026
2143,0.987066,0.212356,0.155141,0.00177026
2144,0.984908,0.259999,0.132479,0.00629067
2145,0.984277,0.171641,0.159059,0.0101018
2146,0.983885,0.0749425,0.245031,0.00842071
2147,0.983799,0.109568,0.241787,0.006194
2148,0.984363,0.132623,0.256943,0.00339
2149,0.984363,0.132623,0.256943,0.00339
2150,0.984363,0.132623,0.256943,0.00339
2151,0.985357,0.0746087,0.269141,0.00472733
2152,0.984105,0.0901161,0.263657,0.0038238
2153,0.983902,0.111294,0.233596,0.00251145
2154,0.983902,0.111294,0.233596,0.00251145
2155,0.983022,0.10925,0.160633,0.00482972
2156,0.983022,0.10925,0.160633,0.00482972
2157,0.982067,0.124051,0.148198,0.00211825
2158,0.982067,0.124051,0.148198,0.00211825
2159,0.98117,0.0414245,0.15397,0.00434075
2160,0.98117,0.0414245,0.15397,0.00434075
2161,0.98117,0.0414245,0.15397,0.00434075
2162,0.983437,0.102573,0.109583,0.0058486
2163,0.983437,0.102573,0.109583,0.0058486
2164,0.985064,0.163513,0.108712,0.00672498
2165,0.984716,0.220491,0.0932274,0.00582537
2166,0.988043,0.260004,0.146293,0.00287211
2167,0.988043,0.260004,0.146293,0.00287211
2168,0.988043,0.260004,0.146293,0.00287211
2169,0.990042,0.283142,0.110687,0.0015847
2170,0.990887,0.222879,0.0944002,0.00165614
2171,0.990887,0.222879,0.0944002,0.00165614
2172,0.988859,0.207595,0.089866,0.00482813
2173,0.987158,0.240311,0.050611,0.00315106
2174,0.982312,0.199028,0.0448408,0.00272863
2175,0.981552,0.139072,0.0456106,0.00233664
2176,0.981552,0.139072,0.0456106,0.00233664
2177,0.982274,0.119003,0.049483,0.00551913
2178,0.982274,0.119003,0.049483,0.00551913
2179,0.982994,0.110733,0.0685421,0.00323353
2180,0.982994,0.110733,0.0685421,0.00323353
2181,0.981726,0.0968783,0.0669006,0.00359962
2182,0.981278,0.245833,0.0918462,0.002808
2183,0.978593,0.161433,0.148238,0.00306284
2184,0.977818,0.112864,0.16176,0.00755689
2185,0.977818,0.112864,0.16176,0.00755689
2186,0.977818,0.112864,0.16176,0.00755689
2187,0.979706,0.200243,0.085324,0.00204929
2188,0.977943,0.290043,0.152442,0.00324538
2189,0.977943,0.290043,0.152442,0.00324538
2190,0.977943,0.290043,0.152442,0.00324538
2191,0.979155,0.270831,0.156747,0.000868767
2192,0.980435,0.317017,0.105388,0.00107015
2193,0.980435,0.317017,0.105388,0.00107015
2194,0.979406,0.299333,0.154232,0.00114725
2195,0.979992,0.252324,0.188974,0.00330479
2196,0.980572,0.298848,0.221282,0.00350931
2197,0.980572,0.298848,0.221282,0.00350931
2198,0.979527,0.319969,0.296381,0.00344175
2199,0.9791,0.334629,0.1565,0.00485984
2200,0.979633,0.395876,0.19858,0.00441334
2201,0.977378,0.366301,0.147102,0.00269393
2202,0.977378,0.366301,0.147102,0.00269393
2203,0.977378,0.366301,0.147102,0.00269393
2204,0.977185,0.502942,0.251884,0.00711859
2205,0.981733,0.358942,0.162554,0.00530246
2206,0.985312,0.336674,0.216607,0.0067398
2207,0.985312,0.336674,0.216607,0.0067398
2208,0.982011,0.303191,0.199864,0.00978675
2209,0.982874,0.313401,0.173891,0.00839009
2210,0.98582,0.22712,0.183218,0.000963703
2211,0.991325,0.168767,0.209544,0.0035865
2212,0.991864,0.181359,0.134317,0.001784
2213,0.989723,0.20667,0.217353,0.00605183
2214,0.987053,0.215074,0.170122,0.00451598
2215,0.987053,0.215074,0.170122,0.00451598
2216,0.987053,0.215074,0.170122,0.00451598
2217,0.987053,0.215074,0.170122,0.00451598
2218,0.987053,0.215074,0.170122,0.00451598
2219,0.98556,0.161097,0.164769,0.0025314
2220,0.984015,0.16333,0.145948,0.00561251
2221,0.984015,0.16333,0.145948,0.00561251
2222,0.982213,0.226958,0.177943,0.00702253
2223,0.986989,0.24214,0.139548,0.00299295
2224,0.986989,0.24214,0.139548,0.00299295
2225,0.982543,0.285727,0.112481,0.0054181
2226,0.982543,0.285727,0.112481,0.0054181
2227,0.983804,0.289348,0.0639754,0.00417308
2228,0.983804,0.289348,0.0639754,0.00417308
2229,0.983804,0.289348,0.0639754,0.00417308
2230,0.983804,0.289348,0.0639754,0.00417308
2231,0.984879,0.318676,0.122736,0.00479795
2232,0.982083,0.304813,0.0949545,0.00126564
2233,0.980195,0.283536,0.161834,0.000886823
2234,0.980195,0.283536,0.161834,0.000886823
2235,0.979787,0.222348,0.160081,0.00221899
2236,0.981023,0.296639,0.132373,0.00241977
2237,0.984142,0.413233,0.13424,0.00406979
2238,0.980569,0.466117,0.177101,0.00232889
2239,0.980481,0.423064,0.0808173,0.00312707
2240,0.984893,0.53198,0.149842,0.00336933
2241,0.984893,0.53198,0.149842,0.00336933
2242,0.984893,0.53198,0.149842,0.00336933
2243,0.985549,0.489369,0.0905801,0.00135248
2244,0.985549,0.489369,0.0905801,0.00135248
2245,0.986676,0.490571,0.140376,0.00445199
2246,0.988711,0.591618,0.110855,0.00409172
2247,0.988416,0.509268,0.0766807,0.000510015
2248,0.986182,0.509327,0.098236,0.00255561
2249,0.98249,0.585536,0.0719959,0.00482054
2250,0.981775,0.593197,0.183633,0.00112354
2251,0.981775,0.593197,0.183633,0.00112354
2252,0.983202,0.600799,0.0749095,0.0029653
2253,0.983202,0.600799,0.0749095,0.0029653
2254,0.982166,0.627015,0.19881,0.00162153
2255,0.982166,0.627015,0.19881,0.00162153
2256,0.982166,0.627015,0.19881,0.00162153
2257,0.982166,0.627015,0.19881,0.00162153
2258,0.984253,0.598656,0.16364,0.0035425
2259,0.984253,0.598656,0.16364,0.0035425
2260,0.984253,0.598656,0.16364,0.0035425
2261,0.984253,0.598656,0.16364,0.0035425
2262,0.983006,0.644964,0.143769,0.00427639
2263,0.98181,0.629755,0.112359,0.00374402
2264,0.98181,0.629755,0.112359,0.00374402
2265,0.979546,0.688064,0.11674,0.00400701
2266,0.983376,0.561224,0.0819627,0.00600965
2267,0.984908,0.581737,0.163043,0.00364676
2268,0.984908,0.581737,0.163043,0.00364676
2269,0.984908,0.581737,0.163043,0.00364676
2270,0.98589,0.548347,0.124783,0.00475543
2271,0.986638,0.527181,0.179853,0.00483806
2272,0.98494,0.485539,0.153604,0.00177893
2273,0.983864,0.563204,0.144357,0.00332817
2274,0.985484,0.464502,0.187004,0.00153066
2275,0.983869,0.472106,0.109226,0.00138171
2276,0.981535,0.450186,0.179035,0.00380792
2277,0.980598,0.381438,0.0816212,0.00152359
2278,0.98376,0.473121,0.0361305,0.00242851
2279,0.983266,0.455993,0.0497712,0.00233273
2280,0.980514,0.428359,0.0835188,0.00147995
2281,0.980514,0.428359,0.0835188,0.00147995
2282,0.980514,0.428359,0.0835188,0.00147995
2283,0.983342,0.426494,0.0624687,0.00299679
2284,0.985337,0.404937,0.114064,0.00142783
2285,0.98619,0.395137,0.116432,0.00493654
2286,0.983504,0.49039,0.0691585,0.00433217
2287,0.983504,0.49039,0.0691585,0.00433217
2288,0.984643,0.456067,0.0353643,0.00299458
2289,0.984643,0.456067,0.0353643,0.00299458
2290,0.983798,0.44644,0.0909746,0.00398325
2291,0.983798,0.44644,0.0909746,0.00398325
2292,0.98565,0.52447,0.072598,0.00156521
2293,0.981725,0.515896,0.0166851,0.00418923
2294,0.98161,0.447819,0.172225,0.00373148
2295,0.98161,0.447819,0.172225,0.00373148
2296,0.982761,0.496176,0.201388,0.00557798
2297,0.981892,0.570818,0.14083,0.00407394
2298,0.98027,0.589591,0.14183,0.00662961
2299,0.982735,0.457825,0.124045,0.00400312
2300,0.979256,0.378451,0.231591,0.00536679
2301,0.976334,0.414911,0.131226,0.00416179
2302,0.978723,0.277344,0.194406,0.00495131
2303,0.978723,0.277344,0.194406,0.00495131
2304,0.978291,0.260017,0.164217,0.0047694
2305,0.978291,0.260017,0.164217,0.0047694
2306,0.980131,0.281779,0.176999,0.00525471
2307,0.984751,0.321143,0.201149,0.00240158
2308,0.982489,0.38247,0.158134,0.0011359
2309,0.982534,0.330456,0.23469,0.00337805
2310,0.982534,0.330456,0.23469,0.00337805
2311,0.979459,0.348266,0.228518,0.00143272
2312,0.979459,0.348266,0.228518,0.00143272
2313,0.979459,0.348266,0.228518,0.00143272
2314,0.98088,0.263988,0.205542,0.00394114
2315,0.979016,0.242708,0.179605,0.00651324
2316,0.979016,0.242708,0.179605,0.00651324
2317,0.978819,0.227801,0.155245,0.00308804
2318,0.978819,0.227801,0.155245,0.00308804
2319,0.978819,0.227801,0.155245,0.00308804
2320,0.980874,0.205965,0.0979023,0.00315596
2321,0.980874,0.205965,0.0979023,0.00315596
2322,0.979882,0.168036,0.066387,0.000200358
2323,0.983073,0.210312,0.188265,0.00670551
2324,0.983458,0.293332,0.222321,0.00220727
2325,0.978956,0.254423,0.211455,0.000857207
2326,0.980626,0.275889,0.284425,0.000498979
2327,0.983129,0.267528,0.309658,0.00166665
2328,0.98651,0.305728,0.127056,0.00184556
2329,0.98651,0.305728,0.127056,0.00184556
2330,0.98706,0.147171,0.231715,0.00348221
2331,0.98706,0.147171,0.231715,0.00348221
2332,0.984052,0.176957,0.191283,0.00256872
2333,0.985434,0.108956,0.178271,0.00476305
2334,0.984239,0.272822,0.263208,0.00336243
2335,0.98218,0.143938,0.209484,0.00272279
2336,0.985038,0.146935,0.198838,0.00303365
2337,0.982257,0.270592,0.170098,0.00528184
2338,0.984298,0.208469,0.230336,0.00299288
2339,0.984298,0.208469,0.230336,0.00299288
2340,0.984298,0.208469,0.230336,0.00299288
2341,0.984245,0.178594,0.220024,0.00521463
2342,0.983316,0.114025,0.25391,0.00451304
2343,0.983119,0.112194,0.274119,0.00158499
2344,0.984799,0.136887,0.239677,0.00141348
2345,0.984758,0.0948323,0.207593,0.00103855
2346,0.985262,0.124283,0.266012,0.00240229
2347,0.98724,0.155517,0.225607,0.00265024
2348,0.984917,0.247177,0.205172,0.00484119
2349,0.986355,0.16084,0.229287,0.000952888
2350,0.986355,0.16084,0.229287,0.000952888
2351,0.985622,0.200303,0.228518,0.00254483
2352,0.983854,0.0435442,0.325115,0.00229501
2353,0.98574,0.0381834,0.325106,0.00426967
2354,0.988267,0.0295683,0.274674,0.00122092
2355,0.987116,0.146489,0.223545,0.00512313
2356,0.986722,0.0497685,0.303519,0.00286637
2357,0.986722,0.0497685,0.303519,0.00286637
2358,0.987022,0.0614392,0.265459,0.00389503
2359,0.987022,0.0614392,0.265459,0.00389503
2360,0.985421,0.0904872,0.287814,0.00424079
2361,0.988734,0.195593,0.214168,0.00525827
2362,0.988223,0.139016,0.148468,0.00322524
2363,0.988223,0.139016,0.148468,0.00322524
2364,0.988223,0.139016,0.148468,0.00322524
2365,0.988223,0.139016,0.148468,0.00322524
2366,0.987435,0.15508,0.095279,0.00453434
2367,0.990628,0.142479,0.204009,0.000805385
2368,0.990628,0.142479,0.204009,0.000805385
2369,0.991532,0.173061,0.19403,0.00154441
2370,0.989747,0.225715,0.177633,0.00323677
2371,0.991592,0.242784,0.227719,0.00464542
2372,0.991592,0.242784,0.227719,0.00464542
2373,0.994213,0.208102,0.197319,0.00639063
2374,0.994213,0.208102,0.197319,0.00639063
2375,0.994289,0.26755,0.258238,0.00622505
2376,0.994289,0.26755,0.258238,0.00622505
2377,0.994289,0.26755,0.258238,0.00622505
2378,0.994289,0.26755,0.258238,0.00622505
2379,0.992512,0.179375,0.258493,0.000421511
2380,0.992512,0.179375,0.258493,0.000421511
2381,0.993182,0.177576,0.249945,0.00697743
2382,0.993182,0.177576,0.249945,0.00697743
2383,0.992339,0.183121,0.22538,0.00203587
2384,0.992339,0.183121,0.22538,0.00203587
2385,0.992151,0.221869,0.239807,0.00117216
2386,0.992013,0.212271,0.1737,0.00539443
2387,0.992013,0.212271,0.1737,0.00539443
2388,0.990051,0.170807,0.233512,0.0037649
2389,0.988759,0.0736616,0.192656,0.00513817
2390,0.992007,0.177859,0.22654,0.00472885
2391,0.988044,0.280133,0.303418,0.00139614
2392,0.988044,0.280133,0.303418,0.00139614
2393,0.987413,0.118269,0.274497,0.00128914
2394,0.988802,0.205937,0.266659,0.00354611
2395,0.988802,0.205937,0.266659,0.00354611
2396,0.987159,0.137467,0.236432,0.00410928
2397,0.985675,0.206208,0.217471,0.00152904
2398,0.984186,0.344726,0.225101,0.0041209
2399,0.982315,0.518383,0.148889,0.002882
2400,0.982315,0.518383,0.148889,0.002882
2401,0.983821,0.436307,0.150021,0.00333788
2402,0.987022,0.346045,0.213386,0.00639229
2403,0.987022,0.346045,0.213386,0.00639229
2404,0.988786,0.424454,0.257341,0.00346784
2405,0.987779,0.384875,0.235349,0.00450427
2406,0.991144,0.424692,0.248367,0.00349514
2407,0.987442,0.319913,0.348942,0.00172455
2408,0.984516,0.185454,0.28495,0.000509962
2409,0.985993,0.158063,0.303856,0.00246757
2410,0.985993,0.158063,0.303856,0.00246757
2411,0.985993,0.158063,0.303856,0.00246757
2412,0.986689,0.00435529,0.262601,0.00138524
2413,0.98426,0.0521563,0.241016,0.00282529
2414,0.986043,0.0887082,0.239376,0.00427124
2415,0.987191,0.0852471,0.328554,0.00295694
2416,0.985668,0.0558544,0.164024,0.00236935
2417,0.986697,0.0429723,0.17579,0.00135043
2418,0.986697,0.0429723,0.17579,0.00135043
2419,0.986697,0.0429723,0.17579,0.00135043
2420,0.986697,0.0429723,0.17579,0.00135043
2421,0.986697,0.0429723,0.17579,0.00135043
2422,0.989323,0.166513,0.143584,0.00417481
2423,0.985443,0.127773,0.252732,0.000489331
2424,0.983358,0.114909,0.199809,0.00135438
2425,0.982505,0.241223,0.0781522,0.00101543
2426,0.977944,0.208717,0.162091,0.00210294
2427,0.979508,0.272828,0.276548,0.00409867
2428,0.984033,0.324582,0.154121,0.00597059
2429,0.982983,0.373613,0.0407517,0.000770494
2430,0.980433,0.355624,0.13787,0.00240139
2431,0.980286,0.348295,0.0839407,0.00261369
2432,0.980286,0.348295,0.0839407,0.00261369
2433,0.976797,0.326438,0.110668,0.00250012
2434,0.976943,0.270133,0.242786,0.00280979
2435,0.976943,0.270133,0.242786,0.00280979
2436,0.978435,0.255432,0.0328668,0.0033106
2437,0.978435,0.255432,0.0328668,0.0033106
2438,0.978435,0.255432,0.0328668,0.0033106
2439,0.978435,0.255432,0.0328668,0.0033106
2440,0.975729,0.280122,0.0559493,0.00166658
2441,0.97473,0.285177,0.163287,0.0032565
2442,0.97473,0.285177,0.163287,0.0032565
2443,0.97473,0.285177,0.163287,0.0032565
2444,0.974477,0.297626,0.152903,0.00420927
2445,0.975467,0.173893,0.052956,0.00577874
2446,0.975467,0.173893,0.052956,0.00577874
2447,0.97498,0.253518,0.0594031,0.00496783
2448,0.977009,0.232104,0.0110224,0.00287933
2449,0.978099,0.235935,0.100881,0.00134852
2450,0.978099,0.235935,0.100881,0.00134852
2451,0.980171,0.285349,0.043528,0.0111546
2452,0.979013,0.246521,0.203577,0.00360253
2453,0.985547,0.238764,0.075352,0.00846276
2454,0.985547,0.238764,0.075352,0.00846276
2455,0.986917,0.214987,0.0498492,0.00710707
2456,0.985186,0.242297,0.0845417,0.00228346
2457,0.984889,0.328701,0.0346312,0.00325411
2458,0.98735,0.404618,0.0692983,0.00534005
2459,0.98735,0.404618,0.0692983,0.00534005
2460,0.988791,0.412996,0.0694439,0.00391208
2461,0.986173,0.278622,0.101806,0.00496222
2462,0.986173,0.278622,0.101806,0.00496222
2463,0.984414,0.212275,0.161475,0.0032716
2464,0.982913,0.208139,0.146899,0.00305739
2465,0.982319,0.202468,0.145208,0.00195719
2466,0.981444,0.266085,0.118439,0.00165455
2467,0.982784,0.293353,0.126831,0.00520241
2468,0.982784,0.293353,0.126831,0.00520241
2469,0.982784,0.293353,0.126831,0.00520241
2470,0.981763,0.335272,0.203027,0.00274789
2471,0.982039,0.228126,0.169429,0.00557854
2472,0.98238,0.26473,0.236544,0.00391358
2473,0.98238,0.26473,0.236544,0.00391358
2474,0.983652,0.349783,0.212295,0.00290781
2475,0.983033,0.303994,0.214973,0.00352599
2476,0.982376,0.235116,0.243148,0.00472374
2477,0.982376,0.235116,0.243148,0.00472374
2478,0.983828,0.131041,0.282744,0.00514773
2479,0.98432,0.24791,0.225662,0.00269136
2480,0.98432,0.24791,0.225662,0.00269136
2481,0.98432,0.24791,0.225662,0.00269136
2482,0.98432,0.24791,0.225662,0.00269136
2483,0.98548,0.217343,0.163344,0.00219752
2484,0.983794,0.188455,0.227533,0.00184439
2485,0.983794,0.188455,0.227533,0.00184439
2486,0.984031,0.177816,0.192549,0.00126347
2487,0.986281,0.239454,0.208349,0.00849753
2488,0.987056,0.334722,0.278507,0.00664903
2489,0.98781,0.254993,0.299745,0.0054414
2490,0.984017,0.214816,0.273264,0.00283533
2491,0.981461,0.227166,0.313455,0.00137519
2492,0.981461,0.227166,0.313455,0.00137519
2493,0.981461,0.227166,0.313455,0.00137519
2494,0.981461,0.227166,0.313455,0.00137519
2495,0.983906,0.17821,0.272034,0.00550339
2496,0.983906,0.17821,0.272034,0.00550339
2497,0.983066,0.136095,0.212182,0.00355015
2498,0.983066,0.136095,0.212182,0.00355015
2499,0.983886,0.191491,0.232487,0.00839365
2500,0.981581,0.187139,0.194404,0.00310117
2501,0.981581,0.187139,0.194404,0.00310117
2502,0.981621,0.199227,0.259812,0.00268432
2503,0.977087,0.0851656,0.275425,0.00413499
2504,0.979674,0.128483,0.233914,0.00012971
2505,0.978701,0.139192,0.294531,0.00405482
2506,0.978701,0.139192,0.294531,0.00405482
2507,0.977035,0.187831,0.34403,0.00102833
2508,0.977035,0.187831,0.34403,0.00102833
2509,0.978998,0.179815,0.379783,0.00227496
2510,0.980352,0.0985307,0.320133,0.0012223
2511,0.980352,0.0985307,0.320133,0.0012223
2512,0.982913,0.106627,0.366576,0.00330879
2513,0.980412,0.184792,0.378037,0.00208265
2514,0.979532,0.216303,0.301199,0.00417612
2515,0.98001,0.262893,0.198339,0.00688173
2516,0.98001,0.262893,0.198339,0.00688173
2517,0.98137,0.256763,0.227249,0.00158741
2518,0.985374,0.346073,0.143936,0.00235551
2519,0.984638,0.280527,0.223708,0.00538166
2520,0.982452,0.270892,0.215111,0.0026752
2521,0.982452,0.270892,0.215111,0.0026752
2522,0.984093,0.218241,0.294914,0.000769926
2523,0.983152,0.124118,0.233662,0.00554456
2524,0.985864,0.0760461,0.209003,0.00605574
2525,0.984465,0.119408,0.257654,0.0023408
2526,0.984465,0.119408,0.257654,0.0023408
2527,0.986953,0.0914508,0.181191,0.00410919
2528,0.987862,0.135184,0.232271,0.00228845
2529,0.987862,0.135184,0.232271,0.00228845
2530,0.988269,0.163005,0.212645,0.00150913
2531,0.990257,0.183119,0.164326,0.00777682
2532,0.990257,0.183119,0.164326,0.00777682
2533,0.988241,0.20523,0.226671,0.00229317
2534,0.990341,0.141981,0.211066,0.00295069
2535,0.990341,0.141981,0.211066,0.00295069
2536,0.990341,0.141981,0.211066,0.00295069
2537,0.989227,0.156015,0.186773,0.00186618
2538,0.987455,0.16266,0.205376,0.00395468
2539,0.989568,0.167332,0.127916,0.00337913
2540,0.986542,0.15852,0.122114,0.00162096
2541,0.986542,0.15852,0.122114,0.00162096
2542,0.988846,0.153613,0.0876756,0.00127291
2543,0.987172,0.222777,0.0601558,0.00209405
2544,0.984877,0.123882,0.122296,0.00614321
2545,0.986494,0.135974,0.139463,0.0053514
2546,0.983556,0.0866938,0.0929452,0.00455331
2547,0.984734,0.144368,0.101846,0.00100177
2548,0.984734,0.144368,0.101846,0.00100177
2549,0.982915,0.083278,0.0827151,0.00576889
2550,0.983083,0.105435,0.150947,0.00470594
2551,0.983492,0.192902,0.228563,0.00398486
2552,0.983492,0.192902,0.228563,0.00398486
2553,0.985009,0.136351,0.181759,0.00314929
2554,0.986117,0.0630595,0.225083,0.00806347
2555,0.988128,0.0907564,0.184623,0.000899568
2556,0.988128,0.0907564,0.184623,0.000899568
2557,0.988833,0.069572,0.104668,0.000287522
2558,0.989561,0.0541194,0.05318,0.0042698
2559,0.989561,0.0541194,0.05318,0.0042698
2560,0.991082,0.117574,0.0381218,0.000578139
2561,0.988759,0.12914,0.130914,0.00145016
2562,0.988759,0.12914,0.130914,0.00145016
2563,0.987107,0.0708585,0.169571,0.00122079
2564,0.990454,0.0407791,0.210577,0.0024482
2565,0.990454,0.0407791,0.210577,0.0024482
2566,0.990454,0.0407791,0.210577,0.0024482
2567,0.990454,0.0407791,0.210577,0.0024482
2568,0.987901,0.0264955,0.236524,0.000678768
2569,0.987148,0.0993212,0.156011,0.00219998
2570,0.986059,0.0269676,0.158718,8.66114e-05
2571,0.986741,0.0469153,0.0432116,0.00116067
2572,0.986741,0.0469153,0.0432116,0.00116067
2573,0.985824,0.0892327,0.0599805,0.00630737
2574,0.982948,0.17214,0.0296515,0.0022743
2575,0.982948,0.17214,0.0296515,0.0022743
2576,0.982068,0.175518,0.0728261,0.00188173
2577,0.982068,0.175518,0.0728261,0.00188173
2578,0.982068,0.175518,0.0728261,0.00188173
2579,0.980499,0.134102,0.146685,0.000383809
2580,0.978886,0.197167,0.0873641,0.00344743
2581,0.983095,0.191984,0.069682,0.00211737
2582,0.983457,0.20557,0.0536854,0.00288825
2583,0.983457,0.20557,0.0536854,0.00288825
2584,0.983457,0.20557,0.0536854,0.00288825
2585,0.980058,0.180457,0.0956514,0.00538744
2586,0.981446,0.0777492,0.164991,0.000593896
2587,0.985009,0.19646,0.123365,0.00183476
2588,0.984884,0.176636,0.0800378,0.0044662
2589,0.984884,0.176636,0.0800378,0.0044662
2590,0.987663,0.0701371,0.111362,0.00391442
2591,0.987663,0.0701371,0.111362,0.00391442
2592,0.987663,0.0701371,0.111362,0.00391442
2593,0.986495,0.117759,0.171652,0.00157756
2594,0.982974,0.0784958,0.195608,0.000729497
2595,0.984221,0.135269,0.16131,0.0033818
2596,0.984221,0.135269,0.16131,0.0033818
2597,0.984221,0.135269,0.16131,0.0033818
2598,0.984221,0.135269,0.16131,0.0033818
2599,0.984099,0.158553,0.257919,0.00190328
2600,0.985099,0.219612,0.116794,0.00246101
2601,0.982987,0.202214,0.16084,0.00403283
2602,0.982987,0.202214,0.16084,0.00403283
2603,0.984322,0.279043,0.0908808,0.00838861
2604,0.984322,0.279043,0.0908808,0.00838861
2605,0.98116,0.287716,0.0952606,0.00763345
2606,0.983551,0.213242,0.186315,0.00213779
2607,0.983551,0.213242,0.186315,0.00213779
2608,0.986838,0.182722,0.228385,0.003287
2609,0.986838,0.182722,0.228385,0.003287
2610,0.986979,0.182191,0.156062,0.00496925
2611,0.986979,0.182191,0.156062,0.00496925
2612,0.984533,0.138461,0.208252,0.00407761
2613,0.984064,0.179657,0.156954,0.00643707
2614,0.986944,0.25495,0.174539,0.00611708
2615,0.986218,0.267852,0.153122,0.00288391
2616,0.985915,0.252862,0.250132,0.00232536
2617,0.985915,0.252862,0.250132,0.00232536
2618,0.985915,0.252862,0.250132,0.00232536
2619,0.985504,0.383955,0.225037,0.00480958
2620,0.983809,0.31983,0.0982044,0.00164994
2621,0.982897,0.188605,0.142729,0.00254273
2622,0.981462,0.207894,0.106105,0.00493946
2623,0.98097,0.19803,0.150577,0.00279919
2624,0.980657,0.137902,0.201789,0.00367843
2625,0.981193,0.113378,0.207692,0.00129834
2626,0.983817,0.21095,0.162192,0.00214264
2627,0.983817,0.21095,0.162192,0.00214264
2628,0.984868,0.244603,0.187561,0.00120037
2629,0.982719,0.22804,0.161691,0.00206644
2630,0.981384,0.164962,0.161323,0.00146389
2631,0.983746,0.183868,0.0946181,0.00318413
2632,0.983746,0.183868,0.0946181,0.00318413
2633,0.983746,0.183868,0.0946181,0.00318413
2634,0.986284,0.158536,0.0883427,0.00314952
2635,0.989202,0.0979836,0.154871,0.00176176
2636,0.987715,0.18754,0.17694,0.00383202
2637,0.987715,0.18754,0.17694,0.00383202
2638,0.987715,0.18754,0.17694,0.00383202
2639,0.987715,0.18754,0.17694,0.00383202
2640,0.987715,0.18754,0.17694,0.00383202
2641,0.987054,0.0908756,0.206202,0.000947769
2642,0.987054,0.0908756,0.206202,0.000947769
2643,0.987785,0.056564,0.164391,0.00286193
2644,0.986604,0.0497075,0.146367,0.00307484
2645,0.988405,0.0457804,0.132326,0.00138075
2646,0.991835,0.0155835,0.158106,0.00586756
2647,0.992898,0.0756926,0.219821,0.000632876
2648,0.991483,0.0681315,0.165962,0.000617832
2649,0.991483,0.0681315,0.165962,0.000617832
2650,0.991483,0.0681315,0.165962,0.000617832
2651,0.991483,0.0681315,0.165962,0.000617833
2652,0.991353,0.0381671,0.209521,0.00535768
2653,0.990233,0.0190112,0.226574,0.00402653
2654,0.987252,0.109806,0.270107,0.00281589
2655,0.987252,0.109806,0.270107,0.00281589
2656,0.985253,0.0900352,0.161859,0.00241091
2657,0.985603,0.0428258,0.212985,0.00290685
2658,0.985603,0.0428258,0.212985,0.00290685
2659,0.985603,0.0428258,0.212985,0.00290685
2660,0.98541,0.0109344,0.206103,0.00417566
2661,0.986599,0.0270555,0.235796,0.00219279
2662,0.986426,0.0116758,0.255841,0.0064441
2663,0.987161,0.0355631,0.289817,0.00023937
2664,0.987161,0.0355631,0.289817,0.00023937
2665,0.98497,0.0153592,0.228706,0.0032023
2666,0.98497,0.0153592,0.228706,0.0032023
2667,0.979941,0.0299574,0.214645,0.00303435
2668,0.979941,0.0299574,0.214645,0.00303435
2669,0.979045,0.047759,0.201206,0.00438197
2670,0.980125,0.0509433,0.219213,0.00414155
2671,0.979542,0.0776332,0.203804,0.00299179
2672,0.982595,0.0694456,0.250788,0.00336487
2673,0.980907,0.0864915,0.23981,0.00327739
2674,0.982499,0.0869635,0.281769,0.00338552
2675,0.982499,0.0869635,0.281769,0.00338552
2676,0.985071,0.102886,0.244562,0.00420623
2677,0.984302,0.158468,0.258684,0.00563999
2678,0.984302,0.158468,0.258684,0.00563999
2679,0.984302,0.158468,0.258684,0.00563999
2680,0.986252,0.140532,0.218278,0.00563412
2681,0.985573,0.137058,0.196445,0.0019706
2682,0.985282,0.293044,0.206385,0.00203003
2683,0.984702,0.231691,0.184761,0.00306305
2684,0.983836,0.205751,0.160682,0.00277331
2685,0.983516,0.150729,0.155209,0.00432144
2686,0.983516,0.150729,0.155209,0.00432144
2687,0.984343,0.126942,0.142067,0.00293586
2688,0.984435,0.0825186,0.163478,0.00293502
2689,0.984435,0.0825186,0.163478,0.00293502
2690,0.984435,0.0825186,0.163478,0.00293502
2691,0.984435,0.0825186,0.163478,0.00293502
2692,0.986612,0.0973771,0.2014,0.00409194
2693,0.986612,0.0973771,0.2014,0.00409194
2694,0.986612,0.0973771,0.2014,0.00409194
2695,0.987246,0.100465,0.144705,0.00537879
2696,0.986209,0.0818026,0.189911,0.00363087
2697,0.986209,0.0818026,0.189911,0.00363087
2698,0.987118,0.0384416,0.235058,0.00404349
2699,0.987153,0.0642998,0.27896,0.00195718
2700,0.990502,0.119301,0.374994,0.00381802
2701,0.988331,0.0869653,0.39404,0.00424188
2702,0.988137,0.0206717,0.361117,0.00524425
2703,0.988137,0.0206717,0.361117,0.00524425
2704,0.988137,0.0206717,0.361117,0.00524425
2705,0.988618,0.0565623,0.324898,0.00437897
2706,0.990727,0.0527192,0.397552,0.00112643
2707,0.990672,0.104619,0.353456,0.00160768
2708,0.99099,0.00357893,0.328058,0.00516424
2709,0.99099,0.00357893,0.328058,0.00516424
2710,0.99099,0.00357893,0.328058,0.00516424
2711,0.99099,0.00357893,0.328058,0.00516424
2712,0.988618,0.118988,0.326438,0.00432217
2713,0.988618,0.118988,0.326438,0.00432217
2714,0.988618,0.118988,0.326438,0.00432217
2715,0.988618,0.118988,0.326438,0.00432217
2716,0.985641,0.0559983,0.320772,0.00260591
2717,0.982924,0.0893828,0.353171,0.00144986
2718,0.982895,0.164528,0.35693,0.000250028
2719,0.982895,0.164528,0.35693,0.000250028
2720,0.982895,0.164528,0.35693,0.000250028
2721,0.982354,0.263238,0.461554,0.00258371
2722,0.983316,0.195666,0.331218,0.00338579
2723,0.983316,0.195666,0.331218,0.00338579
2724,0.982477,0.105338,0.361224,0.00402079
2725,0.982066,0.0403165,0.379335,0.00509784
2726,0.982066,0.0403165,0.379335,0.00509784
2727,0.979879,0.0137375,0.429111,0.000418432
2728,0.980099,0.117701,0.343429,0.00238509
2729,0.980099,0.117701,0.343429,0.00238509
2730,0.978764,0.196205,0.339557,0.00472199
2731,0.977609,0.0805602,0.525035,0.00314712
2732,0.977609,0.0805602,0.525035,0.00314712
2733,0.977691,0.138325,0.495371,0.00186449
2734,0.975243,0.184447,0.57112,0.00241626
2735,0.975243,0.184447,0.57112,0.00241626
2736,0.978126,0.193417,0.511994,0.00491482
2737,0.98198,0.257276,0.458483,0.00714051
2738,0.98198,0.257276,0.458483,0.00714051
2739,0.980296,0.218554,0.351392,0.00538658
2740,0.984384,0.203942,0.441362,0.00422315
2741,0.984384,0.203942,0.441362,0.00422315
2742,0.986266,0.207545,0.438538,0.00435048
2743,0.982183,0.162114,0.39262,0.00296655
2744,0.982183,0.162114,0.39262,0.00296655
2745,0.982183,0.162114,0.39262,0.00296655
2746,0.982302,0.121813,0.404489,0.00155786
2747,0.982302,0.121813,0.404489,0.00155786
2748,0.982302,0.121813,0.404489,0.00155786
2749,0.982302,0.121813,0.404489,0.00155786
2750,0.982302,0.121813,0.404489,0.00155786
2751,0.983948,0.0917512,0.338471,0.00445314
2752,0.983948,0.0917512,0.338471,0.00445314
2753,0.981067,0.123266,0.370288,0.00319724
2754,0.979369,0.159395,0.383246,0.00359215
2755,0.977004,0.190486,0.312445,0.000581675
2756,0.977004,0.190486,0.312445,0.000581675
2757,0.97635,0.163275,0.431831,0.00577072
2758,0.975851,0.208885,0.537045,0.00564848
2759,0.976496,0.152735,0.382207,0.0067403
2760,0.974863,0.079389,0.362061,0.00253608
2761,0.974436,0.138714,0.368401,0.00396062
2762,0.974436,0.138714,0.368401,0.00396062
2763,0.974436,0.138714,0.368401,0.00396062
2764,0.974436,0.138714,0.368401,0.00396062
2765,0.974436,0.138714,0.368401,0.00396062
2766,0.976052,0.10462,0.428923,0.00146756
2767,0.983066,0.116724,0.322788,0.00347289
2768,0.983066,0.116724,0.322788,0.00347289
2769,0.985406,0.148979,0.400458,0.00413237
2770,0.984913,0.0606442,0.3655,0.00745889
2771,0.982152,0.0834508,0.454766,0.00496296
2772,0.981221,0.0293983,0.33958,0.0030651
2773,0.981221,0.0293983,0.33958,0.0030651
2774,0.981235,0.0429491,0.313789,0.0017902
2775,0.98172,0.087159,0.262509,0.00357695
2776,0.981731,0.0465567,0.260087,0.00202484
2777,0.984624,0.166824,0.357673,0.00243128
2778,0.983614,0.15452,0.38668,0.0022089
2779,0.986012,0.124076,0.328728,0.0035191
2780,0.986001,0.0749962,0.305304,0.00250923
2781,0.986001,0.0749962,0.305304,0.00250923
2782,0.986001,0.0749962,0.305304,0.00250923
2783,0.988176,0.118309,0.34704,0.0024032
2784,0.988933,0.173046,0.329704,0.00464988
2785,0.98719,0.199793,0.375965,0.00295793
2786,0.986591,0.146689,0.391888,0.00346282
2787,0.985565,0.0590994,0.414295,0.00418316
2788,0.985565,0.0590994,0.414295,0.00418316
2789,0.987292,0.0985777,0.449774,0.00443522
2790,0.986768,0.0627537,0.301812,0.00418922
2791,0.987177,0.0398682,0.307335,0.0030388
2792,0.98856,0.0963872,0.325751,0.00419739
2793,0.98856,0.0963872,0.325751,0.00419739
2794,0.985883,0.112056,0.241305,0.00205795
2795,0.985883,0.112056,0.241305,0.00205795
2796,0.985883,0.112056,0.241305,0.00205795
2797,0.984914,0.0829371,0.241883,0.00472473
2798,0.984914,0.0829371,0.241883,0.00472473
2799,0.981889,0.0879261,0.264864,0.0048231
2800,0.98088,0.140653,0.257759,0.00128828
2801,0.98088,0.140653,0.257759,0.00128828
2802,0.983768,0.131019,0.219052,0.00824311
2803,0.983768,0.131019,0.219052,0.00824311
2804,0.983768,0.131019,0.219052,0.00824311
2805,0.985876,0.0850489,0.18254,0.00633447
2806,0.985876,0.0850489,0.18254,0.00633447
2807,0.984922,0.0795095,0.259678,0.00651243
2808,0.983083,0.0763378,0.29754,0.00551551
2809,0.98456,0.116795,0.302704,0.00471837
2810,0.984287,0.113656,0.285646,0.00266496
2811,0.983618,0.0617699,0.313498,0.00292685
2812,0.983618,0.0617699,0.313498,0.00292685
2813,0.981684,0.0698777,0.300098,0.00582531
2814,0.982617,0.11796,0.28881,0.00325773
2815,0.982617,0.11796,0.28881,0.00325773
2816,0.980253,0.101933,0.297316,0.0029995
2817,0.982744,0.175682,0.30015,0.00635092
2818,0.982744,0.175682,0.30015,0.00635092
2819,0.983895,0.156048,0.318982,0.00436256
2820,0.983476,0.184185,0.362668,0.00360426
2821,0.985109,0.219764,0.24897,0.0022974
2822,0.985109,0.219764,0.24897,0.0022974
2823,0.983858,0.205369,0.266784,0.00616252
2824,0.983858,0.205369,0.266784,0.00616252
2825,0.983858,0.205369,0.266784,0.00616252
2826,0.983593,0.276243,0.267145,0.00386503
2827,0.983593,0.276243,0.267145,0.00386503
2828,0.983593,0.276243,0.267145,0.00386503
2829,0.983593,0.276243,0.267145,0.00386503
2830,0.983593,0.276243,0.267145,0.00386503
2831,0.985228,0.296386,0.251034,0.001679
2832,0.985228,0.296386,0.251034,0.001679
2833,0.988185,0.223639,0.207682,0.00167041
2834,0.987706,0.171301,0.322878,0.000817887
2835,0.987124,0.230567,0.270351,0.00511273
2836,0.987124,0.230567,0.270351,0.00511273
2837,0.987124,0.230567,0.270351,0.00511273
2838,0.987133,0.224145,0.372554,0.0015031
2839,0.983632,0.168086,0.347078,0.00647675
2840,0.985758,0.254426,0.246437,0.000676791
2841,0.985713,0.199411,0.303517,0.00225749
2842,0.98727,0.179355,0.279972,0.0052621
2843,0.989555,0.168649,0.354502,0.00310428
2844,0.985069,0.202006,0.379266,0.00201414
2845,0.983007,0.171146,0.322625,0.00141326
2846,0.986993,0.209083,0.312885,0.00256118
2847,0.98926,0.20758,0.307036,0.00123385
2848,0.98926,0.20758,0.307036,0.00123385
2849,0.98926,0.20758,0.307036,0.00123385
2850,0.98926,0.20758,0.307036,0.00123385
2851,0.98926,0.20758,0.307036,0.00123385
2852,0.98926,0.20758,0.307036,0.00123385
2853,0.98926,0.20758,0.307036,0.00123385
2854,0.98926,0.20758,0.307036,0.00123385
2855,0.98926,0.20758,0.307036,0.00123385
2856,0.987542,0.249544,0.32616,0.00147629
2857,0.985322,0.220719,0.300549,0.00488334
2858,0.984528,0.307844,0.354342,0.00564886
2859,0.984679,0.229686,0.358894,0.00119286
2860,0.984679,0.229686,0.358894,0.00119286
2861,0.98638,0.296696,0.32202,0.00451724
2862,0.98638,0.296696,0.32202,0.00451724
2863,0.98502,0.323212,0.393194,0.0028478
2864,0.982659,0.314436,0.285016,0.00235775
2865,0.980845,0.323054,0.211077,0.00395626
2866,0.980845,0.323054,0.211077,0.00395626
2867,0.981526,0.383156,0.298176,0.00275346
2868,0.981526,0.383156,0.298176,0.00275346
2869,0.985228,0.304975,0.317931,0.00480492
2870,0.984075,0.288779,0.293555,0.000587812
2871,0.982512,0.273902,0.198983,0.00392861
2872,0.98322,0.226927,0.188726,0.00350853
2873,0.98322,0.226927,0.188726,0.00350853
2874,0.98322,0.226927,0.188726,0.00350853
2875,0.985492,0.161394,0.190802,0.00337192
2876,0.985492,0.161394,0.190802,0.00337192
2877,0.984209,0.176746,0.231942,0.00441952
2878,0.984209,0.176746,0.231942,0.00441952
2879,0.985702,0.206712,0.204533,0.00430878
2880,0.985428,0.221535,0.236943,0.00176209
2881,0.985502,0.263115,0.298625,0.00243917
2882,0.985502,0.263115,0.298625,0.00243917
2883,0.983704,0.194428,0.275204,0.00366779
2884,0.982258,0.232031,0.275028,0.00543354
2885,0.982258,0.232031,0.275028,0.00543354
2886,0.98169,0.229252,0.250226,0.00689738
2887,0.98169,0.229252,0.250226,0.00689738
2888,0.980517,0.227809,0.296209,0.00229001
2889,0.979751,0.228883,0.253492,0.000503183
2890,0.979751,0.228883,0.253492,0.000503183
2891,0.979825,0.271842,0.233531,0.00242554
2892,0.979825,0.271842,0.233531,0.00242554
2893,0.979825,0.271842,0.233531,0.00242554
2894,0.98004,0.317369,0.203171,0.000850981
2895,0.984014,0.32851,0.194364,0.00422478
2896,0.984781,0.314142,0.278489,0.00404337
2897,0.982025,0.270531,0.274291,0.0063043
2898,0.984639,0.279294,0.279377,0.00673434
2899,0.987044,0.305208,0.254351,0.00251496
2900,0.987039,0.244286,0.222362,0.00383591
2901,0.985654,0.253082,0.169683,0.00126798
2902,0.985654,0.253082,0.169683,0.00126798
2903,0.986271,0.321974,0.194005,8.72409e-05
2904,0.986271,0.321974,0.194005,8.72409e-05
2905,0.986271,0.321974,0.194005,8.72409e-05
2906,0.986271,0.321974,0.194005,8.72409e-05
2907,0.983371,0.301562,0.198655,0.0019481
2908,0.983371,0.301562,0.198655,0.0019481
2909,0.984233,0.342853,0.214507,0.00512851
2910,0.983812,0.269731,0.238869,0.00171036
2911,0.983812,0.269731,0.238869,0.00171036
2912,0.984079,0.266099,0.230612,0.00064033
2913,0.984079,0.266099,0.230612,0.00064033
2914,0.984957,0.304583,0.20178,0.000633067
2915,0.984957,0.304583,0.20178,0.000633067
2916,0.986014,0.295606,0.256348,0.000900063
2917,0.986014,0.295606,0.256348,0.000900063
2918,0.986014,0.295606,0.256348,0.000900063
2919,0.984483,0.353333,0.192136,0.00387464
2920,0.982962,0.372436,0.163037,0.00190823
2921,0.982962,0.372436,0.163037,0.00190823
2922,0.982962,0.372436,0.163037,0.00190823
2923,0.982962,0.372436,0.163037,0.00190823
2924,0.97874,0.301698,0.218532,0.00461963
2925,0.97874,0.301698,0.218532,0.00461963
2926,0.97874,0.301698,0.218532,0.00461963
2927,0.980428,0.357506,0.162367,0.00148128
2928,0.979255,0.353526,0.203938,0.00262352
2929,0.982794,0.421654,0.160521,0.00225422
2930,0.982794,0.421654,0.160521,0.00225422
2931,0.982794,0.421654,0.160521,0.00225422
2932,0.985097,0.308033,0.195923,0.0040771
2933,0.985097,0.308033,0.195923,0.0040771
2934,0.985097,0.308033,0.195923,0.0040771
2935,0.985097,0.308033,0.195923,0.0040771
2936,0.985557,0.422392,0.183959,0.00412204
2937,0.98749,0.400017,0.175582,0.00341309
2938,0.98749,0.400017,0.175582,0.00341309
2939,0.989992,0.44812,0.0908436,0.0055412
2940,0.989992,0.44812,0.0908436,0.0055412
2941,0.985748,0.38642,0.21236,0.00494653
2942,0.988693,0.272788,0.144666,0.00353515
2943,0.988693,0.272788,0.144666,0.00353515
2944,0.988103,0.341163,0.190745,0.00476854
2945,0.988103,0.341163,0.190745,0.00476854
2946,0.984871,0.34495,0.175308,0.00220977
2947,0.98401,0.384449,0.170641,0.00559168
2948,0.985348,0.321578,0.20361,0.00086277
2949,0.984079,0.35209,0.100419,0.00291884
2950,0.984079,0.35209,0.100419,0.00291884
2951,0.984079,0.35209,0.100419,0.00291884
2952,0.980079,0.285633,0.175179,0.00453212
2953,0.980079,0.285633,0.175179,0.00453212
2954,0.981058,0.255181,0.130797,0.00398018
2955,0.981058,0.255181,0.130797,0.00398018
2956,0.981058,0.255181,0.130797,0.00398018
2957,0.981058,0.255181,0.130797,0.00398018
2958,0.982121,0.287006,0.199471,0.00248669
2959,0.982121,0.287006,0.199471,0.00248669
2960,0.982121,0.287006,0.199471,0.00248669
2961,0.979364,0.261137,0.255716,0.00232545
2962,0.977366,0.278381,0.212438,0.00164923
2963,0.981985,0.344888,0.243977,0.000434438
2964,0.981985,0.344888,0.243977,0.000434438
2965,0.981985,0.344888,0.243977,0.000434438
2966,0.981113,0.321916,0.167451,0.00579108
2967,0.981259,0.286042,0.13423,0.00152452
2968,0.981259,0.286042,0.13423,0.00152452
2969,0.981259,0.286042,0.13423,0.00152452
2970,0.982714,0.363254,0.175267,0.00387839
2971,0.982714,0.363254,0.175267,0.00387839
2972,0.985104,0.390409,0.128111,0.00301524
2973,0.985104,0.390409,0.128111,0.00301524
2974,0.981655,0.374176,0.153362,0.00171374
2975,0.979911,0.336216,0.105719,0.00980842
2976,0.980463,0.324138,0.0915349,0.00208635
2977,0.980463,0.324138,0.0915349,0.00208635
2978,0.980077,0.354201,0.074696,0.00230925
2979,0.975954,0.308321,0.140472,0.00192511
2980,0.974321,0.280771,0.0925849,0.0035571
2981,0.97604,0.368224,0.143577,0.00380804
2982,0.978171,0.371158,0.251071,0.00296158
2983,0.976563,0.406437,0.161198,0.00439191
2984,0.980274,0.380723,0.128589,0.00591884
2985,0.980274,0.380723,0.128589,0.00591884
2986,0.985089,0.419419,0.192659,0.00422436
2987,0.984288,0.392466,0.0565705,0.00648404
2988,0.981022,0.298891,0.100447,0.00471358
2989,0.980421,0.250758,0.0353593,0.00314943
2990,0.980597,0.283575,0.115294,0.0044654
2991,0.980597,0.283575,0.115294,0.0044654
2992,0.979753,0.318896,0.144732,0.00235563
2993,0.981356,0.249357,0.16574,0.00156114
2994,0.981356,0.249357,0.16574,0.00156114
2995,0.983289,0.269979,0.108037,0.00684756
2996,0.983289,0.269979,0.108037,0.00684756
2997,0.983172,0.246099,0.186401,0.00135825
2998,0.985123,0.278856,0.157691,0.0044533
2999,0.982975,0.249139,0.155326,0.00527526
3000,0.983275,0.235804,0.105284,0.000161997
3001,0.983275,0.235804,0.105284,0.000161997
3002,0.978576,0.186079,0.180373,0.00446646
3003,0.978753,0.168912,0.0884549,0.00238642
3004,0.97826,0.273656,0.131733,0.00184505
3005,0.978274,0.245252,0.15494,0.00211003
3006,0.978274,0.245252,0.15494,0.00211003
3007,0.978274,0.245252,0.15494,0.00211003
3008,0.976806,0.174462,0.114965,0.00251669
3009,0.976806,0.174462,0.114965,0.00251669
3010,0.977204,0.239111,0.131803,0.00404126
3011,0.977371,0.315485,0.167538,0.00294904
3012,0.975876,0.215963,0.190817,0.00477307
3013,0.974039,0.322903,0.212343,0.00142642
3014,0.972389,0.379107,0.183002,0.00310129
3015,0.973688,0.318802,0.229754,0.00474666
3016,0.974846,0.302154,0.168975,0.00250065
3017,0.977098,0.322962,0.230987,0.000391239
3018,0.97786,0.282738,0.203321,0.00205761
3019,0.978754,0.197495,0.254148,0.00691129
3020,0.978754,0.197495,0.254148,0.00691129
3021,0.98,0.177449,0.281404,0.00336325
3022,0.980967,0.168546,0.266364,0.00313607
3023,0.980412,0.204613,0.294827,0.000460302
3024,0.980137,0.256085,0.264086,0.0055747
3025,0.980137,0.256085,0.264086,0.0055747
3026,0.979285,0.304668,0.24886,0.00262825
3027,0.979285,0.304668,0.24886,0.00262825
3028,0.979285,0.304668,0.24886,0.00262825
3029,0.979285,0.304668,0.24886,0.00262825
3030,0.979413,0.240667,0.286968,0.00228577
3031,0.979072,0.237963,0.350491,0.00341321
3032,0.978103,0.19141,0.293041,0.00345481
3033,0.979292,0.127079,0.251818,0.00339108
3034,0.979292,0.127079,0.251818,0.00339108
3035,0.978338,0.234867,0.16756,0.00201157
3036,0.980326,0.259892,0.175522,0.00258685
3037,0.980326,0.259892,0.175522,0.00258685
3038,0.980326,0.259892,0.175522,0.00258685
3039,0.980326,0.259892,0.175522,0.00258685
3040,0.984669,0.220164,0.155993,0.0012534
3041,0.984669,0.220164,0.155993,0.0012534
3042,0.981997,0.20698,0.211881,0.00278088
3043,0.981997,0.20698,0.211881,0.00278088
3044,0.981997,0.20698,0.211881,0.00278088
3045,0.981809,0.221811,0.199539,0.00141572
3046,0.982503,0.3182,0.186312,0.00350048
3047,0.982503,0.3182,0.186312,0.00350048
3048,0.982286,0.33312,0.117774,0.00128305
3049,0.982026,0.335207,0.0694509,0.00468633
3050,0.982851,0.294425,0.126598,0.00525399
3051,0.97968,0.300439,0.137237,0.00233931
3052,0.980931,0.28991,0.115375,0.00326312
3053,0.980931,0.28991,0.115375,0.00326312
3054,0.980931,0.28991,0.115375,0.00326312
3055,0.980931,0.28991,0.115375,0.00326312
3056,0.980931,0.28991,0.115375,0.00326312
3057,0.980931,0.28991,0.115375,0.00326312
3058,0.980931,0.28991,0.115375,0.00326312
3059,0.983458,0.287999,0.109607,0.00445561
3060,0.983458,0.287999,0.109607,0.00445561
3061,0.983458,0.287999,0.109607,0.00445561
3062,0.983679,0.311689,0.0845063,0.00507183
3063,0.983679,0.311689,0.0845063,0.00507183
3064,0.983679,0.311689,0.0845063,0.00507183
3065,0.983679,0.311689,0.0845063,0.00507183
3066,0.983574,0.254143,0.154719,0.00415535
3067,0.985508,0.260704,0.0871303,0.00317516
3068,0.985508,0.260704,0.0871303,0.00317516
3069,0.985508,0.260704,0.0871303,0.00317516
3070,0.985508,0.260704,0.0871303,0.00317516
3071,0.985366,0.422687,0.0777348,0.00454652
3072,0.986566,0.300466,0.0668339,0.00407414
3073,0.984945,0.286692,0.0996745,0.00431536
3074,0.983128,0.337715,0.202097,0.00333291
3075,0.984044,0.362516,0.212091,0.00312527
3076,0.981693,0.350651,0.136988,0.00571519
3077,0.980434,0.284193,0.144706,0.00376845
3078,0.979233,0.310299,0.159195,0.00551584
3079,0.97864,0.295084,0.208651,0.00258557
3080,0.983026,0.387811,0.152458,0.00429969
3081,0.981374,0.301399,0.138784,0.00121839
3082,0.98748,0.352209,0.208531,0.00519743
3083,0.98748,0.352209,0.208531,0.00519743
3084,0.98929,0.312717,0.309489,0.00676508
3085,0.987794,0.341303,0.314437,0.00045099
3086,0.987794,0.341303,0.314437,0.00045099
3087,0.987794,0.341303,0.314437,0.00045099
3088,0.986713,0.315886,0.221313,0.00234441
3089,0.986713,0.315886,0.221313,0.00234441
3090,0.983402,0.324753,0.250767,0.00449268
3091,0.983402,0.324753,0.250767,0.00449268
3092,0.983402,0.324753,0.250767,0.00449268
3093,0.980455,0.366151,0.14102,0.0051255
3094,0.979311,0.33376,0.135571,0.00178969
3095,0.979311,0.33376,0.135571,0.00178969
3096,0.976737,0.399073,0.143907,0.00673813
3097,0.978297,0.373402,0.19641,0.00564531
3098,0.977482,0.349778,0.267779,0.00634333
3099,0.981004,0.342236,0.147553,0.00586677
3100,0.981004,0.342236,0.147553,0.00586677
3101,0.981004,0.342236,0.147553,0.00586677
3102,0.982131,0.31624,0.100387,0.00447697
3103,0.981762,0.267904,0.17517,0.00347772
3104,0.981762,0.267904,0.17517,0.00347772
3105,0.981689,0.343334,0.149371,0.00108027
3106,0.983125,0.311305,0.20191,0.00270025
3107,0.982532,0.352811,0.221143,0.00416006
3108,0.982682,0.352037,0.217679,0.00151785
3109,0.982769,0.385556,0.274486,0.00214835
3110,0.982769,0.385556,0.274486,0.00214835
3111,0.981831,0.378881,0.196407,0.00353484
3112,0.981831,0.378881,0.196407,0.00353484
3113,0.981831,0.378881,0.196407,0.00353484
3114,0.98298,0.343759,0.26017,0.00304728
3115,0.98298,0.343759,0.26017,0.00304728
3116,0.982427,0.366926,0.301352,0.00486555
3117,0.98259,0.358464,0.357462,0.000925173
3118,0.98259,0.358464,0.357462,0.000925173
3119,0.985546,0.259781,0.388903,0.00382382
3120,0.981652,0.313792,0.232709,0.00634956
3121,0.982453,0.285226,0.272741,0.00665175
3122,0.982453,0.285226,0.272741,0.00665175
3123,0.982484,0.121513,0.237852,0.00138403
3124,0.985305,0.202908,0.232886,0.0013696
3125,0.983437,0.140713,0.235033,0.00282929
3126,0.981804,0.117964,0.177664,0.00163312
3127,0.985205,0.0942123,0.266336,0.00498656
3128,0.98181,0.0678092,0.246235,0.00102971
3129,0.98181,0.0678092,0.246235,0.00102971
3130,0.981863,0.0911737,0.235355,0.00411175
3131,0.981192,0.0961159,0.224054,0.00433968
3132,0.98325,0.0417186,0.251188,0.00562244
3133,0.98435,0.0640258,0.279215,0.00345691
3134,0.982395,0.0711008,0.230254,0.00322685
3135,0.984436,0.10374,0.225883,0.003153
3136,0.984436,0.10374,0.225883,0.003153
3137,0.984625,0.0813225,0.213006,0.0026531
3138,0.985271,0.0674209,0.223633,0.00236554
3139,0.985271,0.0674209,0.223633,0.00236554
3140,0.985271,0.0674209,0.223633,0.00236554
3141,0.985271,0.0674209,0.223633,0.00236554
3142,0.986352,0.129865,0.193931,0.00128484
3143,0.984417,0.124737,0.229534,0.00277885
3144,0.984884,0.0862468,0.220264,0.00388922
3145,0.984884,0.0862468,0.220264,0.00388922
3146,0.98618,0.162772,0.232471,0.00298343
3147,0.986446,0.142997,0.186198,0.00231571
3148,0.986446,0.142997,0.186198,0.00231571
3149,0.986446,0.142997,0.186198,0.00231571
3150,0.987837,0.221266,0.222053,0.00275294
3151,0.98961,0.206709,0.26047,0.00290966
3152,0.988574,0.176532,0.234513,0.00181345
3153,0.987636,0.205747,0.188392,0.000990008
3154,0.986586,0.19354,0.224424,0.000716337
3155,0.984075,0.163901,0.131913,0.00279027
3156,0.984075,0.163901,0.131913,0.00279027
3157,0.982906,0.157382,0.146922,0.00146905
3158,0.983215,0.0670506,0.121006,0.00137409
3159,0.983215,0.0670506,0.121006,0.00137409
3160,0.981722,0.0637521,0.159201,0.00302392
3161,0.986309,0.0376973,0.155587,0.00426223
3162,0.986309,0.0376973,0.155587,0.00426223
3163,0.986309,0.0376973,0.155587,0.00426223
3164,0.983895,0.0922706,0.111079,0.00317612
3165,0.983895,0.0922706,0.111079,0.00317612
3166,0.983895,0.0922706,0.111079,0.00317612
3167,0.982576,0.0894747,0.138773,0.00638033
3168,0.982576,0.0894747,0.138773,0.00638033
3169,0.982576,0.0894747,0.138773,0.00638033
3170,0.981687,0.12128,0.141199,0.00222106
3171,0.981687,0.12128,0.141199,0.00222106
3172,0.980773,0.14362,0.0892908,0.000845908
3173,0.980773,0.14362,0.0892908,0.000845908
3174,0.980787,0.104832,0.137603,0.00359809
3175,0.980787,0.104832,0.137603,0.00359809
3176,0.981921,0.0782309,0.0582538,0.0017681
3177,0.985796,0.0941251,0.121766,0.00384105
3178,0.980779,0.11319,0.109747,0.0029787
3179,0.982549,0.0860516,0.14907,0.00112516
3180,0.982549,0.0860516,0.14907,0.00112516
3181,0.982549,0.0860516,0.14907,0.00112516
3182,0.980484,0.170792,0.0638886,0.00189105
3183,0.982525,0.218815,0.0619565,0.00133108
3184,0.983631,0.246932,0.0480907,0.00492481
3185,0.983631,0.246932,0.0480907,0.00492481
3186,0.983631,0.246932,0.0480907,0.00492481
3187,0.98287,0.303782,0.0580365,0.00213693
3188,0.982905,0.343945,0.0191466,0.0052258
3189,0.983015,0.27693,0.0605189,0.0014764
3190,0.983015,0.27693,0.0605189,0.0014764
3191,0.980553,0.218626,0.0332504,0.00201849
3192,0.980553,0.218626,0.0332504,0.00201849
3193,0.97938,0.161943,0.0715677,0.00110276
3194,0.980224,0.193165,0.177453,0.000509324
3195,0.980224,0.193165,0.177453,0.000509324
3196,0.980224,0.193165,0.177453,0.000509324
3197,0.980224,0.193165,0.177453,0.000509324
3198,0.982061,0.331998,0.120075,0.0020033
3199,0.983314,0.224406,0.123119,0.00599539
3200,0.983347,0.234487,0.141447,0.00357482
3201,0.98039,0.217315,0.120405,0.000438844
3202,0.979305,0.154872,0.120639,0.000775707
3203,0.976794,0.157948,0.0983516,0.00148914
3204,0.978611,0.275133,0.114684,0.00289609
3205,0.978933,0.234453,0.058544,0.0050604
3206,0.98263,0.331994,0.0791137,0.00225028
3207,0.984598,0.309416,0.118995,0.0063943
3208,0.985449,0.284684,0.116949,0.00129684
3209,0.985449,0.284684,0.116949,0.00129684
3210,0.987,0.295095,0.132323,0.00127846
3211,0.987,0.295095,0.132323,0.00127846
3212,0.985815,0.357162,0.114948,0.00281224
3213,0.985247,0.329674,0.13384,0.0044212
3214,0.985247,0.329674,0.13384,0.0044212
3215,0.984894,0.418671,0.0719168,0.0021872
3216,0.984894,0.418671,0.0719168,0.0021872
3217,0.984894,0.418671,0.0719168,0.0021872
3218,0.984894,0.418671,0.0719168,0.0021872
3219,0.984894,0.418671,0.0719168,0.0021872
3220,0.984894,0.418671,0.0719168,0.0021872
3221,0.98391,0.275262,0.143711,0.0054359
3222,0.98175,0.189962,0.134245,0.00417849
3223,0.983665,0.268236,0.127235,0.00372479
3224,0.983665,0.268236,0.127235,0.00372479
3225,0.980262,0.243834,0.262304,0.00159729
3226,0.981053,0.19747,0.220365,0.000735392
3227,0.982961,0.262767,0.226496,0.00174325
3228,0.980918,0.281829,0.274429,0.00231378
3229,0.98383,0.302356,0.275849,0.00290523
3230,0.982919,0.317863,0.237596,0.00389762
3231,0.982919,0.317863,0.237596,0.00389762
3232,0.983116,0.285018,0.21118,0.00358749
3233,0.987076,0.325112,0.293627,0.00207189
3234,0.987076,0.325112,0.293627,0.00207189
3235,0.987076,0.325112,0.293627,0.00207189
3236,0.98489,0.313715,0.262427,0.00330253
3237,0.985125,0.380498,0.248705,0.00306869
3238,0.983481,0.219193,0.281646,0.00367933
3239,0.983481,0.219193,0.281646,0.00367933
3240,0.984246,0.316185,0.284309,0.00391327
3241,0.983116,0.337834,0.287847,0.00314998
3242,0.984183,0.339762,0.166103,0.00214241
3243,0.984183,0.339762,0.166103,0.00214241
3244,0.984183,0.339762,0.166103,0.00214241
3245,0.981606,0.338084,0.202873,0.00500572
3246,0.982053,0.350432,0.222102,0.00657445
3247,0.982053,0.350432,0.222102,0.00657445
3248,0.980847,0.296541,0.202274,0.00373104
3249,0.980847,0.296541,0.202274,0.00373104
3250,0.97823,0.370383,0.206058,0.0030377
3251,0.97823,0.370383,0.206058,0.0030377
3252,0.979777,0.374791,0.192914,0.00262423
3253,0.98051,0.432806,0.180564,0.000580773
3254,0.98051,0.432806,0.180564,0.000580773
3255,0.981545,0.431156,0.223367,0.00267338
3256,0.985359,0.385875,0.155957,0.00206309
3257,0.988826,0.29618,0.189687,0.00557068
3258,0.987184,0.335928,0.113063,0.00103912
3259,0.987184,0.335928,0.113063,0.00103912
3260,0.987184,0.335928,0.113063,0.00103912
3261,0.987671,0.175541,0.0992912,0.00233637
3262,0.987671,0.175541,0.0992912,0.00233637
3263,0.989849,0.22026,0.119049,0.00648932
3264,0.989849,0.22026,0.119049,0.00648932
3265,0.989849,0.22026,0.119049,0.00648932
3266,0.989849,0.22026,0.119049,0.00648932
3267,0.989801,0.263476,0.0868916,0.00165397
3268,0.986696,0.265638,0.189604,0.00206792
3269,0.987152,0.267605,0.113955,0.00246024
3270,0.987152,0.267605,0.113955,0.00246024
3271,0.986111,0.294228,0.159067,0.00659346
3272,0.986111,0.294228,0.159067,0.00659346
3273,0.983879,0.265604,0.175558,0.00262131
3274,0.983879,0.265604,0.175558,0.00262131
3275,0.980791,0.244757,0.157361,0.00619655
3276,0.980791,0.244757,0.157361,0.00619655
3277,0.978826,0.247638,0.196985,0.00282943
3278,0.979184,0.179631,0.164055,0.000451283
3279,0.979131,0.215295,0.230972,0.00332438
3280,0.978112,0.25935,0.242647,0.00348585
3281,0.979198,0.278638,0.252652,0.00684705
3282,0.97915,0.24979,0.261618,0.00215351
3283,0.976845,0.31607,0.2146,0.00244131
3284,0.976845,0.31607,0.2146,0.00244131
3285,0.977617,0.189263,0.161637,0.00375074
3286,0.978197,0.206902,0.186073,0.00369248
3287,0.977811,0.252555,0.1661,0.00146279
3288,0.975516,0.170613,0.202572,0.00498764
3289,0.9739,0.0693854,0.14554,0.000775422
3290,0.97287,0.0701931,0.147663,0.00691846
3291,0.97287,0.0701931,0.147663,0.00691846
3292,0.97287,0.0701931,0.147663,0.00691846
3293,0.97287,0.0701931,0.147663,0.00691846
3294,0.971937,0.156379,0.16637,0.00165495
3295,0.971081,0.161087,0.122063,0.0030537
3296,0.972828,0.181202,0.111202,0.00401191
3297,0.972807,0.152488,0.13652,0.00850269
3298,0.971617,0.156801,0.195388,0.000826648
3299,0.971617,0.156801,0.195388,0.000826648
3300,0.973626,0.143408,0.268769,0.0073471
3301,0.975189,0.197495,0.317913,0.0076377
3302,0.975189,0.197495,0.317913,0.0076377
3303,0.975189,0.197495,0.317913,0.0076377
3304,0.976091,0.120189,0.233431,0.000821204
3305,0.976091,0.120189,0.233431,0.000821204
3306,0.976341,0.242806,0.198297,0.00273897
3307,0.97904,0.251926,0.198762,0.00430754
3308,0.97904,0.251926,0.198762,0.00430754
3309,0.980736,0.235882,0.262553,0.00304017
3310,0.980736,0.235882,0.262553,0.00304017
3311,0.980772,0.213324,0.25894,0.00283438
3312,0.981805,0.232519,0.255512,0.00487759
3313,0.981594,0.227902,0.312661,0.000786141
3314,0.979759,0.283018,0.348165,0.00109749
3315,0.976398,0.193584,0.412855,0.00630162
3316,0.976398,0.193584,0.412855,0.00630162
3317,0.974551,0.246471,0.368554,0.000413211
3318,0.974551,0.246471,0.368554,0.000413211
3319,0.975956,0.247378,0.348608,0.00391067
3320,0.977818,0.115242,0.243966,0.00548798
3321,0.977162,0.115243,0.262931,0.00722955
3322,0.977466,0.0717893,0.262336,0.00664654
3323,0.97651,0.134741,0.186127,0.00337056
3324,0.976285,0.197922,0.182378,0.00267725
3325,0.975662,0.0761784,0.212689,0.00215607
3326,0.978148,0.109243,0.164772,0.00438949
3327,0.979681,0.180793,0.212533,0.00323793
3328,0.979681,0.180793,0.212533,0.00323793
3329,0.979681,0.180793,0.212533,0.00323793
3330,0.980856,0.160312,0.225099,0.00497157
3331,0.983333,0.155563,0.154682,0.00970159
3332,0.982764,0.168992,0.153583,0.00225942
3333,0.982764,0.168992,0.153583,0.00225942
3334,0.983195,0.226846,0.153865,0.00208057
3335,0.986559,0.177165,0.211564,0.00440584
3336,0.988931,0.144476,0.200611,0.00108972
3337,0.99061,0.0910516,0.106239,0.00397058
3338,0.989531,0.103445,0.154711,0.00360219
3339,0.988589,0.0800731,0.106621,0.00360351
3340,0.989142,0.0296625,0.100042,0.00648473
3341,0.989142,0.0296625,0.100042,0.00648473
3342,0.987975,0.0658268,0.071018,0.00545626
3343,0.987975,0.0658268,0.071018,0.00545626
3344,0.987708,0.175516,0.158295,0.00203169
3345,0.986601,0.155767,0.119604,0.00296612
3346,0.985134,0.189446,0.0819427,0.0024718
3347,0.985134,0.189446,0.0819427,0.0024718
3348,0.985134,0.189446,0.0819427,0.0024718
3349,0.985636,0.111962,0.12325,0.00239706
3350,0.985636,0.111962,0.12325,0.00239706
3351,0.982349,0.182416,0.0710804,0.00452594
3352,0.984278,0.121355,0.133227,0.00391018
3353,0.984767,0.147195,0.251152,0.00395779
3354,0.984767,0.147195,0.251152,0.00395779
3355,0.984767,0.147195,0.251152,0.00395779
3356,0.984115,0.183937,0.21478,0.00325013
3357,0.984115,0.183937,0.21478,0.00325013
3358,0.985485,0.0900128,0.252309,0.00540113
3359,0.985595,0.108833,0.196346,0.00658308
3360,0.985595,0.108833,0.196346,0.00658308
3361,0.989314,0.113698,0.148117,0.00422917
3362,0.98879,0.177888,0.154935,0.00601402
3363,0.989368,0.113948,0.121418,0.000511189
3364,0.988701,0.22618,0.183713,0.00318847
3365,0.987284,0.181981,0.193585,0.0041147
3366,0.986561,0.220863,0.244511,0.0025604
3367,0.988548,0.312753,0.320374,0.00462265
3368,0.988548,0.312753,0.320374,0.00462265
3369,0.988548,0.312753,0.320374,0.00462265
3370,0.986265,0.306642,0.309016,0.00277542
3371,0.985274,0.258041,0.304186,0.00552455
3372,0.9849,0.273079,0.195488,0.00453855
3373,0.9849,0.273079,0.195488,0.00453855
3374,0.983601,0.222644,0.204107,0.00164139
3375,0.983601,0.222644,0.204107,0.00164139
3376,0.984618,0.307633,0.266617,0.00317736
3377,0.984409,0.213184,0.246004,0.0029358
3378,0.984409,0.213184,0.246004,0.0029358
3379,0.984409,0.213184,0.246004,0.0029358
3380,0.984409,0.213184,0.246004,0.0029358
3381,0.982611,0.107915,0.25246,0.00195233
3382,0.98461,0.109184,0.37281,0.00366942
3383,0.985445,0.211511,0.329322,0.00333061
3384,0.984533,0.127493,0.333476,0.0038925
3385,0.985981,0.133271,0.314433,0.00111259
3386,0.982617,0.127259,0.306922,0.00677347
3387,0.981745,0.0683721,0.236892,0.00347257
3388,0.981745,0.0683721,0.236892,0.00347257
3389,0.98479,0.0938468,0.315851,0.00506399
3390,0.98479,0.0938468,0.315851,0.00506399
3391,0.98479,0.0938468,0.315851,0.00506399
3392,0.982901,0.0524651,0.264766,0.00432754
3393,0.985415,0.061991,0.278012,0.0035007
3394,0.985415,0.061991,0.278012,0.0035007
3395,0.984971,0.0171655,0.405498,0.00180649
3396,0.984971,0.0171655,0.405498,0.00180649
3397,0.986059,0.0370153,0.233072,0.00192217
3398,0.981653,0.0766592,0.349648,0.00578586
3399,0.980255,0.175272,0.274277,0.00609778
3400,0.980255,0.175272,0.274277,0.00609778
3401,0.980255,0.175272,0.274277,0.00609778
3402,0.980255,0.175272,0.274277,0.00609778
3403,0.983288,0.124528,0.243289,0.00487636
3404,0.980257,0.16437,0.183308,0.00216151
3405,0.978898,0.113683,0.211247,0.00592666
3406,0.979323,0.146798,0.178616,0.00415497
3407,0.979323,0.146798,0.178616,0.00415497
3408,0.976524,0.0762143,0.178839,0.00210219
3409,0.976524,0.0762143,0.178839,0.00210219
3410,0.976937,0.0940344,0.193761,0.00160634
3411,0.976373,0.112398,0.317009,0.000281528
3412,0.977773,0.102484,0.296602,0.00358438
3413,0.977773,0.102484,0.296602,0.00358438
3414,0.977773,0.102484,0.296602,0.00358438
3415,0.977615,0.137939,0.270847,0.00139309
3416,0.977999,0.141588,0.341897,0.00357831
3417,0.977999,0.141588,0.341897,0.00357831
3418,0.977999,0.141588,0.341897,0.00357831
3419,0.974297,0.17875,0.35327,0.00097675
3420,0.975287,0.176154,0.325221,0.0038811
3421,0.975287,0.176154,0.325221,0.0038811
3422,0.979434,0.138409,0.295609,0.00615656
3423,0.976416,0.133988,0.308448,0.00436044
3424,0.976335,0.170637,0.335333,0.0049959
3425,0.979447,0.15804,0.334791,0.0021668
3426,0.975423,0.22405,0.277543,0.00279204
3427,0.975423,0.22405,0.277543,0.00279204
3428,0.975423,0.22405,0.277543,0.00279204
3429,0.976871,0.227003,0.346478,0.000634022
3430,0.979375,0.202046,0.346512,0.00422051
3431,0.979375,0.202046,0.346512,0.00422051
3432,0.979375,0.202046,0.346512,0.00422051
3433,0.978971,0.239229,0.379039,0.00493136
3434,0.978971,0.239229,0.379039,0.00493136
3435,0.976987,0.158124,0.257128,0.000730646
3436,0.976987,0.158124,0.257128,0.000730646
3437,0.97677,0.240822,0.254616,0.00579529
3438,0.976156,0.220776,0.21144,0.00145765
3439,0.975724,0.204935,0.279271,0.00315476
3440,0.978307,0.191449,0.342897,0.00190289
3441,0.97805,0.154842,0.342756,0.00390188
3442,0.97805,0.154842,0.342756,0.00390188
3443,0.977177,0.187651,0.323355,0.00332583
3444,0.978,0.164189,0.393609,0.00195455
3445,0.978,0.164189,0.393609,0.00195455
3446,0.980669,0.22016,0.324523,0.00253669
3447,0.980669,0.22016,0.324523,0.00253669
3448,0.979357,0.257592,0.383683,0.00129148
3449,0.983239,0.241259,0.387307,0.000736031
3450,0.983239,0.241259,0.387307,0.000736031
3451,0.982812,0.165871,0.362556,0.00339109
3452,0.982812,0.165871,0.362556,0.00339109
3453,0.981092,0.174192,0.316616,0.00510536
3454,0.977878,0.223244,0.399172,0.00391058
3455,0.976159,0.277822,0.476478,0.00630415
3456,0.974584,0.313148,0.4237,0.0026138
3457,0.976229,0.211912,0.418144,0.00516893
3458,0.977079,0.25561,0.331051,0.00178639
3459,0.977414,0.211484,0.295416,0.00151263
3460,0.979361,0.246032,0.331797,0.00252968
3461,0.980409,0.241758,0.375755,0.00258102
3462,0.980409,0.241758,0.375755,0.00258102
3463,0.980409,0.241758,0.375755,0.00258102
3464,0.980409,0.241758,0.375755,0.00258102
3465,0.980409,0.241758,0.375755,0.00258102
3466,0.982592,0.289293,0.441239,0.00101291
3467,0.982341,0.305086,0.42162,0.00211597
3468,0.982046,0.319259,0.325391,0.00301782
3469,0.982046,0.319259,0.325391,0.00301782
3470,0.980636,0.259201,0.320741,0.00245522
3471,0.979697,0.164847,0.314824,0.00611835
3472,0.978958,0.103467,0.244208,0.00579374
3473,0.982854,0.169865,0.26074,0.00395618
3474,0.982854,0.169865,0.26074,0.00395618
3475,0.984634,0.140738,0.293083,0.0020605
3476,0.985189,0.14449,0.264834,0.00542746
3477,0.98597,0.203588,0.208767,0.00231378
3478,0.98597,0.203588,0.208767,0.00231378
3479,0.983393,0.235483,0.182723,0.00120428
3480,0.981335,0.25941,0.199416,0.00385277
3481,0.981573,0.279432,0.136412,0.0029706
3482,0.981573,0.279432,0.136412,0.0029706
3483,0.983136,0.217822,0.195971,0.0031964
3484,0.983136,0.217822,0.195971,0.0031964
3485,0.9881,0.286734,0.188702,0.00757446
3486,0.98547,0.204053,0.247097,0.000930833
3487,0.98547,0.204053,0.247097,0.000930833
3488,0.9841,0.235655,0.264635,0.00179414
3489,0.984334,0.281283,0.225295,0.00427953
3490,0.983725,0.284744,0.175043,0.00482165
3491,0.983725,0.284744,0.175043,0.00482165
3492,0.981505,0.232212,0.114093,0.00363187
3493,0.982899,0.185645,0.127202,0.00239192
3494,0.982737,0.158824,0.115374,0.00209669
3495,0.98209,0.214231,0.149891,0.0041242
3496,0.984497,0.2621,0.114304,0.00194825
3497,0.983198,0.221444,0.190432,0.00147307
3498,0.983157,0.196155,0.220781,0.00569397
3499,0.983157,0.196155,0.220781,0.00569397
3500,0.983157,0.196155,0.220781,0.00569397
3501,0.984952,0.207477,0.24311,0.00132506
3502,0.985145,0.25516,0.247219,0.000558565
3503,0.985145,0.25516,0.247219,0.000558565
3504,0.983796,0.287432,0.227848,0.00183717
3505,0.983488,0.312034,0.219383,0.00440633
3506,0.983488,0.312034,0.219383,0.00440633
3507,0.983169,0.22104,0.276297,0.00219184
3508,0.983169,0.22104,0.276297,0.00219184
3509,0.983169,0.22104,0.276297,0.00219184
3510,0.980917,0.191441,0.327592,0.00448906
3511,0.97946,0.218099,0.291851,0.00121316
3512,0.977412,0.19026,0.319289,0.00459913
3513,0.977593,0.23168,0.350668,0.00284236
3514,0.978789,0.182942,0.358708,0.00477976
3515,0.978789,0.182942,0.358708,0.00477976
3516,0.977478,0.314039,0.336956,0.00677224
3517,0.977556,0.259396,0.290292,0.0059319
3518,0.978797,0.300258,0.26516,0.00221747
3519,0.979265,0.321623,0.298615,0.00341817
3520,0.977281,0.306354,0.232889,0.00556351
3521,0.977281,0.306354,0.232889,0.00556351
3522,0.977281,0.306354,0.232889,0.00556351
3523,0.980491,0.312158,0.140721,0.00298639
3524,0.983955,0.326895,0.237919,0.00394376
3525,0.984235,0.28935,0.256836,0.00467472
3526,0.982397,0.289127,0.272213,0.00296044
3527,0.980525,0.268357,0.36585,0.0017287
3528,0.982412,0.258355,0.32633,0.00541912
3529,0.98192,0.238298,0.433248,0.00787286
3530,0.982288,0.301387,0.336757,0.00455706
3531,0.981702,0.258211,0.305545,0.00448634
3532,0.984072,0.260411,0.252011,0.00130835
3533,0.98436,0.329977,0.191065,0.00211404
3534,0.98436,0.329977,0.191065,0.00211404
3535,0.98436,0.329977,0.191065,0.00211404
3536,0.985465,0.328525,0.250296,0.00220354
3537,0.984928,0.37596,0.278112,0.00735355
3538,0.984928,0.37596,0.278112,0.00735355
3539,0.984137,0.443014,0.355448,0.0023565
3540,0.986618,0.515707,0.250678,0.00122679
3541,0.989706,0.522684,0.278629,0.00354759
3542,0.989706,0.522684,0.278629,0.00354759
3543,0.989427,0.449911,0.325715,0.00234879
3544,0.987604,0.496148,0.371406,0.00191274
3545,0.987604,0.496148,0.371406,0.00191274
3546,0.986013,0.510295,0.283454,0.00220761
3547,0.986148,0.502272,0.382074,0.00285052
3548,0.986148,0.502272,0.382074,0.00285052
3549,0.986148,0.502272,0.382074,0.00285052
3550,0.984344,0.46548,0.381101,0.00792524
3551,0.984344,0.46548,0.381101,0.00792524
3552,0.984344,0.46548,0.381101,0.00792524
3553,0.984344,0.46548,0.381101,0.00792524
3554,0.981988,0.535837,0.344488,0.00754
3555,0.981988,0.535837,0.344488,0.00754
3556,0.981988,0.535837,0.344488,0.00754
3557,0.982681,0.587528,0.341512,0.00485361
3558,0.982681,0.587528,0.341512,0.00485361
3559,0.985371,0.473983,0.338245,0.00448006
3560,0.988861,0.595074,0.344059,0.00210287
3561,0.988861,0.595074,0.344059,0.00210287
3562,0.988861,0.595074,0.344059,0.00210287
3563,0.99286,0.523162,0.31416,0.00304698
3564,0.992036,0.50289,0.316762,0.00377646
3565,0.9916,0.442705,0.247707,0.00530023
3566,0.992325,0.412966,0.340631,0.00768026
3567,0.987421,0.430989,0.348528,0.00589967
3568,0.986085,0.483779,0.32917,0.0041917
3569,0.985113,0.39165,0.312428,0.00533494
3570,0.987658,0.336224,0.252238,0.000566007
3571,0.984817,0.3103,0.306879,0.00261337
3572,0.984817,0.3103,0.306879,0.00261337
3573,0.987671,0.308995,0.284026,0.00340272
3574,0.987671,0.308995,0.284026,0.00340272
3575,0.990784,0.355519,0.231832,0.00294688
3576,0.990124,0.346013,0.213086,0.0033935
3577,0.990124,0.346013,0.213086,0.0033935
3578,0.990124,0.346013,0.213086,0.0033935
3579,0.990124,0.346013,0.213086,0.0033935
3580,0.988922,0.311979,0.259244,0.00363479
3581,0.988922,0.311979,0.259244,0.00363479
3582,0.991896,0.353672,0.221725,0.00176071
3583,0.989585,0.437783,0.209744,0.00272217
3584,0.986994,0.395302,0.238517,0.00254356
3585,0.986203,0.388674,0.29773,0.00766343
3586,0.986203,0.388674,0.29773,0.00766343
3587,0.985373,0.394582,0.304943,0.00484263
3588,0.985373,0.394582,0.304943,0.00484263
3589,0.979694,0.299684,0.342686,0.00194745
3590,0.978441,0.331108,0.303117,0.00143793
3591,0.979768,0.369374,0.365621,0.0036368
3592,0.979768,0.369374,0.365621,0.0036368
3593,0.977735,0.37972,0.32987,0.00302557
3594,0.978207,0.371169,0.321786,0.000585162
3595,0.98149,0.409663,0.278011,0.00336643
3596,0.98149,0.409663,0.278011,0.00336643
3597,0.98149,0.409663,0.278011,0.00336643
3598,0.981592,0.396585,0.35018,0.00279234
3599,0.980036,0.314011,0.266549,0.00248981
3600,0.980036,0.314011,0.266549,0.00248981
3601,0.980036,0.314011,0.266549,0.00248981
3602,0.981566,0.301543,0.317479,0.00133767
3603,0.98053,0.264176,0.308148,0.00087082
3604,0.983314,0.213267,0.366604,0.000161151
3605,0.982535,0.228006,0.323886,0.00227914
3606,0.981132,0.255057,0.366369,0.0045889
3607,0.980691,0.215807,0.378507,0.00473783
3608,0.983246,0.328485,0.421488,0.000528942
3609,0.983246,0.328485,0.421488,0.000528942
3610,0.982026,0.326247,0.489827,0.00215818
3611,0.980015,0.353201,0.447863,0.00245591
3612,0.980015,0.353201,0.447863,0.00245591
3613,0.985425,0.326661,0.367285,0.00521084
3614,0.984084,0.349717,0.326186,0.00324596
3615,0.982124,0.341902,0.294979,0.0032914
3616,0.983357,0.402379,0.29978,0.0056236
3617,0.983227,0.467562,0.343124,0.00471778
3618,0.983227,0.467562,0.343124,0.00471778
3619,0.98377,0.427553,0.336204,0.00117757
3620,0.981182,0.449666,0.298711,0.00345729
3621,0.980089,0.392069,0.365445,0.00340828
3622,0.983302,0.471121,0.312746,0.00685212
3623,0.982456,0.647076,0.355367,0.00646279
3624,0.982456,0.647076,0.355367,0.00646279
3625,0.980684,0.589748,0.378723,0.00692772
3626,0.980684,0.589748,0.378723,0.00692772
3627,0.980684,0.589748,0.378723,0.00692772
3628,0.980684,0.589748,0.378723,0.00692772
3629,0.981543,0.52102,0.314996,0.00333202
3630,0.981543,0.52102,0.314996,0.00333202
3631,0.981796,0.482711,0.318424,0.00767007
3632,0.981796,0.482711,0.318424,0.00767007
3633,0.980286,0.4354,0.308914,0.00356607
3634,0.981343,0.415331,0.308691,0.00203763
3635,0.981343,0.415331,0.308691,0.00203763
3636,0.984304,0.388387,0.415898,0.00316568
3637,0.984304,0.388387,0.415898,0.00316568
3638,0.985045,0.400384,0.310183,0.00429849
3639,0.985045,0.400384,0.310183,0.00429849
3640,0.985575,0.323018,0.31496,0.00469933
3641,0.985791,0.386899,0.359201,0.00450884
3642,0.985563,0.385441,0.382721,0.00173442
3643,0.987029,0.479585,0.372051,0.00320417
3644,0.985055,0.506185,0.360296,0.00370293
3645,0.987599,0.339888,0.449356,0.00221076
3646,0.985589,0.380041,0.464175,0.00570752
3647,0.986404,0.485189,0.437523,0.00840737
3648,0.986674,0.4412,0.52505,0.00458761
3649,0.990086,0.419924,0.579067,0.00500787
3650,0.984746,0.420813,0.563509,0.00329352
3651,0.984783,0.393134,0.508466,0.00183896
3652,0.984783,0.393134,0.508466,0.00183896
3653,0.981731,0.451983,0.393888,0.00326379
3654,0.98095,0.504556,0.409404,0.00264754
3655,0.98075,0.445137,0.340913,0.00311833
3656,0.979601,0.490483,0.340263,0.00810844
3657,0.980973,0.368351,0.3105,0.00750568
3658,0.980638,0.454418,0.305114,0.00101154
3659,0.981606,0.433323,0.350537,0.00166983
3660,0.981606,0.433323,0.350537,0.00166983
3661,0.981606,0.433323,0.350537,0.00166983
3662,0.981606,0.433323,0.350537,0.00166983
3663,0.981606,0.433323,0.350537,0.00166983
3664,0.981766,0.428863,0.310053,0.00298014
3665,0.981766,0.428863,0.310053,0.00298014
3666,0.982623,0.481553,0.376425,0.00291243
3667,0.981385,0.353853,0.382433,0.00259133
3668,0.981385,0.353853,0.382433,0.00259133
3669,0.978827,0.460391,0.422775,0.00454451
3670,0.980674,0.377999,0.401111,0.00313529
3671,0.981109,0.51648,0.396708,0.00159921
3672,0.981109,0.51648,0.396708,0.00159921
3673,0.983717,0.387136,0.312875,0.00876306
3674,0.983523,0.438847,0.263708,0.00290493
3675,0.983523,0.438847,0.263708,0.00290493
3676,0.983285,0.393632,0.278137,0.00142003
3677,0.985034,0.434966,0.321483,0.00168225
3678,0.985034,0.434966,0.321483,0.00168225
3679,0.987034,0.497506,0.282763,0.00193233
3680,0.987682,0.449144,0.407595,0.00208132
3681,0.986308,0.446131,0.321293,0.00355877
3682,0.985229,0.460126,0.464109,0.00164607
3683,0.985229,0.460126,0.464109,0.00164607
3684,0.983737,0.466078,0.296204,0.00221113
3685,0.983645,0.469788,0.383832,0.00269125
3686,0.986658,0.45871,0.356924,0.00263681
3687,0.988246,0.442584,0.308503,0.00111552
3688,0.988296,0.51795,0.252922,0.00210719
3689,0.986399,0.523945,0.344204,0.00285719
3690,0.987817,0.521627,0.291912,0.00499258
3691,0.987817,0.521627,0.291912,0.00499258
3692,0.987817,0.521627,0.291912,0.00499258
3693,0.98879,0.510976,0.324322,0.00197266
3694,0.988345,0.459676,0.372428,0.00627722
3695,0.988345,0.459676,0.372428,0.00627722
3696,0.988676,0.507131,0.386076,0.00476752
3697,0.988407,0.458174,0.375929,0.00408257
3698,0.988407,0.458174,0.375929,0.00408257
3699,0.989718,0.503307,0.358929,0.00540961
3700,0.989328,0.407892,0.368932,0.00177345
3701,0.988489,0.396751,0.316698,0.00254535
3702,0.985682,0.438796,0.405874,0.00427363
3703,0.985682,0.438796,0.405874,0.00427363
3704,0.986515,0.438492,0.370259,0.00290695
3705,0.986515,0.438492,0.370259,0.00290695
3706,0.986515,0.438492,0.370259,0.00290695
3707,0.986515,0.438492,0.370259,0.00290695
3708,0.986515,0.438492,0.370259,0.00290695
3709,0.983827,0.416622,0.304748,0.00227346
3710,0.983827,0.416622,0.304748,0.00227346
3711,0.983827,0.416622,0.304748,0.00227346
3712,0.983827,0.416622,0.304748,0.00227346
3713,0.984284,0.417948,0.423176,0.00507985
3714,0.985281,0.432571,0.426033,0.00114701
3715,0.985281,0.432571,0.426033,0.00114701
3716,0.983232,0.479204,0.429431,0.00497917
3717,0.981395,0.441667,0.410709,0.000882353
3718,0.983531,0.489556,0.388112,0.00589629
3719,0.985109,0.543246,0.325045,0.00687812
3720,0.985109,0.543246,0.325045,0.00687812
3721,0.984609,0.528256,0.296062,0.00621386
3722,0.984326,0.525254,0.2951,0.00719643
3723,0.983243,0.471701,0.305569,0.00210406
3724,0.985821,0.465684,0.367171,0.00363576
3725,0.982856,0.520915,0.380579,0.00294976
3726,0.982009,0.604954,0.33429,0.0021154
3727,0.982009,0.604954,0.33429,0.0021154
3728,0.981808,0.516667,0.269264,0.00112524
3729,0.982489,0.585955,0.333993,0.00519816
3730,0.982489,0.585955,0.333993,0.00519816
3731,0.982489,0.585955,0.333993,0.00519816
3732,0.985333,0.538758,0.273308,0.00040416
3733,0.985878,0.572819,0.292603,0.000310092
3734,0.986573,0.61982,0.342768,0.00412802
3735,0.986573,0.61982,0.342768,0.00412802
3736,0.986573,0.61982,0.342768,0.00412802
3737,0.986573,0.61982,0.342768,0.00412802
3738,0.986447,0.607982,0.399265,0.00402511
3739,0.985405,0.648162,0.337453,0.003381
3740,0.985999,0.557868,0.279119,0.00587479
3741,0.98272,0.510634,0.369214,0.00419758
3742,0.980932,0.44438,0.385932,0.00490791
3743,0.980663,0.420592,0.331123,0.00685824
3744,0.982181,0.41744,0.384556,0.00186956
3745,0.98446,0.396836,0.240016,0.00268022
3746,0.98446,0.396836,0.240016,0.00268022
3747,0.98382,0.510494,0.281203,0.00219246
3748,0.982312,0.48378,0.324686,0.00476836
3749,0.980374,0.493711,0.30494,0.00344038
3750,0.979798,0.520767,0.228926,0.00220896
3751,0.978112,0.473025,0.19013,0.00341105
3752,0.977211,0.499146,0.203743,0.00308407
3753,0.977211,0.499146,0.203743,0.00308407
3754,0.977211,0.499146,0.203743,0.00308407
3755,0.980086,0.510766,0.184224,0.00195878
3756,0.981884,0.491322,0.181589,0.00186618
3757,0.988001,0.48313,0.260778,0.00118342
3758,0.986939,0.44681,0.149358,0.00320902
3759,0.986528,0.431936,0.222226,0.0051833
3760,0.987156,0.357884,0.322114,0.00584993
3761,0.986546,0.281087,0.203088,0.00569996
3762,0.986937,0.355491,0.227638,0.00735413
3763,0.987032,0.37066,0.180457,0.00599654
3764,0.987032,0.37066,0.180457,0.00599654
3765,0.987032,0.37066,0.180457,0.00599654
3766,0.98597,0.416528,0.226382,0.00261438
3767,0.983711,0.373073,0.271441,0.00467155
3768,0.985351,0.376578,0.198022,0.00400246
3769,0.983124,0.332187,0.149303,0.00533223
3770,0.983124,0.332187,0.149303,0.00533223
3771,0.984905,0.419911,0.138185,0.00605885
3772,0.985945,0.450635,0.138946,0.00401291
3773,0.986097,0.403026,0.142542,0.00409768
3774,0.982922,0.449623,0.248538,0.00251969
3775,0.983655,0.420339,0.242754,0.00189351
3776,0.987449,0.450594,0.204369,0.00073576
3777,0.989158,0.346363,0.229396,0.00324948
3778,0.98641,0.391226,0.140974,0.00147006
3779,0.988211,0.500177,0.11825,0.0035289
3780,0.988211,0.500177,0.11825,0.0035289
3781,0.988568,0.537396,0.144484,0.0074036
3782,0.988568,0.537396,0.144484,0.0074036
3783,0.988568,0.537396,0.144484,0.0074036
3784,0.991525,0.556757,0.210015,0.00399761
3785,0.991525,0.556757,0.210015,0.00399761
3786,0.990418,0.520693,0.164808,0.00434093
3787,0.990933,0.613991,0.332346,0.00471153
3788,0.990933,0.613991,0.332346,0.00471153
3789,0.99227,0.54836,0.308272,0.00759879
3790,0.992281,0.500035,0.321824,0.00608455
3791,0.992281,0.500035,0.321824,0.00608455
3792,0.992425,0.520171,0.439644,0.00456774
3793,0.987041,0.46096,0.289063,0.00472006
3794,0.987041,0.46096,0.289063,0.00472006
3795,0.987041,0.46096,0.289063,0.00472006
3796,0.987041,0.46096,0.289063,0.00472006
3797,0.987041,0.46096,0.289063,0.00472006
3798,0.987041,0.46096,0.289063,0.00472006
3799,0.982585,0.446688,0.342216,0.00415556
3800,0.982585,0.446688,0.342216,0.00415556
3801,0.984503,0.528836,0.331056,0.00333423
3802,0.982897,0.440782,0.284387,0.00125186
3803,0.982089,0.480531,0.276779,0.00306333
3804,0.982089,0.480531,0.276779,0.00306333
3805,0.984731,0.517065,0.357768,0.00220833
3806,0.984731,0.517065,0.357768,0.00220833
3807,0.981781,0.534908,0.397064,0.00226367
3808,0.981781,0.534908,0.397064,0.00226367
3809,0.981781,0.534908,0.397064,0.00226367
3810,0.981781,0.534908,0.397064,0.00226367
3811,0.979248,0.499172,0.247266,0.00405932
3812,0.978066,0.581072,0.255657,0.00367542
3813,0.978222,0.484196,0.198784,0.00641982
3814,0.981323,0.522371,0.226282,0.00669167
3815,0.9827,0.610035,0.298932,0.00303832
3816,0.984336,0.597624,0.198177,0.0048275
3817,0.984336,0.597624,0.198177,0.0048275
3818,0.982605,0.582593,0.227141,0.00546069
3819,0.982605,0.582593,0.227141,0.00546069
3820,0.982605,0.582593,0.227141,0.00546069
3821,0.982605,0.582593,0.227141,0.00546069
3822,0.982191,0.647773,0.222181,0.00765346
3823,0.979499,0.485846,0.194539,0.00517556
3824,0.981574,0.627349,0.260447,0.0017743
3825,0.981574,0.627349,0.260447,0.0017743
3826,0.980268,0.633797,0.21559,0.00567967
3827,0.978405,0.685882,0.188145,0.00150507
3828,0.978405,0.685882,0.188145,0.00150507
3829,0.981014,0.57311,0.0787148,0.00419831
3830,0.983964,0.612912,0.160032,0.000781274
3831,0.983246,0.70336,0.190008,0.00325859
3832,0.986047,0.571095,0.202538,0.00386894
3833,0.986047,0.571095,0.202538,0.00386894
3834,0.986047,0.571095,0.202538,0.00386894
3835,0.985561,0.520861,0.193143,0.0046481
3836,0.984818,0.473428,0.201535,0.00618479
3837,0.985014,0.503385,0.19205,0.0043884
3838,0.984841,0.639214,0.253513,0.00194504
3839,0.983144,0.546566,0.163745,0.00621189
3840,0.983954,0.571394,0.110361,0.00195622
3841,0.984701,0.543644,0.15739,0.00600143
3842,0.983115,0.604422,0.104812,0.00204465
3843,0.983115,0.604422,0.104812,0.00204465
3844,0.981374,0.533252,0.111786,0.00255816
3845,0.978728,0.472197,0.102229,0.00468037
3846,0.979749,0.440567,0.0674033,0.00434494
3847,0.979749,0.440567,0.0674033,0.00434494
3848,0.979005,0.540522,0.120447,0.00556316
3849,0.979005,0.540522,0.120447,0.00556316
3850,0.980371,0.453566,0.142211,0.00362509
3851,0.979089,0.455569,0.105298,0.00317927
3852,0.976238,0.46496,0.154921,0.00199389
3853,0.976238,0.46496,0.154921,0.00199389
3854,0.976882,0.406578,0.187805,0.00217369
3855,0.97928,0.33961,0.21115,0.00164988
3856,0.97928,0.33961,0.21115,0.00164988
3857,0.97928,0.33961,0.21115,0.00164988
3858,0.975661,0.384665,0.253049,0.00589182
3859,0.975661,0.384665,0.253049,0.00589182
3860,0.973989,0.492585,0.212814,0.0048859
3861,0.973989,0.492585,0.212814,0.0048859
3862,0.973989,0.492585,0.212814,0.0048859
3863,0.973989,0.492585,0.212814,0.0048859
3864,0.976969,0.50356,0.141318,0.00203118
3865,0.976969,0.50356,0.141318,0.00203118
3866,0.976969,0.50356,0.141318,0.00203118
3867,0.980047,0.572017,0.193325,0.00178153
3868,0.980047,0.572017,0.193325,0.00178153
3869,0.979278,0.545016,0.207332,0.00673351
3870,0.979278,0.545016,0.207332,0.00673351
3871,0.981116,0.611734,0.207142,0.00740121
3872,0.982389,0.479373,0.177329,0.00636752
3873,0.982524,0.470865,0.128647,0.00686093
3874,0.982836,0.460786,0.141148,0.00493166
3875,0.983446,0.477766,0.179212,0.00198595
3876,0.979239,0.431298,0.175498,0.00309409
3877,0.981258,0.440425,0.226309,0.000981103
3878,0.981258,0.440425,0.226309,0.000981103
3879,0.980454,0.447823,0.315084,0.000835122
3880,0.977959,0.414293,0.26504,0.00105999
3881,0.979904,0.425443,0.255114,0.00363281
3882,0.979904,0.425443,0.255114,0.00363281
3883,0.981398,0.410713,0.222267,0.00429744
3884,0.983686,0.424689,0.203458,0.00199701
3885,0.986394,0.511012,0.273702,0.00359759
3886,0.986994,0.475411,0.229513,0.00494299
3887,0.993281,0.466185,0.126923,0.0025668
3888,0.993281,0.466185,0.126923,0.0025668
3889,0.993139,0.581079,0.0763802,0.00484175
3890,0.993139,0.581079,0.0763802,0.00484175
3891,0.993139,0.581079,0.0763802,0.00484175
3892,0.991843,0.496549,0.172896,0.00435974
3893,0.991843,0.496549,0.172896,0.00435974
3894,0.992221,0.431868,0.19375,0.00285021
3895,0.992221,0.431868,0.19375,0.00285021
3896,0.992127,0.518076,0.20973,0.00632824
3897,0.985749,0.510343,0.217262,0.00303901
3898,0.982781,0.584192,0.26507,0.00365768
3899,0.981291,0.544481,0.21364,0.0040239
3900,0.981291,0.544481,0.21364,0.0040239
3901,0.981943,0.407287,0.212132,0.00232781
3902,0.982618,0.368386,0.217835,0.0041936
3903,0.980399,0.369308,0.199005,0.00434285
3904,0.980399,0.369308,0.199005,0.00434285
3905,0.980399,0.369308,0.199005,0.00434285
3906,0.980399,0.369308,0.199005,0.00434285
3907,0.980211,0.392281,0.165879,0.0024874
3908,0.981066,0.32154,0.200644,0.00342273
3909,0.981479,0.349459,0.17987,0.00253607
3910,0.97959,0.293891,0.153904,0.00279362
3911,0.979871,0.293733,0.149935,0.00199871
3912,0.979871,0.293733,0.149935,0.00199871
3913,0.980037,0.363018,0.146539,0.000218425
3914,0.982222,0.37079,0.119214,0.00398112
3915,0.981953,0.391012,0.113918,0.00240092
3916,0.980903,0.412779,0.132012,0.00297309
3917,0.980903,0.412779,0.132012,0.00297309
3918,0.980903,0.412779,0.132012,0.00297309
3919,0.98422,0.422362,0.0966483,0.00208041
3920,0.98387,0.430648,0.160119,0.00432389
3921,0.98387,0.430648,0.160119,0.00432389
3922,0.983192,0.43323,0.19571,0.00641893
3923,0.987009,0.373248,0.192369,0.00270123
3924,0.986901,0.396261,0.252361,0.00469504
3925,0.987921,0.450417,0.324782,0.00368549
3926,0.986874,0.450674,0.2085,0.00218541
3927,0.988032,0.380131,0.279696,0.00368506
3928,0.983114,0.442848,0.265533,0.00670912
3929,0.983114,0.442848,0.265533,0.00670912
3930,0.982512,0.437867,0.308869,0.00416447
3931,0.982992,0.513725,0.302943,0.00286034
3932,0.982992,0.513725,0.302943,0.00286034
3933,0.982717,0.468355,0.308289,0.00173815
3934,0.982787,0.462811,0.313672,0.000597194
3935,0.982039,0.486321,0.332021,0.000950921
3936,0.982039,0.486321,0.332021,0.000950921
3937,0.982039,0.486321,0.332021,0.000950921
3938,0.982039,0.486321,0.332021,0.000950921
3939,0.983555,0.519117,0.40266,0.000605103
3940,0.984948,0.556354,0.324473,0.00834365
3941,0.988519,0.579328,0.328899,0.00268208
3942,0.986267,0.41804,0.339868,0.00469016
3943,0.986267,0.41804,0.339868,0.00469016
3944,0.988863,0.42766,0.363978,0.00544405
3945,0.988863,0.42766,0.363978,0.00544405
3946,0.988863,0.42766,0.363978,0.00544405
3947,0.988863,0.42766,0.363978,0.00544405
3948,0.985802,0.43822,0.343493,0.00294002
3949,0.985802,0.43822,0.343493,0.00294002
3950,0.986837,0.384509,0.270065,0.00230678
3951,0.987091,0.438998,0.359132,0.00142272
3952,0.987052,0.3422,0.30576,0.00159161
3953,0.987052,0.3422,0.30576,0.00159161
3954,0.985688,0.401759,0.258059,0.00271009
3955,0.985688,0.401759,0.258059,0.00271009
3956,0.982098,0.408263,0.294228,0.00310779
3957,0.982098,0.408263,0.294228,0.00310779
3958,0.98504,0.361606,0.25366,0.00579696
3959,0.985442,0.434189,0.245937,0.00627512
3960,0.985442,0.434189,0.245937,0.00627512
3961,0.985442,0.434189,0.245937,0.00627512
3962,0.987674,0.467067,0.238497,0.00647258
3963,0.987674,0.467067,0.238497,0.00647258
3964,0.989234,0.37009,0.287895,0.0039577
3965,0.989234,0.37009,0.287895,0.0039577
3966,0.985796,0.486692,0.3209,0.00214963
3967,0.985796,0.486692,0.3209,0.00214963
3968,0.984642,0.43768,0.241759,0.00133034
3969,0.984642,0.43768,0.241759,0.00133034
3970,0.984642,0.43768,0.241759,0.00133034
3971,0.982312,0.33489,0.27492,0.00330341
3972,0.98259,0.41943,0.183814,0.00219142
3973,0.98259,0.41943,0.183814,0.00219142
3974,0.98259,0.41943,0.183814,0.00219142
3975,0.983477,0.333982,0.177626,0.00215325
3976,0.981063,0.341543,0.242778,0.00530515
3977,0.981063,0.341543,0.242778,0.00530515
3978,0.980969,0.195719,0.208166,0.00214371
3979,0.980969,0.195719,0.208166,0.00214371
3980,0.98155,0.186375,0.266128,0.000599619
3981,0.98155,0.186375,0.266128,0.000599619
3982,0.982636,0.283012,0.205416,0.00203182
3983,0.982636,0.283012,0.205416,0.00203182
3984,0.982636,0.283012,0.205416,0.00203182
3985,0.981663,0.195074,0.233326,0.00217448
3986,0.982405,0.244511,0.230447,0.0113665
3987,0.982405,0.244511,0.230447,0.0113665
3988,0.979598,0.255096,0.187296,0.00162033
3989,0.979685,0.240068,0.240793,0.00358172
3990,0.977491,0.202852,0.210888,0.00444374
3991,0.977491,0.202852,0.210888,0.00444374
3992,0.980528,0.203256,0.173824,0.00169761
3993,0.980096,0.243652,0.135224,0.00343525
3994,0.97731,0.295692,0.127048,0.00386864
3995,0.977338,0.160713,0.146319,0.00640268
3996,0.980194,0.193134,0.14546,0.00131393
3997,0.980484,0.194466,0.151391,0.00305644
3998,0.980484,0.194466,0.151391,0.00305644
3999,0.980484,0.194466,0.151391,0.00305644
4000,0.980484,0.194466,0.151391,0.00305644
4001,0.984923,0.150584,0.166111,0.00285459
4002,0.983267,0.194211,0.18871,0.00497278
4003,0.986424,0.200605,0.154827,0.00371064
4004,0.986424,0.200605,0.154827,0.00371064
4005,0.986424,0.200605,0.154827,0.00371064
4006,0.986424,0.200605,0.154827,0.00371064
4007,0.986424,0.200605,0.154827,0.00371064
4008,0.984185,0.148206,0.124245,0.00159954
4009,0.980904,0.243515,0.209705,0.00498584
4010,0.980904,0.243515,0.209705,0.00498584
4011,0.983607,0.162676,0.178443,0.00438548
4012,0.980215,0.184005,0.180942,0.00138175
4013,0.980215,0.184005,0.180942,0.00138175
4014,0.980592,0.235951,0.174277,0.00309738
4015,0.983774,0.168418,0.240309,0.0025138
4016,0.983774,0.168418,0.240309,0.0025138
4017,0.982653,0.141844,0.188218,0.00228139
4018,0.982653,0.141844,0.188218,0.00228139
4019,0.9824,0.165939,0.133813,0.00283937
4020,0.9824,0.165939,0.133813,0.00283937
4021,0.9824,0.165939,0.133813,0.00283937
4022,0.982391,0.265697,0.178734,0.00219965
4023,0.985715,0.263677,0.165307,0.00539712
4024,0.987326,0.33986,0.224507,0.00282594
4025,0.987073,0.236519,0.132455,0.00616219
4026,0.987073,0.236519,0.132455,0.00616219
4027,0.989471,0.305614,0.152719,0.000347342
4028,0.989471,0.305614,0.152719,0.000347342
4029,0.989471,0.305614,0.152719,0.000347342
4030,0.989087,0.27051,0.175281,0.002785
4031,0.989087,0.27051,0.175281,0.002785
4032,0.987995,0.226131,0.18944,0.00294828
4033,0.986083,0.254343,0.205811,0.00546791
4034,0.986083,0.254343,0.205811,0.00546791
4035,0.979543,0.239396,0.19937,0.0037213
4036,0.979543,0.239396,0.19937,0.0037213
4037,0.977035,0.199731,0.166066,0.000292155
4038,0.977969,0.197419,0.170492,0.00684812
4039,0.978089,0.182699,0.183855,0.000120642
4040,0.979062,0.196401,0.193047,0.00218345
4041,0.980016,0.181425,0.179228,0.0050773
4042,0.981429,0.231321,0.198985,0.00683307
4043,0.978143,0.132412,0.151774,0.0034403
4044,0.978143,0.132412,0.151774,0.0034403
4045,0.978143,0.132412,0.151774,0.0034403
4046,0.978143,0.132412,0.151774,0.0034403
4047,0.980487,0.15546,0.260916,0.00323983
4048,0.97978,0.212626,0.2645,0.000989576
4049,0.977614,0.117133,0.217927,0.0030344
4050,0.980046,0.185702,0.165394,0.00211008
4051,0.980021,0.240008,0.228794,0.00417228
4052,0.982605,0.169523,0.131804,0.00393589
4053,0.982605,0.169523,0.131804,0.00393589
4054,0.982605,0.169523,0.131804,0.00393589
4055,0.980898,0.175218,0.105606,0.00197648
4056,0.982838,0.147381,0.110473,0.00503789
4057,0.982838,0.147381,0.110473,0.00503789
4058,0.982838,0.147381,0.110473,0.00503789
4059,0.982838,0.147381,0.110473,0.00503789
4060,0.98401,0.108335,0.120112,0.00301885
4061,0.98401,0.108335,0.120112,0.00301885
4062,0.984963,0.111618,0.120222,0.00241686
4063,0.984963,0.111618,0.120222,0.00241686
4064,0.98619,0.169598,0.148017,0.00205317
4065,0.986235,0.197969,0.16009,0.00238777
4066,0.986002,0.256278,0.172991,0.00290972
4067,0.986002,0.256278,0.172991,0.00290972
4068,0.986002,0.256278,0.172991,0.00290972
4069,0.98752,0.26743,0.0362112,0.00225791
4070,0.986484,0.24974,0.143672,0.00456805
4071,0.987435,0.260855,0.162402,0.00663009
4072,0.987435,0.260855,0.162402,0.00663009
4073,0.989309,0.247675,0.134901,0.00185408
4074,0.987516,0.264555,0.129567,0.00522774
4075,0.989956,0.282629,0.1427,0.00208335
4076,0.989956,0.282629,0.1427,0.00208335
4077,0.991547,0.152187,0.13125,0.00254646
4078,0.991547,0.152187,0.13125,0.00254646
4079,0.991547,0.152187,0.13125,0.00254646
4080,0.991547,0.152187,0.13125,0.00254646
4081,0.992727,0.194747,0.156437,0.00157033
4082,0.992727,0.194747,0.156437,0.00157033
4083,0.992727,0.194747,0.156437,0.00157033
4084,0.991242,0.164817,0.186014,0.0032515
4085,0.991242,0.164817,0.186014,0.0032515
4086,0.990138,0.173792,0.167682,0.00399841
4087,0.987662,0.247695,0.195117,0.00306141
4088,0.987662,0.247695,0.195117,0.00306141
4089,0.983847,0.272393,0.197786,0.00195624
4090,0.984218,0.281415,0.151248,0.00457596
4091,0.981701,0.206104,0.0839103,0.00394223
4092,0.982299,0.162549,0.166572,0.00370926
4093,0.984771,0.171511,0.106644,0.00174414
4094,0.984048,0.339223,0.116245,0.00203079
4095,0.984048,0.339223,0.116245,0.00203079
4096,0.985677,0.312861,0.155019,0.00132329
4097,0.985677,0.312861,0.155019,0.00132329
4098,0.986073,0.3486,0.142993,0.00476813
4099,0.986073,0.3486,0.142993,0.00476813
4100,0.983443,0.231836,0.254477,0.00194976
4101,0.983693,0.248328,0.266699,0.00634012
4102,0.983693,0.248328,0.266699,0.00634012
4103,0.983666,0.269363,0.197489,0.00104518
4104,0.983666,0.269363,0.197489,0.00104518
4105,0.985049,0.171823,0.160075,0.00275599
4106,0.985049,0.171823,0.160075,0.00275599
4107,0.987463,0.0929423,0.176051,0.00205125
4108,0.988586,0.0824491,0.169833,0.000344991
4109,0.986006,0.0873169,0.176671,0.00408904
4110,0.986006,0.0873169,0.176671,0.00408904
4111,0.987166,0.0203987,0.148385,0.00188449
4112,0.985001,0.135387,0.0929924,0.000688762
4113,0.985001,0.135387,0.0929924,0.000688762
4114,0.985001,0.135387,0.0929924,0.000688762
4115,0.980921,0.141957,0.110777,0.00377513
4116,0.981461,0.152974,0.0740464,0.00367309
4117,0.981461,0.152974,0.0740464,0.00367309
4118,0.981461,0.152974,0.0740464,0.00367309
4119,0.981314,0.192086,0.188375,0.00782364
4120,0.980869,0.173045,0.179467,0.00362289
4121,0.980869,0.173045,0.179467,0.00362289
4122,0.980869,0.173045,0.179467,0.00362289
4123,0.982051,0.233699,0.208135,0.000572487
4124,0.980244,0.180746,0.029156,0.00530041
4125,0.976672,0.130388,0.0887259,0.00292146
4126,0.977523,0.0531336,0.130133,0.00261132
4127,0.978914,0.0820897,0.157313,0.00267808
4128,0.984868,0.04321,0.216446,0.00202371
4129,0.984868,0.04321,0.216446,0.00202371
4130,0.984868,0.04321,0.216446,0.00202371
4131,0.981834,0.0849018,0.217274,0.00245131
4132,0.981834,0.0849018,0.217274,0.00245131
4133,0.981834,0.0849018,0.217274,0.00245131
4134,0.981834,0.0849018,0.217274,0.00245131
4135,0.981834,0.0849018,0.217274,0.00245131
4136,0.985835,0.160185,0.200396,0.00224315
4137,0.985612,0.169182,0.256021,0.00257339
4138,0.988272,0.201548,0.14498,0.00371954
4139,0.988272,0.201548,0.14498,0.00371954
4140,0.988272,0.201548,0.14498,0.00371954
4141,0.986323,0.22416,0.158361,0.00629266
4142,0.988046,0.190893,0.115807,0.00208983
4143,0.988046,0.190893,0.115807,0.00208983
4144,0.988046,0.190893,0.115807,0.00208983
4145,0.983931,0.223569,0.140632,0.00480131
4146,0.983931,0.223569,0.140632,0.00480131
4147,0.984816,0.278604,0.179272,0.00446329
4148,0.984816,0.278604,0.179272,0.00446329
4149,0.985127,0.216469,0.184712,0.00419393
4150,0.985943,0.241297,0.19637,0.0032048
4151,0.985943,0.241297,0.19637,0.0032048
4152,0.986383,0.241428,0.157678,0.00463221
4153,0.983669,0.241309,0.207118,0.00486445
4154,0.983016,0.266432,0.186206,0.00162861
4155,0.981752,0.145418,0.224135,0.00185348
4156,0.981184,0.201738,0.202282,0.0011099
4157,0.981184,0.201738,0.202282,0.0011099
4158,0.979317,0.210552,0.174743,0.00144083
4159,0.979317,0.210552,0.174743,0.00144083
4160,0.979317,0.210552,0.174743,0.00144083
4161,0.979317,0.210552,0.174743,0.00144083
4162,0.979317,0.210552,0.174743,0.00144083
4163,0.978362,0.142714,0.164233,0.00410151
4164,0.981331,0.140103,0.170031,0.00084181
4165,0.98133,0.0757238,0.160996,0.00202428
4166,0.98133,0.0757238,0.160996,0.00202428
4167,0.979272,0.0526787,0.0974514,0.00386782
4168,0.979272,0.0526787,0.0974514,0.00386782
4169,0.979272,0.0526787,0.0974514,0.00386782
4170,0.980558,0.0973187,0.0940038,0.00357864
4171,0.979414,0.0469501,0.0970532,0.00498377
4172,0.979303,0.0746751,0.0702371,0.00716191
4173,0.980202,0.129086,0.157366,0.00236144
4174,0.97774,0.13385,0.184836,0.00348193
4175,0.97774,0.13385,0.184836,0.00348193
4176,0.97774,0.13385,0.184836,0.00348193
4177,0.97774,0.13385,0.184836,0.00348193
4178,0.978731,0.0868373,0.155711,0.00422391
4179,0.977653,0.0820854,0.139883,0.00383829
4180,0.977653,0.0820854,0.139883,0.00383829
4181,0.980876,0.10821,0.194053,0.000661087
4182,0.980876,0.10821,0.194053,0.000661087
4183,0.980876,0.10821,0.194053,0.000661087
4184,0.977889,0.114828,0.090278,0.00254524
4185,0.981422,0.161063,0.0587924,0.00316441
4186,0.982425,0.169718,0.124607,0.00233009
4187,0.982425,0.169718,0.124607,0.00233009
4188,0.982425,0.169718,0.124607,0.00233009
4189,0.982345,0.133077,0.110618,0.00120113
4190,0.980011,0.0967405,0.124529,0.00219955
4191,0.980011,0.0967405,0.124529,0.00219955
4192,0.980608,0.159706,0.177323,0.00253642
4193,0.980608,0.159706,0.177323,0.00253642
4194,0.979728,0.140349,0.140379,0.00312484
4195,0.980028,0.132606,0.177262,0.00208856
4196,0.982466,0.105671,0.148181,0.00123946
4197,0.982466,0.105671,0.148181,0.00123946
4198,0.982466,0.105671,0.148181,0.00123946
4199,0.982466,0.105671,0.148181,0.00123946
4200,0.980996,0.134446,0.0474484,0.00704017
4201,0.980996,0.134446,0.0474484,0.00704017
4202,0.978175,0.0401358,0.160694,0.00380971
4203,0.978053,0.0465474,0.129209,0.00451181
4204,0.979291,0.0931782,0.19637,0.00257565
4205,0.983182,0.127243,0.134376,0.0043469
4206,0.983182,0.127243,0.134376,0.0043469
4207,0.983793,0.0625232,0.208262,0.00796167
4208,0.983793,0.0625232,0.208262,0.00796167
4209,0.986967,0.0846233,0.190924,0.00172681
4210,0.986967,0.0846233,0.190924,0.00172681
4211,0.987496,0.121653,0.233341,0.00223694
4212,0.986141,0.144416,0.231764,0.001487
4213,0.983058,0.085469,0.119192,0.00289994
4214,0.983058,0.085469,0.119192,0.00289994
4215,0.983058,0.085469,0.119192,0.00289994
4216,0.983058,0.085469,0.119192,0.00289994
4217,0.985162,0.129708,0.143959,0.00267621
4218,0.987802,0.11094,0.181063,0.00566795
4219,0.983847,0.100545,0.221832,0.00610118
4220,0.983847,0.100545,0.221832,0.00610118
4221,0.98544,0.194333,0.156806,0.00446632
4222,0.98544,0.194333,0.156806,0.00446632
4223,0.98294,0.146563,0.103397,0.00685691
4224,0.983534,0.189023,0.079909,0.00386501
4225,0.983063,0.171844,0.174116,0.00186889
4226,0.983071,0.11353,0.165712,0.00439616
4227,0.983504,0.102868,0.152196,0.00352025
4228,0.983204,0.111405,0.135527,0.00325579
4229,0.984702,0.141649,0.0971929,0.00253909
4230,0.984702,0.141649,0.0971929,0.00253909
4231,0.984709,0.176772,0.0744348,0.00321405
4232,0.984286,0.275338,0.153855,0.00470927
4233,0.984286,0.275338,0.153855,0.00470927
4234,0.988542,0.239158,0.0511042,0.00497659
4235,0.986442,0.254408,0.0969467,0.00393369
4236,0.987274,0.324079,0.113133,0.00399878
4237,0.985262,0.303007,0.121117,0.00200483
4238,0.983399,0.296751,0.0803497,0.00399146
4239,0.983134,0.265823,0.0300186,0.00313181
4240,0.983134,0.265823,0.0300186,0.00313181
4241,0.983048,0.354004,0.149986,0.00181934
4242,0.986426,0.29017,0.229616,0.00519074
4243,0.987526,0.231063,0.204513,0.00321338
4244,0.987605,0.32876,0.142944,0.00460899
4245,0.987605,0.32876,0.142944,0.00460899
4246,0.987605,0.32876,0.142944,0.00460899
4247,0.990114,0.187174,0.255167,0.00136111
4248,0.990114,0.187174,0.255167,0.00136111
4249,0.986531,0.200885,0.182296,0.00223411
4250,0.987281,0.255732,0.293817,0.00534903
4251,0.987281,0.255732,0.293817,0.00534903
4252,0.987281,0.255732,0.293817,0.00534903
4253,0.987281,0.255732,0.293817,0.00534903
4254,0.988374,0.153457,0.276779,0.00516656
4255,0.988374,0.153457,0.276779,0.00516656
4256,0.98458,0.110054,0.182135,0.00274246
4257,0.98458,0.110054,0.182135,0.00274246
4258,0.984741,0.149748,0.156675,0.0018286
4259,0.984607,0.187737,0.107485,0.00633789
4260,0.984607,0.187737,0.107485,0.00633789
4261,0.98624,0.180456,0.104109,0.000992507
4262,0.985475,0.236841,0.141423,0.000879797
4263,0.988558,0.224555,0.190019,0.00575086
4264,0.986142,0.31826,0.307092,0.00598085
4265,0.985094,0.391882,0.277244,0.00469835
4266,0.985543,0.337984,0.135561,0.00303934
4267,0.985543,0.337984,0.135561,0.00303934
4268,0.982214,0.314638,0.305724,0.00400501
4269,0.982214,0.314638,0.305724,0.00400501
4270,0.983185,0.239435,0.248097,0.000476086
4271,0.984855,0.373091,0.193153,0.00140942
4272,0.988422,0.392497,0.186986,0.00172756
4273,0.988753,0.316908,0.189717,0.00441511
4274,0.989793,0.354891,0.292148,0.00177191
4275,0.990517,0.383481,0.284222,0.00368651
4276,0.990517,0.383481,0.284222,0.00368651
4277,0.990573,0.361169,0.293001,0.00666217
4278,0.992602,0.372666,0.246618,0.00144361
4279,0.98886,0.372349,0.210012,0.0056979
4280,0.98886,0.372349,0.210012,0.0056979
4281,0.988903,0.39574,0.239164,0.00453566
4282,0.988903,0.39574,0.239164,0.00453566
4283,0.987514,0.409198,0.251901,0.00192494
4284,0.987514,0.409198,0.251901,0.00192494
4285,0.988476,0.438431,0.196433,0.00390842
4286,0.988476,0.438431,0.196433,0.00390842
4287,0.983882,0.479864,0.204595,0.00264076
4288,0.983882,0.479864,0.204595,0.00264076
4289,0.984981,0.535161,0.21582,0.00360893
4290,0.985694,0.420979,0.126742,0.003428
4291,0.98382,0.491181,0.139993,0.00477908
4292,0.98382,0.491181,0.139993,0.00477908
4293,0.987161,0.451157,0.1801,0.00149075
4294,0.986524,0.409238,0.156456,0.00213099
4295,0.985106,0.487791,0.24646,0.0027496
4296,0.985851,0.405404,0.232143,0.00326935
4297,0.985851,0.405404,0.232143,0.00326935
4298,0.986312,0.415133,0.229262,0.0024158
4299,0.986312,0.415133,0.229262,0.0024158
4300,0.986312,0.415133,0.229262,0.0024158
4301,0.990119,0.368173,0.270596,0.00223708
4302,0.990119,0.368173,0.270596,0.00223708
4303,0.990119,0.368173,0.270596,0.00223708
4304,0.98528,0.475676,0.18693,0.00583362
4305,0.984441,0.408278,0.280532,0.00148437
4306,0.982559,0.276066,0.284303,0.00212774
4307,0.983711,0.304978,0.224412,0.00211285
4308,0.983711,0.304978,0.224412,0.00211285
4309,0.984412,0.361111,0.291004,0.00526813
4310,0.984203,0.38978,0.30637,0.00487423
4311,0.984333,0.441144,0.2255,0.00406745
4312,0.983074,0.320944,0.20537,0.0045607
4313,0.982333,0.278741,0.209009,0.00314573
4314,0.982333,0.278741,0.209009,0.00314573
4315,0.982333,0.278741,0.209009,0.00314573
4316,0.981325,0.350007,0.0920511,0.00430219
4317,0.980026,0.311693,0.0851206,0.00197869
4318,0.983557,0.366491,0.0545896,0.00226693
4319,0.985627,0.327251,0.0704701,0.00287108
4320,0.984835,0.360018,0.160765,0.0034166
4321,0.985032,0.391413,0.0426893,0.00386298
4322,0.985032,0.391413,0.0426893,0.00386298
4323,0.985032,0.391413,0.0426893,0.00386298
4324,0.986359,0.457765,0.172852,0.00307135
4325,0.986359,0.457765,0.172852,0.00307135
4326,0.984989,0.407768,0.126748,0.00372194
4327,0.986643,0.381599,0.145419,0.0042809
4328,0.987926,0.370669,0.0796164,0.00659076
4329,0.987926,0.370669,0.0796164,0.00659076
4330,0.987926,0.370669,0.0796164,0.00659076
4331,0.986959,0.398295,0.0990016,0.0048915
4332,0.987287,0.408554,0.153997,0.00677694
4333,0.985237,0.432035,0.0757597,0.00169327
4334,0.985673,0.385543,0.0458746,0.00271191
4335,0.985206,0.240812,0.129265,0.00399724
4336,0.985841,0.260455,0.186626,0.00319986
4337,0.9826,0.24567,0.159894,0.003632
4338,0.9826,0.24567,0.159894,0.003632
4339,0.9826,0.24567,0.159894,0.003632
4340,0.981073,0.249689,0.185938,0.00149221
4341,0.98341,0.322353,0.26204,0.00544905
4342,0.981785,0.318088,0.12685,0.00193701
4343,0.981785,0.318088,0.12685,0.00193701
4344,0.981785,0.318088,0.12685,0.00193701
4345,0.978532,0.342511,0.0723317,0.00206505
4346,0.98134,0.294125,0.113912,0.00213683
4347,0.98134,0.294125,0.113912,0.00213683
4348,0.98134,0.294125,0.113912,0.00213683
4349,0.983276,0.19933,0.130439,0.00215224
4350,0.988909,0.224816,0.146904,0.00142046
4351,0.988909,0.224816,0.146904,0.00142046
4352,0.988226,0.208507,0.123653,0.00576085
4353,0.987826,0.234533,0.0713525,0.00452826
4354,0.987826,0.234533,0.0713525,0.00452826
4355,0.987687,0.289708,0.0756434,0.00270687
4356,0.987813,0.22807,0.128072,0.00136718
4357,0.987813,0.22807,0.128072,0.00136718
4358,0.988108,0.2477,0.126703,0.00361368
4359,0.983258,0.175964,0.149535,0.00439341
4360,0.981049,0.244374,0.0711319,0.00147488
4361,0.980622,0.20028,0.118781,0.00248077
4362,0.980622,0.20028,0.118781,0.00248077
4363,0.980361,0.159733,0.0408587,0.00762027
4364,0.982206,0.146781,0.0223534,0.00509743
4365,0.982206,0.146781,0.0223534,0.00509743
4366,0.982206,0.146781,0.0223534,0.00509743
4367,0.979705,0.205425,0.0302158,0.00754523
4368,0.980074,0.196382,0.0506326,0.00414252
4369,0.981131,0.188815,0.1123,0.00411457
4370,0.982751,0.306491,0.0783129,0.00204719
4371,0.98076,0.253109,0.0466117,0.00586673
4372,0.977894,0.320477,0.0755585,0.00703179
4373,0.977426,0.352867,0.139362,0.00158405
4374,0.98124,0.353144,0.130427,0.0063079
4375,0.982502,0.44029,0.0775124,0.00608152
4376,0.984887,0.3992,0.134818,0.00601172
4377,0.984864,0.320508,0.0820398,0.00157157
4378,0.984864,0.320508,0.0820398,0.00157157
4379,0.987,0.380852,0.0489282,0.00339761
4380,0.987,0.380852,0.0489282,0.00339761
4381,0.987,0.380852,0.0489282,0.00339761
4382,0.987,0.380852,0.0489282,0.00339761
4383,0.985764,0.359128,0.121279,0.00337666
4384,0.988585,0.281902,0.0612503,0.00538219
4385,0.988585,0.281902,0.0612503,0.00538219
4386,0.990542,0.342857,0.0820678,0.00303755
4387,0.990542,0.342857,0.0820678,0.00303755
4388,0.989076,0.36893,0.0373961,0.00465524
4389,0.989076,0.36893,0.0373961,0.00465524
4390,0.985555,0.47914,0.084624,0.0043386
4391,0.988916,0.356242,0.208776,0.00430938
4392,0.988916,0.356242,0.208776,0.00430938
4393,0.987166,0.337587,0.172815,0.00139406
4394,0.986742,0.33885,0.150407,0.00525118
4395,0.989279,0.312236,0.227289,0.00132393
4396,0.989279,0.312236,0.227289,0.00132393
4397,0.989352,0.336912,0.202977,0.00448781
4398,0.989212,0.344565,0.285347,0.00351939
4399,0.989212,0.344565,0.285347,0.00351939
4400,0.986077,0.362736,0.222617,0.00738072
4401,0.986077,0.362736,0.222617,0.00738072
4402,0.986077,0.362736,0.222617,0.00738072
4403,0.986077,0.362736,0.222617,0.00738072
4404,0.983808,0.343908,0.231583,0.00337492
4405,0.98028,0.337786,0.172343,0.00200699
4406,0.98028,0.337786,0.172343,0.00200699
4407,0.983039,0.419232,0.0916931,0.00102784
4408,0.9838,0.395723,0.119734,0.00302142
4409,0.9838,0.395723,0.119734,0.00302142
4410,0.9838,0.395723,0.119734,0.00302142
4411,0.98317,0.443171,0.134679,0.00213064
4412,0.982612,0.470896,0.0599147,0.00275578
4413,0.98369,0.428012,0.110122,0.00706646
4414,0.98369,0.428012,0.110122,0.00706646
4415,0.979599,0.469409,0.133995,0.00319084
4416,0.979599,0.469409,0.133995,0.00319084
4417,0.979599,0.469409,0.133995,0.00319084
4418,0.981135,0.387108,0.128895,0.00205254
4419,0.978662,0.435667,0.0784442,0.0012476
4420,0.97822,0.426884,0.0589043,0.00298516
4421,0.97822,0.426884,0.0589043,0.00298516
4422,0.97822,0.426884,0.0589043,0.00298516
4423,0.981751,0.411638,0.0414132,0.00609854
4424,0.984102,0.459482,0.0151186,0.00519352
4425,0.984102,0.459482,0.0151186,0.00519352
4426,0.984102,0.459482,0.0151186,0.00519352
4427,0.984038,0.407209,0.0213147,0.00108712
4428,0.984038,0.407209,0.0213147,0.00108712
4429,0.982734,0.47085,0.0989582,0.00459248
4430,0.982734,0.47085,0.0989582,0.00459248
4431,0.984696,0.386433,0.0459002,0.000785363
4432,0.984485,0.34475,0.0337741,0.00843667
4433,0.984485,0.34475,0.0337741,0.00843667
4434,0.984357,0.320768,0.162711,0.00525018
4435,0.987008,0.293398,0.237479,0.00588619
4436,0.987008,0.293398,0.237479,0.00588619
4437,0.985792,0.36313,0.156528,0.0060405
4438,0.986774,0.283037,0.120075,0.00351638
4439,0.986774,0.283037,0.120075,0.00351638
4440,0.988307,0.285862,0.134913,0.000893874
4441,0.98842,0.243026,0.11546,0.00410943
4442,0.992129,0.22836,0.152402,0.00700452
4443,0.993627,0.228002,0.129885,0.00164386
4444,0.993627,0.228002,0.129885,0.00164386
4445,0.990343,0.244801,0.117182,0.000833808
4446,0.988064,0.290467,0.158384,0.00144885
4447,0.988064,0.290467,0.158384,0.00144885
4448,0.986702,0.288427,0.159445,0.00350581
4449,0.986388,0.269344,0.142805,0.00174836
4450,0.986082,0.264542,0.119327,0.00112234
4451,0.985106,0.297865,0.155182,0.004287
4452,0.985106,0.297865,0.155182,0.004287
4453,0.985106,0.297865,0.155182,0.004287
4454,0.985106,0.297865,0.155182,0.004287
4455,0.985363,0.330252,0.110763,0.00107197
4456,0.984629,0.382151,0.105625,0.00154777
4457,0.984629,0.382151,0.105625,0.00154777
4458,0.98039,0.308046,0.134747,0.000298461
4459,0.98039,0.308046,0.134747,0.000298461
4460,0.980134,0.325495,0.152428,0.00235742
4461,0.980134,0.325495,0.152428,0.00235742
4462,0.980134,0.325495,0.152428,0.00235742
4463,0.981208,0.219428,0.223674,0.00192728
4464,0.983069,0.307007,0.137927,0.00241993
4465,0.984059,0.320785,0.145307,0.0022157
4466,0.984059,0.320785,0.145307,0.0022157
4467,0.985257,0.257615,0.122126,0.00290295
4468,0.983537,0.305918,0.130268,0.000967386
4469,0.983537,0.305918,0.130268,0.000967386
4470,0.986763,0.283753,0.156433,0.00188473
4471,0.9865,0.324023,0.156841,0.00509475
4472,0.983361,0.272436,0.125006,0.00614282
4473,0.983361,0.272436,0.125006,0.00614282
4474,0.983361,0.272436,0.125006,0.00614282
4475,0.985593,0.281213,0.147375,0.00556702
4476,0.984778,0.301613,0.13501,0.00355255
4477,0.984778,0.301613,0.13501,0.00355255
4478,0.983044,0.259524,0.19182,0.000480062
4479,0.984779,0.284243,0.221296,0.00165677
4480,0.984779,0.284243,0.221296,0.00165677
4481,0.984779,0.284243,0.221296,0.00165677
4482,0.984779,0.284243,0.221296,0.00165677
4483,0.984779,0.284243,0.221296,0.00165677
4484,0.986432,0.303633,0.191018,0.00210408
4485,0.986432,0.303633,0.191018,0.00210408
4486,0.984479,0.299579,0.232921,0.00518428
4487,0.982838,0.301745,0.203773,0.00338766
4488,0.982838,0.301745,0.203773,0.00338766
4489,0.984549,0.231676,0.178073,0.00162307
4490,0.984549,0.231676,0.178073,0.00162307
4491,0.982615,0.0967043,0.183596,0.00300318
4492,0.982615,0.0967043,0.183596,0.00300318
4493,0.986779,0.165458,0.197266,0.00568184
4494,0.985133,0.17732,0.165887,0.00107659
4495,0.985581,0.157302,0.244127,0.00517735
4496,0.98702,0.128401,0.144347,0.00458038
4497,0.985059,0.192615,0.141914,0.00362591
4498,0.981818,0.175387,0.0749145,0.0013
4499,0.984104,0.105055,0.149791,0.00388272
4500,0.984104,0.105055,0.149791,0.00388272
4501,0.984104,0.105055,0.149791,0.00388272
4502,0.984104,0.105055,0.149791,0.00388272
4503,0.986166,0.215989,0.125779,0.00517367
4504,0.986621,0.23524,0.209138,0.00379081
4505,0.984303,0.251735,0.229081,0.00101908
4506,0.984303,0.251735,0.229081,0.00101908
4507,0.980954,0.304828,0.282149,0.000592143
4508,0.975455,0.277941,0.164846,0.00267021
4509,0.97693,0.279846,0.299491,0.00356892
4510,0.979106,0.289773,0.370197,0.00374728
4511,0.977305,0.272918,0.276798,0.00328408
4512,0.976963,0.278849,0.15518,0.00576611
4513,0.975602,0.307401,0.300794,0.00673272
4514,0.976303,0.300862,0.283061,0.00649166
4515,0.977043,0.299372,0.322957,0.00175581
4516,0.977043,0.299372,0.322957,0.00175581
4517,0.977043,0.299372,0.322957,0.00175581
4518,0.977043,0.299372,0.322957,0.00175581
4519,0.976874,0.279838,0.366176,0.00125879
4520,0.976559,0.28761,0.222728,0.00347861
4521,0.980628,0.195209,0.342942,0.00453028
4522,0.978834,0.264384,0.309158,0.0014051
4523,0.979401,0.232683,0.265137,0.00285855
4524,0.980379,0.175806,0.342198,0.00540468
4525,0.981043,0.173125,0.34695,0.00107788
4526,0.984768,0.145453,0.334352,0.00150442
4527,0.984151,0.233456,0.352755,0.00288307
4528,0.984151,0.233456,0.352755,0.00288307
4529,0.981041,0.184855,0.347321,0.00138462
4530,0.981041,0.184855,0.347321,0.00138462
4531,0.981041,0.184855,0.347321,0.00138462
4532,0.981041,0.184855,0.347321,0.00138462
4533,0.983268,0.140052,0.415666,0.00354796
4534,0.980854,0.2991,0.371427,0.00175594
4535,0.980854,0.2991,0.371427,0.00175594
4536,0.979859,0.332306,0.377078,0.00278946
4537,0.979859,0.332306,0.377078,0.00278946
4538,0.979859,0.332306,0.377078,0.00278946
4539,0.979553,0.306423,0.295278,0.00186523
4540,0.976354,0.324119,0.464161,0.00126794
4541,0.978232,0.284427,0.54719,0.000319557
4542,0.978324,0.247644,0.473937,0.00137482
4543,0.979892,0.260606,0.544104,0.00353802
4544,0.977372,0.316021,0.42274,0.00576779
4545,0.980138,0.239562,0.418974,0.00117022
4546,0.980138,0.239562,0.418974,0.00117022
4547,0.980138,0.239562,0.418974,0.00117022
4548,0.982,0.187392,0.49533,0.00815183
4549,0.982,0.187392,0.49533,0.00815183
4550,0.982,0.187392,0.49533,0.00815183
4551,0.982,0.187392,0.49533,0.00815183
4552,0.982,0.187392,0.49533,0.00815183
4553,0.981374,0.228503,0.451466,0.00437507
4554,0.981374,0.228503,0.451466,0.00437507
4555,0.981374,0.228503,0.451466,0.00437507
4556,0.983471,0.394972,0.36745,0.00686311
4557,0.982779,0.288405,0.370622,0.00476615
4558,0.982675,0.233226,0.369438,0.00720744
4559,0.982494,0.141735,0.319624,0.00497478
4560,0.985883,0.183632,0.27347,0.00676129
4561,0.985883,0.183632,0.27347,0.00676129
4562,0.98224,0.109547,0.199154,0.0044456
4563,0.984728,0.0564075,0.152594,0.00419438
4564,0.984728,0.0564075,0.152594,0.00419438
4565,0.985112,0.0921411,0.206202,0.000185915
4566,0.985625,0.0304436,0.183598,0.00675269
4567,0.985625,0.0304436,0.183598,0.00675269
4568,0.985322,0.0358934,0.150804,0.00212285
4569,0.985322,0.0358934,0.150804,0.00212285
4570,0.985983,0.0451345,0.246587,0.00165469
4571,0.98868,0.0756759,0.193422,0.00240543
4572,0.98868,0.0756759,0.193422,0.00240543
4573,0.986317,0.131349,0.23119,0.00456759
4574,0.986317,0.131349,0.23119,0.00456759
4575,0.987012,0.03988,0.240885,0.00223416
4576,0.984095,0.0186632,0.236547,0.0017331
4577,0.981361,0.0774499,0.259045,0.0016202
4578,0.985585,0.12073,0.259171,0.00215976
4579,0.980113,0.0705792,0.264171,0.00844717
4580,0.974301,0.0660777,0.3304,0.00443872
4581,0.97597,0.0207161,0.248525,0.00210443
4582,0.97791,0.0298077,0.291833,0.000810122
4583,0.981769,0.0523746,0.321096,0.00225698
4584,0.981769,0.0523746,0.321096,0.00225698
4585,0.982379,0.0752314,0.291887,0.00075279
4586,0.983605,0.120866,0.319459,0.00251242
4587,0.983879,0.169318,0.268241,0.00565588
4588,0.983879,0.169318,0.268241,0.00565588
4589,0.986061,0.156526,0.257903,0.00871396
4590,0.986061,0.156526,0.257903,0.00871396
4591,0.984926,0.221661,0.24742,0.00571034
4592,0.985791,0.279091,0.231159,0.00326063
4593,0.985791,0.279091,0.231159,0.00326063
4594,0.987053,0.192149,0.184776,0.00243618
4595,0.987053,0.192149,0.184776,0.00243618
4596,0.986459,0.264982,0.179879,0.00681701
4597,0.986459,0.264982,0.179879,0.00681701
4598,0.984334,0.273803,0.230689,0.0062886
4599,0.985326,0.281711,0.237065,0.000426869
4600,0.985326,0.281711,0.237065,0.000426869
4601,0.985486,0.212119,0.243486,0.00507492
4602,0.980876,0.205561,0.274839,0.00328302
4603,0.981635,0.219055,0.379988,0.00399971
4604,0.983142,0.268494,0.528093,0.0034484
4605,0.979253,0.205162,0.455035,0.00548346
4606,0.976956,0.248944,0.231692,0.00142503
4607,0.980377,0.270399,0.543507,0.00490058
4608,0.981093,0.295544,0.55932,0.00339855
4609,0.98126,0.278599,0.393183,0.0045496
4610,0.983107,0.287014,0.351465,0.00608965
4611,0.981351,0.271305,0.387321,0.00467135
4612,0.981351,0.271305,0.387321,0.00467135
4613,0.980521,0.32584,0.38607,0.00326419
4614,0.983178,0.227668,0.391235,0.0043873
4615,0.98367,0.226961,0.390985,0.00150173
4616,0.98367,0.226961,0.390985,0.00150173
4617,0.98367,0.226961,0.390985,0.00150173
4618,0.98367,0.226961,0.390985,0.00150173
4619,0.982881,0.27203,0.442832,0.00130621
4620,0.98302,0.209181,0.582568,0.000978207
4621,0.98302,0.209181,0.582568,0.000978207
4622,0.983647,0.214731,0.488576,0.00283963
4623,0.985556,0.241822,0.491716,0.00200077
4624,0.986368,0.220132,0.411833,0.00115872
4625,0.985873,0.214095,0.4639,0.000601833
4626,0.98542,0.247205,0.385441,0.00477304
4627,0.982267,0.270396,0.376221,0.00226697
4628,0.982267,0.270396,0.376221,0.00226697
4629,0.980335,0.337717,0.405484,0.00448419
4630,0.980963,0.356635,0.407693,0.00436784
4631,0.983343,0.380492,0.454093,0.00123087
4632,0.984366,0.401805,0.525165,0.0016904
4633,0.983447,0.344695,0.414175,0.00190866
4634,0.983447,0.344695,0.414175,0.00190866
4635,0.985778,0.29217,0.392972,0.0015987
4636,0.98365,0.351428,0.546915,0.00262166
4637,0.984016,0.448833,0.388765,0.00155846
4638,0.984016,0.448833,0.388765,0.00155846
4639,0.98327,0.362815,0.455856,0.00268108
4640,0.983635,0.4117,0.417889,0.00469408
4641,0.982569,0.321005,0.368339,0.00105739
4642,0.982569,0.321005,0.368339,0.00105739
4643,0.982569,0.321005,0.368339,0.00105739
4644,0.980872,0.404735,0.347104,0.00174423
4645,0.980872,0.404735,0.347104,0.00174423
4646,0.980872,0.404735,0.347104,0.00174423
4647,0.979921,0.389089,0.340315,0.0015316
4648,0.979921,0.389089,0.340315,0.0015316
4649,0.978269,0.351796,0.362026,0.00212763
4650,0.980082,0.441608,0.431508,0.00281051
4651,0.981735,0.318059,0.423039,0.000366409
4652,0.980673,0.335427,0.394339,0.00602004
4653,0.982634,0.37864,0.390932,0.00113844
4654,0.983389,0.279188,0.444376,0.00312175
4655,0.979944,0.303156,0.356413,0.00300551
4656,0.979944,0.303156,0.356413,0.00300551
4657,0.979944,0.303156,0.356413,0.00300551
4658,0.979539,0.35758,0.375775,0.000210242
4659,0.979539,0.35758,0.375775,0.000210242
4660,0.979351,0.223081,0.401124,0.00388284
4661,0.976642,0.268605,0.33127,0.00261676
4662,0.976654,0.228268,0.336504,0.00277101
4663,0.976654,0.228268,0.336504,0.00277101
4664,0.98011,0.214609,0.365003,0.00368648
4665,0.980346,0.298703,0.382994,0.00357335
4666,0.980346,0.298703,0.382994,0.00357335
4667,0.980805,0.353081,0.452342,0.00375484
4668,0.984406,0.379171,0.440908,0.004209
4669,0.980621,0.32037,0.504904,0.00102265
4670,0.984684,0.351701,0.451089,0.0020061
4671,0.98198,0.315333,0.430288,0.0030973
4672,0.98198,0.315333,0.430288,0.0030973
4673,0.981727,0.265239,0.424123,0.00607218
4674,0.981727,0.265239,0.424123,0.00607218
4675,0.980646,0.199814,0.442111,0.00468821
4676,0.980646,0.199814,0.442111,0.00468821
4677,0.982585,0.276895,0.384946,0.0036842
4678,0.982149,0.373381,0.254908,0.00245251
4679,0.982149,0.373381,0.254908,0.00245251
4680,0.982149,0.373381,0.254908,0.00245251
4681,0.982149,0.373381,0.254908,0.00245251
4682,0.982149,0.373381,0.254908,0.00245251
4683,0.982149,0.373381,0.254908,0.00245251
4684,0.982149,0.373381,0.254908,0.00245251
4685,0.982769,0.368612,0.267289,0.00292338
4686,0.982769,0.368612,0.267289,0.00292338
4687,0.982769,0.368612,0.267289,0.00292338
4688,0.983685,0.322019,0.425401,0.00505312
4689,0.984512,0.364061,0.407316,0.000803669
4690,0.980724,0.363149,0.239815,0.00242979
4691,0.98361,0.364442,0.255281,0.0013387
4692,0.98361,0.364442,0.255281,0.0013387
4693,0.98361,0.364442,0.255281,0.0013387
4694,0.984205,0.411659,0.1998,0.00130647
4695,0.985824,0.310556,0.27118,0.00425685
4696,0.982558,0.400688,0.309628,0.00146628
4697,0.982558,0.400688,0.309628,0.00146628
4698,0.978875,0.375185,0.280747,0.00825294
4699,0.981268,0.411372,0.285034,0.00571187
4700,0.983629,0.272423,0.216124,0.00349219
4701,0.983629,0.272423,0.216124,0.00349219
4702,0.98269,0.250185,0.21247,0.00507157
4703,0.986071,0.310087,0.289342,0.0060292
4704,0.988092,0.306077,0.281691,0.00329138
4705,0.988092,0.306077,0.281691,0.00329138
4706,0.988092,0.306077,0.281691,0.00329138
4707,0.986194,0.259444,0.408121,0.00412437
4708,0.986194,0.259444,0.408121,0.00412437
4709,0.986194,0.259444,0.408121,0.00412437
4710,0.985038,0.2621,0.322893,0.00373449
4711,0.984921,0.214982,0.38833,0.00128232
4712,0.983004,0.241186,0.412904,0.00393265
4713,0.982554,0.239324,0.461141,0.0040351
4714,0.982554,0.239324,0.461141,0.0040351
4715,0.982554,0.239324,0.461141,0.0040351
4716,0.982694,0.220222,0.399112,0.00194413
4717,0.982801,0.2566,0.463767,0.00522327
4718,0.982801,0.2566,0.463767,0.00522327
4719,0.982801,0.2566,0.463767,0.00522327
4720,0.982801,0.2566,0.463767,0.00522327
4721,0.982801,0.2566,0.463767,0.00522327
4722,0.987675,0.23116,0.439183,0.00274895
4723,0.984755,0.208896,0.375573,0.00219949
4724,0.983683,0.242641,0.306479,0.00215302
4725,0.983683,0.242641,0.306479,0.00215302
4726,0.985973,0.298862,0.258488,0.00424131
4727,0.985143,0.263796,0.251346,0.00487514
4728,0.985757,0.30147,0.231468,0.00637097
4729,0.982985,0.261983,0.311541,0.00269415
4730,0.982985,0.261983,0.311541,0.00269415
4731,0.981701,0.235443,0.24955,0.00306858
4732,0.983258,0.210833,0.170585,0.00688037
4733,0.983729,0.313184,0.104306,0.00357851
4734,0.985172,0.273134,0.0910106,0.00394438
4735,0.985172,0.273134,0.0910106,0.00394438
4736,0.984339,0.293588,0.0196825,0.00195909
4737,0.986067,0.254976,0.0924335,0.00248227
4738,0.986067,0.254976,0.0924335,0.00248227
4739,0.986067,0.254976,0.0924335,0.00248227
4740,0.986351,0.246767,0.0820876,0.00087278
4741,0.985456,0.296574,0.0703065,0.00394942
4742,0.985456,0.296574,0.0703065,0.00394942
4743,0.982398,0.363146,0.173037,0.00152456
4744,0.983747,0.270929,0.116235,0.00309064
4745,0.983376,0.417983,0.0646664,0.00418608
4746,0.98278,0.392947,0.0136116,0.00236175
4747,0.979841,0.326183,0.0648076,0.00331376
4748,0.979841,0.326183,0.0648076,0.00331376
4749,0.979762,0.313469,0.0624648,0.00103489
4750,0.979762,0.313469,0.0624648,0.00103489
4751,0.982545,0.275263,0.0613425,0.00649173
4752,0.982419,0.291179,0.0555803,0.00532957
4753,0.982771,0.229406,0.0722044,0.00188294
4754,0.980449,0.202333,0.0362733,0.00160817
4755,0.980449,0.202333,0.0362733,0.00160817
4756,0.981448,0.189048,0.0298913,0.00467583
4757,0.982055,0.0873338,0.0250011,0.002325
4758,0.982748,0.0670941,0.0134228,0.000861035
4759,0.982748,0.0670941,0.0134228,0.000861035
4760,0.982748,0.0670941,0.0134228,0.000861035
4761,0.982748,0.0670941,0.0134228,0.000861036
4762,0.982748,0.0670941,0.0134228,0.000861036
4763,0.983373,0.115342,0.101851,0.00575253
4764,0.984174,0.0946208,0.0682325,0.00408524
4765,0.988098,0.128281,0.0424468,0.00200603
4766,0.988098,0.128281,0.0424468,0.00200603
4767,0.988098,0.128281,0.0424468,0.00200603
4768,0.985698,0.203598,0.0437108,0.000136219
4769,0.988181,0.23069,0.0779468,0.00315457
4770,0.989078,0.290915,0.0426605,0.00480246
4771,0.99095,0.24099,0.0647452,0.00292349
4772,0.989703,0.267047,0.0698722,0.000685825
4773,0.989581,0.20846,0.083433,0.00186512
4774,0.988769,0.228523,0.068488,0.00117805
4775,0.989098,0.225375,0.10493,0.00118536
4776,0.988775,0.24293,0.0106764,0.00622765
4777,0.988468,0.252001,0.0640623,9.10572e-05
4778,0.988468,0.252001,0.0640623,9.10572e-05
4779,0.987765,0.339463,0.0808203,0.00207638
4780,0.987765,0.339463,0.0808203,0.00207638
4781,0.989138,0.28211,0.0863706,0.00295557
4782,0.985978,0.331364,0.162644,0.00772349
4783,0.987763,0.344147,0.178438,0.00553946
4784,0.988079,0.335769,0.166302,0.00329647
4785,0.986575,0.286504,0.130818,0.00527741
4786,0.990131,0.208507,0.152382,0.000575392
4787,0.99047,0.275737,0.111307,0.0054529
4788,0.988694,0.239184,0.10815,0.00270056
4789,0.985999,0.308338,0.151855,0.000525903
4790,0.985999,0.308338,0.151855,0.000525903
4791,0.985999,0.308338,0.151855,0.000525903
4792,0.988814,0.300273,0.0698008,0.00232848
4793,0.987043,0.250295,0.18896,0.00373462
4794,0.984058,0.198934,0.094892,0.00117892
4795,0.986968,0.185883,0.0444052,0.00135495
4796,0.989302,0.252192,0.117831,0.00493046
4797,0.990716,0.268412,0.0999831,0.00303826
4798,0.990716,0.268412,0.0999831,0.00303826
4799,0.992209,0.194456,0.0599174,0.0024124
4800,0.992209,0.194456,0.0599174,0.0024124
4801,0.990628,0.15416,0.106245,0.00490617
4802,0.990628,0.15416,0.106245,0.00490617
4803,0.992156,0.165857,0.11808,0.00111196
4804,0.990909,0.187937,0.169436,0.0047131
4805,0.990909,0.187937,0.169436,0.0047131
4806,0.990909,0.187937,0.169436,0.0047131
4807,0.993216,0.147274,0.170787,0.000390163
4808,0.993216,0.147274,0.170787,0.000390163
4809,0.993216,0.147274,0.170787,0.000390163
4810,0.99295,0.15585,0.217193,0.0027684
4811,0.98901,0.185559,0.152834,0.00531338
4812,0.98901,0.185559,0.152834,0.00531338
4813,0.985141,0.172598,0.180775,0.00279962
4814,0.985141,0.172598,0.180775,0.00279962
4815,0.987758,0.180438,0.0341682,0.0022529
4816,0.987758,0.180438,0.0341682,0.0022529
4817,0.98701,0.204562,0.157037,0.003885
4818,0.982858,0.141896,0.126821,0.00464794
4819,0.981313,0.0804511,0.0899316,0.00179443
4820,0.982818,0.10493,0.136466,0.0033749
4821,0.980161,0.152052,0.151365,0.00428888
4822,0.981072,0.117829,0.124753,0.00581924
4823,0.984332,0.200755,0.158866,0.00219563
4824,0.984332,0.200755,0.158866,0.00219563
4825,0.984332,0.200755,0.158866,0.00219563
4826,0.984332,0.200755,0.158866,0.00219563
4827,0.983528,0.13859,0.191195,0.00414278
4828,0.983286,0.196528,0.149629,0.00393856
4829,0.983666,0.131269,0.125305,0.00212453
4830,0.983666,0.131269,0.125305,0.00212453
4831,0.983666,0.131269,0.125305,0.00212453
4832,0.983666,0.131269,0.125305,0.00212453
4833,0.982867,0.273582,0.177722,0.00531019
4834,0.982867,0.273582,0.177722,0.00531019
4835,0.982867,0.273582,0.177722,0.00531019
4836,0.982759,0.219348,0.200747,0.00297596
4837,0.982759,0.219348,0.200747,0.00297596
4838,0.980944,0.20736,0.232458,0.0066996
4839,0.978648,0.18276,0.211836,0.00381122
4840,0.978648,0.18276,0.211836,0.00381122
4841,0.981652,0.201239,0.232191,0.00330981
4842,0.979274,0.224241,0.205711,0.00171132
4843,0.982219,0.224663,0.190267,0.00192673
4844,0.980146,0.182748,0.269366,0.00371074
4845,0.978962,0.241155,0.261042,0.00165544
4846,0.97905,0.248224,0.170509,0.00501424
4847,0.981201,0.24817,0.255597,0.00213735
4848,0.981812,0.264899,0.278993,0.00272657
4849,0.981812,0.264899,0.278993,0.00272657
4850,0.981812,0.264899,0.278993,0.00272657
4851,0.981812,0.264899,0.278993,0.00272657
4852,0.981812,0.264899,0.278993,0.00272657
4853,0.978133,0.252557,0.296163,0.00180188
4854,0.98041,0.204186,0.250412,0.00236511
4855,0.982691,0.168794,0.24684,0.00462224
4856,0.9854,0.180867,0.195564,0.00264417
4857,0.9854,0.180867,0.195564,0.00264417
4858,0.9854,0.180867,0.195564,0.00264417
4859,0.983441,0.207454,0.241851,0.00323236
4860,0.984564,0.204935,0.257825,0.00393486
4861,0.984343,0.193953,0.183026,0.00261624
4862,0.984343,0.193953,0.183026,0.00261624
4863,0.981863,0.183968,0.207321,0.00594358
4864,0.98238,0.233584,0.243078,0.000852274
4865,0.982703,0.288666,0.271155,0.000956504
4866,0.982703,0.288666,0.271155,0.000956504
4867,0.982703,0.288666,0.271155,0.000956504
4868,0.981911,0.237784,0.272656,0.00265021
4869,0.979256,0.294202,0.283425,0.00397457
4870,0.979256,0.294202,0.283425,0.00397457
4871,0.979256,0.294202,0.283425,0.00397457
4872,0.978742,0.353381,0.283562,0.00129611
4873,0.978742,0.353381,0.283562,0.00129611
4874,0.978214,0.295045,0.219707,0.00312453
4875,0.98244,0.364709,0.273952,0.00468221
4876,0.98244,0.364709,0.273952,0.00468221
4877,0.98244,0.364709,0.273952,0.00468221
4878,0.98244,0.364709,0.273952,0.00468221
4879,0.98244,0.364709,0.273952,0.00468221
4880,0.983918,0.384036,0.255819,0.00232722
4881,0.983918,0.384036,0.255819,0.00232722
4882,0.98292,0.312874,0.241108,0.00197143
4883,0.984906,0.389512,0.251592,0.00183823
4884,0.987556,0.283739,0.209262,0.0022544
4885,0.987064,0.325873,0.26515,0.00908016
4886,0.985125,0.317096,0.301989,0.00569265
4887,0.985698,0.337233,0.296248,0.00307331
4888,0.986058,0.356292,0.243646,0.00427692
4889,0.984257,0.345989,0.230871,0.00230238
4890,0.984257,0.345989,0.230871,0.00230238
4891,0.984257,0.345989,0.230871,0.00230238
4892,0.986783,0.342965,0.281317,0.00822351
4893,0.985884,0.352491,0.226376,0.00455624
4894,0.985884,0.352491,0.226376,0.00455624
4895,0.985884,0.352491,0.226376,0.00455624
4896,0.985884,0.352491,0.226376,0.00455624
4897,0.985884,0.352491,0.226376,0.00455624
4898,0.985884,0.352491,0.226376,0.00455624
4899,0.985884,0.352491,0.226376,0.00455624
4900,0.984824,0.35334,0.313006,0.00514512
4901,0.987243,0.324692,0.34909,0.00616081
4902,0.987243,0.324692,0.34909,0.00616081
4903,0.989466,0.309686,0.361801,0.00628157
4904,0.989862,0.283747,0.372218,0.000808461
4905,0.987163,0.266503,0.396989,0.00264271
4906,0.988473,0.399979,0.3925,0.00182005
4907,0.988252,0.459207,0.338618,0.00144388
4908,0.988252,0.459207,0.338618,0.00144388
4909,0.987951,0.547527,0.3183,0.000384755
4910,0.985945,0.548441,0.214326,0.000390916
4911,0.98668,0.590995,0.240774,0.00351063
4912,0.98668,0.590995,0.240774,0.00351063
4913,0.98668,0.590995,0.240774,0.00351063
4914,0.98668,0.590995,0.240774,0.00351063
4915,0.985234,0.49594,0.319267,0.00757753
4916,0.982446,0.394493,0.339188,0.00290544
4917,0.981518,0.533484,0.304444,0.00288756
4918,0.981518,0.533484,0.304444,0.00288756
4919,0.980371,0.409121,0.32585,0.00391062
4920,0.980371,0.409121,0.32585,0.00391062
4921,0.982712,0.41615,0.323631,0.00229345
4922,0.982712,0.41615,0.323631,0.00229345
4923,0.982992,0.411586,0.265886,0.00178517
4924,0.980772,0.46035,0.314151,0.00749231
4925,0.98147,0.410148,0.311361,0.00172827
4926,0.98147,0.410148,0.311361,0.00172827
4927,0.98147,0.410148,0.311361,0.00172827
4928,0.984369,0.443337,0.280228,0.00690148
4929,0.984369,0.443337,0.280228,0.00690148
4930,0.987846,0.440801,0.260927,0.00534252
4931,0.987846,0.440801,0.260927,0.00534252
4932,0.987375,0.391041,0.238878,0.00251259
4933,0.986756,0.497623,0.246777,0.00315648
4934,0.986756,0.497623,0.246777,0.00315648
4935,0.986756,0.497623,0.246777,0.00315648
4936,0.9858,0.450703,0.250876,0.00363862
4937,0.985647,0.405906,0.222277,0.0057557
4938,0.987966,0.34821,0.247009,0.000824253
4939,0.987966,0.34821,0.247009,0.000824253
4940,0.987966,0.34821,0.247009,0.000824253
4941,0.984399,0.334903,0.205671,0.00268685
4942,0.982657,0.337296,0.23517,0.00570193
4943,0.982657,0.337296,0.23517,0.00570193
4944,0.983797,0.417366,0.241455,0.00612146
4945,0.980574,0.38951,0.306439,0.00315392
4946,0.980574,0.38951,0.306439,0.00315392
4947,0.97725,0.396489,0.308629,0.00239459
4948,0.97725,0.396489,0.308629,0.00239459
4949,0.980702,0.430506,0.242255,0.00080743
4950,0.979274,0.44965,0.269441,0.0035759
4951,0.976628,0.466074,0.29154,0.000878885
4952,0.977248,0.424552,0.225891,0.000983106
4953,0.977248,0.424552,0.225891,0.000983106
4954,0.976278,0.229151,0.161428,0.00239696
4955,0.977494,0.236255,0.193872,0.00233176
4956,0.977494,0.236255,0.193872,0.00233176
4957,0.977494,0.236255,0.193872,0.00233176
4958,0.976726,0.352046,0.175429,0.00413701
4959,0.977899,0.262908,0.171597,0.00350522
4960,0.974489,0.278639,0.152315,0.00875117
4961,0.976544,0.381278,0.199357,0.00250189
4962,0.978722,0.508069,0.264466,0.00337005
4963,0.978722,0.508069,0.264466,0.00337005
4964,0.978966,0.489269,0.17638,0.00322981
4965,0.978966,0.489269,0.17638,0.00322981
4966,0.978966,0.489269,0.17638,0.00322981
4967,0.976136,0.408344,0.196491,0.0061138
4968,0.976136,0.408344,0.196491,0.0061138
4969,0.977839,0.298265,0.20125,0.00260027
4970,0.977839,0.298265,0.20125,0.00260027
4971,0.979393,0.322289,0.310022,0.00333075
4972,0.979543,0.315449,0.227245,0.00157806
4973,0.980751,0.26839,0.262146,0.00116958
4974,0.979904,0.321186,0.221436,0.00458307
4975,0.982908,0.249294,0.179422,0.00485828
4976,0.982691,0.349199,0.170466,0.0010595
4977,0.982691,0.349199,0.170466,0.0010595
4978,0.979995,0.258895,0.193861,0.00518454
4979,0.979435,0.330547,0.237491,0.00384142
4980,0.980147,0.290548,0.228183,0.00181236
4981,0.981886,0.224008,0.2268,0.000894734
4982,0.981886,0.224008,0.2268,0.000894734
4983,0.981476,0.190848,0.148557,0.00380139
4984,0.98468,0.182984,0.211321,0.00280757
4985,0.985022,0.213475,0.156738,0.00388667
4986,0.985022,0.213475,0.156738,0.00388667
4987,0.985022,0.213475,0.156738,0.00388667
4988,0.987571,0.224946,0.163496,0.00480093
4989,0.986919,0.231648,0.215979,0.00337402
4990,0.986919,0.231648,0.215979,0.00337402
