ReTr(L*),ImTr(Lx),ImTr(Ly),ImTr(Lz),ImTr(L5)
0.99547,0.00318111,null,null,null
0.0468975,null,-0.141619,null,null
-0.101091,null,null,-0.143996,null
-0.00113802,null,null,null,-0.000431077
0.995452,-0.00121456,null,null,null
0.0739435,null,-0.0868449,null,null
-0.0680956,null,null,-0.138659,null
0.00331649,null,null,null,0.0051225
0.995459,-0.00386736,null,null,null
0.00474524,null,-0.080836,null,null
-0.0948161,null,null,-0.154431,null
0.000669605,null,null,null,0.00185549
0.995428,-0.00241947,null,null,null
0.00746746,null,-0.0771808,null,null
-0.120531,null,null,-0.181044,null
0.00464862,null,null,null,-0.000620841
0.995434,0.00419303,null,null,null
0.0444569,null,-0.0606026,null,null
-0.142758,null,null,-0.204978,null
0.00536414,null,null,null,-0.00179473
0.9954,0.00618015,null,null,null
0.0459556,null,-0.0675449,null,null
-0.19763,null,null,-0.233489,null
0.00255216,null,null,null,0.0019546
0.995417,0.00696553,null,null,null
0.0278331,null,-0.0881026,null,null
-0.147964,null,null,-0.210384,null
-0.00235898,null,null,null,0.00267009
0.995385,0.00992781,null,null,null
0.0510193,null,-0.0788571,null,null
-0.123115,null,null,-0.217219,null
-0.00336988,null,null,null,0.00253564
0.99531,0.0134569,null,null,null
0.080936,null,-0.0429801,null,null
-0.123895,null,null,-0.230348,null
-0.00225396,null,null,null,-0.000648016
0.995301,0.0125424,null,null,null
0.0516886,null,-0.0727592,null,null
-0.0578529,null,null,-0.224389,null
0.0010382,null,null,null,-0.000129767
0.995332,0.0124484,null,null,null
0.065468,null,-0.0619814,null,null
-0.040272,null,null,-0.257925,null
-0.000170855,null,null,null,-0.00325646
0.995286,0.0134175,null,null,null
0.0734527,null,-0.103849,null,null
-0.0784212,null,null,-0.279376,null
0.00337445,null,null,null,-0.0001367
0.995244,0.0129064,null,null,null
0.0997986,null,-0.0362704,null,null
-0.0604135,null,null,-0.256684,null
0.0039186,null,null,null,0.00241219
0.99525,0.0107754,null,null,null
0.097799,null,-0.161246,null,null
-0.0864741,null,null,-0.245781,null
0.00216956,null,null,null,0.00401049
0.995308,0.0116767,null,null,null
0.0906285,null,-0.0930229,null,null
-0.0194383,null,null,-0.23347,null
-0.000636695,null,null,null,0.00172205
0.995285,0.0110409,null,null,null
0.0398381,null,-0.164311,null,null
-0.0177216,null,null,-0.202594,null
-0.00244656,null,null,null,-0.0004058
0.99531,0.0051195,null,null,null
0.0489421,null,-0.118802,null,null
-0.064555,null,null,-0.138229,null
0.00107847,null,null,null,-0.0017306
0.995261,0.00409431,null,null,null
-0.00235981,null,-0.119175,null,null
-0.122843,null,null,-0.132565,null
-0.00143441,null,null,null,0.00288335
0.995314,0.00377745,null,null,null
0.0386782,null,-0.118015,null,null
-0.110001,null,null,-0.110179,null
0.000821563,null,null,null,-0.00248862
0.995301,0.00106668,null,null,null
0.0884125,null,-0.101217,null,null
-0.0754869,null,null,-0.138065,null
-0.00264277,null,null,null,-0.00511474
0.99523,0.00348556,null,null,null
0.0701381,null,-0.0917088,null,null
-0.107588,null,null,-0.202064,null
-0.00480503,null,null,null,-0.00256576
0.995255,0.00390038,null,null,null
0.0466457,null,-0.0894415,null,null
-0.096419,null,null,-0.194467,null
-0.00289586,null,null,null,-0.00466094
0.995189,0.00941561,null,null,null
0.0707306,null,-0.073837,null,null
-0.0963839,null,null,-0.187578,null
-0.00167845,null,null,null,-0.00112491
0.995229,0.00844293,null,null,null
0.0714635,null,-0.0751556,null,null
-0.101415,null,null,-0.213544,null
0.000236955,null,null,null,-0.00511487
0.995182,0.0105268,null,null,null
0.105459,null,-0.0411292,null,null
-0.100332,null,null,-0.263814,null
0.00381237,null,null,null,-0.00155952
0.995195,0.00754274,null,null,null
0.123291,null,-0.0337317,null,null
-0.135497,null,null,-0.234816,null
0.000479899,null,null,null,-0.000242821
0.995119,0.00848943,null,null,null
0.148491,null,-0.0387069,null,null
-0.113804,null,null,-0.244995,null
1.46394e-05,null,null,null,-0.000623604
0.995126,0.0092751,null,null,null
0.0886874,null,-0.0308651,null,null
-0.120918,null,null,-0.250393,null
0.00151324,null,null,null,0.00024626
0.995161,0.00957645,null,null,null
0.106179,null,-0.0435061,null,null
-0.128991,null,null,-0.337635,null
0.00246516,null,null,null,0.000319615
0.99524,0.00359876,null,null,null
0.146959,null,-0.0976328,null,null
-0.160035,null,null,-0.29929,null
-0.00328451,null,null,null,-0.000306771
0.995181,0.00472961,null,null,null
0.141245,null,-0.0956204,null,null
-0.110637,null,null,-0.321979,null
-0.00125767,null,null,null,-0.00427923
0.995231,0.00649455,null,null,null
0.15217,null,-0.0910305,null,null
-0.0712319,null,null,-0.38229,null
0.00122611,null,null,null,-0.00110075
0.995216,0.00327769,null,null,null
0.198823,null,-0.0537748,null,null
-0.0454447,null,null,-0.316046,null
0.00463328,null,null,null,-0.0034488
0.995224,0.00640984,null,null,null
0.171629,null,0.042112,null,null
-0.0504102,null,null,-0.336036,null
0.00168907,null,null,null,0.00149251
0.995214,0.00860052,null,null,null
0.180787,null,-9.7664e-05,null,null
-0.109398,null,null,-0.327239,null
0.000174465,null,null,null,-0.0037356
0.995169,0.00649001,null,null,null
0.174033,null,0.0578485,null,null
-0.0906067,null,null,-0.32646,null
-0.000790379,null,null,null,-2.79954e-06
0.99516,0.000985643,null,null,null
0.0888829,null,0.0571719,null,null
-0.111154,null,null,-0.343741,null
-0.00358645,null,null,null,0.00357551
0.995129,0.00153188,null,null,null
0.110557,null,0.0168446,null,null
-0.0943899,null,null,-0.347179,null
-0.00226956,null,null,null,-0.00219009
0.995093,0.00525089,null,null,null
0.125112,null,0.0480937,null,null
-0.0107318,null,null,-0.344951,null
0.00111784,null,null,null,-0.00304628
0.995164,0.00467321,null,null,null
0.176151,null,0.0492371,null,null
0.00955742,null,null,-0.352516,null
0.00345836,null,null,null,-0.00158185
0.995136,-0.00118069,null,null,null
0.191504,null,0.0194661,null,null
0.045684,null,null,-0.31125,null
-0.002537,null,null,null,-0.00387962
0.995174,-0.00128464,null,null,null
0.156235,null,0.040437,null,null
0.0588976,null,null,-0.301479,null
-0.00079722,null,null,null,-0.000921105
0.995143,-0.000401775,null,null,null
0.104821,null,0.0303541,null,null
-0.0176756,null,null,-0.315404,null
0.0028067,null,null,null,-0.00286706
0.995209,0.0027209,null,null,null
0.110684,null,0.0422823,null,null
0.00950984,null,null,-0.279024,null
0.00132971,null,null,null,-0.000868615
0.995121,0.00456177,null,null,null
0.112009,null,0.00967636,null,null
0.0651279,null,null,-0.230334,null
0.00238409,null,null,null,-0.00188734
0.995106,0.0027528,null,null,null
0.110229,null,-0.0591962,null,null
0.0602526,null,null,-0.250811,null
-0.000227394,null,null,null,0.000812204
0.995106,0.0027528,null,null,null
0.110229,null,-0.0591962,null,null
0.0602526,null,null,-0.250811,null
-0.000227394,null,null,null,0.000812204
0.995159,0.000340278,null,null,null
0.138169,null,-0.0463517,null,null
0.0276579,null,null,-0.196865,null
0.00167175,null,null,null,-0.00321891
0.995084,0.000275755,null,null,null
0.135211,null,-0.0817571,null,null
0.0396891,null,null,-0.174239,null
0.00168831,null,null,null,-0.00292314
0.995038,-0.00092862,null,null,null
0.117998,null,-0.102563,null,null
0.0423429,null,null,-0.195471,null
-0.00080623,null,null,null,-0.00396595
0.995006,0.000840435,null,null,null
0.134946,null,-0.0714905,null,null
-0.0293075,null,null,-0.218446,null
-0.00511925,null,null,null,-0.0044384
0.995005,0.000615149,null,null,null
0.177234,null,-0.114418,null,null
-0.00157837,null,null,-0.181664,null
-0.00603875,null,null,null,0.00293454
0.995055,-0.00155515,null,null,null
0.212276,null,-0.0918356,null,null
0.0234747,null,null,-0.196626,null
-0.00304513,null,null,null,-0.00482763
0.994977,-0.00212061,null,null,null
0.216329,null,-0.0886705,null,null
0.0044458,null,null,-0.181409,null
2.43868e-05,null,null,null,-0.00405071
0.995016,-0.000873975,null,null,null
0.212851,null,-0.0627406,null,null
0.0164141,null,null,-0.127161,null
7.29374e-05,null,null,null,-0.00223969
0.994986,-0.000338114,null,null,null
0.24309,null,-0.0224551,null,null
0.0407319,null,null,-0.149457,null
-0.00211934,null,null,null,0.00123389
0.995003,0.00129258,null,null,null
0.238505,null,0.0109554,null,null
0.0263131,null,null,-0.105956,null
0.00134456,null,null,null,-0.0014164
0.995011,0.00292914,null,null,null
0.289148,null,0.0320134,null,null
0.061852,null,null,-0.0815055,null
-0.0016846,null,null,null,0.0019281
0.995011,0.00292914,null,null,null
0.289148,null,0.0320134,null,null
0.061852,null,null,-0.0815055,null
-0.0016846,null,null,null,0.0019281
0.995039,0.00176991,null,null,null
0.26453,null,0.0144531,null,null
0.0527884,null,null,-0.0921084,null
-0.00342006,null,null,null,0.0016734
0.995005,0.00552161,null,null,null
0.229989,null,0.043751,null,null
0.0585198,null,null,-0.0799727,null
0.00555918,null,null,null,0.00165735
0.994942,0.00631226,null,null,null
0.210095,null,0.0262994,null,null
0.0543916,null,null,-0.0886022,null
0.000509514,null,null,null,0.00137272
0.995075,0.00564717,null,null,null
0.191777,null,0.00409146,null,null
-0.00912632,null,null,-0.0473462,null
0.00109572,null,null,null,-0.00221616
0.995115,0.00370282,null,null,null
0.164754,null,0.0021656,null,null
0.0457811,null,null,-0.102206,null
0.00100553,null,null,null,0.00341846
0.995156,0.00214234,null,null,null
0.152109,null,0.0501095,null,null
0.0466678,null,null,-0.132041,null
-0.000174979,null,null,null,-0.00100913
0.995086,0.00598999,null,null,null
0.116108,null,0.0255748,null,null
0.0724344,null,null,-0.179567,null
-0.00362009,null,null,null,-0.00292769
0.995112,0.00463769,null,null,null
0.149405,null,0.0514618,null,null
0.071981,null,null,-0.14002,null
-0.00319282,null,null,null,0.0021168
0.995077,0.00936298,null,null,null
0.112709,null,0.0360884,null,null
0.0509376,null,null,-0.098263,null
-0.00322483,null,null,null,0.00104585
0.995077,0.00936298,null,null,null
0.112709,null,0.0360884,null,null
0.0509376,null,null,-0.098263,null
-0.00322483,null,null,null,0.00104585
0.995141,0.00943731,null,null,null
0.139646,null,0.0183097,null,null
0.030368,null,null,-0.0964072,null
-0.00407466,null,null,null,0.00371317
0.995071,0.0109761,null,null,null
0.112693,null,-0.0241552,null,null
0.0180785,null,null,-0.108962,null
-0.00541631,null,null,null,0.00114986
0.995071,0.0109761,null,null,null
0.112693,null,-0.0241552,null,null
0.0180785,null,null,-0.108962,null
-0.00541631,null,null,null,0.00114986
0.995036,0.0128649,null,null,null
0.0808001,null,-0.0451512,null,null
-0.0151996,null,null,-0.112827,null
-0.00016229,null,null,null,0.00165181
0.994966,0.0129981,null,null,null
0.122958,null,0.0123967,null,null
-0.0416729,null,null,-0.143071,null
-0.00293923,null,null,null,0.00386947
0.99499,0.00901151,null,null,null
0.0420611,null,-0.0368465,null,null
-0.00834805,null,null,-0.127505,null
0.000413259,null,null,null,0.00297034
0.995082,0.00550889,null,null,null
0.105797,null,-0.0236014,null,null
0.0198646,null,null,-0.150735,null
-0.000452269,null,null,null,0.00429562
0.995074,0.00741122,null,null,null
0.169489,null,-0.00232738,null,null
-0.0465826,null,null,-0.184785,null
-0.00336509,null,null,null,0.00452561
0.995074,0.00741122,null,null,null
0.169489,null,-0.00232738,null,null
-0.0465826,null,null,-0.184785,null
-0.00336509,null,null,null,0.00452561
0.995019,0.00520499,null,null,null
0.19084,null,0.00156663,null,null
-0.0635391,null,null,-0.171423,null
0.00348174,null,null,null,0.00622675
0.995062,0.0055558,null,null,null
0.145553,null,-0.00962816,null,null
-0.00615095,null,null,-0.1324,null
0.000989821,null,null,null,0.00145346
0.995062,0.0055558,null,null,null
0.145553,null,-0.00962816,null,null
-0.00615095,null,null,-0.1324,null
0.000989821,null,null,null,0.00145346
0.995045,0.00692281,null,null,null
0.168881,null,-0.0532185,null,null
0.0578152,null,null,-0.148015,null
-0.00311907,null,null,null,0.00120745
0.995097,0.0011389,null,null,null
0.221369,null,-0.00760452,null,null
0.070257,null,null,-0.168091,null
-0.0037002,null,null,null,0.00143674
0.995097,0.0011389,null,null,null
0.221369,null,-0.00760452,null,null
0.070257,null,null,-0.168091,null
-0.0037002,null,null,null,0.00143674
0.99506,-0.000480652,null,null,null
0.253236,null,0.0173162,null,null
0.0872235,null,null,-0.18963,null
-0.000934614,null,null,null,-0.00267542
0.99505,-0.000230355,null,null,null
0.223897,null,0.0198775,null,null
0.0523421,null,null,-0.202563,null
0.00190335,null,null,null,-0.00278853
0.99505,-0.000230355,null,null,null
0.223897,null,0.0198775,null,null
0.0523421,null,null,-0.202563,null
0.00190335,null,null,null,-0.00278853
0.99505,-0.000230355,null,null,null
0.223897,null,0.0198775,null,null
0.0523421,null,null,-0.202563,null
0.00190335,null,null,null,-0.00278853
0.99505,-0.000230355,null,null,null
0.223897,null,0.0198775,null,null
0.0523421,null,null,-0.202563,null
0.00190335,null,null,null,-0.00278853
0.995064,-0.00187502,null,null,null
0.226889,null,0.00454155,null,null
0.0475506,null,null,-0.237077,null
-0.000479533,null,null,null,-0.000493922
0.995026,-0.0031281,null,null,null
0.225518,null,-0.0412418,null,null
0.0450132,null,null,-0.224582,null
0.000394031,null,null,null,-0.0012839
0.994925,-0.0047151,null,null,null
0.173184,null,-0.0710055,null,null
0.01293,null,null,-0.176836,null
0.000568113,null,null,null,-0.00383512
0.994976,-0.00741269,null,null,null
0.16855,null,-0.0816566,null,null
0.0754104,null,null,-0.118842,null
-0.000788924,null,null,null,-0.0029866
0.995011,-0.00801141,null,null,null
0.250149,null,-0.09886,null,null
0.0716474,null,null,-0.0489401,null
-0.00063617,null,null,null,0.000700526
0.994945,-0.00919361,null,null,null
0.175157,null,-0.0876075,null,null
0.111077,null,null,-0.0797168,null
0.000398959,null,null,null,0.00156547
0.994936,-0.00902338,null,null,null
0.186422,null,-0.0540371,null,null
0.0981885,null,null,-0.0622345,null
0.000219334,null,null,null,0.00149018
0.994886,-0.00758433,null,null,null
0.112341,null,-0.0638813,null,null
0.0614101,null,null,-0.0438267,null
-0.00186198,null,null,null,-0.000453301
0.994969,-0.00830174,null,null,null
0.119211,null,-0.0560558,null,null
0.0582241,null,null,-0.0098931,null
0.00141037,null,null,null,-0.000292641
0.994918,-0.00688654,null,null,null
0.110097,null,-0.066398,null,null
0.0768487,null,null,-0.0335968,null
-0.0002157,null,null,null,-0.00193826
0.994885,-0.00446169,null,null,null
0.13124,null,-0.0758321,null,null
0.0371304,null,null,-0.00667391,null
-0.000441779,null,null,null,0.00412839
0.994897,-0.00459925,null,null,null
0.162298,null,-0.0010314,null,null
0.0630396,null,null,-0.0270641,null
-0.000898047,null,null,null,5.51055e-05
0.994909,-0.00485744,null,null,null
0.143223,null,-0.0304059,null,null
0.0203031,null,null,-0.00684245,null
-0.000228359,null,null,null,-0.00101009
0.994905,-0.00537961,null,null,null
0.16255,null,-0.0329804,null,null
0.045121,null,null,-0.0276619,null
0.00285799,null,null,null,0.00115841
0.994873,-0.00493255,null,null,null
0.152899,null,0.0153321,null,null
0.056812,null,null,-0.0564233,null
0.000409036,null,null,null,0.00114576
0.99486,-0.00507653,null,null,null
0.152401,null,-0.0511503,null,null
0.0614825,null,null,0.0155408,null
-6.21009e-06,null,null,null,-0.000244982
0.994873,-0.00680276,null,null,null
0.183145,null,-0.0687525,null,null
0.0933406,null,null,0.0334276,null
-0.00237804,null,null,null,-0.00155617
0.994862,-0.00847756,null,null,null
0.134231,null,-0.092381,null,null
0.0447076,null,null,-0.0458226,null
-0.00144498,null,null,null,0.0015918
0.99489,-0.0106279,null,null,null
0.160362,null,-0.0946575,null,null
0.0353813,null,null,-0.038156,null
0.00139715,null,null,null,0.000979377
0.994969,-0.00699146,null,null,null
0.158649,null,-0.14084,null,null
0.0232504,null,null,-0.000360605,null
0.00072204,null,null,null,-0.00134366
0.994969,-0.00699146,null,null,null
0.158649,null,-0.14084,null,null
0.0232504,null,null,-0.000360605,null
0.00072204,null,null,null,-0.00134366
0.994934,-0.00662191,null,null,null
0.15656,null,-0.125646,null,null
0.0539121,null,null,-0.00740308,null
0.00315332,null,null,null,-0.00171237
0.994934,-0.00662191,null,null,null
0.15656,null,-0.125646,null,null
0.0539121,null,null,-0.00740308,null
0.00315332,null,null,null,-0.00171237
0.994924,-0.00835355,null,null,null
0.17673,null,-0.0978992,null,null
0.0654149,null,null,0.0599841,null
0.000916168,null,null,null,-0.00123607
0.994891,-0.0081417,null,null,null
0.168568,null,-0.0903845,null,null
0.0312766,null,null,0.0637409,null
0.00237155,null,null,null,-0.000333966
0.994914,-0.00881073,null,null,null
0.135983,null,-0.100878,null,null
0.0504797,null,null,0.0284386,null
0.00412196,null,null,null,0.00252666
0.994949,-0.0065066,null,null,null
0.17369,null,-0.0581774,null,null
-0.0208369,null,null,0.0270921,null
0.0013712,null,null,null,0.00247925
0.994907,-0.0070479,null,null,null
0.17195,null,-0.0321569,null,null
-0.0508333,null,null,0.048211,null
-0.00347618,null,null,null,-0.000815718
0.994886,-0.0094028,null,null,null
0.198601,null,0.00636722,null,null
0.0114643,null,null,-0.00246405,null
-0.00230898,null,null,null,0.000376594
0.994944,-0.0068256,null,null,null
0.184751,null,0.0497385,null,null
0.0373259,null,null,0.0315859,null
0.00141656,null,null,null,-0.000419049
0.994971,-0.00628921,null,null,null
0.208881,null,0.0174251,null,null
0.00144538,null,null,-0.00336785,null
0.000868094,null,null,null,-0.00213048
0.994971,-0.00628921,null,null,null
0.208881,null,0.0174251,null,null
0.00144538,null,null,-0.00336785,null
0.000868094,null,null,null,-0.00213048
0.99495,-0.00864496,null,null,null
0.1854,null,0.00646563,null,null
-0.00831559,null,null,-0.00189132,null
0.00295975,null,null,null,-0.00356005
0.994961,-0.00981546,null,null,null
0.209301,null,-0.0517732,null,null
0.0146547,null,null,-0.0312263,null
-0.00173356,null,null,null,0.0013509
0.994961,-0.00981546,null,null,null
0.209301,null,-0.0517732,null,null
0.0146547,null,null,-0.0312263,null
-0.00173356,null,null,null,0.0013509
0.994881,-0.0123287,null,null,null
0.256238,null,-0.0820142,null,null
-0.0443327,null,null,0.0476388,null
0.00137871,null,null,null,-0.00183913
0.994881,-0.0123287,null,null,null
0.256238,null,-0.0820142,null,null
-0.0443327,null,null,0.0476388,null
0.00137871,null,null,null,-0.00183913
0.994881,-0.0123287,null,null,null
0.256238,null,-0.0820142,null,null
-0.0443327,null,null,0.0476388,null
0.00137871,null,null,null,-0.00183913
0.994768,-0.0165171,null,null,null
0.291922,null,-0.0788916,null,null
-0.0436371,null,null,0.0134684,null
0.00374189,null,null,null,0.000329351
0.994711,-0.017251,null,null,null
0.264726,null,-0.0347595,null,null
-0.0406027,null,null,0.0465914,null
0.00370718,null,null,null,-0.00136019
0.994847,-0.0147659,null,null,null
0.291851,null,-0.0470031,null,null
-0.00891484,null,null,0.0661922,null
-0.000813783,null,null,null,0.000725364
0.994829,-0.0140027,null,null,null
0.266865,null,-0.0374489,null,null
-0.0636654,null,null,0.117346,null
-0.000142095,null,null,null,3.1977e-05
0.994899,-0.0135689,null,null,null
0.263311,null,-0.042321,null,null
-0.0572394,null,null,0.123075,null
-0.000678481,null,null,null,-0.0010623
0.994899,-0.0135689,null,null,null
0.263311,null,-0.042321,null,null
-0.0572394,null,null,0.123075,null
-0.000678481,null,null,null,-0.0010623
0.99489,-0.0123462,null,null,null
0.225956,null,-0.0265199,null,null
-0.045253,null,null,0.0926141,null
-0.000267509,null,null,null,-0.00414676
0.994914,-0.0107547,null,null,null
0.19041,null,-0.0300306,null,null
-0.0628678,null,null,0.0771991,null
-0.00542601,null,null,null,-0.000847976
0.994883,-0.0133828,null,null,null
0.211267,null,-0.013179,null,null
-0.0699758,null,null,0.0561598,null
-0.000531739,null,null,null,-0.00107353
0.994835,-0.0142894,null,null,null
0.185996,null,-0.0208282,null,null
-0.0412535,null,null,0.0355427,null
-0.00406276,null,null,null,0.00130501
0.994847,-0.0118967,null,null,null
0.168934,null,-0.0387337,null,null
-0.0762605,null,null,0.0548634,null
-0.00238371,null,null,null,-0.00309945
0.994847,-0.0118967,null,null,null
0.168934,null,-0.0387337,null,null
-0.0762605,null,null,0.0548634,null
-0.00238371,null,null,null,-0.00309945
0.994865,-0.0119253,null,null,null
0.194111,null,-0.0920907,null,null
-0.00653444,null,null,0.00995829,null
-0.00261515,null,null,null,0.000809364
0.994819,-0.0102561,null,null,null
0.16689,null,-0.108177,null,null
0.032969,null,null,0.0128933,null
-0.000196885,null,null,null,0.0029734
0.994876,-0.00633099,null,null,null
0.160659,null,-0.101103,null,null
-0.0368049,null,null,0.000875575,null
-2.93707e-05,null,null,null,0.00184021
0.994871,-0.00799459,null,null,null
0.200965,null,-0.109184,null,null
-0.0358175,null,null,-0.0150926,null
-0.00159301,null,null,null,0.00481249
0.994874,-0.0072944,null,null,null
0.205814,null,-0.0655101,null,null
-0.00832455,null,null,0.00357711,null
-0.00155386,null,null,null,-0.00217298
0.994915,-0.00756575,null,null,null
0.228916,null,-0.120048,null,null
-0.00604056,null,null,-0.0367929,null
-0.00382017,null,null,null,0.00184245
0.994865,-0.0093062,null,null,null
0.234249,null,-0.100106,null,null
-0.0485986,null,null,-0.0545974,null
-0.00143389,null,null,null,-0.000110788
0.994809,-0.0111786,null,null,null
0.23112,null,-0.138137,null,null
-0.0428126,null,null,-0.0755862,null
0.00492841,null,null,null,0.000491279
0.994814,-0.0113357,null,null,null
0.236055,null,-0.0689296,null,null
-0.0345637,null,null,-0.0903576,null
-0.00193904,null,null,null,-0.000408591
0.994814,-0.0113357,null,null,null
0.236055,null,-0.0689296,null,null
-0.0345637,null,null,-0.0903576,null
-0.00193904,null,null,null,-0.000408591
0.994825,-0.00952625,null,null,null
0.266525,null,-0.0541054,null,null
-0.0368394,null,null,-0.0969523,null
-0.00683121,null,null,null,0.000684944
0.994764,-0.0104872,null,null,null
0.267722,null,-0.0520255,null,null
-0.097567,null,null,-0.0654376,null
-0.00153245,null,null,null,0.00369926
0.99474,-0.00775356,null,null,null
0.299762,null,-0.0707536,null,null
-0.112166,null,null,-0.0522282,null
-0.000147796,null,null,null,0.00203498
0.994755,-0.00964822,null,null,null
0.254739,null,-0.079203,null,null
-0.0858939,null,null,-0.0419581,null
-0.00395439,null,null,null,0.000853962
0.994786,-0.0067769,null,null,null
0.293225,null,-0.033496,null,null
-0.0851637,null,null,-0.0818955,null
-0.00238344,null,null,null,0.00285234
0.994722,-0.00898256,null,null,null
0.323815,null,0.020234,null,null
-0.100233,null,null,-0.0270426,null
0.00141726,null,null,null,0.00101624
0.994722,-0.00898256,null,null,null
0.323815,null,0.020234,null,null
-0.100233,null,null,-0.0270426,null
0.00141726,null,null,null,0.00101624
0.994765,-0.00806859,null,null,null
0.334935,null,0.0136738,null,null
-0.0881846,null,null,-0.00664565,null
-0.00072014,null,null,null,0.00336775
0.994812,-0.00427302,null,null,null
0.355975,null,0.044242,null,null
-0.0611595,null,null,-0.028926,null
-0.00078451,null,null,null,-6.66954e-05
0.994818,-0.00602981,null,null,null
0.359368,null,0.00925986,null,null
0.0013832,null,null,0.0118569,null
-0.00430215,null,null,null,-0.00239604
0.994749,-0.00390299,null,null,null
0.347121,null,0.0636934,null,null
-0.00876901,null,null,0.0302499,null
-0.00134669,null,null,null,6.90089e-05
0.99475,-0.00455035,null,null,null
0.338831,null,0.022073,null,null
0.0268671,null,null,0.013298,null
0.00195948,null,null,null,0.00356653
0.99475,-0.00455035,null,null,null
0.338831,null,0.022073,null,null
0.0268671,null,null,0.013298,null
0.00195948,null,null,null,0.00356653
0.994759,-0.00506744,null,null,null
0.378267,null,0.0337744,null,null
0.0117196,null,null,-0.0405619,null
0.00089694,null,null,null,-1.12804e-05
0.994831,-0.00122201,null,null,null
0.362648,null,0.0428919,null,null
-0.0160984,null,null,-0.0251329,null
-0.0030669,null,null,null,-0.00380339
0.994846,0.00102268,null,null,null
0.345647,null,0.0152975,null,null
-0.000499276,null,null,-0.0350126,null
0.00168631,null,null,null,-0.00269218
0.994809,0.00458219,null,null,null
0.314439,null,0.05444,null,null
-0.0248845,null,null,-0.0526732,null
-0.00213452,null,null,null,-0.000756377
0.994768,0.00759381,null,null,null
0.298077,null,0.0461068,null,null
-0.00432408,null,null,-0.0413422,null
-0.00303528,null,null,null,-0.000950363
0.994754,0.00602397,null,null,null
0.376082,null,0.0125914,null,null
-0.0208801,null,null,-0.0440859,null
-0.00184404,null,null,null,0.000727016
0.994777,0.00648571,null,null,null
0.395144,null,0.0529247,null,null
-0.0462767,null,null,-0.0316937,null
-0.00342446,null,null,null,-0.00267701
0.994764,0.00793055,null,null,null
0.365814,null,0.0639467,null,null
-0.0474736,null,null,0.00343013,null
-5.0426e-05,null,null,null,-0.00225538
0.994739,0.00834757,null,null,null
0.373261,null,0.0632888,null,null
-0.0809385,null,null,-0.00261291,null
-0.00110248,null,null,null,-0.00189788
0.994718,0.0105451,null,null,null
0.367215,null,0.042752,null,null
-0.128731,null,null,-0.0403565,null
-0.00161611,null,null,null,-0.00340946
0.99469,0.0108958,null,null,null
0.329776,null,0.099339,null,null
-0.0994586,null,null,-0.031159,null
0.0013323,null,null,null,-0.000408391
0.99469,0.0108958,null,null,null
0.329776,null,0.099339,null,null
-0.0994586,null,null,-0.031159,null
0.0013323,null,null,null,-0.000408391
0.994709,0.00832674,null,null,null
0.351941,null,0.105425,null,null
-0.0519314,null,null,-0.00518477,null
0.000805186,null,null,null,-0.00243525
0.994709,0.00832674,null,null,null
0.351941,null,0.105425,null,null
-0.0519314,null,null,-0.00518477,null
0.000805186,null,null,null,-0.00243525
0.994715,0.0102921,null,null,null
0.320199,null,0.108108,null,null
-0.103118,null,null,0.00655793,null
0.000232494,null,null,null,-0.00184949
0.994705,0.0118553,null,null,null
0.28847,null,0.135601,null,null
-0.0327942,null,null,-0.0403727,null
0.00132835,null,null,null,-0.00234041
0.994705,0.0118553,null,null,null
0.28847,null,0.135601,null,null
-0.0327942,null,null,-0.0403727,null
0.00132835,null,null,null,-0.00234041
0.994712,0.0112692,null,null,null
0.326306,null,0.102224,null,null
-0.019038,null,null,0.0095192,null
0.00697576,null,null,null,0.00214946
0.994801,0.0106111,null,null,null
0.330732,null,0.0850318,null,null
-0.0235302,null,null,0.0153265,null
0.00316511,null,null,null,0.00365625
0.994757,0.0114929,null,null,null
0.320107,null,0.0493989,null,null
-0.0199063,null,null,-0.00704764,null
0.00358852,null,null,null,0.0028961
0.994777,0.0109319,null,null,null
0.324609,null,0.0121191,null,null
-0.0625554,null,null,-0.042219,null
-0.00196485,null,null,null,0.00154281
0.99473,0.0149426,null,null,null
0.315748,null,0.0467752,null,null
-0.0577457,null,null,-0.0289473,null
-0.000561839,null,null,null,0.00521046
0.99473,0.0149426,null,null,null
0.315748,null,0.0467752,null,null
-0.0577457,null,null,-0.0289473,null
-0.000561839,null,null,null,0.00521046
0.994711,0.0140023,null,null,null
0.279219,null,0.0308413,null,null
-0.063675,null,null,-0.0207216,null
0.00206033,null,null,null,0.00178769
0.994718,0.0145976,null,null,null
0.314859,null,0.0604457,null,null
-0.0109047,null,null,-0.0374151,null
0.00127905,null,null,null,-0.00163157
0.994753,0.0113981,null,null,null
0.256081,null,0.0926205,null,null
-0.027628,null,null,-0.0310616,null
0.00124243,null,null,null,-0.00181908
0.994815,0.010355,null,null,null
0.30159,null,0.0568669,null,null
-0.0677859,null,null,-0.0345082,null
0.0049477,null,null,null,-0.000482741
0.994854,0.00905322,null,null,null
0.309774,null,0.0914996,null,null
-0.117025,null,null,-0.0396036,null
0.00683752,null,null,null,-0.00291379
0.99481,0.00878258,null,null,null
0.305839,null,0.070393,null,null
-0.122111,null,null,-0.118366,null
0.00093373,null,null,null,-0.00159754
0.99481,0.00878258,null,null,null
0.305839,null,0.070393,null,null
-0.122111,null,null,-0.118366,null
0.00093373,null,null,null,-0.00159754
0.99481,0.00878258,null,null,null
0.305839,null,0.070393,null,null
-0.122111,null,null,-0.118366,null
0.00093373,null,null,null,-0.00159754
0.994756,0.00957079,null,null,null
0.280756,null,0.0166615,null,null
-0.0701028,null,null,-0.086231,null
0.00322851,null,null,null,-0.000862308
0.994735,0.0098369,null,null,null
0.229374,null,-0.00231371,null,null
-0.0643616,null,null,-0.0917781,null
0.00113603,null,null,null,0.00318329
0.99476,0.0104096,null,null,null
0.233685,null,0.0419881,null,null
-0.107361,null,null,-0.109596,null
-0.00139869,null,null,null,0.00502592
0.99476,0.0104096,null,null,null
0.233685,null,0.0419881,null,null
-0.107361,null,null,-0.109596,null
-0.00139869,null,null,null,0.00502592
0.99476,0.0104096,null,null,null
0.233685,null,0.0419881,null,null
-0.107361,null,null,-0.109596,null
-0.00139869,null,null,null,0.00502592
0.994805,0.00751728,null,null,null
0.277925,null,0.0392981,null,null
-0.101913,null,null,-0.0961246,null
-0.00166226,null,null,null,0.00325879
0.994836,0.00853498,null,null,null
0.282622,null,0.0398249,null,null
-0.0879634,null,null,-0.0897694,null
-0.000401635,null,null,null,-0.00278865
0.994844,0.00761909,null,null,null
0.307419,null,0.0746099,null,null
-0.171965,null,null,-0.040513,null
-6.26875e-05,null,null,null,0.00211539
0.994815,0.00486292,null,null,null
0.266299,null,0.0760378,null,null
-0.165001,null,null,-0.0520588,null
-0.00308733,null,null,null,-0.00183358
0.994857,-0.000167098,null,null,null
0.258176,null,0.0676129,null,null
-0.163136,null,null,-0.0383824,null
-0.0037791,null,null,null,0.00366301
0.994857,-0.000167098,null,null,null
0.258176,null,0.0676129,null,null
-0.163136,null,null,-0.0383824,null
-0.0037791,null,null,null,0.00366301
0.994891,-0.00194125,null,null,null
0.276269,null,0.0590762,null,null
-0.184333,null,null,-0.0628144,null
-0.000195827,null,null,null,0.0025356
0.994835,-0.00401388,null,null,null
0.242614,null,0.0930936,null,null
-0.179347,null,null,-0.113873,null
-0.00154626,null,null,null,0.00276677
0.994841,-0.00619622,null,null,null
0.217361,null,0.122389,null,null
-0.218705,null,null,-0.0844616,null
-0.00276122,null,null,null,0.00309436
0.994841,-0.00619622,null,null,null
0.217361,null,0.122389,null,null
-0.218705,null,null,-0.0844616,null
-0.00276122,null,null,null,0.00309436
0.99481,-0.00600235,null,null,null
0.239038,null,0.0793311,null,null
-0.231036,null,null,-0.0745192,null
0.00019431,null,null,null,0.000917106
0.99481,-0.00600235,null,null,null
0.239038,null,0.0793311,null,null
-0.231036,null,null,-0.0745192,null
0.00019431,null,null,null,0.000917106
0.994834,-0.00558989,null,null,null
0.229244,null,0.0696054,null,null
-0.220375,null,null,-0.0580632,null
-0.0015442,null,null,null,0.000274136
0.994834,-0.00558989,null,null,null
0.229244,null,0.0696054,null,null
-0.220375,null,null,-0.0580632,null
-0.0015442,null,null,null,0.000274136
0.994831,-0.00295788,null,null,null
0.257543,null,0.0658899,null,null
-0.196911,null,null,-0.0886591,null
-0.0009436,null,null,null,0.00181729
0.994769,-0.0037945,null,null,null
0.251409,null,0.0782121,null,null
-0.184696,null,null,-0.0650144,null
0.00448156,null,null,null,0.00079752
0.994698,-0.0110031,null,null,null
0.180261,null,0.0628026,null,null
-0.19065,null,null,-0.0208309,null
0.00204614,null,null,null,0.00207334
0.99473,-0.0098107,null,null,null
0.177474,null,0.0487326,null,null
-0.179421,null,null,-0.0166976,null
0.00129896,null,null,null,0.0003948
0.99473,-0.0098107,null,null,null
0.177474,null,0.0487326,null,null
-0.179421,null,null,-0.0166976,null
0.00129896,null,null,null,0.0003948
0.994707,-0.00816791,null,null,null
0.174204,null,0.0290581,null,null
-0.159647,null,null,-0.00702496,null
0.000615115,null,null,null,-0.00461646
0.994707,-0.00816791,null,null,null
0.174204,null,0.0290581,null,null
-0.159647,null,null,-0.00702496,null
0.000615115,null,null,null,-0.00461646
0.994739,-0.00926655,null,null,null
0.230887,null,0.035829,null,null
-0.193726,null,null,-0.00829062,null
0.000169771,null,null,null,-0.00167615
0.994739,-0.00926655,null,null,null
0.230887,null,0.035829,null,null
-0.193726,null,null,-0.00829062,null
0.000169771,null,null,null,-0.00167615
0.994745,-0.00920004,null,null,null
0.232538,null,0.0332415,null,null
-0.183009,null,null,-0.0149791,null
-0.00165581,null,null,null,-0.00337735
0.994705,-0.0078144,null,null,null
0.246756,null,-0.0268231,null,null
-0.179707,null,null,-0.0329219,null
0.00190861,null,null,null,0.00125711
0.994724,-0.00802839,null,null,null
0.210539,null,-0.0717925,null,null
-0.148039,null,null,-0.0434763,null
-0.00212678,null,null,null,-0.000778591
0.994736,-0.00542485,null,null,null
0.222447,null,-0.0578967,null,null
-0.128376,null,null,-0.0818051,null
-0.00151763,null,null,null,0.000680819
0.994676,-0.00467215,null,null,null
0.184672,null,-0.0908474,null,null
-0.116315,null,null,-0.0531075,null
-0.00458215,null,null,null,-0.00132987
0.99467,-0.00125096,null,null,null
0.206369,null,-0.0671838,null,null
-0.171769,null,null,-0.10297,null
-0.00418864,null,null,null,0.00217136
0.994694,0.000990847,null,null,null
0.217142,null,-0.0259552,null,null
-0.145709,null,null,-0.0464053,null
-0.00122464,null,null,null,0.00379835
0.994694,0.000990847,null,null,null
0.217142,null,-0.0259552,null,null
-0.145709,null,null,-0.0464053,null
-0.00122464,null,null,null,0.00379835
0.994694,0.000990847,null,null,null
0.217142,null,-0.0259552,null,null
-0.145709,null,null,-0.0464053,null
-0.00122464,null,null,null,0.00379835
0.99467,0.00489652,null,null,null
0.217874,null,-0.0345391,null,null
-0.122968,null,null,-0.0858945,null
0.00243493,null,null,null,0.00370825
0.994687,0.00533021,null,null,null
0.216644,null,-0.0257036,null,null
-0.0758804,null,null,-0.124237,null
-0.000859926,null,null,null,0.00363344
0.994692,0.00399929,null,null,null
0.18341,null,-0.1256,null,null
-0.0876902,null,null,-0.0686714,null
-0.000554579,null,null,null,0.0015141
0.994655,0.00102611,null,null,null
0.189766,null,-0.088338,null,null
-0.122734,null,null,-0.113225,null
-0.000415211,null,null,null,-0.00280115
0.994655,0.00102611,null,null,null
0.189766,null,-0.088338,null,null
-0.122734,null,null,-0.113225,null
-0.000415211,null,null,null,-0.00280115
0.994655,0.00102611,null,null,null
0.189766,null,-0.088338,null,null
-0.122734,null,null,-0.113225,null
-0.000415211,null,null,null,-0.00280115
0.994634,0.00252615,null,null,null
0.199336,null,-0.0767319,null,null
-0.0380257,null,null,-0.110245,null
-0.00232447,null,null,null,-0.000278723
0.994676,0.0042439,null,null,null
0.20076,null,-0.081246,null,null
-0.0746471,null,null,-0.134869,null
-0.000382879,null,null,null,-0.00350293
0.994704,0.00307354,null,null,null
0.197319,null,-0.0610183,null,null
-0.0820832,null,null,-0.105926,null
-0.000202766,null,null,null,-0.00283554
0.994704,0.00307354,null,null,null
0.197319,null,-0.0610183,null,null
-0.0820832,null,null,-0.105926,null
-0.000202766,null,null,null,-0.00283554
0.994726,0.0015294,null,null,null
0.205097,null,-0.031734,null,null
-0.0940381,null,null,-0.126892,null
0.00440985,null,null,null,0.00241979
0.994726,0.0015294,null,null,null
0.205097,null,-0.031734,null,null
-0.0940381,null,null,-0.126892,null
0.00440985,null,null,null,0.00241979
0.994726,0.000261073,null,null,null
0.195625,null,-0.073787,null,null
-0.044114,null,null,-0.0937318,null
0.0045298,null,null,null,-0.00105145
0.994722,0.000743028,null,null,null
0.229914,null,-0.0996049,null,null
-0.0550354,null,null,-0.0942034,null
0.0068244,null,null,null,0.00231948
0.994681,0.00299803,null,null,null
0.24167,null,-0.0725958,null,null
-0.0179085,null,null,-0.16055,null
0.000190655,null,null,null,-0.000686497
0.994629,0.00757689,null,null,null
0.257122,null,-0.0093978,null,null
-0.0594286,null,null,-0.160062,null
0.00284146,null,null,null,0.00205878
0.994666,0.00982494,null,null,null
0.28353,null,-0.0152371,null,null
-0.0662004,null,null,-0.168267,null
0.00354919,null,null,null,0.0003686
0.994672,0.0108786,null,null,null
0.249964,null,-0.0341756,null,null
-0.103829,null,null,-0.171714,null
0.00271931,null,null,null,0.00568151
0.994672,0.0108786,null,null,null
0.249964,null,-0.0341756,null,null
-0.103829,null,null,-0.171714,null
0.00271931,null,null,null,0.00568151
0.994672,0.0108786,null,null,null
0.249964,null,-0.0341756,null,null
-0.103829,null,null,-0.171714,null
0.00271931,null,null,null,0.00568151
0.994788,0.00679984,null,null,null
0.246078,null,0.00395893,null,null
-0.0598885,null,null,-0.151439,null
0.00262167,null,null,null,-1.05894e-05
0.994711,0.00887283,null,null,null
0.231492,null,-0.0335161,null,null
-0.0533204,null,null,-0.139439,null
0.00193268,null,null,null,-0.0008677
0.99467,0.00813064,null,null,null
0.171786,null,-0.0358316,null,null
-0.0367371,null,null,-0.182963,null
0.00331925,null,null,null,-0.00274684
0.99471,0.00704936,null,null,null
0.109579,null,-0.0289879,null,null
-0.0455614,null,null,-0.170565,null
-0.000263274,null,null,null,0.00253386
0.99465,0.00870119,null,null,null
0.149828,null,0.010452,null,null
-0.0736385,null,null,-0.13466,null
0.00377482,null,null,null,-0.000783554
0.99465,0.00870119,null,null,null
0.149828,null,0.010452,null,null
-0.0736385,null,null,-0.13466,null
0.00377482,null,null,null,-0.000783554
0.99475,0.00437264,null,null,null
0.126581,null,-0.0108884,null,null
-0.0643834,null,null,-0.142691,null
0.00235851,null,null,null,-0.00259201
0.99475,0.00437264,null,null,null
0.126581,null,-0.0108884,null,null
-0.0643834,null,null,-0.142691,null
0.00235851,null,null,null,-0.00259201
0.994721,0.00550018,null,null,null
0.17095,null,0.0460739,null,null
-0.070112,null,null,-0.13024,null
0.00177888,null,null,null,-0.00179969
0.994721,0.00550018,null,null,null
0.17095,null,0.0460739,null,null
-0.070112,null,null,-0.13024,null
0.00177888,null,null,null,-0.00179969
0.994721,0.00550018,null,null,null
0.17095,null,0.0460739,null,null
-0.070112,null,null,-0.13024,null
0.00177888,null,null,null,-0.00179969
0.994689,0.00492606,null,null,null
0.206481,null,-0.015853,null,null
-0.0161885,null,null,-0.100369,null
0.00136707,null,null,null,0.000253646
0.994721,0.00253401,null,null,null
0.188931,null,0.0265743,null,null
-0.0771295,null,null,-0.100017,null
0.00159691,null,null,null,-0.00468517
0.994721,0.00253401,null,null,null
0.188931,null,0.0265743,null,null
-0.0771295,null,null,-0.100017,null
0.00159691,null,null,null,-0.00468517
0.994721,0.00253401,null,null,null
0.188931,null,0.0265743,null,null
-0.0771295,null,null,-0.100017,null
0.00159691,null,null,null,-0.00468517
0.994749,0.00188161,null,null,null
0.223159,null,0.0300366,null,null
-0.0716041,null,null,-0.0812411,null
0.00219248,null,null,null,0.00171844
0.994755,0.0043349,null,null,null
0.187128,null,0.0341901,null,null
-0.055157,null,null,-0.072569,null
0.000445329,null,null,null,0.00380242
0.994705,0.00403739,null,null,null
0.245326,null,0.0483499,null,null
-0.0644119,null,null,-0.0793036,null
0.00105655,null,null,null,-0.00229485
0.994613,0.00501254,null,null,null
0.211224,null,0.05143,null,null
-0.0432565,null,null,-0.0476605,null
0.00280898,null,null,null,0.00171345
0.994571,0.00606827,null,null,null
0.210526,null,0.0611494,null,null
0.00894471,null,null,-0.0938224,null
0.00347254,null,null,null,0.00148988
0.994651,0.0066671,null,null,null
0.21924,null,-0.000489501,null,null
-0.0282041,null,null,-0.060642,null
0.0059476,null,null,null,-0.000329395
0.994699,0.00261532,null,null,null
0.260006,null,-0.0210634,null,null
-0.015809,null,null,-0.119847,null
0.00284776,null,null,null,-0.000146465
0.99468,0.00252379,null,null,null
0.220963,null,0.001986,null,null
0.0103454,null,null,-0.0919221,null
0.00135709,null,null,null,-0.00181784
0.99468,0.00252379,null,null,null
0.220963,null,0.001986,null,null
0.0103454,null,null,-0.0919221,null
0.00135709,null,null,null,-0.00181784
0.994671,0.00222299,null,null,null
0.224551,null,0.028154,null,null
0.0017327,null,null,-0.103831,null
0.000338031,null,null,null,0.00151819
0.994671,0.00222299,null,null,null
0.224551,null,0.028154,null,null
0.0017327,null,null,-0.103831,null
0.000338031,null,null,null,0.00151819
0.994613,0.00214685,null,null,null
0.262352,null,0.0165435,null,null
0.00703589,null,null,-0.0966506,null
-0.000407688,null,null,null,0.00213354
0.994613,0.00214685,null,null,null
0.262352,null,0.0165435,null,null
0.00703589,null,null,-0.0966506,null
-0.000407688,null,null,null,0.00213354
0.994653,0.00136675,null,null,null
0.279512,null,0.0164837,null,null
-0.00623611,null,null,-0.117205,null
-0.00379445,null,null,null,0.000431837
0.994653,0.00136675,null,null,null
0.279512,null,0.0164837,null,null
-0.00623611,null,null,-0.117205,null
-0.00379445,null,null,null,0.000431837
0.994653,0.00136675,null,null,null
0.279512,null,0.0164837,null,null
-0.00623611,null,null,-0.117205,null
-0.00379445,null,null,null,0.000431837
0.994687,0.0017619,null,null,null
0.258358,null,-0.0383044,null,null
-0.049294,null,null,-0.114221,null
-0.000654106,null,null,null,0.00256689
0.99463,0.00230724,null,null,null
0.281506,null,-0.0328581,null,null
-0.0571712,null,null,-0.110391,null
0.0014117,null,null,null,-0.00184965
0.99463,0.00230724,null,null,null
0.281506,null,-0.0328581,null,null
-0.0571712,null,null,-0.110391,null
0.0014117,null,null,null,-0.00184965
0.994676,-0.0010593,null,null,null
0.284488,null,0.00628735,null,null
-0.0441214,null,null,-0.133339,null
-0.00114845,null,null,null,-0.00017616
0.994679,-0.000558209,null,null,null
0.280863,null,0.0207983,null,null
-0.0636156,null,null,-0.116806,null
-0.000750603,null,null,null,-0.000842601
0.994679,-0.000558209,null,null,null
0.280863,null,0.0207983,null,null
-0.0636156,null,null,-0.116806,null
-0.000750603,null,null,null,-0.000842601
0.994679,-0.000558209,null,null,null
0.280863,null,0.0207983,null,null
-0.0636156,null,null,-0.116806,null
-0.000750603,null,null,null,-0.000842601
0.994679,-0.000558209,null,null,null
0.280863,null,0.0207983,null,null
-0.0636156,null,null,-0.116806,null
-0.000750603,null,null,null,-0.000842601
0.994615,-0.00075118,null,null,null
0.271066,null,-0.0120939,null,null
-0.107742,null,null,-0.131626,null
0.000355115,null,null,null,0.00250556
0.994615,-0.00075118,null,null,null
0.271066,null,-0.0120939,null,null
-0.107742,null,null,-0.131626,null
0.000355115,null,null,null,0.00250556
0.994604,-0.000569781,null,null,null
0.270547,null,-0.0189775,null,null
-0.0904365,null,null,-0.0971344,null
-0.000150053,null,null,null,0.00121402
0.994641,0.000738848,null,null,null
0.23775,null,-0.038125,null,null
-0.0119552,null,null,-0.0397482,null
0.000647205,null,null,null,0.00372478
0.994589,0.00174143,null,null,null
0.225761,null,-0.028187,null,null
-0.0117419,null,null,-0.0653308,null
0.000624351,null,null,null,0.000946528
0.994655,-0.00137839,null,null,null
0.209656,null,0.00138918,null,null
-0.00794215,null,null,-0.0366906,null
0.000449105,null,null,null,0.00172228
0.994655,-0.00137839,null,null,null
0.209656,null,0.00138918,null,null
-0.00794215,null,null,-0.0366906,null
0.000449105,null,null,null,0.00172228
0.994599,-0.000912342,null,null,null
0.246275,null,0.0243478,null,null
-0.00209651,null,null,-0.0895269,null
-0.00323087,null,null,null,-3.35532e-05
0.994599,-0.000912342,null,null,null
0.246275,null,0.0243478,null,null
-0.00209651,null,null,-0.0895269,null
-0.00323087,null,null,null,-3.35532e-05
0.994635,0.00201376,null,null,null
0.235428,null,0.0258654,null,null
-0.00385279,null,null,-0.0964186,null
0.00177381,null,null,null,-0.00421293
0.99466,0.0018747,null,null,null
0.202639,null,0.0589127,null,null
-0.0632275,null,null,-0.126061,null
0.0037582,null,null,null,0.00276247
0.994611,0.00491836,null,null,null
0.27037,null,0.0681824,null,null
-0.0860666,null,null,-0.0754294,null
0.00122736,null,null,null,-0.00201628
0.994602,0.0054859,null,null,null
0.202065,null,0.0733215,null,null
-0.0713816,null,null,-0.0791129,null
-0.00523721,null,null,null,-0.00378117
0.994705,0.00614268,null,null,null
0.200151,null,0.0570876,null,null
-0.085051,null,null,-0.0663986,null
-0.00345696,null,null,null,-0.000607385
0.994753,0.00354801,null,null,null
0.172161,null,0.0360341,null,null
-0.0714539,null,null,-0.0935706,null
-0.00143738,null,null,null,0.000173946
0.994704,0.00436374,null,null,null
0.155408,null,0.031039,null,null
-0.023648,null,null,-0.0919604,null
-0.00253902,null,null,null,0.00195231
0.994704,0.00436374,null,null,null
0.155408,null,0.031039,null,null
-0.023648,null,null,-0.0919604,null
-0.00253902,null,null,null,0.00195231
0.994704,0.00436374,null,null,null
0.155408,null,0.031039,null,null
-0.023648,null,null,-0.0919604,null
-0.00253902,null,null,null,0.00195231
0.994744,0.00320429,null,null,null
0.173522,null,0.0960835,null,null
-0.0215837,null,null,-0.097681,null
-0.00334009,null,null,null,0.0024395
0.994753,0.00464756,null,null,null
0.177249,null,0.0602905,null,null
-0.0206502,null,null,-0.0780577,null
-0.00565573,null,null,null,0.00147853
0.994665,0.00161912,null,null,null
0.150814,null,0.0666476,null,null
-0.046321,null,null,-0.101936,null
-0.00300244,null,null,null,0.00369725
0.994665,0.00161912,null,null,null
0.150814,null,0.0666476,null,null
-0.046321,null,null,-0.101936,null
-0.00300244,null,null,null,0.00369725
0.994665,0.00161912,null,null,null
0.150814,null,0.0666476,null,null
-0.046321,null,null,-0.101936,null
-0.00300244,null,null,null,0.00369725
0.99465,0.00117872,null,null,null
0.132733,null,0.0813244,null,null
-0.0624521,null,null,-0.0105934,null
-0.000251631,null,null,null,-0.0022776
0.99465,0.00117872,null,null,null
0.132733,null,0.0813244,null,null
-0.0624521,null,null,-0.0105934,null
-0.000251631,null,null,null,-0.0022776
0.99465,0.00117872,null,null,null
0.132733,null,0.0813244,null,null
-0.0624521,null,null,-0.0105934,null
-0.000251631,null,null,null,-0.0022776
0.994769,0.000515345,null,null,null
0.132018,null,0.104928,null,null
-0.0547911,null,null,-0.0361791,null
-2.97236e-05,null,null,null,0.00028484
0.994735,0.00223905,null,null,null
0.110785,null,0.0874764,null,null
-0.0420371,null,null,-0.0248599,null
0.00337582,null,null,null,0.00155727
0.994707,-0.000928276,null,null,null
0.14872,null,0.125067,null,null
-0.0318521,null,null,0.0153113,null
0.00143285,null,null,null,0.00630579
0.994707,-0.000928276,null,null,null
0.14872,null,0.125067,null,null
-0.0318521,null,null,0.0153113,null
0.00143285,null,null,null,0.00630579
0.994704,-0.00436616,null,null,null
0.046296,null,0.0431122,null,null
-0.00073267,null,null,0.0322289,null
-0.00133288,null,null,null,0.00298394
0.994794,0.00188104,null,null,null
0.080299,null,0.0696366,null,null
-0.0118925,null,null,0.0259716,null
0.00188262,null,null,null,0.00208798
0.994794,0.00188104,null,null,null
0.080299,null,0.0696366,null,null
-0.0118925,null,null,0.0259716,null
0.00188262,null,null,null,0.00208798
0.994734,0.00126343,null,null,null
0.0836846,null,0.0691184,null,null
-0.0223455,null,null,-0.0105907,null
0.000401853,null,null,null,3.4968e-06
0.994734,0.00126343,null,null,null
0.0836846,null,0.0691184,null,null
-0.0223455,null,null,-0.0105907,null
0.000401853,null,null,null,3.4968e-06
0.994774,0.0012538,null,null,null
0.0890382,null,0.134758,null,null
0.0131503,null,null,0.0313401,null
0.00130672,null,null,null,-0.000598294
0.994841,0.00353221,null,null,null
0.0963671,null,0.154761,null,null
-0.0186485,null,null,0.0415792,null
-0.000417695,null,null,null,-0.00138254
0.994766,0.00493856,null,null,null
0.113849,null,0.0944584,null,null
-0.009464,null,null,0.0299186,null
-0.000135999,null,null,null,0.00472105
0.9948,0.00044387,null,null,null
0.101741,null,0.0712113,null,null
-0.0548179,null,null,0.00695629,null
-0.000738245,null,null,null,-7.37885e-05
0.9948,0.00044387,null,null,null
0.101741,null,0.0712113,null,null
-0.0548179,null,null,0.00695629,null
-0.000738245,null,null,null,-7.37885e-05
0.994771,-0.0046207,null,null,null
0.0833823,null,0.0486123,null,null
-0.08727,null,null,0.0310946,null
0.00216086,null,null,null,0.00289321
0.994814,-0.0063166,null,null,null
0.0333711,null,0.0824204,null,null
-0.11665,null,null,-0.0173088,null
-0.00120017,null,null,null,-0.00112034
0.994814,-0.0063166,null,null,null
0.0333711,null,0.0824204,null,null
-0.11665,null,null,-0.0173088,null
-0.00120017,null,null,null,-0.00112034
0.994809,-0.00631016,null,null,null
0.0906825,null,0.0950215,null,null
-0.0710973,null,null,-0.0135991,null
-0.000633305,null,null,null,0.00010206
0.994809,-0.00631016,null,null,null
0.0906825,null,0.0950215,null,null
-0.0710973,null,null,-0.0135991,null
-0.000633305,null,null,null,0.00010206
0.994776,-0.00434259,null,null,null
0.0695944,null,0.102224,null,null
-0.135014,null,null,-0.0322829,null
-0.00151316,null,null,null,4.9975e-05
0.994776,-0.00434259,null,null,null
0.0695944,null,0.102224,null,null
-0.135014,null,null,-0.0322829,null
-0.00151316,null,null,null,4.9975e-05
0.994816,-0.00435281,null,null,null
0.0519846,null,0.14968,null,null
-0.137618,null,null,-0.0366319,null
-0.00251039,null,null,null,0.000642286
0.994873,-0.00440543,null,null,null
0.024824,null,0.088301,null,null
-0.158188,null,null,-0.0335651,null
0.000320036,null,null,null,0.00250365
0.994794,-0.00470135,null,null,null
0.0252445,null,0.0804394,null,null
-0.0933097,null,null,-0.0417093,null
0.00190852,null,null,null,0.00414719
0.994834,-0.00232306,null,null,null
0.0114948,null,0.111326,null,null
-0.0724203,null,null,-0.0489954,null
-0.00186066,null,null,null,0.0028828
0.994834,-0.00232306,null,null,null
0.0114948,null,0.111326,null,null
-0.0724203,null,null,-0.0489954,null
-0.00186066,null,null,null,0.0028828
0.994815,-0.0034608,null,null,null
-0.0400866,null,0.143831,null,null
-0.074409,null,null,-0.0476316,null
-0.00159101,null,null,null,0.00211051
0.994838,-0.00769379,null,null,null
-0.0478424,null,0.144234,null,null
-0.103363,null,null,-0.019807,null
0.00375935,null,null,null,0.00368168
0.994825,-0.00690035,null,null,null
-0.0629571,null,0.118665,null,null
-0.0780435,null,null,0.0208205,null
0.00572267,null,null,null,0.00589556
0.994779,-0.0096829,null,null,null
-0.0806842,null,0.167937,null,null
-0.0979261,null,null,-0.0290631,null
0.00392086,null,null,null,0.000168706
0.994779,-0.0096829,null,null,null
-0.0806842,null,0.167937,null,null
-0.0979261,null,null,-0.0290631,null
0.00392086,null,null,null,0.000168706
0.994665,-0.0116366,null,null,null
-0.0561507,null,0.155255,null,null
-0.054747,null,null,-0.0264459,null
0.00159184,null,null,null,-0.000705565
0.994665,-0.0116366,null,null,null
-0.0561507,null,0.155255,null,null
-0.054747,null,null,-0.0264459,null
0.00159184,null,null,null,-0.000705565
0.994665,-0.0116366,null,null,null
-0.0561507,null,0.155255,null,null
-0.054747,null,null,-0.0264459,null
0.00159184,null,null,null,-0.000705565
0.994634,-0.00990309,null,null,null
-0.0743015,null,0.165854,null,null
-0.0352883,null,null,0.0204392,null
0.00150695,null,null,null,0.00249592
0.994634,-0.00990309,null,null,null
-0.0743015,null,0.165854,null,null
-0.0352883,null,null,0.0204392,null
0.00150695,null,null,null,0.00249592
0.994716,-0.00986746,null,null,null
-0.0908713,null,0.185546,null,null
-0.00504682,null,null,0.0281143,null
-0.000720612,null,null,null,-0.00115928
0.994714,-0.0109025,null,null,null
-0.135942,null,0.171932,null,null
0.00935584,null,null,0.042457,null
-0.00244545,null,null,null,0.000250481
0.99474,-0.00860615,null,null,null
-0.156849,null,0.17917,null,null
0.016116,null,null,0.0366068,null
-0.00344349,null,null,null,-0.000916035
0.994783,-0.00841345,null,null,null
-0.108809,null,0.159774,null,null
0.0366291,null,null,0.0930726,null
-0.00302716,null,null,null,-0.000162781
0.994722,-0.00312242,null,null,null
-0.163476,null,0.108906,null,null
0.0265714,null,null,0.0911335,null
-0.00430489,null,null,null,-0.000760526
0.994756,-0.00197261,null,null,null
-0.158826,null,0.130538,null,null
0.0192485,null,null,0.0919255,null
0.0051935,null,null,null,0.00141917
0.994756,-0.00197261,null,null,null
-0.158826,null,0.130538,null,null
0.0192485,null,null,0.0919255,null
0.0051935,null,null,null,0.00141917
0.994756,-0.00197261,null,null,null
-0.158826,null,0.130538,null,null
0.0192485,null,null,0.0919255,null
0.0051935,null,null,null,0.00141917
0.994835,-0.0017143,null,null,null
-0.156858,null,0.100222,null,null
-0.00860478,null,null,0.0117561,null
-3.62377e-05,null,null,null,-0.00155114
0.994765,0.00133159,null,null,null
-0.18417,null,0.099055,null,null
0.00131831,null,null,0.0267326,null
-0.00118414,null,null,null,-8.02094e-05
0.99472,0.00579735,null,null,null
-0.1859,null,0.097338,null,null
-0.0196781,null,null,0.0044017,null
0.000450378,null,null,null,0.00383133
0.99471,0.00538457,null,null,null
-0.212049,null,0.0540371,null,null
-0.0432775,null,null,0.0388783,null
-0.00104564,null,null,null,0.00192004
0.99469,0.00591084,null,null,null
-0.227726,null,0.0864552,null,null
0.00793105,null,null,0.0358051,null
-0.00144651,null,null,null,0.00516503
0.994742,0.00613161,null,null,null
-0.212696,null,0.0756835,null,null
0.0164157,null,null,0.0872269,null
-0.00225069,null,null,null,0.00400128
0.994712,0.00941541,null,null,null
-0.239595,null,0.0928241,null,null
-0.00257286,null,null,0.0842523,null
-0.000309468,null,null,null,0.00323946
0.994653,0.00706568,null,null,null
-0.186345,null,0.129568,null,null
0.0179977,null,null,0.104387,null
-0.00190274,null,null,null,-0.00203461
0.994615,0.0061029,null,null,null
-0.169233,null,0.138299,null,null
0.060174,null,null,0.10826,null
-0.000426444,null,null,null,-0.00068894
0.994736,0.00604122,null,null,null
-0.124576,null,0.149365,null,null
0.0686411,null,null,0.0676476,null
-0.000718949,null,null,null,-0.00286917
0.994742,0.00193289,null,null,null
-0.105205,null,0.139338,null,null
0.0664066,null,null,0.0122351,null
-0.000667476,null,null,null,0.000567642
0.994727,0.00332672,null,null,null
-0.115096,null,0.123107,null,null
0.0150826,null,null,0.0196034,null
-0.00283389,null,null,null,0.00143183
0.994783,0.00116542,null,null,null
-0.09702,null,0.0675321,null,null
0.0490737,null,null,0.0162729,null
-0.00148761,null,null,null,0.00127038
0.994722,0.000642448,null,null,null
-0.173349,null,0.116606,null,null
0.0306944,null,null,0.0170178,null
-0.00539732,null,null,null,0.0037142
0.994722,0.000642448,null,null,null
-0.173349,null,0.116606,null,null
0.0306944,null,null,0.0170178,null
-0.00539732,null,null,null,0.0037142
0.994731,0.00233108,null,null,null
-0.182446,null,0.0783846,null,null
0.0382977,null,null,0.00383788,null
-0.0024283,null,null,null,0.00362031
0.994731,0.00233108,null,null,null
-0.182446,null,0.0783846,null,null
0.0382977,null,null,0.00383788,null
-0.0024283,null,null,null,0.00362031
0.994741,0.00440991,null,null,null
-0.138497,null,0.0821137,null,null
0.0710613,null,null,-0.020906,null
-0.00334788,null,null,null,0.000781475
0.994741,0.00440991,null,null,null
-0.138497,null,0.0821137,null,null
0.0710613,null,null,-0.020906,null
-0.00334788,null,null,null,0.000781475
0.99468,0.00448909,null,null,null
-0.187177,null,0.0826566,null,null
0.000493637,null,null,-0.00573214,null
-0.00154721,null,null,null,-0.00242784
0.994715,0.00719536,null,null,null
-0.193899,null,0.190763,null,null
0.0262895,null,null,0.00595387,null
-0.00436494,null,null,null,-0.0014676
0.994715,0.00719536,null,null,null
-0.193899,null,0.190763,null,null
0.0262895,null,null,0.00595387,null
-0.00436494,null,null,null,-0.0014676
0.99471,0.00490328,null,null,null
-0.160631,null,0.200289,null,null
0.016926,null,null,0.0577945,null
-0.00323719,null,null,null,0.000271135
0.994656,0.00644697,null,null,null
-0.163454,null,0.211042,null,null
-0.00775466,null,null,0.0438082,null
-0.000119973,null,null,null,-0.00072231
0.994715,0.00382017,null,null,null
-0.198634,null,0.203749,null,null
-0.0517151,null,null,0.0411653,null
-0.00024197,null,null,null,0.00387719
0.994715,0.00382017,null,null,null
-0.198634,null,0.203749,null,null
-0.0517151,null,null,0.0411653,null
-0.00024197,null,null,null,0.00387719
0.994715,0.00382017,null,null,null
-0.198634,null,0.203749,null,null
-0.0517151,null,null,0.0411653,null
-0.00024197,null,null,null,0.00387719
0.994715,0.00382017,null,null,null
-0.198634,null,0.203749,null,null
-0.0517151,null,null,0.0411653,null
-0.00024197,null,null,null,0.00387719
0.994749,0.00156614,null,null,null
-0.146193,null,0.191599,null,null
-0.0244662,null,null,0.075271,null
-0.00016694,null,null,null,0.0057716
0.994749,0.00156614,null,null,null
-0.146193,null,0.191599,null,null
-0.0244662,null,null,0.075271,null
-0.00016694,null,null,null,0.0057716
0.994749,0.00156614,null,null,null
-0.146193,null,0.191599,null,null
-0.0244662,null,null,0.075271,null
-0.00016694,null,null,null,0.0057716
0.994749,0.00156614,null,null,null
-0.146193,null,0.191599,null,null
-0.0244662,null,null,0.075271,null
-0.00016694,null,null,null,0.0057716
0.994765,0.00330853,null,null,null
-0.195009,null,0.153321,null,null
-0.00725011,null,null,0.0708783,null
0.00212378,null,null,null,0.00558047
0.994753,0.00392305,null,null,null
-0.1858,null,0.194876,null,null
0.000708993,null,null,0.105142,null
0.00336194,null,null,null,0.00271567
0.994704,0.00526469,null,null,null
-0.139212,null,0.190034,null,null
-0.0797284,null,null,0.059803,null
0.00138958,null,null,null,0.00283441
0.994704,0.00526469,null,null,null
-0.139212,null,0.190034,null,null
-0.0797284,null,null,0.059803,null
0.00138958,null,null,null,0.00283441
0.994704,0.00526469,null,null,null
-0.139212,null,0.190034,null,null
-0.0797284,null,null,0.059803,null
0.00138958,null,null,null,0.00283441
0.994664,0.00793307,null,null,null
-0.108495,null,0.204475,null,null
-0.0729049,null,null,0.094571,null
-0.00160067,null,null,null,-0.000676289
0.994664,0.00793307,null,null,null
-0.108495,null,0.204475,null,null
-0.0729049,null,null,0.094571,null
-0.00160067,null,null,null,-0.000676289
0.994664,0.00793307,null,null,null
-0.108495,null,0.204475,null,null
-0.0729049,null,null,0.094571,null
-0.00160067,null,null,null,-0.000676289
0.994664,0.00793307,null,null,null
-0.108495,null,0.204475,null,null
-0.0729049,null,null,0.094571,null
-0.00160067,null,null,null,-0.000676289
0.994676,0.00609104,null,null,null
-0.168747,null,0.169566,null,null
-0.0515577,null,null,0.110124,null
0.00264667,null,null,null,0.00287486
0.994677,0.00709189,null,null,null
-0.122167,null,0.214395,null,null
-0.0384769,null,null,0.0435355,null
0.00359344,null,null,null,-0.000508517
0.99472,0.00608323,null,null,null
-0.230996,null,0.155431,null,null
-0.0547105,null,null,0.081492,null
0.00287816,null,null,null,-0.00365943
0.99472,0.00608323,null,null,null
-0.230996,null,0.155431,null,null
-0.0547105,null,null,0.081492,null
0.00287816,null,null,null,-0.00365943
0.99472,0.00608323,null,null,null
-0.230996,null,0.155431,null,null
-0.0547105,null,null,0.081492,null
0.00287816,null,null,null,-0.00365943
0.99472,0.00608323,null,null,null
-0.230996,null,0.155431,null,null
-0.0547105,null,null,0.081492,null
0.00287816,null,null,null,-0.00365943
0.994711,0.0049297,null,null,null
-0.294586,null,0.148366,null,null
-0.0136249,null,null,0.0837075,null
-0.00173154,null,null,null,-0.00120835
0.994711,0.0049297,null,null,null
-0.294586,null,0.148366,null,null
-0.0136249,null,null,0.0837075,null
-0.00173154,null,null,null,-0.00120835
0.994716,0.0038921,null,null,null
-0.247666,null,0.150616,null,null
-0.0298773,null,null,0.120723,null
-0.00164374,null,null,null,0.000971435
0.994661,0.00301009,null,null,null
-0.264558,null,0.105918,null,null
-0.0472327,null,null,0.0772554,null
-0.00315177,null,null,null,0.00101135
0.994718,0.00195222,null,null,null
-0.21957,null,0.12923,null,null
-0.0125927,null,null,0.0747915,null
0.000844896,null,null,null,-0.00162339
0.994714,0.00189874,null,null,null
-0.221946,null,0.162514,null,null
0.0294795,null,null,0.0819898,null
-0.00346842,null,null,null,0.00245016
0.994679,0.00149154,null,null,null
-0.209306,null,0.224568,null,null
-0.067591,null,null,0.0882651,null
-0.00254499,null,null,null,0.00183453
0.994679,0.00149154,null,null,null
-0.209306,null,0.224568,null,null
-0.067591,null,null,0.0882651,null
-0.00254499,null,null,null,0.00183453
0.994684,0.00278766,null,null,null
-0.188144,null,0.222674,null,null
-0.0406475,null,null,0.108566,null
0.000117776,null,null,null,-0.00482629
0.994748,0.00301576,null,null,null
-0.185397,null,0.193251,null,null
-0.0753155,null,null,0.153994,null
0.000181141,null,null,null,-0.00208847
0.99479,0.00522655,null,null,null
-0.223415,null,0.159751,null,null
-0.104626,null,null,0.126375,null
-0.00285976,null,null,null,-0.00110109
0.994699,0.00564855,null,null,null
-0.211544,null,0.14186,null,null
-0.0915125,null,null,0.0807369,null
-0.00171875,null,null,null,0.00167624
0.994699,0.00564855,null,null,null
-0.211544,null,0.14186,null,null
-0.0915125,null,null,0.0807369,null
-0.00171875,null,null,null,0.00167624
0.994715,0.00696454,null,null,null
-0.207605,null,0.141939,null,null
-0.125193,null,null,0.1374,null
-0.000958758,null,null,null,0.00021764
0.994715,0.00834451,null,null,null
-0.18848,null,0.121101,null,null
-0.0957319,null,null,0.141151,null
0.000372444,null,null,null,-0.000229485
0.994711,0.00578246,null,null,null
-0.221171,null,0.113166,null,null
-0.127582,null,null,0.158264,null
0.00360648,null,null,null,0.00300453
0.994711,0.00578246,null,null,null
-0.221171,null,0.113166,null,null
-0.127582,null,null,0.158264,null
0.00360648,null,null,null,0.00300453
0.994711,0.00578246,null,null,null
-0.221171,null,0.113166,null,null
-0.127582,null,null,0.158264,null
0.00360648,null,null,null,0.00300453
0.994724,0.00631627,null,null,null
-0.21729,null,0.166527,null,null
-0.113542,null,null,0.0951926,null
0.00478938,null,null,null,0.00462389
0.994741,0.00503969,null,null,null
-0.220355,null,0.171724,null,null
-0.13612,null,null,0.074661,null
0.00123143,null,null,null,0.00281397
0.994741,0.00503969,null,null,null
-0.220355,null,0.171724,null,null
-0.13612,null,null,0.074661,null
0.00123143,null,null,null,0.00281397
0.99471,0.00460444,null,null,null
-0.15242,null,0.1923,null,null
-0.145173,null,null,0.0288645,null
0.0016758,null,null,null,0.00222543
0.99466,0.00447024,null,null,null
-0.16554,null,0.175074,null,null
-0.0877816,null,null,0.03754,null
-0.00280125,null,null,null,0.00374976
0.994711,0.00538604,null,null,null
-0.151116,null,0.191681,null,null
-0.1219,null,null,0.083979,null
-0.000678869,null,null,null,0.00427882
0.994668,0.00405868,null,null,null
-0.168165,null,0.192659,null,null
-0.118784,null,null,0.154789,null
-0.000589254,null,null,null,0.00120189
0.994668,0.00405868,null,null,null
-0.168165,null,0.192659,null,null
-0.118784,null,null,0.154789,null
-0.000589254,null,null,null,0.00120189
0.994686,0.00298135,null,null,null
-0.122714,null,0.200568,null,null
-0.0363477,null,null,0.140894,null
0.00380694,null,null,null,0.00218144
0.994686,0.00298135,null,null,null
-0.122714,null,0.200568,null,null
-0.0363477,null,null,0.140894,null
0.00380694,null,null,null,0.00218144
0.9947,0.00307775,null,null,null
-0.102189,null,0.176827,null,null
-0.0390411,null,null,0.099191,null
0.00134555,null,null,null,0.00346929
0.994626,0.00646806,null,null,null
-0.154834,null,0.170349,null,null
-0.0358541,null,null,0.130051,null
0.000524069,null,null,null,0.00167705
0.994671,0.00900291,null,null,null
-0.170359,null,0.152871,null,null
-0.00304915,null,null,0.145663,null
0.00514659,null,null,null,0.00311078
0.994683,0.0122096,null,null,null
-0.145336,null,0.150451,null,null
-0.0196942,null,null,0.124655,null
0.00427902,null,null,null,0.00420798
0.994665,0.0137306,null,null,null
-0.127128,null,0.147349,null,null
0.0343823,null,null,0.127354,null
0.0019106,null,null,null,0.00304217
0.994665,0.0137306,null,null,null
-0.127128,null,0.147349,null,null
0.0343823,null,null,0.127354,null
0.0019106,null,null,null,0.00304217
0.994665,0.0137306,null,null,null
-0.127128,null,0.147349,null,null
0.0343823,null,null,0.127354,null
0.0019106,null,null,null,0.00304217
0.994665,0.0137306,null,null,null
-0.127128,null,0.147349,null,null
0.0343823,null,null,0.127354,null
0.0019106,null,null,null,0.00304217
0.994665,0.0137306,null,null,null
-0.127128,null,0.147349,null,null
0.0343823,null,null,0.127354,null
0.0019106,null,null,null,0.00304217
0.994665,0.0137306,null,null,null
-0.127128,null,0.147349,null,null
0.0343823,null,null,0.127354,null
0.0019106,null,null,null,0.00304217
0.994739,0.0121785,null,null,null
-0.149884,null,0.189108,null,null
0.0543018,null,null,0.125561,null
-0.00101465,null,null,null,0.00125301
0.994712,0.0139246,null,null,null
-0.156085,null,0.19126,null,null
0.0808533,null,null,0.0991917,null
-0.00330371,null,null,null,0.00247333
0.994634,0.0158247,null,null,null
-0.226095,null,0.200201,null,null
0.071923,null,null,0.061362,null
0.00106587,null,null,null,0.00371581
0.994634,0.0158247,null,null,null
-0.226095,null,0.200201,null,null
0.071923,null,null,0.061362,null
0.00106587,null,null,null,0.00371581
0.994696,0.0115963,null,null,null
-0.246193,null,0.163479,null,null
0.0751656,null,null,0.110104,null
-0.00220677,null,null,null,0.00126504
0.99462,0.0110665,null,null,null
-0.2255,null,0.161587,null,null
0.0493142,null,null,0.137499,null
0.00047023,null,null,null,-0.000596614
0.99462,0.0110665,null,null,null
-0.2255,null,0.161587,null,null
0.0493142,null,null,0.137499,null
0.00047023,null,null,null,-0.000596614
0.99462,0.0110665,null,null,null
-0.2255,null,0.161587,null,null
0.0493142,null,null,0.137499,null
0.00047023,null,null,null,-0.000596614
0.994642,0.0086405,null,null,null
-0.1433,null,0.167851,null,null
0.0241379,null,null,0.103899,null
0.00042369,null,null,null,-0.00103297
0.994689,0.00966459,null,null,null
-0.256545,null,0.12109,null,null
0.00361056,null,null,0.0971335,null
0.00108363,null,null,null,-0.000849502
0.994689,0.00966459,null,null,null
-0.256545,null,0.12109,null,null
0.00361056,null,null,0.0971335,null
0.00108363,null,null,null,-0.000849502
0.994645,0.00904385,null,null,null
-0.204325,null,0.143055,null,null
-0.064654,null,null,0.214251,null
0.00363699,null,null,null,0.00106535
0.994677,0.00979529,null,null,null
-0.203643,null,0.165128,null,null
-0.0735834,null,null,0.175522,null
0.00570784,null,null,null,-0.0013651
0.994677,0.00979529,null,null,null
-0.203643,null,0.165128,null,null
-0.0735834,null,null,0.175522,null
0.00570784,null,null,null,-0.0013651
0.994644,0.010092,null,null,null
-0.236174,null,0.169315,null,null
-0.065954,null,null,0.189314,null
0.00465556,null,null,null,-0.000225705
0.994644,0.010092,null,null,null
-0.236174,null,0.169315,null,null
-0.065954,null,null,0.189314,null
0.00465556,null,null,null,-0.000225705
0.994714,0.00896769,null,null,null
-0.248271,null,0.143552,null,null
-0.0149643,null,null,0.233535,null
0.00456726,null,null,null,-0.000187849
0.994649,0.00740716,null,null,null
-0.190456,null,0.183859,null,null
-0.042138,null,null,0.21462,null
-0.00258224,null,null,null,-0.00198074
0.994611,0.00634441,null,null,null
-0.18338,null,0.23422,null,null
-0.023949,null,null,0.252556,null
-0.00202346,null,null,null,-0.00131659
0.99459,0.00625481,null,null,null
-0.215695,null,0.20857,null,null
-0.0295301,null,null,0.202334,null
-0.00092144,null,null,null,-0.0026928
0.994648,0.0037316,null,null,null
-0.171015,null,0.208111,null,null
-0.0647324,null,null,0.205407,null
0.00244256,null,null,null,-0.0029508
0.994674,0.00691468,null,null,null
-0.160713,null,0.210981,null,null
-0.144719,null,null,0.193124,null
-0.000125877,null,null,null,0.00428691
0.994664,0.00497275,null,null,null
-0.172951,null,0.189669,null,null
-0.131637,null,null,0.222271,null
-0.00301377,null,null,null,0.00421626
0.994664,0.00497275,null,null,null
-0.172951,null,0.189669,null,null
-0.131637,null,null,0.222271,null
-0.00301377,null,null,null,0.00421626
0.994664,0.00497275,null,null,null
-0.172951,null,0.189669,null,null
-0.131637,null,null,0.222271,null
-0.00301377,null,null,null,0.00421626
0.994653,0.00278774,null,null,null
-0.151753,null,0.178397,null,null
-0.100865,null,null,0.204136,null
0.00123156,null,null,null,0.000476334
0.994653,0.00278774,null,null,null
-0.151753,null,0.178397,null,null
-0.100865,null,null,0.204136,null
0.00123156,null,null,null,0.000476334
0.994653,0.00278774,null,null,null
-0.151753,null,0.178397,null,null
-0.100865,null,null,0.204136,null
0.00123156,null,null,null,0.000476334
0.994594,0.00466965,null,null,null
-0.129483,null,0.1817,null,null
-0.106267,null,null,0.20886,null
-0.00452061,null,null,null,-0.000239217
0.994684,0.00129169,null,null,null
-0.130315,null,0.1439,null,null
-0.122032,null,null,0.15299,null
-0.000841061,null,null,null,0.00177316
0.994684,0.00129169,null,null,null
-0.130315,null,0.1439,null,null
-0.122032,null,null,0.15299,null
-0.000841061,null,null,null,0.00177316
0.994642,0.00113028,null,null,null
-0.133972,null,0.190024,null,null
-0.109096,null,null,0.152071,null
-2.54749e-06,null,null,null,-4.49229e-05
0.994642,0.00113028,null,null,null
-0.133972,null,0.190024,null,null
-0.109096,null,null,0.152071,null
-2.54749e-06,null,null,null,-4.49229e-05
0.994654,0.00460899,null,null,null
-0.132722,null,0.212528,null,null
-0.077971,null,null,0.106549,null
0.00153346,null,null,null,-0.000579736
0.994644,0.00236613,null,null,null
-0.194916,null,0.196249,null,null
-0.0610088,null,null,0.144315,null
-0.000108917,null,null,null,-0.00104376
0.994655,-0.000856504,null,null,null
-0.186759,null,0.183665,null,null
-0.06204,null,null,0.173849,null
0.00277663,null,null,null,-0.00109051
0.994715,0.00108028,null,null,null
-0.190779,null,0.0996766,null,null
-0.0601395,null,null,0.204401,null
0.00137761,null,null,null,-0.00201766
0.994715,0.00108028,null,null,null
-0.190779,null,0.0996766,null,null
-0.0601395,null,null,0.204401,null
0.00137761,null,null,null,-0.00201766
0.994709,0.00589964,null,null,null
-0.170636,null,0.117822,null,null
-0.0636979,null,null,0.184041,null
0.00198022,null,null,null,-0.00233913
0.99465,0.00202345,null,null,null
-0.210728,null,0.101817,null,null
-0.119544,null,null,0.13568,null
0.00249915,null,null,null,-0.00077559
0.994671,0.00198236,null,null,null
-0.208361,null,0.0971626,null,null
-0.0892557,null,null,0.115182,null
0.00203985,null,null,null,0.000401381
0.99472,0.00171031,null,null,null
-0.23354,null,0.0230469,null,null
-0.0656679,null,null,0.182446,null
0.00253031,null,null,null,-0.0015727
0.99472,0.00171031,null,null,null
-0.23354,null,0.0230469,null,null
-0.0656679,null,null,0.182446,null
0.00253031,null,null,null,-0.0015727
0.99472,0.00171031,null,null,null
-0.23354,null,0.0230469,null,null
-0.0656679,null,null,0.182446,null
0.00253031,null,null,null,-0.0015727
0.994749,0.00305736,null,null,null
-0.228144,null,0.11019,null,null
-0.0584961,null,null,0.220498,null
0.00387168,null,null,null,-0.00272327
0.99468,0.00474851,null,null,null
-0.178904,null,0.0818258,null,null
-0.0754489,null,null,0.218705,null
0.00161805,null,null,null,-0.00331375
0.994707,0.00493636,null,null,null
-0.221411,null,0.136731,null,null
-0.0919433,null,null,0.195141,null
-0.000155192,null,null,null,-0.00311305
0.994642,0.00552099,null,null,null
-0.255657,null,0.0925315,null,null
-0.0885,null,null,0.154249,null
6.86866e-05,null,null,null,0.00102202
0.994642,0.00552099,null,null,null
-0.255657,null,0.0925315,null,null
-0.0885,null,null,0.154249,null
6.86866e-05,null,null,null,0.00102202
0.99469,0.00662322,null,null,null
-0.247404,null,0.0923973,null,null
-0.0608934,null,null,0.166238,null
-0.00203803,null,null,null,0.00252004
0.994596,0.0075274,null,null,null
-0.257405,null,0.0353276,null,null
-0.0377813,null,null,0.188855,null
0.00291936,null,null,null,0.00175398
0.994596,0.0075274,null,null,null
-0.257405,null,0.0353276,null,null
-0.0377813,null,null,0.188855,null
0.00291936,null,null,null,0.00175398
0.994679,0.00612795,null,null,null
-0.255096,null,-0.031458,null,null
-0.033397,null,null,0.252415,null
0.00219954,null,null,null,-0.00118181
0.994679,0.00612795,null,null,null
-0.255096,null,-0.031458,null,null
-0.033397,null,null,0.252415,null
0.00219954,null,null,null,-0.00118181
0.994679,0.00612795,null,null,null
-0.255096,null,-0.031458,null,null
-0.033397,null,null,0.252415,null
0.00219954,null,null,null,-0.00118181
0.994679,0.00612795,null,null,null
-0.255096,null,-0.031458,null,null
-0.033397,null,null,0.252415,null
0.00219954,null,null,null,-0.00118181
0.994613,0.00352474,null,null,null
-0.271659,null,-0.0405721,null,null
-0.0724941,null,null,0.229175,null
-0.000938324,null,null,null,0.000123303
0.994648,0.00281745,null,null,null
-0.279874,null,-0.0336209,null,null
-0.0624054,null,null,0.23562,null
0.00104729,null,null,null,0.00232918
0.994725,0.00411627,null,null,null
-0.298679,null,-0.0932522,null,null
-0.0760833,null,null,0.232896,null
0.00545135,null,null,null,0.00109009
0.994754,0.00413729,null,null,null
-0.263005,null,-0.144465,null,null
-0.0900639,null,null,0.252819,null
0.00128694,null,null,null,0.00402335
0.99474,0.00406547,null,null,null
-0.268981,null,-0.118262,null,null
-0.124781,null,null,0.248866,null
-0.00293481,null,null,null,-0.000539147
0.994729,0.00230785,null,null,null
-0.295595,null,-0.125951,null,null
-0.0881425,null,null,0.218092,null
-0.000570724,null,null,null,-0.0036542
0.994729,0.00230785,null,null,null
-0.295595,null,-0.125951,null,null
-0.0881425,null,null,0.218092,null
-0.000570724,null,null,null,-0.0036542
0.994729,0.00230785,null,null,null
-0.295595,null,-0.125951,null,null
-0.0881425,null,null,0.218092,null
-0.000570724,null,null,null,-0.0036542
0.994694,-0.000442501,null,null,null
-0.348847,null,-0.08197,null,null
-0.0610044,null,null,0.222954,null
-0.001485,null,null,null,-0.00074752
0.994694,-0.000442501,null,null,null
-0.348847,null,-0.08197,null,null
-0.0610044,null,null,0.222954,null
-0.001485,null,null,null,-0.00074752
0.994694,-0.000442501,null,null,null
-0.348847,null,-0.08197,null,null
-0.0610044,null,null,0.222954,null
-0.001485,null,null,null,-0.00074752
0.994694,-0.000442501,null,null,null
-0.348847,null,-0.08197,null,null
-0.0610044,null,null,0.222954,null
-0.001485,null,null,null,-0.00074752
0.994694,-0.000442501,null,null,null
-0.348847,null,-0.08197,null,null
-0.0610044,null,null,0.222954,null
-0.001485,null,null,null,-0.00074752
0.994746,0.0012712,null,null,null
-0.341182,null,-0.0989901,null,null
-0.0870059,null,null,0.228929,null
-0.00189368,null,null,null,-0.00171231
0.994746,0.0012712,null,null,null
-0.341182,null,-0.0989901,null,null
-0.0870059,null,null,0.228929,null
-0.00189368,null,null,null,-0.00171231
0.994736,0.00228521,null,null,null
-0.349548,null,-0.121895,null,null
-0.0989692,null,null,0.179581,null
-0.00204839,null,null,null,-0.00419896
0.994736,0.00228521,null,null,null
-0.349548,null,-0.121895,null,null
-0.0989692,null,null,0.179581,null
-0.00204839,null,null,null,-0.00419896
0.99475,0.00120846,null,null,null
-0.320954,null,-0.128738,null,null
-0.0869443,null,null,0.210405,null
-0.000815782,null,null,null,0.000828927
0.99475,0.00120846,null,null,null
-0.320954,null,-0.128738,null,null
-0.0869443,null,null,0.210405,null
-0.000815782,null,null,null,0.000828927
0.99475,0.00120846,null,null,null
-0.320954,null,-0.128738,null,null
-0.0869443,null,null,0.210405,null
-0.000815782,null,null,null,0.000828927
0.99475,0.00120846,null,null,null
-0.320954,null,-0.128738,null,null
-0.0869443,null,null,0.210405,null
-0.000815782,null,null,null,0.000828927
0.99475,0.00120846,null,null,null
-0.320954,null,-0.128738,null,null
-0.0869443,null,null,0.210405,null
-0.000815782,null,null,null,0.000828927
0.994745,0.00266425,null,null,null
-0.281118,null,-0.130654,null,null
-0.0707431,null,null,0.184206,null
0.00127105,null,null,null,6.19246e-05
0.994745,0.00266425,null,null,null
-0.281118,null,-0.130654,null,null
-0.0707431,null,null,0.184206,null
0.00127105,null,null,null,6.19246e-05
0.994745,0.00266425,null,null,null
-0.281118,null,-0.130654,null,null
-0.0707431,null,null,0.184206,null
0.00127105,null,null,null,6.19246e-05
0.99475,0.00329162,null,null,null
-0.291159,null,-0.122647,null,null
-0.0737157,null,null,0.17585,null
-0.00367761,null,null,null,-0.000539398
0.994722,0.00205727,null,null,null
-0.298354,null,-0.116851,null,null
-0.0657599,null,null,0.154421,null
-0.00264875,null,null,null,0.00159404
0.994711,0.00330235,null,null,null
-0.302881,null,-0.134074,null,null
-0.028607,null,null,0.164953,null
0.00198665,null,null,null,0.00566005
0.994711,0.00330235,null,null,null
-0.302881,null,-0.134074,null,null
-0.028607,null,null,0.164953,null
0.00198665,null,null,null,0.00566005
0.994748,0.00416338,null,null,null
-0.303501,null,-0.0767886,null,null
-0.0231801,null,null,0.124022,null
0.0040276,null,null,null,-0.00305072
0.994748,0.00416338,null,null,null
-0.303501,null,-0.0767886,null,null
-0.0231801,null,null,0.124022,null
0.0040276,null,null,null,-0.00305072
0.994755,0.00431535,null,null,null
-0.299844,null,-0.0656473,null,null
-0.028139,null,null,0.120218,null
0.00386329,null,null,null,0.00175725
0.994761,0.00271045,null,null,null
-0.2836,null,-0.107059,null,null
0.0253459,null,null,0.125345,null
0.006389,null,null,null,0.000130976
0.994789,0.00130334,null,null,null
-0.303589,null,-0.101577,null,null
-0.0255972,null,null,0.159324,null
0.00163524,null,null,null,0.00244195
0.994768,-0.00117585,null,null,null
-0.261531,null,-0.138596,null,null
-0.0117976,null,null,0.141347,null
9.58195e-05,null,null,null,0.00467701
0.994768,-0.00117585,null,null,null
-0.261531,null,-0.138596,null,null
-0.0117976,null,null,0.141347,null
9.58195e-05,null,null,null,0.00467701
0.994768,-0.00117585,null,null,null
-0.261531,null,-0.138596,null,null
-0.0117976,null,null,0.141347,null
9.58195e-05,null,null,null,0.00467701
0.994759,-6.03772e-05,null,null,null
-0.248383,null,-0.112963,null,null
-0.0319694,null,null,0.0990914,null
-0.00319495,null,null,null,-0.00199684
0.994786,0.00243355,null,null,null
-0.251657,null,-0.139215,null,null
0.0332351,null,null,0.0975214,null
-0.000405798,null,null,null,4.20846e-05
0.994809,0.000944588,null,null,null
-0.252167,null,-0.145731,null,null
-0.0121515,null,null,0.070778,null
-0.00363025,null,null,null,-0.00070922
0.994839,0.00141575,null,null,null
-0.248609,null,-0.150831,null,null
0.0470164,null,null,0.056286,null
-0.0025207,null,null,null,0.000259531
0.994839,0.00141575,null,null,null
-0.248609,null,-0.150831,null,null
0.0470164,null,null,0.056286,null
-0.0025207,null,null,null,0.000259531
0.994796,0.00535187,null,null,null
-0.238434,null,-0.115693,null,null
0.0628501,null,null,0.0323059,null
-0.00204514,null,null,null,-0.00102342
0.994796,0.00535187,null,null,null
-0.238434,null,-0.115693,null,null
0.0628501,null,null,0.0323059,null
-0.00204514,null,null,null,-0.00102342
0.994796,0.00535187,null,null,null
-0.238434,null,-0.115693,null,null
0.0628501,null,null,0.0323059,null
-0.00204514,null,null,null,-0.00102342
0.994791,0.00738105,null,null,null
-0.255191,null,-0.11489,null,null
0.0935419,null,null,0.0795079,null
-0.00371971,null,null,null,-0.00319715
0.994791,0.00738105,null,null,null
-0.255191,null,-0.11489,null,null
0.0935419,null,null,0.0795079,null
-0.00371971,null,null,null,-0.00319715
0.994806,0.00420445,null,null,null
-0.246594,null,-0.138969,null,null
0.0947334,null,null,0.0871839,null
-0.000289818,null,null,null,-0.00518376
0.994788,0.00489573,null,null,null
-0.25449,null,-0.133741,null,null
0.0825824,null,null,0.0759726,null
-0.000338611,null,null,null,-0.00584579
0.99474,0.00294458,null,null,null
-0.297441,null,-0.113712,null,null
0.0907846,null,null,0.128739,null
0.00217236,null,null,null,-0.00562035
0.99474,0.00294458,null,null,null
-0.297441,null,-0.113712,null,null
0.0907846,null,null,0.128739,null
0.00217236,null,null,null,-0.00562035
0.99474,0.00294458,null,null,null
-0.297441,null,-0.113712,null,null
0.0907846,null,null,0.128739,null
0.00217236,null,null,null,-0.00562035
0.99474,0.00294458,null,null,null
-0.297441,null,-0.113712,null,null
0.0907846,null,null,0.128739,null
0.00217236,null,null,null,-0.00562035
0.99474,0.00294458,null,null,null
-0.297441,null,-0.113712,null,null
0.0907846,null,null,0.128739,null
0.00217236,null,null,null,-0.00562035
0.99474,0.00294458,null,null,null
-0.297441,null,-0.113712,null,null
0.0907846,null,null,0.128739,null
0.00217236,null,null,null,-0.00562035
0.994771,0.00338096,null,null,null
-0.261425,null,-0.132284,null,null
-0.0131658,null,null,0.116317,null
0.0027054,null,null,null,-0.00223852
0.994746,0.0010581,null,null,null
-0.25172,null,-0.121643,null,null
-0.0337802,null,null,0.177453,null
0.00318805,null,null,null,0.00410391
0.994771,-0.000865955,null,null,null
-0.303326,null,-0.110023,null,null
0.0132186,null,null,0.150817,null
-0.00316931,null,null,null,0.00406211
0.994786,0.0012069,null,null,null
-0.341701,null,-0.0579443,null,null
0.0389625,null,null,0.196343,null
-5.11483e-05,null,null,null,0.00363944
0.994811,0.00310553,null,null,null
-0.323464,null,-0.0616983,null,null
0.0180655,null,null,0.13859,null
0.000452647,null,null,null,0.00248774
0.994818,0.00161539,null,null,null
-0.261656,null,-0.0374321,null,null
-0.0205505,null,null,0.152804,null
0.00331255,null,null,null,-0.0013217
0.99478,0.002699,null,null,null
-0.301205,null,-0.0232456,null,null
-0.0283811,null,null,0.157454,null
-0.00108334,null,null,null,0.000467864
0.994704,0.00455805,null,null,null
-0.276907,null,-0.0408404,null,null
-0.0530315,null,null,0.155036,null
-0.00190271,null,null,null,-0.00105937
0.994744,0.00309441,null,null,null
-0.217095,null,-0.0390723,null,null
-0.00807155,null,null,0.148219,null
2.5164e-05,null,null,null,-0.00218028
0.994744,0.00309441,null,null,null
-0.217095,null,-0.0390723,null,null
-0.00807155,null,null,0.148219,null
2.5164e-05,null,null,null,-0.00218028
0.994744,0.00309441,null,null,null
-0.217095,null,-0.0390723,null,null
-0.00807155,null,null,0.148219,null
2.5164e-05,null,null,null,-0.00218028
0.99474,0.00331915,null,null,null
-0.219087,null,-0.0401832,null,null
-0.00824764,null,null,0.173866,null
0.00227478,null,null,null,-0.00194152
0.994631,0.00341204,null,null,null
-0.192315,null,-0.0756209,null,null
0.0251775,null,null,0.16544,null
0.00582516,null,null,null,-0.00133531
0.994631,0.00341204,null,null,null
-0.192315,null,-0.0756209,null,null
0.0251775,null,null,0.16544,null
0.00582516,null,null,null,-0.00133531
0.994619,0.00592299,null,null,null
-0.193082,null,-0.107754,null,null
-0.0283361,null,null,0.15379,null
-0.000826636,null,null,null,0.00349539
0.994619,0.00592299,null,null,null
-0.193082,null,-0.107754,null,null
-0.0283361,null,null,0.15379,null
-0.000826636,null,null,null,0.00349539
0.99463,0.00558906,null,null,null
-0.275363,null,-0.0379427,null,null
-0.00188813,null,null,0.194241,null
0.00236269,null,null,null,0.000311481
0.99463,0.00558906,null,null,null
-0.275363,null,-0.0379427,null,null
-0.00188813,null,null,0.194241,null
0.00236269,null,null,null,0.000311481
0.99463,0.00558906,null,null,null
-0.275363,null,-0.0379427,null,null
-0.00188813,null,null,0.194241,null
0.00236269,null,null,null,0.000311481
0.994665,0.00553006,null,null,null
-0.281927,null,-0.0885026,null,null
-0.00456434,null,null,0.21331,null
0.00100761,null,null,null,-0.00237494
0.994691,0.00666293,null,null,null
-0.256119,null,-0.0374074,null,null
-0.0198767,null,null,0.230912,null
-0.000763099,null,null,null,-0.00509429
0.994691,0.00666293,null,null,null
-0.256119,null,-0.0374074,null,null
-0.0198767,null,null,0.230912,null
-0.000763099,null,null,null,-0.00509429
0.994746,0.00420473,null,null,null
-0.239718,null,-0.0438476,null,null
-0.0190711,null,null,0.213541,null
0.00117462,null,null,null,-0.00396452
0.994781,0.00531659,null,null,null
-0.29055,null,-0.014396,null,null
-0.0257949,null,null,0.245151,null
0.000624056,null,null,null,-0.00298744
0.994781,0.00531659,null,null,null
-0.29055,null,-0.014396,null,null
-0.0257949,null,null,0.245151,null
0.000624056,null,null,null,-0.00298744
0.994746,0.00539179,null,null,null
-0.276863,null,-0.00666371,null,null
-0.0198802,null,null,0.172352,null
-0.00371399,null,null,null,-0.00363291
0.994746,0.00539179,null,null,null
-0.276863,null,-0.00666371,null,null
-0.0198802,null,null,0.172352,null
-0.00371399,null,null,null,-0.00363291
0.994746,0.00539179,null,null,null
-0.276863,null,-0.00666371,null,null
-0.0198802,null,null,0.172352,null
-0.00371399,null,null,null,-0.00363291
0.994739,0.00792747,null,null,null
-0.286105,null,-0.0351104,null,null
-0.0229884,null,null,0.199816,null
-0.00728014,null,null,null,-0.00305201
0.994744,0.0090328,null,null,null
-0.280375,null,-0.0471234,null,null
-0.00620591,null,null,0.176791,null
-0.00244269,null,null,null,-0.00499294
0.994681,0.0108585,null,null,null
-0.303211,null,-0.0584816,null,null
-0.0164329,null,null,0.181833,null
-0.0034692,null,null,null,-0.0032993
0.994712,0.01349,null,null,null
-0.258724,null,0.0220554,null,null
-0.0234614,null,null,0.158177,null
-0.00260269,null,null,null,0.000279006
0.99472,0.0132495,null,null,null
-0.235873,null,0.042766,null,null
-0.0138298,null,null,0.183253,null
0.000845878,null,null,null,0.00156843
0.994731,0.0125006,null,null,null
-0.272437,null,0.0378009,null,null
-0.0546775,null,null,0.208979,null
0.0042357,null,null,null,0.000514309
0.994679,0.0128376,null,null,null
-0.233915,null,0.0224493,null,null
-0.0921529,null,null,0.179824,null
0.0002272,null,null,null,0.00221535
0.994679,0.0128376,null,null,null
-0.233915,null,0.0224493,null,null
-0.0921529,null,null,0.179824,null
0.0002272,null,null,null,0.00221535
0.994679,0.0128376,null,null,null
-0.233915,null,0.0224493,null,null
-0.0921529,null,null,0.179824,null
0.0002272,null,null,null,0.00221535
0.994679,0.0128376,null,null,null
-0.233915,null,0.0224493,null,null
-0.0921529,null,null,0.179824,null
0.0002272,null,null,null,0.00221535
0.994679,0.0128376,null,null,null
-0.233915,null,0.0224493,null,null
-0.0921529,null,null,0.179824,null
0.0002272,null,null,null,0.00221535
0.994676,0.0153069,null,null,null
-0.258319,null,0.023578,null,null
-0.0707228,null,null,0.204641,null
-0.00242035,null,null,null,0.00494485
0.994676,0.0153069,null,null,null
-0.258319,null,0.023578,null,null
-0.0707228,null,null,0.204641,null
-0.00242035,null,null,null,0.00494485
0.994704,0.0122977,null,null,null
-0.259651,null,0.043443,null,null
-0.0556585,null,null,0.192579,null
-0.00517495,null,null,null,-0.00287438
0.994642,0.0137319,null,null,null
-0.265645,null,0.0400284,null,null
-0.110208,null,null,0.193265,null
-0.00585669,null,null,null,-0.00330659
0.99462,0.0148196,null,null,null
-0.309939,null,0.0630119,null,null
-0.103709,null,null,0.25211,null
-0.00133406,null,null,null,0.00239981
0.99462,0.0148196,null,null,null
-0.309939,null,0.0630119,null,null
-0.103709,null,null,0.25211,null
-0.00133406,null,null,null,0.00239981
0.99462,0.0148196,null,null,null
-0.309939,null,0.0630119,null,null
-0.103709,null,null,0.25211,null
-0.00133406,null,null,null,0.00239981
0.994686,0.012432,null,null,null
-0.234699,null,0.110511,null,null
-0.101012,null,null,0.279389,null
-0.000634743,null,null,null,0.0052569
0.994753,0.00782877,null,null,null
-0.206783,null,0.10797,null,null
-0.119532,null,null,0.259074,null
-0.0018421,null,null,null,0.00263735
0.994718,0.0060588,null,null,null
-0.198434,null,0.115295,null,null
-0.0498695,null,null,0.293896,null
0.00288199,null,null,null,0.00461869
0.994701,0.0057162,null,null,null
-0.201479,null,0.0957553,null,null
-0.015027,null,null,0.282409,null
-7.66084e-05,null,null,null,-0.00223077
0.9947,0.00747796,null,null,null
-0.175759,null,0.0785447,null,null
0.0181945,null,null,0.274288,null
0.000165571,null,null,null,-0.00290176
0.994686,0.0097855,null,null,null
-0.156431,null,0.115959,null,null
0.0234235,null,null,0.2693,null
0.002033,null,null,null,-0.00479583
0.994686,0.0097855,null,null,null
-0.156431,null,0.115959,null,null
0.0234235,null,null,0.2693,null
0.002033,null,null,null,-0.00479583
0.994699,0.00878144,null,null,null
-0.205538,null,0.109319,null,null
0.045089,null,null,0.206089,null
0.00181273,null,null,null,-0.00238385
0.994738,0.00768584,null,null,null
-0.195944,null,0.0928904,null,null
0.0923581,null,null,0.223711,null
0.00473716,null,null,null,0.000451093
0.994726,0.00636741,null,null,null
-0.180821,null,0.0193763,null,null
0.0689368,null,null,0.159941,null
0.00309303,null,null,null,-0.000814612
0.994738,0.00400234,null,null,null
-0.22692,null,0.000250616,null,null
0.0575667,null,null,0.183248,null
0.00705939,null,null,null,-0.0027945
0.994701,0.00370495,null,null,null
-0.193034,null,0.0095589,null,null
0.0762109,null,null,0.161607,null
0.0027621,null,null,null,-0.000135743
0.994671,0.00246998,null,null,null
-0.199414,null,0.0198833,null,null
0.090308,null,null,0.0862966,null
-0.000832102,null,null,null,0.000295059
0.994704,0.00368201,null,null,null
-0.200224,null,-0.0334009,null,null
0.0447345,null,null,0.122118,null
0.00111932,null,null,null,0.00243828
0.994705,0.00234157,null,null,null
-0.180418,null,-0.0084302,null,null
0.0455002,null,null,0.161202,null
-0.00279478,null,null,null,0.00330642
0.994692,0.00075322,null,null,null
-0.229246,null,0.00413828,null,null
0.0245484,null,null,0.122756,null
-0.00341125,null,null,null,0.00061758
0.994703,0.000502365,null,null,null
-0.179821,null,0.000364432,null,null
0.0376478,null,null,0.18548,null
-0.00241621,null,null,null,0.000181521
0.994689,-0.00105012,null,null,null
-0.17695,null,-0.00880899,null,null
0.0321401,null,null,0.198226,null
-0.00415397,null,null,null,0.00137364
0.994689,-0.00105012,null,null,null
-0.17695,null,-0.00880899,null,null
0.0321401,null,null,0.198226,null
-0.00415397,null,null,null,0.00137364
0.994745,0.00090976,null,null,null
-0.156735,null,-0.00311145,null,null
0.0595576,null,null,0.265273,null
-0.0064536,null,null,null,-0.00156561
0.994745,0.00090976,null,null,null
-0.156735,null,-0.00311145,null,null
0.0595576,null,null,0.265273,null
-0.0064536,null,null,null,-0.00156561
0.994745,0.00090976,null,null,null
-0.156735,null,-0.00311145,null,null
0.0595576,null,null,0.265273,null
-0.0064536,null,null,null,-0.00156561
0.994745,0.00090976,null,null,null
-0.156735,null,-0.00311145,null,null
0.0595576,null,null,0.265273,null
-0.0064536,null,null,null,-0.00156561
0.994672,0.00140624,null,null,null
-0.142146,null,0.017708,null,null
0.040158,null,null,0.235835,null
-0.00554391,null,null,null,-0.00272205
0.994738,0.00344823,null,null,null
-0.162439,null,-0.015298,null,null
0.00844703,null,null,0.230616,null
-0.00538863,null,null,null,0.00082496
0.994671,0.0062226,null,null,null
-0.13203,null,-0.00768248,null,null
-0.0088862,null,null,0.176229,null
-0.000138678,null,null,null,-3.6144e-05
0.994671,0.0062226,null,null,null
-0.13203,null,-0.00768248,null,null
-0.0088862,null,null,0.176229,null
-0.000138678,null,null,null,-3.6144e-05
0.994641,0.00733441,null,null,null
-0.122866,null,-0.0618133,null,null
-0.0146167,null,null,0.139446,null
-0.0019921,null,null,null,-0.00551767
0.994641,0.00733441,null,null,null
-0.122866,null,-0.0618133,null,null
-0.0146167,null,null,0.139446,null
-0.0019921,null,null,null,-0.00551767
0.994725,0.00436785,null,null,null
-0.081785,null,-0.0413463,null,null
-0.0752351,null,null,0.132241,null
-0.00041114,null,null,null,-0.00338421
0.994633,0.00632924,null,null,null
-0.0421619,null,-0.0895391,null,null
-0.0605309,null,null,0.175156,null
0.000483536,null,null,null,-0.00283054
0.994659,0.00947726,null,null,null
-0.069849,null,-0.110764,null,null
-0.054565,null,null,0.17225,null
0.000178039,null,null,null,0.00282114
0.99469,0.00775888,null,null,null
-0.027938,null,-0.0688389,null,null
-0.071308,null,null,0.149657,null
-0.0017441,null,null,null,0.00237537
0.994663,0.00583504,null,null,null
-0.0158667,null,-0.0769269,null,null
-0.0698307,null,null,0.100811,null
-0.00125505,null,null,null,0.000885966
0.994663,0.00583504,null,null,null
-0.0158667,null,-0.0769269,null,null
-0.0698307,null,null,0.100811,null
-0.00125505,null,null,null,0.000885966
0.99465,0.00422724,null,null,null
0.0222131,null,-0.0873582,null,null
-0.108843,null,null,0.111164,null
-0.00116473,null,null,null,-0.003727
0.99465,0.00422724,null,null,null
0.0222131,null,-0.0873582,null,null
-0.108843,null,null,0.111164,null
-0.00116473,null,null,null,-0.003727
0.99465,0.00422724,null,null,null
0.0222131,null,-0.0873582,null,null
-0.108843,null,null,0.111164,null
-0.00116473,null,null,null,-0.003727
0.99465,0.00422724,null,null,null
0.0222131,null,-0.0873582,null,null
-0.108843,null,null,0.111164,null
-0.00116473,null,null,null,-0.003727
0.99465,0.00422724,null,null,null
0.0222131,null,-0.0873582,null,null
-0.108843,null,null,0.111164,null
-0.00116473,null,null,null,-0.003727
0.99471,0.00175349,null,null,null
-0.0202554,null,-0.0953492,null,null
-0.0936599,null,null,0.124723,null
-0.00347336,null,null,null,-0.00529969
0.994719,0.00371119,null,null,null
0.0124199,null,-0.0718709,null,null
-0.0621625,null,null,0.136563,null
0.000533185,null,null,null,-0.00520095
0.994664,0.00388956,null,null,null
0.02334,null,-0.0914479,null,null
-0.0407761,null,null,0.151905,null
-0.00161024,null,null,null,-0.00374589
0.994727,0.00647572,null,null,null
0.023149,null,-0.156676,null,null
-0.0282906,null,null,0.156051,null
-0.00186014,null,null,null,-0.00134202
0.994714,0.0073242,null,null,null
0.0042977,null,-0.132704,null,null
-0.0720377,null,null,0.176146,null
0.002642,null,null,null,-0.00184779
0.994714,0.0073242,null,null,null
0.0042977,null,-0.132704,null,null
-0.0720377,null,null,0.176146,null
0.002642,null,null,null,-0.00184779
0.994714,0.0073242,null,null,null
0.0042977,null,-0.132704,null,null
-0.0720377,null,null,0.176146,null
0.002642,null,null,null,-0.00184779
0.994796,0.00784383,null,null,null
0.0588519,null,-0.144376,null,null
-0.0759809,null,null,0.171979,null
0.00513339,null,null,null,-0.00309489
0.994753,0.00726512,null,null,null
0.0301529,null,-0.174992,null,null
-0.0649845,null,null,0.211615,null
0.00404743,null,null,null,-0.00212296
0.994746,0.00863743,null,null,null
0.0271525,null,-0.194032,null,null
-0.120526,null,null,0.219841,null
0.000402034,null,null,null,-0.00153462
0.994746,0.00863743,null,null,null
0.0271525,null,-0.194032,null,null
-0.120526,null,null,0.219841,null
0.000402034,null,null,null,-0.00153462
0.994736,0.00561096,null,null,null
0.0104185,null,-0.150315,null,null
-0.161249,null,null,0.204091,null
-0.000132052,null,null,null,-0.00454503
0.994721,0.00463789,null,null,null
0.0249648,null,-0.123743,null,null
-0.130754,null,null,0.184229,null
-0.00206255,null,null,null,-0.000740861
0.994721,0.00463789,null,null,null
0.0249648,null,-0.123743,null,null
-0.130754,null,null,0.184229,null
-0.00206255,null,null,null,-0.000740861
0.994721,0.00463789,null,null,null
0.0249648,null,-0.123743,null,null
-0.130754,null,null,0.184229,null
-0.00206255,null,null,null,-0.000740861
0.994631,0.00300526,null,null,null
0.0395246,null,-0.141631,null,null
-0.153831,null,null,0.166416,null
-0.0028376,null,null,null,0.0036822
0.994615,0.00672308,null,null,null
0.0140245,null,-0.0762681,null,null
-0.124678,null,null,0.200931,null
-0.00288089,null,null,null,0.00168717
0.994615,0.00672308,null,null,null
0.0140245,null,-0.0762681,null,null
-0.124678,null,null,0.200931,null
-0.00288089,null,null,null,0.00168717
0.99467,0.00190313,null,null,null
0.0350389,null,-0.080606,null,null
-0.145843,null,null,0.166814,null
-0.00392421,null,null,null,-0.00440897
0.99467,0.00190313,null,null,null
0.0350389,null,-0.080606,null,null
-0.145843,null,null,0.166814,null
-0.00392421,null,null,null,-0.00440897
0.99467,0.00190313,null,null,null
0.0350389,null,-0.080606,null,null
-0.145843,null,null,0.166814,null
-0.00392421,null,null,null,-0.00440897
0.994677,-0.000328976,null,null,null
0.0547436,null,-0.0978339,null,null
-0.128782,null,null,0.177015,null
-0.00224472,null,null,null,-0.00111819
0.994677,-0.000328976,null,null,null
0.0547436,null,-0.0978339,null,null
-0.128782,null,null,0.177015,null
-0.00224472,null,null,null,-0.00111819
0.994634,-0.00137204,null,null,null
0.0343024,null,-0.0454899,null,null
-0.155523,null,null,0.21604,null
-0.00309341,null,null,null,-0.000785216
0.994739,-0.00135676,null,null,null
0.00153787,null,-0.119384,null,null
-0.101197,null,null,0.247689,null
-0.0013373,null,null,null,0.000522056
0.994781,-0.00041611,null,null,null
0.00475846,null,-0.110823,null,null
-0.15047,null,null,0.24031,null
-0.00160358,null,null,null,-0.00536599
0.994757,-0.000218157,null,null,null
-0.0348622,null,-0.0959014,null,null
-0.180599,null,null,0.233497,null
-0.00131832,null,null,null,0.00088622
0.994738,-0.00161615,null,null,null
-0.0262408,null,-0.112217,null,null
-0.149248,null,null,0.251909,null
0.00286762,null,null,null,-0.00175945
0.994664,0.000985899,null,null,null
-0.0272112,null,-0.162422,null,null
-0.1311,null,null,0.220165,null
0.000518435,null,null,null,-0.000523121
0.994659,-0.00105807,null,null,null
-0.035688,null,-0.166899,null,null
-0.123799,null,null,0.245643,null
0.000544879,null,null,null,0.00135846
0.99462,-0.00455756,null,null,null
-0.0174775,null,-0.0950358,null,null
-0.0623521,null,null,0.257146,null
0.000162884,null,null,null,0.0018361
0.994654,-0.00589203,null,null,null
-0.00199344,null,-0.0422079,null,null
-0.0804466,null,null,0.20569,null
-0.00230192,null,null,null,0.00114989
0.994654,-0.00589203,null,null,null
-0.00199344,null,-0.0422079,null,null
-0.0804466,null,null,0.20569,null
-0.00230192,null,null,null,0.00114989
0.994654,-0.00589203,null,null,null
-0.00199344,null,-0.0422079,null,null
-0.0804466,null,null,0.20569,null
-0.00230192,null,null,null,0.00114989
0.994656,-0.00573191,null,null,null
0.00558277,null,-0.0891651,null,null
-0.0978491,null,null,0.18318,null
-0.00321819,null,null,null,0.00089272
0.994675,-0.00643066,null,null,null
0.0238239,null,-0.021953,null,null
-0.161717,null,null,0.190738,null
-1.86705e-05,null,null,null,0.00137276
0.994675,-0.00643066,null,null,null
0.0238239,null,-0.021953,null,null
-0.161717,null,null,0.190738,null
-1.86705e-05,null,null,null,0.00137276
0.994675,-0.00643066,null,null,null
0.0238239,null,-0.021953,null,null
-0.161717,null,null,0.190738,null
-1.86705e-05,null,null,null,0.00137276
0.994675,-0.00643066,null,null,null
0.0238239,null,-0.021953,null,null
-0.161717,null,null,0.190738,null
-1.86705e-05,null,null,null,0.00137276
0.994675,-0.00643066,null,null,null
0.0238239,null,-0.021953,null,null
-0.161717,null,null,0.190738,null
-1.86704e-05,null,null,null,0.00137276
0.994691,-0.00465775,null,null,null
-0.000486011,null,-0.016771,null,null
-0.142313,null,null,0.198382,null
-0.00261867,null,null,null,-0.00061585
0.994679,-0.00417664,null,null,null
0.00676007,null,0.106879,null,null
-0.116248,null,null,0.148003,null
-0.00648579,null,null,null,-0.00192579
0.994755,-0.00468439,null,null,null
-0.026458,null,0.056806,null,null
-0.11162,null,null,0.122254,null
-0.00231832,null,null,null,-0.000939416
0.994755,-0.00468439,null,null,null
-0.026458,null,0.056806,null,null
-0.11162,null,null,0.122254,null
-0.00231832,null,null,null,-0.000939416
0.994736,-0.0037128,null,null,null
0.0147152,null,0.042065,null,null
-0.115798,null,null,0.138777,null
-0.00172259,null,null,null,0.00122891
0.994736,-0.0037128,null,null,null
0.0147152,null,0.042065,null,null
-0.115798,null,null,0.138777,null
-0.00172259,null,null,null,0.00122891
0.994696,-0.00292467,null,null,null
-0.102637,null,0.0446887,null,null
-0.126191,null,null,0.201673,null
0.000821279,null,null,null,0.00406034
0.994762,-0.00316134,null,null,null
-0.129924,null,0.050279,null,null
-0.128741,null,null,0.194887,null
0.00086227,null,null,null,-0.000802166
0.994761,0.000544445,null,null,null
-0.156381,null,0.034058,null,null
-0.14032,null,null,0.220535,null
0.00282111,null,null,null,-0.000862961
0.994721,0.0010166,null,null,null
-0.0989695,null,0.01333,null,null
-0.124402,null,null,0.246464,null
0.00376242,null,null,null,0.000475561
0.994721,0.0010166,null,null,null
-0.0989695,null,0.01333,null,null
-0.124402,null,null,0.246464,null
0.00376242,null,null,null,0.000475561
0.994676,0.00103054,null,null,null
-0.0723073,null,0.0683345,null,null
-0.109998,null,null,0.216039,null
0.00180516,null,null,null,0.000951484
0.994676,0.00103054,null,null,null
-0.0723073,null,0.0683345,null,null
-0.109998,null,null,0.216039,null
0.00180516,null,null,null,0.000951484
0.994672,0.000380751,null,null,null
-0.0664609,null,0.021608,null,null
-0.123639,null,null,0.251613,null
0.00454725,null,null,null,-0.00206193
0.99462,0.00313139,null,null,null
-0.0704511,null,0.0143278,null,null
-0.156444,null,null,0.286401,null
0.0028712,null,null,null,-3.00131e-05
0.994641,0.00410144,null,null,null
-0.122093,null,-0.0136288,null,null
-0.170403,null,null,0.269256,null
0.00102177,null,null,null,-0.0038603
0.994641,0.00410144,null,null,null
-0.122093,null,-0.0136288,null,null
-0.170403,null,null,0.269256,null
0.00102177,null,null,null,-0.0038603
0.99464,0.00344134,null,null,null
-0.133244,null,-0.012983,null,null
-0.160756,null,null,0.251554,null
-0.000198026,null,null,null,-0.00437041
0.994649,0.00539631,null,null,null
-0.100203,null,0.00938477,null,null
-0.165986,null,null,0.181419,null
-0.00205035,null,null,null,-0.00351905
0.994594,0.00512576,null,null,null
-0.110142,null,-0.0635179,null,null
-0.186104,null,null,0.18659,null
0.00016989,null,null,null,0.00108015
0.994641,0.0059038,null,null,null
-0.137156,null,-0.0584942,null,null
-0.1394,null,null,0.192483,null
0.00273904,null,null,null,0.00186201
0.994568,0.00997804,null,null,null
-0.0647512,null,-0.00856406,null,null
-0.130356,null,null,0.196357,null
-0.000507793,null,null,null,0.000407623
0.994624,0.0110472,null,null,null
-0.0362362,null,-0.0323746,null,null
-0.115485,null,null,0.181286,null
0.00208718,null,null,null,0.0015139
0.994624,0.0110472,null,null,null
-0.0362362,null,-0.0323746,null,null
-0.115485,null,null,0.181286,null
0.00208718,null,null,null,0.0015139
0.994624,0.0110472,null,null,null
-0.0362362,null,-0.0323746,null,null
-0.115485,null,null,0.181286,null
0.00208718,null,null,null,0.0015139
0.994655,0.0132554,null,null,null
-0.0806304,null,-0.08132,null,null
-0.106317,null,null,0.168064,null
0.00079638,null,null,null,0.00421718
0.994549,0.0178299,null,null,null
-0.133332,null,-0.0962255,null,null
-0.110185,null,null,0.181333,null
0.00045126,null,null,null,-0.000111106
0.994549,0.0178299,null,null,null
-0.133332,null,-0.0962255,null,null
-0.110185,null,null,0.181333,null
0.00045126,null,null,null,-0.000111106
0.994545,0.0198012,null,null,null
-0.112959,null,-0.099102,null,null
-0.113976,null,null,0.139855,null
0.0042288,null,null,null,0.00379512
0.994545,0.0198012,null,null,null
-0.112959,null,-0.099102,null,null
-0.113976,null,null,0.139855,null
0.0042288,null,null,null,0.00379512
0.9946,0.0178664,null,null,null
-0.119072,null,-0.0952143,null,null
-0.100979,null,null,0.124504,null
-0.000763225,null,null,null,0.00279734
0.9946,0.0178664,null,null,null
-0.119072,null,-0.0952143,null,null
-0.100979,null,null,0.124504,null
-0.000763225,null,null,null,0.00279734
0.994604,0.0187796,null,null,null
-0.074418,null,-0.0804009,null,null
-0.132697,null,null,0.124502,null
0.00282518,null,null,null,0.00547535
0.994644,0.0175921,null,null,null
-0.0589301,null,-0.013283,null,null
-0.110422,null,null,0.0685406,null
0.00147714,null,null,null,0.00266349
0.994516,0.0233472,null,null,null
-0.045369,null,0.000618514,null,null
-0.134346,null,null,0.083017,null
0.00290164,null,null,null,0.00648026
0.994444,0.0252003,null,null,null
-0.0749039,null,-0.0635831,null,null
-0.117557,null,null,0.0550626,null
0.000512645,null,null,null,0.00198873
0.994389,0.0261457,null,null,null
-0.0745745,null,-0.096723,null,null
-0.138191,null,null,0.0813978,null
-0.000176048,null,null,null,0.000501324
0.994389,0.0261457,null,null,null
-0.0745745,null,-0.096723,null,null
-0.138191,null,null,0.0813978,null
-0.000176048,null,null,null,0.000501324
0.994389,0.0261457,null,null,null
-0.0745745,null,-0.096723,null,null
-0.138191,null,null,0.0813978,null
-0.000176048,null,null,null,0.000501324
0.994332,0.024819,null,null,null
0.0024867,null,-0.0946832,null,null
-0.157396,null,null,0.12535,null
0.000806256,null,null,null,-0.00290691
0.994332,0.024819,null,null,null
0.0024867,null,-0.0946832,null,null
-0.157396,null,null,0.12535,null
0.000806256,null,null,null,-0.00290691
0.994483,0.0205229,null,null,null
-0.0323135,null,-0.0873803,null,null
-0.200403,null,null,0.153334,null
0.00246841,null,null,null,-0.00150709
0.994544,0.0182321,null,null,null
-0.053474,null,-0.0870895,null,null
-0.221985,null,null,0.23727,null
0.00253226,null,null,null,0.00178946
0.994544,0.0182321,null,null,null
-0.053474,null,-0.0870895,null,null
-0.221985,null,null,0.23727,null
0.00253226,null,null,null,0.00178946
0.994574,0.015464,null,null,null
-0.0585689,null,-0.107155,null,null
-0.214105,null,null,0.244771,null
-0.00190341,null,null,null,0.0039181
0.994564,0.0151608,null,null,null
-0.056815,null,-0.100276,null,null
-0.242652,null,null,0.208135,null
-0.00310152,null,null,null,0.000980371
0.994564,0.0151608,null,null,null
-0.056815,null,-0.100276,null,null
-0.242652,null,null,0.208135,null
-0.00310152,null,null,null,0.000980371
0.994614,0.0108641,null,null,null
-0.000250609,null,-0.0862632,null,null
-0.215312,null,null,0.183946,null
-0.00636242,null,null,null,-0.000680274
0.994614,0.0108641,null,null,null
-0.000250609,null,-0.0862632,null,null
-0.215312,null,null,0.183946,null
-0.00636242,null,null,null,-0.000680274
0.994607,0.0114468,null,null,null
-0.00705708,null,-0.109226,null,null
-0.250953,null,null,0.213998,null
-0.00326926,null,null,null,0.0015855
0.994694,0.0112129,null,null,null
-0.0210571,null,-0.142572,null,null
-0.192146,null,null,0.10349,null
-0.00401664,null,null,null,-0.000466474
0.994694,0.0112129,null,null,null
-0.0210571,null,-0.142572,null,null
-0.192146,null,null,0.10349,null
-0.00401664,null,null,null,-0.000466474
0.994695,0.0128299,null,null,null
-0.071882,null,-0.0841169,null,null
-0.234027,null,null,0.146056,null
7.65319e-05,null,null,null,-0.00047598
0.994695,0.0128299,null,null,null
-0.071882,null,-0.0841169,null,null
-0.234027,null,null,0.146056,null
7.65319e-05,null,null,null,-0.00047598
0.994665,0.0145121,null,null,null
-0.0804516,null,-0.0831794,null,null
-0.216225,null,null,0.192309,null
1.76255e-05,null,null,null,0.00221271
0.994598,0.0157982,null,null,null
-0.0480151,null,-0.0836026,null,null
-0.276609,null,null,0.2206,null
0.00083102,null,null,null,-0.000277462
0.994541,0.0186506,null,null,null
-0.0590191,null,-0.0774196,null,null
-0.26944,null,null,0.250742,null
0.000342837,null,null,null,-0.00306484
0.99458,0.0175119,null,null,null
-0.0595356,null,-0.0659169,null,null
-0.248647,null,null,0.28333,null
-0.00439791,null,null,null,-0.00201726
0.994483,0.0193611,null,null,null
-0.0507176,null,-0.078119,null,null
-0.22306,null,null,0.255194,null
-0.00722835,null,null,null,-0.00228399
0.994506,0.0179349,null,null,null
-0.00506716,null,-0.092646,null,null
-0.154333,null,null,0.236321,null
-0.00381734,null,null,null,-0.000452316
0.994548,0.0162867,null,null,null
0.0350339,null,-0.130181,null,null
-0.162764,null,null,0.291085,null
-0.00126251,null,null,null,-0.00416605
0.994653,0.0129532,null,null,null
-0.021082,null,-0.145281,null,null
-0.164134,null,null,0.293959,null
0.00367317,null,null,null,-0.00319
0.994653,0.0129532,null,null,null
-0.021082,null,-0.145281,null,null
-0.164134,null,null,0.293959,null
0.00367317,null,null,null,-0.00319
0.994653,0.0129532,null,null,null
-0.021082,null,-0.145281,null,null
-0.164134,null,null,0.293959,null
0.00367317,null,null,null,-0.00319
0.994653,0.0129532,null,null,null
-0.021082,null,-0.145281,null,null
-0.164134,null,null,0.293959,null
0.00367317,null,null,null,-0.00319
0.994613,0.0123021,null,null,null
-0.0425929,null,-0.12943,null,null
-0.0953028,null,null,0.2684,null
-0.00239026,null,null,null,-0.000164035
0.994569,0.0120949,null,null,null
-0.00665949,null,-0.100316,null,null
-0.0951905,null,null,0.309818,null
-0.0026055,null,null,null,-0.00277318
0.994569,0.0120949,null,null,null
-0.00665949,null,-0.100316,null,null
-0.0951905,null,null,0.309818,null
-0.0026055,null,null,null,-0.00277318
0.994581,0.0128556,null,null,null
0.0120485,null,-0.092209,null,null
-0.0977769,null,null,0.279314,null
-0.00142115,null,null,null,-0.00202101
0.994581,0.0128556,null,null,null
0.0120485,null,-0.092209,null,null
-0.0977769,null,null,0.279314,null
-0.00142115,null,null,null,-0.00202101
0.994499,0.0162492,null,null,null
0.0086165,null,-0.12489,null,null
-0.11222,null,null,0.245938,null
-0.000741624,null,null,null,0.000764324
0.994499,0.0162492,null,null,null
0.0086165,null,-0.12489,null,null
-0.11222,null,null,0.245938,null
-0.000741624,null,null,null,0.000764324
0.994526,0.0146284,null,null,null
-0.00109965,null,-0.0796426,null,null
-0.0943609,null,null,0.273901,null
0.000698985,null,null,null,0.00053379
0.994526,0.0146284,null,null,null
-0.00109965,null,-0.0796426,null,null
-0.0943609,null,null,0.273901,null
0.000698985,null,null,null,0.00053379
0.994575,0.0149145,null,null,null
-0.0409943,null,-0.082521,null,null
-0.107233,null,null,0.289871,null
0.00223485,null,null,null,8.03309e-05
0.994556,0.0152672,null,null,null
0.031661,null,-0.0687087,null,null
-0.0666637,null,null,0.308013,null
-0.00263316,null,null,null,-0.00299176
0.994609,0.0142802,null,null,null
0.0134247,null,-0.0814084,null,null
-0.0775253,null,null,0.298651,null
-0.0015457,null,null,null,0.000201102
0.9946,0.0154476,null,null,null
0.0142968,null,-0.0815116,null,null
-0.1156,null,null,0.27994,null
-0.000779663,null,null,null,0.00164901
0.994624,0.0144189,null,null,null
0.0130124,null,-0.0723071,null,null
-0.0845089,null,null,0.243065,null
-0.00121389,null,null,null,0.00473909
0.994633,0.0132679,null,null,null
0.0112756,null,-0.0686181,null,null
-0.089164,null,null,0.21928,null
0.00155466,null,null,null,-0.000574516
0.994665,0.0111065,null,null,null
0.00355478,null,-0.0650949,null,null
-0.091113,null,null,0.230676,null
0.00527574,null,null,null,-0.00366516
0.994665,0.0111065,null,null,null
0.00355478,null,-0.0650949,null,null
-0.091113,null,null,0.230676,null
0.00527574,null,null,null,-0.00366516
0.994665,0.0111065,null,null,null
0.00355478,null,-0.0650949,null,null
-0.091113,null,null,0.230676,null
0.00527574,null,null,null,-0.00366516
0.994644,0.0143735,null,null,null
-0.0087497,null,-0.0928586,null,null
-0.0647018,null,null,0.251165,null
-0.000814959,null,null,null,-0.00174309
0.994621,0.0152606,null,null,null
0.00133796,null,-0.0861981,null,null
-0.105444,null,null,0.239797,null
0.000560247,null,null,null,0.00299056
0.994674,0.0141555,null,null,null
0.0330218,null,-0.0760684,null,null
-0.0284401,null,null,0.236764,null
-0.000196883,null,null,null,0.0043443
0.994674,0.0141555,null,null,null
0.0330218,null,-0.0760684,null,null
-0.0284401,null,null,0.236764,null
-0.000196883,null,null,null,0.0043443
0.994626,0.0138559,null,null,null
0.0420517,null,-0.0380639,null,null
-0.0439801,null,null,0.261881,null
0.00232628,null,null,null,0.00117264
0.994605,0.0112237,null,null,null
0.0468571,null,-0.0573864,null,null
-0.0821649,null,null,0.289351,null
0.00225286,null,null,null,0.00379429
0.994605,0.0112237,null,null,null
0.0468571,null,-0.0573864,null,null
-0.0821649,null,null,0.289351,null
0.00225286,null,null,null,0.00379429
0.994605,0.0112237,null,null,null
0.0468571,null,-0.0573864,null,null
-0.0821649,null,null,0.289351,null
0.00225286,null,null,null,0.00379429
0.994605,0.0112237,null,null,null
0.0468571,null,-0.0573864,null,null
-0.0821649,null,null,0.289351,null
0.00225286,null,null,null,0.00379429
0.994616,0.0105112,null,null,null
-0.000889148,null,-0.019617,null,null
-0.0957043,null,null,0.318799,null
-0.0016153,null,null,null,-0.00272872
0.994571,0.00842379,null,null,null
0.0336234,null,0.0178139,null,null
-0.0902989,null,null,0.317161,null
-0.00355684,null,null,null,0.000335224
0.994571,0.00842379,null,null,null
0.0336234,null,0.0178139,null,null
-0.0902989,null,null,0.317161,null
-0.00355684,null,null,null,0.000335224
0.994571,0.00842379,null,null,null
0.0336234,null,0.0178139,null,null
-0.0902989,null,null,0.317161,null
-0.00355684,null,null,null,0.000335224
0.994594,0.00671328,null,null,null
-0.00289278,null,0.00804002,null,null
-0.112466,null,null,0.282595,null
-0.00382664,null,null,null,0.000439535
0.99458,0.0112676,null,null,null
0.014408,null,0.00463148,null,null
-0.139632,null,null,0.30602,null
-0.00125569,null,null,null,0.00403588
0.994637,0.0089498,null,null,null
0.0374833,null,0.0109403,null,null
-0.144984,null,null,0.367835,null
-0.00468566,null,null,null,0.00428049
0.994666,0.0101839,null,null,null
0.0196589,null,0.0415252,null,null
-0.129636,null,null,0.38044,null
-0.00386084,null,null,null,0.00322664
0.994666,0.00606013,null,null,null
0.035177,null,0.0619335,null,null
-0.0852197,null,null,0.378211,null
-0.00197316,null,null,null,0.000156504
0.994666,0.00606013,null,null,null
0.035177,null,0.0619335,null,null
-0.0852197,null,null,0.378211,null
-0.00197316,null,null,null,0.000156504
0.994633,0.0101974,null,null,null
-0.0048465,null,0.0422795,null,null
-0.0910126,null,null,0.320974,null
-0.00128676,null,null,null,-0.000149902
0.994722,0.00375053,null,null,null
-0.027591,null,0.100057,null,null
-0.0793752,null,null,0.267391,null
-0.000630739,null,null,null,-0.00341707
0.994722,0.00375053,null,null,null
-0.027591,null,0.100057,null,null
-0.0793752,null,null,0.267391,null
-0.000630739,null,null,null,-0.00341707
0.994722,0.00375053,null,null,null
-0.027591,null,0.100057,null,null
-0.0793752,null,null,0.267391,null
-0.000630739,null,null,null,-0.00341707
0.994684,0.00276095,null,null,null
-0.0466128,null,0.0564153,null,null
-0.106469,null,null,0.217184,null
0.00173729,null,null,null,-0.000918552
0.994684,0.00276095,null,null,null
-0.0466128,null,0.0564153,null,null
-0.106469,null,null,0.217184,null
0.00173729,null,null,null,-0.000918552
0.994684,0.00276095,null,null,null
-0.0466128,null,0.0564153,null,null
-0.106469,null,null,0.217184,null
0.00173729,null,null,null,-0.000918552
0.994684,0.00276095,null,null,null
-0.0466128,null,0.0564153,null,null
-0.106469,null,null,0.217184,null
0.00173729,null,null,null,-0.000918552
0.994684,0.00276095,null,null,null
-0.0466128,null,0.0564153,null,null
-0.106469,null,null,0.217184,null
0.00173729,null,null,null,-0.000918552
0.994675,0.00242107,null,null,null
-0.0655989,null,0.0875304,null,null
-0.123092,null,null,0.25831,null
0.00329545,null,null,null,0.00156208
0.994675,0.00242107,null,null,null
-0.0655989,null,0.0875304,null,null
-0.123092,null,null,0.25831,null
0.00329545,null,null,null,0.00156208
0.994675,0.00242107,null,null,null
-0.0655989,null,0.0875304,null,null
-0.123092,null,null,0.25831,null
0.00329545,null,null,null,0.00156208
0.994716,0.00527435,null,null,null
-0.0515489,null,0.0695454,null,null
-0.12976,null,null,0.289485,null
0.00105672,null,null,null,0.00385507
0.994648,0.00514317,null,null,null
-0.0161549,null,0.0781051,null,null
-0.158488,null,null,0.272575,null
-0.00214067,null,null,null,0.00440528
0.994683,0.00538797,null,null,null
0.0194984,null,0.0876556,null,null
-0.131252,null,null,0.218329,null
0.00299024,null,null,null,0.00242964
0.994695,0.00107866,null,null,null
0.0236778,null,0.0837429,null,null
-0.184244,null,null,0.171755,null
0.00379514,null,null,null,0.00234533
0.9947,0.00289499,null,null,null
0.0054661,null,0.062497,null,null
-0.171795,null,null,0.166436,null
0.00838123,null,null,null,0.00406376
0.994734,-0.000516425,null,null,null
-0.01704,null,0.0499519,null,null
-0.18336,null,null,0.148339,null
0.00740715,null,null,null,0.00576066
0.994703,-0.00285374,null,null,null
-0.0447869,null,0.0477191,null,null
-0.146386,null,null,0.180559,null
0.000463,null,null,null,0.00312573
0.994663,-0.00589005,null,null,null
-0.0525188,null,0.0880905,null,null
-0.109934,null,null,0.18743,null
0.00399112,null,null,null,-0.000639522
0.994663,-0.00589005,null,null,null
-0.0525188,null,0.0880905,null,null
-0.109934,null,null,0.18743,null
0.00399112,null,null,null,-0.000639522
0.994606,-0.00883866,null,null,null
-0.0395771,null,0.0809833,null,null
-0.160002,null,null,0.178944,null
0.00226851,null,null,null,0.000720243
0.994606,-0.00883866,null,null,null
-0.0395771,null,0.0809833,null,null
-0.160002,null,null,0.178944,null
0.00226851,null,null,null,0.000720243
0.994606,-0.00883866,null,null,null
-0.0395771,null,0.0809833,null,null
-0.160002,null,null,0.178944,null
0.00226851,null,null,null,0.000720243
0.994606,-0.00883866,null,null,null
-0.0395771,null,0.0809833,null,null
-0.160002,null,null,0.178944,null
0.00226851,null,null,null,0.000720243
0.994606,-0.00883866,null,null,null
-0.0395771,null,0.0809833,null,null
-0.160002,null,null,0.178944,null
0.00226851,null,null,null,0.000720243
0.994574,-0.00620191,null,null,null
-0.0796329,null,0.0187526,null,null
-0.118141,null,null,0.178406,null
0.000970104,null,null,null,0.000282637
0.994574,-0.00620191,null,null,null
-0.0796329,null,0.0187526,null,null
-0.118141,null,null,0.178406,null
0.000970104,null,null,null,0.000282637
0.994542,-0.0058641,null,null,null
-0.0496163,null,-2.03074e-06,null,null
-0.15431,null,null,0.149201,null
-0.00122779,null,null,null,0.00165611
0.994616,-0.00501354,null,null,null
-0.0317535,null,0.00409401,null,null
-0.153799,null,null,0.168581,null
-0.00208125,null,null,null,0.00363698
0.994596,-0.00516608,null,null,null
-0.0202128,null,-0.0146464,null,null
-0.121784,null,null,0.126844,null
-0.00453586,null,null,null,0.00344232
0.994596,-0.00516608,null,null,null
-0.0202128,null,-0.0146464,null,null
-0.121784,null,null,0.126844,null
-0.00453586,null,null,null,0.00344232
0.994568,-0.00639042,null,null,null
0.025403,null,0.0219055,null,null
-0.22662,null,null,0.0987154,null
-0.00294684,null,null,null,0.0053991
0.994646,-0.0074539,null,null,null
0.0186546,null,0.0360987,null,null
-0.207923,null,null,0.15745,null
-0.00220796,null,null,null,0.00396152
0.994646,-0.0074539,null,null,null
0.0186546,null,0.0360987,null,null
-0.207923,null,null,0.15745,null
-0.00220796,null,null,null,0.00396152
0.994581,-0.00780778,null,null,null
0.0642136,null,0.00118658,null,null
-0.205296,null,null,0.180663,null
0.00300624,null,null,null,0.00212025
0.994541,-0.00741038,null,null,null
0.083993,null,-0.0228752,null,null
-0.182436,null,null,0.154213,null
-0.00219846,null,null,null,0.00474131
0.994541,-0.00741038,null,null,null
0.083993,null,-0.0228752,null,null
-0.182436,null,null,0.154213,null
-0.00219846,null,null,null,0.00474131
0.994618,-0.00738703,null,null,null
0.0384384,null,-0.0408836,null,null
-0.18267,null,null,0.194666,null
-0.00136104,null,null,null,0.00126253
0.994639,-0.00423425,null,null,null
0.0419658,null,-0.0282569,null,null
-0.180584,null,null,0.256619,null
-0.0011002,null,null,null,0.000684302
0.994639,-0.00423425,null,null,null
0.0419658,null,-0.0282569,null,null
-0.180584,null,null,0.256619,null
-0.0011002,null,null,null,0.000684302
0.994639,-0.00423425,null,null,null
0.0419658,null,-0.0282569,null,null
-0.180584,null,null,0.256619,null
-0.0011002,null,null,null,0.000684302
0.994655,-0.00251771,null,null,null
-0.00991287,null,0.000575699,null,null
-0.140379,null,null,0.235368,null
-0.00254585,null,null,null,0.00258604
0.994646,-0.00182252,null,null,null
-0.0157648,null,-0.0397581,null,null
-0.206369,null,null,0.247518,null
0.000300595,null,null,null,-0.00044509
0.994646,-0.00182252,null,null,null
-0.0157648,null,-0.0397581,null,null
-0.206369,null,null,0.247518,null
0.000300595,null,null,null,-0.00044509
0.99464,-0.00408025,null,null,null
0.00468205,null,-0.0304708,null,null
-0.191499,null,null,0.238319,null
-0.00170795,null,null,null,0.00110206
0.99466,-0.00562615,null,null,null
-0.0975665,null,-0.00355894,null,null
-0.212509,null,null,0.221084,null
0.00169492,null,null,null,-0.00360566
0.99465,-0.00257213,null,null,null
-0.0591176,null,0.00929884,null,null
-0.215177,null,null,0.231407,null
-0.00233784,null,null,null,0.00124333
0.99465,-0.00257213,null,null,null
-0.0591176,null,0.00929884,null,null
-0.215177,null,null,0.231407,null
-0.00233784,null,null,null,0.00124333
0.994646,0.000353224,null,null,null
-0.0759171,null,-0.0289645,null,null
-0.184219,null,null,0.231951,null
-0.00314549,null,null,null,0.00401141
0.994646,0.000353224,null,null,null
-0.0759171,null,-0.0289645,null,null
-0.184219,null,null,0.231951,null
-0.00314549,null,null,null,0.00401141
0.994656,0.000256479,null,null,null
-0.0238798,null,-0.026822,null,null
-0.191569,null,null,0.261195,null
-0.0014418,null,null,null,-0.000250086
0.99467,0.00225882,null,null,null
0.0249694,null,0.0101947,null,null
-0.167,null,null,0.246855,null
-0.00152757,null,null,null,0.0016149
0.99467,0.00225882,null,null,null
0.0249694,null,0.0101947,null,null
-0.167,null,null,0.246855,null
-0.00152757,null,null,null,0.0016149
0.99467,0.00225882,null,null,null
0.0249694,null,0.0101947,null,null
-0.167,null,null,0.246855,null
-0.00152757,null,null,null,0.0016149
0.99467,0.00310607,null,null,null
-0.012718,null,0.0367699,null,null
-0.208359,null,null,0.215554,null
0.000707977,null,null,null,0.00171084
0.99465,0.00356209,null,null,null
-0.0367644,null,0.036587,null,null
-0.228095,null,null,0.212033,null
0.00434948,null,null,null,0.000932636
0.99465,0.00356209,null,null,null
-0.0367644,null,0.036587,null,null
-0.228095,null,null,0.212033,null
0.00434946,null,null,null,0.000932636
0.994705,0.00435046,null,null,null
-0.0671051,null,-0.000640857,null,null
-0.240482,null,null,0.239645,null
0.000443333,null,null,null,0.000523249
0.99469,0.00468719,null,null,null
-0.130747,null,0.0283254,null,null
-0.181376,null,null,0.252327,null
-4.55977e-06,null,null,null,0.0012408
0.994705,0.00355646,null,null,null
-0.0931381,null,0.0538901,null,null
-0.162601,null,null,0.271704,null
0.00100539,null,null,null,-0.00201978
0.994705,0.00355646,null,null,null
-0.0931381,null,0.0538901,null,null
-0.162601,null,null,0.271704,null
0.00100539,null,null,null,-0.00201978
0.994744,0.00354749,null,null,null
-0.056981,null,0.102632,null,null
-0.164722,null,null,0.282451,null
0.00137191,null,null,null,-0.00200604
0.994744,0.00354749,null,null,null
-0.056981,null,0.102632,null,null
-0.164722,null,null,0.282451,null
0.00137191,null,null,null,-0.00200604
0.994744,0.00354749,null,null,null
-0.056981,null,0.102632,null,null
-0.164722,null,null,0.282451,null
0.00137191,null,null,null,-0.00200604
0.994718,0.00360645,null,null,null
-0.0378315,null,0.100866,null,null
-0.139588,null,null,0.26953,null
0.00194634,null,null,null,-0.00197195
0.994718,0.00360645,null,null,null
-0.0378315,null,0.100866,null,null
-0.139588,null,null,0.26953,null
0.00194634,null,null,null,-0.00197195
0.99471,0.00117008,null,null,null
-0.065942,null,0.0982251,null,null
-0.170171,null,null,0.228272,null
0.00247339,null,null,null,-0.000677909
0.994663,0.00256396,null,null,null
-0.0532997,null,0.0775845,null,null
-0.127004,null,null,0.236129,null
-0.000181839,null,null,null,-0.000952892
0.994726,0.00233341,null,null,null
-0.0527632,null,0.0971119,null,null
-0.126837,null,null,0.213785,null
0.00297421,null,null,null,0.00331876
0.994726,0.00233341,null,null,null
-0.0527632,null,0.0971119,null,null
-0.126837,null,null,0.213785,null
0.00297421,null,null,null,0.00331876
0.994726,0.00233341,null,null,null
-0.0527632,null,0.0971119,null,null
-0.126837,null,null,0.213785,null
0.00297421,null,null,null,0.00331876
0.99471,-0.001796,null,null,null
-0.0845689,null,0.0216349,null,null
-0.147808,null,null,0.198216,null
0.00234073,null,null,null,0.00290072
0.994727,-0.00154412,null,null,null
-0.0738149,null,0.0653293,null,null
-0.123783,null,null,0.119594,null
0.00207681,null,null,null,0.00354619
0.994583,-0.00356551,null,null,null
-0.0849059,null,0.0199197,null,null
-0.130867,null,null,0.148026,null
0.000481608,null,null,null,0.00377618
0.994556,-0.00318456,null,null,null
-0.0443139,null,0.0645847,null,null
-0.121052,null,null,0.172237,null
-0.00329431,null,null,null,0.00288154
0.994557,-0.00125961,null,null,null
-0.036124,null,0.0738894,null,null
-0.125872,null,null,0.167667,null
-0.00309894,null,null,null,-0.00201004
0.994557,0.00181777,null,null,null
-0.0726066,null,0.0821734,null,null
-0.181122,null,null,0.114799,null
0.00131711,null,null,null,0.000698135
0.994615,0.00504804,null,null,null
-0.0866284,null,0.0802008,null,null
-0.1546,null,null,0.103515,null
-0.000942191,null,null,null,-0.00314666
0.994669,0.00599021,null,null,null
-0.0480344,null,0.0748704,null,null
-0.131502,null,null,0.186496,null
-0.000418951,null,null,null,0.00121011
0.994669,0.00599021,null,null,null
-0.0480344,null,0.0748704,null,null
-0.131502,null,null,0.186496,null
-0.000418951,null,null,null,0.00121011
0.994546,0.00836498,null,null,null
-0.0573198,null,0.0818045,null,null
-0.0986574,null,null,0.183058,null
0.00194925,null,null,null,-0.00213452
0.994629,0.00585455,null,null,null
-0.103036,null,0.0748631,null,null
-0.093022,null,null,0.148344,null
0.00212355,null,null,null,0.000383482
0.994629,0.00585455,null,null,null
-0.103036,null,0.0748631,null,null
-0.093022,null,null,0.148344,null
0.00212355,null,null,null,0.000383482
0.994629,0.00585455,null,null,null
-0.103036,null,0.0748631,null,null
-0.093022,null,null,0.148344,null
0.00212355,null,null,null,0.000383482
0.994672,0.00406035,null,null,null
-0.0997312,null,0.0864559,null,null
-0.114564,null,null,0.170838,null
0.00178787,null,null,null,0.000651706
0.994672,0.00406035,null,null,null
-0.0997312,null,0.0864559,null,null
-0.114564,null,null,0.170838,null
0.00178787,null,null,null,0.000651706
0.994659,0.00848619,null,null,null
-0.0992044,null,0.091213,null,null
-0.141826,null,null,0.183356,null
0.00450586,null,null,null,-0.00329791
0.994636,0.0114592,null,null,null
-0.0926196,null,0.0490838,null,null
-0.123584,null,null,0.13097,null
0.00161082,null,null,null,0.00186089
0.994636,0.0114592,null,null,null
-0.0926196,null,0.0490838,null,null
-0.123584,null,null,0.13097,null
0.00161082,null,null,null,0.00186089
0.994636,0.0114592,null,null,null
-0.0926196,null,0.0490838,null,null
-0.123584,null,null,0.13097,null
0.00161082,null,null,null,0.00186089
0.994633,0.00878831,null,null,null
-0.0727431,null,0.0532038,null,null
-0.0882405,null,null,0.0403748,null
0.00590501,null,null,null,0.00429985
0.994646,0.00599563,null,null,null
-0.0421646,null,0.0832303,null,null
-0.0805959,null,null,0.064044,null
0.00139821,null,null,null,0.00278324
0.994646,0.00599563,null,null,null
-0.0421646,null,0.0832303,null,null
-0.0805959,null,null,0.064044,null
0.00139821,null,null,null,0.00278324
0.994675,0.00415152,null,null,null
-0.101679,null,0.0855396,null,null
-0.0716259,null,null,0.112235,null
0.00183174,null,null,null,6.8121e-05
0.994642,0.00837614,null,null,null
-0.0957435,null,0.0989354,null,null
-0.0986239,null,null,0.070557,null
2.47301e-05,null,null,null,0.00423636
0.994642,0.00837614,null,null,null
-0.0957435,null,0.0989354,null,null
-0.0986239,null,null,0.070557,null
2.47301e-05,null,null,null,0.00423636
0.994651,0.00527345,null,null,null
-0.0812726,null,0.115288,null,null
-0.0980905,null,null,0.130681,null
9.53646e-05,null,null,null,0.00173295
0.994677,0.00277054,null,null,null
-0.101326,null,0.108385,null,null
-0.105119,null,null,0.0890385,null
0.000226145,null,null,null,-0.00113595
0.994651,0.00184375,null,null,null
-0.097127,null,0.0832433,null,null
-0.124787,null,null,0.0825569,null
1.48905e-05,null,null,null,0.000252904
0.994651,0.00184375,null,null,null
-0.097127,null,0.0832433,null,null
-0.124787,null,null,0.0825569,null
1.48905e-05,null,null,null,0.000252904
0.994642,-0.00122203,null,null,null
-0.102999,null,0.0761931,null,null
-0.120839,null,null,0.0729537,null
-0.00079688,null,null,null,-0.000714352
0.994635,7.61868e-05,null,null,null
-0.0955055,null,0.0716831,null,null
-0.0878806,null,null,0.0448537,null
-0.0060882,null,null,null,-0.00262235
0.994636,-0.000760949,null,null,null
-0.141838,null,0.0950768,null,null
-0.111073,null,null,0.0138493,null
-0.00297281,null,null,null,-0.000888731
0.994631,-0.00246559,null,null,null
-0.171178,null,0.115781,null,null
-0.103429,null,null,-0.0127978,null
-0.00184859,null,null,null,0.00200665
0.99471,-0.00142546,null,null,null
-0.0947802,null,0.155204,null,null
-0.101572,null,null,-0.0617426,null
-0.00265475,null,null,null,-0.00192654
0.99471,-0.00142546,null,null,null
-0.0947802,null,0.155204,null,null
-0.101572,null,null,-0.0617426,null
-0.00265475,null,null,null,-0.00192654
0.99462,-0.00217601,null,null,null
-0.117468,null,0.13716,null,null
-0.110742,null,null,-0.0878834,null
-0.000550859,null,null,null,-0.0028752
0.99462,-0.00217601,null,null,null
-0.117468,null,0.13716,null,null
-0.110742,null,null,-0.0878834,null
-0.000550859,null,null,null,-0.0028752
0.99462,-0.00217601,null,null,null
-0.117468,null,0.13716,null,null
-0.110742,null,null,-0.0878834,null
-0.000550859,null,null,null,-0.0028752
0.994696,-0.000538911,null,null,null
-0.100873,null,0.150474,null,null
-0.132371,null,null,-0.0826529,null
0.00318029,null,null,null,-0.0019745
0.994696,-0.000538911,null,null,null
-0.100873,null,0.150474,null,null
-0.132371,null,null,-0.0826529,null
0.00318029,null,null,null,-0.0019745
0.99465,-0.00287189,null,null,null
-0.0858108,null,0.127023,null,null
-0.182534,null,null,-0.0494877,null
-0.00383235,null,null,null,0.00183686
0.994695,-0.00381395,null,null,null
-0.0831345,null,0.140175,null,null
-0.194334,null,null,-0.0515954,null
0.00200955,null,null,null,-0.0011949
0.994639,-0.00306303,null,null,null
-0.0527425,null,0.147944,null,null
-0.15363,null,null,-0.0369876,null
0.00158497,null,null,null,-0.000120104
0.994663,-0.00541723,null,null,null
-0.0932449,null,0.178461,null,null
-0.20749,null,null,-0.00580447,null
0.00123881,null,null,null,-0.000667381
0.994726,-0.00595746,null,null,null
-0.10049,null,0.133724,null,null
-0.15907,null,null,-0.0438426,null
0.00233198,null,null,null,0.00255711
0.994726,-0.00595746,null,null,null
-0.10049,null,0.133724,null,null
-0.15907,null,null,-0.0438426,null
0.00233198,null,null,null,0.00255711
0.994726,-0.00595746,null,null,null
-0.10049,null,0.133724,null,null
-0.15907,null,null,-0.0438426,null
0.00233198,null,null,null,0.00255711
0.994677,-0.00652266,null,null,null
-0.0993342,null,0.137703,null,null
-0.186,null,null,-0.0593357,null
0.00135947,null,null,null,-0.000759171
0.994592,-0.0027475,null,null,null
-0.113173,null,0.0869666,null,null
-0.152633,null,null,-0.0835805,null
-0.00128188,null,null,null,-0.00289546
0.994591,-0.00097407,null,null,null
-0.129845,null,0.0693348,null,null
-0.201381,null,null,-0.0300045,null
0.0014216,null,null,null,0.000494119
0.994648,-0.00364486,null,null,null
-0.136866,null,0.0656214,null,null
-0.152993,null,null,-0.029468,null
0.00107471,null,null,null,0.00153585
0.994552,-0.00333432,null,null,null
-0.102737,null,0.0870828,null,null
-0.192192,null,null,-0.0157823,null
0.000306149,null,null,null,-0.00254407
0.994604,-0.00187752,null,null,null
-0.154509,null,0.0895858,null,null
-0.178631,null,null,0.0127005,null
-0.00163553,null,null,null,0.00113512
0.994613,-0.00163893,null,null,null
-0.160305,null,0.0323949,null,null
-0.217891,null,null,0.0207649,null
-0.00144903,null,null,null,-0.00016031
0.994675,-0.000814854,null,null,null
-0.138793,null,0.0030027,null,null
-0.207076,null,null,-0.00750269,null
-0.000360799,null,null,null,0.000652656
0.994704,0.00364056,null,null,null
-0.11671,null,0.0392697,null,null
-0.179492,null,null,-0.0132113,null
0.00152944,null,null,null,0.00217011
0.994704,0.00364056,null,null,null
-0.11671,null,0.0392697,null,null
-0.179492,null,null,-0.0132113,null
0.00152944,null,null,null,0.00217011
0.994704,0.00364056,null,null,null
-0.11671,null,0.0392697,null,null
-0.179492,null,null,-0.0132113,null
0.00152944,null,null,null,0.00217011
0.994704,0.00364056,null,null,null
-0.11671,null,0.0392697,null,null
-0.179492,null,null,-0.0132113,null
0.00152944,null,null,null,0.00217011
0.9947,0.00264933,null,null,null
-0.0983809,null,0.0163284,null,null
-0.16781,null,null,-0.000122245,null
0.00526779,null,null,null,0.00251024
0.994705,0.00058682,null,null,null
-0.100407,null,0.0134708,null,null
-0.182762,null,null,0.0279365,null
0.0039912,null,null,null,0.0014399
0.994705,0.00058682,null,null,null
-0.100407,null,0.0134708,null,null
-0.182762,null,null,0.0279365,null
0.0039912,null,null,null,0.0014399
0.994704,0.000570549,null,null,null
-0.0768256,null,0.0569998,null,null
-0.142789,null,null,0.056106,null
-0.00185616,null,null,null,-0.0008577
0.994704,0.000570549,null,null,null
-0.0768256,null,0.0569998,null,null
-0.142789,null,null,0.056106,null
-0.00185616,null,null,null,-0.0008577
0.994704,0.000570549,null,null,null
-0.0768256,null,0.0569998,null,null
-0.142789,null,null,0.056106,null
-0.00185616,null,null,null,-0.0008577
0.994704,0.000570549,null,null,null
-0.0768256,null,0.0569998,null,null
-0.142789,null,null,0.056106,null
-0.00185616,null,null,null,-0.0008577
0.994689,0.000471507,null,null,null
-0.0775549,null,0.0584754,null,null
-0.170466,null,null,0.0146873,null
0.00181379,null,null,null,0.00624668
0.994689,0.000471507,null,null,null
-0.0775549,null,0.0584754,null,null
-0.170466,null,null,0.0146873,null
0.00181379,null,null,null,0.00624668
0.994689,0.000471507,null,null,null
-0.0775549,null,0.0584754,null,null
-0.170466,null,null,0.0146873,null
0.00181379,null,null,null,0.00624668
0.994675,0.0015149,null,null,null
-0.0309309,null,0.111441,null,null
-0.169135,null,null,0.00217965,null
-0.000373361,null,null,null,0.00422436
0.994675,0.0015149,null,null,null
-0.0309309,null,0.111441,null,null
-0.169135,null,null,0.00217965,null
-0.000373361,null,null,null,0.00422436
0.994675,0.0015149,null,null,null
-0.0309309,null,0.111441,null,null
-0.169135,null,null,0.00217965,null
-0.000373361,null,null,null,0.00422436
0.994675,0.0015149,null,null,null
-0.0309309,null,0.111441,null,null
-0.169135,null,null,0.00217965,null
-0.000373361,null,null,null,0.00422436
0.994639,0.00173684,null,null,null
-0.0554636,null,0.102735,null,null
-0.210821,null,null,0.024871,null
0.00298583,null,null,null,0.00129348
0.994639,0.00173684,null,null,null
-0.0554636,null,0.102735,null,null
-0.210821,null,null,0.024871,null
0.00298583,null,null,null,0.00129348
0.994596,0.00072237,null,null,null
-0.0106194,null,0.115294,null,null
-0.184496,null,null,0.0727911,null
-0.00113586,null,null,null,0.000289262
0.994636,0.00291481,null,null,null
-0.0993094,null,0.0291044,null,null
-0.122257,null,null,0.0736923,null
0.000309886,null,null,null,0.00411496
0.994636,0.00291481,null,null,null
-0.0993094,null,0.0291044,null,null
-0.122257,null,null,0.0736923,null
0.000309886,null,null,null,0.00411496
0.994636,0.00291481,null,null,null
-0.0993094,null,0.0291044,null,null
-0.122257,null,null,0.0736923,null
0.000309886,null,null,null,0.00411496
0.994572,0.00496589,null,null,null
-0.0357302,null,0.04805,null,null
-0.151918,null,null,0.0994473,null
-0.0031367,null,null,null,0.00232101
0.994572,0.00496589,null,null,null
-0.0357302,null,0.04805,null,null
-0.151918,null,null,0.0994473,null
-0.0031367,null,null,null,0.00232101
0.994639,0.00660072,null,null,null
-0.0279828,null,0.0319841,null,null
-0.14647,null,null,0.0449413,null
-0.00265646,null,null,null,-0.000672778
0.994639,0.00660072,null,null,null
-0.0279828,null,0.0319841,null,null
-0.14647,null,null,0.0449413,null
-0.00265646,null,null,null,-0.000672778
0.994639,0.00660072,null,null,null
-0.0279828,null,0.0319841,null,null
-0.14647,null,null,0.0449413,null
-0.00265646,null,null,null,-0.000672778
0.994639,0.00660072,null,null,null
-0.0279828,null,0.0319841,null,null
-0.14647,null,null,0.0449413,null
-0.00265646,null,null,null,-0.000672778
0.994639,0.00660072,null,null,null
-0.0279828,null,0.0319841,null,null
-0.14647,null,null,0.0449413,null
-0.00265646,null,null,null,-0.000672778
0.994611,0.00562761,null,null,null
-0.00616883,null,0.0273163,null,null
-0.120318,null,null,0.0460347,null
-0.0028357,null,null,null,0.00352999
0.994642,0.00536424,null,null,null
-0.088794,null,0.0108875,null,null
-0.202604,null,null,0.070683,null
-0.00135684,null,null,null,-0.000833663
0.994611,0.00546931,null,null,null
-0.121892,null,-0.0482555,null,null
-0.115354,null,null,0.0611845,null
-5.28649e-05,null,null,null,-0.000505984
0.994642,0.00592,null,null,null
-0.0836728,null,-0.013358,null,null
-0.0847794,null,null,0.0585161,null
0.00105037,null,null,null,-0.000900767
0.994642,0.00592,null,null,null
-0.0836728,null,-0.013358,null,null
-0.0847794,null,null,0.0585161,null
0.00105037,null,null,null,-0.000900767
0.994669,0.00704797,null,null,null
-0.0548146,null,-0.0140431,null,null
-0.0800447,null,null,0.110575,null
-0.00256718,null,null,null,-0.00239635
0.994669,0.00623705,null,null,null
-0.091458,null,-0.00060019,null,null
-0.064351,null,null,0.123451,null
0.00199109,null,null,null,-0.00169511
0.994701,0.00706784,null,null,null
-0.113539,null,-0.0250182,null,null
-0.123382,null,null,0.121422,null
-0.00145716,null,null,null,0.00127755
0.994671,0.00744516,null,null,null
-0.119417,null,-0.0193565,null,null
-0.0895864,null,null,0.153952,null
0.000173194,null,null,null,0.0010348
0.994671,0.00744516,null,null,null
-0.119417,null,-0.0193565,null,null
-0.0895864,null,null,0.153952,null
0.000173194,null,null,null,0.00103481
0.9947,0.00511199,null,null,null
-0.127858,null,0.019874,null,null
-0.0652166,null,null,0.212106,null
-0.00113863,null,null,null,-0.00429149
0.9947,0.00511199,null,null,null
-0.127858,null,0.019874,null,null
-0.0652166,null,null,0.212106,null
-0.00113863,null,null,null,-0.00429149
0.994633,0.00351,null,null,null
-0.124485,null,0.00414196,null,null
-0.132114,null,null,0.221436,null
-0.00147319,null,null,null,-0.00179819
0.994626,0.0019785,null,null,null
-0.0548226,null,-0.0359435,null,null
-0.104151,null,null,0.165599,null
0.00193789,null,null,null,-6.9955e-06
0.994691,0.00465665,null,null,null
-0.0331806,null,-0.00837524,null,null
-0.0856561,null,null,0.11754,null
0.00262019,null,null,null,-0.00282964
0.994696,0.00914369,null,null,null
-0.012732,null,0.00785241,null,null
-0.121056,null,null,0.153295,null
0.00459266,null,null,null,-0.00265859
0.994696,0.00914369,null,null,null
-0.012732,null,0.00785241,null,null
-0.121056,null,null,0.153295,null
0.00459266,null,null,null,-0.00265859
0.994679,0.00749269,null,null,null
0.00912141,null,-0.00142969,null,null
-0.1073,null,null,0.169636,null
0.00290925,null,null,null,-0.003934
0.994648,0.010245,null,null,null
0.0503226,null,-0.0124863,null,null
-0.223981,null,null,0.147526,null
0.0026987,null,null,null,-0.000718771
0.994591,0.0107947,null,null,null
0.0693093,null,-0.014024,null,null
-0.224065,null,null,0.182225,null
-0.00125511,null,null,null,-0.0023854
0.994591,0.0107947,null,null,null
0.0693093,null,-0.014024,null,null
-0.224065,null,null,0.182225,null
-0.00125511,null,null,null,-0.0023854
0.994591,0.0107947,null,null,null
0.0693093,null,-0.014024,null,null
-0.224065,null,null,0.182225,null
-0.00125511,null,null,null,-0.0023854
0.994591,0.0107947,null,null,null
0.0693093,null,-0.014024,null,null
-0.224065,null,null,0.182225,null
-0.00125511,null,null,null,-0.0023854
0.994634,0.00797426,null,null,null
0.042873,null,0.0177405,null,null
-0.195226,null,null,0.160146,null
0.000521028,null,null,null,-0.00336126
0.994604,0.00734408,null,null,null
0.0237282,null,0.0193884,null,null
-0.175229,null,null,0.08216,null
0.00180545,null,null,null,0.000127086
0.994676,0.00784134,null,null,null
-0.0141816,null,0.0287284,null,null
-0.179826,null,null,0.108692,null
0.00382486,null,null,null,-0.00106234
0.994629,0.00916969,null,null,null
-0.0084734,null,0.058361,null,null
-0.197379,null,null,0.114778,null
0.000437011,null,null,null,0.0025422
0.994705,0.00893865,null,null,null
0.00395036,null,0.0384868,null,null
-0.174554,null,null,0.123455,null
0.00177976,null,null,null,0.0016214
0.994705,0.00893865,null,null,null
0.00395036,null,0.0384868,null,null
-0.174554,null,null,0.123455,null
0.00177976,null,null,null,0.0016214
0.994586,0.0152059,null,null,null
0.0237635,null,0.0422783,null,null
-0.151804,null,null,0.118103,null
0.00164909,null,null,null,0.0015478
0.994548,0.0152514,null,null,null
0.0226359,null,0.0853297,null,null
-0.0896141,null,null,0.113367,null
0.00202837,null,null,null,0.00356381
0.994529,0.0143135,null,null,null
-0.0190092,null,0.0651215,null,null
-0.116884,null,null,0.0868566,null
0.00646491,null,null,null,-0.00693876
0.994584,0.0136273,null,null,null
-0.0286591,null,0.0116224,null,null
-0.164695,null,null,0.113642,null
0.00366691,null,null,null,-0.00587598
0.99453,0.0112268,null,null,null
-0.0284126,null,0.0296981,null,null
-0.142788,null,null,0.104563,null
-0.000188014,null,null,null,0.000361036
0.994601,0.00859194,null,null,null
0.00587767,null,0.0257841,null,null
-0.11166,null,null,0.114778,null
-9.59503e-05,null,null,null,-0.000125516
0.994586,0.0100989,null,null,null
0.0975626,null,-0.018308,null,null
-0.10374,null,null,0.157329,null
-0.00106658,null,null,null,-0.00221168
0.994637,0.00790091,null,null,null
0.102203,null,-0.0104902,null,null
-0.0882365,null,null,0.156388,null
0.0002129,null,null,null,-0.00329956
0.994637,0.00790091,null,null,null
0.102203,null,-0.0104902,null,null
-0.0882365,null,null,0.156388,null
0.0002129,null,null,null,-0.00329956
0.99463,0.00791607,null,null,null
0.0859751,null,-0.0272896,null,null
-0.136001,null,null,0.12861,null
0.00189125,null,null,null,-0.00153481
0.99463,0.00791607,null,null,null
0.0859751,null,-0.0272896,null,null
-0.136001,null,null,0.12861,null
0.00189125,null,null,null,-0.00153481
0.99463,0.00791607,null,null,null
0.0859751,null,-0.0272896,null,null
-0.136001,null,null,0.12861,null
0.00189125,null,null,null,-0.00153481
0.99463,0.00791607,null,null,null
0.0859751,null,-0.0272896,null,null
-0.136001,null,null,0.12861,null
0.00189125,null,null,null,-0.00153481
0.994644,0.00345786,null,null,null
0.0292967,null,-0.0582426,null,null
-0.124051,null,null,0.111974,null
-0.000769606,null,null,null,-0.000766762
0.994644,0.00345786,null,null,null
0.0292967,null,-0.0582426,null,null
-0.124051,null,null,0.111974,null
-0.000769606,null,null,null,-0.000766762
0.994644,0.00345786,null,null,null
0.0292967,null,-0.0582426,null,null
-0.124051,null,null,0.111974,null
-0.000769606,null,null,null,-0.000766762
0.994592,0.00466424,null,null,null
-0.029933,null,-0.049565,null,null
-0.15591,null,null,0.126138,null
0.000421708,null,null,null,-0.00247702
0.994592,0.00466424,null,null,null
-0.029933,null,-0.049565,null,null
-0.15591,null,null,0.126138,null
0.000421708,null,null,null,-0.00247702
0.994592,0.00466424,null,null,null
-0.029933,null,-0.049565,null,null
-0.15591,null,null,0.126138,null
0.000421708,null,null,null,-0.00247702
0.994592,0.00466424,null,null,null
-0.029933,null,-0.049565,null,null
-0.15591,null,null,0.126138,null
0.000421708,null,null,null,-0.00247702
0.994592,0.00466424,null,null,null
-0.029933,null,-0.049565,null,null
-0.15591,null,null,0.126138,null
0.000421708,null,null,null,-0.00247702
0.994568,0.00492918,null,null,null
-0.0149575,null,-0.0804745,null,null
-0.13784,null,null,0.166412,null
-0.00146586,null,null,null,8.92064e-05
0.994568,0.00492918,null,null,null
-0.0149575,null,-0.0804745,null,null
-0.13784,null,null,0.166412,null
-0.00146586,null,null,null,8.92064e-05
0.994624,0.00398408,null,null,null
0.0684816,null,-0.085913,null,null
-0.117219,null,null,0.147308,null
-0.000108233,null,null,null,0.000670174
0.994624,0.00398408,null,null,null
0.0684816,null,-0.085913,null,null
-0.117219,null,null,0.147308,null
-0.000108233,null,null,null,0.000670174
0.994624,0.00398408,null,null,null
0.0684816,null,-0.085913,null,null
-0.117219,null,null,0.147308,null
-0.000108233,null,null,null,0.000670174
0.994695,0.00484131,null,null,null
0.0768564,null,-0.101766,null,null
-0.122287,null,null,0.190029,null
-0.00312048,null,null,null,0.00238263
0.994687,0.00535129,null,null,null
0.10693,null,-0.118086,null,null
-0.142399,null,null,0.176856,null
-0.00366928,null,null,null,0.00312402
0.994641,0.00491341,null,null,null
0.0522339,null,-0.0777298,null,null
-0.0579334,null,null,0.15178,null
-0.00216685,null,null,null,0.00386952
0.994659,0.0017788,null,null,null
0.0666011,null,-0.0934825,null,null
-0.0526461,null,null,0.183289,null
0.00116414,null,null,null,0.00220239
0.994681,-0.00143446,null,null,null
0.106663,null,-0.057476,null,null
-0.0038142,null,null,0.179468,null
-0.00257442,null,null,null,0.00610764
0.994681,-0.00143446,null,null,null
0.106663,null,-0.057476,null,null
-0.0038142,null,null,0.179468,null
-0.00257442,null,null,null,0.00610764
0.994679,-0.00252586,null,null,null
0.0687428,null,-0.0897289,null,null
0.0012949,null,null,0.16839,null
-0.00117981,null,null,null,-0.00352446
0.994679,-0.00252586,null,null,null
0.0687428,null,-0.0897289,null,null
0.0012949,null,null,0.16839,null
-0.00117981,null,null,null,-0.00352446
0.994672,-0.00355099,null,null,null
0.131636,null,-0.0778704,null,null
-0.0300141,null,null,0.173506,null
-0.0025583,null,null,null,-0.00336168
0.994672,-0.00355099,null,null,null
0.131636,null,-0.0778704,null,null
-0.0300141,null,null,0.173506,null
-0.0025583,null,null,null,-0.00336168
0.994633,-0.00105154,null,null,null
0.100291,null,-0.0390088,null,null
-0.0692429,null,null,0.212372,null
0.000757299,null,null,null,0.00338556
0.994633,-0.00105154,null,null,null
0.100291,null,-0.0390088,null,null
-0.0692429,null,null,0.212372,null
0.000757299,null,null,null,0.00338556
0.994633,-0.00105154,null,null,null
0.100291,null,-0.0390088,null,null
-0.0692429,null,null,0.212372,null
0.000757299,null,null,null,0.00338556
0.994649,0.000278601,null,null,null
0.108369,null,-0.0102316,null,null
-0.0553951,null,null,0.187444,null
-0.00200131,null,null,null,-5.22851e-06
0.994649,0.000278601,null,null,null
0.108369,null,-0.0102316,null,null
-0.0553951,null,null,0.187444,null
-0.0020013,null,null,null,-5.22831e-06
0.994649,0.000278601,null,null,null
0.108369,null,-0.0102316,null,null
-0.0553951,null,null,0.187444,null
-0.0020013,null,null,null,-5.22831e-06
0.99466,-0.00117846,null,null,null
0.0863654,null,-0.0212365,null,null
-0.0496884,null,null,0.192527,null
-0.00473153,null,null,null,0.00287775
0.99466,-0.00117846,null,null,null
0.0863654,null,-0.0212365,null,null
-0.0496884,null,null,0.192527,null
-0.00473153,null,null,null,0.00287775
0.9947,-0.000181074,null,null,null
0.0480396,null,-0.0306818,null,null
-0.0272613,null,null,0.188464,null
-0.00128338,null,null,null,0.00523521
0.994621,0.00132825,null,null,null
0.0620786,null,-0.0835596,null,null
-0.0443347,null,null,0.178536,null
-0.000929359,null,null,null,0.00129566
0.994726,0.00439156,null,null,null
0.036058,null,-0.0619821,null,null
-0.089656,null,null,0.143796,null
-0.00243509,null,null,null,-8.45703e-05
0.99465,0.00299576,null,null,null
-0.00191726,null,-0.0475541,null,null
-0.0788092,null,null,0.169572,null
-0.000832679,null,null,null,0.00106336
0.99465,0.00299576,null,null,null
-0.00191726,null,-0.0475541,null,null
-0.0788092,null,null,0.169572,null
-0.000832679,null,null,null,0.00106336
0.99465,0.00299576,null,null,null
-0.00191726,null,-0.0475541,null,null
-0.0788092,null,null,0.169572,null
-0.000832679,null,null,null,0.00106336
0.994618,0.00645956,null,null,null
0.0182821,null,-0.0562649,null,null
-0.125539,null,null,0.12613,null
-0.00200836,null,null,null,-0.000895223
0.994565,0.00711943,null,null,null
0.0548376,null,-0.0863954,null,null
-0.101147,null,null,0.162471,null
-0.00166482,null,null,null,0.00072162
0.99461,0.00481776,null,null,null
0.0574464,null,-0.065825,null,null
-0.129175,null,null,0.174393,null
-0.0029355,null,null,null,-0.000990921
0.994614,0.00859335,null,null,null
0.0309607,null,-0.0709206,null,null
-0.105815,null,null,0.138098,null
-0.00242364,null,null,null,-0.000840376
0.994619,0.012029,null,null,null
0.0745906,null,-0.0837637,null,null
-0.130356,null,null,0.129098,null
-0.000669731,null,null,null,-0.00299805
0.994575,0.0150566,null,null,null
0.0373429,null,-0.127815,null,null
-0.146787,null,null,0.0996067,null
0.00480268,null,null,null,0.000323272
0.994575,0.0150566,null,null,null
0.0373429,null,-0.127815,null,null
-0.146787,null,null,0.0996067,null
0.00480268,null,null,null,0.000323272
0.994591,0.0159267,null,null,null
0.0552246,null,-0.122997,null,null
-0.148574,null,null,0.0607302,null
0.00212279,null,null,null,-0.00440391
0.994757,0.0108748,null,null,null
0.0477546,null,-0.138151,null,null
-0.135275,null,null,0.106261,null
0.00074988,null,null,null,-0.000863396
0.994622,0.0138375,null,null,null
0.034251,null,-0.128046,null,null
-0.133298,null,null,0.0874007,null
-0.000860028,null,null,null,0.00290884
0.994685,0.0134407,null,null,null
0.058593,null,-0.0886329,null,null
-0.137014,null,null,0.102493,null
-0.000915577,null,null,null,0.00523048
0.994659,0.0118212,null,null,null
0.0313937,null,-0.134685,null,null
-0.109806,null,null,0.106371,null
-0.0016975,null,null,null,0.00208004
0.994659,0.0118212,null,null,null
0.0313937,null,-0.134685,null,null
-0.109806,null,null,0.106371,null
-0.0016975,null,null,null,0.00208004
0.994659,0.0118212,null,null,null
0.0313937,null,-0.134685,null,null
-0.109806,null,null,0.106371,null
-0.0016975,null,null,null,0.00208004
0.994659,0.0118212,null,null,null
0.0313937,null,-0.134685,null,null
-0.109806,null,null,0.106371,null
-0.0016975,null,null,null,0.00208004
0.994659,0.0118212,null,null,null
0.0313937,null,-0.134685,null,null
-0.109806,null,null,0.106371,null
-0.0016975,null,null,null,0.00208004
0.994622,0.00980176,null,null,null
0.0378896,null,-0.0730119,null,null
-0.104814,null,null,0.11262,null
-0.00126311,null,null,null,-0.00224426
0.994669,0.0103356,null,null,null
0.0175933,null,-0.0984636,null,null
-0.03932,null,null,0.0988666,null
0.00311082,null,null,null,0.000301835
0.994704,0.00883684,null,null,null
0.00771131,null,-0.0533667,null,null
-0.0348928,null,null,0.0908516,null
0.00568032,null,null,null,-0.000439402
0.994675,0.00835334,null,null,null
-0.0149569,null,0.0102544,null,null
-0.0337365,null,null,0.110935,null
0.00126567,null,null,null,0.00121059
0.994624,0.0127219,null,null,null
-0.0673314,null,-0.0417579,null,null
-0.0333881,null,null,0.0499728,null
0.00378831,null,null,null,-0.00320039
0.994601,0.012277,null,null,null
-0.0282614,null,-0.0342025,null,null
-0.0520351,null,null,0.0785874,null
0.000767418,null,null,null,-0.00428525
0.994637,0.00812932,null,null,null
0.0207741,null,-0.0111448,null,null
-0.019693,null,null,0.0657794,null
0.000864335,null,null,null,-0.00297865
0.994633,0.00628869,null,null,null
0.0469067,null,-0.0229078,null,null
-0.0516084,null,null,0.0938676,null
0.00136549,null,null,null,-0.00183941
0.994633,0.00628869,null,null,null
0.0469067,null,-0.0229078,null,null
-0.0516084,null,null,0.0938676,null
0.00136549,null,null,null,-0.00183941
0.994639,0.00740692,null,null,null
0.0708754,null,-0.0185991,null,null
-0.0522133,null,null,0.0392509,null
0.00599633,null,null,null,-0.00493896
0.994677,0.00978683,null,null,null
0.0581318,null,0.00762371,null,null
-0.0219993,null,null,0.052664,null
0.00315379,null,null,null,-0.00768662
0.994677,0.00978683,null,null,null
0.0581318,null,0.00762371,null,null
-0.0219993,null,null,0.052664,null
0.00315379,null,null,null,-0.00768662
0.994677,0.00978683,null,null,null
0.0581318,null,0.00762371,null,null
-0.0219993,null,null,0.052664,null
0.00315379,null,null,null,-0.00768662
0.99473,0.00814314,null,null,null
0.0842575,null,-0.0751051,null,null
-0.0816254,null,null,0.00164596,null
0.00287142,null,null,null,-0.0020946
0.99473,0.00814314,null,null,null
0.0842575,null,-0.0751051,null,null
-0.0816254,null,null,0.00164596,null
0.00287142,null,null,null,-0.0020946
0.99473,0.00814314,null,null,null
0.0842575,null,-0.0751051,null,null
-0.0816254,null,null,0.00164596,null
0.00287142,null,null,null,-0.0020946
0.994739,0.00608184,null,null,null
0.0603865,null,-0.0687158,null,null
-0.0326799,null,null,-0.00680249,null
0.00110991,null,null,null,-0.000188856
0.994784,0.00702595,null,null,null
0.108134,null,-0.0602427,null,null
-0.059711,null,null,-0.0204396,null
0.00223921,null,null,null,0.00349694
0.994784,0.00702595,null,null,null
0.108134,null,-0.0602427,null,null
-0.059711,null,null,-0.0204396,null
0.00223921,null,null,null,0.00349694
0.994685,0.00837265,null,null,null
0.098218,null,-0.0457166,null,null
-0.0606013,null,null,-0.000374929,null
0.000322823,null,null,null,0.00335233
0.994736,0.0053495,null,null,null
0.120402,null,-0.0233425,null,null
-0.0129137,null,null,-0.025303,null
0.00114642,null,null,null,-0.0026413
0.994736,0.0053495,null,null,null
0.120402,null,-0.0233425,null,null
-0.0129137,null,null,-0.025303,null
0.00114642,null,null,null,-0.0026413
0.994719,0.00816579,null,null,null
0.0797399,null,-0.0347376,null,null
-0.0118128,null,null,-0.0052076,null
-0.000487891,null,null,null,-0.00103722
0.994719,0.00816579,null,null,null
0.0797399,null,-0.0347376,null,null
-0.0118128,null,null,-0.0052076,null
-0.000487891,null,null,null,-0.00103722
0.994677,0.00700605,null,null,null
0.0379984,null,-0.015827,null,null
-0.00341355,null,null,0.0183349,null
0.000768914,null,null,null,-0.00172142
0.994677,0.00700605,null,null,null
0.0379984,null,-0.015827,null,null
-0.00341355,null,null,0.0183349,null
0.000768914,null,null,null,-0.00172142
0.994677,0.00700605,null,null,null
0.0379984,null,-0.015827,null,null
-0.00341355,null,null,0.0183349,null
0.000768914,null,null,null,-0.00172142
0.994677,0.00700605,null,null,null
0.0379984,null,-0.015827,null,null
-0.00341355,null,null,0.0183349,null
0.000768914,null,null,null,-0.00172142
0.994712,0.00272395,null,null,null
0.0453079,null,-0.0165143,null,null
-0.0661749,null,null,0.0653361,null
-0.00133401,null,null,null,0.00204891
0.994677,0.00701474,null,null,null
0.0752712,null,-0.055547,null,null
-0.0233304,null,null,0.0742783,null
-0.000820063,null,null,null,0.00201404
0.99474,0.00569049,null,null,null
0.0852668,null,-0.0915477,null,null
-0.0591177,null,null,0.0612006,null
4.57481e-05,null,null,null,0.0012885
0.99474,0.00569049,null,null,null
0.0852668,null,-0.0915477,null,null
-0.0591177,null,null,0.0612006,null
4.57481e-05,null,null,null,0.0012885
0.99474,0.0066267,null,null,null
0.0780659,null,-0.0471089,null,null
-0.0622206,null,null,0.0468339,null
-0.00191898,null,null,null,-0.000298011
0.994738,0.00694128,null,null,null
0.0955716,null,-0.100081,null,null
-0.0505488,null,null,0.0697482,null
-0.00115094,null,null,null,0.000995477
0.994726,0.00818149,null,null,null
0.0385454,null,-0.126925,null,null
-0.0864839,null,null,0.00230569,null
0.003304,null,null,null,-0.000887272
0.994683,0.00909586,null,null,null
0.0440393,null,-0.111525,null,null
-0.075,null,null,0.0336267,null
0.000908536,null,null,null,0.000306511
0.99471,0.00782989,null,null,null
0.0265994,null,-0.0978201,null,null
-0.102245,null,null,0.0111708,null
-0.00107402,null,null,null,0.00384155
0.994689,0.00511689,null,null,null
0.000541334,null,-0.113185,null,null
-0.0643769,null,null,0.0853931,null
0.00392072,null,null,null,-5.34584e-05
0.994689,0.00511689,null,null,null
0.000541334,null,-0.113185,null,null
-0.0643769,null,null,0.0853931,null
0.00392072,null,null,null,-5.34584e-05
0.994689,0.00511689,null,null,null
0.000541334,null,-0.113185,null,null
-0.0643769,null,null,0.0853931,null
0.00392072,null,null,null,-5.34584e-05
0.994689,0.00511689,null,null,null
0.000541334,null,-0.113185,null,null
-0.0643769,null,null,0.0853931,null
0.00392072,null,null,null,-5.34584e-05
0.994692,0.00291703,null,null,null
-0.0402124,null,-0.15812,null,null
-0.0630345,null,null,0.0612453,null
0.00302107,null,null,null,0.00364773
0.994733,0.00216108,null,null,null
-0.0611032,null,-0.124827,null,null
-0.0596469,null,null,0.0816231,null
0.00245,null,null,null,0.00074398
0.994733,0.00216108,null,null,null
-0.0611032,null,-0.124827,null,null
-0.0596469,null,null,0.0816231,null
0.00245,null,null,null,0.00074398
0.994768,0.0002522,null,null,null
-0.0307794,null,-0.0613848,null,null
-0.036669,null,null,0.141818,null
-0.000124186,null,null,null,-0.000243817
0.994768,0.0002522,null,null,null
-0.0307794,null,-0.0613848,null,null
-0.036669,null,null,0.141818,null
-0.000124186,null,null,null,-0.000243817
0.994768,0.0002522,null,null,null
-0.0307794,null,-0.0613848,null,null
-0.036669,null,null,0.141818,null
-0.000124186,null,null,null,-0.000243817
0.99478,0.00250016,null,null,null
-0.0254839,null,-0.114551,null,null
-0.0297695,null,null,0.158317,null
0.00111003,null,null,null,0.00185439
0.994766,0.00258705,null,null,null
-0.0348412,null,-0.0752296,null,null
-0.0926584,null,null,0.149317,null
0.0016767,null,null,null,0.000521982
0.994766,0.00258705,null,null,null
-0.0348412,null,-0.0752296,null,null
-0.0926584,null,null,0.149317,null
0.0016767,null,null,null,0.000521982
0.994842,0.000930692,null,null,null
-0.0330018,null,-0.0686479,null,null
-0.0456643,null,null,0.181239,null
0.000287379,null,null,null,-0.000808646
0.994842,0.000930692,null,null,null
-0.0330018,null,-0.0686479,null,null
-0.0456643,null,null,0.181239,null
0.000287379,null,null,null,-0.000808646
0.994842,0.000930692,null,null,null
-0.0330018,null,-0.0686479,null,null
-0.0456643,null,null,0.181239,null
0.000287379,null,null,null,-0.000808646
0.994842,0.000930692,null,null,null
-0.0330018,null,-0.0686479,null,null
-0.0456643,null,null,0.181239,null
0.000287379,null,null,null,-0.000808646
0.9948,0.000185401,null,null,null
-0.0248844,null,-0.0394818,null,null
-0.0399627,null,null,0.104977,null
-0.000925899,null,null,null,-0.00214821
0.994769,-3.02689e-05,null,null,null
-0.00610534,null,-0.0284194,null,null
-0.0333577,null,null,0.146125,null
-0.00533361,null,null,null,-0.00218464
0.994812,-0.00267364,null,null,null
-0.0443845,null,-0.0683841,null,null
-0.0156654,null,null,0.136472,null
0.000543833,null,null,null,-0.000792098
0.994812,-0.00267364,null,null,null
-0.0443845,null,-0.0683841,null,null
-0.0156654,null,null,0.136472,null
0.000543833,null,null,null,-0.000792098
0.994772,-0.00315263,null,null,null
-0.0250921,null,-0.0903046,null,null
-0.060757,null,null,0.152149,null
-0.00488946,null,null,null,0.000384309
0.994785,-0.00123168,null,null,null
-0.00864842,null,-0.149423,null,null
-0.0354525,null,null,0.109731,null
-0.00413265,null,null,null,-0.00122137
0.994785,-0.00123168,null,null,null
-0.00864842,null,-0.149423,null,null
-0.0354525,null,null,0.109731,null
-0.00413265,null,null,null,-0.00122137
0.994784,-0.00438137,null,null,null
0.0280873,null,-0.0599787,null,null
-0.0152477,null,null,0.166807,null
-0.00241475,null,null,null,-0.0016202
0.994784,-0.00438137,null,null,null
0.0280873,null,-0.0599787,null,null
-0.0152477,null,null,0.166807,null
-0.00241475,null,null,null,-0.0016202
0.994833,-0.00288036,null,null,null
-0.0192134,null,0.00365408,null,null
0.0179576,null,null,0.128579,null
-0.000127931,null,null,null,-0.00243767
0.994839,-0.00190837,null,null,null
-0.0337186,null,-0.0241256,null,null
0.0200409,null,null,0.172875,null
-0.000767792,null,null,null,0.00150227
0.994839,-0.00190837,null,null,null
-0.0337186,null,-0.0241256,null,null
0.0200409,null,null,0.172875,null
-0.000767792,null,null,null,0.00150227
0.99477,-0.00150515,null,null,null
-0.0462743,null,-0.0661979,null,null
-0.0195421,null,null,0.134416,null
-0.000339082,null,null,null,0.00179029
0.99477,-0.00150515,null,null,null
-0.0462743,null,-0.0661979,null,null
-0.0195421,null,null,0.134416,null
-0.000339082,null,null,null,0.00179029
0.994759,0.000796639,null,null,null
-0.03549,null,-0.0701325,null,null
0.0207692,null,null,0.1547,null
0.00210625,null,null,null,0.00123168
0.99478,0.00118654,null,null,null
-0.0443135,null,-0.012646,null,null
0.015354,null,null,0.213635,null
0.000194374,null,null,null,0.00148737
0.99478,0.00118654,null,null,null
-0.0443135,null,-0.012646,null,null
0.015354,null,null,0.213635,null
0.000194374,null,null,null,0.00148737
0.994719,-0.00241938,null,null,null
-0.0574604,null,-0.00373502,null,null
-0.0161606,null,null,0.221777,null
0.000981699,null,null,null,0.00049652
0.994719,-0.00241938,null,null,null
-0.0574604,null,-0.00373502,null,null
-0.0161606,null,null,0.221777,null
0.000981699,null,null,null,0.00049652
0.9947,0.000253227,null,null,null
-0.0451298,null,0.000646,null,null
-0.066769,null,null,0.216812,null
-0.00118943,null,null,null,0.000154553
0.99474,0.00208021,null,null,null
-0.0488488,null,-0.0180557,null,null
-0.0762738,null,null,0.186663,null
0.000105412,null,null,null,0.00489291
0.994663,0.000828096,null,null,null
-0.069584,null,0.0013622,null,null
-0.0518124,null,null,0.170813,null
-0.00285796,null,null,null,0.00239959
0.994669,0.00139227,null,null,null
-0.0674837,null,-0.0128239,null,null
-0.07011,null,null,0.155477,null
-0.00463636,null,null,null,0.000622029
0.994731,-0.00120519,null,null,null
-0.0139937,null,0.0126969,null,null
-0.0944296,null,null,0.137419,null
-0.00100031,null,null,null,-0.0012493
0.99466,-0.00274837,null,null,null
0.00848296,null,0.031468,null,null
-0.0607162,null,null,0.143619,null
0.00237101,null,null,null,-0.00412771
0.994685,-0.00508803,null,null,null
-0.00401856,null,0.0497249,null,null
-0.072899,null,null,0.148916,null
0.00177236,null,null,null,-0.00200233
0.994649,-0.00578566,null,null,null
-0.0241792,null,0.001504,null,null
-0.0539159,null,null,0.114111,null
0.00295108,null,null,null,-0.00268822
0.994649,-0.00578566,null,null,null
-0.0241792,null,0.001504,null,null
-0.0539159,null,null,0.114111,null
0.00295108,null,null,null,-0.00268822
0.994649,-0.00578566,null,null,null
-0.0241792,null,0.001504,null,null
-0.0539159,null,null,0.114111,null
0.00295108,null,null,null,-0.00268822
0.994611,-0.0107873,null,null,null
-0.0281439,null,-0.00185447,null,null
-0.0705418,null,null,0.122113,null
0.00113193,null,null,null,-0.00145989
0.994611,-0.0107873,null,null,null
-0.0281439,null,-0.00185447,null,null
-0.0705418,null,null,0.122113,null
0.00113193,null,null,null,-0.00145989
0.99466,-0.0101975,null,null,null
-0.016931,null,0.0210247,null,null
-0.0576475,null,null,0.122175,null
-0.00294065,null,null,null,-0.00172471
0.994704,-0.00526753,null,null,null
-0.00267541,null,0.0555395,null,null
-0.0599428,null,null,0.102122,null
-0.00316103,null,null,null,0.00045624
0.99464,-0.00763476,null,null,null
-0.0400693,null,0.00136985,null,null
-0.102776,null,null,0.152523,null
-0.000857556,null,null,null,-0.000756006
0.994646,-0.00618436,null,null,null
-0.0769471,null,-0.0278424,null,null
-0.0705224,null,null,0.138283,null
0.00189994,null,null,null,-0.00186057
0.994646,-0.00618436,null,null,null
-0.0769471,null,-0.0278424,null,null
-0.0705224,null,null,0.138283,null
0.00189994,null,null,null,-0.00186057
0.994646,-0.00618436,null,null,null
-0.0769471,null,-0.0278424,null,null
-0.0705224,null,null,0.138283,null
0.00189994,null,null,null,-0.00186057
0.994619,-0.00733691,null,null,null
-0.11351,null,0.0393805,null,null
-0.0619005,null,null,0.0859546,null
0.00116164,null,null,null,-0.00287954
0.994619,-0.00733691,null,null,null
-0.11351,null,0.0393805,null,null
-0.0619005,null,null,0.0859546,null
0.00116164,null,null,null,-0.00287954
0.994627,-0.00643964,null,null,null
-0.128795,null,0.0218354,null,null
-0.0451097,null,null,0.0926533,null
-0.000634576,null,null,null,-0.00176677
0.99459,-0.00586187,null,null,null
-0.128835,null,-0.0121631,null,null
-0.00233516,null,null,0.0613999,null
0.00359239,null,null,null,0.000805155
0.99459,-0.00586187,null,null,null
-0.128835,null,-0.0121631,null,null
-0.00233516,null,null,0.0613999,null
0.00359239,null,null,null,0.000805155
0.99459,-0.00586187,null,null,null
-0.128835,null,-0.0121631,null,null
-0.00233516,null,null,0.0613999,null
0.00359239,null,null,null,0.000805155
0.9946,0.000157291,null,null,null
-0.147784,null,-0.0165306,null,null
0.0297609,null,null,0.0979663,null
0.00132506,null,null,null,-0.000278595
0.9946,0.000157291,null,null,null
-0.147784,null,-0.0165306,null,null
0.0297609,null,null,0.0979663,null
0.00132506,null,null,null,-0.000278595
0.994687,-0.000422126,null,null,null
-0.164905,null,0.0271137,null,null
0.0105135,null,null,0.0999659,null
-0.000104041,null,null,null,-0.00085977
0.994687,-0.000422126,null,null,null
-0.164905,null,0.0271137,null,null
0.0105135,null,null,0.0999659,null
-0.000104041,null,null,null,-0.00085977
0.99476,0.000627368,null,null,null
-0.148544,null,-0.019196,null,null
-0.015626,null,null,0.107482,null
-0.000823672,null,null,null,-0.00119605
0.994736,-0.00165035,null,null,null
-0.147001,null,-0.031579,null,null
-0.0287498,null,null,0.0761737,null
0.00158661,null,null,null,0.001486
0.994706,0.000625323,null,null,null
-0.17231,null,0.011255,null,null
-0.0166738,null,null,0.0774456,null
0.00132169,null,null,null,-0.00235345
0.994674,0.00107025,null,null,null
-0.142446,null,0.0550858,null,null
-0.006589,null,null,0.094332,null
0.00468561,null,null,null,0.00221595
0.99464,0.00172399,null,null,null
-0.142096,null,-0.00695875,null,null
-0.0178121,null,null,0.110875,null
0.00319807,null,null,null,0.00273388
0.994729,0.00137426,null,null,null
-0.186985,null,0.0532707,null,null
-0.0198035,null,null,0.107444,null
-0.000812926,null,null,null,0.00388716
0.994726,0.00192267,null,null,null
-0.162139,null,0.0737865,null,null
-0.00255991,null,null,0.0543609,null
0.000239526,null,null,null,0.00289679
0.994726,0.00192267,null,null,null
-0.162139,null,0.0737865,null,null
-0.00255991,null,null,0.0543609,null
0.000239526,null,null,null,0.00289679
0.994698,0.00168155,null,null,null
-0.0708132,null,0.0925819,null,null
0.0341014,null,null,0.058553,null
0.000803587,null,null,null,0.00247408
0.994711,-0.000152931,null,null,null
-0.0856541,null,0.0906251,null,null
-0.0107192,null,null,0.0968311,null
0.000263844,null,null,null,-0.000509033
0.994734,-0.000845447,null,null,null
-0.0662603,null,0.117064,null,null
0.013803,null,null,0.10481,null
0.00112985,null,null,null,0.00383031
0.994734,-0.000845447,null,null,null
-0.0662603,null,0.117064,null,null
0.013803,null,null,0.10481,null
0.00112985,null,null,null,0.00383031
0.994706,-0.00124071,null,null,null
-0.0877764,null,0.128005,null,null
-0.0103536,null,null,0.0432442,null
0.000312273,null,null,null,0.000363467
0.994706,-0.00124071,null,null,null
-0.0877764,null,0.128005,null,null
-0.0103536,null,null,0.0432442,null
0.000312273,null,null,null,0.000363467
0.994679,0.000251558,null,null,null
-0.100277,null,0.0865981,null,null
0.00896871,null,null,0.0855065,null
0.00772517,null,null,null,-0.00343974
0.994656,0.00206621,null,null,null
-0.118374,null,0.0662004,null,null
0.0542222,null,null,0.0316188,null
0.00104738,null,null,null,-0.00136639
0.994642,0.00418361,null,null,null
-0.118538,null,0.0254081,null,null
0.0465715,null,null,0.0192047,null
0.00141883,null,null,null,-0.00207371
0.994694,0.00491141,null,null,null
-0.100487,null,0.00135709,null,null
0.0604944,null,null,0.0299279,null
0.00128654,null,null,null,-0.00114946
0.994695,0.00524929,null,null,null
-0.0896051,null,0.00615942,null,null
0.0776981,null,null,0.0253036,null
0.0017569,null,null,null,-0.00171435
0.994695,0.00524929,null,null,null
-0.0896051,null,0.00615942,null,null
0.0776981,null,null,0.0253036,null
0.0017569,null,null,null,-0.00171435
0.994695,0.00524929,null,null,null
-0.0896051,null,0.00615942,null,null
0.0776981,null,null,0.0253036,null
0.0017569,null,null,null,-0.00171435
0.994695,0.00524929,null,null,null
-0.0896051,null,0.00615942,null,null
0.0776981,null,null,0.0253036,null
0.0017569,null,null,null,-0.00171435
0.994695,0.00524929,null,null,null
-0.0896051,null,0.00615942,null,null
0.0776981,null,null,0.0253036,null
0.0017569,null,null,null,-0.00171435
0.994695,0.00524929,null,null,null
-0.0896051,null,0.00615942,null,null
0.0776981,null,null,0.0253036,null
0.0017569,null,null,null,-0.00171435
0.994724,0.00330271,null,null,null
-0.0689284,null,-0.0214749,null,null
0.0607538,null,null,0.000342058,null
0.00125925,null,null,null,0.00280364
0.994646,0.00179029,null,null,null
-0.102104,null,0.0638904,null,null
0.0655086,null,null,-0.00352872,null
-0.00330771,null,null,null,-4.74502e-05
0.994569,0.00178401,null,null,null
-0.0721536,null,-0.0306721,null,null
0.0430729,null,null,0.0272818,null
-0.00196135,null,null,null,0.000931652
0.994598,-0.000122938,null,null,null
-0.0842314,null,0.0256505,null,null
0.0472966,null,null,0.0314859,null
0.000229706,null,null,null,-0.0022799
0.994555,0.00262235,null,null,null
-0.101404,null,0.0363156,null,null
0.0511892,null,null,0.0808239,null
0.00252361,null,null,null,-0.0029964
0.994555,0.00262235,null,null,null
-0.101404,null,0.0363156,null,null
0.0511892,null,null,0.0808239,null
0.00252361,null,null,null,-0.0029964
0.994583,0.00268891,null,null,null
-0.0828337,null,0.011075,null,null
0.0355539,null,null,0.09735,null
0.00317221,null,null,null,-0.00152615
0.994599,0.00203002,null,null,null
-0.0716523,null,-0.0135836,null,null
0.028226,null,null,0.0420377,null
0.00249671,null,null,null,-0.000447501
0.994599,0.00203002,null,null,null
-0.0716523,null,-0.0135836,null,null
0.028226,null,null,0.0420377,null
0.00249671,null,null,null,-0.000447501
0.994596,0.00219344,null,null,null
-0.0724345,null,-0.0186546,null,null
0.00495787,null,null,0.0324788,null
0.00553721,null,null,null,0.00213233
0.994596,0.00219344,null,null,null
-0.0724345,null,-0.0186546,null,null
0.00495787,null,null,0.0324788,null
0.00553721,null,null,null,0.00213233
0.994586,0.00290798,null,null,null
-0.0358414,null,0.0171687,null,null
0.0159351,null,null,0.0243256,null
0.00194447,null,null,null,0.00176401
0.994594,-0.000798125,null,null,null
-0.00491349,null,0.053793,null,null
0.0251191,null,null,0.0327324,null
0.00173369,null,null,null,0.00209736
0.994594,-0.000798125,null,null,null
-0.00491349,null,0.053793,null,null
0.0251191,null,null,0.0327324,null
0.00173369,null,null,null,0.00209736
0.994622,-0.00235207,null,null,null
0.0375486,null,0.0198853,null,null
-0.0401414,null,null,-0.0155823,null
0.00283952,null,null,null,-0.000898565
0.994622,-0.00235207,null,null,null
0.0375486,null,0.0198853,null,null
-0.0401414,null,null,-0.0155823,null
0.00283952,null,null,null,-0.000898565
0.994589,-0.000879137,null,null,null
0.00330907,null,-0.00503665,null,null
-0.0126482,null,null,-0.0684817,null
-0.000921509,null,null,null,-5.64843e-05
0.994589,-0.000879137,null,null,null
0.00330907,null,-0.00503665,null,null
-0.0126482,null,null,-0.0684817,null
-0.000921509,null,null,null,-5.64843e-05
0.994589,-0.000879137,null,null,null
0.00330907,null,-0.00503665,null,null
-0.0126482,null,null,-0.0684817,null
-0.000921509,null,null,null,-5.64843e-05
0.994627,-0.00513077,null,null,null
-0.00368185,null,-0.013337,null,null
-0.0254935,null,null,-0.0609884,null
-0.00234174,null,null,null,-0.00104574
0.994589,-0.00288697,null,null,null
-0.012036,null,-0.0450474,null,null
-0.0526346,null,null,-0.0852084,null
0.000231544,null,null,null,0.00158347
0.994613,-0.00342376,null,null,null
0.0301021,null,-0.0465281,null,null
-0.0274489,null,null,-0.0874147,null
-0.00282074,null,null,null,-0.00138944
0.994536,-0.0006112,null,null,null
-0.0342853,null,-0.0434442,null,null
-0.03178,null,null,-0.113139,null
0.000257572,null,null,null,-0.00362191
0.99456,0.000592101,null,null,null
-0.0128503,null,-0.00363182,null,null
-0.0120801,null,null,-0.0441547,null
0.000975171,null,null,null,-0.00372116
0.99456,0.000592101,null,null,null
-0.0128503,null,-0.00363182,null,null
-0.0120801,null,null,-0.0441547,null
0.000975171,null,null,null,-0.00372116
0.994569,-0.000510498,null,null,null
0.0220615,null,0.0854239,null,null
0.0189318,null,null,-0.048656,null
0.00198127,null,null,null,-0.000752234
0.994649,0.000694256,null,null,null
0.0294545,null,0.0501542,null,null
0.00076533,null,null,-0.0886735,null
0.00100626,null,null,null,-0.000697681
0.994649,0.000694256,null,null,null
0.0294545,null,0.0501542,null,null
0.00076533,null,null,-0.0886735,null
0.00100626,null,null,null,-0.000697681
0.994648,0.00347955,null,null,null
0.01899,null,0.081578,null,null
-0.058273,null,null,-0.0707934,null
0.00153099,null,null,null,0.00114244
0.994648,0.00347955,null,null,null
0.01899,null,0.081578,null,null
-0.058273,null,null,-0.0707934,null
0.00153099,null,null,null,0.00114244
0.994648,0.00347955,null,null,null
0.01899,null,0.081578,null,null
-0.058273,null,null,-0.0707934,null
0.00153099,null,null,null,0.00114244
0.99466,0.0027502,null,null,null
0.0222491,null,0.0775296,null,null
-0.0444027,null,null,-0.062198,null
-0.00144567,null,null,null,-0.000410389
0.994655,0.00341154,null,null,null
0.000454516,null,0.0939035,null,null
-0.0616106,null,null,-0.075834,null
-0.00228606,null,null,null,-0.00128031
0.994654,0.00392249,null,null,null
0.010002,null,0.0904784,null,null
-0.0240674,null,null,-0.0963013,null
0.000934795,null,null,null,0.00544133
0.994666,0.00528755,null,null,null
0.0591534,null,0.106662,null,null
-0.000544544,null,null,-0.0826621,null
0.00494321,null,null,null,0.0027104
0.994648,0.00455134,null,null,null
0.0583731,null,0.0889394,null,null
-0.0932164,null,null,-0.090116,null
0.00222761,null,null,null,0.00271445
0.994591,0.00318964,null,null,null
0.0216426,null,0.0543503,null,null
-0.0184401,null,null,-0.0425924,null
0.00410887,null,null,null,-0.00192694
0.994668,0.0066277,null,null,null
-0.0167414,null,0.00914901,null,null
-0.00192011,null,null,-0.0555689,null
0.00108668,null,null,null,0.000955779
0.994684,0.00532852,null,null,null
-0.00573025,null,0.034137,null,null
-0.034956,null,null,-0.0798138,null
0.00157064,null,null,null,5.89674e-05
0.99467,0.00427678,null,null,null
-0.0231845,null,-0.0153181,null,null
-0.038398,null,null,-0.0423121,null
0.00132083,null,null,null,0.00202026
0.99466,0.00496886,null,null,null
-0.0305328,null,0.00340275,null,null
-0.0651019,null,null,0.0397909,null
-0.000426179,null,null,null,-0.00102778
0.994581,0.0114735,null,null,null
0.0161714,null,-0.0033575,null,null
-0.0685894,null,null,-0.0382912,null
-0.00261619,null,null,null,-0.00432755
0.994568,0.00981896,null,null,null
0.0297383,null,0.0447766,null,null
-0.0297532,null,null,-0.0545621,null
-0.000535537,null,null,null,-0.00218539
0.99464,0.00670539,null,null,null
0.0166103,null,0.0133795,null,null
-0.105307,null,null,-0.033555,null
0.000697621,null,null,null,-0.000221605
0.994675,0.00723782,null,null,null
0.0223603,null,0.00910882,null,null
-0.095273,null,null,-0.061857,null
0.00112135,null,null,null,0.00100343
0.994675,0.00723782,null,null,null
0.0223603,null,0.00910882,null,null
-0.095273,null,null,-0.061857,null
0.00112135,null,null,null,0.00100343
0.994725,0.00603161,null,null,null
-0.0107982,null,0.0326439,null,null
-0.119935,null,null,-0.0606381,null
-0.000182794,null,null,null,-0.00429634
0.994701,0.00526225,null,null,null
0.0151925,null,0.0135781,null,null
-0.0861322,null,null,-0.0887315,null
-0.00126699,null,null,null,-0.000835979
0.994711,0.004818,null,null,null
-0.0641249,null,0.04231,null,null
-0.130502,null,null,-0.039277,null
-0.00194155,null,null,null,-0.00217806
0.994686,0.00731991,null,null,null
-0.0850048,null,0.0447641,null,null
-0.0856983,null,null,-0.103641,null
0.00114252,null,null,null,0.00233576
0.994686,0.00731991,null,null,null
-0.0850048,null,0.0447641,null,null
-0.0856983,null,null,-0.103641,null
0.00114252,null,null,null,0.00233576
0.99461,0.00623438,null,null,null
-0.131463,null,0.0305335,null,null
-0.0833997,null,null,-0.060425,null
-0.00044223,null,null,null,0.00299245
0.994581,0.00872046,null,null,null
-0.0468149,null,0.00614526,null,null
-0.0811254,null,null,-0.122217,null
0.00317909,null,null,null,0.000558847
0.994581,0.00872046,null,null,null
-0.0468149,null,0.00614526,null,null
-0.0811254,null,null,-0.122217,null
0.00317909,null,null,null,0.000558847
0.994584,0.0071645,null,null,null
-0.0111379,null,0.0255686,null,null
-0.0966369,null,null,-0.0979887,null
0.00278879,null,null,null,0.001582
0.994531,0.00764188,null,null,null
-0.010508,null,-0.00239586,null,null
-0.111077,null,null,-0.036731,null
-0.00142659,null,null,null,0.00148895
0.994571,0.00813066,null,null,null
-0.00127476,null,-0.0590214,null,null
-0.0955284,null,null,0.00037129,null
-0.000564081,null,null,null,0.0016587
0.994571,0.00813066,null,null,null
-0.00127476,null,-0.0590214,null,null
-0.0955284,null,null,0.00037129,null
-0.000564081,null,null,null,0.0016587
0.994571,0.00813066,null,null,null
-0.00127476,null,-0.0590214,null,null
-0.0955284,null,null,0.00037129,null
-0.000564081,null,null,null,0.0016587
0.994585,0.0054502,null,null,null
-0.0158847,null,-0.0490366,null,null
-0.0828157,null,null,0.00258576,null
0.000167129,null,null,null,-0.000658848
0.994609,0.00422245,null,null,null
-0.0556934,null,-0.0397931,null,null
-0.133326,null,null,-0.0172849,null
-0.00185838,null,null,null,0.0028724
0.994594,0.00600015,null,null,null
-0.0151224,null,-0.0113662,null,null
-0.110857,null,null,-0.00472903,null
-0.000432655,null,null,null,0.000403992
0.994679,0.00700644,null,null,null
-0.0378571,null,0.00648415,null,null
-0.161515,null,null,0.0129165,null
-0.00107554,null,null,null,-0.00501709
0.994718,0.00828916,null,null,null
0.00817509,null,0.0362796,null,null
-0.0948168,null,null,0.00395461,null
0.000923925,null,null,null,-0.00299257
0.994718,0.00828916,null,null,null
0.00817509,null,0.0362796,null,null
-0.0948168,null,null,0.00395461,null
0.000923925,null,null,null,-0.00299257
0.994691,0.00782865,null,null,null
-0.00760761,null,0.013715,null,null
-0.178716,null,null,0.0921093,null
0.00110264,null,null,null,-0.00051876
0.994654,0.00967503,null,null,null
-0.00917827,null,-0.0323951,null,null
-0.155015,null,null,0.0132966,null
-0.00369086,null,null,null,0.00102952
0.994654,0.00967503,null,null,null
-0.00917827,null,-0.0323951,null,null
-0.155015,null,null,0.0132966,null
-0.00369086,null,null,null,0.00102952
0.994596,0.0119503,null,null,null
-0.0201444,null,0.0205585,null,null
-0.16364,null,null,0.040013,null
-0.00287492,null,null,null,-0.000173013
0.994596,0.0119503,null,null,null
-0.0201444,null,0.0205585,null,null
-0.16364,null,null,0.040013,null
-0.00287492,null,null,null,-0.000173011
0.994596,0.0119503,null,null,null
-0.0201444,null,0.0205585,null,null
-0.16364,null,null,0.040013,null
-0.00287492,null,null,null,-0.000173011
0.994596,0.0119503,null,null,null
-0.0201444,null,0.0205585,null,null
-0.16364,null,null,0.040013,null
-0.00287492,null,null,null,-0.000173011
0.994651,0.0113515,null,null,null
-0.039673,null,-0.0338885,null,null
-0.151597,null,null,0.0285604,null
0.00164221,null,null,null,0.00092993
0.994651,0.0113515,null,null,null
-0.039673,null,-0.0338885,null,null
-0.151597,null,null,0.0285604,null
0.00164221,null,null,null,0.00092993
0.994665,0.00881905,null,null,null
-0.0808227,null,0.00134254,null,null
-0.143285,null,null,0.0711539,null
-0.00116924,null,null,null,0.000944404
0.994721,0.00912613,null,null,null
-0.029669,null,0.00338795,null,null
-0.152944,null,null,0.146734,null
-0.00483717,null,null,null,0.000484081
0.994721,0.00912613,null,null,null
-0.029669,null,0.00338795,null,null
-0.152944,null,null,0.146734,null
-0.00483717,null,null,null,0.000484081
0.994696,0.0089712,null,null,null
-0.00815424,null,-0.0277769,null,null
-0.153555,null,null,0.184273,null
-0.00352263,null,null,null,-0.000157934
0.994721,0.00917195,null,null,null
-0.0398006,null,-0.0208268,null,null
-0.142059,null,null,0.14897,null
-0.00420035,null,null,null,0.00254941
0.99462,0.0066459,null,null,null
-0.0234249,null,-0.00113349,null,null
-0.112203,null,null,0.152706,null
-0.0017481,null,null,null,0.00132391
0.99462,0.0066459,null,null,null
-0.0234249,null,-0.00113349,null,null
-0.112203,null,null,0.152706,null
-0.0017481,null,null,null,0.00132391
0.994677,0.00941765,null,null,null
-0.0145666,null,-0.0981488,null,null
-0.105038,null,null,0.152921,null
-0.001816,null,null,null,-0.000902713
0.994656,0.00901276,null,null,null
-0.0148029,null,-0.0754176,null,null
-0.115781,null,null,0.158121,null
-0.000111012,null,null,null,-0.00341391
0.994656,0.00901276,null,null,null
-0.0148029,null,-0.0754176,null,null
-0.115781,null,null,0.158121,null
-0.000111012,null,null,null,-0.00341391
0.994656,0.00901276,null,null,null
-0.0148029,null,-0.0754176,null,null
-0.115781,null,null,0.158121,null
-0.000111012,null,null,null,-0.00341391
0.99471,0.00866829,null,null,null
-0.0197284,null,-0.0930891,null,null
-0.135612,null,null,0.127372,null
-0.0034957,null,null,null,-0.0035913
0.99471,0.00866829,null,null,null
-0.0197284,null,-0.0930891,null,null
-0.135612,null,null,0.127372,null
-0.0034957,null,null,null,-0.0035913
0.994654,0.00787957,null,null,null
-0.0734046,null,-0.0395496,null,null
-0.0971885,null,null,0.133249,null
0.00097795,null,null,null,0.000682736
0.994569,0.0081415,null,null,null
-0.0517452,null,-0.089325,null,null
-0.147089,null,null,0.0939994,null
-0.00293965,null,null,null,0.000849988
0.994554,0.008746,null,null,null
-0.0334137,null,-0.0861016,null,null
-0.192825,null,null,0.049187,null
-0.00264592,null,null,null,0.00190595
0.994554,0.008746,null,null,null
-0.0334137,null,-0.0861016,null,null
-0.192825,null,null,0.049187,null
-0.00264592,null,null,null,0.00190595
0.994554,0.008746,null,null,null
-0.0334137,null,-0.0861016,null,null
-0.192825,null,null,0.049187,null
-0.00264592,null,null,null,0.00190595
0.994554,0.008746,null,null,null
-0.0334137,null,-0.0861016,null,null
-0.192825,null,null,0.049187,null
-0.00264592,null,null,null,0.00190595
0.994554,0.008746,null,null,null
-0.0334137,null,-0.0861016,null,null
-0.192825,null,null,0.049187,null
-0.00264592,null,null,null,0.00190595
0.994554,0.008746,null,null,null
-0.0334137,null,-0.0861016,null,null
-0.192825,null,null,0.049187,null
-0.00264592,null,null,null,0.00190595
0.994554,0.008746,null,null,null
-0.0334137,null,-0.0861016,null,null
-0.192825,null,null,0.049187,null
-0.00264592,null,null,null,0.00190595
0.994555,0.0100964,null,null,null
-0.040688,null,-0.125426,null,null
-0.163073,null,null,0.063389,null
-0.00297518,null,null,null,-0.00268799
0.994568,0.00661889,null,null,null
-0.0572068,null,-0.082614,null,null
-0.147121,null,null,0.0832911,null
-0.00169354,null,null,null,-0.00333321
0.994611,0.00904701,null,null,null
-0.0645582,null,-0.0849741,null,null
-0.180815,null,null,0.0783396,null
-0.000107112,null,null,null,-0.000654579
0.99472,0.0108784,null,null,null
-0.0190468,null,-0.0879551,null,null
-0.221486,null,null,0.163331,null
-0.00197941,null,null,null,0.00194361
0.994683,0.0118428,null,null,null
-0.0195595,null,-0.121113,null,null
-0.244314,null,null,0.175666,null
-0.000801471,null,null,null,0.0031033
0.994674,0.00816674,null,null,null
-0.063596,null,-0.142174,null,null
-0.17666,null,null,0.13719,null
0.000175979,null,null,null,0.000402304
0.994674,0.00816674,null,null,null
-0.063596,null,-0.142174,null,null
-0.17666,null,null,0.13719,null
0.000175979,null,null,null,0.000402304
0.994674,0.00816674,null,null,null
-0.063596,null,-0.142174,null,null
-0.17666,null,null,0.13719,null
0.000175979,null,null,null,0.000402304
0.994687,0.0063652,null,null,null
-0.00838579,null,-0.187464,null,null
-0.21086,null,null,0.102159,null
0.00449158,null,null,null,-0.000752705
0.994721,0.0058441,null,null,null
-0.0781776,null,-0.183817,null,null
-0.222812,null,null,0.0766388,null
0.000578576,null,null,null,-0.000118895
0.994725,0.00411204,null,null,null
-0.0903377,null,-0.131336,null,null
-0.212299,null,null,0.049031,null
-0.00118541,null,null,null,-3.61756e-05
0.994725,0.00411204,null,null,null
-0.0903377,null,-0.131336,null,null
-0.212299,null,null,0.049031,null
-0.00118541,null,null,null,-3.61756e-05
0.994734,0.000622742,null,null,null
-0.142025,null,-0.12453,null,null
-0.173945,null,null,0.0690925,null
-0.00109903,null,null,null,0.0017711
0.994734,0.000622742,null,null,null
-0.142025,null,-0.12453,null,null
-0.173945,null,null,0.0690925,null
-0.00109903,null,null,null,0.0017711
0.994664,-0.00138236,null,null,null
-0.127835,null,-0.11963,null,null
-0.146008,null,null,0.0952385,null
-0.00333803,null,null,null,0.00442134
0.994677,0.000779746,null,null,null
-0.109303,null,-0.12433,null,null
-0.170671,null,null,0.134898,null
-0.00154399,null,null,null,-0.00290828
0.994651,0.004372,null,null,null
-0.13453,null,-0.095134,null,null
-0.158763,null,null,0.111836,null
-0.00534993,null,null,null,-0.00242075
0.994683,0.00460068,null,null,null
-0.0945373,null,-0.0410445,null,null
-0.149372,null,null,0.125096,null
-0.00465477,null,null,null,0.00154061
0.99471,0.00602662,null,null,null
-0.172501,null,-0.00911094,null,null
-0.108093,null,null,0.085373,null
-0.00326692,null,null,null,0.00495263
0.99471,0.00602662,null,null,null
-0.172501,null,-0.00911094,null,null
-0.108093,null,null,0.085373,null
-0.00326692,null,null,null,0.00495263
0.994714,0.00756484,null,null,null
-0.172286,null,-0.0179511,null,null
-0.118178,null,null,0.106011,null
0.00233274,null,null,null,0.00100877
0.994649,0.00807295,null,null,null
-0.103734,null,-0.0107142,null,null
-0.133516,null,null,0.113026,null
0.000529311,null,null,null,0.0049433
0.994649,0.00807295,null,null,null
-0.103734,null,-0.0107142,null,null
-0.133516,null,null,0.113026,null
0.000529311,null,null,null,0.0049433
0.994644,0.00734069,null,null,null
-0.130162,null,0.0109796,null,null
-0.146819,null,null,0.0795745,null
-0.00345594,null,null,null,-0.00479087
0.994644,0.00734069,null,null,null
-0.130162,null,0.0109796,null,null
-0.146819,null,null,0.0795745,null
-0.00345594,null,null,null,-0.00479087
0.994644,0.00734069,null,null,null
-0.130162,null,0.0109796,null,null
-0.146819,null,null,0.0795745,null
-0.00345594,null,null,null,-0.00479087
0.994644,0.00734069,null,null,null
-0.130162,null,0.0109796,null,null
-0.146819,null,null,0.0795745,null
-0.00345594,null,null,null,-0.00479087
0.994655,0.00466731,null,null,null
-0.159026,null,-0.0260109,null,null
-0.100887,null,null,0.0892119,null
-0.00211674,null,null,null,0.000191954
0.99461,0.00993399,null,null,null
-0.163695,null,-0.00864016,null,null
-0.114185,null,null,0.0812359,null
0.000986259,null,null,null,0.00115934
0.994685,0.00542201,null,null,null
-0.214998,null,-0.0223359,null,null
-0.0797178,null,null,0.0591444,null
-0.000418462,null,null,null,0.0012108
0.994636,0.00481725,null,null,null
-0.185821,null,0.0240014,null,null
-0.104809,null,null,0.0801852,null
0.00175096,null,null,null,-0.00167236
0.994636,0.00481725,null,null,null
-0.185821,null,0.0240014,null,null
-0.104809,null,null,0.0801852,null
0.00175096,null,null,null,-0.00167236
0.994622,0.005672,null,null,null
-0.169706,null,0.0210311,null,null
-0.0928305,null,null,0.0837755,null
-0.00124754,null,null,null,-0.00574724
0.994622,0.005672,null,null,null
-0.169706,null,0.0210311,null,null
-0.0928305,null,null,0.0837755,null
-0.00124754,null,null,null,-0.00574724
0.994634,0.00995677,null,null,null
-0.227084,null,-0.0113214,null,null
-0.126076,null,null,0.135745,null
0.000112853,null,null,null,-0.00401269
0.994599,0.00709728,null,null,null
-0.226299,null,-0.0214109,null,null
-0.0932201,null,null,0.109541,null
-0.0020282,null,null,null,-0.00209338
0.994599,0.00709728,null,null,null
-0.226299,null,-0.0214109,null,null
-0.0932201,null,null,0.109541,null
-0.0020282,null,null,null,-0.00209338
0.994569,0.00771355,null,null,null
-0.166319,null,-0.0258052,null,null
-0.0946661,null,null,0.0818813,null
-0.00101146,null,null,null,-0.000460261
0.994569,0.00771355,null,null,null
-0.166319,null,-0.0258052,null,null
-0.0946661,null,null,0.0818813,null
-0.00101146,null,null,null,-0.000460261
0.994569,0.00771355,null,null,null
-0.166319,null,-0.0258052,null,null
-0.0946661,null,null,0.0818813,null
-0.00101146,null,null,null,-0.000460261
0.994569,0.00771355,null,null,null
-0.166319,null,-0.0258052,null,null
-0.0946661,null,null,0.0818813,null
-0.00101146,null,null,null,-0.000460261
0.99466,0.00561435,null,null,null
-0.162855,null,-0.00864305,null,null
-0.131831,null,null,0.0709199,null
0.000914941,null,null,null,-0.000633624
0.994651,0.0079618,null,null,null
-0.184129,null,-0.0283315,null,null
-0.126225,null,null,0.0847911,null
-0.00324383,null,null,null,-0.00431347
0.99466,0.00945938,null,null,null
-0.158609,null,-0.0708964,null,null
-0.109424,null,null,0.0657311,null
-0.00252705,null,null,null,-0.00336799
0.99463,0.0122786,null,null,null
-0.196475,null,-0.0270976,null,null
-0.0919561,null,null,0.111424,null
-0.0028212,null,null,null,-0.00241451
0.994596,0.0120547,null,null,null
-0.22559,null,-0.00197553,null,null
-0.103076,null,null,0.0823617,null
0.0039075,null,null,null,0.000324685
0.994583,0.011346,null,null,null
-0.154836,null,-0.00194219,null,null
-0.119693,null,null,0.0898579,null
-0.00010705,null,null,null,0.00333854
0.994595,0.0112422,null,null,null
-0.17571,null,-0.0159905,null,null
-0.120852,null,null,0.122715,null
0.00288563,null,null,null,0.00398689
0.994595,0.0112422,null,null,null
-0.17571,null,-0.0159905,null,null
-0.120852,null,null,0.122715,null
0.00288563,null,null,null,0.00398689
0.994622,0.00978689,null,null,null
-0.151019,null,-0.0610525,null,null
-0.120787,null,null,0.103624,null
0.0033849,null,null,null,0.00289817
0.994622,0.00978689,null,null,null
-0.151019,null,-0.0610525,null,null
-0.120787,null,null,0.103624,null
0.0033849,null,null,null,0.00289817
0.99461,0.0116574,null,null,null
-0.134646,null,-0.00658464,null,null
-0.121927,null,null,0.1028,null
0.000293084,null,null,null,0.00052103
0.994601,0.008452,null,null,null
-0.168099,null,-0.0277813,null,null
-0.16358,null,null,0.133226,null
0.00164375,null,null,null,-0.00157303
0.994591,0.00751022,null,null,null
-0.200976,null,-0.0664186,null,null
-0.123069,null,null,0.121844,null
0.00330737,null,null,null,0.000609061
0.994591,0.00751022,null,null,null
-0.200976,null,-0.0664186,null,null
-0.123069,null,null,0.121844,null
0.00330737,null,null,null,0.000609061
0.994591,0.00751022,null,null,null
-0.200976,null,-0.0664186,null,null
-0.123069,null,null,0.121844,null
0.00330737,null,null,null,0.000609061
0.994591,0.00751022,null,null,null
-0.200976,null,-0.0664186,null,null
-0.123069,null,null,0.121844,null
0.00330737,null,null,null,0.000609061
0.994591,0.00751022,null,null,null
-0.200976,null,-0.0664186,null,null
-0.123069,null,null,0.121844,null
0.00330737,null,null,null,0.000609061
0.994704,0.0065248,null,null,null
-0.158484,null,-0.0605057,null,null
-0.120156,null,null,0.127672,null
0.00225516,null,null,null,-0.00242825
0.994686,0.00717773,null,null,null
-0.134447,null,-0.111697,null,null
-0.067444,null,null,0.163999,null
0.000182782,null,null,null,0.00229539
0.99466,0.006581,null,null,null
-0.14476,null,-0.100794,null,null
-0.109206,null,null,0.107542,null
0.000101926,null,null,null,0.000376419
0.99466,0.006581,null,null,null
-0.14476,null,-0.100794,null,null
-0.109206,null,null,0.107542,null
0.000101926,null,null,null,0.000376419
0.994639,0.00694326,null,null,null
-0.106038,null,-0.0890714,null,null
-0.111173,null,null,0.107422,null
0.00289304,null,null,null,-0.00227888
0.994639,0.00694326,null,null,null
-0.106038,null,-0.0890714,null,null
-0.111173,null,null,0.107422,null
0.00289304,null,null,null,-0.00227888
0.994575,0.00678921,null,null,null
-0.0851029,null,-0.0964995,null,null
-0.112876,null,null,0.109652,null
0.00388111,null,null,null,-0.00298379
0.994607,0.00879131,null,null,null
-0.130941,null,-0.0960929,null,null
-0.140703,null,null,0.107169,null
-0.000154315,null,null,null,0.00171277
0.994607,0.00879131,null,null,null
-0.130941,null,-0.0960929,null,null
-0.140703,null,null,0.107169,null
-0.000154315,null,null,null,0.00171277
0.994607,0.00879131,null,null,null
-0.130941,null,-0.0960929,null,null
-0.140703,null,null,0.107169,null
-0.000154315,null,null,null,0.00171277
0.994607,0.00879131,null,null,null
-0.130941,null,-0.0960929,null,null
-0.140703,null,null,0.107169,null
-0.000154315,null,null,null,0.00171277
0.994607,0.00879131,null,null,null
-0.130941,null,-0.0960929,null,null
-0.140703,null,null,0.107169,null
-0.000154315,null,null,null,0.00171277
0.994607,0.00879131,null,null,null
-0.130941,null,-0.0960929,null,null
-0.140703,null,null,0.107169,null
-0.000154315,null,null,null,0.00171277
0.994607,0.00879131,null,null,null
-0.130941,null,-0.0960929,null,null
-0.140703,null,null,0.107169,null
-0.000154315,null,null,null,0.00171277
0.994576,0.00603061,null,null,null
-0.126289,null,-0.13549,null,null
-0.144026,null,null,0.149164,null
-0.00106639,null,null,null,0.00099141
0.994685,0.00826526,null,null,null
-0.0461361,null,-0.0907235,null,null
-0.196915,null,null,0.107312,null
0.00373551,null,null,null,-0.00283999
0.994705,0.00556301,null,null,null
-0.0352799,null,-0.101018,null,null
-0.247039,null,null,0.105886,null
0.000616524,null,null,null,-0.00228752
0.99471,0.00411205,null,null,null
0.0263259,null,-0.09795,null,null
-0.212426,null,null,0.105165,null
-0.00163813,null,null,null,0.00203355
0.99471,0.00411205,null,null,null
0.0263259,null,-0.09795,null,null
-0.212426,null,null,0.105165,null
-0.00163813,null,null,null,0.00203355
0.994725,0.0043957,null,null,null
0.0135862,null,-0.150113,null,null
-0.230814,null,null,0.0802689,null
0.000664013,null,null,null,0.00315704
0.99474,0.000159015,null,null,null
-0.0110993,null,-0.12724,null,null
-0.24152,null,null,0.143418,null
0.000412379,null,null,null,0.00340565
0.99478,0.00137021,null,null,null
-0.0805691,null,-0.131282,null,null
-0.215335,null,null,0.151241,null
0.00305621,null,null,null,0.00145061
0.994798,0.00084743,null,null,null
-0.104614,null,-0.0931127,null,null
-0.210356,null,null,0.196279,null
0.00353496,null,null,null,0.00138814
0.994764,-4.45401e-05,null,null,null
-0.152939,null,-0.0458956,null,null
-0.23897,null,null,0.105256,null
0.00148208,null,null,null,0.000142038
0.994774,-0.00222144,null,null,null
-0.135739,null,-0.103388,null,null
-0.292066,null,null,0.111672,null
-0.000478271,null,null,null,-0.00219456
0.994724,-0.00238091,null,null,null
-0.112866,null,-0.087447,null,null
-0.257902,null,null,0.0933195,null
-4.50973e-05,null,null,null,-0.00185146
0.994724,-0.00238091,null,null,null
-0.112866,null,-0.087447,null,null
-0.257902,null,null,0.0933195,null
-4.50973e-05,null,null,null,-0.00185146
0.994707,-0.00500035,null,null,null
-0.099947,null,-0.098475,null,null
-0.217304,null,null,0.0691389,null
0.00196911,null,null,null,-0.00255742
0.994738,-0.00297605,null,null,null
-0.102902,null,-0.0897096,null,null
-0.196816,null,null,0.100329,null
-0.00058173,null,null,null,0.00205631
0.994718,-0.0013779,null,null,null
-0.0966451,null,-0.121754,null,null
-0.243545,null,null,0.102032,null
-0.00504184,null,null,null,-0.00204384
0.994733,0.000732185,null,null,null
-0.0831499,null,-0.126094,null,null
-0.201049,null,null,0.11667,null
0.00012184,null,null,null,-0.000534385
0.994733,0.000732185,null,null,null
-0.0831499,null,-0.126094,null,null
-0.201049,null,null,0.11667,null
0.00012184,null,null,null,-0.000534385
0.994712,0.00255312,null,null,null
-0.0451116,null,-0.10307,null,null
-0.19084,null,null,0.136095,null
0.000366646,null,null,null,0.000406305
0.994679,0.00549179,null,null,null
-0.0233001,null,-0.202334,null,null
-0.240604,null,null,0.0969051,null
0.00125769,null,null,null,0.00347449
0.99472,0.00727065,null,null,null
-0.0265594,null,-0.208833,null,null
-0.224465,null,null,0.11672,null
-0.000670625,null,null,null,0.0029761
0.994745,0.00759332,null,null,null
-0.0231066,null,-0.217525,null,null
-0.246779,null,null,0.114668,null
-0.00218166,null,null,null,-2.34384e-05
0.994684,0.00653632,null,null,null
-0.0390614,null,-0.222552,null,null
-0.269744,null,null,0.085652,null
-0.0016275,null,null,null,0.00105908
0.994684,0.00653632,null,null,null
-0.0390614,null,-0.222552,null,null
-0.269744,null,null,0.085652,null
-0.0016275,null,null,null,0.00105908
0.994684,0.00521953,null,null,null
-0.0435534,null,-0.222061,null,null
-0.20226,null,null,0.100446,null
-0.0010722,null,null,null,-0.00221646
0.994684,0.00521953,null,null,null
-0.0435534,null,-0.222061,null,null
-0.20226,null,null,0.100446,null
-0.0010722,null,null,null,-0.00221646
0.994684,0.00521953,null,null,null
-0.0435534,null,-0.222061,null,null
-0.20226,null,null,0.100446,null
-0.0010722,null,null,null,-0.00221646
0.994635,0.00556935,null,null,null
-0.0473295,null,-0.182796,null,null
-0.247677,null,null,0.08879,null
0.00268818,null,null,null,-0.00194253
0.994635,0.00556935,null,null,null
-0.0473295,null,-0.182796,null,null
-0.247677,null,null,0.08879,null
0.00268818,null,null,null,-0.00194253
0.994621,0.00555436,null,null,null
-0.10475,null,-0.153919,null,null
-0.261724,null,null,0.0465351,null
0.00185596,null,null,null,-0.00456463
0.994626,0.00708031,null,null,null
-0.0987772,null,-0.161086,null,null
-0.281983,null,null,-0.0167911,null
0.00232788,null,null,null,-0.00180261
0.994626,0.00708031,null,null,null
-0.0987772,null,-0.161086,null,null
-0.281983,null,null,-0.0167911,null
0.00232788,null,null,null,-0.00180261
0.994674,0.00605009,null,null,null
-0.0718261,null,-0.196666,null,null
-0.216359,null,null,-0.0111318,null
0.00157326,null,null,null,-0.00285301
0.994729,0.00630374,null,null,null
-0.0453662,null,-0.18216,null,null
-0.217569,null,null,0.0151956,null
-0.000736614,null,null,null,-0.00329881
0.994729,0.00630374,null,null,null
-0.0453662,null,-0.18216,null,null
-0.217569,null,null,0.0151956,null
-0.000736614,null,null,null,-0.00329881
0.994729,0.00401443,null,null,null
-0.0524944,null,-0.220121,null,null
-0.177774,null,null,-0.0104498,null
0.00180832,null,null,null,-0.00444685
0.994686,0.00413655,null,null,null
-0.041458,null,-0.19702,null,null
-0.164159,null,null,-0.00147467,null
0.0027477,null,null,null,-0.00213135
0.994607,0.00338591,null,null,null
-0.0210566,null,-0.148269,null,null
-0.130076,null,null,0.0137038,null
0.00210259,null,null,null,-0.00471124
0.994663,0.00304709,null,null,null
-0.0416601,null,-0.166369,null,null
-0.157146,null,null,0.055609,null
-0.000687524,null,null,null,-0.000771536
0.994709,0.00257635,null,null,null
-0.102606,null,-0.13867,null,null
-0.155739,null,null,0.0708621,null
0.00230926,null,null,null,-0.00372878
0.994764,0.00138824,null,null,null
-0.0318055,null,-0.157594,null,null
-0.111416,null,null,0.0503818,null
0.000894834,null,null,null,-0.000898416
0.994677,-0.00105813,null,null,null
-0.076882,null,-0.138521,null,null
-0.0700271,null,null,0.0641299,null
-0.00301041,null,null,null,0.00173721
0.994598,-0.000650111,null,null,null
-0.104087,null,-0.177024,null,null
-0.0777726,null,null,0.0846445,null
0.00455539,null,null,null,0.000172603
0.994598,-0.000650111,null,null,null
-0.104087,null,-0.177024,null,null
-0.0777726,null,null,0.0846445,null
0.00455539,null,null,null,0.000172603
0.994598,-0.000650111,null,null,null
-0.104087,null,-0.177024,null,null
-0.0777726,null,null,0.0846445,null
0.00455539,null,null,null,0.000172603
0.994598,-0.000650111,null,null,null
-0.104087,null,-0.177024,null,null
-0.0777726,null,null,0.0846445,null
0.00455539,null,null,null,0.000172603
0.994736,-0.00165871,null,null,null
-0.064048,null,-0.220781,null,null
-0.0680079,null,null,0.0854676,null
0.00117788,null,null,null,-0.00390496
0.994736,-0.00165871,null,null,null
-0.064048,null,-0.220781,null,null
-0.0680079,null,null,0.0854676,null
0.00117788,null,null,null,-0.00390496
0.99479,-0.0020006,null,null,null
-0.0429861,null,-0.190438,null,null
-0.0765297,null,null,0.094336,null
0.0024732,null,null,null,0.0026153
0.994777,-0.000296405,null,null,null
0.00336339,null,-0.21286,null,null
-0.0934484,null,null,0.0719303,null
-0.000225733,null,null,null,-0.00214438
0.994791,-0.0013125,null,null,null
0.0453379,null,-0.22447,null,null
-0.081256,null,null,0.0828955,null
-0.00359169,null,null,null,-0.00168431
0.994712,-0.00222609,null,null,null
0.0510266,null,-0.198419,null,null
-0.0614485,null,null,0.083026,null
-0.000278973,null,null,null,0.00038618
0.994716,-0.00214109,null,null,null
0.0474992,null,-0.184676,null,null
-0.0409535,null,null,0.0241249,null
-0.00236694,null,null,null,0.00135097
0.994716,-0.00214109,null,null,null
0.0474992,null,-0.184676,null,null
-0.0409535,null,null,0.0241249,null
-0.00236694,null,null,null,0.00135097
0.994651,-0.00146458,null,null,null
0.00720991,null,-0.22949,null,null
-0.0575841,null,null,0.0393763,null
0.00216664,null,null,null,0.00487421
0.994651,-0.00146458,null,null,null
0.00720991,null,-0.22949,null,null
-0.0575841,null,null,0.0393763,null
0.00216664,null,null,null,0.00487421
0.994651,-0.00146458,null,null,null
0.00720991,null,-0.22949,null,null
-0.0575841,null,null,0.0393763,null
0.00216664,null,null,null,0.00487421
0.994651,-0.00146458,null,null,null
0.00720991,null,-0.22949,null,null
-0.0575841,null,null,0.0393763,null
0.00216664,null,null,null,0.00487421
0.994619,-0.00325995,null,null,null
0.0522311,null,-0.216984,null,null
-0.0108829,null,null,0.0496912,null
0.00388932,null,null,null,-0.00103548
0.994619,-0.00325995,null,null,null
0.0522311,null,-0.216984,null,null
-0.0108829,null,null,0.0496912,null
0.00388932,null,null,null,-0.00103548
0.994634,-0.00685621,null,null,null
0.00296303,null,-0.24883,null,null
0.0220931,null,null,0.0455971,null
0.00560375,null,null,null,-0.000176584
0.994715,-0.0031657,null,null,null
0.0118757,null,-0.240084,null,null
0.006413,null,null,0.0485599,null
0.000415781,null,null,null,-0.00073444
0.99476,-0.00125359,null,null,null
-0.0320551,null,-0.24551,null,null
0.0232569,null,null,0.0541261,null
0.000824421,null,null,null,0.00189606
0.994698,-0.00116039,null,null,null
-0.0298324,null,-0.216809,null,null
0.0349055,null,null,0.0157365,null
0.00132298,null,null,null,0.00417397
0.994701,-0.00391644,null,null,null
-0.0764737,null,-0.249179,null,null
0.0151498,null,null,-0.00181113,null
0.0065077,null,null,null,-0.000691619
0.994609,-0.00363264,null,null,null
-0.0820604,null,-0.234572,null,null
0.0333311,null,null,-0.0209001,null
0.000836701,null,null,null,0.00150319
0.994609,-0.00363264,null,null,null
-0.0820604,null,-0.234572,null,null
0.0333311,null,null,-0.0209001,null
0.000836701,null,null,null,0.00150319
0.994609,-0.00363264,null,null,null
-0.0820604,null,-0.234572,null,null
0.0333311,null,null,-0.0209001,null
0.000836701,null,null,null,0.00150319
0.994669,-0.00206916,null,null,null
-0.101783,null,-0.207565,null,null
0.0478781,null,null,-0.00135523,null
0.00326303,null,null,null,0.00161991
0.994669,-0.00206916,null,null,null
-0.101783,null,-0.207565,null,null
0.0478781,null,null,-0.00135523,null
0.00326303,null,null,null,0.00161991
0.994585,-0.00500893,null,null,null
-0.0967079,null,-0.204618,null,null
0.0362118,null,null,0.0218003,null
0.0015757,null,null,null,0.00224467
0.994585,-0.00500893,null,null,null
-0.0967079,null,-0.204618,null,null
0.0362118,null,null,0.0218003,null
0.0015757,null,null,null,0.00224467
0.994585,-0.00500893,null,null,null
-0.0967079,null,-0.204618,null,null
0.0362118,null,null,0.0218003,null
0.0015757,null,null,null,0.00224467
0.994604,-0.00820283,null,null,null
-0.086814,null,-0.208606,null,null
-0.00202536,null,null,-0.0401357,null
-0.00371122,null,null,null,0.000737861
0.994621,-0.0077215,null,null,null
-0.128606,null,-0.207965,null,null
-0.00517699,null,null,0.059662,null
-0.000324603,null,null,null,0.00126103
0.994641,-0.00714231,null,null,null
-0.104076,null,-0.211757,null,null
-0.053019,null,null,0.050125,null
-0.00127323,null,null,null,0.000370614
0.994641,-0.00714231,null,null,null
-0.104076,null,-0.211757,null,null
-0.053019,null,null,0.050125,null
-0.00127323,null,null,null,0.000370614
0.994692,-0.0039067,null,null,null
-0.112216,null,-0.261464,null,null
-0.0488684,null,null,0.069298,null
0.000706861,null,null,null,-0.000842684
0.994692,-0.0039067,null,null,null
-0.112216,null,-0.261464,null,null
-0.0488684,null,null,0.069298,null
0.000706861,null,null,null,-0.000842684
0.994692,-0.0039067,null,null,null
-0.112216,null,-0.261464,null,null
-0.0488684,null,null,0.069298,null
0.000706861,null,null,null,-0.000842684
0.994692,-0.0039067,null,null,null
-0.112216,null,-0.261464,null,null
-0.0488684,null,null,0.069298,null
0.000706861,null,null,null,-0.000842684
0.994726,-0.00361161,null,null,null
-0.0834449,null,-0.211461,null,null
-0.0345389,null,null,0.0472986,null
-0.000177766,null,null,null,0.00418776
0.994687,-0.00461402,null,null,null
-0.0826205,null,-0.20707,null,null
-0.0407986,null,null,0.077767,null
0.000296799,null,null,null,0.00453364
0.994687,-0.00461402,null,null,null
-0.0826205,null,-0.20707,null,null
-0.0407986,null,null,0.077767,null
0.000296799,null,null,null,0.00453364
0.994686,-0.00523036,null,null,null
-0.035364,null,-0.18806,null,null
-0.0198474,null,null,0.0491995,null
-9.55578e-05,null,null,null,0.00379737
0.994736,-0.00347093,null,null,null
-0.0832887,null,-0.23128,null,null
-0.0161563,null,null,0.0737615,null
-0.0047318,null,null,null,-0.00197467
0.994736,-0.00347093,null,null,null
-0.0832887,null,-0.23128,null,null
-0.0161563,null,null,0.0737615,null
-0.0047318,null,null,null,-0.00197467
0.994736,-0.00347093,null,null,null
-0.0832887,null,-0.23128,null,null
-0.0161563,null,null,0.0737615,null
-0.0047318,null,null,null,-0.00197467
0.994672,-0.00488985,null,null,null
-0.0899494,null,-0.172969,null,null
-0.0570495,null,null,0.063493,null
-0.00218032,null,null,null,0.00255772
0.994722,-0.00553884,null,null,null
-0.0837556,null,-0.199475,null,null
-0.0619825,null,null,0.0681048,null
-0.00221904,null,null,null,0.00238141
0.994705,-0.00644846,null,null,null
-0.0544144,null,-0.230434,null,null
-0.0790619,null,null,0.0931175,null
0.00043996,null,null,null,-0.00367486
0.994705,-0.00644846,null,null,null
-0.0544144,null,-0.230434,null,null
-0.0790619,null,null,0.0931175,null
0.00043996,null,null,null,-0.00367486
0.994705,-0.00644846,null,null,null
-0.0544144,null,-0.230434,null,null
-0.0790619,null,null,0.0931175,null
0.00043996,null,null,null,-0.00367486
0.994691,-0.00416521,null,null,null
-0.0417146,null,-0.199279,null,null
-0.109782,null,null,0.0815224,null
-0.00260995,null,null,null,-0.000999599
0.994709,-0.0041643,null,null,null
-0.037587,null,-0.170448,null,null
-0.084487,null,null,0.0624256,null
0.000752615,null,null,null,-0.00120552
0.994676,-0.00761294,null,null,null
0.0177925,null,-0.154631,null,null
-0.0447862,null,null,0.081268,null
-0.00276615,null,null,null,0.000332929
0.994672,-0.00528275,null,null,null
-0.0196765,null,-0.122332,null,null
-0.0821109,null,null,0.0695397,null
-0.00199506,null,null,null,0.00174235
0.994672,-0.00528275,null,null,null
-0.0196765,null,-0.122332,null,null
-0.0821109,null,null,0.0695397,null
-0.00199506,null,null,null,0.00174235
0.994637,-0.00531305,null,null,null
-0.051027,null,-0.13893,null,null
-0.0811489,null,null,0.131522,null
-0.00108794,null,null,null,0.000975254
0.99459,-0.00465149,null,null,null
-0.0260624,null,-0.140469,null,null
-0.119605,null,null,0.155897,null
-0.000690694,null,null,null,-0.00275311
0.99459,-0.00465149,null,null,null
-0.0260624,null,-0.140469,null,null
-0.119605,null,null,0.155897,null
-0.000690694,null,null,null,-0.00275311
0.994586,-0.00601709,null,null,null
-0.0480582,null,-0.172136,null,null
-0.0506513,null,null,0.119695,null
-0.000508054,null,null,null,0.00034401
0.994586,-0.00601709,null,null,null
-0.0480582,null,-0.172136,null,null
-0.0506513,null,null,0.119695,null
-0.000508054,null,null,null,0.00034401
0.994574,-0.00702926,null,null,null
-0.0645748,null,-0.172176,null,null
-0.0630431,null,null,0.145411,null
-0.00193205,null,null,null,0.00272424
0.994574,-0.00702926,null,null,null
-0.0645748,null,-0.172176,null,null
-0.0630431,null,null,0.145411,null
-0.00193205,null,null,null,0.00272424
0.994552,-0.00774011,null,null,null
-0.0792599,null,-0.167184,null,null
-0.0495392,null,null,0.14698,null
-0.00441861,null,null,null,-0.0014509
0.994611,-0.00652255,null,null,null
-0.103316,null,-0.173081,null,null
-0.0504324,null,null,0.148555,null
-0.00178464,null,null,null,0.00185971
0.994518,-0.00532716,null,null,null
-0.087893,null,-0.166594,null,null
-0.0242124,null,null,0.159013,null
0.00041636,null,null,null,-0.00151333
0.994635,-0.00235216,null,null,null
-0.0805442,null,-0.197878,null,null
-0.0227495,null,null,0.182448,null
0.000243656,null,null,null,-0.00335405
0.994681,-1.34549e-05,null,null,null
-0.0491529,null,-0.19993,null,null
-0.037661,null,null,0.182744,null
0.000732341,null,null,null,-0.00341764
0.994733,-0.00171616,null,null,null
-0.0489896,null,-0.172141,null,null
-0.0468544,null,null,0.175381,null
0.00198648,null,null,null,-0.00274389
0.994709,-0.00187266,null,null,null
-0.0690254,null,-0.172686,null,null
-0.0631002,null,null,0.221188,null
0.000955603,null,null,null,-0.00394545
0.99471,-0.003428,null,null,null
-0.0783341,null,-0.21057,null,null
-0.0705166,null,null,0.160964,null
-0.000101583,null,null,null,-0.00341869
0.994746,-0.000675504,null,null,null
-0.0733567,null,-0.176882,null,null
-0.0725492,null,null,0.181559,null
0.00413726,null,null,null,-0.000361421
0.994746,-0.000675504,null,null,null
-0.0733567,null,-0.176882,null,null
-0.0725492,null,null,0.181559,null
0.00413726,null,null,null,-0.000361421
0.994746,-0.000675504,null,null,null
-0.0733567,null,-0.176882,null,null
-0.0725492,null,null,0.181559,null
0.00413726,null,null,null,-0.000361421
0.994746,-0.000675504,null,null,null
-0.0733567,null,-0.176882,null,null
-0.0725492,null,null,0.181559,null
0.00413726,null,null,null,-0.000361421
0.994746,-0.000675504,null,null,null
-0.0733567,null,-0.176882,null,null
-0.0725492,null,null,0.181559,null
0.00413726,null,null,null,-0.000361421
0.994746,-0.000675504,null,null,null
-0.0733567,null,-0.176882,null,null
-0.0725492,null,null,0.181559,null
0.00413726,null,null,null,-0.000361421
0.994746,-0.000675504,null,null,null
-0.0733567,null,-0.176882,null,null
-0.0725492,null,null,0.181559,null
0.00413726,null,null,null,-0.000361421
0.994803,-0.000121052,null,null,null
-0.0716459,null,-0.225001,null,null
-0.0805181,null,null,0.198148,null
-0.00149834,null,null,null,-0.000205256
0.994755,-0.000382852,null,null,null
-0.0503361,null,-0.182165,null,null
-0.0360056,null,null,0.170909,null
0.000644113,null,null,null,-0.00170191
0.994721,-0.000922369,null,null,null
-0.0384167,null,-0.204692,null,null
-0.0570437,null,null,0.193459,null
-0.0010488,null,null,null,-0.00125799
0.994676,-0.00359306,null,null,null
-0.0857925,null,-0.223919,null,null
-0.00895369,null,null,0.178829,null
-0.00123204,null,null,null,-0.0026313
0.994679,-0.0030571,null,null,null
-0.0885089,null,-0.166959,null,null
0.00701269,null,null,0.197071,null
-0.00388916,null,null,null,-0.00104994
0.994679,-0.0030571,null,null,null
-0.0885089,null,-0.166959,null,null
0.00701269,null,null,0.197071,null
-0.00388916,null,null,null,-0.00104994
0.994679,-0.0030571,null,null,null
-0.0885089,null,-0.166959,null,null
0.00701269,null,null,0.197071,null
-0.00388916,null,null,null,-0.00104994
0.994757,-0.00509457,null,null,null
-0.0601116,null,-0.241819,null,null
-0.0201605,null,null,0.214603,null
-0.00130866,null,null,null,-0.00353287
0.994735,-0.00571153,null,null,null
-0.0728665,null,-0.221036,null,null
-0.000418855,null,null,0.205339,null
-8.12324e-05,null,null,null,-0.00210968
0.99476,-0.00758784,null,null,null
-0.0551395,null,-0.226571,null,null
-0.00457045,null,null,0.162417,null
0.0031601,null,null,null,-0.0014877
0.994721,-0.0100751,null,null,null
-0.103468,null,-0.244985,null,null
-0.0116685,null,null,0.224446,null
0.00256517,null,null,null,-0.000123992
0.994668,-0.0108696,null,null,null
-0.102054,null,-0.266254,null,null
-0.0283856,null,null,0.20439,null
0.00387711,null,null,null,-0.0020464
0.994674,-0.0118112,null,null,null
-0.103541,null,-0.291205,null,null
-0.0548005,null,null,0.220086,null
0.000329014,null,null,null,0.000534994
0.994619,-0.0117153,null,null,null
-0.106295,null,-0.283948,null,null
-0.00933859,null,null,0.211139,null
0.00458974,null,null,null,-0.000150031
0.994533,-0.0124274,null,null,null
-0.118087,null,-0.31159,null,null
-0.0491606,null,null,0.197216,null
0.00140971,null,null,null,-0.00101775
0.994457,-0.0179865,null,null,null
-0.116956,null,-0.273756,null,null
-0.029822,null,null,0.24048,null
0.000162335,null,null,null,-0.00181826
0.994493,-0.0178733,null,null,null
-0.139235,null,-0.229656,null,null
-0.0311795,null,null,0.209465,null
6.44096e-06,null,null,null,-0.000924112
0.994616,-0.0140939,null,null,null
-0.143599,null,-0.203565,null,null
0.0193881,null,null,0.241868,null
0.0006695,null,null,null,0.000404628
0.994636,-0.011157,null,null,null
-0.177026,null,-0.157725,null,null
0.0180406,null,null,0.271342,null
-0.00172444,null,null,null,3.77706e-05
0.994654,-0.00980296,null,null,null
-0.153006,null,-0.133375,null,null
-0.00446637,null,null,0.227451,null
-0.00301101,null,null,null,-0.00100507
0.994619,-0.0104035,null,null,null
-0.112235,null,-0.084305,null,null
0.0112719,null,null,0.193766,null
-0.00211341,null,null,null,0.00271692
0.994619,-0.0116903,null,null,null
-0.103537,null,-0.063614,null,null
-0.030001,null,null,0.166991,null
0.00270154,null,null,null,-0.000213113
0.99467,-0.00787235,null,null,null
-0.104801,null,-0.0559465,null,null
0.0154961,null,null,0.167371,null
0.00696905,null,null,null,0.00341124
0.99467,-0.00787235,null,null,null
-0.104801,null,-0.0559465,null,null
0.0154961,null,null,0.167371,null
0.00696905,null,null,null,0.00341124
0.99467,-0.00787235,null,null,null
-0.104801,null,-0.0559465,null,null
0.0154961,null,null,0.167371,null
0.00696905,null,null,null,0.00341124
0.99467,-0.00787235,null,null,null
-0.104801,null,-0.0559465,null,null
0.0154961,null,null,0.167371,null
0.00696905,null,null,null,0.00341124
0.994707,-0.007825,null,null,null
-0.162446,null,-0.0777185,null,null
0.00636731,null,null,0.222482,null
0.00233732,null,null,null,0.0040974
0.994754,-0.00748693,null,null,null
-0.133706,null,-0.0986626,null,null
-0.0764932,null,null,0.20679,null
0.00367382,null,null,null,-0.000988006
0.994746,-0.00564144,null,null,null
-0.130984,null,-0.0601547,null,null
-0.0864132,null,null,0.214705,null
0.00216681,null,null,null,-0.00231954
0.994722,-0.00689756,null,null,null
-0.113597,null,-0.0601515,null,null
-0.0855401,null,null,0.202409,null
-0.00376515,null,null,null,-0.0013852
0.994672,-0.00539226,null,null,null
-0.14744,null,-0.0446951,null,null
-0.0151486,null,null,0.209924,null
0.000349279,null,null,null,0.00115517
0.99469,-0.00701889,null,null,null
-0.107837,null,-0.0837125,null,null
0.00125646,null,null,0.201838,null
-0.00335311,null,null,null,-0.00125826
0.994668,-0.0118114,null,null,null
-0.131306,null,-0.103369,null,null
-0.0750894,null,null,0.192125,null
-0.00205034,null,null,null,-0.00169944
0.994668,-0.0118114,null,null,null
-0.131306,null,-0.103369,null,null
-0.0750894,null,null,0.192125,null
-0.00205034,null,null,null,-0.00169944
0.994684,-0.00934809,null,null,null
-0.106829,null,-0.0979,null,null
-0.0380528,null,null,0.189009,null
0.00136781,null,null,null,-0.00139591
0.994725,-0.00670005,null,null,null
-0.0788848,null,-0.125201,null,null
-0.0384256,null,null,0.191854,null
-0.000158563,null,null,null,0.00352513
0.994706,-0.00748314,null,null,null
-0.159505,null,-0.12025,null,null
-0.0519534,null,null,0.173313,null
-0.00129425,null,null,null,0.00279221
0.994712,-0.011466,null,null,null
-0.14924,null,-0.0729735,null,null
-0.0449064,null,null,0.114103,null
-0.00287369,null,null,null,-0.000495975
0.994677,-0.0134702,null,null,null
-0.118048,null,-0.0675661,null,null
-0.0694489,null,null,0.139025,null
-0.00264408,null,null,null,-0.00389202
0.994677,-0.0134702,null,null,null
-0.118048,null,-0.0675661,null,null
-0.0694489,null,null,0.139025,null
-0.00264408,null,null,null,-0.00389202
0.994689,-0.0103352,null,null,null
-0.0541314,null,-0.114764,null,null
-0.0382362,null,null,0.084766,null
0.00384449,null,null,null,-0.00357817
0.994601,-0.0115415,null,null,null
-0.00603697,null,-0.0939886,null,null
0.0029888,null,null,0.120668,null
0.00382549,null,null,null,-0.00329763
0.994601,-0.0115415,null,null,null
-0.00603697,null,-0.0939886,null,null
0.0029888,null,null,0.120668,null
0.00382549,null,null,null,-0.00329763
0.994675,-0.0103715,null,null,null
-0.0303385,null,-0.0636913,null,null
0.00979672,null,null,0.122634,null
0.00174862,null,null,null,-0.000507145
0.994671,-0.0125506,null,null,null
-0.0771903,null,-0.117578,null,null
-1.06632e-05,null,null,0.12866,null
0.00545704,null,null,null,-0.00374215
0.994666,-0.0114783,null,null,null
-0.052845,null,-0.0678396,null,null
-0.0229537,null,null,0.18487,null
0.000362742,null,null,null,0.000803574
0.994666,-0.0123392,null,null,null
-0.0389254,null,-0.0926549,null,null
-0.00516156,null,null,0.108691,null
-0.00235214,null,null,null,-0.00113635
0.994699,-0.0116123,null,null,null
-0.01087,null,-0.044591,null,null
0.0358173,null,null,0.111655,null
-0.0031259,null,null,null,0.00369734
0.994635,-0.0116565,null,null,null
0.0396842,null,-0.0727685,null,null
0.0672728,null,null,0.119818,null
-0.00142972,null,null,null,0.0056204
0.994568,-0.0132353,null,null,null
-0.0298389,null,-0.137885,null,null
0.00155053,null,null,0.129374,null
0.00303995,null,null,null,0.00487895
0.994626,-0.0132069,null,null,null
-0.0175422,null,-0.120233,null,null
-0.0402762,null,null,0.0956506,null
1.44996e-05,null,null,null,0.00198676
0.994626,-0.0132069,null,null,null
-0.0175422,null,-0.120233,null,null
-0.0402762,null,null,0.0956506,null
1.44996e-05,null,null,null,0.00198676
0.99464,-0.00921214,null,null,null
-0.0329609,null,-0.117921,null,null
-0.0676149,null,null,0.101644,null
0.000921866,null,null,null,0.00171055
0.99464,-0.00921214,null,null,null
-0.0329609,null,-0.117921,null,null
-0.0676149,null,null,0.101644,null
0.000921866,null,null,null,0.00171055
0.994578,-0.0124198,null,null,null
-0.0576579,null,-0.134199,null,null
-0.0636704,null,null,0.0535189,null
-0.00162735,null,null,null,-0.00326334
0.994659,-0.0113493,null,null,null
-0.00761501,null,-0.108132,null,null
-0.0699901,null,null,0.0656546,null
-0.00171788,null,null,null,-0.000274886
0.994659,-0.0113493,null,null,null
-0.00761501,null,-0.108132,null,null
-0.0699901,null,null,0.0656546,null
-0.00171788,null,null,null,-0.000274886
0.994659,-0.0113493,null,null,null
-0.00761501,null,-0.108132,null,null
-0.0699901,null,null,0.0656546,null
-0.00171788,null,null,null,-0.000274886
0.994729,-0.0108793,null,null,null
-0.02437,null,-0.107187,null,null
-0.0785128,null,null,0.112877,null
0.000311945,null,null,null,-0.00104116
0.994706,-0.00808884,null,null,null
-0.0287405,null,-0.0910199,null,null
-0.0403469,null,null,0.109125,null
0.00178376,null,null,null,0.00168096
0.994738,-0.00903462,null,null,null
-0.0216859,null,-0.0856556,null,null
-0.120426,null,null,0.098114,null
0.00295126,null,null,null,-0.000839523
0.994738,-0.00903462,null,null,null
-0.0216859,null,-0.0856556,null,null
-0.120426,null,null,0.098114,null
0.00295126,null,null,null,-0.000839523
0.994738,-0.00903462,null,null,null
-0.0216859,null,-0.0856556,null,null
-0.120426,null,null,0.098114,null
0.00295126,null,null,null,-0.000839523
0.994738,-0.00903462,null,null,null
-0.0216859,null,-0.0856556,null,null
-0.120426,null,null,0.098114,null
0.00295126,null,null,null,-0.000839523
0.994654,-0.0103795,null,null,null
0.0568598,null,-0.0985334,null,null
-0.0705311,null,null,0.143992,null
0.00179416,null,null,null,-0.00191542
0.994592,-0.0137094,null,null,null
0.14986,null,-0.0720504,null,null
-0.0742386,null,null,0.111096,null
-0.000858116,null,null,null,0.00393752
0.994671,-0.0132336,null,null,null
0.0785373,null,-0.0658298,null,null
-0.112786,null,null,0.135632,null
0.002606,null,null,null,0.00343501
0.994671,-0.0132336,null,null,null
0.0785373,null,-0.0658298,null,null
-0.112786,null,null,0.135632,null
0.002606,null,null,null,0.00343501
0.994671,-0.0132336,null,null,null
0.0785373,null,-0.0658298,null,null
-0.112786,null,null,0.135632,null
0.002606,null,null,null,0.00343501
0.994578,-0.014999,null,null,null
0.139561,null,-0.122136,null,null
-0.056385,null,null,0.123476,null
-0.00182583,null,null,null,0.00295724
0.994561,-0.015195,null,null,null
0.113081,null,-0.0915121,null,null
-0.101034,null,null,0.0545853,null
0.00184281,null,null,null,0.00474475
0.994584,-0.0141635,null,null,null
0.145047,null,-0.11548,null,null
-0.0618986,null,null,0.103,null
0.0063837,null,null,null,-8.79545e-05
0.994576,-0.014254,null,null,null
0.110406,null,-0.0611473,null,null
-0.0630374,null,null,0.072949,null
0.00335768,null,null,null,0.00100568
0.994544,-0.0156333,null,null,null
0.102148,null,-0.065889,null,null
-0.0272051,null,null,0.0936484,null
0.00077939,null,null,null,0.00425286
0.994544,-0.0156333,null,null,null
0.102148,null,-0.065889,null,null
-0.0272051,null,null,0.0936484,null
0.00077939,null,null,null,0.00425286
0.994544,-0.0156333,null,null,null
0.102148,null,-0.065889,null,null
-0.0272051,null,null,0.0936484,null
0.00077939,null,null,null,0.00425286
0.994544,-0.0156333,null,null,null
0.102148,null,-0.065889,null,null
-0.0272051,null,null,0.0936484,null
0.00077939,null,null,null,0.00425286
0.994568,-0.0177558,null,null,null
0.0880695,null,-0.0718634,null,null
-0.052852,null,null,0.0896384,null
0.000197623,null,null,null,0.00188123
0.994606,-0.0151488,null,null,null
0.100538,null,-0.0592693,null,null
-0.0104002,null,null,0.110881,null
-1.1837e-05,null,null,null,-0.00183774
0.994606,-0.0151488,null,null,null
0.100538,null,-0.0592693,null,null
-0.0104002,null,null,0.110881,null
-1.1837e-05,null,null,null,-0.00183774
0.994583,-0.0194189,null,null,null
0.100264,null,-0.0732811,null,null
-0.0475134,null,null,0.0771584,null
0.00698119,null,null,null,-0.00117888
0.994506,-0.0210234,null,null,null
0.0906847,null,-0.029017,null,null
-0.0341878,null,null,0.0666511,null
0.00432613,null,null,null,0.000239333
0.994506,-0.0210234,null,null,null
0.0906847,null,-0.029017,null,null
-0.0341878,null,null,0.0666511,null
0.00432613,null,null,null,0.000239333
0.994544,-0.0178984,null,null,null
0.0547059,null,-0.00496318,null,null
0.00193981,null,null,0.00676159,null
0.000963049,null,null,null,-0.00485574
0.994544,-0.0178984,null,null,null
0.0547059,null,-0.00496318,null,null
0.00193981,null,null,0.00676159,null
0.000963049,null,null,null,-0.00485574
0.994445,-0.0207379,null,null,null
0.0759661,null,-0.00998827,null,null
0.000732856,null,null,0.00232581,null
0.00328143,null,null,null,-0.000299876
0.994445,-0.0207379,null,null,null
0.0759661,null,-0.00998827,null,null
0.000732856,null,null,0.00232581,null
0.00328143,null,null,null,-0.000299876
0.994565,-0.0204613,null,null,null
0.0480871,null,-0.0400791,null,null
-0.0844117,null,null,-0.0178097,null
0.00180679,null,null,null,0.000533566
0.994529,-0.0205215,null,null,null
0.0536484,null,-0.0455281,null,null
-0.141474,null,null,-0.0020307,null
0.00319338,null,null,null,0.00117833
0.994466,-0.0220941,null,null,null
0.0741012,null,-0.0485543,null,null
-0.133116,null,null,0.00447092,null
-0.000781677,null,null,null,0.00340312
0.994466,-0.0220941,null,null,null
0.0741012,null,-0.0485543,null,null
-0.133116,null,null,0.00447092,null
-0.000781677,null,null,null,0.00340312
0.994466,-0.0220941,null,null,null
0.0741012,null,-0.0485543,null,null
-0.133116,null,null,0.00447092,null
-0.000781677,null,null,null,0.00340312
0.994466,-0.0220941,null,null,null
0.0741012,null,-0.0485543,null,null
-0.133116,null,null,0.00447092,null
-0.000781677,null,null,null,0.00340312
0.994466,-0.0220941,null,null,null
0.0741012,null,-0.0485543,null,null
-0.133116,null,null,0.00447092,null
-0.000781677,null,null,null,0.00340312
0.994361,-0.0252669,null,null,null
0.0852866,null,-0.0330369,null,null
-0.119175,null,null,0.0332213,null
0.000312684,null,null,null,-0.000882316
0.994361,-0.0252669,null,null,null
0.0852866,null,-0.0330369,null,null
-0.119175,null,null,0.0332213,null
0.000312684,null,null,null,-0.000882316
0.994351,-0.0229836,null,null,null
0.0937926,null,-0.0251294,null,null
-0.132121,null,null,0.0118423,null
-0.00334151,null,null,null,0.00157924
0.99442,-0.0202288,null,null,null
0.121799,null,-0.0652833,null,null
-0.120288,null,null,0.0117261,null
0.00381099,null,null,null,-0.0037202
0.99442,-0.021086,null,null,null
0.125262,null,-0.11271,null,null
-0.0921316,null,null,-0.000367723,null
-0.00100085,null,null,null,0.000305079
0.99442,-0.021086,null,null,null
0.125262,null,-0.11271,null,null
-0.0921316,null,null,-0.000367723,null
-0.00100085,null,null,null,0.000305079
0.99442,-0.021086,null,null,null
0.125262,null,-0.11271,null,null
-0.0921316,null,null,-0.000367723,null
-0.00100085,null,null,null,0.000305079
0.99445,-0.0222893,null,null,null
0.173619,null,-0.11217,null,null
-0.0751591,null,null,0.0537031,null
0.00246194,null,null,null,-0.00302854
0.994414,-0.022396,null,null,null
0.1299,null,-0.0957254,null,null
-0.0918554,null,null,0.044322,null
0.00451294,null,null,null,0.000200509
0.994414,-0.022396,null,null,null
0.1299,null,-0.0957254,null,null
-0.0918554,null,null,0.044322,null
0.00451294,null,null,null,0.000200509
0.994414,-0.022396,null,null,null
0.1299,null,-0.0957254,null,null
-0.0918554,null,null,0.044322,null
0.00451294,null,null,null,0.000200509
0.994414,-0.022396,null,null,null
0.1299,null,-0.0957254,null,null
-0.0918554,null,null,0.044322,null
0.00451294,null,null,null,0.000200509
0.994493,-0.0184612,null,null,null
0.170549,null,-0.116763,null,null
-0.108594,null,null,0.0114883,null
-0.00186048,null,null,null,0.000570401
0.994493,-0.0184612,null,null,null
0.170549,null,-0.116763,null,null
-0.108594,null,null,0.0114883,null
-0.00186048,null,null,null,0.000570401
0.994493,-0.0184612,null,null,null
0.170549,null,-0.116763,null,null
-0.108594,null,null,0.0114883,null
-0.00186048,null,null,null,0.000570401
0.994504,-0.0171938,null,null,null
0.188259,null,-0.0991901,null,null
-0.0524041,null,null,0.0795783,null
0.000860413,null,null,null,-0.00066752
0.994549,-0.0152807,null,null,null
0.222591,null,-0.135315,null,null
-0.036909,null,null,0.0986471,null
-0.00430981,null,null,null,-0.00212199
0.994549,-0.0152807,null,null,null
0.222591,null,-0.135315,null,null
-0.036909,null,null,0.0986471,null
-0.00430981,null,null,null,-0.00212199
0.994549,-0.0152807,null,null,null
0.222591,null,-0.135315,null,null
-0.036909,null,null,0.0986471,null
-0.00430981,null,null,null,-0.00212199
0.994549,-0.0152807,null,null,null
0.222591,null,-0.135315,null,null
-0.036909,null,null,0.0986471,null
-0.00430981,null,null,null,-0.00212199
0.994426,-0.0154053,null,null,null
0.240297,null,-0.113575,null,null
0.0316515,null,null,0.0247294,null
-0.000378817,null,null,null,0.00173951
0.994467,-0.0156538,null,null,null
0.192497,null,-0.14572,null,null
0.0152435,null,null,-0.0162915,null
-0.00145459,null,null,null,-0.00142654
0.99452,-0.0155152,null,null,null
0.234709,null,-0.150163,null,null
-0.0125071,null,null,0.0174256,null
0.00261129,null,null,null,-0.00144444
0.994535,-0.0168347,null,null,null
0.255611,null,-0.201559,null,null
-0.00461751,null,null,0.0700246,null
-0.00141512,null,null,null,-0.000904153
0.994552,-0.017885,null,null,null
0.200868,null,-0.217055,null,null
-0.0356025,null,null,0.115339,null
-0.000338266,null,null,null,3.37551e-05
0.99454,-0.0179962,null,null,null
0.181544,null,-0.207766,null,null
-0.0501313,null,null,0.109691,null
0.0030176,null,null,null,0.00255626
0.994622,-0.0153952,null,null,null
0.167809,null,-0.231941,null,null
-0.0574486,null,null,0.123353,null
0.0049225,null,null,null,0.0012781
0.99459,-0.0141531,null,null,null
0.142014,null,-0.277191,null,null
-0.06742,null,null,0.102246,null
0.00384774,null,null,null,-0.00050352
0.994618,-0.0137386,null,null,null
0.154707,null,-0.284983,null,null
-0.0984135,null,null,0.128089,null
0.00447725,null,null,null,0.000143944
0.994609,-0.0133636,null,null,null
0.164032,null,-0.316484,null,null
-0.0659471,null,null,0.11242,null
0.00175144,null,null,null,0.00158321
0.994609,-0.0133636,null,null,null
0.164032,null,-0.316484,null,null
-0.0659471,null,null,0.11242,null
0.00175144,null,null,null,0.00158321
0.994609,-0.0133636,null,null,null
0.164032,null,-0.316484,null,null
-0.0659471,null,null,0.11242,null
0.00175144,null,null,null,0.00158321
0.994609,-0.0133636,null,null,null
0.164032,null,-0.316484,null,null
-0.0659471,null,null,0.11242,null
0.00175144,null,null,null,0.00158321
0.994671,-0.0118668,null,null,null
0.193901,null,-0.316446,null,null
-0.0747177,null,null,0.128459,null
0.000120724,null,null,null,0.00369726
0.994695,-0.00975277,null,null,null
0.227715,null,-0.253802,null,null
-0.0547537,null,null,0.119522,null
0.000400906,null,null,null,0.00282382
0.994738,-0.00847315,null,null,null
0.275991,null,-0.286336,null,null
-0.061963,null,null,0.114562,null
-0.00202206,null,null,null,0.000998536
0.994699,-0.00694636,null,null,null
0.257014,null,-0.246704,null,null
-0.0203755,null,null,0.113061,null
0.00316314,null,null,null,-0.000924262
0.994695,-0.00856033,null,null,null
0.278791,null,-0.264298,null,null
-0.0280406,null,null,0.0488801,null
0.00058638,null,null,null,-0.00060585
0.994695,-0.00856033,null,null,null
0.278791,null,-0.264298,null,null
-0.0280406,null,null,0.0488801,null
0.00058638,null,null,null,-0.00060585
0.994695,-0.00856033,null,null,null
0.278791,null,-0.264298,null,null
-0.0280406,null,null,0.0488801,null
0.00058638,null,null,null,-0.00060585
0.994734,-0.00859725,null,null,null
0.262139,null,-0.289301,null,null
-0.0661304,null,null,0.08872,null
0.0016623,null,null,null,0.00119701
0.994734,-0.00859725,null,null,null
0.262139,null,-0.289301,null,null
-0.0661304,null,null,0.08872,null
0.0016623,null,null,null,0.00119701
0.994744,-0.00715611,null,null,null
0.240211,null,-0.292336,null,null
-0.0556509,null,null,0.0956265,null
0.000736233,null,null,null,-0.00086211
0.994744,-0.00715611,null,null,null
0.240211,null,-0.292336,null,null
-0.0556509,null,null,0.0956265,null
0.000736233,null,null,null,-0.00086211
0.994798,-0.00673341,null,null,null
0.185111,null,-0.265166,null,null
-0.136543,null,null,0.090604,null
0.00368286,null,null,null,-0.00167205
0.994729,-0.00350041,null,null,null
0.205305,null,-0.254344,null,null
-0.0995672,null,null,0.0909496,null
-0.0009104,null,null,null,-0.00363249
0.994765,-0.000769907,null,null,null
0.195112,null,-0.227595,null,null
-0.0972698,null,null,0.133026,null
0.000103467,null,null,null,-0.00477651
0.994741,-0.000151157,null,null,null
0.191711,null,-0.213755,null,null
-0.140509,null,null,0.14705,null
-0.000950649,null,null,null,-0.00231896
0.994736,-0.000291785,null,null,null
0.186764,null,-0.211352,null,null
-0.147006,null,null,0.134166,null
-0.00130148,null,null,null,-0.00122784
0.994736,-0.000291785,null,null,null
0.186764,null,-0.211352,null,null
-0.147006,null,null,0.134166,null
-0.00130148,null,null,null,-0.00122784
0.994721,-0.00211212,null,null,null
0.26821,null,-0.191319,null,null
-0.147306,null,null,0.158774,null
0.00549668,null,null,null,-0.00200317
0.994721,-0.00211212,null,null,null
0.26821,null,-0.191319,null,null
-0.147306,null,null,0.158774,null
0.00549668,null,null,null,-0.00200317
0.994721,-0.00211212,null,null,null
0.26821,null,-0.191319,null,null
-0.147306,null,null,0.158774,null
0.00549668,null,null,null,-0.00200317
0.994721,-0.00211212,null,null,null
0.26821,null,-0.191319,null,null
-0.147306,null,null,0.158774,null
0.00549668,null,null,null,-0.00200317
0.994721,-0.00211212,null,null,null
0.26821,null,-0.191319,null,null
-0.147306,null,null,0.158774,null
0.00549668,null,null,null,-0.00200317
0.994681,0.00283308,null,null,null
0.221997,null,-0.195837,null,null
-0.149317,null,null,0.109241,null
-0.000974174,null,null,null,-0.003766
0.994685,0.00105625,null,null,null
0.216385,null,-0.177475,null,null
-0.15221,null,null,0.0659946,null
0.00247194,null,null,null,-0.00286138
0.994674,-0.00182241,null,null,null
0.191835,null,-0.21471,null,null
-0.149684,null,null,0.0443747,null
-3.67996e-05,null,null,null,-0.00319916
0.994674,-0.00182241,null,null,null
0.191835,null,-0.21471,null,null
-0.149684,null,null,0.0443747,null
-3.67996e-05,null,null,null,-0.00319916
0.994674,-0.00182241,null,null,null
0.191835,null,-0.21471,null,null
-0.149684,null,null,0.0443747,null
-3.67996e-05,null,null,null,-0.00319916
0.994656,-0.00143265,null,null,null
0.244608,null,-0.253801,null,null
-0.119233,null,null,0.0563845,null
0.00624816,null,null,null,-0.0050869
0.994631,-0.000826149,null,null,null
0.243147,null,-0.25094,null,null
-0.113627,null,null,0.0729031,null
0.000753371,null,null,null,0.00185523
0.994572,0.000252934,null,null,null
0.265671,null,-0.249224,null,null
-0.0931995,null,null,0.049993,null
0.00186784,null,null,null,-5.59509e-05
0.994663,-0.00270829,null,null,null
0.327987,null,-0.273328,null,null
-0.103326,null,null,0.0563035,null
-0.000409914,null,null,null,-0.00144511
0.994677,-0.00241493,null,null,null
0.321128,null,-0.277933,null,null
-0.140086,null,null,0.0396764,null
0.0024622,null,null,null,-0.00463214
0.994677,-0.00241493,null,null,null
0.321128,null,-0.277933,null,null
-0.140086,null,null,0.0396764,null
0.0024622,null,null,null,-0.00463214
0.994664,-0.00127855,null,null,null
0.271541,null,-0.229594,null,null
-0.15697,null,null,0.00165726,null
0.00626336,null,null,null,-0.00397771
0.994598,-0.00322411,null,null,null
0.258891,null,-0.267526,null,null
-0.111139,null,null,-0.021506,null
0.00777331,null,null,null,-0.000872701
0.994598,-0.00322411,null,null,null
0.258891,null,-0.267526,null,null
-0.111139,null,null,-0.021506,null
0.00777331,null,null,null,-0.000872701
0.994598,-0.00322411,null,null,null
0.258891,null,-0.267526,null,null
-0.111139,null,null,-0.021506,null
0.00777331,null,null,null,-0.000872701
0.994598,-0.00322411,null,null,null
0.258891,null,-0.267526,null,null
-0.111139,null,null,-0.021506,null
0.00777331,null,null,null,-0.000872701
0.994604,-0.00321574,null,null,null
0.282429,null,-0.284804,null,null
-0.103203,null,null,0.0120339,null
0.00425504,null,null,null,-0.00256866
0.994619,-0.00230674,null,null,null
0.291112,null,-0.249812,null,null
-0.0444866,null,null,0.00749141,null
0.00535191,null,null,null,0.0017202
0.994619,-0.00230674,null,null,null
0.291112,null,-0.249812,null,null
-0.0444866,null,null,0.00749141,null
0.00535191,null,null,null,0.0017202
0.994536,-0.00331779,null,null,null
0.30649,null,-0.20607,null,null
-0.0041126,null,null,-0.0264855,null
0.00233875,null,null,null,0.00547177
0.994569,-0.00448296,null,null,null
0.307793,null,-0.19258,null,null
0.0199707,null,null,-0.0455055,null
-0.000223711,null,null,null,0.00169912
0.994569,-0.00448296,null,null,null
0.307793,null,-0.19258,null,null
0.0199707,null,null,-0.0455055,null
-0.000223711,null,null,null,0.00169912
0.994569,-0.00448296,null,null,null
0.307793,null,-0.19258,null,null
0.0199707,null,null,-0.0455055,null
-0.000223711,null,null,null,0.00169912
0.994569,-0.00448296,null,null,null
0.307793,null,-0.19258,null,null
0.0199707,null,null,-0.0455055,null
-0.000223711,null,null,null,0.00169912
0.994569,-0.00448296,null,null,null
0.307793,null,-0.19258,null,null
0.0199707,null,null,-0.0455055,null
-0.000223711,null,null,null,0.00169912
0.994569,-0.00448296,null,null,null
0.307793,null,-0.19258,null,null
0.0199707,null,null,-0.0455055,null
-0.000223711,null,null,null,0.00169912
0.994536,-0.00196663,null,null,null
0.360979,null,-0.211689,null,null
-0.0281846,null,null,-0.0376356,null
0.00407085,null,null,null,0.00449069
0.994536,-0.00196663,null,null,null
0.360979,null,-0.211689,null,null
-0.0281846,null,null,-0.0376356,null
0.00407085,null,null,null,0.00449069
0.994627,-0.00235975,null,null,null
0.301158,null,-0.228534,null,null
0.0350275,null,null,-0.0225736,null
-0.00377151,null,null,null,0.00267403
0.994569,-0.00567539,null,null,null
0.346332,null,-0.238553,null,null
0.0249233,null,null,-0.00268964,null
-0.00430585,null,null,null,0.00278634
0.994661,-0.00460306,null,null,null
0.311298,null,-0.219296,null,null
0.0631349,null,null,-0.0789373,null
-0.00562376,null,null,null,0.00297129
0.994586,-0.00291873,null,null,null
0.323741,null,-0.27027,null,null
0.0026786,null,null,-0.0637889,null
-0.000326283,null,null,null,-0.000675666
0.994629,-0.0048686,null,null,null
0.327414,null,-0.305296,null,null
0.0176478,null,null,-0.0396786,null
0.000326371,null,null,null,0.00116489
0.994594,-0.00652141,null,null,null
0.324678,null,-0.301675,null,null
0.0386307,null,null,0.010459,null
-0.00189604,null,null,null,-0.0023968
0.994654,-0.0068977,null,null,null
0.256859,null,-0.297882,null,null
0.00585751,null,null,-0.0011642,null
-0.000879689,null,null,null,0.0031004
0.994751,-0.0054433,null,null,null
0.255209,null,-0.23143,null,null
0.0274645,null,null,-0.00593585,null
-0.00198966,null,null,null,0.0018616
0.994687,-0.00260616,null,null,null
0.246377,null,-0.279924,null,null
-0.0185202,null,null,-0.049037,null
0.0010976,null,null,null,-0.00344141
0.9947,-0.00579431,null,null,null
0.244979,null,-0.332056,null,null
-0.0261023,null,null,-0.0586826,null
0.00371269,null,null,null,-0.000500722
0.9947,-0.00579431,null,null,null
0.244979,null,-0.332056,null,null
-0.0261023,null,null,-0.0586826,null
0.00371269,null,null,null,-0.000500722
0.994707,-0.00812486,null,null,null
0.210822,null,-0.303379,null,null
0.00465183,null,null,-0.0587341,null
0.00248328,null,null,null,-0.000473859
0.994726,-0.00951594,null,null,null
0.232088,null,-0.284161,null,null
-0.00606793,null,null,-0.0326869,null
0.00377284,null,null,null,-0.00167576
0.994726,-0.00951594,null,null,null
0.232088,null,-0.284161,null,null
-0.00606793,null,null,-0.0326869,null
0.00377284,null,null,null,-0.00167576
0.994656,-0.0113293,null,null,null
0.231139,null,-0.262825,null,null
0.0118095,null,null,-0.038719,null
0.00355256,null,null,null,0.00228063
0.994663,-0.0106982,null,null,null
0.250855,null,-0.254309,null,null
0.0512135,null,null,-0.0347396,null
-0.00180675,null,null,null,-0.00217876
0.994635,-0.0104171,null,null,null
0.259961,null,-0.257984,null,null
-0.0205257,null,null,0.0111951,null
0.00375555,null,null,null,-0.00294264
0.994736,-0.0100554,null,null,null
0.248206,null,-0.289591,null,null
0.0271959,null,null,-0.00453524,null
-0.000224132,null,null,null,0.000953016
0.994606,-0.00883846,null,null,null
0.221116,null,-0.231252,null,null
0.0382966,null,null,0.027788,null
-0.00141748,null,null,null,0.00281274
0.994606,-0.00883846,null,null,null
0.221116,null,-0.231252,null,null
0.0382966,null,null,0.027788,null
-0.00141748,null,null,null,0.00281274
0.994653,-0.0072345,null,null,null
0.220249,null,-0.245266,null,null
0.0882175,null,null,0.0116517,null
0.00151761,null,null,null,0.0020591
0.994622,-0.00828438,null,null,null
0.237055,null,-0.254943,null,null
0.0538455,null,null,0.0404841,null
0.000894645,null,null,null,-0.000203219
0.994622,-0.00828438,null,null,null
0.237055,null,-0.254943,null,null
0.0538455,null,null,0.0404841,null
0.000894645,null,null,null,-0.000203219
0.994604,-0.00932264,null,null,null
0.223585,null,-0.22348,null,null
0.0926645,null,null,0.00467069,null
0.000167871,null,null,null,0.00105266
0.99465,-0.0077642,null,null,null
0.263375,null,-0.217896,null,null
0.0330814,null,null,0.00491882,null
0.000228119,null,null,null,0.00251404
0.99465,-0.0077642,null,null,null
0.263375,null,-0.217896,null,null
0.0330814,null,null,0.00491882,null
0.000228119,null,null,null,0.00251404
0.994602,-0.0094813,null,null,null
0.253329,null,-0.239046,null,null
0.0465078,null,null,0.00713963,null
0.00131676,null,null,null,0.000198761
0.994624,-0.0115168,null,null,null
0.247218,null,-0.246872,null,null
0.0764984,null,null,0.00600515,null
-0.00206677,null,null,null,0.00263141
0.994621,-0.00875899,null,null,null
0.272298,null,-0.231625,null,null
0.0885474,null,null,0.0042862,null
0.000344025,null,null,null,0.0035394
0.99458,-0.00790779,null,null,null
0.209045,null,-0.187057,null,null
0.0938269,null,null,-0.0235605,null
-0.000860606,null,null,null,-0.000275018
0.994511,-0.00788471,null,null,null
0.222738,null,-0.201322,null,null
0.114486,null,null,-0.0457525,null
-0.000393723,null,null,null,-0.000884679
0.994463,-0.0108964,null,null,null
0.177333,null,-0.200425,null,null
0.121037,null,null,-0.0584876,null
0.00163236,null,null,null,0.00168407
0.994568,-0.00975716,null,null,null
0.20771,null,-0.198515,null,null
0.188604,null,null,-0.0979972,null
0.00499388,null,null,null,-0.00395211
0.994568,-0.00975716,null,null,null
0.20771,null,-0.198515,null,null
0.188604,null,null,-0.0979972,null
0.00499388,null,null,null,-0.00395211
0.994568,-0.00975716,null,null,null
0.20771,null,-0.198515,null,null
0.188604,null,null,-0.0979972,null
0.00499388,null,null,null,-0.00395211
0.994557,-0.0114323,null,null,null
0.212931,null,-0.181037,null,null
0.168582,null,null,-0.0494526,null
0.00107059,null,null,null,0.000303863
0.994557,-0.0114323,null,null,null
0.212931,null,-0.181037,null,null
0.168582,null,null,-0.0494526,null
0.00107059,null,null,null,0.000303863
0.994613,-0.00988591,null,null,null
0.122957,null,-0.203686,null,null
0.201251,null,null,-0.0305904,null
-0.000732016,null,null,null,0.0011124
0.994666,-0.00882955,null,null,null
0.103413,null,-0.198421,null,null
0.171695,null,null,-0.0480961,null
-0.0036088,null,null,null,-0.000673538
0.994666,-0.00882955,null,null,null
0.103413,null,-0.198421,null,null
0.171695,null,null,-0.0480961,null
-0.0036088,null,null,null,-0.000673538
0.994669,-0.00838406,null,null,null
0.14305,null,-0.229599,null,null
0.151641,null,null,-0.00201607,null
-0.00109267,null,null,null,0.00336297
0.994607,-0.0067464,null,null,null
0.188523,null,-0.224575,null,null
0.173595,null,null,0.0250204,null
-0.00217831,null,null,null,0.0023645
0.994607,-0.0067464,null,null,null
0.188523,null,-0.224575,null,null
0.173595,null,null,0.0250204,null
-0.00217831,null,null,null,0.0023645
0.994584,-0.00857148,null,null,null
0.240466,null,-0.31335,null,null
0.161239,null,null,0.119105,null
-0.000520439,null,null,null,0.0045293
0.994592,-0.00912546,null,null,null
0.23998,null,-0.25603,null,null
0.165874,null,null,0.0864994,null
-0.00181512,null,null,null,0.00106044
0.99463,-0.00729102,null,null,null
0.254284,null,-0.256231,null,null
0.109259,null,null,0.0103787,null
-0.001119,null,null,null,0.00178038
0.99463,-0.00729102,null,null,null
0.254284,null,-0.256231,null,null
0.109259,null,null,0.0103787,null
-0.001119,null,null,null,0.00178038
0.99463,-0.00729102,null,null,null
0.254284,null,-0.256231,null,null
0.109259,null,null,0.0103787,null
-0.001119,null,null,null,0.00178038
0.99463,-0.00729102,null,null,null
0.254284,null,-0.256231,null,null
0.109259,null,null,0.0103787,null
-0.001119,null,null,null,0.00178038
0.994634,-0.00799839,null,null,null
0.229309,null,-0.284494,null,null
0.0811824,null,null,0.000684898,null
0.00145718,null,null,null,-0.00379869
0.994634,-0.00799839,null,null,null
0.229309,null,-0.284494,null,null
0.0811824,null,null,0.000684898,null
0.00145718,null,null,null,-0.00379869
0.994561,-0.00984559,null,null,null
0.201694,null,-0.241145,null,null
0.105102,null,null,-0.0199357,null
0.00185768,null,null,null,-0.00587401
0.994618,-0.0111632,null,null,null
0.163531,null,-0.220431,null,null
0.108072,null,null,-0.0460431,null
0.000562693,null,null,null,0.00180532
0.994621,-0.0103981,null,null,null
0.185429,null,-0.211987,null,null
0.07836,null,null,-0.032186,null
0.00212745,null,null,null,-0.00103211
0.994621,-0.0103981,null,null,null
0.185429,null,-0.211987,null,null
0.07836,null,null,-0.032186,null
0.00212745,null,null,null,-0.00103211
0.994589,-0.0102645,null,null,null
0.213765,null,-0.211308,null,null
0.0928905,null,null,-0.0724904,null
0.000183667,null,null,null,-0.00481907
0.994483,-0.0127373,null,null,null
0.252858,null,-0.2047,null,null
0.122617,null,null,-0.0542784,null
5.27469e-05,null,null,null,-0.00606266
0.994483,-0.0127373,null,null,null
0.252858,null,-0.2047,null,null
0.122617,null,null,-0.0542784,null
5.27469e-05,null,null,null,-0.00606266
0.994546,-0.0111753,null,null,null
0.168145,null,-0.176121,null,null
0.122902,null,null,-0.0869761,null
0.00228109,null,null,null,-0.00482969
0.994551,-0.0113739,null,null,null
0.203157,null,-0.171533,null,null
0.125425,null,null,-0.038867,null
0.000730719,null,null,null,-0.00204181
0.99463,-0.0136415,null,null,null
0.17011,null,-0.17755,null,null
0.133139,null,null,-0.0850905,null
0.000184009,null,null,null,-0.00123953
0.99463,-0.0136415,null,null,null
0.17011,null,-0.17755,null,null
0.133139,null,null,-0.0850905,null
0.000184009,null,null,null,-0.00123953
0.994551,-0.0137031,null,null,null
0.225747,null,-0.160252,null,null
0.132976,null,null,-0.0896889,null
0.000344585,null,null,null,0.00233171
0.994551,-0.0137031,null,null,null
0.225747,null,-0.160252,null,null
0.132976,null,null,-0.0896889,null
0.000344585,null,null,null,0.00233171
0.994519,-0.0120885,null,null,null
0.228417,null,-0.176122,null,null
0.147311,null,null,-0.0847071,null
-0.00234453,null,null,null,-0.0023042
0.994519,-0.0120885,null,null,null
0.228417,null,-0.176122,null,null
0.147311,null,null,-0.0847071,null
-0.00234453,null,null,null,-0.0023042
0.994519,-0.0120885,null,null,null
0.228417,null,-0.176122,null,null
0.147311,null,null,-0.0847071,null
-0.00234453,null,null,null,-0.0023042
0.994519,-0.0120885,null,null,null
0.228417,null,-0.176122,null,null
0.147311,null,null,-0.0847071,null
-0.00234453,null,null,null,-0.0023042
0.994507,-0.00942479,null,null,null
0.220596,null,-0.194365,null,null
0.16002,null,null,-0.0983814,null
-0.000115265,null,null,null,-0.00151869
0.994586,-0.00872253,null,null,null
0.202244,null,-0.215781,null,null
0.147579,null,null,-0.0787308,null
0.00112646,null,null,null,-0.00258719
0.994576,-0.00874719,null,null,null
0.160014,null,-0.195062,null,null
0.146448,null,null,-0.103303,null
0.000170446,null,null,null,0.000172587
0.9946,-0.00842804,null,null,null
0.168225,null,-0.199621,null,null
0.134799,null,null,-0.0948143,null
-0.000511926,null,null,null,0.00122139
0.994557,-0.00924034,null,null,null
0.108629,null,-0.215328,null,null
0.127518,null,null,-0.16539,null
-0.0019773,null,null,null,0.00276515
0.994557,-0.00924034,null,null,null
0.108629,null,-0.215328,null,null
0.127518,null,null,-0.16539,null
-0.0019773,null,null,null,0.00276515
0.994557,-0.00924034,null,null,null
0.108629,null,-0.215328,null,null
0.127518,null,null,-0.16539,null
-0.0019773,null,null,null,0.00276515
0.994599,-0.00997646,null,null,null
0.0935081,null,-0.234544,null,null
0.143709,null,null,-0.140792,null
-0.000503511,null,null,null,0.00347735
0.994599,-0.00997646,null,null,null
0.0935081,null,-0.234544,null,null
0.143709,null,null,-0.140792,null
-0.000503511,null,null,null,0.00347735
0.994506,-0.0131938,null,null,null
0.0729284,null,-0.22391,null,null
0.206613,null,null,-0.147401,null
6.98655e-05,null,null,null,0.00203156
0.994574,-0.0136534,null,null,null
0.04115,null,-0.207961,null,null
0.257706,null,null,-0.118567,null
-0.000835976,null,null,null,0.00239388
0.994616,-0.01412,null,null,null
0.0610839,null,-0.230599,null,null
0.268886,null,null,-0.112626,null
-0.000417366,null,null,null,0.00393377
0.994622,-0.0167329,null,null,null
0.0404596,null,-0.222826,null,null
0.265292,null,null,-0.142144,null
-0.00325921,null,null,null,0.00633124
0.994622,-0.0167329,null,null,null
0.0404596,null,-0.222826,null,null
0.265292,null,null,-0.142144,null
-0.00325921,null,null,null,0.00633124
0.994605,-0.0172894,null,null,null
0.0155475,null,-0.25499,null,null
0.275602,null,null,-0.127254,null
0.000112393,null,null,null,0.00213143
0.994552,-0.0151991,null,null,null
0.0112764,null,-0.24572,null,null
0.296712,null,null,-0.124936,null
0.00411657,null,null,null,0.00249116
0.99461,-0.0145085,null,null,null
0.00697879,null,-0.197155,null,null
0.2596,null,null,-0.166101,null
-0.0012312,null,null,null,0.000184426
0.99461,-0.0145085,null,null,null
0.00697879,null,-0.197155,null,null
0.2596,null,null,-0.166101,null
-0.0012312,null,null,null,0.000184426
0.994525,-0.0143734,null,null,null
0.00282895,null,-0.231409,null,null
0.201426,null,null,-0.117677,null
-0.00402046,null,null,null,-0.00152971
0.994525,-0.0143734,null,null,null
0.00282895,null,-0.231409,null,null
0.201426,null,null,-0.117677,null
-0.00402046,null,null,null,-0.00152971
0.994585,-0.0149011,null,null,null
0.0518943,null,-0.259393,null,null
0.222714,null,null,-0.122719,null
-2.25144e-05,null,null,null,-0.0024216
0.994625,-0.0150884,null,null,null
0.0543695,null,-0.283366,null,null
0.222984,null,null,-0.0892773,null
-0.000289645,null,null,null,-0.000978207
0.994625,-0.0150884,null,null,null
0.0543695,null,-0.283366,null,null
0.222984,null,null,-0.0892773,null
-0.000289645,null,null,null,-0.000978207
0.9945,-0.0171444,null,null,null
0.0639379,null,-0.291771,null,null
0.228577,null,null,-0.0450811,null
-0.00067579,null,null,null,0.00101068
0.994416,-0.0208635,null,null,null
0.0331226,null,-0.290121,null,null
0.206336,null,null,-0.0789069,null
0.000943546,null,null,null,0.00426877
0.994454,-0.0207779,null,null,null
0.0218183,null,-0.334155,null,null
0.233555,null,null,-0.0871715,null
0.00250462,null,null,null,0.000907631
0.994496,-0.0200185,null,null,null
0.0375772,null,-0.368745,null,null
0.245741,null,null,-0.130346,null
0.00453805,null,null,null,0.00235205
0.994526,-0.0205186,null,null,null
0.0213179,null,-0.327709,null,null
0.160829,null,null,-0.127041,null
0.001367,null,null,null,0.00352893
0.994535,-0.0212281,null,null,null
0.0341016,null,-0.373504,null,null
0.144036,null,null,-0.0980363,null
0.00215833,null,null,null,0.0033312
0.994535,-0.0212281,null,null,null
0.0341016,null,-0.373504,null,null
0.144036,null,null,-0.0980363,null
0.00215833,null,null,null,0.0033312
0.994564,-0.0194239,null,null,null
0.0132555,null,-0.331131,null,null
0.161675,null,null,-0.054189,null
0.0029937,null,null,null,-0.00167379
0.994564,-0.0194239,null,null,null
0.0132555,null,-0.331131,null,null
0.161675,null,null,-0.054189,null
0.0029937,null,null,null,-0.00167379
0.994613,-0.0182725,null,null,null
0.0362841,null,-0.319879,null,null
0.150216,null,null,-0.00164461,null
-0.000233412,null,null,null,0.00304681
0.994665,-0.0142767,null,null,null
0.0421531,null,-0.348584,null,null
0.15682,null,null,-0.0478595,null
0.00278894,null,null,null,0.00427464
0.994659,-0.0105565,null,null,null
0.0433459,null,-0.306431,null,null
0.173258,null,null,-0.05928,null
0.00255836,null,null,null,0.00380708
0.994675,-0.00889555,null,null,null
0.0125241,null,-0.294988,null,null
0.148995,null,null,0.0443575,null
0.00184671,null,null,null,0.000548124
0.994675,-0.00889555,null,null,null
0.0125241,null,-0.294988,null,null
0.148995,null,null,0.0443575,null
0.00184671,null,null,null,0.000548124
0.994669,-0.00783501,null,null,null
-0.0212695,null,-0.329973,null,null
0.190681,null,null,0.073338,null
-0.00150076,null,null,null,0.00165512
0.994669,-0.00783501,null,null,null
-0.0212695,null,-0.329973,null,null
0.190681,null,null,0.073338,null
-0.00150076,null,null,null,0.00165512
0.994666,-0.00578385,null,null,null
-0.0410496,null,-0.34025,null,null
0.15327,null,null,0.0679885,null
-0.00243294,null,null,null,-0.0020582
0.994666,-0.00578385,null,null,null
-0.0410496,null,-0.34025,null,null
0.15327,null,null,0.0679885,null
-0.00243294,null,null,null,-0.0020582
0.994616,-0.00794954,null,null,null
-0.0321621,null,-0.330154,null,null
0.150101,null,null,0.125106,null
-0.00111728,null,null,null,0.00225329
0.994616,-0.00794954,null,null,null
-0.0321621,null,-0.330154,null,null
0.150101,null,null,0.125106,null
-0.00111728,null,null,null,0.00225329
0.994616,-0.00794954,null,null,null
-0.0321621,null,-0.330154,null,null
0.150101,null,null,0.125106,null
-0.00111728,null,null,null,0.00225329
0.994616,-0.00794954,null,null,null
-0.0321621,null,-0.330154,null,null
0.150101,null,null,0.125106,null
-0.00111728,null,null,null,0.00225329
0.994616,-0.00794954,null,null,null
-0.0321621,null,-0.330154,null,null
0.150101,null,null,0.125106,null
-0.00111728,null,null,null,0.00225329
0.994616,-0.00794954,null,null,null
-0.0321621,null,-0.330154,null,null
0.150101,null,null,0.125106,null
-0.00111728,null,null,null,0.00225329
0.994659,-0.00512329,null,null,null
-0.0729269,null,-0.371387,null,null
0.105096,null,null,0.067833,null
-0.0019879,null,null,null,0.00180071
0.994656,-0.000579761,null,null,null
-0.0690443,null,-0.379779,null,null
0.0657087,null,null,0.068076,null
-0.00412831,null,null,null,0.000534842
0.994735,0.00162688,null,null,null
-0.0804093,null,-0.323756,null,null
0.0478396,null,null,0.0451807,null
-0.00314093,null,null,null,0.00266451
0.994698,0.00209085,null,null,null
-0.0914451,null,-0.358909,null,null
0.0723935,null,null,0.0661883,null
-0.00481681,null,null,null,0.00188275
0.994698,0.00209085,null,null,null
-0.0914451,null,-0.358909,null,null
0.0723935,null,null,0.0661883,null
-0.00481681,null,null,null,0.00188275
0.994698,0.00209085,null,null,null
-0.0914451,null,-0.358909,null,null
0.0723935,null,null,0.0661883,null
-0.00481681,null,null,null,0.00188275
0.994692,0.00304045,null,null,null
-0.106885,null,-0.340817,null,null
0.0702081,null,null,0.0359923,null
-0.00155071,null,null,null,-0.000485894
0.994692,0.00304045,null,null,null
-0.106885,null,-0.340817,null,null
0.0702081,null,null,0.0359923,null
-0.00155071,null,null,null,-0.000485894
0.994709,0.00307134,null,null,null
-0.0671166,null,-0.352464,null,null
0.117489,null,null,0.0338712,null
-0.00286516,null,null,null,0.0039562
0.994709,0.00307134,null,null,null
-0.0671166,null,-0.352464,null,null
0.117489,null,null,0.0338712,null
-0.00286516,null,null,null,0.0039562
0.994709,0.00307134,null,null,null
-0.0671166,null,-0.352464,null,null
0.117489,null,null,0.0338712,null
-0.00286516,null,null,null,0.0039562
0.994684,0.00354229,null,null,null
-0.13837,null,-0.376115,null,null
0.116509,null,null,0.114354,null
-0.00102377,null,null,null,0.00821124
0.994694,0.0017573,null,null,null
-0.15981,null,-0.342168,null,null
0.196876,null,null,0.0888318,null
-0.00150406,null,null,null,0.00337787
0.994694,0.0017573,null,null,null
-0.15981,null,-0.342168,null,null
0.196876,null,null,0.0888318,null
-0.00150406,null,null,null,0.00337787
0.994694,0.0017573,null,null,null
-0.15981,null,-0.342168,null,null
0.196876,null,null,0.0888318,null
-0.00150406,null,null,null,0.00337787
0.994694,0.0017573,null,null,null
-0.15981,null,-0.342168,null,null
0.196876,null,null,0.0888318,null
-0.00150406,null,null,null,0.00337787
0.994686,-0.000442581,null,null,null
-0.143359,null,-0.311774,null,null
0.184256,null,null,0.0958146,null
-0.00186185,null,null,null,0.00558038
0.994674,0.00314595,null,null,null
-0.146575,null,-0.317749,null,null
0.19925,null,null,0.13841,null
-0.00190463,null,null,null,0.00198566
0.994674,0.00314595,null,null,null
-0.146575,null,-0.317749,null,null
0.19925,null,null,0.13841,null
-0.00190463,null,null,null,0.00198566
0.994674,0.00314595,null,null,null
-0.146575,null,-0.317749,null,null
0.19925,null,null,0.13841,null
-0.00190463,null,null,null,0.00198566
0.994674,0.00314595,null,null,null
-0.146575,null,-0.317749,null,null
0.19925,null,null,0.13841,null
-0.00190463,null,null,null,0.00198566
0.994684,0.00301319,null,null,null
-0.177487,null,-0.27149,null,null
0.237836,null,null,0.111496,null
-0.00134358,null,null,null,0.00104919
0.994694,0.000814916,null,null,null
-0.220835,null,-0.228455,null,null
0.201061,null,null,0.156209,null
-0.00312303,null,null,null,-0.000226844
0.994694,0.000814916,null,null,null
-0.220835,null,-0.228455,null,null
0.201061,null,null,0.156209,null
-0.00312303,null,null,null,-0.000226844
0.994683,-0.00320112,null,null,null
-0.182254,null,-0.224862,null,null
0.215311,null,null,0.133841,null
0.000299766,null,null,null,0.000113452
0.994683,-0.00320112,null,null,null
-0.182254,null,-0.224862,null,null
0.215311,null,null,0.133841,null
0.000299766,null,null,null,0.000113452
0.994666,-0.00521076,null,null,null
-0.215253,null,-0.242405,null,null
0.235261,null,null,0.135474,null
0.00369991,null,null,null,-0.000679631
0.99471,-0.00599211,null,null,null
-0.192667,null,-0.208016,null,null
0.227873,null,null,0.16605,null
0.000324331,null,null,null,0.00273755
0.99471,-0.00599211,null,null,null
-0.192667,null,-0.208016,null,null
0.227873,null,null,0.16605,null
0.000324331,null,null,null,0.00273755
0.99471,-0.00599211,null,null,null
-0.192667,null,-0.208016,null,null
0.227873,null,null,0.16605,null
0.000324331,null,null,null,0.00273755
0.99471,-0.00599211,null,null,null
-0.192667,null,-0.208016,null,null
0.227873,null,null,0.16605,null
0.000324331,null,null,null,0.00273755
0.994699,-0.00702849,null,null,null
-0.213665,null,-0.200379,null,null
0.254804,null,null,0.152899,null
0.0010239,null,null,null,-0.00166644
0.994694,-0.0095148,null,null,null
-0.220993,null,-0.211221,null,null
0.23759,null,null,0.19475,null
0.00354157,null,null,null,-0.00169045
0.994733,-0.0043953,null,null,null
-0.22248,null,-0.243274,null,null
0.228408,null,null,0.200923,null
0.000194925,null,null,null,-0.002633
0.994739,-0.00310931,null,null,null
-0.215749,null,-0.172071,null,null
0.257071,null,null,0.164224,null
6.61955e-05,null,null,null,-0.00107297
0.994739,-0.00310931,null,null,null
-0.215749,null,-0.172071,null,null
0.257071,null,null,0.164224,null
6.61955e-05,null,null,null,-0.00107297
0.994729,-0.0016633,null,null,null
-0.181251,null,-0.217874,null,null
0.317213,null,null,0.142091,null
0.00213985,null,null,null,-0.000632826
0.994731,-0.0025691,null,null,null
-0.157849,null,-0.21231,null,null
0.337804,null,null,0.131114,null
0.00185101,null,null,null,0.00164365
0.99473,-0.00324942,null,null,null
-0.163121,null,-0.201076,null,null
0.328798,null,null,0.115842,null
0.00114648,null,null,null,-0.0029057
0.994714,-0.00314426,null,null,null
-0.222883,null,-0.231753,null,null
0.271075,null,null,0.149181,null
-0.002306,null,null,null,-0.00286311
0.994714,-0.00314426,null,null,null
-0.222883,null,-0.231753,null,null
0.271075,null,null,0.149181,null
-0.002306,null,null,null,-0.00286311
0.994726,-0.00498064,null,null,null
-0.215395,null,-0.173997,null,null
0.301235,null,null,0.160986,null
0.000682182,null,null,null,-0.00243616
0.99473,-0.00363419,null,null,null
-0.192233,null,-0.207487,null,null
0.294195,null,null,0.129894,null
-0.00180543,null,null,null,-0.00182215
0.99479,-0.0016214,null,null,null
-0.177014,null,-0.262204,null,null
0.293393,null,null,0.151979,null
0.0016001,null,null,null,-0.00281974
0.994784,-0.00110446,null,null,null
-0.14914,null,-0.233376,null,null
0.29345,null,null,0.172346,null
0.00225291,null,null,null,-0.00488699
0.994784,-0.00110446,null,null,null
-0.14914,null,-0.233376,null,null
0.29345,null,null,0.172346,null
0.00225291,null,null,null,-0.00488699
0.9948,-0.000679383,null,null,null
-0.20504,null,-0.214096,null,null
0.311538,null,null,0.163396,null
0.00502304,null,null,null,-0.00177245
0.994753,-0.000460751,null,null,null
-0.168616,null,-0.227151,null,null
0.224903,null,null,0.149066,null
0.000576639,null,null,null,-0.00383044
0.994753,-0.000460751,null,null,null
-0.168616,null,-0.227151,null,null
0.224903,null,null,0.149066,null
0.000576639,null,null,null,-0.00383044
0.994789,0.000329591,null,null,null
-0.208466,null,-0.179734,null,null
0.295576,null,null,0.163189,null
0.000401155,null,null,null,-0.00160446
0.994789,0.000329591,null,null,null
-0.208466,null,-0.179734,null,null
0.295576,null,null,0.163189,null
0.000401155,null,null,null,-0.00160446
0.994836,0.00167689,null,null,null
-0.213448,null,-0.230065,null,null
0.244031,null,null,0.177644,null
0.000979779,null,null,null,0.00219751
0.994836,0.00167689,null,null,null
-0.213448,null,-0.230065,null,null
0.244031,null,null,0.177644,null
0.000979779,null,null,null,0.00219751
0.99476,0.00445669,null,null,null
-0.226365,null,-0.213841,null,null
0.285695,null,null,0.207077,null
-0.00113313,null,null,null,0.00129239
0.994691,0.00569229,null,null,null
-0.20027,null,-0.1788,null,null
0.289926,null,null,0.209755,null
-0.00182461,null,null,null,0.00177501
0.994691,0.00569229,null,null,null
-0.20027,null,-0.1788,null,null
0.289926,null,null,0.209755,null
-0.00182461,null,null,null,0.00177501
0.994633,0.00744871,null,null,null
-0.202281,null,-0.144083,null,null
0.279691,null,null,0.220064,null
0.000312512,null,null,null,0.00287439
0.994734,0.00938421,null,null,null
-0.158236,null,-0.143467,null,null
0.273587,null,null,0.187727,null
0.00165154,null,null,null,0.000494279
0.994744,0.00409147,null,null,null
-0.111804,null,-0.127383,null,null
0.300936,null,null,0.140453,null
-3.89237e-05,null,null,null,0.00229431
0.994654,0.000674456,null,null,null
-0.105447,null,-0.124134,null,null
0.335141,null,null,0.146764,null
-0.00106323,null,null,null,-0.00276618
0.994654,0.000674456,null,null,null
-0.105447,null,-0.124134,null,null
0.335141,null,null,0.146764,null
-0.00106323,null,null,null,-0.00276618
0.994637,0.000383535,null,null,null
-0.0395812,null,-0.0772509,null,null
0.321862,null,null,0.149916,null
-0.00378879,null,null,null,-0.000860826
0.99469,-0.00185416,null,null,null
-0.0752726,null,-0.102242,null,null
0.371217,null,null,0.176165,null
0.00218792,null,null,null,0.00130941
0.99469,-0.00185416,null,null,null
-0.0752726,null,-0.102242,null,null
0.371217,null,null,0.176165,null
0.00218792,null,null,null,0.00130941
0.99469,-0.00185416,null,null,null
-0.0752726,null,-0.102242,null,null
0.371217,null,null,0.176165,null
0.00218792,null,null,null,0.00130941
0.994757,-0.00355155,null,null,null
-0.104497,null,-0.0930745,null,null
0.303158,null,null,0.149611,null
-0.00220115,null,null,null,0.00454595
0.994742,-0.00627239,null,null,null
-0.0509722,null,-0.0714806,null,null
0.330574,null,null,0.134662,null
-0.00260098,null,null,null,0.00281814
0.994681,-0.00586521,null,null,null
-0.0371335,null,-0.00584919,null,null
0.323971,null,null,0.13743,null
0.00352198,null,null,null,0.00541309
0.994681,-0.00586521,null,null,null
-0.0371335,null,-0.00584919,null,null
0.323971,null,null,0.13743,null
0.00352198,null,null,null,0.00541309
0.994681,-0.00586521,null,null,null
-0.0371335,null,-0.00584919,null,null
0.323971,null,null,0.13743,null
0.00352198,null,null,null,0.00541309
0.994744,-0.00710603,null,null,null
-0.0180739,null,-0.00570311,null,null
0.318927,null,null,0.0833005,null
0.00416539,null,null,null,0.00129636
0.994744,-0.00710603,null,null,null
-0.0180739,null,-0.00570311,null,null
0.318927,null,null,0.0833005,null
0.00416539,null,null,null,0.00129636
0.994769,-0.0058423,null,null,null
-0.0620127,null,-0.0404831,null,null
0.312717,null,null,0.073457,null
0.00270711,null,null,null,0.0017023
0.994744,-0.00428677,null,null,null
-0.0217311,null,0.0367799,null,null
0.318773,null,null,0.0812661,null
0.000795626,null,null,null,-0.000652673
0.994686,-0.00489721,null,null,null
-0.0765664,null,0.00942629,null,null
0.366063,null,null,0.040155,null
0.0013305,null,null,null,0.00115492
0.994677,-0.00559786,null,null,null
-0.0579687,null,-0.014434,null,null
0.369451,null,null,0.0521004,null
0.00112406,null,null,null,0.000151824
0.994727,-0.00619644,null,null,null
-0.095683,null,-0.0273373,null,null
0.355074,null,null,0.0351462,null
-0.00437245,null,null,null,-0.00339896
0.994727,-0.00619644,null,null,null
-0.095683,null,-0.0273373,null,null
0.355074,null,null,0.0351462,null
-0.00437245,null,null,null,-0.00339896
0.99471,-0.00694259,null,null,null
-0.122909,null,-0.037191,null,null
0.311446,null,null,0.0146788,null
-0.000836689,null,null,null,-0.00166654
0.994729,-0.00764297,null,null,null
-0.0543228,null,-0.0326828,null,null
0.303114,null,null,0.00240217,null
-0.00175159,null,null,null,0.00146505
0.994729,-0.00764297,null,null,null
-0.0543228,null,-0.0326828,null,null
0.303114,null,null,0.00240217,null
-0.00175159,null,null,null,0.00146505
0.994779,-0.00776247,null,null,null
-0.057442,null,-0.0276509,null,null
0.29908,null,null,0.00100474,null
0.000328265,null,null,null,-0.00192962
0.994779,-0.00776247,null,null,null
-0.057442,null,-0.0276509,null,null
0.29908,null,null,0.00100474,null
0.000328265,null,null,null,-0.00192962
0.994741,-0.00824239,null,null,null
-0.0611685,null,0.0062553,null,null
0.32448,null,null,-0.00877914,null
-0.0022769,null,null,null,-0.00163536
0.994712,-0.0110561,null,null,null
-0.0904387,null,-0.020014,null,null
0.285977,null,null,-0.045505,null
0.00125938,null,null,null,-0.0031105
0.994712,-0.0110561,null,null,null
-0.0904387,null,-0.020014,null,null
0.285977,null,null,-0.045505,null
0.00125938,null,null,null,-0.0031105
0.994654,-0.0131236,null,null,null
-0.0706469,null,-0.0383979,null,null
0.269047,null,null,-0.0544114,null
0.00212406,null,null,null,-0.00154701
0.994665,-0.0113496,null,null,null
-0.0564609,null,0.00720619,null,null
0.271434,null,null,-0.0129646,null
0.00196305,null,null,null,-0.00543907
0.994639,-0.0120693,null,null,null
-0.0723815,null,0.0273354,null,null
0.220307,null,null,-0.0361093,null
-0.00140771,null,null,null,-0.00386296
0.994639,-0.0120693,null,null,null
-0.0723815,null,0.0273354,null,null
0.220307,null,null,-0.0361093,null
-0.00140771,null,null,null,-0.00386296
0.994639,-0.0120693,null,null,null
-0.0723815,null,0.0273354,null,null
0.220307,null,null,-0.0361093,null
-0.00140771,null,null,null,-0.00386296
0.994639,-0.0120693,null,null,null
-0.0723815,null,0.0273354,null,null
0.220307,null,null,-0.0361093,null
-0.00140771,null,null,null,-0.00386296
0.994639,-0.0120693,null,null,null
-0.0723815,null,0.0273354,null,null
0.220307,null,null,-0.0361093,null
-0.00140771,null,null,null,-0.00386296
0.994668,-0.0126316,null,null,null
-0.0995049,null,-0.0302001,null,null
0.232822,null,null,-0.0160922,null
-0.00298566,null,null,null,-0.00249744
0.994701,-0.0129185,null,null,null
-0.114695,null,0.00014009,null,null
0.262514,null,null,-0.0890258,null
-0.00458474,null,null,null,-0.000993598
0.994707,-0.0113602,null,null,null
-0.0894067,null,0.0055141,null,null
0.204585,null,null,-0.0772508,null
0.00143111,null,null,null,-0.0017334
0.994745,-0.0105712,null,null,null
-0.119596,null,-0.0558226,null,null
0.215191,null,null,-0.0797453,null
0.0027161,null,null,null,-0.0046545
0.994762,-0.0108131,null,null,null
-0.0978148,null,-0.00999929,null,null
0.20473,null,null,-0.0866034,null
-0.00141924,null,null,null,-0.000864645
0.994762,-0.0108131,null,null,null
-0.0978148,null,-0.00999929,null,null
0.20473,null,null,-0.0866034,null
-0.00141924,null,null,null,-0.000864645
0.99478,-0.00950141,null,null,null
-0.0981331,null,-0.0402719,null,null
0.237571,null,null,-0.0435205,null
-0.000867406,null,null,null,0.00137481
0.994739,-0.00857595,null,null,null
-0.113097,null,0.0218669,null,null
0.218388,null,null,-0.0538316,null
0.0065896,null,null,null,0.00112092
0.994739,-0.00846985,null,null,null
-0.0935455,null,0.013335,null,null
0.253104,null,null,-0.0649981,null
0.00400024,null,null,null,-0.00330328
0.99475,-0.00599094,null,null,null
-0.097461,null,-0.0375985,null,null
0.268049,null,null,-0.0498663,null
0.00420307,null,null,null,-0.0024108
0.99475,-0.00599094,null,null,null
-0.097461,null,-0.0375985,null,null
0.268049,null,null,-0.0498663,null
0.00420307,null,null,null,-0.0024108
0.99475,-0.00599094,null,null,null
-0.097461,null,-0.0375985,null,null
0.268049,null,null,-0.0498663,null
0.00420307,null,null,null,-0.0024108
0.99475,-0.00599094,null,null,null
-0.097461,null,-0.0375985,null,null
0.268049,null,null,-0.0498663,null
0.00420307,null,null,null,-0.0024108
0.99475,-0.00599094,null,null,null
-0.097461,null,-0.0375985,null,null
0.268049,null,null,-0.0498663,null
0.00420307,null,null,null,-0.0024108
0.994681,-0.00268287,null,null,null
-0.0964501,null,0.0296093,null,null
0.280381,null,null,-0.0598184,null
-0.000173894,null,null,null,0.000901264
0.994677,0.000760043,null,null,null
-0.0929502,null,-0.0105137,null,null
0.296026,null,null,-0.0838805,null
-0.00248815,null,null,null,-0.000807511
0.994649,0.00134669,null,null,null
-0.0606234,null,-0.0293136,null,null
0.240809,null,null,-0.0291275,null
-0.00382605,null,null,null,0.000219482
0.994689,0.00196022,null,null,null
-0.0519661,null,-0.0298975,null,null
0.285441,null,null,-0.0903384,null
-0.000791751,null,null,null,0.00357133
0.994689,0.00196022,null,null,null
-0.0519661,null,-0.0298975,null,null
0.285441,null,null,-0.0903384,null
-0.000791751,null,null,null,0.00357133
0.994689,0.00196022,null,null,null
-0.0519661,null,-0.0298975,null,null
0.285441,null,null,-0.0903384,null
-0.000791751,null,null,null,0.00357133
0.994684,0.00347998,null,null,null
-0.0253824,null,-0.0502949,null,null
0.292344,null,null,-0.0985997,null
-0.0012177,null,null,null,0.00108391
0.99457,0.0046715,null,null,null
-0.0452072,null,-0.0410973,null,null
0.276255,null,null,-0.121699,null
0.00293669,null,null,null,0.00155347
0.99457,0.00766184,null,null,null
-0.0523596,null,-0.0628219,null,null
0.329763,null,null,-0.111635,null
0.000839906,null,null,null,0.000690278
0.99457,0.00766184,null,null,null
-0.0523596,null,-0.0628219,null,null
0.329763,null,null,-0.111635,null
0.000839906,null,null,null,0.000690278
0.994589,0.0108538,null,null,null
-0.054586,null,-0.0617388,null,null
0.31795,null,null,-0.0685646,null
0.000599946,null,null,null,0.00109675
0.994589,0.0108538,null,null,null
-0.054586,null,-0.0617388,null,null
0.31795,null,null,-0.0685646,null
0.000599946,null,null,null,0.00109675
0.994585,0.0116881,null,null,null
-0.0593308,null,-0.041648,null,null
0.312435,null,null,-0.0574519,null
-0.000277277,null,null,null,-8.23083e-05
0.994513,0.0120066,null,null,null
-0.0329378,null,-0.0451503,null,null
0.317839,null,null,-0.079382,null
0.000290851,null,null,null,-0.00431981
0.99457,0.0108451,null,null,null
0.0113113,null,-0.0303793,null,null
0.329638,null,null,-0.0734261,null
0.00148322,null,null,null,-4.51246e-05
0.994598,0.0114195,null,null,null
-0.00828969,null,-0.0417155,null,null
0.27137,null,null,-0.100278,null
0.0042051,null,null,null,0.00229197
0.994545,0.0114309,null,null,null
0.0111383,null,-0.0409821,null,null
0.245117,null,null,-0.0388319,null
0.00347842,null,null,null,0.000907973
0.994525,0.00948701,null,null,null
0.0347295,null,-0.0148514,null,null
0.210184,null,null,-0.0570379,null
0.00627543,null,null,null,0.00149101
0.994634,0.00758369,null,null,null
0.0122879,null,-0.0315079,null,null
0.250274,null,null,-0.0647082,null
0.00316176,null,null,null,0.000409335
0.994509,0.0121241,null,null,null
-0.00889962,null,0.00918814,null,null
0.262756,null,null,-0.0776462,null
0.000514665,null,null,null,-0.00148834
0.99457,0.0124475,null,null,null
-0.00430959,null,-0.00181896,null,null
0.261628,null,null,-0.0701858,null
-8.03066e-05,null,null,null,-0.0015087
0.994533,0.0122523,null,null,null
-0.0371516,null,0.017331,null,null
0.229236,null,null,-0.0321314,null
-0.000768255,null,null,null,-0.0014924
0.994618,0.0126924,null,null,null
-0.0355852,null,-0.0156146,null,null
0.187479,null,null,0.0604722,null
0.000347185,null,null,null,-9.33653e-05
0.99468,0.0126121,null,null,null
-0.0237175,null,0.0469639,null,null
0.247474,null,null,0.049711,null
0.000519902,null,null,null,-0.00030191
0.994659,0.00946029,null,null,null
-0.0512456,null,-0.0100849,null,null
0.32731,null,null,0.00668909,null
0.00407135,null,null,null,-0.000262072
0.994659,0.00946029,null,null,null
-0.0512456,null,-0.0100849,null,null
0.32731,null,null,0.00668909,null
0.00407135,null,null,null,-0.000262072
0.994659,0.00946029,null,null,null
-0.0512456,null,-0.0100849,null,null
0.32731,null,null,0.00668909,null
0.00407135,null,null,null,-0.000262072
0.994659,0.00946029,null,null,null
-0.0512456,null,-0.0100849,null,null
0.32731,null,null,0.00668909,null
0.00407135,null,null,null,-0.000262072
0.994733,0.0107278,null,null,null
0.00477307,null,-0.00100356,null,null
0.298129,null,null,0.0145708,null
0.0025895,null,null,null,-0.00128895
0.994724,0.0105133,null,null,null
0.0796277,null,-0.0587585,null,null
0.28379,null,null,-0.0371866,null
-0.00150224,null,null,null,-0.000330424
0.994744,0.00925086,null,null,null
0.0554511,null,-0.0499143,null,null
0.259019,null,null,-0.052712,null
-0.00245136,null,null,null,-0.00253331
0.994744,0.00925086,null,null,null
0.0554511,null,-0.0499143,null,null
0.259019,null,null,-0.052712,null
-0.00245136,null,null,null,-0.00253331
0.994744,0.00925086,null,null,null
0.0554511,null,-0.0499143,null,null
0.259019,null,null,-0.052712,null
-0.00245136,null,null,null,-0.00253331
0.994744,0.00925086,null,null,null
0.0554511,null,-0.0499143,null,null
0.259019,null,null,-0.052712,null
-0.00245136,null,null,null,-0.00253331
0.994699,0.00831745,null,null,null
0.0331269,null,-0.061726,null,null
0.270771,null,null,-0.0423576,null
-0.00253654,null,null,null,0.000576841
0.994739,0.00479379,null,null,null
0.0491496,null,0.000230433,null,null
0.262725,null,null,-0.0654981,null
0.000586356,null,null,null,0.00260407
0.994726,0.00272035,null,null,null
0.108996,null,0.0296369,null,null
0.266151,null,null,-0.0537391,null
0.000489416,null,null,null,0.00108937
0.994726,0.00272035,null,null,null
0.108996,null,0.0296369,null,null
0.266151,null,null,-0.0537391,null
0.000489416,null,null,null,0.00108937
0.994726,0.00272035,null,null,null
0.108996,null,0.0296369,null,null
0.266151,null,null,-0.0537391,null
0.000489416,null,null,null,0.00108937
0.994726,0.00272035,null,null,null
0.108996,null,0.0296369,null,null
0.266151,null,null,-0.0537391,null
0.000489416,null,null,null,0.00108937
0.994726,0.00272035,null,null,null
0.108996,null,0.0296369,null,null
0.266151,null,null,-0.0537391,null
0.000489416,null,null,null,0.00108937
0.994726,0.00272035,null,null,null
0.108996,null,0.0296369,null,null
0.266151,null,null,-0.0537391,null
0.000489416,null,null,null,0.00108937
0.994779,0.000201406,null,null,null
0.0780394,null,0.0467334,null,null
0.251117,null,null,-0.0377943,null
0.000195734,null,null,null,0.00157656
0.994779,0.000201406,null,null,null
0.0780394,null,0.0467334,null,null
0.251117,null,null,-0.0377943,null
0.000195734,null,null,null,0.00157656
0.994804,0.000235378,null,null,null
0.0602394,null,0.0442504,null,null
0.203681,null,null,-0.0718523,null
6.50044e-05,null,null,null,0.00230568
0.994804,0.000235378,null,null,null
0.0602394,null,0.0442504,null,null
0.203681,null,null,-0.0718523,null
6.50044e-05,null,null,null,0.00230568
0.994804,0.000235378,null,null,null
0.0602394,null,0.0442504,null,null
0.203681,null,null,-0.0718523,null
6.50044e-05,null,null,null,0.00230568
0.994804,0.000235378,null,null,null
0.0602394,null,0.0442504,null,null
0.203681,null,null,-0.0718523,null
6.50044e-05,null,null,null,0.00230568
0.994762,-0.00512989,null,null,null
0.0502479,null,0.060591,null,null
0.21411,null,null,-0.124948,null
0.00145759,null,null,null,0.00374897
0.994756,-0.00478181,null,null,null
0.0200889,null,0.0590253,null,null
0.27163,null,null,-0.112815,null
0.00201411,null,null,null,0.000534043
0.994779,-0.00422455,null,null,null
0.0237061,null,0.043142,null,null
0.230414,null,null,-0.0539271,null
0.000705675,null,null,null,0.00231811
0.994715,-0.00351315,null,null,null
-0.00568569,null,0.0313355,null,null
0.265131,null,null,-0.07686,null
0.000962546,null,null,null,0.00440426
0.994756,-0.00253585,null,null,null
-0.00164604,null,0.0732221,null,null
0.29609,null,null,-0.104263,null
-0.0029492,null,null,null,-0.00182799
0.994738,0.00147644,null,null,null
-0.0340538,null,0.0840573,null,null
0.29847,null,null,-0.103179,null
0.00011113,null,null,null,0.00200644
0.994799,0.00198324,null,null,null
-0.027678,null,0.0471474,null,null
0.224227,null,null,-0.101352,null
-0.00398265,null,null,null,-0.00140584
0.99466,0.00535104,null,null,null
-0.0345026,null,0.0396408,null,null
0.228684,null,null,-0.139068,null
-0.00210348,null,null,null,0.00232489
0.994606,0.00844536,null,null,null
-0.0671723,null,-0.0044629,null,null
0.221786,null,null,-0.148481,null
0.00107763,null,null,null,-0.00222944
0.994709,0.00767411,null,null,null
-0.0950191,null,0.0380545,null,null
0.204656,null,null,-0.127655,null
-0.00128072,null,null,null,-0.00215073
0.994634,0.00935948,null,null,null
-0.100961,null,0.0352437,null,null
0.233648,null,null,-0.13655,null
0.00256735,null,null,null,-0.000262448
0.99457,0.0125495,null,null,null
-0.059299,null,0.0305286,null,null
0.285988,null,null,-0.109533,null
-0.00190936,null,null,null,-0.00120599
0.994579,0.0158011,null,null,null
-0.0650883,null,-0.0103602,null,null
0.301953,null,null,-0.086461,null
-0.00312884,null,null,null,0.00415385
0.99463,0.0128254,null,null,null
-0.135112,null,0.0678599,null,null
0.332778,null,null,-0.0723365,null
0.00238981,null,null,null,0.00203973
0.994585,0.0149029,null,null,null
-0.110186,null,0.0913527,null,null
0.320537,null,null,-0.0976254,null
0.000131375,null,null,null,0.00135842
0.994649,0.0161546,null,null,null
-0.112044,null,0.0707938,null,null
0.295809,null,null,-0.116436,null
-0.00101349,null,null,null,0.00243236
0.994585,0.0164416,null,null,null
-0.0983481,null,0.0528946,null,null
0.308265,null,null,-0.114659,null
0.00253788,null,null,null,0.000834256
0.994585,0.0164416,null,null,null
-0.0983481,null,0.0528946,null,null
0.308265,null,null,-0.114659,null
0.00253788,null,null,null,0.000834256
0.994596,0.0118462,null,null,null
-0.122389,null,0.0489135,null,null
0.338647,null,null,-0.138547,null
-2.78467e-05,null,null,null,-0.000233955
0.994596,0.0118462,null,null,null
-0.122389,null,0.0489135,null,null
0.338647,null,null,-0.138547,null
-2.78467e-05,null,null,null,-0.000233955
0.994596,0.0118462,null,null,null
-0.122389,null,0.0489135,null,null
0.338647,null,null,-0.138547,null
-2.78467e-05,null,null,null,-0.000233955
0.994596,0.0118462,null,null,null
-0.122389,null,0.0489135,null,null
0.338647,null,null,-0.138547,null
-2.78467e-05,null,null,null,-0.000233955
0.994596,0.0118462,null,null,null
-0.122389,null,0.0489135,null,null
0.338647,null,null,-0.138547,null
-2.78467e-05,null,null,null,-0.000233955
0.994596,0.0118462,null,null,null
-0.122389,null,0.0489135,null,null
0.338647,null,null,-0.138547,null
-2.78467e-05,null,null,null,-0.000233955
0.994596,0.0118462,null,null,null
-0.122389,null,0.0489135,null,null
0.338647,null,null,-0.138547,null
-2.7847e-05,null,null,null,-0.000233955
0.994555,0.0160536,null,null,null
-0.140763,null,0.0122485,null,null
0.334942,null,null,-0.16674,null
0.00228072,null,null,null,-0.00360843
0.994555,0.0160536,null,null,null
-0.140763,null,0.0122485,null,null
0.334942,null,null,-0.16674,null
0.00228072,null,null,null,-0.00360843
0.994568,0.018187,null,null,null
-0.129569,null,0.0763636,null,null
0.296154,null,null,-0.101448,null
0.00280093,null,null,null,0.000522572
0.994568,0.018187,null,null,null
-0.129569,null,0.0763636,null,null
0.296154,null,null,-0.101448,null
0.00280093,null,null,null,0.000522572
0.99455,0.0175185,null,null,null
-0.164106,null,0.0737911,null,null
0.313103,null,null,-0.128092,null
0.00289124,null,null,null,0.00176666
0.994481,0.0185582,null,null,null
-0.158049,null,0.0704844,null,null
0.280844,null,null,-0.174909,null
0.000949819,null,null,null,-0.000525195
0.994507,0.0177805,null,null,null
-0.14133,null,0.0445319,null,null
0.289581,null,null,-0.195387,null
-0.00484035,null,null,null,-0.00282503
0.994476,0.0185444,null,null,null
-0.145446,null,0.0712558,null,null
0.273767,null,null,-0.210311,null
0.000636634,null,null,null,-0.00512365
0.994382,0.0199011,null,null,null
-0.160109,null,0.0951267,null,null
0.229856,null,null,-0.209168,null
0.00148182,null,null,null,-0.00112642
0.994459,0.0165122,null,null,null
-0.183829,null,0.14991,null,null
0.220424,null,null,-0.159794,null
0.001819,null,null,null,0.000814654
0.994459,0.0165122,null,null,null
-0.183829,null,0.14991,null,null
0.220424,null,null,-0.159794,null
0.001819,null,null,null,0.000814654
0.994572,0.0153244,null,null,null
-0.0960834,null,0.144959,null,null
0.267451,null,null,-0.157439,null
0.00594661,null,null,null,0.000898786
0.994684,0.0130395,null,null,null
-0.13413,null,0.114832,null,null
0.231997,null,null,-0.155356,null
0.00121578,null,null,null,0.00108136
0.994684,0.0130395,null,null,null
-0.13413,null,0.114832,null,null
0.231997,null,null,-0.155356,null
0.00121578,null,null,null,0.00108136
0.99465,0.0108574,null,null,null
-0.0984669,null,0.160066,null,null
0.218931,null,null,-0.168249,null
0.000259183,null,null,null,0.000401604
0.99465,0.0108574,null,null,null
-0.0984669,null,0.160066,null,null
0.218931,null,null,-0.168249,null
0.000259183,null,null,null,0.000401604
0.99465,0.0108574,null,null,null
-0.0984669,null,0.160066,null,null
0.218931,null,null,-0.168249,null
0.000259183,null,null,null,0.000401604
0.994669,0.0126056,null,null,null
-0.0804171,null,0.11454,null,null
0.254846,null,null,-0.172346,null
0.000227021,null,null,null,-0.00126729
0.994691,0.0108539,null,null,null
-0.0521565,null,0.090291,null,null
0.252789,null,null,-0.214244,null
0.00131475,null,null,null,0.00442585
0.994645,0.0130519,null,null,null
-0.0751251,null,0.107519,null,null
0.292594,null,null,-0.214608,null
-0.00130219,null,null,null,0.000887479
0.994645,0.0130519,null,null,null
-0.0751251,null,0.107519,null,null
0.292594,null,null,-0.214608,null
-0.00130219,null,null,null,0.000887479
0.994695,0.0116963,null,null,null
-0.120925,null,0.119647,null,null
0.257547,null,null,-0.212896,null
-0.000197019,null,null,null,0.000663076
0.994695,0.0116963,null,null,null
-0.120925,null,0.119647,null,null
0.257547,null,null,-0.212896,null
-0.000197019,null,null,null,0.000663076
0.994621,0.0139765,null,null,null
-0.108551,null,0.116198,null,null
0.255581,null,null,-0.22855,null
-0.00270131,null,null,null,-0.002272
0.994545,0.0162441,null,null,null
-0.12342,null,0.167203,null,null
0.243161,null,null,-0.310839,null
0.000218408,null,null,null,-0.00238017
0.994545,0.0162441,null,null,null
-0.12342,null,0.167203,null,null
0.243161,null,null,-0.310839,null
0.000218408,null,null,null,-0.00238017
0.994545,0.0162441,null,null,null
-0.12342,null,0.167203,null,null
0.243161,null,null,-0.310839,null
0.000218408,null,null,null,-0.00238017
0.994611,0.0150638,null,null,null
-0.153815,null,0.123837,null,null
0.272408,null,null,-0.283654,null
0.000476215,null,null,null,-0.000931089
0.994595,0.014754,null,null,null
-0.0975098,null,0.109405,null,null
0.316166,null,null,-0.226086,null
-0.000820827,null,null,null,0.000224621
0.994654,0.014207,null,null,null
-0.142623,null,0.0890906,null,null
0.230059,null,null,-0.276612,null
0.001185,null,null,null,-0.00291277
0.994644,0.0138495,null,null,null
-0.104618,null,0.0793026,null,null
0.223968,null,null,-0.360315,null
-0.000890245,null,null,null,-0.00181204
0.994622,0.0165926,null,null,null
-0.16858,null,0.0937535,null,null
0.309346,null,null,-0.308019,null
-0.000372996,null,null,null,-0.00160095
0.994607,0.0154267,null,null,null
-0.140547,null,0.135455,null,null
0.363158,null,null,-0.279369,null
-0.00139936,null,null,null,-0.00494762
0.994649,0.0147731,null,null,null
-0.103144,null,0.161628,null,null
0.411335,null,null,-0.230746,null
0.000528397,null,null,null,-0.00169964
0.994534,0.0165563,null,null,null
-0.0900156,null,0.12394,null,null
0.413516,null,null,-0.213944,null
0.00187859,null,null,null,0.000673582
0.994534,0.0165563,null,null,null
-0.0900156,null,0.12394,null,null
0.413516,null,null,-0.213944,null
0.00187859,null,null,null,0.000673582
0.994515,0.0155882,null,null,null
-0.0826272,null,0.118133,null,null
0.401056,null,null,-0.167297,null
0.00137296,null,null,null,0.000286377
0.994515,0.0155882,null,null,null
-0.0826272,null,0.118133,null,null
0.401056,null,null,-0.167297,null
0.00137296,null,null,null,0.000286377
0.994609,0.0114179,null,null,null
-0.0721751,null,0.115256,null,null
0.371871,null,null,-0.182256,null
-0.000290016,null,null,null,0.00341386
0.994645,0.0117755,null,null,null
-0.121035,null,0.0742981,null,null
0.351195,null,null,-0.194422,null
0.00465618,null,null,null,0.000218026
0.994645,0.0117755,null,null,null
-0.121035,null,0.0742981,null,null
0.351195,null,null,-0.194422,null
0.00465618,null,null,null,0.000218026
0.994556,0.0118434,null,null,null
-0.0867869,null,0.0249529,null,null
0.33563,null,null,-0.242729,null
0.00024905,null,null,null,-0.000841072
0.994592,0.0120666,null,null,null
-0.0861018,null,-0.000991698,null,null
0.324969,null,null,-0.188484,null
7.93345e-06,null,null,null,-0.000352191
0.994592,0.0120666,null,null,null
-0.0861018,null,-0.000991698,null,null
0.324969,null,null,-0.188484,null
7.93345e-06,null,null,null,-0.000352191
0.994592,0.0120666,null,null,null
-0.0861018,null,-0.000991698,null,null
0.324969,null,null,-0.188484,null
7.93345e-06,null,null,null,-0.000352191
0.994594,0.0121575,null,null,null
0.0014998,null,0.0231004,null,null
0.33589,null,null,-0.163458,null
-0.000754806,null,null,null,-0.00378075
0.994594,0.0121575,null,null,null
0.0014998,null,0.0231004,null,null
0.33589,null,null,-0.163458,null
-0.000754806,null,null,null,-0.00378075
0.994556,0.0149666,null,null,null
0.0560307,null,0.0595351,null,null
0.351885,null,null,-0.185315,null
0.00640443,null,null,null,0.00300631
0.994475,0.0183412,null,null,null
0.031368,null,-0.00620503,null,null
0.375036,null,null,-0.191337,null
-0.000903721,null,null,null,0.00125871
0.994483,0.0190665,null,null,null
0.0156536,null,-0.0342025,null,null
0.399861,null,null,-0.180838,null
-0.0032536,null,null,null,-0.00166197
0.994483,0.0190665,null,null,null
0.0156536,null,-0.0342025,null,null
0.399861,null,null,-0.180838,null
-0.0032536,null,null,null,-0.00166197
0.994494,0.019172,null,null,null
0.0420485,null,-0.0155739,null,null
0.422755,null,null,-0.108742,null
0.00158115,null,null,null,-0.00273934
0.994494,0.019172,null,null,null
0.0420485,null,-0.0155739,null,null
0.422755,null,null,-0.108742,null
0.00158115,null,null,null,-0.00273934
0.994505,0.0199558,null,null,null
0.0578864,null,0.00754964,null,null
0.428082,null,null,-0.126724,null
-0.000678647,null,null,null,-4.98618e-05
0.994542,0.0202417,null,null,null
0.0533729,null,-0.00435655,null,null
0.450543,null,null,-0.0955119,null
-0.00109931,null,null,null,1.22399e-05
0.994542,0.0202417,null,null,null
0.0533729,null,-0.00435655,null,null
0.450543,null,null,-0.0955119,null
-0.00109931,null,null,null,1.22399e-05
0.994487,0.0210969,null,null,null
0.0779632,null,-0.00997097,null,null
0.415304,null,null,-0.0243238,null
-0.00280689,null,null,null,0.000692302
0.994422,0.0233241,null,null,null
0.085029,null,-0.026808,null,null
0.39644,null,null,-0.100014,null
-0.00574,null,null,null,0.00355761
0.994422,0.0233241,null,null,null
0.085029,null,-0.026808,null,null
0.39644,null,null,-0.100014,null
-0.00574,null,null,null,0.00355761
0.994502,0.022196,null,null,null
0.0607499,null,-0.00461011,null,null
0.341147,null,null,-0.139621,null
-0.00214259,null,null,null,0.00162355
0.994513,0.0202379,null,null,null
0.00950466,null,0.0112498,null,null
0.328181,null,null,-0.0956631,null
0.000119613,null,null,null,-0.00172699
0.99447,0.0238168,null,null,null
0.0516317,null,0.0320855,null,null
0.335681,null,null,-0.0129729,null
3.74031e-06,null,null,null,-0.00025486
0.994513,0.0217851,null,null,null
0.00884571,null,0.0576965,null,null
0.362945,null,null,-0.0217564,null
0.00181749,null,null,null,-0.000881266
0.994513,0.0217851,null,null,null
0.00884571,null,0.0576965,null,null
0.362945,null,null,-0.0217564,null
0.00181749,null,null,null,-0.000881266
0.994481,0.0200782,null,null,null
-0.00246405,null,0.00352696,null,null
0.367113,null,null,-0.0324876,null
0.0036175,null,null,null,-0.000351694
0.994499,0.019032,null,null,null
-0.0152023,null,0.0549173,null,null
0.350846,null,null,-0.011368,null
0.00335584,null,null,null,-0.00117434
0.994499,0.019032,null,null,null
-0.0152023,null,0.0549173,null,null
0.350846,null,null,-0.011368,null
0.00335584,null,null,null,-0.00117434
0.994499,0.019032,null,null,null
-0.0152023,null,0.0549173,null,null
0.350846,null,null,-0.011368,null
0.00335584,null,null,null,-0.00117434
0.994594,0.0176991,null,null,null
0.00914086,null,0.0491837,null,null
0.323191,null,null,-0.0207633,null
-0.000549057,null,null,null,3.26232e-05
0.994559,0.0170294,null,null,null
0.0368825,null,0.0843106,null,null
0.38634,null,null,0.0202913,null
9.55709e-05,null,null,null,0.000829509
0.994559,0.0170294,null,null,null
0.0368825,null,0.0843106,null,null
0.38634,null,null,0.0202913,null
9.55709e-05,null,null,null,0.000829509
0.994535,0.0199124,null,null,null
0.0312158,null,0.0475376,null,null
0.361221,null,null,-0.00676554,null
-0.00320164,null,null,null,-0.000539736
0.99447,0.0206167,null,null,null
0.0328582,null,0.0245965,null,null
0.406335,null,null,-0.00372692,null
0.004252,null,null,null,0.00202599
0.994576,0.0151034,null,null,null
0.0520969,null,0.0637954,null,null
0.354538,null,null,-0.0269225,null
-0.00035792,null,null,null,0.00151321
0.994576,0.0151034,null,null,null
0.0520969,null,0.0637954,null,null
0.354538,null,null,-0.0269225,null
-0.00035792,null,null,null,0.00151321
0.994513,0.0158336,null,null,null
0.083443,null,0.0535159,null,null
0.376515,null,null,0.00631745,null
-0.000441233,null,null,null,3.35739e-05
0.994528,0.017773,null,null,null
0.0921626,null,0.0299657,null,null
0.399086,null,null,0.0510932,null
-0.00141533,null,null,null,-0.0029676
0.994528,0.017773,null,null,null
0.0921626,null,0.0299657,null,null
0.399086,null,null,0.0510932,null
-0.00141533,null,null,null,-0.0029676
0.994528,0.017773,null,null,null
0.0921626,null,0.0299657,null,null
0.399086,null,null,0.0510932,null
-0.00141533,null,null,null,-0.0029676
0.994528,0.017773,null,null,null
0.0921626,null,0.0299657,null,null
0.399086,null,null,0.0510932,null
-0.00141533,null,null,null,-0.0029676
0.994528,0.017773,null,null,null
0.0921626,null,0.0299657,null,null
0.399086,null,null,0.0510932,null
-0.00141533,null,null,null,-0.0029676
0.994528,0.0192614,null,null,null
0.0989643,null,0.058639,null,null
0.343676,null,null,0.0797288,null
0.00150888,null,null,null,0.00179831
0.994481,0.0208874,null,null,null
0.109183,null,0.0883044,null,null
0.304683,null,null,0.0910634,null
-0.00365694,null,null,null,0.00489971
0.994534,0.0180168,null,null,null
0.103035,null,0.101231,null,null
0.330166,null,null,0.0373746,null
0.000659411,null,null,null,-0.00207829
0.994483,0.0187131,null,null,null
0.0929411,null,0.0983229,null,null
0.310311,null,null,0.0402265,null
-0.00118556,null,null,null,-0.00268044
0.994546,0.0164665,null,null,null
0.0597886,null,0.0856354,null,null
0.22736,null,null,0.00431343,null
-0.0017283,null,null,null,0.000797578
0.994546,0.0164665,null,null,null
0.0597886,null,0.0856354,null,null
0.22736,null,null,0.00431343,null
-0.0017283,null,null,null,0.000797578
0.994546,0.0164665,null,null,null
0.0597886,null,0.0856354,null,null
0.22736,null,null,0.00431343,null
-0.0017283,null,null,null,0.000797578
0.994601,0.0139349,null,null,null
0.0292465,null,0.124825,null,null
0.222506,null,null,0.0332464,null
0.00370382,null,null,null,0.000607336
0.994601,0.0139349,null,null,null
0.0292465,null,0.124825,null,null
0.222506,null,null,0.0332464,null
0.00370382,null,null,null,0.000607337
0.994601,0.0139349,null,null,null
0.0292465,null,0.124825,null,null
0.222506,null,null,0.0332464,null
0.00370382,null,null,null,0.000607337
0.994564,0.0150118,null,null,null
0.0416962,null,0.0628541,null,null
0.232472,null,null,-0.00630696,null
0.00121594,null,null,null,6.95759e-05
0.994509,0.0157154,null,null,null
0.0900023,null,0.041983,null,null
0.23224,null,null,-0.00606031,null
0.00130634,null,null,null,0.00150778
0.994509,0.0157154,null,null,null
0.0900023,null,0.041983,null,null
0.23224,null,null,-0.00606031,null
0.00130634,null,null,null,0.00150778
0.994509,0.0157154,null,null,null
0.0900023,null,0.041983,null,null
0.23224,null,null,-0.00606031,null
0.00130634,null,null,null,0.00150778
0.994564,0.014742,null,null,null
0.0313239,null,0.0487179,null,null
0.228671,null,null,-0.0425649,null
0.00179601,null,null,null,0.00232017
0.994585,0.0149458,null,null,null
0.0620549,null,0.0911599,null,null
0.208723,null,null,-0.046703,null
0.00025409,null,null,null,0.00397721
0.994565,0.0157325,null,null,null
0.057461,null,0.110689,null,null
0.250544,null,null,-0.0293879,null
0.0016358,null,null,null,-0.000648715
0.994545,0.016593,null,null,null
0.0663184,null,0.0866015,null,null
0.215521,null,null,-0.0118338,null
-0.00081454,null,null,null,0.000450977
0.994548,0.017094,null,null,null
0.0824427,null,0.121018,null,null
0.177094,null,null,-0.0222033,null
0.000287623,null,null,null,0.00360655
0.994548,0.017094,null,null,null
0.0824427,null,0.121018,null,null
0.177094,null,null,-0.0222033,null
0.000287623,null,null,null,0.00360655
0.994585,0.016547,null,null,null
0.0922234,null,0.13957,null,null
0.187535,null,null,-0.020291,null
0.00309122,null,null,null,0.0050139
0.994518,0.0176791,null,null,null
0.0460658,null,0.142249,null,null
0.189864,null,null,0.0228991,null
0.000266064,null,null,null,0.000556904
0.994518,0.0176791,null,null,null
0.0460658,null,0.142249,null,null
0.189864,null,null,0.0228991,null
0.000266064,null,null,null,0.000556904
0.994518,0.0176791,null,null,null
0.0460658,null,0.142249,null,null
0.189864,null,null,0.0228991,null
0.000266064,null,null,null,0.000556904
0.994605,0.0167715,null,null,null
0.0425616,null,0.124993,null,null
0.156641,null,null,-0.0071495,null
-0.000485771,null,null,null,-0.00310071
0.994596,0.0155672,null,null,null
0.0222575,null,0.119132,null,null
0.201529,null,null,0.00692886,null
-0.002786,null,null,null,-3.1493e-05
0.994651,0.0122507,null,null,null
0.06982,null,0.135247,null,null
0.222871,null,null,0.0204737,null
-0.00351222,null,null,null,-0.00161302
0.994629,0.013054,null,null,null
0.0716356,null,0.132344,null,null
0.228804,null,null,0.0137599,null
-0.00166518,null,null,null,0.00212859
0.994733,0.0101212,null,null,null
0.0739731,null,0.0821256,null,null
0.213576,null,null,-0.0163189,null
-0.0029964,null,null,null,0.000132509
0.994733,0.0101212,null,null,null
0.0739731,null,0.0821256,null,null
0.213576,null,null,-0.0163189,null
-0.0029964,null,null,null,0.000132509
0.994733,0.0101212,null,null,null
0.0739731,null,0.0821256,null,null
0.213576,null,null,-0.0163189,null
-0.0029964,null,null,null,0.000132509
0.994726,0.0104297,null,null,null
0.0686184,null,0.108711,null,null
0.233251,null,null,0.0539971,null
0.00197821,null,null,null,-0.00478499
0.994726,0.0104297,null,null,null
0.0686184,null,0.108711,null,null
0.233251,null,null,0.0539971,null
0.00197821,null,null,null,-0.00478499
0.994669,0.0107111,null,null,null
0.0344464,null,0.0632165,null,null
0.269939,null,null,0.0729636,null
0.000241084,null,null,null,-0.00160096
0.994637,0.0121565,null,null,null
0.0545913,null,0.0726834,null,null
0.21355,null,null,0.0956473,null
-0.00116881,null,null,null,0.00138581
0.994637,0.0121565,null,null,null
0.0545913,null,0.0726834,null,null
0.21355,null,null,0.0956473,null
-0.00116881,null,null,null,0.00138581
0.994654,0.0149411,null,null,null
0.00210849,null,0.0739922,null,null
0.223134,null,null,0.117608,null
-0.00142611,null,null,null,-0.000489965
0.994654,0.0149411,null,null,null
0.00210849,null,0.0739922,null,null
0.223134,null,null,0.117608,null
-0.00142611,null,null,null,-0.000489965
0.994653,0.0157605,null,null,null
0.0596592,null,0.0831675,null,null
0.217847,null,null,0.0867549,null
0.00173525,null,null,null,-0.00228589
0.994653,0.0157605,null,null,null
0.0596592,null,0.0831675,null,null
0.217847,null,null,0.0867549,null
0.00173525,null,null,null,-0.00228589
0.994616,0.0182066,null,null,null
0.109548,null,0.0613457,null,null
0.219142,null,null,0.0572185,null
0.00019986,null,null,null,0.00145517
0.994526,0.0223735,null,null,null
0.0848447,null,0.037014,null,null
0.244154,null,null,0.0930999,null
0.000839123,null,null,null,-0.000513131
0.994526,0.0223735,null,null,null
0.0848447,null,0.037014,null,null
0.244154,null,null,0.0930999,null
0.000839123,null,null,null,-0.000513131
0.99451,0.0209872,null,null,null
0.0195646,null,0.053651,null,null
0.265692,null,null,0.0981361,null
-0.00071643,null,null,null,-6.06155e-05
0.994529,0.0232794,null,null,null
0.00500154,null,0.0527231,null,null
0.231112,null,null,0.0472783,null
-0.00106108,null,null,null,0.000749864
0.994564,0.0207486,null,null,null
0.0212706,null,0.0578594,null,null
0.196291,null,null,0.0565539,null
-0.00204936,null,null,null,-0.000316302
0.99453,0.0200528,null,null,null
-0.0260485,null,0.0578889,null,null
0.16125,null,null,0.11066,null
0.00180737,null,null,null,0.00217935
0.99453,0.0200528,null,null,null
-0.0260485,null,0.0578889,null,null
0.16125,null,null,0.11066,null
0.00180737,null,null,null,0.00217935
0.99453,0.0200528,null,null,null
-0.0260485,null,0.0578889,null,null
0.16125,null,null,0.11066,null
0.00180737,null,null,null,0.00217935
0.99453,0.0200528,null,null,null
-0.0260485,null,0.0578889,null,null
0.16125,null,null,0.11066,null
0.00180737,null,null,null,0.00217935
0.994594,0.0180632,null,null,null
0.025165,null,0.05257,null,null
0.177418,null,null,0.109999,null
-0.00031662,null,null,null,-0.00168921
0.994542,0.0192365,null,null,null
0.0119552,null,0.0476891,null,null
0.190988,null,null,0.0785884,null
-0.000979394,null,null,null,0.000113421
0.994542,0.0192365,null,null,null
0.0119552,null,0.0476891,null,null
0.190988,null,null,0.0785884,null
-0.000979394,null,null,null,0.000113421
0.994542,0.0192365,null,null,null
0.0119552,null,0.0476891,null,null
0.190988,null,null,0.0785884,null
-0.000979394,null,null,null,0.000113421
0.994636,0.0156099,null,null,null
0.0655421,null,0.041634,null,null
0.176742,null,null,0.0556347,null
0.00313524,null,null,null,-0.00191204
0.994636,0.0156099,null,null,null
0.0655421,null,0.041634,null,null
0.176742,null,null,0.0556347,null
0.00313524,null,null,null,-0.00191204
0.994636,0.0156099,null,null,null
0.0655421,null,0.041634,null,null
0.176742,null,null,0.0556347,null
0.00313524,null,null,null,-0.00191204
0.994636,0.0156099,null,null,null
0.0655421,null,0.041634,null,null
0.176742,null,null,0.0556347,null
0.00313524,null,null,null,-0.00191204
0.994636,0.0156099,null,null,null
0.0655421,null,0.041634,null,null
0.176742,null,null,0.0556347,null
0.00313524,null,null,null,-0.00191204
0.99474,0.010063,null,null,null
0.100655,null,0.0269447,null,null
0.188099,null,null,0.0892771,null
0.00140149,null,null,null,0.00336582
0.99474,0.010063,null,null,null
0.100655,null,0.0269447,null,null
0.188099,null,null,0.0892771,null
0.00140149,null,null,null,0.00336582
0.994721,0.0120541,null,null,null
0.0680944,null,-0.0058966,null,null
0.179677,null,null,0.100731,null
0.00068426,null,null,null,0.00658382
0.994721,0.0120541,null,null,null
0.0680944,null,-0.0058966,null,null
0.179677,null,null,0.100731,null
0.00068426,null,null,null,0.00658382
0.994721,0.0120541,null,null,null
0.0680944,null,-0.0058966,null,null
0.179677,null,null,0.100731,null
0.00068426,null,null,null,0.00658382
0.994605,0.0137897,null,null,null
0.00987811,null,0.00228897,null,null
0.126224,null,null,0.11677,null
-0.00378641,null,null,null,0.000108989
0.994605,0.0137897,null,null,null
0.00987811,null,0.00228897,null,null
0.126224,null,null,0.11677,null
-0.00378641,null,null,null,0.000108989
0.994741,0.0145512,null,null,null
0.0287411,null,-0.0173716,null,null
0.10095,null,null,0.0725656,null
-0.00203027,null,null,null,-0.00105391
0.994748,0.0124474,null,null,null
0.0758013,null,-0.0244809,null,null
0.146289,null,null,0.0899906,null
-0.00548584,null,null,null,-0.0035048
0.994769,0.0130483,null,null,null
0.0300692,null,-0.00604239,null,null
0.164794,null,null,0.0824248,null
-0.00462523,null,null,null,-0.000302784
0.994769,0.0130483,null,null,null
0.0300692,null,-0.00604239,null,null
0.164794,null,null,0.0824248,null
-0.00462523,null,null,null,-0.000302784
0.994769,0.0130483,null,null,null
0.0300692,null,-0.00604239,null,null
0.164794,null,null,0.0824248,null
-0.00462523,null,null,null,-0.000302784
0.994769,0.0130483,null,null,null
0.0300692,null,-0.00604239,null,null
0.164794,null,null,0.0824248,null
-0.00462523,null,null,null,-0.000302784
0.994769,0.0130483,null,null,null
0.0300692,null,-0.00604239,null,null
0.164794,null,null,0.0824248,null
-0.00462523,null,null,null,-0.000302784
0.994755,0.0114233,null,null,null
-0.00848503,null,-0.0427602,null,null
0.164121,null,null,0.124478,null
0.000499474,null,null,null,-0.000469008
0.994721,0.009468,null,null,null
-0.011716,null,-0.0907758,null,null
0.151209,null,null,0.13728,null
-0.00155448,null,null,null,0.000889348
0.994772,0.00891528,null,null,null
0.0748119,null,-0.0649436,null,null
0.144797,null,null,0.133215,null
0.00157356,null,null,null,0.00254769
0.994772,0.00891528,null,null,null
0.0748119,null,-0.0649436,null,null
0.144797,null,null,0.133215,null
0.00157356,null,null,null,0.00254769
0.99479,0.00721486,null,null,null
0.0950218,null,-0.0872902,null,null
0.133398,null,null,0.156875,null
0.00234019,null,null,null,0.00236501
0.994821,0.00521792,null,null,null
0.0765894,null,-0.0819289,null,null
0.115141,null,null,0.154841,null
-0.000616214,null,null,null,0.00192169
0.994821,0.00521792,null,null,null
0.0765894,null,-0.0819289,null,null
0.115141,null,null,0.154841,null
-0.000616214,null,null,null,0.00192169
0.994744,0.00304045,null,null,null
0.0529909,null,-0.0941576,null,null
0.175211,null,null,0.145276,null
0.000188363,null,null,null,0.000941484
0.994768,0.000779885,null,null,null
-0.00291399,null,-0.0294654,null,null
0.118017,null,null,0.142714,null
0.000831569,null,null,null,-0.00038191
0.994735,0.00098025,null,null,null
0.0164589,null,-0.0354974,null,null
0.109635,null,null,0.123345,null
0.00435042,null,null,null,-0.000187379
0.994781,0.00404124,null,null,null
-0.0276496,null,-0.0399421,null,null
0.0930046,null,null,0.0980216,null
0.00151048,null,null,null,0.00495927
0.994824,0.0034079,null,null,null
-0.0418787,null,-0.0381911,null,null
0.120173,null,null,0.117577,null
-0.00242859,null,null,null,0.00318556
0.994812,0.00329153,null,null,null
-0.0562207,null,-0.0285271,null,null
0.0619025,null,null,0.10881,null
-0.00445761,null,null,null,0.00321682
0.994812,0.00329153,null,null,null
-0.0562207,null,-0.0285271,null,null
0.0619025,null,null,0.10881,null
-0.00445761,null,null,null,0.00321682
0.994792,0.000108243,null,null,null
0.0202657,null,-0.0558436,null,null
0.0777516,null,null,0.140346,null
0.000595183,null,null,null,0.00317002
0.994792,0.000108243,null,null,null
0.0202657,null,-0.0558436,null,null
0.0777516,null,null,0.140346,null
0.000595183,null,null,null,0.00317002
0.994831,-0.000223722,null,null,null
-0.0127134,null,-0.077324,null,null
0.0748311,null,null,0.0474116,null
-0.00395301,null,null,null,-0.00104781
0.994831,-0.000223722,null,null,null
-0.0127134,null,-0.077324,null,null
0.0748311,null,null,0.0474116,null
-0.00395301,null,null,null,-0.00104781
0.994748,-0.00197891,null,null,null
-0.0126547,null,-0.0895367,null,null
0.0974266,null,null,0.0743173,null
-0.00288896,null,null,null,0.000769714
0.994644,0.00223163,null,null,null
-0.018663,null,-0.0834779,null,null
0.134156,null,null,0.115012,null
-0.00464695,null,null,null,-0.00148515
0.994711,0.00393385,null,null,null
0.0264795,null,-0.100677,null,null
0.135437,null,null,0.0588547,null
-0.00226211,null,null,null,-0.00472886
0.994672,-0.000934131,null,null,null
0.0371441,null,-0.0922886,null,null
0.10594,null,null,0.0789886,null
0.000618565,null,null,null,-0.00487256
0.994664,0.000302204,null,null,null
0.01161,null,-0.0850007,null,null
0.105896,null,null,0.0565312,null
0.000525015,null,null,null,-0.00328131
0.994715,-0.00210406,null,null,null
0.0433059,null,-0.0702424,null,null
0.124682,null,null,0.072186,null
-0.000876306,null,null,null,0.00129865
0.994744,-0.00235886,null,null,null
0.040273,null,-0.109798,null,null
0.147914,null,null,0.0663266,null
0.000320461,null,null,null,0.00222664
0.994731,-0.00202531,null,null,null
0.074504,null,-0.0892166,null,null
0.0966127,null,null,0.12098,null
-0.00358281,null,null,null,0.0034243
0.994731,-0.00202531,null,null,null
0.074504,null,-0.0892166,null,null
0.0966127,null,null,0.12098,null
-0.00358281,null,null,null,0.0034243
0.994765,-0.000874316,null,null,null
0.070022,null,-0.0363668,null,null
0.0772448,null,null,0.130021,null
0.00143206,null,null,null,-0.00123608
0.994765,-0.000874316,null,null,null
0.070022,null,-0.0363668,null,null
0.0772448,null,null,0.130021,null
0.00143206,null,null,null,-0.00123608
0.994765,-0.000874316,null,null,null
0.070022,null,-0.0363668,null,null
0.0772448,null,null,0.130021,null
0.00143206,null,null,null,-0.00123608
0.994765,-0.000874316,null,null,null
0.070022,null,-0.0363668,null,null
0.0772448,null,null,0.130021,null
0.00143206,null,null,null,-0.00123608
0.994765,-0.000874316,null,null,null
0.070022,null,-0.0363668,null,null
0.0772448,null,null,0.130021,null
0.00143206,null,null,null,-0.00123608
0.994725,-0.000611547,null,null,null
0.065252,null,-0.0790565,null,null
0.0655022,null,null,0.155786,null
-0.00177217,null,null,null,-0.00437374
0.99474,-0.00372969,null,null,null
0.0336193,null,-0.089139,null,null
0.0462851,null,null,0.156468,null
-0.0046701,null,null,null,-0.00525709
0.99474,-0.00372969,null,null,null
0.0336193,null,-0.089139,null,null
0.0462851,null,null,0.156468,null
-0.0046701,null,null,null,-0.00525709
0.99474,-0.00372969,null,null,null
0.0336193,null,-0.089139,null,null
0.0462851,null,null,0.156468,null
-0.0046701,null,null,null,-0.00525709
0.994703,-0.0035612,null,null,null
0.0727125,null,-0.107806,null,null
0.0204198,null,null,0.0909728,null
-0.0067676,null,null,null,-0.00223103
0.994663,-0.00264253,null,null,null
0.0551442,null,-0.0478603,null,null
0.0439621,null,null,0.0792341,null
-0.0030086,null,null,null,-0.00278728
0.994663,-0.00264253,null,null,null
0.0551442,null,-0.0478603,null,null
0.0439621,null,null,0.0792341,null
-0.0030086,null,null,null,-0.00278728
0.994712,-0.000438978,null,null,null
0.0271399,null,-0.0863511,null,null
0.0412932,null,null,0.0513469,null
0.00117803,null,null,null,-0.00161276
0.994671,-0.00266136,null,null,null
0.0947306,null,-0.124837,null,null
0.0233445,null,null,0.0980841,null
0.00539679,null,null,null,-0.002654
0.994686,-0.00643181,null,null,null
0.0509889,null,-0.0946085,null,null
0.0399772,null,null,0.141374,null
0.0057797,null,null,null,-0.00267259
0.994686,-0.00643181,null,null,null
0.0509889,null,-0.0946085,null,null
0.0399772,null,null,0.141374,null
0.0057797,null,null,null,-0.00267259
0.994734,-0.00378795,null,null,null
0.063903,null,-0.164263,null,null
0.0803624,null,null,0.163824,null
0.00114233,null,null,null,0.000128542
0.994734,-0.00378795,null,null,null
0.063903,null,-0.164263,null,null
0.0803624,null,null,0.163824,null
0.00114233,null,null,null,0.000128542
0.994704,-0.00498009,null,null,null
0.0748985,null,-0.111421,null,null
0.0670985,null,null,0.18938,null
0.00672774,null,null,null,0.00192056
0.994704,-0.00498009,null,null,null
0.0748985,null,-0.111421,null,null
0.0670985,null,null,0.18938,null
0.00672774,null,null,null,0.00192056
0.994704,-0.00498009,null,null,null
0.0748985,null,-0.111421,null,null
0.0670985,null,null,0.18938,null
0.00672774,null,null,null,0.00192056
0.994704,-0.00498009,null,null,null
0.0748985,null,-0.111421,null,null
0.0670985,null,null,0.18938,null
0.00672774,null,null,null,0.00192056
0.994703,-0.00203029,null,null,null
0.0891435,null,-0.0448588,null,null
0.110108,null,null,0.168984,null
0.00684926,null,null,null,-0.000619488
0.994754,-0.00154617,null,null,null
0.128452,null,-0.0459575,null,null
0.0629032,null,null,0.205237,null
0.00358737,null,null,null,0.00200265
0.994754,-0.00154617,null,null,null
0.128452,null,-0.0459575,null,null
0.0629032,null,null,0.205237,null
0.00358737,null,null,null,0.00200265
0.99465,0.00082223,null,null,null
0.169241,null,0.00363164,null,null
0.0409944,null,null,0.149214,null
0.00397468,null,null,null,0.000754282
0.994692,-0.00182306,null,null,null
0.157861,null,0.00773639,null,null
0.0856355,null,null,0.182394,null
-0.000991636,null,null,null,0.00211953
0.994663,-0.000536117,null,null,null
0.163551,null,0.0348091,null,null
0.113217,null,null,0.172673,null
-0.00255256,null,null,null,0.000665916
0.994663,-0.000536117,null,null,null
0.163551,null,0.0348091,null,null
0.113217,null,null,0.172673,null
-0.00255256,null,null,null,0.000665916
0.994687,-0.00167355,null,null,null
0.136266,null,0.00540749,null,null
0.097379,null,null,0.186134,null
0.00406706,null,null,null,0.000877733
0.994685,0.001284,null,null,null
0.101242,null,-0.015833,null,null
0.10549,null,null,0.131488,null
0.00161122,null,null,null,0.000381554
0.994685,0.001284,null,null,null
0.101242,null,-0.015833,null,null
0.10549,null,null,0.131488,null
0.00161122,null,null,null,0.000381554
0.994731,-0.00292573,null,null,null
0.141841,null,-0.00356844,null,null
0.069411,null,null,0.1484,null
0.000184961,null,null,null,0.00453066
0.994731,-0.00292573,null,null,null
0.141841,null,-0.00356844,null,null
0.069411,null,null,0.1484,null
0.000184961,null,null,null,0.00453066
0.994731,-0.00292573,null,null,null
0.141841,null,-0.00356844,null,null
0.069411,null,null,0.1484,null
0.000184961,null,null,null,0.00453066
0.994731,-0.00292573,null,null,null
0.141841,null,-0.00356844,null,null
0.069411,null,null,0.1484,null
0.000184961,null,null,null,0.00453066
0.994809,-0.0026675,null,null,null
0.131043,null,-0.0149648,null,null
0.0495791,null,null,0.129163,null
-0.00136014,null,null,null,0.00364325
0.99481,-0.00618482,null,null,null
0.183216,null,-0.025868,null,null
0.0676834,null,null,0.13448,null
0.00142436,null,null,null,0.00155731
0.99474,-0.00379689,null,null,null
0.140444,null,0.0032811,null,null
0.0471591,null,null,0.115228,null
-0.0013504,null,null,null,-0.00399567
0.994719,-0.00552817,null,null,null
0.168004,null,-0.00510722,null,null
0.0885486,null,null,0.0766753,null
0.00167462,null,null,null,0.000236601
0.994719,-0.00552817,null,null,null
0.168004,null,-0.00510722,null,null
0.0885486,null,null,0.0766753,null
0.00167462,null,null,null,0.000236601
0.994715,-0.0089069,null,null,null
0.17117,null,0.0123403,null,null
0.0934571,null,null,-0.0160708,null
0.00438302,null,null,null,0.0016958
0.9947,-0.00908894,null,null,null
0.0962569,null,0.0167356,null,null
0.115125,null,null,0.0141063,null
0.00697759,null,null,null,0.0055328
0.994748,-0.00949079,null,null,null
0.0720481,null,-0.0148314,null,null
0.121192,null,null,0.0338162,null
0.00457875,null,null,null,0.00485921
0.994762,-0.00920324,null,null,null
0.100246,null,-0.0134829,null,null
0.125991,null,null,0.0572716,null
0.00232078,null,null,null,0.00352811
0.994715,-0.00898153,null,null,null
0.0383691,null,-0.047161,null,null
0.129832,null,null,0.0246994,null
0.000984508,null,null,null,0.0034654
0.994715,-0.00898153,null,null,null
0.0383691,null,-0.047161,null,null
0.129832,null,null,0.0246994,null
0.000984508,null,null,null,0.0034654
0.994715,-0.00898153,null,null,null
0.0383691,null,-0.047161,null,null
0.129832,null,null,0.0246994,null
0.000984508,null,null,null,0.0034654
0.994637,-0.0128494,null,null,null
0.0537039,null,-0.0119088,null,null
0.128727,null,null,-0.0154746,null
-0.00367788,null,null,null,0.00267051
0.994648,-0.0148,null,null,null
0.0076928,null,0.0733822,null,null
0.161364,null,null,-0.061838,null
0.00199043,null,null,null,0.00340696
0.994578,-0.0181438,null,null,null
0.0470125,null,0.0674234,null,null
0.156386,null,null,-0.0234211,null
0.00204282,null,null,null,0.00265286
0.994578,-0.0181438,null,null,null
0.0470125,null,0.0674234,null,null
0.156386,null,null,-0.0234211,null
0.00204282,null,null,null,0.00265286
0.994569,-0.0199475,null,null,null
0.0644516,null,0.0141475,null,null
0.161861,null,null,0.00182715,null
0.00343149,null,null,null,0.000136524
0.994569,-0.0199475,null,null,null
0.0644516,null,0.0141475,null,null
0.161861,null,null,0.00182715,null
0.00343149,null,null,null,0.000136524
0.994528,-0.0169912,null,null,null
0.0757325,null,0.0491294,null,null
0.158336,null,null,-0.00985184,null
-0.000799917,null,null,null,0.00310044
0.994528,-0.0169912,null,null,null
0.0757325,null,0.0491294,null,null
0.158336,null,null,-0.00985184,null
-0.000799917,null,null,null,0.00310044
0.994555,-0.0186058,null,null,null
0.0459185,null,0.0421422,null,null
0.113067,null,null,-0.0202475,null
0.00268309,null,null,null,0.000599714
0.994555,-0.0186058,null,null,null
0.0459185,null,0.0421422,null,null
0.113067,null,null,-0.0202475,null
0.00268309,null,null,null,0.000599714
0.994555,-0.0186058,null,null,null
0.0459185,null,0.0421422,null,null
0.113067,null,null,-0.0202475,null
0.00268309,null,null,null,0.000599715
0.994605,-0.0158679,null,null,null
0.0596165,null,0.0677543,null,null
0.121123,null,null,-0.00945363,null
0.00359956,null,null,null,0.00466391
0.994605,-0.0158679,null,null,null
0.0596165,null,0.0677543,null,null
0.121123,null,null,-0.00945363,null
0.00359956,null,null,null,0.00466391
0.994661,-0.015384,null,null,null
0.116264,null,0.068103,null,null
0.0639528,null,null,-0.0580506,null
-0.00223418,null,null,null,0.00683641
0.994639,-0.0153836,null,null,null
0.105852,null,0.100869,null,null
0.0650254,null,null,-0.0878442,null
0.00250955,null,null,null,0.00608056
0.994749,-0.013145,null,null,null
0.106015,null,0.0766758,null,null
0.0707491,null,null,-0.0755767,null
0.000641606,null,null,null,0.0028871
0.994749,-0.013145,null,null,null
0.106015,null,0.0766758,null,null
0.0707491,null,null,-0.0755767,null
0.000641606,null,null,null,0.0028871
0.994749,-0.013145,null,null,null
0.106015,null,0.0766758,null,null
0.0707491,null,null,-0.0755767,null
0.000641606,null,null,null,0.0028871
0.994798,-0.0111952,null,null,null
0.0753019,null,0.113778,null,null
0.0322465,null,null,-0.0594792,null
0.00108064,null,null,null,0.000555479
0.994798,-0.00995966,null,null,null
0.0911366,null,0.100855,null,null
0.0238767,null,null,-0.0617205,null
0.00132218,null,null,null,-0.000866846
0.994798,-0.00995966,null,null,null
0.0911366,null,0.100855,null,null
0.0238767,null,null,-0.0617205,null
0.00132218,null,null,null,-0.000866846
0.994815,-0.00642356,null,null,null
0.0118979,null,0.119918,null,null
0.0469588,null,null,-0.0334733,null
0.00166765,null,null,null,0.00360561
0.994729,-0.0124981,null,null,null
0.0608588,null,0.107063,null,null
0.0367666,null,null,0.0198919,null
-0.00147963,null,null,null,0.00180887
0.994701,-0.0101116,null,null,null
0.0593754,null,0.096718,null,null
0.0453949,null,null,0.0265284,null
-0.00297541,null,null,null,0.00201514
0.994714,-0.00856749,null,null,null
0.0485649,null,0.102658,null,null
0.0531254,null,null,-0.00849046,null
0.0012062,null,null,null,0.00135099
0.994714,-0.00856749,null,null,null
0.0485649,null,0.102658,null,null
0.0531254,null,null,-0.00849046,null
0.0012062,null,null,null,0.00135099
0.994659,-0.00890013,null,null,null
0.0591132,null,0.127484,null,null
0.0485223,null,null,0.00343294,null
0.00401096,null,null,null,0.00468574
0.994659,-0.00890013,null,null,null
0.0591132,null,0.127484,null,null
0.0485223,null,null,0.00343294,null
0.00401096,null,null,null,0.00468574
0.994695,-0.00868183,null,null,null
0.0455095,null,0.128046,null,null
-0.0143794,null,null,0.00861009,null
-0.000380231,null,null,null,0.00126787
0.994695,-0.00868183,null,null,null
0.0455095,null,0.128046,null,null
-0.0143794,null,null,0.00861009,null
-0.000380231,null,null,null,0.00126787
0.994677,-0.0063459,null,null,null
0.0743576,null,0.10914,null,null
-0.0317894,null,null,-0.00674317,null
-0.000880035,null,null,null,0.000883393
0.994721,-0.00642212,null,null,null
0.0889925,null,0.115567,null,null
-0.0260091,null,null,-0.0801841,null
0.00151303,null,null,null,-0.00116675
0.994594,-0.0117666,null,null,null
0.0581337,null,0.150503,null,null
-0.048718,null,null,-0.1017,null
0.000459973,null,null,null,0.00147773
0.994605,-0.00982395,null,null,null
0.0625729,null,0.118375,null,null
-0.0479924,null,null,-0.139736,null
0.00664059,null,null,null,0.00215565
0.994605,-0.00982395,null,null,null
0.0625729,null,0.118375,null,null
-0.0479924,null,null,-0.139736,null
0.00664059,null,null,null,0.00215565
0.994605,-0.00982395,null,null,null
0.0625729,null,0.118375,null,null
-0.0479924,null,null,-0.139736,null
0.00664059,null,null,null,0.00215565
0.994687,-0.00795115,null,null,null
0.0332602,null,0.151347,null,null
-0.0493935,null,null,-0.0688239,null
0.000885749,null,null,null,0.00167098
0.994625,-0.00510061,null,null,null
0.0488975,null,0.206091,null,null
-0.0271415,null,null,-0.12353,null
7.98404e-05,null,null,null,0.00270205
0.994625,-0.00510061,null,null,null
0.0488975,null,0.206091,null,null
-0.0271415,null,null,-0.12353,null
7.98404e-05,null,null,null,0.00270205
0.994625,-0.00510061,null,null,null
0.0488975,null,0.206091,null,null
-0.0271415,null,null,-0.12353,null
7.98404e-05,null,null,null,0.00270205
0.99464,-0.00498745,null,null,null
0.078413,null,0.230579,null,null
-0.0111808,null,null,-0.13019,null
0.000376074,null,null,null,-0.00031571
0.994615,-0.00779713,null,null,null
0.0419801,null,0.23787,null,null
0.0048891,null,null,-0.10498,null
0.000480781,null,null,null,0.000316615
0.994615,-0.00779713,null,null,null
0.0419801,null,0.23787,null,null
0.0048891,null,null,-0.10498,null
0.000480781,null,null,null,0.000316615
0.994535,-0.0130314,null,null,null
0.0737427,null,0.271647,null,null
-0.0118538,null,null,-0.127713,null
-0.000381266,null,null,null,-0.000538175
0.994636,-0.0105432,null,null,null
0.0766719,null,0.258076,null,null
-0.0188505,null,null,-0.124522,null
-0.00185753,null,null,null,-0.00247551
0.994674,-0.00835495,null,null,null
0.0733308,null,0.276215,null,null
0.00292644,null,null,-0.166851,null
-7.40491e-05,null,null,null,-0.00199015
0.994674,-0.00835495,null,null,null
0.0733308,null,0.276215,null,null
0.00292644,null,null,-0.166851,null
-7.40491e-05,null,null,null,-0.00199015
0.994602,-0.011364,null,null,null
0.0580219,null,0.293612,null,null
0.0260341,null,null,-0.198394,null
-0.000692346,null,null,null,-0.00158598
0.994625,-0.00947076,null,null,null
0.0335589,null,0.29784,null,null
0.0633781,null,null,-0.115453,null
-0.000434419,null,null,null,0.00051407
0.99463,-0.00925679,null,null,null
0.015737,null,0.322742,null,null
0.0753761,null,null,-0.0853994,null
0.00119644,null,null,null,0.00459468
0.994563,-0.00737503,null,null,null
0.071097,null,0.314634,null,null
0.108804,null,null,-0.0176461,null
0.00304396,null,null,null,0.0012724
0.994563,-0.00737503,null,null,null
0.071097,null,0.314634,null,null
0.108804,null,null,-0.0176461,null
0.00304396,null,null,null,0.0012724
0.994563,-0.00737503,null,null,null
0.071097,null,0.314634,null,null
0.108804,null,null,-0.0176461,null
0.00304396,null,null,null,0.0012724
0.99463,-0.00693881,null,null,null
0.0352055,null,0.312076,null,null
0.122619,null,null,-0.0820774,null
0.00264942,null,null,null,-0.00290451
0.994686,-0.00784124,null,null,null
0.0378109,null,0.250739,null,null
0.118056,null,null,-0.0716864,null
0.00517448,null,null,null,0.000235695
0.99473,-0.00469426,null,null,null
0.0492751,null,0.247498,null,null
0.0963906,null,null,-0.062831,null
0.0060753,null,null,null,0.00394056
0.99473,-0.00469426,null,null,null
0.0492751,null,0.247498,null,null
0.0963906,null,null,-0.062831,null
0.0060753,null,null,null,0.00394056
0.994694,-0.00139499,null,null,null
0.0674421,null,0.185445,null,null
0.0436028,null,null,-0.0951763,null
0.000194455,null,null,null,0.00849806
0.994663,0.00148261,null,null,null
0.0369451,null,0.229844,null,null
0.0819669,null,null,-0.0765963,null
0.000226086,null,null,null,0.00859119
0.994762,0.00135344,null,null,null
0.0309099,null,0.212431,null,null
0.0204623,null,null,-0.112161,null
0.00136641,null,null,null,-0.00109009
0.994812,7.43499e-05,null,null,null
0.0160881,null,0.181626,null,null
0.0363716,null,null,-0.126154,null
-0.000975672,null,null,null,-0.00416618
0.994804,0.000169005,null,null,null
0.0090394,null,0.177937,null,null
0.0145669,null,null,-0.131763,null
-0.000883081,null,null,null,-0.00113028
0.994759,-8.00525e-05,null,null,null
0.0239094,null,0.205501,null,null
-0.0168046,null,null,-0.158481,null
0.0049708,null,null,null,0.00118511
0.994722,0.00117315,null,null,null
0.0129748,null,0.191386,null,null
-0.000183207,null,null,-0.125947,null
0.00285257,null,null,null,0.00253386
0.994722,0.00117315,null,null,null
0.0129748,null,0.191386,null,null
-0.000183207,null,null,-0.125947,null
0.00285257,null,null,null,0.00253386
0.994722,0.00117315,null,null,null
0.0129748,null,0.191386,null,null
-0.000183207,null,null,-0.125947,null
0.00285257,null,null,null,0.00253386
0.994722,0.00117315,null,null,null
0.0129748,null,0.191386,null,null
-0.000183207,null,null,-0.125947,null
0.00285257,null,null,null,0.00253386
0.994722,0.00117315,null,null,null
0.0129748,null,0.191386,null,null
-0.000183207,null,null,-0.125947,null
0.00285257,null,null,null,0.00253386
0.99477,0.00183271,null,null,null
0.0564745,null,0.221376,null,null
0.0304528,null,null,-0.108818,null
-0.00177296,null,null,null,0.002338
0.994706,0.00259683,null,null,null
0.0989449,null,0.156044,null,null
0.0671994,null,null,-0.0962094,null
-0.00498046,null,null,null,-0.00268952
0.994706,0.00259683,null,null,null
0.0989449,null,0.156044,null,null
0.0671994,null,null,-0.0962094,null
-0.00498046,null,null,null,-0.00268952
0.994683,0.0012041,null,null,null
0.135771,null,0.154734,null,null
0.0682926,null,null,-0.098446,null
-0.00452968,null,null,null,-0.00164191
0.994745,-0.000295316,null,null,null
0.0433471,null,0.166282,null,null
0.0299598,null,null,-0.0616755,null
-0.00432569,null,null,null,-0.00178437
0.994745,-0.000295316,null,null,null
0.0433471,null,0.166282,null,null
0.0299598,null,null,-0.0616755,null
-0.00432569,null,null,null,-0.00178437
0.994741,0.00124631,null,null,null
0.084061,null,0.211537,null,null
0.0433951,null,null,-0.0640744,null
0.00133489,null,null,null,-0.00297394
0.994741,0.00124631,null,null,null
0.084061,null,0.211537,null,null
0.0433951,null,null,-0.0640744,null
0.00133489,null,null,null,-0.00297394
0.994722,-0.00142714,null,null,null
0.0545327,null,0.233289,null,null
0.0283673,null,null,-0.032785,null
0.00103801,null,null,null,-0.00305885
0.994722,-0.00142714,null,null,null
0.0545327,null,0.233289,null,null
0.0283673,null,null,-0.032785,null
0.00103801,null,null,null,-0.00305885
0.994722,-0.00142714,null,null,null
0.0545327,null,0.233289,null,null
0.0283673,null,null,-0.032785,null
0.00103801,null,null,null,-0.00305885
0.994722,-0.00142714,null,null,null
0.0545327,null,0.233289,null,null
0.0283673,null,null,-0.032785,null
0.00103801,null,null,null,-0.00305885
0.99476,-0.000656143,null,null,null
0.102009,null,0.221836,null,null
0.0840869,null,null,-0.0152244,null
0.0033141,null,null,null,0.000466561
0.994715,-0.00198094,null,null,null
0.103552,null,0.201789,null,null
0.0502666,null,null,-0.0199726,null
0.00267656,null,null,null,-0.000479631
0.994711,-0.00165155,null,null,null
0.0842317,null,0.184254,null,null
0.078356,null,null,-0.0281861,null
0.00101262,null,null,null,-0.000959256
0.994711,-0.00165155,null,null,null
0.0842317,null,0.184254,null,null
0.078356,null,null,-0.0281861,null
0.00101262,null,null,null,-0.000959256
0.99468,0.00194475,null,null,null
0.0949508,null,0.172794,null,null
0.030523,null,null,-0.0724848,null
0.00250406,null,null,null,-0.0019254
0.994748,-0.000289866,null,null,null
0.137806,null,0.198399,null,null
0.0398273,null,null,-0.0592268,null
-0.00020646,null,null,null,0.00156803
0.994734,0.0010595,null,null,null
0.161689,null,0.232984,null,null
0.098533,null,null,-0.0698781,null
0.00206871,null,null,null,-0.000668825
0.994704,0.000845664,null,null,null
0.154641,null,0.252549,null,null
0.0936851,null,null,-0.0197466,null
0.000327523,null,null,null,0.000724245
0.994712,-0.00107517,null,null,null
0.145975,null,0.254754,null,null
0.0767955,null,null,-0.0408857,null
-0.000945679,null,null,null,-0.00084682
0.994766,-0.000290181,null,null,null
0.105661,null,0.31977,null,null
0.120242,null,null,-0.0245014,null
-0.000253692,null,null,null,-0.00149847
0.994766,-0.000290181,null,null,null
0.105661,null,0.31977,null,null
0.120242,null,null,-0.0245014,null
-0.000253692,null,null,null,-0.00149847
0.994766,-0.000290181,null,null,null
0.105661,null,0.31977,null,null
0.120242,null,null,-0.0245014,null
-0.000253692,null,null,null,-0.00149847
0.994706,-0.00192916,null,null,null
0.0809342,null,0.320311,null,null
0.0889109,null,null,-0.0411396,null
-0.000963855,null,null,null,-9.40066e-05
0.994706,-0.00192916,null,null,null
0.0809342,null,0.320311,null,null
0.0889109,null,null,-0.0411396,null
-0.000963855,null,null,null,-9.40066e-05
0.994761,-0.00298554,null,null,null
0.0147341,null,0.310464,null,null
0.0966319,null,null,0.00945588,null
-0.00403992,null,null,null,8.20501e-05
0.994801,-0.00409379,null,null,null
0.058576,null,0.327651,null,null
0.0722746,null,null,-0.0252099,null
-0.00308414,null,null,null,0.00141829
0.994811,-0.00565211,null,null,null
0.027063,null,0.307878,null,null
-0.0175421,null,null,-0.0635823,null
0.00180101,null,null,null,-0.00147458
0.994796,-0.00557476,null,null,null
0.0605287,null,0.299042,null,null
0.0600139,null,null,-0.0371203,null
-0.00162791,null,null,null,-0.00296642
0.994712,-0.00371315,null,null,null
0.105455,null,0.349686,null,null
0.0657724,null,null,-0.0498455,null
-0.00461857,null,null,null,-0.0024997
0.994744,-0.0009594,null,null,null
0.162475,null,0.315205,null,null
0.108611,null,null,-0.0689365,null
0.00115867,null,null,null,0.000100132
0.994744,-0.0009594,null,null,null
0.162475,null,0.315205,null,null
0.108611,null,null,-0.0689365,null
0.00115867,null,null,null,0.000100132
0.994753,-0.000858346,null,null,null
0.201434,null,0.290706,null,null
0.107821,null,null,-0.015931,null
-0.000689715,null,null,null,0.000671236
0.994753,-0.000858346,null,null,null
0.201434,null,0.290706,null,null
0.107821,null,null,-0.015931,null
-0.000689715,null,null,null,0.000671236
0.994722,-0.0032083,null,null,null
0.213019,null,0.253918,null,null
0.0726514,null,null,-0.0556904,null
0.000928506,null,null,null,0.000836749
0.994722,-0.0032083,null,null,null
0.213019,null,0.253918,null,null
0.0726514,null,null,-0.0556904,null
0.000928506,null,null,null,0.000836749
0.994722,-0.0032083,null,null,null
0.213019,null,0.253918,null,null
0.0726514,null,null,-0.0556904,null
0.000928506,null,null,null,0.000836749
0.994722,-0.0032083,null,null,null
0.213019,null,0.253918,null,null
0.0726514,null,null,-0.0556904,null
0.000928506,null,null,null,0.000836749
0.994701,-0.00451395,null,null,null
0.212761,null,0.236109,null,null
0.0702899,null,null,0.010582,null
-0.00206522,null,null,null,-7.05618e-05
0.994701,-0.00451395,null,null,null
0.212761,null,0.236109,null,null
0.0702899,null,null,0.010582,null
-0.00206522,null,null,null,-7.05618e-05
0.994701,-0.00451395,null,null,null
0.212761,null,0.236109,null,null
0.0702899,null,null,0.010582,null
-0.00206522,null,null,null,-7.05618e-05
0.994701,-0.00451395,null,null,null
0.212761,null,0.236109,null,null
0.0702899,null,null,0.010582,null
-0.00206522,null,null,null,-7.05618e-05
0.994687,-0.00389398,null,null,null
0.131831,null,0.274348,null,null
0.0578857,null,null,0.00582819,null
0.00263759,null,null,null,-0.00120518
0.994651,-0.0065064,null,null,null
0.128541,null,0.254079,null,null
0.0289109,null,null,0.0411714,null
0.00257216,null,null,null,0.00120306
0.994651,-0.0065064,null,null,null
0.128541,null,0.254079,null,null
0.0289109,null,null,0.0411714,null
0.00257216,null,null,null,0.00120306
0.994598,-0.0077805,null,null,null
0.148894,null,0.272738,null,null
0.035113,null,null,-0.0222944,null
0.0017888,null,null,null,0.00589354
0.994651,-0.00839142,null,null,null
0.169045,null,0.210004,null,null
0.0258525,null,null,-0.044731,null
0.00346302,null,null,null,0.00335295
0.994753,-0.00769589,null,null,null
0.140093,null,0.262348,null,null
0.00362476,null,null,-0.073661,null
0.00289012,null,null,null,0.00177029
0.994753,-0.00769589,null,null,null
0.140093,null,0.262348,null,null
0.00362476,null,null,-0.073661,null
0.00289012,null,null,null,0.00177029
0.994753,-0.00769589,null,null,null
0.140093,null,0.262348,null,null
0.00362476,null,null,-0.073661,null
0.00289012,null,null,null,0.00177029
0.994762,-0.00650611,null,null,null
0.126866,null,0.303434,null,null
-0.00249139,null,null,-0.0243497,null
0.00415453,null,null,null,0.00193434
0.994776,-0.0024701,null,null,null
0.139904,null,0.283523,null,null
0.057351,null,null,-0.0536825,null
0.00421235,null,null,null,0.00224053
0.994736,-0.00281974,null,null,null
0.108215,null,0.277351,null,null
-0.00110071,null,null,-0.0868394,null
0.00377888,null,null,null,0.000206232
0.994715,-0.0005965,null,null,null
0.0808944,null,0.330464,null,null
0.0339735,null,null,-0.0374191,null
-0.00179389,null,null,null,0.00058869
0.994696,-0.00174284,null,null,null
0.0861023,null,0.336452,null,null
0.0755553,null,null,-0.0599274,null
-0.000416927,null,null,null,0.000608093
0.994657,-0.000703102,null,null,null
0.111519,null,0.317348,null,null
-0.00530844,null,null,-0.0372236,null
-1.48859e-05,null,null,null,-0.00070456
0.994674,0.00300367,null,null,null
0.0913324,null,0.294299,null,null
-0.0262581,null,null,-0.071466,null
0.000404921,null,null,null,0.00253764
0.99469,-4.65311e-05,null,null,null
0.0951809,null,0.278191,null,null
-0.0269604,null,null,-0.000933525,null
-0.000168482,null,null,null,0.00109165
0.994724,-2.59847e-05,null,null,null
0.062046,null,0.286064,null,null
0.004066,null,null,0.00896584,null
6.64865e-05,null,null,null,0.00217864
0.994716,-0.0014928,null,null,null
0.0544038,null,0.301903,null,null
-0.0174023,null,null,0.00266134,null
-0.00162026,null,null,null,0.00233257
0.99471,-0.000842771,null,null,null
0.0572545,null,0.261686,null,null
-0.03603,null,null,0.00161106,null
5.59138e-05,null,null,null,0.00126165
0.99471,-0.000842771,null,null,null
0.0572545,null,0.261686,null,null
-0.03603,null,null,0.00161106,null
5.59138e-05,null,null,null,0.00126165
0.99471,-0.000842771,null,null,null
0.0572545,null,0.261686,null,null
-0.03603,null,null,0.00161106,null
5.59138e-05,null,null,null,0.00126165
0.994757,0.00201229,null,null,null
0.0778752,null,0.243324,null,null
-0.0501492,null,null,-0.0145095,null
0.00189015,null,null,null,0.0030277
0.994742,0.00759883,null,null,null
0.0610855,null,0.238195,null,null
-0.0569682,null,null,-0.0274378,null
-0.000375266,null,null,null,-0.000871041
0.994742,0.0086987,null,null,null
0.092826,null,0.246987,null,null
-0.0388079,null,null,-0.0349091,null
-0.000406928,null,null,null,-0.00430821
0.994625,0.00918762,null,null,null
0.162771,null,0.239826,null,null
-0.0438378,null,null,-0.00470511,null
0.0032606,null,null,null,-0.00264767
0.994625,0.00918762,null,null,null
0.162771,null,0.239826,null,null
-0.0438378,null,null,-0.00470511,null
0.0032606,null,null,null,-0.00264767
0.994677,0.00884391,null,null,null
0.158757,null,0.27305,null,null
-0.07275,null,null,-0.00450435,null
0.00121984,null,null,null,-0.00185622
0.994677,0.00884391,null,null,null
0.158757,null,0.27305,null,null
-0.07275,null,null,-0.00450435,null
0.00121984,null,null,null,-0.00185622
0.994631,0.0098187,null,null,null
0.102424,null,0.277871,null,null
-0.044514,null,null,0.0237879,null
-0.0035209,null,null,null,-4.62745e-05
0.994631,0.0098187,null,null,null
0.102424,null,0.277871,null,null
-0.044514,null,null,0.0237879,null
-0.0035209,null,null,null,-4.62745e-05
0.994685,0.00866695,null,null,null
0.112194,null,0.284115,null,null
-0.00997446,null,null,-0.0338196,null
-0.00339804,null,null,null,-0.000263922
0.994666,0.00721864,null,null,null
0.0539185,null,0.29824,null,null
-0.0125406,null,null,0.0224061,null
-0.00343925,null,null,null,0.000918086
0.994726,0.00646757,null,null,null
0.0753039,null,0.283492,null,null
0.00771698,null,null,0.0598537,null
-0.000539138,null,null,null,-0.00109778
0.994726,0.00646757,null,null,null
0.0753039,null,0.283492,null,null
0.00771698,null,null,0.0598537,null
-0.000539138,null,null,null,-0.00109778
0.994731,0.00489671,null,null,null
0.121172,null,0.297616,null,null
-0.0450902,null,null,0.114902,null
4.64291e-05,null,null,null,-0.00267266
0.994724,0.00685681,null,null,null
0.0563326,null,0.341189,null,null
-0.00141655,null,null,0.127442,null
-0.00126635,null,null,null,-1.4038e-05
0.994703,0.00710915,null,null,null
0.0463804,null,0.33986,null,null
0.0279488,null,null,0.112821,null
-0.00484506,null,null,null,0.00384017
0.994735,0.00548641,null,null,null
0.0451124,null,0.299889,null,null
-0.0238029,null,null,0.0908056,null
-0.000797346,null,null,null,0.0040501
0.994685,0.00564263,null,null,null
0.0528331,null,0.269496,null,null
-0.035239,null,null,0.13866,null
-0.0031228,null,null,null,0.00419894
0.994671,0.0068367,null,null,null
0.0180361,null,0.294981,null,null
0.0120971,null,null,0.0759771,null
-0.00359802,null,null,null,0.00240771
0.994719,0.00586226,null,null,null
-0.0168434,null,0.217109,null,null
-0.000866946,null,null,0.141156,null
-0.0038984,null,null,null,0.000855609
0.994719,0.00586226,null,null,null
-0.0168434,null,0.217109,null,null
-0.000866946,null,null,0.141156,null
-0.0038984,null,null,null,0.000855609
0.994725,0.00232976,null,null,null
-0.0130487,null,0.225526,null,null
-0.011469,null,null,0.1621,null
-0.00534816,null,null,null,-0.000500006
0.994725,0.00232976,null,null,null
-0.0130487,null,0.225526,null,null
-0.011469,null,null,0.1621,null
-0.00534816,null,null,null,-0.000500006
0.99471,0.00158884,null,null,null
-0.0481969,null,0.212853,null,null
-0.0789594,null,null,0.190069,null
-0.00205636,null,null,null,-0.00263119
0.994781,0.00059549,null,null,null
-0.0409275,null,0.238173,null,null
-0.0566572,null,null,0.178414,null
-0.000315593,null,null,null,0.000605155
0.994729,-0.00145896,null,null,null
0.000298488,null,0.243661,null,null
-0.0443664,null,null,0.167589,null
-0.000881245,null,null,null,0.000154319
0.994672,-0.00431727,null,null,null
0.00279376,null,0.260802,null,null
-0.0343031,null,null,0.162197,null
0.00205712,null,null,null,0.00243341
0.994672,-0.00431727,null,null,null
0.00279376,null,0.260802,null,null
-0.0343031,null,null,0.162197,null
0.00205712,null,null,null,0.00243341
0.99472,-0.00562049,null,null,null
-0.0262159,null,0.248375,null,null
-0.0488781,null,null,0.168937,null
-0.000205445,null,null,null,-0.00179274
0.99472,-0.00562049,null,null,null
-0.0262159,null,0.248375,null,null
-0.0488781,null,null,0.168937,null
-0.000205445,null,null,null,-0.00179274
0.99472,-0.00562049,null,null,null
-0.0262159,null,0.248375,null,null
-0.0488781,null,null,0.168937,null
-0.000205445,null,null,null,-0.00179274
0.994731,-0.00693621,null,null,null
-0.0386219,null,0.218355,null,null
-0.00811322,null,null,0.188231,null
-0.00128949,null,null,null,0.002838
0.994664,-0.00542239,null,null,null
-0.0449754,null,0.22102,null,null
-0.00159095,null,null,0.172233,null
-0.00403041,null,null,null,0.00145585
0.994664,-0.00542239,null,null,null
-0.0449754,null,0.22102,null,null
-0.00159095,null,null,0.172233,null
-0.00403041,null,null,null,0.00145585
0.994639,-0.00980015,null,null,null
-0.0801325,null,0.206698,null,null
-0.0381074,null,null,0.171513,null
0.00117129,null,null,null,0.00267917
0.994639,-0.00980015,null,null,null
-0.0801325,null,0.206698,null,null
-0.0381074,null,null,0.171513,null
0.00117129,null,null,null,0.00267917
0.994639,-0.00980015,null,null,null
-0.0801325,null,0.206698,null,null
-0.0381074,null,null,0.171513,null
0.00117129,null,null,null,0.00267917
0.994636,-0.00950441,null,null,null
-0.0845227,null,0.188585,null,null
-0.0269055,null,null,0.149426,null
0.00280509,null,null,null,0.000316217
0.994636,-0.00950441,null,null,null
-0.0845227,null,0.188585,null,null
-0.0269055,null,null,0.149426,null
0.00280509,null,null,null,0.000316217
0.994679,-0.00949379,null,null,null
-0.0290501,null,0.169043,null,null
-0.00989214,null,null,0.13616,null
0.00152559,null,null,null,0.000140144
0.994696,-0.00773504,null,null,null
-0.0103488,null,0.164641,null,null
-0.0397718,null,null,0.162561,null
1.81135e-05,null,null,null,-0.00357634
0.994696,-0.0078733,null,null,null
-0.0142506,null,0.20861,null,null
-0.0662185,null,null,0.168266,null
0.00164528,null,null,null,-0.00157089
0.99459,-0.00829471,null,null,null
-0.022499,null,0.217235,null,null
-0.0469311,null,null,0.177453,null
-0.00227241,null,null,null,0.000772943
0.994627,-0.00779444,null,null,null
-0.0381797,null,0.265414,null,null
-0.0312594,null,null,0.210235,null
-0.000915899,null,null,null,0.000875185
0.994721,-0.00606018,null,null,null
-0.0724494,null,0.216059,null,null
-0.0547612,null,null,0.248129,null
-0.00235468,null,null,null,-0.0021519
0.994791,-0.00529445,null,null,null
-0.0606764,null,0.209466,null,null
-0.0458317,null,null,0.144314,null
-0.000851182,null,null,null,0.0011408
0.994791,-0.00529445,null,null,null
-0.0606764,null,0.209466,null,null
-0.0458317,null,null,0.144314,null
-0.000851182,null,null,null,0.0011408
0.9947,-0.0069523,null,null,null
-0.0393952,null,0.207033,null,null
-0.0433313,null,null,0.210374,null
-0.00152833,null,null,null,-0.00230705
0.9947,-0.0069523,null,null,null
-0.0393952,null,0.207033,null,null
-0.0433313,null,null,0.210374,null
-0.00152833,null,null,null,-0.00230705
0.994715,-0.00783514,null,null,null
0.0007632,null,0.226456,null,null
-0.0761407,null,null,0.176457,null
-8.4503e-05,null,null,null,-0.0018199
0.994744,-0.00613766,null,null,null
0.0223031,null,0.149985,null,null
-0.0888537,null,null,0.176326,null
0.00125935,null,null,null,-0.00518604
0.994646,-0.00770428,null,null,null
0.0644017,null,0.16375,null,null
-0.0558554,null,null,0.215163,null
-0.000890727,null,null,null,-0.00195992
0.994627,-0.00877252,null,null,null
0.0412994,null,0.118918,null,null
-0.0818906,null,null,0.194989,null
-0.00116022,null,null,null,-0.00268146
0.994683,-0.00799548,null,null,null
0.054267,null,0.101866,null,null
-0.0477583,null,null,0.195549,null
0.000384787,null,null,null,0.00176366
0.99468,-0.00986126,null,null,null
0.0629625,null,0.169189,null,null
-0.0666158,null,null,0.153811,null
-0.00303898,null,null,null,0.00410854
0.994724,-0.00635131,null,null,null
0.0407973,null,0.101805,null,null
-0.0539081,null,null,0.176602,null
0.00357742,null,null,null,0.00379326
0.994724,-0.00635131,null,null,null
0.0407973,null,0.101805,null,null
-0.0539081,null,null,0.176602,null
0.00357742,null,null,null,0.00379326
0.994724,-0.00635131,null,null,null
0.0407973,null,0.101805,null,null
-0.0539081,null,null,0.176602,null
0.00357742,null,null,null,0.00379326
0.994646,-0.0101402,null,null,null
0.0516098,null,0.0723435,null,null
-0.0385754,null,null,0.194384,null
-0.00432169,null,null,null,-0.000613672
0.99464,-0.00845679,null,null,null
0.0131926,null,0.0694779,null,null
-0.0585087,null,null,0.207181,null
-0.000252569,null,null,null,-0.00149837
0.99465,-0.00758235,null,null,null
0.00440246,null,0.071347,null,null
-0.080003,null,null,0.21892,null
0.000210469,null,null,null,-0.000882645
0.994769,-0.0077214,null,null,null
-0.000137215,null,0.0705932,null,null
-0.0620615,null,null,0.22565,null
0.00276766,null,null,null,-0.00282881
0.994745,-0.00767364,null,null,null
-0.0105118,null,0.0671942,null,null
-0.0385246,null,null,0.217345,null
-0.000883379,null,null,null,-0.001521
0.99471,-0.00774949,null,null,null
-0.015848,null,0.0887816,null,null
-0.0861409,null,null,0.242216,null
-0.00244509,null,null,null,-0.00052749
0.994741,-0.00565664,null,null,null
-0.0357776,null,0.103875,null,null
-0.0616714,null,null,0.21767,null
0.0017774,null,null,null,-0.00150505
0.994715,-0.00388517,null,null,null
-0.0767493,null,0.0558511,null,null
-0.0568196,null,null,0.181796,null
9.73496e-05,null,null,null,-0.00288414
0.994722,-0.00327413,null,null,null
-0.0676465,null,-0.00411632,null,null
-0.109809,null,null,0.169683,null
0.000716726,null,null,null,-0.00154479
0.994722,-0.00327413,null,null,null
-0.0676465,null,-0.00411632,null,null
-0.109809,null,null,0.169683,null
0.000716726,null,null,null,-0.00154479
0.994716,0.00184971,null,null,null
-0.081426,null,0.00869926,null,null
-0.0499476,null,null,0.221395,null
-0.00229744,null,null,null,-0.000938023
0.994729,0.00218883,null,null,null
-0.0623136,null,0.0114091,null,null
-0.0614185,null,null,0.274711,null
0.00196892,null,null,null,3.04313e-05
0.994719,-0.00124376,null,null,null
-0.071089,null,0.0163191,null,null
-0.00557879,null,null,0.285183,null
0.00224361,null,null,null,0.00260021
0.99477,-0.00457666,null,null,null
-0.0823368,null,0.0195756,null,null
-0.0556064,null,null,0.2945,null
0.000744897,null,null,null,0.000880516
0.994772,-0.00347465,null,null,null
-0.0839875,null,0.0433878,null,null
0.0210549,null,null,0.243604,null
-0.00446977,null,null,null,0.0043673
0.994791,-0.00300926,null,null,null
-0.079864,null,-0.0191379,null,null
-0.00393519,null,null,0.281423,null
-0.00028891,null,null,null,0.00321472
0.994791,-0.00300926,null,null,null
-0.079864,null,-0.0191379,null,null
-0.00393519,null,null,0.281423,null
-0.00028891,null,null,null,0.00321472
0.99482,0.000736743,null,null,null
-0.066781,null,0.0225984,null,null
-0.022188,null,null,0.23469,null
0.00147694,null,null,null,0.000777245
0.99482,0.000736743,null,null,null
-0.066781,null,0.0225984,null,null
-0.022188,null,null,0.23469,null
0.00147694,null,null,null,0.000777245
0.994789,-0.00143365,null,null,null
-0.0772294,null,0.0229223,null,null
0.00323966,null,null,0.263366,null
0.00166419,null,null,null,0.000699339
0.9948,-0.00159654,null,null,null
-0.0956837,null,0.106429,null,null
-0.0335119,null,null,0.214405,null
0.00343627,null,null,null,0.000804218
0.994805,-0.0042966,null,null,null
-0.0446119,null,0.0570703,null,null
-0.0431425,null,null,0.180421,null
0.00376455,null,null,null,-0.000829637
0.994805,-0.0042966,null,null,null
-0.0446119,null,0.0570703,null,null
-0.0431425,null,null,0.180421,null
0.00376455,null,null,null,-0.000829637
0.994805,-0.0042966,null,null,null
-0.0446119,null,0.0570703,null,null
-0.0431425,null,null,0.180421,null
0.00376455,null,null,null,-0.000829637
0.994805,-0.0042966,null,null,null
-0.0446119,null,0.0570703,null,null
-0.0431425,null,null,0.180421,null
0.00376455,null,null,null,-0.000829637
0.994777,-0.00648739,null,null,null
-0.053605,null,0.041096,null,null
-0.038245,null,null,0.138271,null
0.000869221,null,null,null,-0.00308377
0.99483,-0.00481234,null,null,null
-0.0433514,null,0.0379766,null,null
-0.061438,null,null,0.209175,null
-0.00120703,null,null,null,4.3606e-05
0.99483,-0.00481234,null,null,null
-0.0433514,null,0.0379766,null,null
-0.061438,null,null,0.209175,null
-0.00120703,null,null,null,4.3606e-05
0.99485,-0.00178842,null,null,null
-0.0555465,null,0.0225869,null,null
-0.0896659,null,null,0.196555,null
0.000528163,null,null,null,-0.000935967
0.994798,-0.0012732,null,null,null
-0.064875,null,0.0718744,null,null
-0.14086,null,null,0.161875,null
0.000194266,null,null,null,-0.00063257
0.994873,-0.00376108,null,null,null
-0.0389179,null,0.147646,null,null
-0.142013,null,null,0.151677,null
0.000677764,null,null,null,-0.00428321
0.994873,-0.00376108,null,null,null
-0.0389179,null,0.147646,null,null
-0.142013,null,null,0.151677,null
0.000677764,null,null,null,-0.00428321
0.994876,0.00044567,null,null,null
0.0208077,null,0.16167,null,null
-0.131793,null,null,0.163117,null
-0.000746219,null,null,null,-0.00315589
0.994876,0.00044567,null,null,null
0.0208077,null,0.16167,null,null
-0.131793,null,null,0.163117,null
-0.000746219,null,null,null,-0.00315589
0.994803,-0.000193727,null,null,null
0.025986,null,0.178486,null,null
-0.148592,null,null,0.218265,null
0.00386863,null,null,null,-0.000862161
0.994803,-0.000193727,null,null,null
0.025986,null,0.178486,null,null
-0.148592,null,null,0.218265,null
0.00386863,null,null,null,-0.000862161
0.994803,-0.000193727,null,null,null
0.025986,null,0.178486,null,null
-0.148592,null,null,0.218265,null
0.00386863,null,null,null,-0.000862161
0.994803,-0.000193727,null,null,null
0.025986,null,0.178486,null,null
-0.148592,null,null,0.218265,null
0.00386863,null,null,null,-0.000862161
0.99479,0.00115754,null,null,null
0.0134861,null,0.154037,null,null
-0.133665,null,null,0.212275,null
-0.000493595,null,null,null,0.00146017
0.99479,0.00115754,null,null,null
0.0134861,null,0.154037,null,null
-0.133665,null,null,0.212275,null
-0.000493595,null,null,null,0.00146017
0.994838,0.00373369,null,null,null
-0.0557056,null,0.183386,null,null
-0.172979,null,null,0.210535,null
0.00341547,null,null,null,-0.00169709
0.994838,0.00373369,null,null,null
-0.0557056,null,0.183386,null,null
-0.172979,null,null,0.210535,null
0.00341547,null,null,null,-0.00169709
0.994801,0.00212588,null,null,null
-0.0688316,null,0.182925,null,null
-0.123806,null,null,0.161843,null
0.00101137,null,null,null,-0.00110727
0.994801,0.00212588,null,null,null
-0.0688316,null,0.182925,null,null
-0.123806,null,null,0.161843,null
0.00101137,null,null,null,-0.00110727
0.994776,-0.00285343,null,null,null
-0.0387619,null,0.194194,null,null
-0.155674,null,null,0.191383,null
-0.00212972,null,null,null,-0.000104895
0.994768,-0.00629615,null,null,null
-0.0039926,null,0.192967,null,null
-0.0957625,null,null,0.163824,null
-0.000758671,null,null,null,-0.00234644
0.994768,-0.00629615,null,null,null
-0.0039926,null,0.192967,null,null
-0.0957625,null,null,0.163824,null
-0.000758671,null,null,null,-0.00234644
0.994692,-0.00706078,null,null,null
0.0294191,null,0.180914,null,null
-0.0890129,null,null,0.183553,null
0.00259577,null,null,null,-0.00141871
0.994676,-0.00875265,null,null,null
0.0327729,null,0.134899,null,null
-0.14045,null,null,0.122971,null
0.00149313,null,null,null,-0.00305799
0.994788,-0.00643936,null,null,null
-0.00862286,null,0.166887,null,null
-0.110159,null,null,0.133126,null
0.00123769,null,null,null,-0.00253445
0.994706,-0.00706165,null,null,null
-0.000787475,null,0.231259,null,null
-0.151619,null,null,0.147514,null
1.85206e-06,null,null,null,-0.000146333
0.994706,-0.00706165,null,null,null
-0.000787475,null,0.231259,null,null
-0.151619,null,null,0.147514,null
1.85206e-06,null,null,null,-0.000146333
0.994722,-0.00535651,null,null,null
-0.040826,null,0.15752,null,null
-0.102374,null,null,0.147113,null
-0.00191877,null,null,null,-0.000263949
0.994774,-0.00100788,null,null,null
-0.0698801,null,0.169038,null,null
-0.100444,null,null,0.111988,null
-0.00282789,null,null,null,-0.000544587
0.994774,-0.00100788,null,null,null
-0.0698801,null,0.169038,null,null
-0.100444,null,null,0.111988,null
-0.00282789,null,null,null,-0.000544587
0.994785,-0.00172872,null,null,null
-0.0679001,null,0.191704,null,null
-0.12805,null,null,0.0949094,null
1.32163e-05,null,null,null,-0.00242729
0.994739,-0.000650089,null,null,null
-0.101625,null,0.177246,null,null
-0.122582,null,null,0.103342,null
9.7562e-05,null,null,null,-0.00176501
0.994709,-0.00407545,null,null,null
-0.0973014,null,0.23578,null,null
-0.0910324,null,null,0.129519,null
-0.000123694,null,null,null,-0.0027048
0.9947,-0.00308809,null,null,null
-0.0735235,null,0.267211,null,null
-0.0927916,null,null,0.0873152,null
-0.00271761,null,null,null,-0.00297234
0.9947,-0.00308809,null,null,null
-0.0735235,null,0.267211,null,null
-0.0927916,null,null,0.0873152,null
-0.00271761,null,null,null,-0.00297234
0.994753,-0.000408347,null,null,null
-0.105646,null,0.243533,null,null
-0.13917,null,null,0.0637616,null
-0.00292416,null,null,null,-0.00210517
0.994806,-0.00153871,null,null,null
-0.0934116,null,0.210998,null,null
-0.129375,null,null,0.0943304,null
-0.0056968,null,null,null,-0.00191081
0.994806,-0.00153871,null,null,null
-0.0934116,null,0.210998,null,null
-0.129375,null,null,0.0943304,null
-0.0056968,null,null,null,-0.00191081
0.994825,0.00423312,null,null,null
-0.0575469,null,0.238737,null,null
-0.125982,null,null,0.154378,null
-0.000337345,null,null,null,-0.0024854
0.994753,0.00824325,null,null,null
-0.12702,null,0.194302,null,null
-0.128304,null,null,0.0984571,null
-0.00184668,null,null,null,-0.00260312
0.994786,0.00635695,null,null,null
-0.147726,null,0.220926,null,null
-0.141237,null,null,0.10808,null
-0.00422386,null,null,null,-0.00079938
0.994762,0.00632015,null,null,null
-0.122383,null,0.187054,null,null
-0.17969,null,null,0.130299,null
-0.00103001,null,null,null,0.000521668
0.994691,0.00760696,null,null,null
-0.103909,null,0.11876,null,null
-0.179289,null,null,0.179984,null
0.000547954,null,null,null,-0.00051523
0.994721,0.00916806,null,null,null
-0.062274,null,0.105306,null,null
-0.177632,null,null,0.16404,null
-0.000426273,null,null,null,0.00254347
0.994721,0.00916806,null,null,null
-0.062274,null,0.105306,null,null
-0.177632,null,null,0.16404,null
-0.000426273,null,null,null,0.00254347
0.994721,0.00916806,null,null,null
-0.062274,null,0.105306,null,null
-0.177632,null,null,0.16404,null
-0.000426273,null,null,null,0.00254347
0.994762,0.0105749,null,null,null
-0.047062,null,0.0462384,null,null
-0.189246,null,null,0.186654,null
0.00280339,null,null,null,0.000759451
0.994765,0.00831272,null,null,null
-0.0229531,null,0.0565219,null,null
-0.174821,null,null,0.14329,null
0.00318628,null,null,null,0.000454964
0.994794,0.0082259,null,null,null
0.0222635,null,0.0714121,null,null
-0.118431,null,null,0.128383,null
5.76136e-05,null,null,null,-0.0033807
0.994765,0.00617025,null,null,null
0.0417961,null,0.102707,null,null
-0.0904719,null,null,0.209605,null
0.00102403,null,null,null,0.00034168
0.994729,0.00434016,null,null,null
-0.0150644,null,0.0507317,null,null
-0.107819,null,null,0.114996,null
-0.00209764,null,null,null,0.000984995
0.99476,0.00724915,null,null,null
-0.00495769,null,0.0678615,null,null
-0.121466,null,null,0.129856,null
-0.000944677,null,null,null,0.000271826
0.99476,0.00724915,null,null,null
-0.00495769,null,0.0678615,null,null
-0.121466,null,null,0.129856,null
-0.000944677,null,null,null,0.000271826
0.99476,0.00724915,null,null,null
-0.00495769,null,0.0678615,null,null
-0.121466,null,null,0.129856,null
-0.000944677,null,null,null,0.000271826
0.99476,0.00724915,null,null,null
-0.00495769,null,0.0678615,null,null
-0.121466,null,null,0.129856,null
-0.000944677,null,null,null,0.000271826
0.99476,0.00724915,null,null,null
-0.00495769,null,0.0678615,null,null
-0.121466,null,null,0.129856,null
-0.000944677,null,null,null,0.000271826
0.994819,0.00728188,null,null,null
0.039797,null,0.0796566,null,null
-0.158793,null,null,0.0956348,null
-0.00243544,null,null,null,0.00152164
0.994818,0.00280346,null,null,null
-0.0349406,null,0.0935592,null,null
-0.157287,null,null,0.101169,null
-0.000159337,null,null,null,-0.000536114
0.994826,0.0028714,null,null,null
-0.0432299,null,0.0586895,null,null
-0.111514,null,null,0.0550897,null
-0.00136922,null,null,null,0.000290104
0.994759,0.00296363,null,null,null
-0.129502,null,0.13571,null,null
-0.100752,null,null,0.0587442,null
-0.00170175,null,null,null,-0.0018679
0.994684,0.00212141,null,null,null
-0.106659,null,0.149088,null,null
-0.0742381,null,null,0.0494385,null
0.000241173,null,null,null,-0.0016528
0.994724,-0.00032766,null,null,null
-0.114104,null,0.14446,null,null
-0.129163,null,null,0.0434063,null
0.00226968,null,null,null,0.0057036
0.994749,-0.00192966,null,null,null
-0.0795437,null,0.173121,null,null
-0.101908,null,null,0.042758,null
0.00324353,null,null,null,0.00557605
0.994777,-0.000837231,null,null,null
-0.109389,null,0.186977,null,null
-0.0742363,null,null,0.0234689,null
0.00162651,null,null,null,0.00140821
0.994706,0.00233226,null,null,null
-0.0684294,null,0.193142,null,null
-0.0364785,null,null,0.0194733,null
0.00146266,null,null,null,0.00039547
0.99471,0.00198635,null,null,null
-0.00158719,null,0.211221,null,null
-0.02514,null,null,0.0263343,null
-0.00371597,null,null,null,-0.00157654
0.99471,0.00198635,null,null,null
-0.00158719,null,0.211221,null,null
-0.02514,null,null,0.0263343,null
-0.00371597,null,null,null,-0.00157654
0.994671,-0.001066,null,null,null
0.000223829,null,0.20931,null,null
-0.0188961,null,null,0.00646191,null
-0.00280277,null,null,null,0.000122207
0.99473,0.000191978,null,null,null
-0.0209818,null,0.18907,null,null
-0.0434835,null,null,0.062437,null
0.000707384,null,null,null,-0.00246471
0.99473,0.000191978,null,null,null
-0.0209818,null,0.18907,null,null
-0.0434835,null,null,0.062437,null
0.000707384,null,null,null,-0.00246471
0.99466,0.000384239,null,null,null
-0.0110059,null,0.175794,null,null
0.00412016,null,null,0.00547569,null
0.000231796,null,null,null,-0.00258817
0.99466,0.000384239,null,null,null
-0.0110059,null,0.175794,null,null
0.00412016,null,null,0.00547569,null
0.000231796,null,null,null,-0.00258817
0.99466,0.000384239,null,null,null
-0.0110059,null,0.175794,null,null
0.00412016,null,null,0.00547569,null
0.000231796,null,null,null,-0.00258817
0.99466,0.000384239,null,null,null
-0.0110059,null,0.175794,null,null
0.00412016,null,null,0.00547569,null
0.000231796,null,null,null,-0.00258817
0.994651,0.00141771,null,null,null
-0.0688746,null,0.179874,null,null
-0.00148909,null,null,-0.0369026,null
0.00162025,null,null,null,-5.85093e-05
0.994666,0.00408524,null,null,null
-0.0877854,null,0.170112,null,null
-0.0447016,null,null,-0.0291386,null
0.00313395,null,null,null,-0.00121434
0.994666,0.00408524,null,null,null
-0.0877854,null,0.170112,null,null
-0.0447016,null,null,-0.0291386,null
0.00313395,null,null,null,-0.00121434
0.994666,0.00408524,null,null,null
-0.0877854,null,0.170112,null,null
-0.0447016,null,null,-0.0291386,null
0.00313395,null,null,null,-0.00121434
0.994584,0.00599174,null,null,null
-0.116443,null,0.219257,null,null
-0.0388485,null,null,-0.0570749,null
0.00442165,null,null,null,-0.00125319
0.994615,0.00499703,null,null,null
-0.0404616,null,0.144849,null,null
0.0355992,null,null,-0.0150277,null
-0.00429701,null,null,null,-0.000273725
0.994615,0.00499703,null,null,null
-0.0404616,null,0.144849,null,null
0.0355992,null,null,-0.0150277,null
-0.00429701,null,null,null,-0.000273725
0.994625,0.00601868,null,null,null
-0.0742084,null,0.152229,null,null
0.0526911,null,null,-0.0349414,null
0.00070004,null,null,null,0.00504859
0.994594,0.00478374,null,null,null
-0.117033,null,0.172116,null,null
-0.00327705,null,null,-0.038547,null
-0.00367135,null,null,null,0.00161971
0.994595,0.00725326,null,null,null
-0.123386,null,0.151422,null,null
0.0591005,null,null,-0.102897,null
-0.00207349,null,null,null,-0.000682565
0.994595,0.00725326,null,null,null
-0.123386,null,0.151422,null,null
0.0591005,null,null,-0.102897,null
-0.00207349,null,null,null,-0.000682565
0.994618,0.00866512,null,null,null
-0.14702,null,0.141769,null,null
0.0309865,null,null,-0.0672585,null
-0.00801346,null,null,null,-0.00329314
0.994666,0.0103353,null,null,null
-0.147899,null,0.113578,null,null
0.0541294,null,null,-0.113982,null
-0.00501414,null,null,null,-6.49151e-05
0.994729,0.00929911,null,null,null
-0.106487,null,0.106948,null,null
0.0371075,null,null,-0.0429859,null
-0.00753546,null,null,null,-0.00390398
0.994729,0.00929911,null,null,null
-0.106487,null,0.106948,null,null
0.0371075,null,null,-0.0429859,null
-0.00753546,null,null,null,-0.00390398
0.994698,0.0108674,null,null,null
-0.0950361,null,0.128835,null,null
0.078925,null,null,-0.0461889,null
-0.000787995,null,null,null,-0.00642809
0.994703,0.0116149,null,null,null
-0.107094,null,0.0872319,null,null
0.124786,null,null,-0.0253441,null
-0.00314229,null,null,null,-0.00321492
0.994639,0.0125171,null,null,null
-0.140959,null,0.113815,null,null
0.0722653,null,null,-0.0328814,null
-0.00189769,null,null,null,0.000999281
0.994784,0.00951459,null,null,null
-0.160749,null,0.127431,null,null
0.056219,null,null,-0.0462711,null
-0.00281423,null,null,null,-0.00286714
0.994784,0.00951459,null,null,null
-0.160749,null,0.127431,null,null
0.056219,null,null,-0.0462711,null
-0.00281423,null,null,null,-0.00286714
0.994777,0.013207,null,null,null
-0.14003,null,0.100234,null,null
0.0470411,null,null,-0.0264259,null
0.000742997,null,null,null,0.000869692
0.994715,0.0134464,null,null,null
-0.0879856,null,0.10735,null,null
0.045733,null,null,0.00423413,null
-0.000584009,null,null,null,0.00309889
0.994715,0.0134464,null,null,null
-0.0879856,null,0.10735,null,null
0.045733,null,null,0.00423413,null
-0.000584009,null,null,null,0.00309889
0.994627,0.0132671,null,null,null
-0.0767554,null,0.124654,null,null
0.0854045,null,null,-0.044639,null
0.00238975,null,null,null,0.000345931
0.994655,0.011194,null,null,null
-0.128149,null,0.160472,null,null
0.0801696,null,null,-0.064814,null
0.000993955,null,null,null,0.000534602
0.994639,0.0099905,null,null,null
-0.111795,null,0.11499,null,null
0.10023,null,null,-0.0511924,null
0.000598035,null,null,null,-0.00065988
0.994655,0.00812635,null,null,null
-0.133121,null,0.156869,null,null
0.117198,null,null,-0.048009,null
-0.00146989,null,null,null,-0.000631029
0.994626,0.0111384,null,null,null
-0.126074,null,0.170176,null,null
0.113341,null,null,-0.0188098,null
0.00326529,null,null,null,-0.00270952
0.994626,0.0111384,null,null,null
-0.126074,null,0.170176,null,null
0.113341,null,null,-0.0188098,null
0.00326529,null,null,null,-0.00270952
0.994626,0.0111384,null,null,null
-0.126074,null,0.170176,null,null
0.113341,null,null,-0.0188098,null
0.00326529,null,null,null,-0.00270952
0.994645,0.00906068,null,null,null
-0.171907,null,0.179794,null,null
0.103165,null,null,-0.0537354,null
0.000161773,null,null,null,-0.000744826
0.99466,0.00829718,null,null,null
-0.118087,null,0.163497,null,null
0.117752,null,null,-0.00771582,null
-9.79997e-06,null,null,null,-0.00547884
0.99466,0.00636455,null,null,null
-0.153586,null,0.182065,null,null
0.113415,null,null,-0.032364,null
-0.00295186,null,null,null,-0.000742679
0.99466,0.00636455,null,null,null
-0.153586,null,0.182065,null,null
0.113415,null,null,-0.032364,null
-0.00295186,null,null,null,-0.000742679
0.994731,0.0071467,null,null,null
-0.168939,null,0.204437,null,null
0.126484,null,null,0.00195776,null
0.00240025,null,null,null,-0.000551054
0.994769,0.00557748,null,null,null
-0.114111,null,0.170604,null,null
0.168767,null,null,-0.00228247,null
-0.00215975,null,null,null,0.000590056
0.994744,0.00122673,null,null,null
-0.108939,null,0.172455,null,null
0.163878,null,null,-0.0464384,null
-0.00400469,null,null,null,0.000720849
0.994744,0.00122673,null,null,null
-0.108939,null,0.172455,null,null
0.163878,null,null,-0.0464384,null
-0.00400469,null,null,null,0.000720849
0.994757,0.00139496,null,null,null
-0.0681578,null,0.151237,null,null
0.199933,null,null,-0.0695696,null
-0.00115001,null,null,null,0.00315669
0.994751,-0.000191023,null,null,null
-0.0912731,null,0.161265,null,null
0.149935,null,null,-0.0776425,null
-0.00147979,null,null,null,-0.00140512
0.994751,-0.000191023,null,null,null
-0.0912731,null,0.161265,null,null
0.149935,null,null,-0.0776425,null
-0.00147979,null,null,null,-0.00140512
0.994751,-0.000191023,null,null,null
-0.0912731,null,0.161265,null,null
0.149935,null,null,-0.0776425,null
-0.00147979,null,null,null,-0.00140512
0.994751,-0.000191023,null,null,null
-0.0912731,null,0.161265,null,null
0.149935,null,null,-0.0776425,null
-0.00147979,null,null,null,-0.00140512
0.994742,-0.000568012,null,null,null
-0.0671516,null,0.188486,null,null
0.152739,null,null,-0.0562645,null
0.000783301,null,null,null,0.00105314
0.994696,0.00281337,null,null,null
-0.0906124,null,0.19291,null,null
0.109521,null,null,-0.0577893,null
-0.000679934,null,null,null,-0.000134039
0.994696,0.00281337,null,null,null
-0.0906124,null,0.19291,null,null
0.109521,null,null,-0.0577893,null
-0.000679934,null,null,null,-0.000134039
0.994687,0.00290781,null,null,null
-0.0869055,null,0.18625,null,null
0.128029,null,null,-0.0761999,null
-0.000482859,null,null,null,0.000526044
0.994701,0.00172167,null,null,null
-0.0187591,null,0.184241,null,null
0.141534,null,null,-0.0753825,null
0.00139163,null,null,null,-0.00819733
0.994777,0.00386904,null,null,null
0.0293355,null,0.189555,null,null
0.162349,null,null,-0.104898,null
0.00043549,null,null,null,-0.00632489
0.99479,0.00516012,null,null,null
-0.0195512,null,0.192917,null,null
0.164093,null,null,-0.0785152,null
0.000628236,null,null,null,-0.00488055
0.994792,0.00666804,null,null,null
-0.027496,null,0.154894,null,null
0.12152,null,null,-0.0388011,null
0.00232086,null,null,null,-0.00165493
0.994754,0.00879237,null,null,null
0.0247284,null,0.151558,null,null
0.123593,null,null,-0.0956599,null
-0.000626576,null,null,null,-0.00218695
0.994754,0.00879237,null,null,null
0.0247284,null,0.151558,null,null
0.123593,null,null,-0.0956599,null
-0.000626576,null,null,null,-0.00218695
0.994754,0.00879237,null,null,null
0.0247284,null,0.151558,null,null
0.123593,null,null,-0.0956599,null
-0.000626576,null,null,null,-0.00218695
0.994754,0.00879237,null,null,null
0.0247284,null,0.151558,null,null
0.123593,null,null,-0.0956599,null
-0.000626576,null,null,null,-0.00218695
0.994744,0.00733768,null,null,null
-0.00533634,null,0.167725,null,null
0.0857093,null,null,-0.0908853,null
0.00156586,null,null,null,0.0032497
0.994744,0.00733768,null,null,null
-0.00533634,null,0.167725,null,null
0.0857093,null,null,-0.0908853,null
0.00156586,null,null,null,0.0032497
0.994761,0.00690493,null,null,null
-0.00901645,null,0.146347,null,null
0.0988363,null,null,-0.0588176,null
-0.00050953,null,null,null,0.00313219
0.994761,0.00690493,null,null,null
-0.00901645,null,0.146347,null,null
0.0988363,null,null,-0.0588176,null
-0.00050953,null,null,null,0.00313219
0.994786,0.00265426,null,null,null
0.029816,null,0.111716,null,null
0.128131,null,null,-0.0949816,null
-0.003108,null,null,null,0.00711583
0.994784,-0.000254319,null,null,null
-0.0293236,null,0.117,null,null
0.0884935,null,null,-0.102049,null
-0.00268905,null,null,null,-0.00185017
0.994784,-0.000254319,null,null,null
-0.0293236,null,0.117,null,null
0.0884935,null,null,-0.102049,null
-0.00268905,null,null,null,-0.00185017
0.994749,-0.00276413,null,null,null
-0.0481616,null,0.114828,null,null
0.155543,null,null,-0.0983072,null
0.0044698,null,null,null,-0.00170544
0.99464,-0.00471141,null,null,null
-0.0685883,null,0.0830684,null,null
0.127449,null,null,-0.139051,null
0.00152261,null,null,null,-0.0015159
0.994698,-0.00316675,null,null,null
-0.0915452,null,0.0694396,null,null
0.133266,null,null,-0.125677,null
-0.000506506,null,null,null,-0.000544914
0.994684,-0.00338431,null,null,null
-0.0399386,null,0.113785,null,null
0.166629,null,null,-0.0993811,null
0.00255161,null,null,null,-0.00048168
0.994684,-0.00338431,null,null,null
-0.0399386,null,0.113785,null,null
0.166629,null,null,-0.0993811,null
0.00255161,null,null,null,-0.00048168
0.994601,-0.00844996,null,null,null
-0.0470325,null,0.125257,null,null
0.186927,null,null,-0.104949,null
-0.000999277,null,null,null,-0.000881051
0.994601,-0.00844996,null,null,null
-0.0470325,null,0.125257,null,null
0.186927,null,null,-0.104949,null
-0.000999277,null,null,null,-0.000881051
0.994683,-0.00943523,null,null,null
-0.0474764,null,0.0796552,null,null
0.234374,null,null,-0.0982128,null
-0.00214901,null,null,null,-0.00117754
0.994729,-0.00703735,null,null,null
-0.0543385,null,0.0905639,null,null
0.215347,null,null,-0.0854764,null
-0.00191921,null,null,null,-0.000487521
0.994729,-0.00703735,null,null,null
-0.0543385,null,0.0905639,null,null
0.215347,null,null,-0.0854764,null
-0.0019192,null,null,null,-0.000487521
0.994748,-0.00340524,null,null,null
-0.0430282,null,0.0870792,null,null
0.215778,null,null,-0.0324631,null
0.000146644,null,null,null,-0.00284136
0.99476,-0.00276838,null,null,null
-0.0890406,null,0.092816,null,null
0.224846,null,null,-0.0329319,null
-0.00168919,null,null,null,0.000862729
0.994762,-0.00387549,null,null,null
-0.0547482,null,0.113143,null,null
0.186224,null,null,-0.0443,null
-0.00244589,null,null,null,-0.00104093
0.994722,-0.00553028,null,null,null
-0.091336,null,0.109128,null,null
0.187911,null,null,-0.0911302,null
-0.0019336,null,null,null,-0.00327149
0.994722,-0.00553028,null,null,null
-0.091336,null,0.109128,null,null
0.187911,null,null,-0.0911302,null
-0.0019336,null,null,null,-0.00327149
0.994742,-0.0035438,null,null,null
-0.0675802,null,0.113706,null,null
0.217179,null,null,-0.104741,null
-0.00261839,null,null,null,-0.00154152
0.994707,-0.00746451,null,null,null
-0.0059858,null,0.0993174,null,null
0.174694,null,null,-0.0444171,null
-0.00216233,null,null,null,-0.000917871
0.9946,-0.0125898,null,null,null
0.0232723,null,0.0936162,null,null
0.187335,null,null,-0.0518096,null
-0.0038427,null,null,null,-0.0036782
0.99459,-0.0139465,null,null,null
0.0225893,null,0.123629,null,null
0.150075,null,null,-0.0887126,null
-0.000360434,null,null,null,-0.00458992
0.99459,-0.0139465,null,null,null
0.0225893,null,0.123629,null,null
0.150075,null,null,-0.0887126,null
-0.000360434,null,null,null,-0.00458992
0.994605,-0.0139218,null,null,null
0.081729,null,0.0960055,null,null
0.15169,null,null,-0.0452225,null
-0.000811565,null,null,null,-0.000298506
0.994581,-0.0143158,null,null,null
0.0247016,null,0.044659,null,null
0.164683,null,null,-0.0463709,null
-0.000451086,null,null,null,-0.00453905
0.994663,-0.0108305,null,null,null
0.0215106,null,0.0536244,null,null
0.13743,null,null,-0.0863715,null
-0.000402344,null,null,null,-0.0036624
0.994675,-0.0103608,null,null,null
0.0284513,null,0.0621989,null,null
0.160589,null,null,-0.00948761,null
-0.000671516,null,null,null,-0.00257442
0.994675,-0.0103608,null,null,null
0.0284513,null,0.0621989,null,null
0.160589,null,null,-0.00948761,null
-0.000671516,null,null,null,-0.00257442
0.994721,-0.00998852,null,null,null
0.0528369,null,0.0273068,null,null
0.175539,null,null,-0.0348906,null
-0.00150816,null,null,null,-0.00364147
0.994741,-0.0102812,null,null,null
0.0191679,null,0.0684989,null,null
0.19369,null,null,-0.0499164,null
-0.00088038,null,null,null,-0.00388647
0.994741,-0.0102812,null,null,null
0.0191679,null,0.0684989,null,null
0.19369,null,null,-0.0499164,null
-0.00088038,null,null,null,-0.00388647
0.994724,-0.0114999,null,null,null
-0.0123515,null,0.0866036,null,null
0.144847,null,null,-0.0291986,null
0.000710179,null,null,null,0.000848565
0.994757,-0.00954046,null,null,null
-0.0228156,null,0.0956016,null,null
0.135484,null,null,-0.0611324,null
-0.0030465,null,null,null,0.0017808
0.994757,-0.00954046,null,null,null
-0.0228156,null,0.0956016,null,null
0.135484,null,null,-0.0611324,null
-0.0030465,null,null,null,0.0017808
0.994805,-0.010007,null,null,null
0.0142278,null,0.0975667,null,null
0.183201,null,null,-0.0879001,null
0.00107049,null,null,null,-0.00211075
0.994757,-0.0108583,null,null,null
0.0285361,null,0.091723,null,null
0.123936,null,null,-0.0727548,null
0.0012012,null,null,null,0.00156481
0.994757,-0.0108583,null,null,null
0.0285361,null,0.091723,null,null
0.123936,null,null,-0.0727548,null
0.0012012,null,null,null,0.00156481
0.994757,-0.0108583,null,null,null
0.0285361,null,0.091723,null,null
0.123936,null,null,-0.0727548,null
0.0012012,null,null,null,0.00156481
0.994722,-0.0117033,null,null,null
0.0511041,null,0.104447,null,null
0.0810397,null,null,-0.0514003,null
-0.0015305,null,null,null,-0.0011197
0.994739,-0.0108046,null,null,null
0.0213662,null,0.0945971,null,null
0.0632102,null,null,-0.0531732,null
-0.00283224,null,null,null,-0.00246229
0.994683,-0.0140286,null,null,null
0.0353339,null,0.0899121,null,null
0.0416006,null,null,-0.0473209,null
-0.00107266,null,null,null,-0.00266155
0.9947,-0.0110433,null,null,null
-0.00858048,null,0.0957967,null,null
0.00716072,null,null,-0.00947681,null
0.000366714,null,null,null,0.000249563
0.9947,-0.0110433,null,null,null
-0.00858048,null,0.0957967,null,null
0.00716072,null,null,-0.00947681,null
0.000366714,null,null,null,0.000249563
0.994739,-0.00760965,null,null,null
-0.0147719,null,0.117321,null,null
-0.0163893,null,null,-0.0179289,null
0.00172485,null,null,null,-0.000142829
0.994616,-0.00834202,null,null,null
0.0150685,null,0.106886,null,null
-0.00544425,null,null,0.00297734,null
-0.000962015,null,null,null,0.00288932
0.994722,-0.00505027,null,null,null
0.0135519,null,0.123397,null,null
-0.00217256,null,null,-0.0217087,null
-0.0029638,null,null,null,0.00376597
0.994739,-0.00746388,null,null,null
-0.0412177,null,0.122772,null,null
0.0349861,null,null,-0.0892474,null
-0.00410761,null,null,null,-0.000303749
0.9947,-0.00219189,null,null,null
0.00250156,null,0.0335092,null,null
0.0507468,null,null,-0.0306123,null
-0.00116297,null,null,null,-0.00378542
0.994727,-0.0027337,null,null,null
0.0162509,null,0.0344245,null,null
0.0220134,null,null,-0.0334964,null
-0.000569325,null,null,null,0.000737097
0.994727,-0.0027337,null,null,null
0.0162509,null,0.0344245,null,null
0.0220134,null,null,-0.0334964,null
-0.000569325,null,null,null,0.000737097
0.994731,-0.00043575,null,null,null
-0.00693037,null,0.0694626,null,null
0.0427879,null,null,-0.0176168,null
0.00367814,null,null,null,0.00434049
0.994694,-0.0011602,null,null,null
-0.0402279,null,0.068555,null,null
0.0786211,null,null,-0.0601705,null
0.00288833,null,null,null,0.0029607
0.994762,0.00187699,null,null,null
-0.073351,null,0.0998482,null,null
0.136845,null,null,-0.0654808,null
-0.00360239,null,null,null,0.00167471
0.994762,0.00187699,null,null,null
-0.073351,null,0.0998482,null,null
0.136845,null,null,-0.0654808,null
-0.00360239,null,null,null,0.00167471
0.99474,0.00396439,null,null,null
-0.13025,null,-0.00962935,null,null
0.0873068,null,null,-0.0618988,null
0.00275612,null,null,null,0.002081
0.994766,0.00474413,null,null,null
-0.106107,null,-0.00285566,null,null
0.105989,null,null,-0.0534821,null
0.00399129,null,null,null,-0.00646366
0.994744,0.00556771,null,null,null
-0.100434,null,-0.00620397,null,null
0.111019,null,null,-0.0584913,null
0.000889929,null,null,null,-0.000945729
0.994744,0.00556771,null,null,null
-0.100434,null,-0.00620397,null,null
0.111019,null,null,-0.0584913,null
0.000889929,null,null,null,-0.000945729
0.994774,0.00467261,null,null,null
-0.0751658,null,-0.0368223,null,null
0.0845358,null,null,-0.0857785,null
0.00325806,null,null,null,-0.00275796
0.994725,0.00624683,null,null,null
-0.0300489,null,-0.0134029,null,null
0.0480485,null,null,-0.0422705,null
0.00345732,null,null,null,-0.00115062
0.994725,0.00624683,null,null,null
-0.0300489,null,-0.0134029,null,null
0.0480485,null,null,-0.0422705,null
0.00345732,null,null,null,-0.00115062
0.99482,0.00624237,null,null,null
-0.0864745,null,0.00320865,null,null
0.0441973,null,null,-0.0562197,null
0.000466776,null,null,null,-0.000576255
0.994779,0.00773915,null,null,null
-0.104461,null,-0.00254871,null,null
0.0609144,null,null,-0.0702544,null
0.000709839,null,null,null,0.00113675
0.994779,0.00773915,null,null,null
-0.104461,null,-0.00254871,null,null
0.0609144,null,null,-0.0702544,null
0.000709839,null,null,null,0.00113675
0.994711,0.0101889,null,null,null
-0.0430454,null,0.00220501,null,null
0.0797515,null,null,-0.0780549,null
0.000165371,null,null,null,0.00105417
0.994753,0.010883,null,null,null
-0.0396375,null,-0.000592995,null,null
0.0896732,null,null,-0.0817199,null
-0.000149721,null,null,null,0.00389398
0.994753,0.010883,null,null,null
-0.0396375,null,-0.000592995,null,null
0.0896732,null,null,-0.0817199,null
-0.000149721,null,null,null,0.00389398
0.994753,0.010883,null,null,null
-0.0396375,null,-0.000592995,null,null
0.0896732,null,null,-0.0817199,null
-0.000149721,null,null,null,0.00389398
0.994753,0.010883,null,null,null
-0.0396375,null,-0.000592995,null,null
0.0896732,null,null,-0.0817199,null
-0.000149721,null,null,null,0.00389398
0.99472,0.0133689,null,null,null
-0.0621048,null,0.0121569,null,null
0.0316886,null,null,-0.132854,null
-0.000691268,null,null,null,-0.00030803
0.994686,0.0137204,null,null,null
-0.0636806,null,-0.0429665,null,null
0.0278649,null,null,-0.114298,null
-0.000167862,null,null,null,-0.00213257
0.994694,0.0150388,null,null,null
-0.0775245,null,-0.0421254,null,null
0.026265,null,null,-0.105159,null
-0.00015722,null,null,null,-0.00175195
0.994641,0.0164894,null,null,null
-0.094097,null,-0.0435505,null,null
0.0175247,null,null,-0.0119447,null
0.000561862,null,null,null,-0.00187367
0.994641,0.0164894,null,null,null
-0.094097,null,-0.0435505,null,null
0.0175247,null,null,-0.0119447,null
0.000561862,null,null,null,-0.00187367
0.994591,0.018205,null,null,null
-0.100278,null,-0.0667247,null,null
0.00579997,null,null,-0.0272686,null
-0.00029389,null,null,null,-0.00495479
0.99458,0.0160131,null,null,null
-0.0850007,null,-0.0442686,null,null
0.0236235,null,null,-0.0166248,null
0.000327509,null,null,null,-0.0023286
0.99458,0.0160131,null,null,null
-0.0850007,null,-0.0442686,null,null
0.0236235,null,null,-0.0166248,null
0.000327509,null,null,null,-0.0023286
0.994602,0.0136069,null,null,null
-0.148879,null,-0.0505324,null,null
0.0554323,null,null,-0.037299,null
4.72087e-05,null,null,null,-0.00289231
0.994602,0.0136069,null,null,null
-0.148879,null,-0.0505324,null,null
0.0554323,null,null,-0.037299,null
4.72087e-05,null,null,null,-0.00289231
0.994602,0.0136069,null,null,null
-0.148879,null,-0.0505324,null,null
0.0554323,null,null,-0.037299,null
4.72087e-05,null,null,null,-0.00289231
0.994624,0.0116913,null,null,null
-0.149394,null,-0.0171971,null,null
0.0264778,null,null,-0.0747763,null
7.62744e-05,null,null,null,-0.000709229
0.994599,0.0139605,null,null,null
-0.132188,null,-0.0401221,null,null
-0.0053509,null,null,-0.0407674,null
-0.00190643,null,null,null,-0.000118196
0.994624,0.0156045,null,null,null
-0.0972916,null,-0.0637807,null,null
-0.0158816,null,null,-0.0713899,null
-0.00105362,null,null,null,-0.000646514
0.994525,0.0187695,null,null,null
-0.0727297,null,-0.0663013,null,null
-0.00609312,null,null,-0.0347531,null
-0.00225956,null,null,null,-9.74242e-05
0.994525,0.0187695,null,null,null
-0.0727297,null,-0.0663013,null,null
-0.00609312,null,null,-0.0347531,null
-0.00225956,null,null,null,-9.74242e-05
0.994525,0.0187695,null,null,null
-0.0727297,null,-0.0663013,null,null
-0.00609312,null,null,-0.0347531,null
-0.00225956,null,null,null,-9.74242e-05
0.994484,0.0205144,null,null,null
-0.0904654,null,-0.0645881,null,null
0.023589,null,null,-0.0348175,null
-0.00462606,null,null,null,0.00121338
0.994515,0.0203519,null,null,null
-0.104997,null,-0.0470066,null,null
0.00948037,null,null,-0.0319516,null
-0.00251476,null,null,null,-0.00237772
0.994641,0.0161102,null,null,null
-0.1822,null,-0.0449297,null,null
0.0247756,null,null,-0.0422641,null
0.00115096,null,null,null,0.00180585
0.994695,0.0153195,null,null,null
-0.142131,null,-0.094551,null,null
0.00635671,null,null,0.00198829,null
-0.00120556,null,null,null,0.0034218
0.994695,0.0153195,null,null,null
-0.142131,null,-0.094551,null,null
0.00635671,null,null,0.00198829,null
-0.00120556,null,null,null,0.0034218
0.994701,0.0173447,null,null,null
-0.131587,null,-0.0410893,null,null
-0.0168515,null,null,0.0528606,null
-0.00103968,null,null,null,0.00170194
0.994701,0.0173447,null,null,null
-0.131587,null,-0.0410893,null,null
-0.0168515,null,null,0.0528606,null
-0.00103968,null,null,null,0.00170194
0.994701,0.0173447,null,null,null
-0.131587,null,-0.0410893,null,null
-0.0168515,null,null,0.0528606,null
-0.00103968,null,null,null,0.00170194
0.994681,0.0171828,null,null,null
-0.138355,null,-0.0511277,null,null
0.0460839,null,null,0.0801372,null
0.00206917,null,null,null,0.000584826
0.994615,0.0160159,null,null,null
-0.140572,null,-0.0920201,null,null
0.0390929,null,null,0.121801,null
-3.05223e-05,null,null,null,-4.29044e-05
0.99466,0.0118096,null,null,null
-0.139734,null,-0.0546102,null,null
0.0276871,null,null,0.1143,null
-0.00304997,null,null,null,-0.00253731
0.99466,0.0118096,null,null,null
-0.139734,null,-0.0546102,null,null
0.0276871,null,null,0.1143,null
-0.00304997,null,null,null,-0.00253731
0.99466,0.0118096,null,null,null
-0.139734,null,-0.0546102,null,null
0.0276871,null,null,0.1143,null
-0.00304997,null,null,null,-0.00253731
0.99466,0.0118096,null,null,null
-0.139734,null,-0.0546102,null,null
0.0276871,null,null,0.1143,null
-0.00304997,null,null,null,-0.00253731
0.994613,0.0108452,null,null,null
-0.121313,null,-0.0910561,null,null
0.0363851,null,null,0.134606,null
0.00114024,null,null,null,-0.000149914
0.994578,0.00752841,null,null,null
-0.0815311,null,-0.14898,null,null
0.0236465,null,null,0.080366,null
-0.000813279,null,null,null,-0.00048044
0.994637,0.00458031,null,null,null
-0.125874,null,-0.0987945,null,null
-0.00709324,null,null,0.143711,null
-0.000537284,null,null,null,-0.00316994
0.994637,0.00458031,null,null,null
-0.125874,null,-0.0987945,null,null
-0.00709324,null,null,0.143711,null
-0.000537284,null,null,null,-0.00316994
0.9947,0.00108126,null,null,null
-0.125396,null,-0.0998281,null,null
0.0040143,null,null,0.0831854,null
-0.00067309,null,null,null,-0.00806834
0.9947,0.00108126,null,null,null
-0.125396,null,-0.0998281,null,null
0.0040143,null,null,0.0831854,null
-0.00067309,null,null,null,-0.00806834
0.994651,0.000694652,null,null,null
-0.164892,null,-0.103041,null,null
0.0410714,null,null,0.090064,null
-0.000461624,null,null,null,-0.00682008
0.994714,0.00156281,null,null,null
-0.156103,null,-0.111852,null,null
0.0438178,null,null,0.123882,null
-0.000138502,null,null,null,-0.00185401
0.994714,0.00156281,null,null,null
-0.156103,null,-0.111852,null,null
0.0438178,null,null,0.123882,null
-0.000138502,null,null,null,-0.00185401
0.994765,0.00182881,null,null,null
-0.14668,null,-0.152207,null,null
0.0331868,null,null,0.129669,null
0.00235341,null,null,null,-0.00235284
0.994765,0.00182881,null,null,null
-0.14668,null,-0.152207,null,null
0.0331868,null,null,0.129669,null
0.00235341,null,null,null,-0.00235284
0.99478,0.00462016,null,null,null
-0.14104,null,-0.130153,null,null
0.00208422,null,null,0.0922157,null
0.00426313,null,null,null,-0.000229341
0.99478,0.00462016,null,null,null
-0.14104,null,-0.130153,null,null
0.00208424,null,null,0.0922157,null
0.00426313,null,null,null,-0.000229341
0.994665,0.00804794,null,null,null
-0.111775,null,-0.121783,null,null
-0.00887471,null,null,0.1156,null
0.00184265,null,null,null,-0.00430236
0.994703,0.00640052,null,null,null
-0.133484,null,-0.138558,null,null
0.0259139,null,null,0.0864785,null
0.00430234,null,null,null,-0.00261134
0.994786,0.00711182,null,null,null
-0.138274,null,-0.153369,null,null
0.0374059,null,null,0.133604,null
-0.00234477,null,null,null,-0.00486631
0.994725,0.00435701,null,null,null
-0.0793489,null,-0.164996,null,null
0.020082,null,null,0.0956009,null
0.000341337,null,null,null,-0.00156092
0.994645,0.00310705,null,null,null
-0.118758,null,-0.172813,null,null
0.0945685,null,null,0.147838,null
-0.00257498,null,null,null,0.00106893
0.994645,0.00310705,null,null,null
-0.118758,null,-0.172813,null,null
0.0945685,null,null,0.147838,null
-0.00257498,null,null,null,0.00106893
0.994645,0.00310705,null,null,null
-0.118758,null,-0.172813,null,null
0.0945685,null,null,0.147838,null
-0.00257498,null,null,null,0.00106893
0.994611,0.000261889,null,null,null
-0.0681038,null,-0.235161,null,null
0.0893709,null,null,0.102538,null
0.00214294,null,null,null,0.00246946
0.994754,-0.00151654,null,null,null
-0.107473,null,-0.194848,null,null
0.0454199,null,null,0.0589984,null
0.00204137,null,null,null,0.00198455
0.994716,-0.00239935,null,null,null
-0.0681416,null,-0.169249,null,null
0.0506962,null,null,0.0716916,null
0.00194209,null,null,null,-0.00125037
0.994715,0.000766641,null,null,null
-0.0778119,null,-0.134966,null,null
0.0610002,null,null,0.0832629,null
0.00525141,null,null,null,-0.000142723
0.994675,-0.000852673,null,null,null
-0.0819842,null,-0.124649,null,null
0.0842143,null,null,0.0727399,null
0.00171991,null,null,null,0.00176366
0.994626,-0.000949952,null,null,null
-0.0242279,null,-0.0559236,null,null
0.137489,null,null,0.091553,null
0.000834226,null,null,null,-0.00141549
0.994712,0.00062161,null,null,null
-0.0760376,null,-0.0645794,null,null
0.119236,null,null,0.100717,null
0.00132479,null,null,null,0.00121525
0.994689,0.000862293,null,null,null
-0.0794114,null,-0.108429,null,null
0.138821,null,null,0.146377,null
0.000902791,null,null,null,0.000112966
0.994689,0.000862293,null,null,null
-0.0794114,null,-0.108429,null,null
0.138821,null,null,0.146377,null
0.000902791,null,null,null,0.000112966
0.99474,-0.00104357,null,null,null
-0.0528166,null,-0.137827,null,null
0.106364,null,null,0.159172,null
3.86964e-06,null,null,null,-0.00231022
0.994742,0.000111187,null,null,null
-0.104142,null,-0.110067,null,null
0.0617675,null,null,0.14608,null
-0.00193398,null,null,null,0.000301604
0.99476,0.00298539,null,null,null
-0.0392671,null,-0.050848,null,null
0.0471269,null,null,0.145992,null
0.0020941,null,null,null,0.000923274
0.994705,0.00233936,null,null,null
-0.0377829,null,-0.0912328,null,null
0.0967534,null,null,0.120127,null
0.00227175,null,null,null,8.10681e-05
0.994705,0.00233936,null,null,null
-0.0377829,null,-0.0912328,null,null
0.0967534,null,null,0.120127,null
0.00227175,null,null,null,8.10681e-05
0.994705,0.00233936,null,null,null
-0.0377829,null,-0.0912328,null,null
0.0967534,null,null,0.120127,null
0.00227175,null,null,null,8.10681e-05
0.994738,0.00349526,null,null,null
-0.0479844,null,-0.0918569,null,null
0.084745,null,null,0.115978,null
0.00128785,null,null,null,-0.00230998
0.994801,0.00113976,null,null,null
-0.0284579,null,-0.0756271,null,null
0.070843,null,null,0.133285,null
-0.000403547,null,null,null,-0.000764744
0.994786,0.0027398,null,null,null
-0.00567026,null,-0.0872811,null,null
0.038752,null,null,0.158592,null
-0.00276255,null,null,null,0.00173619
0.994786,0.0027398,null,null,null
-0.00567026,null,-0.0872811,null,null
0.038752,null,null,0.158592,null
-0.00276255,null,null,null,0.00173619
0.994786,0.0027398,null,null,null
-0.00567026,null,-0.0872811,null,null
0.038752,null,null,0.158592,null
-0.00276255,null,null,null,0.00173619
0.994786,0.0027398,null,null,null
-0.00567026,null,-0.0872811,null,null
0.038752,null,null,0.158592,null
-0.00276255,null,null,null,0.00173619
0.994786,0.0027398,null,null,null
-0.00567026,null,-0.0872811,null,null
0.038752,null,null,0.158592,null
-0.00276255,null,null,null,0.00173619
0.994672,0.00118447,null,null,null
0.00995785,null,-0.0789174,null,null
0.106213,null,null,0.176512,null
-0.00103311,null,null,null,-0.00120834
0.994672,0.00118447,null,null,null
0.00995785,null,-0.0789174,null,null
0.106213,null,null,0.176512,null
-0.00103311,null,null,null,-0.00120834
0.994775,0.00350993,null,null,null
-0.00769239,null,-0.0343308,null,null
0.0971905,null,null,0.116669,null
-0.0017891,null,null,null,-0.00158257
0.994755,0.00610885,null,null,null
-0.0279779,null,-0.0304416,null,null
0.0484906,null,null,0.13276,null
-0.00181449,null,null,null,-5.38924e-05
0.99471,0.00928335,null,null,null
-0.0279987,null,0.0134658,null,null
0.0495561,null,null,0.133356,null
-0.00322639,null,null,null,-0.00105001
0.99484,0.00832146,null,null,null
-0.0302325,null,0.0214585,null,null
0.0313924,null,null,0.125307,null
-0.0034276,null,null,null,0.00024073
0.994807,0.00970722,null,null,null
-0.0842416,null,0.047746,null,null
0.0744994,null,null,0.15361,null
-0.000805871,null,null,null,0.000716412
0.994786,0.00948518,null,null,null
-0.0701728,null,-0.00927311,null,null
0.065915,null,null,0.113365,null
0.00113397,null,null,null,-0.00240324
0.994786,0.00948518,null,null,null
-0.0701728,null,-0.00927311,null,null
0.065915,null,null,0.113365,null
0.00113397,null,null,null,-0.00240324
0.994786,0.00948518,null,null,null
-0.0701728,null,-0.00927311,null,null
0.065915,null,null,0.113365,null
0.00113397,null,null,null,-0.00240324
0.994786,0.00948518,null,null,null
-0.0701728,null,-0.00927311,null,null
0.065915,null,null,0.113365,null
0.00113397,null,null,null,-0.00240324
0.99475,0.012286,null,null,null
-0.0469636,null,0.0385349,null,null
0.0850102,null,null,0.131875,null
-0.00420899,null,null,null,-0.00267714
0.994706,0.0102365,null,null,null
-0.035014,null,0.0151627,null,null
0.0808285,null,null,0.136864,null
-0.00435665,null,null,null,-0.00072331
0.994759,0.00649304,null,null,null
-0.0767296,null,-0.0546215,null,null
0.0990046,null,null,0.149896,null
0.000708139,null,null,null,0.0014952
0.994759,0.00649304,null,null,null
-0.0767296,null,-0.0546215,null,null
0.0990046,null,null,0.149896,null
0.000708139,null,null,null,0.0014952
0.994722,0.00666493,null,null,null
-0.0446045,null,-0.0444135,null,null
0.0756564,null,null,0.125504,null
-0.00177125,null,null,null,0.000948745
0.994741,0.00532201,null,null,null
-0.0329625,null,0.018361,null,null
0.136754,null,null,0.0877697,null
0.0016185,null,null,null,0.00329866
0.994741,0.00532201,null,null,null
-0.0329625,null,0.018361,null,null
0.136754,null,null,0.0877697,null
0.0016185,null,null,null,0.00329866
0.994741,0.00532201,null,null,null
-0.0329625,null,0.018361,null,null
0.136754,null,null,0.0877697,null
0.0016185,null,null,null,0.00329866
0.994757,0.00286519,null,null,null
-0.0495346,null,-0.0302479,null,null
0.163577,null,null,0.0901248,null
-0.00157702,null,null,null,0.0022181
0.994738,0.0050722,null,null,null
-0.0130556,null,0.0266649,null,null
0.177902,null,null,0.0867931,null
0.000315277,null,null,null,0.000345109
0.994734,0.00213729,null,null,null
-0.0426496,null,0.0477798,null,null
0.164381,null,null,0.115564,null
-0.00294597,null,null,null,-0.00179571
0.994683,0.00143,null,null,null
-0.0670695,null,0.0139341,null,null
0.187244,null,null,0.0875688,null
-0.00194316,null,null,null,0.000207337
0.994683,0.00143,null,null,null
-0.0670695,null,0.0139341,null,null
0.187244,null,null,0.0875688,null
-0.00194316,null,null,null,0.000207337
0.994666,-7.87846e-06,null,null,null
-0.0543066,null,0.0208761,null,null
0.165525,null,null,0.0734181,null
-0.00224791,null,null,null,0.00122534
0.994666,-7.87846e-06,null,null,null
-0.0543066,null,0.0208761,null,null
0.165525,null,null,0.0734181,null
-0.00224791,null,null,null,0.00122534
0.994639,0.00122726,null,null,null
-0.0589984,null,-0.00359209,null,null
0.185641,null,null,0.11789,null
-0.00165799,null,null,null,-0.0016614
0.994639,0.00122726,null,null,null
-0.0589984,null,-0.00359209,null,null
0.185641,null,null,0.11789,null
-0.00165799,null,null,null,-0.0016614
0.994618,-0.000534619,null,null,null
-0.0519778,null,0.0340432,null,null
0.165526,null,null,0.0984208,null
0.000828031,null,null,null,0.00162547
0.994604,-0.00335419,null,null,null
-0.0644496,null,0.029486,null,null
0.216938,null,null,0.0584315,null
0.000480411,null,null,null,0.00416057
0.99466,-0.00561883,null,null,null
-0.0855517,null,0.0262409,null,null
0.183127,null,null,0.0554614,null
0.00119665,null,null,null,-0.00266358
0.994705,-0.00725616,null,null,null
-0.0715838,null,0.012864,null,null
0.2193,null,null,0.080412,null
0.0015475,null,null,null,-0.00182052
0.994604,-0.00985783,null,null,null
-0.093114,null,0.036843,null,null
0.207399,null,null,0.0783684,null
-0.000428091,null,null,null,-0.00266928
0.994579,-0.00893357,null,null,null
-0.0881268,null,0.0446438,null,null
0.250165,null,null,0.0833543,null
-0.00434331,null,null,null,-0.000562811
0.994579,-0.00893357,null,null,null
-0.0881268,null,0.0446438,null,null
0.250165,null,null,0.0833543,null
-0.00434331,null,null,null,-0.000562811
0.994677,-0.0058647,null,null,null
-0.140758,null,0.0226777,null,null
0.23742,null,null,0.102403,null
-0.00343705,null,null,null,0.00297296
0.994687,-0.00661415,null,null,null
-0.151495,null,0.0265371,null,null
0.174802,null,null,0.161747,null
-0.00166987,null,null,null,0.00448095
0.994687,-0.00661415,null,null,null
-0.151495,null,0.0265371,null,null
0.174802,null,null,0.161747,null
-0.00166987,null,null,null,0.00448095
0.994687,-0.00661415,null,null,null
-0.151495,null,0.0265371,null,null
0.174802,null,null,0.161747,null
-0.00166987,null,null,null,0.00448095
0.994745,-0.00594427,null,null,null
-0.149055,null,0.00389751,null,null
0.167759,null,null,0.127625,null
-0.00427535,null,null,null,0.000730116
0.994726,-0.00593202,null,null,null
-0.148369,null,0.039754,null,null
0.169976,null,null,0.0884686,null
0.00197354,null,null,null,-0.00099647
0.994765,-0.00599576,null,null,null
-0.148136,null,0.0161401,null,null
0.157766,null,null,0.0511016,null
0.00431096,null,null,null,0.00018106
0.994807,-0.00149334,null,null,null
-0.119399,null,0.0205465,null,null
0.180647,null,null,0.0864731,null
0.00218328,null,null,null,-0.00102768
0.994794,-0.00384119,null,null,null
-0.141409,null,0.0503777,null,null
0.162121,null,null,0.121678,null
0.00230761,null,null,null,0.000683291
0.994715,-0.000699584,null,null,null
-0.113796,null,0.0397076,null,null
0.166635,null,null,0.139804,null
0.00237335,null,null,null,-0.00270089
0.994715,-0.000699584,null,null,null
-0.113796,null,0.0397076,null,null
0.166635,null,null,0.139804,null
0.00237335,null,null,null,-0.00270089
0.994798,-0.00082554,null,null,null
-0.0837059,null,0.00741159,null,null
0.198174,null,null,0.115746,null
-0.00140809,null,null,null,-0.000755501
0.994794,0.000311423,null,null,null
-0.0653185,null,-0.0484851,null,null
0.221266,null,null,0.136361,null
-0.00184282,null,null,null,-0.000765982
0.994794,0.000311423,null,null,null
-0.0653185,null,-0.0484851,null,null
0.221266,null,null,0.136361,null
-0.00184282,null,null,null,-0.000765982
0.994794,0.000311423,null,null,null
-0.0653185,null,-0.0484851,null,null
0.221266,null,null,0.136361,null
-0.00184282,null,null,null,-0.000765982
0.994794,0.000311423,null,null,null
-0.0653185,null,-0.0484851,null,null
0.221266,null,null,0.136361,null
-0.00184282,null,null,null,-0.000765981
0.994791,0.00156712,null,null,null
-0.0639439,null,-0.0571967,null,null
0.221724,null,null,0.145844,null
0.000387325,null,null,null,-0.00150727
0.994791,0.00156712,null,null,null
-0.0639439,null,-0.0571967,null,null
0.221724,null,null,0.145844,null
0.000387325,null,null,null,-0.00150727
0.994791,0.00156712,null,null,null
-0.0639439,null,-0.0571967,null,null
0.221724,null,null,0.145844,null
0.000387325,null,null,null,-0.00150727
0.994774,0.00151111,null,null,null
-0.0472164,null,-0.100818,null,null
0.193261,null,null,0.106246,null
0.00712225,null,null,null,-0.000941218
0.994766,-0.000376729,null,null,null
-0.0862875,null,-0.0823821,null,null
0.223086,null,null,0.146925,null
0.00072241,null,null,null,0.000378435
0.994766,-0.000376729,null,null,null
-0.0862875,null,-0.0823821,null,null
0.223086,null,null,0.146925,null
0.00072241,null,null,null,0.000378435
0.994756,-0.00102303,null,null,null
-0.111181,null,-0.0444608,null,null
0.192518,null,null,0.157832,null
0.00142319,null,null,null,0.00229238
0.994701,-0.000921918,null,null,null
-0.0855089,null,-0.0750544,null,null
0.23177,null,null,0.155075,null
-0.00269742,null,null,null,-0.000448636
0.994748,-0.00188001,null,null,null
-0.0969005,null,-0.0574744,null,null
0.259605,null,null,0.160941,null
-0.00172865,null,null,null,0.000206174
0.99477,-0.00482827,null,null,null
-0.0689929,null,-0.0714595,null,null
0.242771,null,null,0.174031,null
0.00123073,null,null,null,-0.00402946
0.99476,-0.00575599,null,null,null
-0.0823156,null,-0.038622,null,null
0.23468,null,null,0.152386,null
0.00308805,null,null,null,-0.00119606
0.99476,-0.00575599,null,null,null
-0.0823156,null,-0.038622,null,null
0.23468,null,null,0.152386,null
0.00308805,null,null,null,-0.00119606
0.99476,-0.00575599,null,null,null
-0.0823156,null,-0.038622,null,null
0.23468,null,null,0.152386,null
0.00308805,null,null,null,-0.00119606
0.994751,-0.00605676,null,null,null
-0.0843101,null,-0.00576567,null,null
0.222824,null,null,0.153556,null
0.00186878,null,null,null,-0.00196795
0.994753,-0.0058725,null,null,null
-0.0941071,null,-0.024502,null,null
0.272634,null,null,0.175449,null
-0.000782185,null,null,null,-0.00120645
0.994761,-0.0039591,null,null,null
-0.0221741,null,-0.081918,null,null
0.277668,null,null,0.128106,null
0.00280043,null,null,null,-0.000294506
0.994796,-0.00715879,null,null,null
-0.0566944,null,-0.0157215,null,null
0.258047,null,null,0.143228,null
0.00221111,null,null,null,-0.00150432
0.994796,-0.00715879,null,null,null
-0.0566944,null,-0.0157215,null,null
0.258047,null,null,0.143228,null
0.00221111,null,null,null,-0.00150432
0.994796,-0.00715879,null,null,null
-0.0566944,null,-0.0157215,null,null
0.258047,null,null,0.143228,null
0.00221111,null,null,null,-0.00150432
0.994796,-0.00715879,null,null,null
-0.0566944,null,-0.0157215,null,null
0.258047,null,null,0.143228,null
0.00221111,null,null,null,-0.00150432
0.994774,-0.00404389,null,null,null
-0.0623942,null,-0.0765965,null,null
0.316799,null,null,0.145164,null
0.00469125,null,null,null,-0.000174906
0.994774,-0.00404389,null,null,null
-0.0623942,null,-0.0765965,null,null
0.316799,null,null,0.145164,null
0.00469125,null,null,null,-0.000174906
0.994774,-0.00404389,null,null,null
-0.0623942,null,-0.0765965,null,null
0.316799,null,null,0.145164,null
0.00469125,null,null,null,-0.000174906
0.994774,-0.00404389,null,null,null
-0.0623942,null,-0.0765965,null,null
0.316799,null,null,0.145164,null
0.00469125,null,null,null,-0.000174906
0.994716,-0.00134965,null,null,null
-0.0571554,null,-0.0582691,null,null
0.279254,null,null,0.131057,null
0.00198102,null,null,null,0.00206836
0.994705,-0.00216633,null,null,null
-0.0354564,null,0.0111141,null,null
0.328801,null,null,0.140347,null
0.000500838,null,null,null,-0.00190227
0.994751,-0.00237555,null,null,null
-0.01588,null,-0.0124863,null,null
0.326749,null,null,0.108591,null
0.00044991,null,null,null,-0.00065006
0.994751,-0.00237555,null,null,null
-0.01588,null,-0.0124863,null,null
0.326749,null,null,0.108591,null
0.00044991,null,null,null,-0.00065006
0.994751,-0.00237555,null,null,null
-0.01588,null,-0.0124863,null,null
0.326749,null,null,0.108591,null
0.00044991,null,null,null,-0.00065006
0.994707,-0.0014571,null,null,null
0.0091884,null,-0.0521513,null,null
0.346746,null,null,0.154354,null
-0.000527917,null,null,null,-0.00136791
0.994684,-0.00452165,null,null,null
-0.00321235,null,-0.0426318,null,null
0.312762,null,null,0.14604,null
-0.00265215,null,null,null,0.000754884
0.994684,-0.00452165,null,null,null
-0.00321235,null,-0.0426318,null,null
0.312762,null,null,0.14604,null
-0.00265215,null,null,null,0.000754884
0.994695,-0.00561749,null,null,null
0.0267257,null,-0.0141694,null,null
0.311781,null,null,0.129887,null
-0.00183799,null,null,null,0.00543889
0.994694,-0.00523622,null,null,null
-0.0259259,null,-0.0216289,null,null
0.347691,null,null,0.166134,null
-0.00176808,null,null,null,0.00403361
0.994694,-0.00523622,null,null,null
-0.0259259,null,-0.0216289,null,null
0.347691,null,null,0.166134,null
-0.00176808,null,null,null,0.00403361
0.994635,-0.00400071,null,null,null
-0.0749347,null,-0.0280306,null,null
0.339178,null,null,0.201535,null
0.000557405,null,null,null,0.00095357
0.99462,-0.00230942,null,null,null
-0.0778781,null,0.0226163,null,null
0.263466,null,null,0.197742,null
-0.000997935,null,null,null,-0.00182478
0.99462,-0.00230942,null,null,null
-0.0778781,null,0.0226163,null,null
0.263466,null,null,0.197742,null
-0.000997935,null,null,null,-0.00182478
0.994586,0.000617526,null,null,null
-0.0873913,null,0.0467777,null,null
0.232722,null,null,0.185336,null
-0.0027579,null,null,null,-0.00165881
0.994601,0.00237146,null,null,null
-0.0128652,null,0.0279655,null,null
0.305007,null,null,0.207675,null
-0.00188309,null,null,null,0.00139539
0.994601,0.00237146,null,null,null
-0.0128652,null,0.0279655,null,null
0.305007,null,null,0.207675,null
-0.00188309,null,null,null,0.00139539
0.994555,4.93466e-05,null,null,null
-0.0659987,null,0.0567491,null,null
0.274871,null,null,0.189101,null
-0.00314095,null,null,null,0.000535151
0.99459,4.40084e-05,null,null,null
-0.0660825,null,0.080358,null,null
0.28415,null,null,0.238921,null
0.00131729,null,null,null,-0.00251881
0.99459,4.40084e-05,null,null,null
-0.0660825,null,0.080358,null,null
0.28415,null,null,0.238921,null
0.00131729,null,null,null,-0.00251881
0.994622,-0.000335248,null,null,null
-0.0982485,null,0.096697,null,null
0.293321,null,null,0.260611,null
-0.00243744,null,null,null,0.00262253
0.994675,-0.00347159,null,null,null
-0.0906125,null,0.140962,null,null
0.242824,null,null,0.279824,null
-0.00425224,null,null,null,-0.00252341
0.994675,-0.00347159,null,null,null
-0.0906125,null,0.140962,null,null
0.242824,null,null,0.279824,null
-0.00425224,null,null,null,-0.00252341
0.994646,-0.0026142,null,null,null
-0.0524321,null,0.133115,null,null
0.210965,null,null,0.243712,null
-0.00609079,null,null,null,-0.00114359
0.994751,-0.000155194,null,null,null
-0.0263435,null,0.104881,null,null
0.185867,null,null,0.302854,null
-0.00434976,null,null,null,0.0008288
0.994751,-0.000155194,null,null,null
-0.0263435,null,0.104881,null,null
0.185867,null,null,0.302854,null
-0.00434976,null,null,null,0.0008288
0.99476,0.00224925,null,null,null
0.0546044,null,0.137989,null,null
0.158604,null,null,0.293509,null
0.00130819,null,null,null,-0.00183284
0.994727,0.00496796,null,null,null
0.0299288,null,0.106951,null,null
0.180367,null,null,0.243889,null
0.000494653,null,null,null,0.0034526
0.994727,0.00496796,null,null,null
0.0299288,null,0.106951,null,null
0.180367,null,null,0.243889,null
0.000494653,null,null,null,0.0034526
0.994727,0.00496796,null,null,null
0.0299288,null,0.106951,null,null
0.180367,null,null,0.243889,null
0.000494653,null,null,null,0.0034526
0.994727,0.00259644,null,null,null
0.0594766,null,0.102827,null,null
0.184084,null,null,0.21462,null
0.000210206,null,null,null,0.000940914
0.994727,0.00259644,null,null,null
0.0594766,null,0.102827,null,null
0.184084,null,null,0.21462,null
0.000210206,null,null,null,0.000940914
0.994727,0.00259644,null,null,null
0.0594766,null,0.102827,null,null
0.184084,null,null,0.21462,null
0.000210206,null,null,null,0.000940914
0.994727,0.00259644,null,null,null
0.0594766,null,0.102827,null,null
0.184084,null,null,0.21462,null
0.000210206,null,null,null,0.000940914
0.994727,0.00259644,null,null,null
0.0594766,null,0.102827,null,null
0.184084,null,null,0.21462,null
0.000210206,null,null,null,0.000940914
0.994735,0.00528275,null,null,null
0.0482704,null,0.118169,null,null
0.150509,null,null,0.178842,null
0.00140988,null,null,null,-0.00386984
0.994735,0.00528275,null,null,null
0.0482704,null,0.118169,null,null
0.150509,null,null,0.178842,null
0.00140988,null,null,null,-0.00386984
0.994753,0.00114171,null,null,null
0.00690196,null,0.0907177,null,null
0.18161,null,null,0.199112,null
0.00163517,null,null,null,0.000498001
0.994736,-0.00021684,null,null,null
-0.0167215,null,0.147309,null,null
0.208948,null,null,0.162497,null
0.00301058,null,null,null,-0.00238901
0.994685,0.00179302,null,null,null
0.0183851,null,0.102156,null,null
0.201802,null,null,0.15028,null
0.00012669,null,null,null,0.00129253
0.994685,0.00179302,null,null,null
0.0183851,null,0.102156,null,null
0.201802,null,null,0.15028,null
0.00012669,null,null,null,0.00129253
0.994709,-0.00175211,null,null,null
0.0548915,null,0.141022,null,null
0.208948,null,null,0.185991,null
0.00235062,null,null,null,0.00201054
0.994661,-0.00152541,null,null,null
0.0237864,null,0.185185,null,null
0.216661,null,null,0.180616,null
0.0059702,null,null,null,0.000962159
0.994591,0.00235014,null,null,null
0.0312241,null,0.157266,null,null
0.177074,null,null,0.142949,null
0.00407769,null,null,null,0.000329256
0.994615,-0.000751516,null,null,null
0.0323705,null,0.113883,null,null
0.160256,null,null,0.133765,null
0.000687041,null,null,null,0.00192837
0.99466,0.000283726,null,null,null
0.030392,null,0.107109,null,null
0.122525,null,null,0.118786,null
0.00202453,null,null,null,0.000454507
0.99466,0.000283726,null,null,null
0.030392,null,0.107109,null,null
0.122525,null,null,0.118786,null
0.00202453,null,null,null,0.000454507
0.99466,0.000283726,null,null,null
0.030392,null,0.107109,null,null
0.122525,null,null,0.118786,null
0.00202453,null,null,null,0.000454507
0.99466,0.000283726,null,null,null
0.030392,null,0.107109,null,null
0.122525,null,null,0.118786,null
0.00202453,null,null,null,0.000454507
0.99466,0.000283726,null,null,null
0.030392,null,0.107109,null,null
0.122525,null,null,0.118786,null
0.00202453,null,null,null,0.000454507
0.994592,-0.0022412,null,null,null
0.0548675,null,0.114307,null,null
0.171689,null,null,0.183936,null
-0.00108659,null,null,null,-0.00192366
0.994657,-0.00714477,null,null,null
0.0599989,null,0.070755,null,null
0.130908,null,null,0.121942,null
-0.00246894,null,null,null,-0.000649621
0.994657,-0.00714477,null,null,null
0.0599989,null,0.070755,null,null
0.130908,null,null,0.121942,null
-0.00246894,null,null,null,-0.000649621
0.994671,-0.0105693,null,null,null
0.0963859,null,0.0700014,null,null
0.14366,null,null,0.167719,null
0.00183573,null,null,null,0.00244994
0.994636,-0.0094299,null,null,null
0.0849328,null,0.0564822,null,null
0.11187,null,null,0.18196,null
-0.000530903,null,null,null,0.00600335
0.994651,-0.00896048,null,null,null
0.0679895,null,0.0359134,null,null
0.148131,null,null,0.192463,null
0.00178425,null,null,null,0.00401424
0.994668,-0.0096252,null,null,null
0.0504185,null,0.00919185,null,null
0.136606,null,null,0.150671,null
-0.000856281,null,null,null,0.000202741
0.994668,-0.0096252,null,null,null
0.0504185,null,0.00919185,null,null
0.136606,null,null,0.150671,null
-0.000856281,null,null,null,0.000202741
0.99459,-0.00988704,null,null,null
0.0570377,null,0.068771,null,null
0.1194,null,null,0.126229,null
0.00123666,null,null,null,0.000731076
0.994655,-0.0114866,null,null,null
0.0675429,null,0.0395527,null,null
0.152787,null,null,0.148785,null
-0.00130315,null,null,null,0.00246583
0.99465,-0.0132827,null,null,null
0.010459,null,0.0540549,null,null
0.16998,null,null,0.199088,null
-0.000875784,null,null,null,-0.0021227
0.994718,-0.0120541,null,null,null
-0.00631791,null,0.0978823,null,null
0.198815,null,null,0.175494,null
-0.000513704,null,null,null,-0.00297216
0.99469,-0.00943096,null,null,null
0.047623,null,0.0797559,null,null
0.203198,null,null,0.169334,null
0.000559339,null,null,null,0.00106187
0.994699,-0.0105059,null,null,null
0.0751734,null,0.114793,null,null
0.143349,null,null,0.17376,null
0.000155119,null,null,null,0.00270412
0.994677,-0.0108097,null,null,null
0.0742351,null,0.0820717,null,null
0.17585,null,null,0.144119,null
0.000621673,null,null,null,0.00284237
0.994677,-0.0108097,null,null,null
0.0742351,null,0.0820717,null,null
0.17585,null,null,0.144119,null
0.000621673,null,null,null,0.00284237
0.994677,-0.0108097,null,null,null
0.0742351,null,0.0820717,null,null
0.17585,null,null,0.144119,null
0.000621673,null,null,null,0.00284237
0.994754,-0.0112184,null,null,null
0.0948615,null,0.0822843,null,null
0.212134,null,null,0.165161,null
0.00194316,null,null,null,0.00352047
0.994721,-0.0102983,null,null,null
0.0297787,null,0.0991234,null,null
0.203882,null,null,0.153116,null
0.00117723,null,null,null,0.0044092
0.994718,-0.0116226,null,null,null
0.0585236,null,0.127608,null,null
0.178676,null,null,0.153908,null
0.00257556,null,null,null,-0.00055256
0.994712,-0.00722273,null,null,null
0.0834346,null,0.103634,null,null
0.168719,null,null,0.21187,null
0.00328534,null,null,null,-0.000418255
0.994677,-0.00859294,null,null,null
0.0575839,null,0.0568029,null,null
0.170286,null,null,0.207526,null
0.00283004,null,null,null,-0.00100764
0.994677,-0.00859294,null,null,null
0.0575839,null,0.0568029,null,null
0.170286,null,null,0.207526,null
0.00283004,null,null,null,-0.00100764
0.994701,-0.0047172,null,null,null
0.0608332,null,0.06203,null,null
0.183934,null,null,0.190845,null
0.00536674,null,null,null,-0.000923053
0.99471,-0.00437238,null,null,null
0.0353986,null,0.0634344,null,null
0.191942,null,null,0.162004,null
0.00226588,null,null,null,0.000415609
0.994712,-0.00461019,null,null,null
0.00121247,null,0.00821625,null,null
0.172054,null,null,0.146034,null
0.00322325,null,null,null,-0.000957327
0.994685,-0.00427206,null,null,null
0.0488036,null,0.0336754,null,null
0.118339,null,null,0.167961,null
0.002649,null,null,null,-0.000513059
0.994685,-0.00427206,null,null,null
0.0488036,null,0.0336754,null,null
0.118339,null,null,0.167961,null
0.002649,null,null,null,-0.000513059
0.994731,-0.00532468,null,null,null
0.0315965,null,0.0549287,null,null
0.134112,null,null,0.145006,null
0.00247067,null,null,null,0.00166383
0.994731,-0.00532468,null,null,null
0.0315965,null,0.0549287,null,null
0.134112,null,null,0.145006,null
0.00247067,null,null,null,0.00166383
0.994731,-0.00532468,null,null,null
0.0315965,null,0.0549287,null,null
0.134112,null,null,0.145006,null
0.00247067,null,null,null,0.00166383
0.994766,-0.0045478,null,null,null
-0.021493,null,0.0388646,null,null
0.115949,null,null,0.166559,null
-0.00159611,null,null,null,0.00386836
0.994766,-0.0045478,null,null,null
-0.021493,null,0.0388646,null,null
0.115949,null,null,0.166559,null
-0.00159611,null,null,null,0.00386836
0.994692,-0.00102569,null,null,null
-0.0232413,null,0.0526045,null,null
0.106123,null,null,0.199081,null
-0.00386368,null,null,null,0.000964106
0.994656,-0.00238215,null,null,null
-0.0691144,null,0.0224377,null,null
0.094573,null,null,0.160637,null
0.000631931,null,null,null,0.000775446
0.994656,-0.00238215,null,null,null
-0.0691144,null,0.0224377,null,null
0.094573,null,null,0.160637,null
0.000631931,null,null,null,0.000775446
0.994754,-0.00123301,null,null,null
-0.0792203,null,0.0810689,null,null
0.124382,null,null,0.177579,null
0.000679508,null,null,null,0.00668948
0.994754,-0.00123301,null,null,null
-0.0792203,null,0.0810689,null,null
0.124382,null,null,0.177579,null
0.000679508,null,null,null,0.00668948
0.994754,-0.00123301,null,null,null
-0.0792203,null,0.0810689,null,null
0.124382,null,null,0.177579,null
0.000679508,null,null,null,0.00668948
0.994757,-0.0020906,null,null,null
-0.0589235,null,0.0753733,null,null
0.131617,null,null,0.179028,null
-0.000539586,null,null,null,0.00612199
0.994757,-0.0020906,null,null,null
-0.0589235,null,0.0753733,null,null
0.131617,null,null,0.179028,null
-0.000539586,null,null,null,0.00612199
0.994684,-0.00350201,null,null,null
-0.0818693,null,0.0903799,null,null
0.136634,null,null,0.180185,null
0.00134679,null,null,null,0.00680431
0.994627,-0.00262769,null,null,null
-0.0319801,null,0.0670285,null,null
0.210215,null,null,0.182301,null
0.00272354,null,null,null,0.00493186
0.994705,-0.00397851,null,null,null
0.016881,null,0.10478,null,null
0.187732,null,null,0.176783,null
0.00222374,null,null,null,0.00571365
0.994642,-0.00430781,null,null,null
0.0509503,null,0.106898,null,null
0.202052,null,null,0.141609,null
9.81465e-06,null,null,null,0.0035868
0.99471,-0.00333408,null,null,null
0.0405675,null,0.128416,null,null
0.22408,null,null,0.152726,null
-0.00145765,null,null,null,6.13295e-05
0.99471,-0.00333408,null,null,null
0.0405675,null,0.128416,null,null
0.22408,null,null,0.152726,null
-0.00145765,null,null,null,6.13295e-05
0.994654,-0.00190321,null,null,null
0.0713639,null,0.0935091,null,null
0.177707,null,null,0.209498,null
-0.00411394,null,null,null,0.00204206
0.99467,-0.00251157,null,null,null
0.0845501,null,0.0969742,null,null
0.186035,null,null,0.176333,null
-0.00265535,null,null,null,-0.000575466
0.99467,-0.00251157,null,null,null
0.0845501,null,0.0969742,null,null
0.186035,null,null,0.176333,null
-0.00265535,null,null,null,-0.000575466
0.994646,-0.00456083,null,null,null
0.033827,null,0.120426,null,null
0.164629,null,null,0.199533,null
-0.000654679,null,null,null,-0.00174325
0.994645,-0.00715574,null,null,null
0.0782738,null,0.141414,null,null
0.171746,null,null,0.190701,null
-0.00205548,null,null,null,0.00195714
0.994645,-0.00715574,null,null,null
0.0782738,null,0.141414,null,null
0.171746,null,null,0.190701,null
-0.00205548,null,null,null,0.00195714
0.994648,-0.00575281,null,null,null
0.0748419,null,0.155914,null,null
0.183278,null,null,0.181011,null
0.00379806,null,null,null,0.00346675
0.99468,-0.00617007,null,null,null
0.0574014,null,0.211729,null,null
0.176561,null,null,0.186225,null
0.00411055,null,null,null,3.06071e-05
0.994686,-0.0052118,null,null,null
0.120208,null,0.225025,null,null
0.151586,null,null,0.156359,null
-0.00134174,null,null,null,0.00200773
0.994686,-0.0052118,null,null,null
0.120208,null,0.225025,null,null
0.151586,null,null,0.156359,null
-0.00134174,null,null,null,0.00200773
0.994655,-0.00569192,null,null,null
0.159323,null,0.220832,null,null
0.190271,null,null,0.142914,null
-0.00487043,null,null,null,-0.00092187
0.994655,-0.00569192,null,null,null
0.159323,null,0.220832,null,null
0.190271,null,null,0.142914,null
-0.00487043,null,null,null,-0.00092187
0.994655,-0.00569192,null,null,null
0.159323,null,0.220832,null,null
0.190271,null,null,0.142914,null
-0.00487043,null,null,null,-0.00092187
0.994586,-0.0109502,null,null,null
0.164754,null,0.21974,null,null
0.179998,null,null,0.12594,null
-0.00574216,null,null,null,-0.000421536
0.994586,-0.0109502,null,null,null
0.164754,null,0.21974,null,null
0.179998,null,null,0.12594,null
-0.00574216,null,null,null,-0.000421536
0.994586,-0.0109502,null,null,null
0.164754,null,0.21974,null,null
0.179998,null,null,0.12594,null
-0.00574216,null,null,null,-0.000421536
0.994586,-0.0109502,null,null,null
0.164754,null,0.21974,null,null
0.179998,null,null,0.12594,null
-0.00574216,null,null,null,-0.000421536
0.994586,-0.0109502,null,null,null
0.164754,null,0.21974,null,null
0.179998,null,null,0.12594,null
-0.00574216,null,null,null,-0.000421536
0.994556,-0.0102376,null,null,null
0.147645,null,0.23047,null,null
0.204269,null,null,0.15682,null
-0.00153357,null,null,null,-0.000196035
0.994556,-0.0102376,null,null,null
0.147645,null,0.23047,null,null
0.204269,null,null,0.15682,null
-0.00153357,null,null,null,-0.000196035
0.99466,-0.00803134,null,null,null
0.151356,null,0.157759,null,null
0.173284,null,null,0.135228,null
-0.00132876,null,null,null,-0.000975239
0.99465,-0.005565,null,null,null
0.0952158,null,0.199747,null,null
0.254657,null,null,0.142885,null
0.000272255,null,null,null,-0.00043722
0.99472,-0.0057165,null,null,null
0.0830624,null,0.189546,null,null
0.222539,null,null,0.172558,null
-0.000521435,null,null,null,0.00271716
0.99472,-0.0057165,null,null,null
0.0830624,null,0.189546,null,null
0.222539,null,null,0.172558,null
-0.000521435,null,null,null,0.00271716
0.99472,-0.0057165,null,null,null
0.0830624,null,0.189546,null,null
0.222539,null,null,0.172558,null
-0.000521435,null,null,null,0.00271716
0.994741,-0.00283985,null,null,null
0.116071,null,0.209159,null,null
0.27502,null,null,0.189581,null
0.00180071,null,null,null,0.000797701
0.99461,-0.0037841,null,null,null
0.0718125,null,0.21827,null,null
0.233006,null,null,0.200514,null
0.00047839,null,null,null,-0.00492189
0.994726,-0.00166086,null,null,null
0.0892671,null,0.251619,null,null
0.233074,null,null,0.162975,null
5.49209e-07,null,null,null,0.000725993
0.99468,-0.00133439,null,null,null
0.088429,null,0.210613,null,null
0.230153,null,null,0.152585,null
0.00129203,null,null,null,0.00116309
0.994718,-0.00222685,null,null,null
0.0903387,null,0.204926,null,null
0.224983,null,null,0.135239,null
0.0044913,null,null,null,-0.00172026
0.994776,-0.000333156,null,null,null
0.0687813,null,0.232137,null,null
0.279178,null,null,0.155291,null
0.00271364,null,null,null,-0.00195354
0.994716,0.000192091,null,null,null
0.0741926,null,0.245438,null,null
0.283818,null,null,0.154668,null
-0.000119708,null,null,null,-0.00143593
0.994637,0.0019592,null,null,null
0.045738,null,0.242869,null,null
0.245526,null,null,0.131626,null
-0.000817954,null,null,null,0.000882455
0.994734,-0.00117765,null,null,null
0.0220548,null,0.263689,null,null
0.239306,null,null,0.143888,null
-0.00140445,null,null,null,0.000447382
0.99473,-0.00547881,null,null,null
-0.01352,null,0.26491,null,null
0.238765,null,null,0.120997,null
-0.00225806,null,null,null,5.75991e-05
0.99473,-0.00547881,null,null,null
-0.01352,null,0.26491,null,null
0.238765,null,null,0.120997,null
-0.00225806,null,null,null,5.75991e-05
0.99473,-0.00547881,null,null,null
-0.01352,null,0.26491,null,null
0.238765,null,null,0.120997,null
-0.00225806,null,null,null,5.75991e-05
0.99473,-0.00547881,null,null,null
-0.01352,null,0.26491,null,null
0.238765,null,null,0.120997,null
-0.00225806,null,null,null,5.75991e-05
0.99473,-0.00547881,null,null,null
-0.01352,null,0.26491,null,null
0.238765,null,null,0.120997,null
-0.00225806,null,null,null,5.75992e-05
0.99473,-0.00547881,null,null,null
-0.01352,null,0.26491,null,null
0.238765,null,null,0.120997,null
-0.00225806,null,null,null,5.75992e-05
0.99473,-0.00547881,null,null,null
-0.01352,null,0.26491,null,null
0.238765,null,null,0.120997,null
-0.00225806,null,null,null,5.75992e-05
0.99473,-0.00547881,null,null,null
-0.01352,null,0.26491,null,null
0.238765,null,null,0.120997,null
-0.00225806,null,null,null,5.75992e-05
0.99473,-0.00547881,null,null,null
-0.01352,null,0.26491,null,null
0.238765,null,null,0.120997,null
-0.00225806,null,null,null,5.75992e-05
0.994683,-0.00631186,null,null,null
0.0616366,null,0.317116,null,null
0.231733,null,null,0.158889,null
-6.22668e-05,null,null,null,-0.000239896
0.9947,-0.00738498,null,null,null
0.00440746,null,0.294155,null,null
0.266049,null,null,0.120185,null
0.00245696,null,null,null,-0.000569608
0.99465,-0.00598512,null,null,null
0.0238678,null,0.283828,null,null
0.286784,null,null,0.117959,null
0.00533597,null,null,null,-0.00131417
0.994636,-0.00631429,null,null,null
0.038685,null,0.253692,null,null
0.300955,null,null,0.113648,null
0.00321535,null,null,null,-0.000806935
0.994636,-0.00631429,null,null,null
0.038685,null,0.253692,null,null
0.300955,null,null,0.113648,null
0.00321535,null,null,null,-0.000806935
0.99466,-0.0108167,null,null,null
0.015456,null,0.268385,null,null
0.238398,null,null,0.0693088,null
0.00367064,null,null,null,0.00243
0.99466,-0.0108167,null,null,null
0.015456,null,0.268385,null,null
0.238398,null,null,0.0693088,null
0.00367064,null,null,null,0.00243
0.994653,-0.0114279,null,null,null
-0.0575411,null,0.239804,null,null
0.28751,null,null,0.12298,null
0.00262426,null,null,null,0.000818693
0.99463,-0.00943056,null,null,null
-0.0509684,null,0.205525,null,null
0.218659,null,null,0.103841,null
0.00155641,null,null,null,0.00134871
0.994664,-0.00931665,null,null,null
-0.0135982,null,0.19666,null,null
0.233786,null,null,0.0691415,null
0.00352259,null,null,null,0.000502267
0.994664,-0.00931665,null,null,null
-0.0135982,null,0.19666,null,null
0.233786,null,null,0.0691415,null
0.00352259,null,null,null,0.000502267
0.994633,-0.0136885,null,null,null
-0.0790195,null,0.24268,null,null
0.284029,null,null,0.0960961,null
0.00432925,null,null,null,0.00151833
0.994633,-0.0136885,null,null,null
-0.0790195,null,0.24268,null,null
0.284029,null,null,0.0960961,null
0.00432925,null,null,null,0.00151833
0.994698,-0.0120678,null,null,null
-0.0641257,null,0.247969,null,null
0.273655,null,null,0.0986196,null
0.00646841,null,null,null,-0.00428259
0.994729,-0.00894968,null,null,null
-0.0708749,null,0.208608,null,null
0.232759,null,null,0.154506,null
0.000106737,null,null,null,-0.00137599
0.994695,-0.00682693,null,null,null
-0.0406934,null,0.191293,null,null
0.212948,null,null,0.106814,null
0.00294496,null,null,null,0.00117113
0.994694,-0.00858792,null,null,null
-0.0323247,null,0.189295,null,null
0.207418,null,null,0.121672,null
0.00229915,null,null,null,-0.00269854
0.994694,-0.00858792,null,null,null
-0.0323247,null,0.189295,null,null
0.207418,null,null,0.121672,null
0.00229915,null,null,null,-0.00269854
0.994694,-0.00858792,null,null,null
-0.0323247,null,0.189295,null,null
0.207418,null,null,0.121672,null
0.00229915,null,null,null,-0.00269854
0.994705,-0.0073682,null,null,null
-0.0639418,null,0.175198,null,null
0.172764,null,null,0.0534384,null
0.0013765,null,null,null,-0.0025363
0.994705,-0.0073682,null,null,null
-0.0639418,null,0.175198,null,null
0.172764,null,null,0.0534384,null
0.0013765,null,null,null,-0.0025363
0.99471,-0.00420311,null,null,null
-0.111985,null,0.139239,null,null
0.177319,null,null,0.0969211,null
-0.00164684,null,null,null,-0.00375338
0.99471,-0.00420311,null,null,null
-0.111985,null,0.139239,null,null
0.177319,null,null,0.0969211,null
-0.00164684,null,null,null,-0.00375338
0.99473,-0.00479014,null,null,null
-0.0509279,null,0.165552,null,null
0.147012,null,null,0.122252,null
0.00186621,null,null,null,-0.00324247
0.994742,-0.00355805,null,null,null
-0.0570175,null,0.158515,null,null
0.144101,null,null,0.141591,null
0.00172335,null,null,null,0.000636122
0.994707,-0.00647849,null,null,null
-0.0366965,null,0.221235,null,null
0.165331,null,null,0.186656,null
0.000497665,null,null,null,-0.00286495
0.994707,-0.00647849,null,null,null
-0.0366965,null,0.221235,null,null
0.165331,null,null,0.186656,null
0.000497665,null,null,null,-0.00286495
0.994671,-0.006339,null,null,null
-0.070315,null,0.172052,null,null
0.146088,null,null,0.161996,null
0.00129294,null,null,null,-0.00312346
0.994681,-0.0085229,null,null,null
-0.0612861,null,0.197715,null,null
0.117827,null,null,0.14446,null
0.00282245,null,null,null,0.000722677
0.994681,-0.0085229,null,null,null
-0.0612861,null,0.197715,null,null
0.117827,null,null,0.14446,null
0.00282245,null,null,null,0.000722677
0.994648,-0.00494862,null,null,null
-0.06157,null,0.20714,null,null
0.120181,null,null,0.158305,null
0.00300393,null,null,null,-0.00337495
0.994648,-0.00494862,null,null,null
-0.06157,null,0.20714,null,null
0.120181,null,null,0.158305,null
0.00300393,null,null,null,-0.00337495
0.994691,-0.00110092,null,null,null
-0.0771555,null,0.193905,null,null
0.183159,null,null,0.132649,null
-0.000615381,null,null,null,-0.00420988
0.994681,0.00158661,null,null,null
-0.0933876,null,0.216749,null,null
0.137488,null,null,0.138454,null
-0.0013713,null,null,null,-0.00207039
0.994681,0.00158661,null,null,null
-0.0933876,null,0.216749,null,null
0.137488,null,null,0.138454,null
-0.0013713,null,null,null,-0.00207039
0.99468,-0.000402713,null,null,null
-0.08199,null,0.226061,null,null
0.131784,null,null,0.0874345,null
-0.000310611,null,null,null,-0.000615325
0.99468,-0.000402713,null,null,null
-0.08199,null,0.226061,null,null
0.131784,null,null,0.0874345,null
-0.000310611,null,null,null,-0.000615325
0.99468,-0.000402713,null,null,null
-0.08199,null,0.226061,null,null
0.131784,null,null,0.0874345,null
-0.000310611,null,null,null,-0.000615325
0.994665,0.00127929,null,null,null
-0.0866927,null,0.26585,null,null
0.160002,null,null,0.0949156,null
-0.000829114,null,null,null,-0.00166786
0.994696,2.84068e-06,null,null,null
-0.101697,null,0.273286,null,null
0.140737,null,null,0.127252,null
-0.00220511,null,null,null,0.00292191
0.994685,0.00129912,null,null,null
-0.151,null,0.250561,null,null
0.169529,null,null,0.147909,null
-0.000302689,null,null,null,-0.00260443
0.994598,0.00268001,null,null,null
-0.0926554,null,0.247018,null,null
0.139526,null,null,0.17496,null
-0.00244621,null,null,null,-0.00484866
0.994679,0.000953314,null,null,null
-0.077847,null,0.258916,null,null
0.161995,null,null,0.145981,null
-0.00371627,null,null,null,-0.0013131
0.994727,0.00015921,null,null,null
-0.107011,null,0.251579,null,null
0.171326,null,null,0.174046,null
-0.00212114,null,null,null,-0.00193656
0.994727,0.000734553,null,null,null
-0.0681609,null,0.212511,null,null
0.159506,null,null,0.0908237,null
-0.00201274,null,null,null,-0.0045555
0.994757,-0.000617643,null,null,null
-0.00643644,null,0.25367,null,null
0.187344,null,null,0.0812122,null
0.00298782,null,null,null,-0.00094627
0.994757,-0.000617643,null,null,null
-0.00643644,null,0.25367,null,null
0.187344,null,null,0.0812122,null
0.00298782,null,null,null,-0.00094627
0.994709,-0.00438175,null,null,null
-0.00486685,null,0.264071,null,null
0.155452,null,null,0.0798994,null
-0.000896535,null,null,null,-0.00192453
0.994709,-0.00438175,null,null,null
-0.00486685,null,0.264071,null,null
0.155452,null,null,0.0798994,null
-0.000896535,null,null,null,-0.00192453
0.994709,-0.00438175,null,null,null
-0.00486685,null,0.264071,null,null
0.155452,null,null,0.0798994,null
-0.000896535,null,null,null,-0.00192453
0.994709,-0.00438175,null,null,null
-0.00486685,null,0.264071,null,null
0.155452,null,null,0.0798994,null
-0.000896535,null,null,null,-0.00192453
0.994765,-0.00346639,null,null,null
0.0186737,null,0.251326,null,null
0.114247,null,null,0.045449,null
0.00240156,null,null,null,-0.000640243
0.994765,-0.00346639,null,null,null
0.0186737,null,0.251326,null,null
0.114247,null,null,0.045449,null
0.00240156,null,null,null,-0.000640243
0.99474,-0.00689438,null,null,null
-0.00116326,null,0.229326,null,null
0.161823,null,null,0.104546,null
0.0015885,null,null,null,0.00263669
0.9947,-0.00536299,null,null,null
-0.0442409,null,0.222119,null,null
0.150735,null,null,0.051723,null
0.00288521,null,null,null,-0.00110055
0.9947,-0.00536299,null,null,null
-0.0442409,null,0.222119,null,null
0.150735,null,null,0.051723,null
0.00288521,null,null,null,-0.00110055
0.994714,-0.00226169,null,null,null
-0.0106447,null,0.218975,null,null
0.180601,null,null,0.0660111,null
-0.000625881,null,null,null,0.000483488
0.994714,-0.00226169,null,null,null
-0.0106447,null,0.218975,null,null
0.180601,null,null,0.0660111,null
-0.000625881,null,null,null,0.000483488
0.994721,-0.00294651,null,null,null
0.00989622,null,0.239455,null,null
0.143435,null,null,0.0332661,null
0.00108975,null,null,null,0.0015332
0.994721,-0.00294651,null,null,null
0.00989622,null,0.239455,null,null
0.143435,null,null,0.0332661,null
0.00108975,null,null,null,0.0015332
0.994656,-0.00178911,null,null,null
-0.00738575,null,0.233125,null,null
0.105907,null,null,0.0112408,null
-0.000772579,null,null,null,0.00118917
0.994656,-0.00178911,null,null,null
-0.00738575,null,0.233125,null,null
0.105907,null,null,0.0112408,null
-0.000772579,null,null,null,0.00118917
0.994656,-0.00178911,null,null,null
-0.00738575,null,0.233125,null,null
0.105907,null,null,0.0112408,null
-0.000772579,null,null,null,0.00118917
0.99469,-0.00249995,null,null,null
-0.0115559,null,0.249298,null,null
0.101506,null,null,-0.031642,null
0.00243439,null,null,null,0.00143858
0.994676,-0.00392755,null,null,null
-0.023518,null,0.301795,null,null
0.118776,null,null,-0.0356389,null
0.000807712,null,null,null,0.00172354
0.994676,-0.00392755,null,null,null
-0.023518,null,0.301795,null,null
0.118776,null,null,-0.0356389,null
0.000807711,null,null,null,0.00172354
0.994676,-0.00392755,null,null,null
-0.023518,null,0.301795,null,null
0.118776,null,null,-0.0356389,null
0.000807711,null,null,null,0.00172354
0.994676,-0.00392755,null,null,null
-0.023518,null,0.301795,null,null
0.118776,null,null,-0.0356389,null
0.000807711,null,null,null,0.00172354
0.994629,-0.00592693,null,null,null
-0.016417,null,0.280083,null,null
0.134746,null,null,-0.0652983,null
0.00216792,null,null,null,-0.000659619
0.994629,-0.00592693,null,null,null
-0.016417,null,0.280083,null,null
0.134746,null,null,-0.0652983,null
0.00216792,null,null,null,-0.000659619
0.994629,-0.00592693,null,null,null
-0.016417,null,0.280083,null,null
0.134746,null,null,-0.0652983,null
0.00216792,null,null,null,-0.000659619
0.99467,-0.00716219,null,null,null
-0.0596358,null,0.281027,null,null
0.13304,null,null,-0.0406012,null
0.00159729,null,null,null,0.000989136
0.994681,-0.00677005,null,null,null
-0.0921179,null,0.272352,null,null
0.140709,null,null,-0.0312996,null
0.00236468,null,null,null,0.00216794
0.994694,-0.00614709,null,null,null
-0.0712586,null,0.322955,null,null
0.110731,null,null,-0.0478311,null
0.0011583,null,null,null,0.00203326
0.994694,-0.00614709,null,null,null
-0.0712586,null,0.322955,null,null
0.110731,null,null,-0.0478311,null
0.0011583,null,null,null,0.00203326
0.994694,-0.00614709,null,null,null
-0.0712586,null,0.322955,null,null
0.110731,null,null,-0.0478311,null
0.0011583,null,null,null,0.00203326
0.994672,-0.00489256,null,null,null
-0.0647374,null,0.311912,null,null
0.0693785,null,null,-0.0389599,null
0.00183984,null,null,null,-0.000566303
0.994672,-0.00489256,null,null,null
-0.0647374,null,0.311912,null,null
0.0693785,null,null,-0.0389599,null
0.00183984,null,null,null,-0.000566303
0.994672,-0.00489256,null,null,null
-0.0647374,null,0.311912,null,null
0.0693785,null,null,-0.0389599,null
0.00183984,null,null,null,-0.000566303
0.994672,-0.00489256,null,null,null
-0.0647374,null,0.311912,null,null
0.0693785,null,null,-0.0389599,null
0.00183984,null,null,null,-0.000566303
0.994725,-0.00314857,null,null,null
-0.0894356,null,0.347892,null,null
0.106926,null,null,-0.00952685,null
0.00213729,null,null,null,-0.00109919
0.994779,-0.0023707,null,null,null
-0.122165,null,0.323456,null,null
0.0782915,null,null,-0.0170965,null
0.00248693,null,null,null,-0.00278031
0.994779,-0.0023707,null,null,null
-0.122165,null,0.323456,null,null
0.0782915,null,null,-0.0170965,null
0.00248693,null,null,null,-0.00278031
0.994814,-0.00276999,null,null,null
-0.086124,null,0.34612,null,null
0.019331,null,null,-0.0400556,null
6.90376e-05,null,null,null,0.00241415
0.994814,-0.00276999,null,null,null
-0.086124,null,0.34612,null,null
0.019331,null,null,-0.0400556,null
6.90376e-05,null,null,null,0.00241415
0.994785,-0.00303494,null,null,null
-0.0775823,null,0.348772,null,null
0.0512281,null,null,-0.0937476,null
-0.00311743,null,null,null,-0.00235004
0.994785,-0.00255552,null,null,null
-0.0742641,null,0.33295,null,null
0.0233641,null,null,-0.0446951,null
-0.0036333,null,null,null,0.00114243
0.994785,-0.00255552,null,null,null
-0.0742641,null,0.33295,null,null
0.0233641,null,null,-0.0446951,null
-0.0036333,null,null,null,0.00114243
0.994805,-0.00196654,null,null,null
-0.0561861,null,0.344751,null,null
0.0389976,null,null,-0.0435114,null
-0.00469971,null,null,null,-0.000796249
0.994805,-0.00196654,null,null,null
-0.0561861,null,0.344751,null,null
0.0389976,null,null,-0.0435114,null
-0.00469971,null,null,null,-0.000796249
0.994695,0.00118649,null,null,null
-0.048701,null,0.335449,null,null
0.0244315,null,null,-0.0525556,null
-0.000970376,null,null,null,-0.00164735
0.99479,-0.000665757,null,null,null
-0.0645881,null,0.342475,null,null
0.0214001,null,null,-0.0530484,null
-0.00158921,null,null,null,0.0041119
0.994759,-0.000732697,null,null,null
-0.0883277,null,0.324949,null,null
0.0184505,null,null,-0.0579197,null
-0.000866269,null,null,null,0.00103812
0.994738,0.0014046,null,null,null
-0.117425,null,0.327941,null,null
-0.0150654,null,null,-0.0490264,null
0.000681891,null,null,null,0.000132391
0.994738,0.0014046,null,null,null
-0.117425,null,0.327941,null,null
-0.0150654,null,null,-0.0490264,null
0.000681891,null,null,null,0.000132391
0.994738,0.0014046,null,null,null
-0.117425,null,0.327941,null,null
-0.0150654,null,null,-0.0490264,null
0.000681891,null,null,null,0.000132391
0.994671,0.00109785,null,null,null
-0.13017,null,0.289915,null,null
-0.0186571,null,null,-0.115987,null
-0.00344923,null,null,null,-0.0003016
0.994671,0.00109785,null,null,null
-0.13017,null,0.289915,null,null
-0.0186571,null,null,-0.115987,null
-0.00344923,null,null,null,-0.0003016
0.994694,-0.000213036,null,null,null
-0.0584192,null,0.287008,null,null
0.0144755,null,null,-0.111026,null
-0.000142849,null,null,null,-0.00181577
0.994694,-0.000213036,null,null,null
-0.0584192,null,0.287008,null,null
0.0144755,null,null,-0.111026,null
-0.000142849,null,null,null,-0.00181577
0.994694,-0.000213036,null,null,null
-0.0584192,null,0.287008,null,null
0.0144755,null,null,-0.111026,null
-0.000142849,null,null,null,-0.00181577
0.994694,-0.000213036,null,null,null
-0.0584192,null,0.287008,null,null
0.0144755,null,null,-0.111026,null
-0.000142849,null,null,null,-0.00181577
0.994712,-0.0017719,null,null,null
-0.0986204,null,0.300544,null,null
0.0272724,null,null,-0.118207,null
-0.0021159,null,null,null,-0.000930182
0.994712,-0.0017719,null,null,null
-0.0986204,null,0.300544,null,null
0.0272724,null,null,-0.118207,null
-0.0021159,null,null,null,-0.000930182
0.994712,-0.0017719,null,null,null
-0.0986204,null,0.300544,null,null
0.0272724,null,null,-0.118207,null
-0.0021159,null,null,null,-0.000930182
0.994711,-0.000880124,null,null,null
-0.0997809,null,0.228199,null,null
0.0269444,null,null,-0.138921,null
-0.00211529,null,null,null,-0.00113229
0.99466,3.26157e-05,null,null,null
-0.105473,null,0.231556,null,null
0.00980994,null,null,-0.110175,null
0.0025021,null,null,null,0.000869569
0.994736,0.00279585,null,null,null
-0.131845,null,0.28104,null,null
0.0100421,null,null,-0.11657,null
-0.000331901,null,null,null,-1.50969e-05
0.994736,0.00279585,null,null,null
-0.131845,null,0.28104,null,null
0.0100421,null,null,-0.11657,null
-0.000331901,null,null,null,-1.50969e-05
0.994736,0.00279585,null,null,null
-0.131845,null,0.28104,null,null
0.0100421,null,null,-0.11657,null
-0.000331901,null,null,null,-1.50969e-05
0.99471,0.00238345,null,null,null
-0.140423,null,0.258359,null,null
0.00573041,null,null,-0.0734675,null
-0.00438501,null,null,null,-0.000929339
0.994706,0.00197395,null,null,null
-0.134928,null,0.237466,null,null
0.0152412,null,null,-0.0580768,null
-0.0015909,null,null,null,0.000463746
0.994706,0.00197395,null,null,null
-0.134928,null,0.237466,null,null
0.0152412,null,null,-0.0580768,null
-0.0015909,null,null,null,0.000463746
0.994706,0.00197395,null,null,null
-0.134928,null,0.237466,null,null
0.0152412,null,null,-0.0580768,null
-0.0015909,null,null,null,0.000463746
0.994761,-0.00370685,null,null,null
-0.152931,null,0.241739,null,null
-0.00831621,null,null,-0.0447492,null
-0.00193033,null,null,null,0.00321645
0.994761,-0.00370685,null,null,null
-0.152931,null,0.241739,null,null
-0.00831621,null,null,-0.0447492,null
-0.00193033,null,null,null,0.00321645
0.994753,-0.00529994,null,null,null
-0.180795,null,0.231836,null,null
-0.00586206,null,null,-0.0821115,null
0.000220637,null,null,null,0.000903137
0.994753,-0.00529994,null,null,null
-0.180795,null,0.231836,null,null
-0.00586206,null,null,-0.0821115,null
0.000220637,null,null,null,0.000903137
0.994712,-0.00232124,null,null,null
-0.145994,null,0.217376,null,null
-0.00535185,null,null,-0.0913116,null
0.00105242,null,null,null,-0.00306266
0.994727,-0.00434536,null,null,null
-0.189416,null,0.173469,null,null
-0.0237086,null,null,-0.09628,null
0.00288674,null,null,null,0.00570263
0.99469,-0.00452262,null,null,null
-0.200609,null,0.11923,null,null
-0.0294794,null,null,-0.107603,null
0.00098462,null,null,null,0.000895978
0.99469,-0.00452262,null,null,null
-0.200609,null,0.11923,null,null
-0.0294794,null,null,-0.107603,null
0.00098462,null,null,null,0.000895978
0.994637,-0.00720474,null,null,null
-0.218429,null,0.180054,null,null
-0.00459501,null,null,-0.0868396,null
-0.000358391,null,null,null,-0.00114745
0.994536,-0.0100362,null,null,null
-0.152003,null,0.172284,null,null
0.0217155,null,null,-0.0750494,null
-0.0021605,null,null,null,-3.96394e-05
0.994581,-0.00989422,null,null,null
-0.140127,null,0.141261,null,null
0.00334355,null,null,-0.088024,null
0.00297365,null,null,null,0.000495089
0.994574,-0.00901532,null,null,null
-0.184124,null,0.198765,null,null
0.0456257,null,null,-0.114404,null
-0.00159259,null,null,null,0.00279544
0.994589,-0.0125041,null,null,null
-0.169735,null,0.192598,null,null
0.0888405,null,null,-0.155415,null
0.00283344,null,null,null,-0.00020638
0.99459,-0.0111383,null,null,null
-0.240771,null,0.190883,null,null
0.0507162,null,null,-0.159405,null
-0.00411965,null,null,null,0.00138279
0.994522,-0.0182856,null,null,null
-0.244314,null,0.148212,null,null
0.0381959,null,null,-0.0909718,null
-0.00281925,null,null,null,-0.000520197
0.994522,-0.0182856,null,null,null
-0.244314,null,0.148212,null,null
0.0381959,null,null,-0.0909718,null
-0.00281925,null,null,null,-0.000520197
0.994671,-0.0157974,null,null,null
-0.242854,null,0.180261,null,null
0.0475944,null,null,-0.117071,null
-0.00335492,null,null,null,0.000662201
0.994653,-0.013609,null,null,null
-0.247087,null,0.140398,null,null
0.0148582,null,null,-0.0879245,null
-0.00257775,null,null,null,0.0031918
0.9946,-0.0157605,null,null,null
-0.208053,null,0.14142,null,null
0.0428734,null,null,-0.107977,null
-0.000140606,null,null,null,0.00234579
0.994539,-0.0177819,null,null,null
-0.184599,null,0.175374,null,null
-0.00031407,null,null,-0.0571464,null
0.00411386,null,null,null,0.000637463
0.994514,-0.0189711,null,null,null
-0.194189,null,0.186249,null,null
0.027052,null,null,-0.134376,null
-0.00434149,null,null,null,-3.02171e-05
0.994514,-0.0189711,null,null,null
-0.194189,null,0.186249,null,null
0.027052,null,null,-0.134376,null
-0.00434149,null,null,null,-3.02171e-05
0.994521,-0.019665,null,null,null
-0.211792,null,0.160955,null,null
0.0113,null,null,-0.13072,null
-0.000767164,null,null,null,0.00218723
0.994483,-0.0185601,null,null,null
-0.179673,null,0.180999,null,null
-0.0120212,null,null,-0.11993,null
0.000475184,null,null,null,0.000532632
0.994483,-0.0185601,null,null,null
-0.179673,null,0.180999,null,null
-0.0120212,null,null,-0.11993,null
0.000475184,null,null,null,0.000532632
0.994446,-0.0191757,null,null,null
-0.187985,null,0.143846,null,null
-0.020534,null,null,-0.0776069,null
0.000945865,null,null,null,0.0048411
0.994446,-0.0191757,null,null,null
-0.187985,null,0.143846,null,null
-0.020534,null,null,-0.0776069,null
0.000945865,null,null,null,0.0048411
0.994451,-0.0189444,null,null,null
-0.133406,null,0.141038,null,null
0.038086,null,null,-0.131616,null
-0.00189174,null,null,null,0.00151545
0.994566,-0.0168959,null,null,null
-0.127321,null,0.181119,null,null
0.021498,null,null,-0.0850733,null
-0.00199777,null,null,null,-6.27526e-05
0.994605,-0.0152246,null,null,null
-0.139456,null,0.12372,null,null
0.061739,null,null,-0.0970719,null
-0.00312279,null,null,null,0.00295283
0.994619,-0.0126276,null,null,null
-0.122312,null,0.15205,null,null
0.0578599,null,null,-0.082726,null
0.00275866,null,null,null,0.0018365
0.994619,-0.0126276,null,null,null
-0.122312,null,0.15205,null,null
0.0578599,null,null,-0.082726,null
0.00275866,null,null,null,0.0018365
0.994622,-0.0111967,null,null,null
-0.0728223,null,0.124709,null,null
0.0466736,null,null,-0.1287,null
0.000626491,null,null,null,-0.00356346
0.99456,-0.0142776,null,null,null
-0.0943549,null,0.15669,null,null
0.0177941,null,null,-0.12336,null
0.000121177,null,null,null,-0.000688102
0.994528,-0.0166815,null,null,null
-0.116718,null,0.182706,null,null
-0.0154571,null,null,-0.130146,null
5.31131e-05,null,null,null,0.000851311
0.994493,-0.0155818,null,null,null
-0.0764978,null,0.15571,null,null
-0.0106709,null,null,-0.136615,null
0.00329064,null,null,null,0.000806388
0.994493,-0.0155818,null,null,null
-0.0764978,null,0.15571,null,null
-0.0106709,null,null,-0.136615,null
0.00329064,null,null,null,0.000806388
0.994493,-0.0155818,null,null,null
-0.0764978,null,0.15571,null,null
-0.0106709,null,null,-0.136615,null
0.00329064,null,null,null,0.000806388
0.99444,-0.0181885,null,null,null
-0.0878881,null,0.116048,null,null
-0.0301936,null,null,-0.143776,null
0.000323519,null,null,null,-0.00013997
0.99444,-0.0181885,null,null,null
-0.0878881,null,0.116048,null,null
-0.0301936,null,null,-0.143776,null
0.000323519,null,null,null,-0.00013997
0.994475,-0.0198637,null,null,null
-0.114195,null,0.167235,null,null
-0.0385999,null,null,-0.12319,null
-0.00183259,null,null,null,-0.00331622
0.994493,-0.0167393,null,null,null
-0.103375,null,0.156369,null,null
0.0036817,null,null,-0.128218,null
-0.000875789,null,null,null,0.00277226
0.99449,-0.0136991,null,null,null
-0.105724,null,0.144946,null,null
0.057752,null,null,-0.119815,null
0.001262,null,null,null,0.00142746
0.994487,-0.0131643,null,null,null
-0.0675251,null,0.188324,null,null
0.0259274,null,null,-0.148444,null
0.00293255,null,null,null,0.00124597
0.994466,-0.0130413,null,null,null
-0.150735,null,0.176864,null,null
0.0253722,null,null,-0.144166,null
0.00436215,null,null,null,-0.00121939
0.994499,-0.0122675,null,null,null
-0.127177,null,0.174116,null,null
0.0095421,null,null,-0.165731,null
0.00303077,null,null,null,-0.00283336
0.994589,-0.0130246,null,null,null
-0.119243,null,0.189671,null,null
-0.00129557,null,null,-0.118138,null
0.00151493,null,null,null,0.00050685
0.994637,-0.0103094,null,null,null
-0.119494,null,0.215946,null,null
-0.0127369,null,null,-0.132741,null
0.00032023,null,null,null,-0.00222195
0.994631,-0.00831443,null,null,null
-0.0931851,null,0.182895,null,null
0.0027507,null,null,-0.108545,null
0.00151686,null,null,null,-0.00112453
0.994591,-0.0104156,null,null,null
-0.0658069,null,0.185947,null,null
-0.00232176,null,null,-0.159619,null
0.0039784,null,null,null,-0.00284794
0.994591,-0.0104156,null,null,null
-0.0658069,null,0.185947,null,null
-0.00232176,null,null,-0.159619,null
0.0039784,null,null,null,-0.00284794
0.99459,-0.0101932,null,null,null
-0.0759294,null,0.145926,null,null
-0.0126811,null,null,-0.160574,null
0.00280991,null,null,null,-0.00124846
0.994641,-0.00733388,null,null,null
-0.0761044,null,0.125801,null,null
-0.0213673,null,null,-0.211561,null
0.000216607,null,null,null,0.00209102
0.994585,-0.00678251,null,null,null
-0.131959,null,0.188803,null,null
0.017373,null,null,-0.208559,null
-0.000533325,null,null,null,0.00105825
0.994618,-0.00438545,null,null,null
-0.140659,null,0.178503,null,null
0.0437729,null,null,-0.19304,null
-0.00421666,null,null,null,0.00282183
0.994618,-0.00438545,null,null,null
-0.140659,null,0.178503,null,null
0.0437729,null,null,-0.19304,null
-0.00421666,null,null,null,0.00282183
0.994699,-0.00448875,null,null,null
-0.158641,null,0.205253,null,null
-0.00627528,null,null,-0.16888,null
-0.000240214,null,null,null,-0.00217171
0.994699,-0.00448875,null,null,null
-0.158641,null,0.205253,null,null
-0.00627528,null,null,-0.16888,null
-0.000240214,null,null,null,-0.00217171
0.994699,-0.00448875,null,null,null
-0.158641,null,0.205253,null,null
-0.00627528,null,null,-0.16888,null
-0.000240214,null,null,null,-0.00217171
0.994699,-0.00448875,null,null,null
-0.158641,null,0.205253,null,null
-0.00627528,null,null,-0.16888,null
-0.000240214,null,null,null,-0.00217171
0.994687,-0.00445297,null,null,null
-0.181817,null,0.148501,null,null
-0.00171556,null,null,-0.200614,null
0.000707471,null,null,null,0.00368199
0.994621,-0.00473153,null,null,null
-0.197997,null,0.111461,null,null
0.0345181,null,null,-0.24979,null
0.000714723,null,null,null,0.0054124
0.994579,-0.00208357,null,null,null
-0.195369,null,0.140437,null,null
0.0640658,null,null,-0.20232,null
-0.000875442,null,null,null,0.00386308
0.994595,-0.00252435,null,null,null
-0.192731,null,0.159502,null,null
0.0298261,null,null,-0.196497,null
0.0013937,null,null,null,-0.00240461
0.994595,-0.00252435,null,null,null
-0.192731,null,0.159502,null,null
0.0298261,null,null,-0.196497,null
0.0013937,null,null,null,-0.00240461
0.994605,-0.00186115,null,null,null
-0.259575,null,0.146255,null,null
0.0450725,null,null,-0.146096,null
-0.00244577,null,null,null,-0.000891925
0.994659,-0.00494206,null,null,null
-0.263101,null,0.174191,null,null
0.0224405,null,null,-0.171364,null
6.24295e-07,null,null,null,0.00076036
0.994659,-0.00494206,null,null,null
-0.263101,null,0.174191,null,null
0.0224405,null,null,-0.171364,null
6.24295e-07,null,null,null,0.00076036
0.994659,-0.00494206,null,null,null
-0.263101,null,0.174191,null,null
0.0224405,null,null,-0.171364,null
6.24295e-07,null,null,null,0.00076036
0.994659,-0.00494206,null,null,null
-0.263101,null,0.174191,null,null
0.0224405,null,null,-0.171364,null
6.24295e-07,null,null,null,0.00076036
0.994644,-0.00275737,null,null,null
-0.238778,null,0.124439,null,null
-0.0108537,null,null,-0.15373,null
-0.000340652,null,null,null,-8.03295e-06
0.994644,-0.00275737,null,null,null
-0.238778,null,0.124439,null,null
-0.0108537,null,null,-0.15373,null
-0.000340652,null,null,null,-8.0326e-06
0.994712,-0.0030009,null,null,null
-0.215096,null,0.137343,null,null
0.0300023,null,null,-0.185291,null
0.000547333,null,null,null,0.00237433
0.994712,-0.0030009,null,null,null
-0.215096,null,0.137343,null,null
0.0300023,null,null,-0.185291,null
0.000547333,null,null,null,0.00237433
0.994712,-0.0030009,null,null,null
-0.215096,null,0.137343,null,null
0.0300023,null,null,-0.185291,null
0.000547333,null,null,null,0.00237433
0.994689,-0.00826065,null,null,null
-0.227282,null,0.142459,null,null
0.043424,null,null,-0.15391,null
-0.00106852,null,null,null,-0.000581229
0.994677,-0.00615779,null,null,null
-0.253749,null,0.118634,null,null
0.0696111,null,null,-0.124566,null
0.000408831,null,null,null,0.0015751
0.994677,-0.00615779,null,null,null
-0.253749,null,0.118634,null,null
0.0696111,null,null,-0.124566,null
0.000408831,null,null,null,0.0015751
0.994689,-0.00390265,null,null,null
-0.263823,null,0.0694736,null,null
0.0763131,null,null,-0.100784,null
-0.000530347,null,null,null,-0.00019108
0.994679,-0.00115486,null,null,null
-0.24891,null,0.0925973,null,null
0.0537809,null,null,-0.0703266,null
-0.0054316,null,null,null,0.00238631
0.994683,-0.00284406,null,null,null
-0.229318,null,0.101916,null,null
0.0200895,null,null,-0.102852,null
-0.00268541,null,null,null,0.00287183
0.99463,-0.0037861,null,null,null
-0.240647,null,0.112646,null,null
-0.0156795,null,null,-0.103457,null
0.00180821,null,null,null,-0.00193392
0.994685,-0.00383196,null,null,null
-0.233694,null,0.099316,null,null
0.0164486,null,null,-0.0971794,null
0.000307995,null,null,null,-0.00205684
0.994685,-0.00383196,null,null,null
-0.233694,null,0.099316,null,null
0.0164486,null,null,-0.0971794,null
0.000307995,null,null,null,-0.00205684
0.994685,-0.00383196,null,null,null
-0.233694,null,0.099316,null,null
0.0164486,null,null,-0.0971794,null
0.000307995,null,null,null,-0.00205684
0.994685,-0.00383196,null,null,null
-0.233694,null,0.099316,null,null
0.0164486,null,null,-0.0971794,null
0.000307995,null,null,null,-0.00205684
0.994685,-0.00383196,null,null,null
-0.233694,null,0.099316,null,null
0.0164486,null,null,-0.0971794,null
0.000307995,null,null,null,-0.00205684
0.994685,-0.00383196,null,null,null
-0.233694,null,0.099316,null,null
0.0164486,null,null,-0.0971794,null
0.000307995,null,null,null,-0.00205684
0.994685,-0.00383196,null,null,null
-0.233694,null,0.099316,null,null
0.0164486,null,null,-0.0971794,null
0.000307995,null,null,null,-0.00205684
0.994672,-0.00187329,null,null,null
-0.26783,null,0.0635152,null,null
0.0276856,null,null,-0.101322,null
0.00122708,null,null,null,-0.00172736
0.994672,-0.00187329,null,null,null
-0.26783,null,0.0635152,null,null
0.0276856,null,null,-0.101322,null
0.00122708,null,null,null,-0.00172736
0.994672,-0.00187329,null,null,null
-0.26783,null,0.0635152,null,null
0.0276856,null,null,-0.101322,null
0.00122708,null,null,null,-0.00172736
0.994681,-0.00100266,null,null,null
-0.275228,null,0.0631633,null,null
0.0354496,null,null,-0.0905848,null
0.00471274,null,null,null,0.000763939
0.994681,-0.00100266,null,null,null
-0.275228,null,0.0631633,null,null
0.0354496,null,null,-0.0905848,null
0.00471274,null,null,null,0.000763939
0.994681,-0.00100266,null,null,null
-0.275228,null,0.0631633,null,null
0.0354496,null,null,-0.0905848,null
0.00471274,null,null,null,0.000763939
0.994681,-0.00100266,null,null,null
-0.275228,null,0.0631633,null,null
0.0354496,null,null,-0.0905848,null
0.00471274,null,null,null,0.000763939
0.994689,-0.00226947,null,null,null
-0.232255,null,0.0413029,null,null
0.0569474,null,null,-0.107194,null
0.000781735,null,null,null,0.00394933
0.994694,-0.000617397,null,null,null
-0.21256,null,0.00233225,null,null
0.0685054,null,null,-0.118559,null
0.00241766,null,null,null,0.00420835
0.994694,-0.000617397,null,null,null
-0.21256,null,0.00233225,null,null
0.0685054,null,null,-0.118559,null
0.00241766,null,null,null,0.00420835
0.994694,-0.000617397,null,null,null
-0.21256,null,0.00233225,null,null
0.0685054,null,null,-0.118559,null
0.00241766,null,null,null,0.00420835
0.994694,-0.000617397,null,null,null
-0.21256,null,0.00233225,null,null
0.0685054,null,null,-0.118559,null
0.00241766,null,null,null,0.00420835
0.9947,-0.00232032,null,null,null
-0.218523,null,0.0341021,null,null
0.0495034,null,null,-0.063371,null
0.000484593,null,null,null,0.00252127
0.994704,-0.00110429,null,null,null
-0.215388,null,0.059062,null,null
0.0804979,null,null,-0.0363433,null
-0.00186396,null,null,null,0.00337332
0.994656,0.00150864,null,null,null
-0.193062,null,0.00135922,null,null
0.0976038,null,null,-0.0774936,null
0.00167867,null,null,null,-0.001366
0.994681,0.00236475,null,null,null
-0.228059,null,-0.0315056,null,null
0.108839,null,null,-0.0717949,null
0.00050857,null,null,null,-0.00337116
0.994645,0.000589281,null,null,null
-0.187046,null,-0.0195908,null,null
0.150171,null,null,-0.162442,null
0.002344,null,null,null,-0.00410782
0.9947,0.00132584,null,null,null
-0.215641,null,-0.0690124,null,null
0.119569,null,null,-0.104187,null
0.00678063,null,null,null,0.000452786
0.994644,0.00117842,null,null,null
-0.218955,null,-0.0180375,null,null
0.147143,null,null,-0.0940785,null
-0.00393115,null,null,null,0.000305841
0.994598,-0.000788845,null,null,null
-0.236173,null,-0.0132366,null,null
0.137662,null,null,-0.109726,null
-0.00342148,null,null,null,-0.00314936
0.99462,-0.00293406,null,null,null
-0.243147,null,-0.000808704,null,null
0.112559,null,null,-0.0976591,null
-0.00019297,null,null,null,-0.000311134
0.994622,-0.00383114,null,null,null
-0.241749,null,0.0155659,null,null
0.0933408,null,null,-0.0734489,null
0.00361014,null,null,null,-0.00145682
0.994666,-0.00336571,null,null,null
-0.21261,null,0.0447515,null,null
0.114161,null,null,-0.0500519,null
0.00179273,null,null,null,0.000157512
0.994683,-0.00312739,null,null,null
-0.245952,null,0.050903,null,null
0.0968541,null,null,-0.0901233,null
0.00102476,null,null,null,-0.00368023
0.994683,-0.00312739,null,null,null
-0.245952,null,0.050903,null,null
0.0968541,null,null,-0.0901233,null
0.00102476,null,null,null,-0.00368023
0.994806,-0.00533455,null,null,null
-0.221451,null,0.0166599,null,null
0.079796,null,null,-0.145008,null
0.00187255,null,null,null,-0.00458858
0.994716,-0.0043352,null,null,null
-0.243256,null,0.00391521,null,null
0.0839871,null,null,-0.18843,null
0.00106485,null,null,null,-0.000270875
0.994716,-0.0043352,null,null,null
-0.243256,null,0.00391521,null,null
0.0839871,null,null,-0.18843,null
0.00106485,null,null,null,-0.000270875
0.994716,-0.0043352,null,null,null
-0.243256,null,0.00391521,null,null
0.0839871,null,null,-0.18843,null
0.00106485,null,null,null,-0.000270875
0.994651,-0.00433359,null,null,null
-0.257719,null,0.022922,null,null
0.0825918,null,null,-0.157484,null
0.00120123,null,null,null,-0.000673226
0.994651,-0.00433359,null,null,null
-0.257719,null,0.022922,null,null
0.0825918,null,null,-0.157484,null
0.00120123,null,null,null,-0.000673226
0.994589,-0.00804311,null,null,null
-0.234454,null,0.0565433,null,null
0.0846067,null,null,-0.200178,null
0.00146355,null,null,null,-0.00345559
0.994589,-0.00804311,null,null,null
-0.234454,null,0.0565433,null,null
0.0846067,null,null,-0.200178,null
0.00146355,null,null,null,-0.00345559
0.994589,-0.00804311,null,null,null
-0.234454,null,0.0565433,null,null
0.0846067,null,null,-0.200178,null
0.00146355,null,null,null,-0.00345559
0.99464,-0.00429212,null,null,null
-0.272168,null,0.0688147,null,null
0.0870089,null,null,-0.170244,null
-0.00149322,null,null,null,0.00474592
0.994648,-0.00650466,null,null,null
-0.250167,null,0.0646625,null,null
0.121694,null,null,-0.115705,null
-0.000992401,null,null,null,-6.07769e-05
0.994648,-0.00650466,null,null,null
-0.250167,null,0.0646625,null,null
0.121694,null,null,-0.115705,null
-0.000992401,null,null,null,-6.07769e-05
0.994561,-0.00432389,null,null,null
-0.266236,null,0.064095,null,null
0.128215,null,null,-0.142014,null
-0.00521398,null,null,null,-0.00355026
0.994545,-0.00544027,null,null,null
-0.285636,null,0.081896,null,null
0.0660977,null,null,-0.18617,null
-0.00361755,null,null,null,-0.00246261
0.994569,-0.0060165,null,null,null
-0.292345,null,0.110385,null,null
0.0776451,null,null,-0.23614,null
-0.0068867,null,null,null,0.00144311
0.994602,-0.00851424,null,null,null
-0.304026,null,0.0991055,null,null
0.0737111,null,null,-0.164511,null
-0.00597292,null,null,null,0.0020727
0.994602,-0.00851424,null,null,null
-0.304026,null,0.0991055,null,null
0.0737111,null,null,-0.164511,null
-0.00597292,null,null,null,0.0020727
0.994602,-0.00851424,null,null,null
-0.304026,null,0.0991055,null,null
0.0737111,null,null,-0.164511,null
-0.00597292,null,null,null,0.0020727
0.994614,-0.0074972,null,null,null
-0.284564,null,0.106502,null,null
0.0377367,null,null,-0.187245,null
-0.00473074,null,null,null,0.00211899
0.994637,-0.00704987,null,null,null
-0.274807,null,0.0363871,null,null
0.050331,null,null,-0.175095,null
-0.00131876,null,null,null,0.00131807
0.994637,-0.00704987,null,null,null
-0.274807,null,0.0363871,null,null
0.050331,null,null,-0.175095,null
-0.00131876,null,null,null,0.00131807
0.994654,-0.00916149,null,null,null
-0.289498,null,0.0481485,null,null
0.0804156,null,null,-0.160059,null
-0.000891349,null,null,null,-0.000889212
0.994604,-0.0128001,null,null,null
-0.287044,null,0.0988549,null,null
0.0871452,null,null,-0.211496,null
0.0019301,null,null,null,-0.000356337
0.994552,-0.013542,null,null,null
-0.285406,null,0.128181,null,null
0.120789,null,null,-0.132912,null
-0.00285411,null,null,null,-0.000603674
0.994598,-0.014358,null,null,null
-0.28339,null,0.153494,null,null
0.0868321,null,null,-0.156716,null
0.000239964,null,null,null,-0.00313782
0.994596,-0.0127327,null,null,null
-0.274625,null,0.146519,null,null
0.0659949,null,null,-0.197506,null
0.00288094,null,null,null,-0.000272285
0.994596,-0.0127327,null,null,null
-0.274625,null,0.146519,null,null
0.0659949,null,null,-0.197506,null
0.00288094,null,null,null,-0.000272285
0.99461,-0.0111811,null,null,null
-0.240203,null,0.198984,null,null
0.0357936,null,null,-0.164284,null
0.00333399,null,null,null,-5.93226e-05
0.99461,-0.0111811,null,null,null
-0.240203,null,0.198984,null,null
0.0357936,null,null,-0.164284,null
0.00333399,null,null,null,-5.93226e-05
0.99461,-0.0111811,null,null,null
-0.240203,null,0.198984,null,null
0.0357936,null,null,-0.164284,null
0.00333399,null,null,null,-5.93226e-05
0.994649,-0.012535,null,null,null
-0.24657,null,0.135761,null,null
0.0169944,null,null,-0.221202,null
0.00137298,null,null,null,-0.00121221
0.994649,-0.012535,null,null,null
-0.24657,null,0.135761,null,null
0.0169944,null,null,-0.221202,null
0.00137298,null,null,null,-0.00121221
0.994524,-0.0163338,null,null,null
-0.232729,null,0.173813,null,null
0.00430055,null,null,-0.291054,null
-0.00331443,null,null,null,-0.00200717
0.994659,-0.0121809,null,null,null
-0.239274,null,0.106703,null,null
-0.0249725,null,null,-0.271034,null
-0.000294751,null,null,null,-0.00235593
0.994659,-0.0121809,null,null,null
-0.239274,null,0.106703,null,null
-0.0249725,null,null,-0.271034,null
-0.000294751,null,null,null,-0.00235593
0.994719,-0.0101006,null,null,null
-0.204907,null,0.0649971,null,null
0.000617874,null,null,-0.288995,null
-0.00357048,null,null,null,-0.00237206
0.99466,-0.0105154,null,null,null
-0.205405,null,0.0413199,null,null
-0.0418741,null,null,-0.233146,null
-0.00727639,null,null,null,-0.00278289
0.994669,-0.0121548,null,null,null
-0.213321,null,0.0137883,null,null
-0.0583559,null,null,-0.23241,null
-0.00673944,null,null,null,4.04429e-05
0.994669,-0.0121548,null,null,null
-0.213321,null,0.0137883,null,null
-0.0583559,null,null,-0.23241,null
-0.00673944,null,null,null,4.04429e-05
0.994605,-0.010664,null,null,null
-0.120444,null,0.0552588,null,null
-0.055384,null,null,-0.195162,null
-0.00240617,null,null,null,-0.0011782
0.994639,-0.011388,null,null,null
-0.118262,null,0.00515625,null,null
-0.0439919,null,null,-0.182028,null
-0.00348328,null,null,null,-0.00301973
0.994642,-0.00836558,null,null,null
-0.0743295,null,0.0289269,null,null
-0.00268971,null,null,-0.2082,null
0.00148674,null,null,null,0.00177761
0.99463,-0.00721131,null,null,null
-0.0734625,null,0.0584138,null,null
-0.0356431,null,null,-0.163527,null
0.00241489,null,null,null,-0.000321586
0.994644,-0.00759592,null,null,null
-0.0854515,null,0.10254,null,null
-0.0405821,null,null,-0.192216,null
-0.00221669,null,null,null,0.00312553
0.994629,-0.0038449,null,null,null
-0.0109584,null,0.0723644,null,null
-0.0487693,null,null,-0.219376,null
0.00119542,null,null,null,0.00254206
0.994629,-0.0038449,null,null,null
-0.0109584,null,0.0723644,null,null
-0.0487693,null,null,-0.219376,null
0.00119542,null,null,null,0.00254206
0.994655,-0.00447016,null,null,null
-0.0614357,null,0.0895741,null,null
-0.0541209,null,null,-0.180089,null
0.00193645,null,null,null,0.0021071
0.994644,-0.00257187,null,null,null
-0.0591908,null,0.0667991,null,null
-0.0837924,null,null,-0.192702,null
-0.000199319,null,null,null,0.00432211
0.994677,-0.00281471,null,null,null
-0.0737348,null,0.0736724,null,null
-0.0483871,null,null,-0.201764,null
0.00669914,null,null,null,-0.000366732
0.994753,-0.00130474,null,null,null
-0.0688903,null,0.0436485,null,null
-0.0380459,null,null,-0.232591,null
0.00406993,null,null,null,0.00027646
0.994675,-0.000212485,null,null,null
-0.0370736,null,0.000836383,null,null
-0.028568,null,null,-0.195631,null
0.00207441,null,null,null,-0.00122147
0.994727,0.0014293,null,null,null
-0.0683079,null,-0.0159064,null,null
-0.058125,null,null,-0.228268,null
-0.00265376,null,null,null,-0.00368662
0.994727,0.0014293,null,null,null
-0.0683079,null,-0.0159064,null,null
-0.058125,null,null,-0.228268,null
-0.00265376,null,null,null,-0.00368662
0.994755,0.00207834,null,null,null
-0.0638824,null,0.0534976,null,null
-0.0391021,null,null,-0.219689,null
-0.0015115,null,null,null,-0.00179291
0.994744,0.0037591,null,null,null
-0.0718049,null,0.0640007,null,null
0.000560469,null,null,-0.193479,null
0.00155866,null,null,null,-0.00193781
0.994744,0.0037591,null,null,null
-0.0718049,null,0.0640007,null,null
0.000560469,null,null,-0.193479,null
0.00155866,null,null,null,-0.00193781
0.994744,0.0037591,null,null,null
-0.0718049,null,0.0640007,null,null
0.000560469,null,null,-0.193479,null
0.00155866,null,null,null,-0.00193781
0.994744,0.0037591,null,null,null
-0.0718049,null,0.0640007,null,null
0.000560469,null,null,-0.193479,null
0.00155866,null,null,null,-0.00193781
0.994718,0.00305761,null,null,null
-0.115791,null,0.0200609,null,null
-0.0729645,null,null,-0.197275,null
0.00147924,null,null,null,0.000645621
0.994701,-0.000782764,null,null,null
-0.0918916,null,0.0196429,null,null
-0.0927532,null,null,-0.189069,null
0.00190033,null,null,null,0.00327054
0.994631,-0.00253981,null,null,null
-0.0665709,null,-0.0164887,null,null
-0.0664856,null,null,-0.200996,null
0.00429791,null,null,null,0.00347685
0.994631,-0.00253981,null,null,null
-0.0665709,null,-0.0164887,null,null
-0.0664856,null,null,-0.200996,null
0.00429791,null,null,null,0.00347685
0.994703,-0.00269011,null,null,null
-0.0595761,null,-0.048295,null,null
-0.109054,null,null,-0.226044,null
0.000943466,null,null,null,0.00241012
0.994724,-0.00253922,null,null,null
-0.0535756,null,-0.04244,null,null
-0.0497819,null,null,-0.156204,null
0.00191979,null,null,null,0.00170069
0.994724,-0.00253922,null,null,null
-0.0535756,null,-0.04244,null,null
-0.0497819,null,null,-0.156204,null
0.00191979,null,null,null,0.00170069
0.994724,-0.00253922,null,null,null
-0.0535756,null,-0.04244,null,null
-0.0497819,null,null,-0.156204,null
0.00191979,null,null,null,0.00170069
0.994759,-0.000868417,null,null,null
-0.100876,null,-0.0685766,null,null
-0.0278737,null,null,-0.175558,null
-0.00201473,null,null,null,0.000260061
0.994811,0.000302826,null,null,null
-0.0910029,null,-0.118483,null,null
-0.0306101,null,null,-0.188361,null
-0.00262821,null,null,null,-0.00222244
0.994705,0.000749355,null,null,null
-0.0843165,null,-0.0626024,null,null
-0.0383175,null,null,-0.196526,null
-0.00150932,null,null,null,-0.000708325
0.99472,0.00412097,null,null,null
-0.121841,null,-0.0346759,null,null
-0.0133153,null,null,-0.131501,null
-0.00029566,null,null,null,0.000563345
0.99473,0.00338521,null,null,null
-0.113281,null,-0.0595847,null,null
-0.040494,null,null,-0.15998,null
0.000164691,null,null,null,0.000910537
0.994704,0.001533,null,null,null
-0.123271,null,0.0105855,null,null
-0.0285693,null,null,-0.105163,null
-0.000923801,null,null,null,-0.00255326
0.994704,0.001533,null,null,null
-0.123271,null,0.0105855,null,null
-0.0285693,null,null,-0.105163,null
-0.000923801,null,null,null,-0.00255326
0.994694,0.0012464,null,null,null
-0.0985901,null,0.00419074,null,null
-0.0208613,null,null,-0.123902,null
0.000740582,null,null,null,-0.0011624
0.994719,-0.00034124,null,null,null
-0.0810108,null,0.00994164,null,null
-0.0142554,null,null,-0.139799,null
0.00232203,null,null,null,0.000462751
0.994719,-0.00034124,null,null,null
-0.0810108,null,0.00994164,null,null
-0.0142554,null,null,-0.139799,null
0.00232203,null,null,null,0.000462751
0.994648,-0.00153351,null,null,null
-0.0211916,null,-0.011115,null,null
0.0209129,null,null,-0.142766,null
0.00094373,null,null,null,0.00116622
0.994689,-0.00370545,null,null,null
-0.0102037,null,0.0181007,null,null
-0.0083998,null,null,-0.110609,null
0.00411031,null,null,null,-0.000485342
0.994689,-0.00370545,null,null,null
-0.0102037,null,0.0181007,null,null
-0.0083998,null,null,-0.110609,null
0.00411031,null,null,null,-0.000485342
0.994689,-0.00370545,null,null,null
-0.0102037,null,0.0181007,null,null
-0.0083998,null,null,-0.110609,null
0.00411031,null,null,null,-0.000485342
0.994686,-0.00235418,null,null,null
0.0104061,null,0.0568231,null,null
0.00527469,null,null,-0.055385,null
0.00188924,null,null,null,0.000338231
0.994686,-0.00235418,null,null,null
0.0104061,null,0.0568231,null,null
0.00527469,null,null,-0.055385,null
0.00188924,null,null,null,0.000338231
0.994686,-0.00235418,null,null,null
0.0104061,null,0.0568231,null,null
0.00527469,null,null,-0.055385,null
0.00188924,null,null,null,0.000338231
0.994599,-0.00466342,null,null,null
0.00857741,null,0.0128045,null,null
0.00661272,null,null,-0.0785994,null
0.00399409,null,null,null,-0.00151187
0.994599,-0.00466342,null,null,null
0.00857741,null,0.0128045,null,null
0.00661272,null,null,-0.0785994,null
0.00399409,null,null,null,-0.00151187
0.994599,-0.00466342,null,null,null
0.00857741,null,0.0128045,null,null
0.00661272,null,null,-0.0785994,null
0.00399409,null,null,null,-0.00151187
0.994625,-0.00816226,null,null,null
-0.0293843,null,0.0651636,null,null
0.0326272,null,null,-0.0498856,null
-0.00233249,null,null,null,0.000655094
0.994625,-0.00816226,null,null,null
-0.0293843,null,0.0651636,null,null
0.0326272,null,null,-0.0498856,null
-0.00233249,null,null,null,0.000655094
0.994636,-0.0073619,null,null,null
-0.0668297,null,0.0666621,null,null
0.0421523,null,null,-0.0565114,null
-0.000909501,null,null,null,0.000909006
0.994636,-0.0073619,null,null,null
-0.0668297,null,0.0666621,null,null
0.0421523,null,null,-0.0565114,null
-0.000909501,null,null,null,0.000909006
0.994669,-0.0076589,null,null,null
-0.0476603,null,0.0547736,null,null
0.0569925,null,null,-9.6904e-05,null
-0.00129736,null,null,null,0.00147674
0.994669,-0.0076589,null,null,null
-0.0476603,null,0.0547736,null,null
0.0569925,null,null,-9.6904e-05,null
-0.00129736,null,null,null,0.00147674
0.994631,-0.00528826,null,null,null
-0.0129318,null,0.0681011,null,null
0.0458234,null,null,-0.0103781,null
0.000789416,null,null,null,0.000389965
0.994657,-0.00643231,null,null,null
-0.100824,null,0.0576876,null,null
0.013411,null,null,0.0218345,null
0.000668712,null,null,null,0.00138855
0.994644,-0.00586627,null,null,null
-0.140229,null,0.054642,null,null
0.0176285,null,null,0.00716719,null
0.00162116,null,null,null,-0.000849238
0.994654,-0.00189372,null,null,null
-0.136275,null,0.0552004,null,null
0.000382754,null,null,-0.0406977,null
-6.71396e-05,null,null,null,0.00134924
0.994654,-0.00189372,null,null,null
-0.136275,null,0.0552004,null,null
0.000382754,null,null,-0.0406977,null
-6.71396e-05,null,null,null,0.00134924
0.994654,-0.00189372,null,null,null
-0.136275,null,0.0552004,null,null
0.000382755,null,null,-0.0406977,null
-6.71399e-05,null,null,null,0.00134924
0.994664,-0.00270528,null,null,null
-0.120766,null,0.12357,null,null
0.00832755,null,null,-0.0182636,null
0.00060449,null,null,null,-0.00123535
0.994653,-0.00277067,null,null,null
-0.0688435,null,0.143761,null,null
0.0440647,null,null,0.00703926,null
-0.000319789,null,null,null,0.000172294
0.99467,-0.00256608,null,null,null
-0.121824,null,0.161764,null,null
0.0233182,null,null,-0.00121885,null
-0.00373867,null,null,null,-0.00098339
0.99467,-0.00256608,null,null,null
-0.121824,null,0.161764,null,null
0.0233182,null,null,-0.00121885,null
-0.00373867,null,null,null,-0.00098339
0.99467,-0.00256608,null,null,null
-0.121824,null,0.161764,null,null
0.0233182,null,null,-0.00121885,null
-0.00373867,null,null,null,-0.00098339
0.994709,-0.00136199,null,null,null
-0.135823,null,0.17703,null,null
-0.00757036,null,null,-0.0511619,null
-0.00121137,null,null,null,0.000297997
0.994691,-0.000379714,null,null,null
-0.172509,null,0.182601,null,null
0.0265459,null,null,-0.0245164,null
6.81811e-05,null,null,null,0.00476334
0.994669,-0.0014318,null,null,null
-0.178523,null,0.15385,null,null
0.012947,null,null,-0.0698474,null
-0.00145831,null,null,null,8.53099e-05
0.994669,-0.0014318,null,null,null
-0.178523,null,0.15385,null,null
0.012947,null,null,-0.0698474,null
-0.00145831,null,null,null,8.53099e-05
0.994696,-0.00261649,null,null,null
-0.158365,null,0.122848,null,null
0.0568495,null,null,-0.0275039,null
0.00144921,null,null,null,0.000727191
0.994696,-0.00261649,null,null,null
-0.158365,null,0.122848,null,null
0.0568495,null,null,-0.0275039,null
0.00144921,null,null,null,0.000727191
0.994709,-0.00207174,null,null,null
-0.0768291,null,0.129345,null,null
0.0991831,null,null,-0.0157951,null
-0.00114811,null,null,null,-0.000485854
0.9947,-0.0053485,null,null,null
-0.106294,null,0.112464,null,null
0.0748193,null,null,0.00882114,null
-0.000658536,null,null,null,-0.00214553
0.9947,-0.0053485,null,null,null
-0.106294,null,0.112464,null,null
0.0748193,null,null,0.00882114,null
-0.000658536,null,null,null,-0.00214553
0.9947,-0.0053485,null,null,null
-0.106294,null,0.112464,null,null
0.0748193,null,null,0.00882114,null
-0.000658536,null,null,null,-0.00214553
0.9947,-0.0053485,null,null,null
-0.106294,null,0.112464,null,null
0.0748193,null,null,0.00882114,null
-0.000658536,null,null,null,-0.00214553
0.9947,-0.00570827,null,null,null
-0.161655,null,0.166011,null,null
0.0300457,null,null,0.00853825,null
-0.00270996,null,null,null,0.000227584
0.99465,-0.00683886,null,null,null
-0.150053,null,0.11462,null,null
0.0257181,null,null,-0.0332443,null
-0.00349879,null,null,null,-0.00231349
0.994726,-0.00560324,null,null,null
-0.164014,null,0.123229,null,null
0.04081,null,null,-0.0281719,null
-0.000599954,null,null,null,-0.00304216
0.994699,-0.0028668,null,null,null
-0.159573,null,0.0693555,null,null
-0.00376304,null,null,-0.0404185,null
-0.000322099,null,null,null,0.000244389
0.99458,-0.00371744,null,null,null
-0.151517,null,0.0413104,null,null
0.00599859,null,null,-0.0382376,null
0.00214539,null,null,null,0.00163876
0.994579,-0.00051633,null,null,null
-0.149455,null,-0.0069227,null,null
0.0164788,null,null,0.0193621,null
0.00155473,null,null,null,-0.000279836
0.994646,-0.00303034,null,null,null
-0.189564,null,0.0565464,null,null
-0.022342,null,null,-0.0236995,null
-0.00320321,null,null,null,-0.00130611
0.994683,-0.00132695,null,null,null
-0.198031,null,0.048692,null,null
0.00515359,null,null,-0.0201318,null
-0.00185952,null,null,null,-0.00286441
0.994742,0.00309501,null,null,null
-0.174347,null,0.0243635,null,null
-0.0100129,null,null,-0.0158866,null
-0.00026678,null,null,null,-0.00290303
0.99473,0.00280994,null,null,null
-0.203283,null,-0.0076865,null,null
0.016077,null,null,-0.0593024,null
-0.00439505,null,null,null,0.00182214
0.994704,0.00576266,null,null,null
-0.185394,null,0.0243832,null,null
0.00226449,null,null,-0.0530889,null
-0.00167065,null,null,null,-0.000352954
0.994704,0.00576266,null,null,null
-0.185394,null,0.0243832,null,null
0.00226449,null,null,-0.0530889,null
-0.00167065,null,null,null,-0.000352954
0.994679,0.00516195,null,null,null
-0.150533,null,-0.00627651,null,null
0.0109863,null,null,-0.0811114,null
-0.00099676,null,null,null,-0.00160913
0.994679,0.00516195,null,null,null
-0.150533,null,-0.00627651,null,null
0.0109863,null,null,-0.0811114,null
-0.00099676,null,null,null,-0.00160913
0.994683,0.00611119,null,null,null
-0.237761,null,0.0441317,null,null
-0.0122364,null,null,-0.12701,null
-0.00358219,null,null,null,-0.00351016
0.994746,0.00564321,null,null,null
-0.22688,null,0.0425193,null,null
0.00602195,null,null,-0.129153,null
0.00431044,null,null,null,-0.0032439
0.994746,0.00564321,null,null,null
-0.22688,null,0.0425193,null,null
0.00602195,null,null,-0.129153,null
0.00431044,null,null,null,-0.0032439
0.994785,0.00175796,null,null,null
-0.221691,null,-0.0182222,null,null
0.0157696,null,null,-0.122103,null
-0.000355391,null,null,null,-0.00221205
0.994785,0.00175796,null,null,null
-0.221691,null,-0.0182222,null,null
0.0157696,null,null,-0.122103,null
-0.000355391,null,null,null,-0.00221205
0.994785,0.00175796,null,null,null
-0.221691,null,-0.0182222,null,null
0.0157696,null,null,-0.122103,null
-0.000355391,null,null,null,-0.00221205
0.994785,0.00175796,null,null,null
-0.221691,null,-0.0182222,null,null
0.0157696,null,null,-0.122103,null
-0.000355391,null,null,null,-0.00221205
0.994785,0.00175796,null,null,null
-0.221691,null,-0.0182222,null,null
0.0157696,null,null,-0.122103,null
-0.000355391,null,null,null,-0.00221205
0.994785,0.00175796,null,null,null
-0.221691,null,-0.0182222,null,null
0.0157696,null,null,-0.122103,null
-0.000355391,null,null,null,-0.00221205
0.994753,0.00266061,null,null,null
-0.210401,null,0.00135103,null,null
-0.00251104,null,null,-0.160612,null
0.00494758,null,null,null,-0.00438411
0.99472,0.0050656,null,null,null
-0.216452,null,0.0260919,null,null
0.0144505,null,null,-0.156526,null
0.00057034,null,null,null,-0.00350324
0.994735,0.00230114,null,null,null
-0.233305,null,0.0773125,null,null
-0.00015926,null,null,-0.177,null
-0.00113167,null,null,null,-0.00289543
0.994735,0.00230114,null,null,null
-0.233305,null,0.0773125,null,null
-0.00015926,null,null,-0.177,null
-0.00113167,null,null,null,-0.00289543
0.994684,0.002598,null,null,null
-0.218039,null,0.0731074,null,null
0.0575299,null,null,-0.227189,null
0.00106574,null,null,null,0.000195319
0.994709,0.00176984,null,null,null
-0.177111,null,0.0533531,null,null
0.0512171,null,null,-0.223815,null
0.000415301,null,null,null,-3.44004e-05
0.994705,-0.00254261,null,null,null
-0.203569,null,0.0667086,null,null
0.0438094,null,null,-0.23625,null
-0.000767703,null,null,null,-0.00251384
0.994699,-0.00271688,null,null,null
-0.188296,null,0.0430857,null,null
0.0280971,null,null,-0.25463,null
0.000984215,null,null,null,0.00222454
0.994666,-0.00406332,null,null,null
-0.194571,null,0.0413061,null,null
0.0447754,null,null,-0.217851,null
-0.00181481,null,null,null,-3.53993e-05
0.994637,-0.00644496,null,null,null
-0.215084,null,0.0590842,null,null
0.0526094,null,null,-0.178181,null
-4.49471e-05,null,null,null,0.00213372
0.994637,-0.00644496,null,null,null
-0.215084,null,0.0590842,null,null
0.0526094,null,null,-0.178181,null
-4.49471e-05,null,null,null,0.00213372
0.994648,-0.00383453,null,null,null
-0.221381,null,0.0518964,null,null
0.0634785,null,null,-0.160578,null
-0.0002256,null,null,null,-0.00264717
0.994676,-0.00344687,null,null,null
-0.279885,null,0.0326911,null,null
0.11045,null,null,-0.237224,null
-0.00129079,null,null,null,0.000775851
0.994676,-0.00344687,null,null,null
-0.279885,null,0.0326911,null,null
0.11045,null,null,-0.237224,null
-0.00129079,null,null,null,0.000775851
0.994676,-0.00344687,null,null,null
-0.279885,null,0.0326911,null,null
0.11045,null,null,-0.237224,null
-0.00129079,null,null,null,0.000775851
0.994736,-0.00203415,null,null,null
-0.223119,null,0.0301986,null,null
0.128768,null,null,-0.260411,null
-0.00315704,null,null,null,-0.00170921
0.994742,-0.0068823,null,null,null
-0.242718,null,0.03949,null,null
0.104937,null,null,-0.253532,null
0.00182076,null,null,null,0.000483969
0.99473,-0.0081239,null,null,null
-0.168406,null,0.0374738,null,null
0.109746,null,null,-0.237356,null
0.00341949,null,null,null,0.0017303
0.99473,-0.0081239,null,null,null
-0.168406,null,0.0374738,null,null
0.109746,null,null,-0.237356,null
0.00341949,null,null,null,0.0017303
0.99466,-0.0100376,null,null,null
-0.223856,null,0.0220351,null,null
0.0721922,null,null,-0.26344,null
0.00168465,null,null,null,0.00157384
0.994654,-0.0121633,null,null,null
-0.212009,null,0.0730566,null,null
0.071293,null,null,-0.243579,null
0.00199486,null,null,null,-0.00118401
0.994707,-0.0111682,null,null,null
-0.229881,null,0.0811915,null,null
0.108456,null,null,-0.168316,null
0.00249941,null,null,null,0.00186921
0.994707,-0.0111682,null,null,null
-0.229881,null,0.0811915,null,null
0.108456,null,null,-0.168316,null
0.00249941,null,null,null,0.00186921
0.994707,-0.0111682,null,null,null
-0.229881,null,0.0811915,null,null
0.108456,null,null,-0.168316,null
0.00249941,null,null,null,0.00186921
0.994679,-0.00973995,null,null,null
-0.229815,null,0.0905455,null,null
0.0857027,null,null,-0.164374,null
0.0023642,null,null,null,0.00093005
0.99463,-0.0102634,null,null,null
-0.210286,null,0.088257,null,null
0.0395989,null,null,-0.167214,null
0.0063766,null,null,null,0.000452716
0.99463,-0.0102634,null,null,null
-0.210286,null,0.088257,null,null
0.0395989,null,null,-0.167214,null
0.0063766,null,null,null,0.000452716
0.994613,-0.00720011,null,null,null
-0.202006,null,0.0679412,null,null
0.0392187,null,null,-0.163243,null
0.00060876,null,null,null,-0.0023359
0.994613,-0.00720011,null,null,null
-0.202006,null,0.0679412,null,null
0.0392187,null,null,-0.163243,null
0.00060876,null,null,null,-0.0023359
0.994676,-0.00731381,null,null,null
-0.22286,null,0.0398539,null,null
0.0294696,null,null,-0.152875,null
-0.00281926,null,null,null,0.00034819
0.994676,-0.00731381,null,null,null
-0.22286,null,0.0398539,null,null
0.0294696,null,null,-0.152875,null
-0.00281926,null,null,null,0.00034819
0.99467,-0.0078715,null,null,null
-0.313005,null,0.000562576,null,null
0.0216597,null,null,-0.16027,null
-9.98655e-06,null,null,null,0.00222118
0.994651,-0.00803055,null,null,null
-0.3026,null,0.0374398,null,null
0.0838548,null,null,-0.118139,null
-0.00116345,null,null,null,0.000606923
0.994651,-0.00803055,null,null,null
-0.3026,null,0.0374398,null,null
0.0838548,null,null,-0.118139,null
-0.00116345,null,null,null,0.000606923
0.994738,-0.00728833,null,null,null
-0.301039,null,0.0223329,null,null
0.107082,null,null,-0.136021,null
0.00266304,null,null,null,-0.00176405
0.994726,-0.00597711,null,null,null
-0.291995,null,-0.0155554,null,null
0.00842839,null,null,-0.145893,null
0.00248355,null,null,null,0.00154142
0.994754,-0.00770152,null,null,null
-0.261169,null,-0.0118313,null,null
0.0318196,null,null,-0.102144,null
0.00451054,null,null,null,-0.00191901
0.994762,-0.00910219,null,null,null
-0.289116,null,0.00591576,null,null
-0.0120259,null,null,-0.120869,null
0.0029767,null,null,null,-0.000725356
0.994762,-0.00910219,null,null,null
-0.289116,null,0.00591576,null,null
-0.0120259,null,null,-0.120869,null
0.0029767,null,null,null,-0.000725356
0.994762,-0.00910219,null,null,null
-0.289116,null,0.00591576,null,null
-0.0120259,null,null,-0.120869,null
0.0029767,null,null,null,-0.000725356
0.99473,-0.0084631,null,null,null
-0.218639,null,-0.00921786,null,null
-0.0289885,null,null,-0.127862,null
0.00268044,null,null,null,-0.00251891
0.99473,-0.0084631,null,null,null
-0.218639,null,-0.00921786,null,null
-0.0289885,null,null,-0.127862,null
0.00268044,null,null,null,-0.00251891
0.994769,-0.00751706,null,null,null
-0.187055,null,-0.0345876,null,null
0.0433976,null,null,-0.12908,null
0.00574344,null,null,null,0.002177
0.994769,-0.00751706,null,null,null
-0.187055,null,-0.0345876,null,null
0.0433976,null,null,-0.12908,null
0.00574344,null,null,null,0.002177
0.994769,-0.00751706,null,null,null
-0.187055,null,-0.0345876,null,null
0.0433976,null,null,-0.12908,null
0.00574344,null,null,null,0.002177
0.994769,-0.00751706,null,null,null
-0.187055,null,-0.0345876,null,null
0.0433976,null,null,-0.12908,null
0.00574344,null,null,null,0.002177
0.994755,-0.00907853,null,null,null
-0.213219,null,0.0211565,null,null
0.0771442,null,null,-0.097435,null
-0.00193035,null,null,null,0.000542784
0.994679,-0.00572134,null,null,null
-0.217378,null,0.0622881,null,null
0.0789759,null,null,-0.121889,null
-0.0032155,null,null,null,0.000915976
0.99466,-0.00690984,null,null,null
-0.215463,null,0.0844241,null,null
0.0797212,null,null,-0.124185,null
0.00199468,null,null,null,-0.00107883
0.99466,-0.00690984,null,null,null
-0.215463,null,0.0844241,null,null
0.0797212,null,null,-0.124185,null
0.00199468,null,null,null,-0.00107883
0.99465,-0.00940196,null,null,null
-0.212216,null,0.0988065,null,null
0.0323606,null,null,-0.171749,null
0.00235055,null,null,null,-0.00498929
0.99465,-0.00940196,null,null,null
-0.212216,null,0.0988065,null,null
0.0323606,null,null,-0.171749,null
0.00235055,null,null,null,-0.00498929
0.994616,-0.00793638,null,null,null
-0.210875,null,0.0677856,null,null
0.0306611,null,null,-0.161046,null
1.22524e-05,null,null,null,-0.00400486
0.994616,-0.00793638,null,null,null
-0.210875,null,0.0677856,null,null
0.0306611,null,null,-0.161046,null
1.22524e-05,null,null,null,-0.00400486
0.994487,-0.011565,null,null,null
-0.218773,null,0.0752735,null,null
0.0777759,null,null,-0.134818,null
0.00226845,null,null,null,-0.00426866
0.994487,-0.011565,null,null,null
-0.218773,null,0.0752735,null,null
0.0777759,null,null,-0.134818,null
0.00226845,null,null,null,-0.00426866
0.994485,-0.013783,null,null,null
-0.213684,null,0.0454017,null,null
0.0791115,null,null,-0.146429,null
0.000938054,null,null,null,-0.000593952
0.994559,-0.0117084,null,null,null
-0.223977,null,0.0373342,null,null
0.112757,null,null,-0.120625,null
0.000758471,null,null,null,-0.00147096
0.994584,-0.0119295,null,null,null
-0.212505,null,0.0471845,null,null
0.161192,null,null,-0.0733271,null
-0.000170464,null,null,null,-0.00166015
0.994565,-0.011447,null,null,null
-0.22732,null,0.0616976,null,null
0.185913,null,null,-0.0613086,null
0.000816756,null,null,null,-0.0038208
0.994619,-0.0117267,null,null,null
-0.242301,null,0.0346614,null,null
0.224615,null,null,-0.0196284,null
0.00258926,null,null,null,0.00509943
0.994519,-0.0148674,null,null,null
-0.216853,null,0.0564202,null,null
0.194471,null,null,-0.0878025,null
3.65144e-06,null,null,null,0.000650993
0.994514,-0.0171816,null,null,null
-0.251619,null,0.0304844,null,null
0.214554,null,null,-0.0689653,null
-0.000507043,null,null,null,-5.19885e-05
0.994514,-0.0171816,null,null,null
-0.251619,null,0.0304844,null,null
0.214554,null,null,-0.0689653,null
-0.000507043,null,null,null,-5.19885e-05
0.994502,-0.0158545,null,null,null
-0.200344,null,0.055375,null,null
0.173981,null,null,-0.0803049,null
-0.000256154,null,null,null,0.00166695
0.994549,-0.0131021,null,null,null
-0.203835,null,0.00603186,null,null
0.131596,null,null,-0.0762574,null
-0.00155495,null,null,null,0.00417801
0.994574,-0.0152764,null,null,null
-0.193073,null,0.0254974,null,null
0.0994714,null,null,-0.0409734,null
0.000269729,null,null,null,-0.000579688
0.994515,-0.0146178,null,null,null
-0.16188,null,0.0623358,null,null
0.141013,null,null,-0.0696565,null
0.00116483,null,null,null,-0.00375929
0.994454,-0.0155325,null,null,null
-0.081767,null,0.0532991,null,null
0.109118,null,null,-0.0560284,null
-0.000371061,null,null,null,-0.00210356
0.994409,-0.0171999,null,null,null
-0.1062,null,0.0338865,null,null
0.0951609,null,null,-0.0739466,null
-0.00206421,null,null,null,-0.00544184
0.994409,-0.0171999,null,null,null
-0.1062,null,0.0338865,null,null
0.0951609,null,null,-0.0739466,null
-0.00206421,null,null,null,-0.00544184
0.994409,-0.0171999,null,null,null
-0.1062,null,0.0338865,null,null
0.0951609,null,null,-0.0739466,null
-0.00206421,null,null,null,-0.00544184
0.994409,-0.0171999,null,null,null
-0.1062,null,0.0338865,null,null
0.0951609,null,null,-0.0739466,null
-0.00206421,null,null,null,-0.00544184
0.994518,-0.013933,null,null,null
-0.155106,null,-0.00325556,null,null
0.136255,null,null,-0.0953174,null
-0.00230741,null,null,null,0.000578776
0.994459,-0.0149506,null,null,null
-0.148305,null,-0.0317275,null,null
0.108808,null,null,-0.0475051,null
-0.000768005,null,null,null,-0.0011765
0.994502,-0.0129384,null,null,null
-0.106951,null,-0.0649788,null,null
0.121454,null,null,-0.0693577,null
-0.00320056,null,null,null,0.000792696
0.994575,-0.0123814,null,null,null
-0.0891534,null,-0.0218794,null,null
0.102961,null,null,-0.0546601,null
-0.00502019,null,null,null,0.00248775
0.994545,-0.0134146,null,null,null
-0.102388,null,-0.0287565,null,null
0.14214,null,null,-0.0362903,null
-0.00251844,null,null,null,-0.000945649
0.994545,-0.0134146,null,null,null
-0.102388,null,-0.0287565,null,null
0.14214,null,null,-0.0362903,null
-0.00251844,null,null,null,-0.000945649
0.994551,-0.012611,null,null,null
-0.124399,null,-0.0107028,null,null
0.175665,null,null,-0.0741584,null
-0.00222035,null,null,null,0.00385381
0.994576,-0.0130526,null,null,null
-0.166155,null,-0.0198695,null,null
0.159232,null,null,-0.0734916,null
-0.00294905,null,null,null,0.00222504
0.994576,-0.0130526,null,null,null
-0.166155,null,-0.0198695,null,null
0.159232,null,null,-0.0734916,null
-0.00294905,null,null,null,0.00222504
0.994576,-0.0130526,null,null,null
-0.166155,null,-0.0198695,null,null
0.159232,null,null,-0.0734916,null
-0.00294905,null,null,null,0.00222504
0.994576,-0.0119617,null,null,null
-0.129565,null,-0.0258479,null,null
0.13863,null,null,-0.0635636,null
-0.000531615,null,null,null,-0.00177431
0.994576,-0.0119617,null,null,null
-0.129565,null,-0.0258479,null,null
0.13863,null,null,-0.0635636,null
-0.000531615,null,null,null,-0.00177431
0.994639,-0.00961909,null,null,null
-0.220608,null,-0.0509389,null,null
0.165721,null,null,-0.0932146,null
-0.00093495,null,null,null,-0.00263197
0.994605,-0.0105811,null,null,null
-0.19043,null,0.0117456,null,null
0.168101,null,null,-0.105647,null
-0.00270251,null,null,null,-0.000768476
0.994605,-0.0105811,null,null,null
-0.19043,null,0.0117456,null,null
0.168101,null,null,-0.105647,null
-0.00270251,null,null,null,-0.000768476
0.994531,-0.0105097,null,null,null
-0.16159,null,0.00795805,null,null
0.217408,null,null,-0.0369035,null
0.000169026,null,null,null,0.00310428
0.994531,-0.0105097,null,null,null
-0.16159,null,0.00795805,null,null
0.217408,null,null,-0.0369035,null
0.000169026,null,null,null,0.00310428
0.994545,-0.00882959,null,null,null
-0.144939,null,0.0295277,null,null
0.216441,null,null,-0.0607669,null
0.000563991,null,null,null,0.00182073
0.994619,-0.00910346,null,null,null
-0.151911,null,0.0446234,null,null
0.212759,null,null,-0.0732389,null
0.00178456,null,null,null,0.00450434
0.99465,-0.0102747,null,null,null
-0.137759,null,0.0565008,null,null
0.277498,null,null,-0.0549775,null
8.12909e-05,null,null,null,0.000954756
0.994659,-0.00828532,null,null,null
-0.162348,null,0.071288,null,null
0.265876,null,null,-0.043156,null
0.00121991,null,null,null,-0.00104791
0.99464,-0.00948171,null,null,null
-0.157419,null,0.0915601,null,null
0.241138,null,null,-0.0956446,null
0.00047099,null,null,null,-0.00577289
0.99464,-0.00948171,null,null,null
-0.157419,null,0.0915601,null,null
0.241138,null,null,-0.0956446,null
0.00047099,null,null,null,-0.00577289
0.99459,-0.00850014,null,null,null
-0.173772,null,0.133764,null,null
0.271913,null,null,-0.0722422,null
-0.00062775,null,null,null,-0.000514319
0.99459,-0.00850014,null,null,null
-0.173772,null,0.133764,null,null
0.271913,null,null,-0.0722422,null
-0.00062775,null,null,null,-0.000514319
0.994636,-0.00781949,null,null,null
-0.108154,null,0.0971321,null,null
0.279008,null,null,-0.0266361,null
0.000209511,null,null,null,-0.00282539
0.994598,-0.00986497,null,null,null
-0.0545165,null,0.0867855,null,null
0.202653,null,null,-0.0284457,null
-0.00216426,null,null,null,-0.0043981
0.994574,-0.00953232,null,null,null
-0.0863949,null,0.0461355,null,null
0.212381,null,null,-0.0350129,null
-0.00392816,null,null,null,-0.00580239
0.994616,-0.0103348,null,null,null
-0.0868575,null,0.0911281,null,null
0.220307,null,null,-0.0130174,null
-0.00330574,null,null,null,-0.00418505
0.994563,-0.0115013,null,null,null
-0.100255,null,0.116186,null,null
0.203788,null,null,-0.00192575,null
0.00122646,null,null,null,-0.00122843
0.994592,-0.00797035,null,null,null
-0.100311,null,0.0797822,null,null
0.181608,null,null,-0.028248,null
-0.000160353,null,null,null,0.00114327
0.994598,-0.0069797,null,null,null
-0.0897739,null,0.029318,null,null
0.193422,null,null,0.0435445,null
0.00198349,null,null,null,0.00186143
0.994661,-0.00583371,null,null,null
-0.0384746,null,0.0643449,null,null
0.196495,null,null,0.00361547,null
-0.00231511,null,null,null,-0.00102104
0.994642,-0.00631522,null,null,null
-0.0554024,null,0.0310376,null,null
0.178244,null,null,-0.0221776,null
-0.004508,null,null,null,0.00131573
0.994642,-0.00631522,null,null,null
-0.0554024,null,0.0310376,null,null
0.178244,null,null,-0.0221776,null
-0.004508,null,null,null,0.00131573
0.994642,-0.00631522,null,null,null
-0.0554024,null,0.0310376,null,null
0.178244,null,null,-0.0221776,null
-0.004508,null,null,null,0.00131573
0.994689,-0.00561697,null,null,null
-0.0520333,null,0.0297781,null,null
0.185807,null,null,-0.0344267,null
-0.0054555,null,null,null,0.00028173
0.994694,-0.00554755,null,null,null
-0.0704832,null,0.0199611,null,null
0.176869,null,null,0.0225673,null
-0.00661504,null,null,null,-0.000508819
0.994742,-0.00316804,null,null,null
-0.116723,null,0.0780602,null,null
0.161351,null,null,0.0297868,null
-0.00237901,null,null,null,-0.000844742
0.994742,-0.00316804,null,null,null
-0.116723,null,0.0780602,null,null
0.161351,null,null,0.0297868,null
-0.00237901,null,null,null,-0.000844742
0.994741,-0.00394646,null,null,null
-0.0876546,null,0.0402414,null,null
0.200215,null,null,0.0651516,null
-0.000298575,null,null,null,0.00169166
0.994759,-0.00178655,null,null,null
-0.112176,null,0.0438984,null,null
0.206684,null,null,0.0678368,null
-0.00341623,null,null,null,-0.00126443
0.994755,-0.0011527,null,null,null
-0.0370016,null,-0.0196174,null,null
0.199381,null,null,0.0768377,null
-0.00215191,null,null,null,-0.00184131
0.994759,0.00147916,null,null,null
0.0186165,null,-0.0116167,null,null
0.137231,null,null,0.0432781,null
-0.000162829,null,null,null,0.00258158
0.994821,-0.00109969,null,null,null
0.0440069,null,-0.0263742,null,null
0.167258,null,null,0.06256,null
0.00166797,null,null,null,0.00117458
0.994796,-0.00151859,null,null,null
0.0675074,null,-0.0305565,null,null
0.145717,null,null,0.0676237,null
0.00375071,null,null,null,0.00361521
0.994833,0.0019238,null,null,null
0.0379139,null,-0.0235445,null,null
0.13224,null,null,0.0840261,null
0.0045467,null,null,null,0.00322134
0.994833,0.0019238,null,null,null
0.0379139,null,-0.0235445,null,null
0.13224,null,null,0.0840261,null
0.0045467,null,null,null,0.00322134
0.994835,0.00085328,null,null,null
0.0310599,null,0.0123207,null,null
0.0946736,null,null,0.102233,null
0.00281076,null,null,null,0.00346131
0.994835,0.00085328,null,null,null
0.0310599,null,0.0123207,null,null
0.0946736,null,null,0.102233,null
0.00281076,null,null,null,0.00346131
0.994784,-0.000219565,null,null,null
0.0499978,null,-0.0143846,null,null
0.077505,null,null,0.121136,null
0.000695366,null,null,null,-0.000586499
0.994731,-0.0013549,null,null,null
0.0124879,null,-0.0300613,null,null
0.0849135,null,null,0.0994479,null
-1.73352e-05,null,null,null,-0.00318535
0.99476,-0.0028995,null,null,null
0.0577466,null,-0.0326595,null,null
0.0814635,null,null,0.0633614,null
-0.00123077,null,null,null,0.000177336
0.99476,-0.0028995,null,null,null
0.0577466,null,-0.0326595,null,null
0.0814635,null,null,0.0633614,null
-0.00123077,null,null,null,0.000177336
0.99476,-0.0028995,null,null,null
0.0577466,null,-0.0326595,null,null
0.0814635,null,null,0.0633614,null
-0.00123077,null,null,null,0.000177336
0.994772,-0.00164765,null,null,null
0.00521521,null,-0.0344078,null,null
0.0637745,null,null,0.134781,null
-0.000640058,null,null,null,0.0017997
0.994772,-0.00164765,null,null,null
0.00521521,null,-0.0344078,null,null
0.0637745,null,null,0.134781,null
-0.000640058,null,null,null,0.0017997
0.994709,0.00172452,null,null,null
0.00521335,null,-0.0560581,null,null
0.102457,null,null,0.119068,null
0.00131626,null,null,null,0.00320821
0.994683,0.00390539,null,null,null
-0.00286736,null,-0.0565155,null,null
0.101728,null,null,0.0893166,null
0.00399674,null,null,null,-0.000720724
0.994671,0.00363584,null,null,null
-0.0475224,null,-0.078606,null,null
0.178655,null,null,0.0917314,null
0.00366213,null,null,null,0.00198147
0.994671,0.00363584,null,null,null
-0.0475224,null,-0.078606,null,null
0.178655,null,null,0.0917314,null
0.00366213,null,null,null,0.00198147
0.994671,0.00363584,null,null,null
-0.0475224,null,-0.078606,null,null
0.178655,null,null,0.0917314,null
0.00366213,null,null,null,0.00198147
0.99466,0.00446145,null,null,null
-0.0448196,null,-0.0916834,null,null
0.171705,null,null,0.0738488,null
0.000457918,null,null,null,0.00223519
0.99466,0.00446145,null,null,null
-0.0448196,null,-0.0916834,null,null
0.171705,null,null,0.0738488,null
0.000457918,null,null,null,0.00223519
0.994704,0.00554217,null,null,null
-0.0541866,null,-0.110443,null,null
0.193471,null,null,0.0808511,null
-0.0034277,null,null,null,0.00674347
0.99476,0.00197486,null,null,null
-0.0942454,null,-0.0686817,null,null
0.172874,null,null,0.0391669,null
-0.000159411,null,null,null,0.0063403
0.99476,0.00197486,null,null,null
-0.0942454,null,-0.0686817,null,null
0.172874,null,null,0.0391669,null
-0.000159411,null,null,null,0.0063403
0.994795,0.00160736,null,null,null
-0.0728724,null,-0.120585,null,null
0.157746,null,null,0.0157284,null
0.00120761,null,null,null,0.00304053
0.994796,0.00258691,null,null,null
-0.0942081,null,-0.0794825,null,null
0.13522,null,null,0.00616932,null
-0.000158681,null,null,null,0.00399855
0.994779,0.00157005,null,null,null
-0.0880305,null,-0.0740377,null,null
0.136105,null,null,0.0178299,null
-0.00010451,null,null,null,0.00115428
0.99477,0.00141126,null,null,null
-0.119515,null,-0.114532,null,null
0.17793,null,null,0.057857,null
-0.0012238,null,null,null,-0.00155537
0.994706,-0.000860747,null,null,null
-0.0818964,null,-0.106034,null,null
0.145071,null,null,0.0797499,null
-0.000511138,null,null,null,-0.00281112
0.994742,-0.000175359,null,null,null
-0.106074,null,-0.121409,null,null
0.17342,null,null,0.0916985,null
0.00210595,null,null,null,-0.00210582
0.994784,-4.09017e-05,null,null,null
-0.163562,null,-0.175228,null,null
0.207955,null,null,0.0917091,null
0.000962998,null,null,null,-0.00538261
0.994784,-4.09017e-05,null,null,null
-0.163562,null,-0.175228,null,null
0.207955,null,null,0.0917091,null
0.000962998,null,null,null,-0.00538261
0.994784,-4.09017e-05,null,null,null
-0.163562,null,-0.175228,null,null
0.207955,null,null,0.0917091,null
0.000962998,null,null,null,-0.00538261
0.994796,0.00123045,null,null,null
-0.188083,null,-0.171253,null,null
0.190171,null,null,0.112479,null
-2.07613e-05,null,null,null,-0.00304392
0.99475,0.00326268,null,null,null
-0.164411,null,-0.151339,null,null
0.198596,null,null,0.0967006,null
-0.0030959,null,null,null,-0.00445045
0.994754,0.00231302,null,null,null
-0.184689,null,-0.133309,null,null
0.157262,null,null,0.0449595,null
-0.00146136,null,null,null,-0.00380672
0.994754,0.00231302,null,null,null
-0.184689,null,-0.133309,null,null
0.157262,null,null,0.0449595,null
-0.00146136,null,null,null,-0.00380672
0.994722,0.00210467,null,null,null
-0.154595,null,-0.122185,null,null
0.139088,null,null,0.0674007,null
-0.00054333,null,null,null,0.0003245
0.994722,0.00210467,null,null,null
-0.154595,null,-0.122185,null,null
0.139088,null,null,0.0674007,null
-0.00054333,null,null,null,0.0003245
0.994749,0.00281951,null,null,null
-0.192997,null,-0.139676,null,null
0.170195,null,null,0.0385872,null
-0.000542264,null,null,null,-0.0025892
0.99471,0.00246216,null,null,null
-0.131999,null,-0.100756,null,null
0.207553,null,null,0.0103,null
-0.00140851,null,null,null,-0.000111146
0.99471,0.00246216,null,null,null
-0.131999,null,-0.100756,null,null
0.207553,null,null,0.0103,null
-0.00140851,null,null,null,-0.000111146
0.99471,0.00246216,null,null,null
-0.131999,null,-0.100756,null,null
0.207553,null,null,0.0103,null
-0.00140851,null,null,null,-0.000111146
0.99471,0.00246216,null,null,null
-0.131999,null,-0.100756,null,null
0.207553,null,null,0.0103,null
-0.00140851,null,null,null,-0.000111146
0.994722,0.00351635,null,null,null
-0.102474,null,-0.0468284,null,null
0.238363,null,null,-0.00119065,null
-0.00315424,null,null,null,-0.000947936
0.99464,0.004984,null,null,null
-0.0742521,null,-0.0265592,null,null
0.269636,null,null,-0.022778,null
-0.000460689,null,null,null,0.00415676
0.99472,0.00277345,null,null,null
-0.133935,null,-0.0376983,null,null
0.233935,null,null,-0.0640094,null
0.00104412,null,null,null,-0.00085677
0.99469,0.00565904,null,null,null
-0.107517,null,0.0046245,null,null
0.268976,null,null,-0.0643611,null
0.00472248,null,null,null,-0.00182055
0.994714,0.00410063,null,null,null
-0.0804852,null,-0.0150325,null,null
0.22976,null,null,-0.0307632,null
0.000348762,null,null,null,-0.00219457
0.994718,0.00304317,null,null,null
-0.0396349,null,-0.0503901,null,null
0.17115,null,null,-0.0867503,null
-0.00244208,null,null,null,-0.00471774
0.994731,0.00314686,null,null,null
-0.0876963,null,-0.0204767,null,null
0.189971,null,null,-0.0623746,null
-0.00310698,null,null,null,-0.00143214
0.994731,0.00314686,null,null,null
-0.0876963,null,-0.0204767,null,null
0.189971,null,null,-0.0623746,null
-0.00310698,null,null,null,-0.00143214
0.994703,-0.00095884,null,null,null
-0.0892125,null,0.0187051,null,null
0.233829,null,null,-0.0695988,null
-0.00304038,null,null,null,-1.51375e-05
0.994703,-0.00095884,null,null,null
-0.0892125,null,0.0187051,null,null
0.233829,null,null,-0.0695988,null
-0.00304038,null,null,null,-1.51375e-05
0.994703,-0.00095884,null,null,null
-0.0892125,null,0.0187051,null,null
0.233829,null,null,-0.0695988,null
-0.00304038,null,null,null,-1.51375e-05
0.994685,-0.000546803,null,null,null
-0.0370458,null,-0.0014973,null,null
0.223574,null,null,-0.0516605,null
-0.00248314,null,null,null,0.000864605
0.994745,0.000387798,null,null,null
-0.0876345,null,0.0500366,null,null
0.154384,null,null,-0.0772804,null
-0.00424981,null,null,null,0.00169039
0.994745,0.000387798,null,null,null
-0.0876345,null,0.0500366,null,null
0.154384,null,null,-0.0772804,null
-0.00424981,null,null,null,0.00169039
0.994726,-0.00072908,null,null,null
-0.025898,null,0.0102469,null,null
0.18512,null,null,-0.0945226,null
-0.00157813,null,null,null,0.000391207
0.994726,-0.00072908,null,null,null
-0.025898,null,0.0102469,null,null
0.18512,null,null,-0.0945226,null
-0.00157813,null,null,null,0.000391207
0.994761,-0.00317734,null,null,null
-0.00948486,null,-0.0162788,null,null
0.181325,null,null,-0.0485305,null
-0.000861919,null,null,null,0.003828
0.994669,-0.00405085,null,null,null
-0.0807124,null,0.0020941,null,null
0.208368,null,null,-0.133796,null
0.00385187,null,null,null,0.00510407
0.994631,-0.00349173,null,null,null
-0.140205,null,-0.000513755,null,null
0.167575,null,null,-0.111562,null
0.00285185,null,null,null,0.00666241
0.994631,-0.00349173,null,null,null
-0.140205,null,-0.000513755,null,null
0.167575,null,null,-0.111562,null
0.00285185,null,null,null,0.00666241
0.994631,-0.00349173,null,null,null
-0.140205,null,-0.000513755,null,null
0.167575,null,null,-0.111562,null
0.00285185,null,null,null,0.00666241
0.994631,-0.00349173,null,null,null
-0.140205,null,-0.000513755,null,null
0.167575,null,null,-0.111562,null
0.00285185,null,null,null,0.00666241
0.994705,-0.00388852,null,null,null
-0.144711,null,0.0344933,null,null
0.166102,null,null,-0.13501,null
0.00161364,null,null,null,0.00479806
0.994659,-0.0058617,null,null,null
-0.143881,null,0.0210204,null,null
0.177418,null,null,-0.101116,null
0.000175419,null,null,null,0.00317568
0.994627,-0.00613132,null,null,null
-0.121729,null,0.049333,null,null
0.190486,null,null,-0.10851,null
0.00188339,null,null,null,0.00506055
0.994557,-0.00439979,null,null,null
-0.153773,null,-0.00145859,null,null
0.190545,null,null,-0.0814926,null
-0.000771414,null,null,null,0.00239934
0.994557,-0.00439979,null,null,null
-0.153773,null,-0.00145859,null,null
0.190545,null,null,-0.0814926,null
-0.000771414,null,null,null,0.00239934
0.994566,-0.00612022,null,null,null
-0.104115,null,0.0459315,null,null
0.19103,null,null,-0.0615344,null
0.000949549,null,null,null,0.000379844
0.994566,-0.00612022,null,null,null
-0.104115,null,0.0459315,null,null
0.19103,null,null,-0.0615344,null
0.000949549,null,null,null,0.000379844
0.994554,-0.0111502,null,null,null
-0.114067,null,0.0379016,null,null
0.2064,null,null,-0.0653451,null
-0.000103688,null,null,null,-0.00121256
0.994564,-0.0111355,null,null,null
-0.111815,null,0.00326775,null,null
0.228082,null,null,-0.050453,null
0.000110898,null,null,null,-0.000740586
0.994581,-0.0109046,null,null,null
-0.121444,null,-0.0177857,null,null
0.237594,null,null,-0.0422714,null
-0.00181967,null,null,null,-0.00405835
0.994581,-0.0109046,null,null,null
-0.121444,null,-0.0177857,null,null
0.237594,null,null,-0.0422714,null
-0.00181967,null,null,null,-0.00405835
0.994581,-0.0109046,null,null,null
-0.121444,null,-0.0177857,null,null
0.237594,null,null,-0.0422714,null
-0.00181967,null,null,null,-0.00405835
0.994585,-0.0106736,null,null,null
-0.1422,null,0.00825563,null,null
0.211406,null,null,0.0410106,null
-0.000906583,null,null,null,-0.000616734
0.994631,-0.00759304,null,null,null
-0.175498,null,-0.0079141,null,null
0.250745,null,null,0.054466,null
0.000607485,null,null,null,-0.00212704
0.994631,-0.00759304,null,null,null
-0.175498,null,-0.0079141,null,null
0.250745,null,null,0.054466,null
0.000607485,null,null,null,-0.00212704
0.994631,-0.00759304,null,null,null
-0.175498,null,-0.0079141,null,null
0.250745,null,null,0.054466,null
0.000607485,null,null,null,-0.00212704
0.994546,-0.00702039,null,null,null
-0.177245,null,-0.0305146,null,null
0.228924,null,null,0.0767847,null
0.000139976,null,null,null,0.000159254
0.99454,-0.00771264,null,null,null
-0.168896,null,-0.0271021,null,null
0.23122,null,null,0.12289,null
0.0027631,null,null,null,0.00361681
0.99454,-0.00771264,null,null,null
-0.168896,null,-0.0271021,null,null
0.23122,null,null,0.12289,null
0.0027631,null,null,null,0.00361681
0.994624,-0.00591636,null,null,null
-0.110326,null,-0.109167,null,null
0.195823,null,null,0.099788,null
0.00475886,null,null,null,0.00230126
0.994529,-0.00470804,null,null,null
-0.140269,null,-0.0233597,null,null
0.205586,null,null,0.0715364,null
0.00475568,null,null,null,0.000100344
0.994618,-0.00297257,null,null,null
-0.179893,null,-0.0327341,null,null
0.192073,null,null,0.0694184,null
0.00524668,null,null,null,0.000945066
0.994679,-0.00260916,null,null,null
-0.198684,null,-0.058107,null,null
0.16174,null,null,0.110099,null
0.00046299,null,null,null,0.000333697
0.994631,-0.00399714,null,null,null
-0.282334,null,-0.0499125,null,null
0.169915,null,null,0.0509481,null
0.00327125,null,null,null,-0.000840069
0.994631,-0.00399714,null,null,null
-0.282334,null,-0.0499125,null,null
0.169915,null,null,0.0509481,null
0.00327125,null,null,null,-0.000840069
0.994631,-0.00399714,null,null,null
-0.282334,null,-0.0499125,null,null
0.169915,null,null,0.0509481,null
0.00327125,null,null,null,-0.000840069
0.99462,-0.00622414,null,null,null
-0.257311,null,-0.071114,null,null
0.196981,null,null,0.0507795,null
-0.00123783,null,null,null,0.000680196
0.994614,-0.00879719,null,null,null
-0.284427,null,-0.0542065,null,null
0.212285,null,null,0.039572,null
0.00350118,null,null,null,-0.00146205
0.994614,-0.00879719,null,null,null
-0.284427,null,-0.0542065,null,null
0.212285,null,null,0.039572,null
0.00350118,null,null,null,-0.00146205
0.994614,-0.00879719,null,null,null
-0.284427,null,-0.0542065,null,null
0.212285,null,null,0.039572,null
0.00350118,null,null,null,-0.00146205
0.994633,-0.00679081,null,null,null
-0.324329,null,-0.0486272,null,null
0.199384,null,null,0.05823,null
0.00131006,null,null,null,-0.00266644
0.994633,-0.00679081,null,null,null
-0.324329,null,-0.0486272,null,null
0.199384,null,null,0.05823,null
0.00131006,null,null,null,-0.00266644
0.994563,-0.00918115,null,null,null
-0.235055,null,-0.0481948,null,null
0.146776,null,null,0.00369035,null
0.000670764,null,null,null,-0.000528215
0.994563,-0.00918115,null,null,null
-0.235055,null,-0.0481948,null,null
0.146776,null,null,0.00369035,null
0.000670764,null,null,null,-0.000528215
0.994634,-0.00562647,null,null,null
-0.284587,null,-0.0137794,null,null
0.154246,null,null,0.02981,null
-0.00377986,null,null,null,0.00194032
0.994568,-0.00683894,null,null,null
-0.235514,null,-0.000149902,null,null
0.152122,null,null,0.0479233,null
0.000735924,null,null,null,0.00248276
0.994601,-0.00659834,null,null,null
-0.22708,null,0.0853081,null,null
0.153999,null,null,0.0241009,null
0.000556309,null,null,null,0.00192995
0.994659,-0.00933295,null,null,null
-0.207081,null,0.0253574,null,null
0.187424,null,null,0.0407768,null
0.00293867,null,null,null,0.000762735
0.994528,-0.0117609,null,null,null
-0.208134,null,0.10594,null,null
0.179406,null,null,0.0656591,null
-0.00252344,null,null,null,0.00107209
0.994528,-0.0117609,null,null,null
-0.208134,null,0.10594,null,null
0.179406,null,null,0.0656591,null
-0.00252344,null,null,null,0.00107209
0.994555,-0.00819204,null,null,null
-0.204699,null,0.142442,null,null
0.165911,null,null,0.0576896,null
-0.00322514,null,null,null,0.00155311
0.99453,-0.00921249,null,null,null
-0.181262,null,0.103288,null,null
0.232016,null,null,0.0566326,null
0.00220896,null,null,null,0.00153859
0.99453,-0.00921249,null,null,null
-0.181262,null,0.103288,null,null
0.232016,null,null,0.0566326,null
0.00220896,null,null,null,0.00153859
0.994618,-0.0113499,null,null,null
-0.202046,null,0.103804,null,null
0.225269,null,null,0.0545098,null
-0.000434334,null,null,null,0.0010253
0.994618,-0.0113499,null,null,null
-0.202046,null,0.103804,null,null
0.225269,null,null,0.0545098,null
-0.000434334,null,null,null,0.0010253
0.994602,-0.012725,null,null,null
-0.199579,null,0.111479,null,null
0.252295,null,null,0.01895,null
-0.000261155,null,null,null,-0.000780106
0.994644,-0.00882365,null,null,null
-0.213872,null,0.135025,null,null
0.240957,null,null,-0.0172624,null
-0.000337711,null,null,null,0.0011636
0.994644,-0.00882365,null,null,null
-0.213872,null,0.135025,null,null
0.240957,null,null,-0.0172624,null
-0.000337711,null,null,null,0.0011636
0.994545,-0.00959148,null,null,null
-0.21068,null,0.123606,null,null
0.217915,null,null,0.0406707,null
0.00096956,null,null,null,0.000296999
0.994545,-0.00959148,null,null,null
-0.21068,null,0.123606,null,null
0.217915,null,null,0.0406707,null
0.00096956,null,null,null,0.000296999
0.994604,-0.00619073,null,null,null
-0.213339,null,0.140259,null,null
0.219509,null,null,0.01419,null
0.00159504,null,null,null,-0.00435511
0.994584,-0.00549245,null,null,null
-0.232629,null,0.115238,null,null
0.216505,null,null,-0.0593031,null
-0.00306571,null,null,null,-0.0022683
0.994557,-0.00555619,null,null,null
-0.273494,null,0.0907354,null,null
0.244699,null,null,-0.0901939,null
-0.00289612,null,null,null,0.0030352
0.994575,-0.00412793,null,null,null
-0.298117,null,0.0419116,null,null
0.216205,null,null,-0.106684,null
-0.00256049,null,null,null,0.000940184
0.994636,-0.00533111,null,null,null
-0.22833,null,0.0662941,null,null
0.240101,null,null,-0.0728895,null
-0.00343307,null,null,null,0.000818619
0.994648,-0.00523381,null,null,null
-0.218004,null,0.0408425,null,null
0.231671,null,null,-0.0448996,null
-0.000279225,null,null,null,-0.00266004
0.994575,-0.0057024,null,null,null
-0.229471,null,0.0300736,null,null
0.215987,null,null,-0.0902351,null
0.000385217,null,null,null,-0.00127496
0.994715,-0.00817799,null,null,null
-0.256373,null,0.0179681,null,null
0.22673,null,null,-0.0943124,null
0.000612594,null,null,null,0.00234841
0.994685,-0.00686443,null,null,null
-0.267473,null,0.0647044,null,null
0.262724,null,null,-0.0526192,null
0.000801134,null,null,null,0.00202362
0.994685,-0.00686443,null,null,null
-0.267473,null,0.0647044,null,null
0.262724,null,null,-0.0526192,null
0.000801134,null,null,null,0.00202362
0.994685,-0.00686443,null,null,null
-0.267473,null,0.0647044,null,null
0.262724,null,null,-0.0526192,null
0.000801134,null,null,null,0.00202362
0.994685,-0.00686443,null,null,null
-0.267473,null,0.0647044,null,null
0.262724,null,null,-0.0526192,null
0.000801134,null,null,null,0.00202362
0.994685,-0.00686443,null,null,null
-0.267473,null,0.0647044,null,null
0.262724,null,null,-0.0526192,null
0.000801134,null,null,null,0.00202362
0.994754,-0.00420965,null,null,null
-0.253453,null,0.0243226,null,null
0.295181,null,null,-0.071289,null
-0.00197069,null,null,null,-0.00136221
0.994739,-0.00384281,null,null,null
-0.286527,null,0.0356781,null,null
0.271604,null,null,-0.0741673,null
-0.00191365,null,null,null,-0.00257698
0.994764,-0.00635095,null,null,null
-0.254653,null,0.0558259,null,null
0.25136,null,null,-0.0714181,null
-0.000616033,null,null,null,0.00018244
0.994764,-0.00635095,null,null,null
-0.254653,null,0.0558259,null,null
0.25136,null,null,-0.0714181,null
-0.000616033,null,null,null,0.00018244
0.994696,-0.00719924,null,null,null
-0.258556,null,0.0185654,null,null
0.306362,null,null,-0.057322,null
0.00134687,null,null,null,0.00114822
0.994657,-0.00692858,null,null,null
-0.220321,null,-0.0166406,null,null
0.29755,null,null,-0.0153289,null
0.0012859,null,null,null,0.00380316
0.994666,-0.00596791,null,null,null
-0.195536,null,-0.0184709,null,null
0.259588,null,null,-0.0675866,null
0.00194236,null,null,null,0.00416492
0.994671,-0.00503518,null,null,null
-0.203455,null,-0.0528606,null,null
0.285498,null,null,-0.087746,null
0.0003931,null,null,null,0.0015872
0.994671,-0.00503518,null,null,null
-0.203455,null,-0.0528606,null,null
0.285498,null,null,-0.087746,null
0.0003931,null,null,null,0.0015872
0.994714,-0.00398886,null,null,null
-0.17838,null,-0.0170772,null,null
0.295837,null,null,-0.0544691,null
0.00171414,null,null,null,0.000175278
0.994729,-0.00516471,null,null,null
-0.174285,null,0.0340527,null,null
0.266589,null,null,-0.018204,null
-0.0027799,null,null,null,0.00131347
0.994669,-0.00503909,null,null,null
-0.223951,null,0.0409479,null,null
0.231653,null,null,-0.0678582,null
-0.00386226,null,null,null,0.000499411
0.994669,-0.00503909,null,null,null
-0.223951,null,0.0409479,null,null
0.231653,null,null,-0.0678582,null
-0.00386226,null,null,null,0.000499411
0.994674,-0.00490698,null,null,null
-0.22599,null,0.0391618,null,null
0.206973,null,null,-0.067355,null
-2.28205e-05,null,null,null,-0.00133266
0.994671,-0.00508244,null,null,null
-0.227569,null,0.0423789,null,null
0.182369,null,null,-0.059208,null
0.00204976,null,null,null,-0.00323992
0.99466,-0.0055228,null,null,null
-0.198249,null,0.108811,null,null
0.136467,null,null,-0.060471,null
0.00020866,null,null,null,-0.00242214
0.99466,-0.0055228,null,null,null
-0.198249,null,0.108811,null,null
0.136467,null,null,-0.060471,null
0.00020866,null,null,null,-0.00242214
0.994677,-0.00891544,null,null,null
-0.19316,null,0.0862166,null,null
0.133614,null,null,-0.0236794,null
0.0035717,null,null,null,0.00198079
0.994677,-0.00891544,null,null,null
-0.19316,null,0.0862166,null,null
0.133614,null,null,-0.0236794,null
0.0035717,null,null,null,0.00198079
0.994663,-0.00785569,null,null,null
-0.237985,null,0.0822644,null,null
0.181221,null,null,-0.0411456,null
0.00389145,null,null,null,-0.00122664
0.994644,-0.00979689,null,null,null
-0.229458,null,0.033795,null,null
0.178424,null,null,-0.106925,null
0.00137137,null,null,null,0.00016018
0.994644,-0.00979689,null,null,null
-0.229458,null,0.033795,null,null
0.178424,null,null,-0.106925,null
0.00137137,null,null,null,0.00016018
0.994665,-0.00906346,null,null,null
-0.219713,null,0.0470134,null,null
0.197554,null,null,-0.113969,null
0.00065429,null,null,null,0.00284568
0.99463,-0.00957762,null,null,null
-0.276934,null,0.0796541,null,null
0.197671,null,null,-0.0812708,null
0.000966391,null,null,null,0.00133279
0.99459,-0.011133,null,null,null
-0.236886,null,0.120623,null,null
0.183335,null,null,-0.0234122,null
0.00630444,null,null,null,-0.000339389
0.99459,-0.011133,null,null,null
-0.236886,null,0.120623,null,null
0.183335,null,null,-0.0234122,null
0.00630444,null,null,null,-0.000339389
0.994595,-0.0117387,null,null,null
-0.151414,null,0.154394,null,null
0.0998624,null,null,-0.0458984,null
0.000311901,null,null,null,-0.00308706
0.99462,-0.0118684,null,null,null
-0.169465,null,0.0970545,null,null
0.133476,null,null,-0.0612398,null
-0.00109389,null,null,null,-0.00254261
0.994674,-0.0109913,null,null,null
-0.133268,null,0.107975,null,null
0.126716,null,null,-0.0602577,null
-0.00152369,null,null,null,-0.00174115
0.994646,-0.00779679,null,null,null
-0.121479,null,0.182716,null,null
0.115089,null,null,-0.0221069,null
0.00338619,null,null,null,-0.000987401
0.994719,-0.0061512,null,null,null
-0.159531,null,0.146604,null,null
0.134204,null,null,-0.0650061,null
0.000809066,null,null,null,0.00146283
0.994685,-0.00765189,null,null,null
-0.153395,null,0.155066,null,null
0.122088,null,null,-0.111216,null
0.00272735,null,null,null,0.000596826
0.994715,-0.00572938,null,null,null
-0.175126,null,0.138434,null,null
0.119725,null,null,-0.167997,null
0.000387152,null,null,null,0.00442626
0.994715,-0.00572938,null,null,null
-0.175126,null,0.138434,null,null
0.119725,null,null,-0.167997,null
0.000387152,null,null,null,0.00442626
0.994715,-0.00572938,null,null,null
-0.175126,null,0.138434,null,null
0.119725,null,null,-0.167997,null
0.000387152,null,null,null,0.00442626
0.994742,-0.00667864,null,null,null
-0.182473,null,0.0565809,null,null
0.155696,null,null,-0.154075,null
0.000449048,null,null,null,0.000313865
0.994701,-0.00311061,null,null,null
-0.238687,null,0.0777314,null,null
0.167769,null,null,-0.157287,null
-0.00141164,null,null,null,-0.000494837
0.994701,-0.00311061,null,null,null
-0.238687,null,0.0777314,null,null
0.167769,null,null,-0.157287,null
-0.00141164,null,null,null,-0.000494837
0.994609,-0.00851817,null,null,null
-0.237742,null,0.120511,null,null
0.160214,null,null,-0.123452,null
-0.000493429,null,null,null,-0.000392616
0.994581,-0.0111937,null,null,null
-0.242731,null,0.135818,null,null
0.16382,null,null,-0.108992,null
0.000855641,null,null,null,-0.00303295
0.994581,-0.0111937,null,null,null
-0.242731,null,0.135818,null,null
0.16382,null,null,-0.108992,null
0.000855641,null,null,null,-0.00303295
0.994624,-0.0122779,null,null,null
-0.222315,null,0.131074,null,null
0.195045,null,null,-0.171524,null
-0.00243226,null,null,null,-0.00234204
0.994624,-0.0122779,null,null,null
-0.222315,null,0.131074,null,null
0.195045,null,null,-0.171524,null
-0.00243226,null,null,null,-0.00234204
0.994624,-0.0122779,null,null,null
-0.222315,null,0.131074,null,null
0.195045,null,null,-0.171524,null
-0.00243226,null,null,null,-0.00234204
0.994625,-0.00952241,null,null,null
-0.215731,null,0.105493,null,null
0.261796,null,null,-0.170864,null
-0.00421704,null,null,null,-0.00015282
0.994649,-0.00751731,null,null,null
-0.204241,null,0.100092,null,null
0.227779,null,null,-0.185491,null
-0.00111078,null,null,null,0.00197014
0.994595,-0.00564841,null,null,null
-0.176469,null,0.0792124,null,null
0.209482,null,null,-0.216957,null
0.0037276,null,null,null,0.00102331
0.994631,-0.00639627,null,null,null
-0.174471,null,0.0981579,null,null
0.203538,null,null,-0.178201,null
-7.38692e-05,null,null,null,0.00188372
0.99459,-0.00698342,null,null,null
-0.123478,null,0.0783124,null,null
0.221005,null,null,-0.192328,null
-0.00344212,null,null,null,-0.000343802
0.99459,-0.00698342,null,null,null
-0.123478,null,0.0783124,null,null
0.221005,null,null,-0.192328,null
-0.00344212,null,null,null,-0.000343802
0.994657,-0.00447209,null,null,null
-0.202648,null,0.124886,null,null
0.247023,null,null,-0.152575,null
-0.00456484,null,null,null,0.00191421
0.99462,-0.00326469,null,null,null
-0.144361,null,0.134031,null,null
0.200836,null,null,-0.127537,null
-0.00365301,null,null,null,0.00168118
0.994574,-0.00314506,null,null,null
-0.184005,null,0.111594,null,null
0.230107,null,null,-0.115713,null
0.000186972,null,null,null,0.0024628
0.994589,-0.00136409,null,null,null
-0.194633,null,0.133459,null,null
0.236833,null,null,-0.109202,null
0.00248335,null,null,null,0.0011659
0.99462,-0.00119217,null,null,null
-0.234321,null,0.161031,null,null
0.221458,null,null,-0.0926181,null
1.30982e-05,null,null,null,0.00531868
0.99462,-0.00119217,null,null,null
-0.234321,null,0.161031,null,null
0.221458,null,null,-0.0926181,null
1.30981e-05,null,null,null,0.00531868
0.99462,-0.00119217,null,null,null
-0.234321,null,0.161031,null,null
0.221458,null,null,-0.0926181,null
1.30981e-05,null,null,null,0.00531868
0.994694,-0.000245027,null,null,null
-0.236579,null,0.154221,null,null
0.173651,null,null,-0.0727371,null
0.00127896,null,null,null,0.00367945
0.994703,-0.000314838,null,null,null
-0.221989,null,0.159184,null,null
0.233478,null,null,-0.0712982,null
0.000123182,null,null,null,0.00333145
0.994759,0.0046646,null,null,null
-0.202674,null,0.165187,null,null
0.232203,null,null,-0.05526,null
-0.00271324,null,null,null,0.00288309
0.994739,0.0054724,null,null,null
-0.265945,null,0.147565,null,null
0.242097,null,null,-0.0514083,null
0.00203921,null,null,null,0.000198749
0.994727,0.00538359,null,null,null
-0.235351,null,0.123538,null,null
0.275221,null,null,-0.11782,null
-0.00169236,null,null,null,-0.00110615
0.994699,0.00706541,null,null,null
-0.227642,null,0.145426,null,null
0.245237,null,null,-0.125004,null
-0.00248746,null,null,null,-0.00371113
0.994734,0.00527061,null,null,null
-0.261757,null,0.112281,null,null
0.287615,null,null,-0.143926,null
-0.00358641,null,null,null,0.00531323
0.994729,0.00440276,null,null,null
-0.268489,null,0.139886,null,null
0.251621,null,null,-0.114113,null
-0.00385886,null,null,null,0.00334754
0.994634,0.00543809,null,null,null
-0.18632,null,0.145135,null,null
0.271759,null,null,-0.115159,null
-0.00293121,null,null,null,0.00294961
0.994689,0.00793137,null,null,null
-0.18467,null,0.13734,null,null
0.203396,null,null,-0.138271,null
-0.00193461,null,null,null,0.000646059
0.994641,0.00841928,null,null,null
-0.223959,null,0.185371,null,null
0.113002,null,null,-0.142074,null
0.00142671,null,null,null,-3.08775e-05
0.994641,0.00841928,null,null,null
-0.223959,null,0.185371,null,null
0.113002,null,null,-0.142074,null
0.00142671,null,null,null,-3.08775e-05
0.994641,0.00841928,null,null,null
-0.223959,null,0.185371,null,null
0.113002,null,null,-0.142074,null
0.00142671,null,null,null,-3.08775e-05
0.994661,0.00976969,null,null,null
-0.236475,null,0.168986,null,null
0.101629,null,null,-0.213261,null
0.00227456,null,null,null,-0.00105709
0.994649,0.00723588,null,null,null
-0.259644,null,0.151825,null,null
0.072184,null,null,-0.259094,null
0.00297218,null,null,null,0.00450094
0.994649,0.00723588,null,null,null
-0.259644,null,0.151825,null,null
0.072184,null,null,-0.259094,null
0.00297218,null,null,null,0.00450094
0.994683,0.00733044,null,null,null
-0.266839,null,0.179131,null,null
0.109896,null,null,-0.297946,null
-0.00131197,null,null,null,0.00082655
0.994745,0.00593558,null,null,null
-0.332876,null,0.198604,null,null
0.0813495,null,null,-0.260879,null
-0.00170583,null,null,null,-0.000459446
0.994776,0.0064016,null,null,null
-0.34654,null,0.211825,null,null
0.108847,null,null,-0.261543,null
-0.00177746,null,null,null,0.00293021
0.994776,0.0064016,null,null,null
-0.34654,null,0.211825,null,null
0.108847,null,null,-0.261543,null
-0.00177746,null,null,null,0.00293021
0.994762,0.00734069,null,null,null
-0.316014,null,0.196769,null,null
0.133353,null,null,-0.24916,null
0.00101203,null,null,null,0.00354696
0.994761,0.00798501,null,null,null
-0.336421,null,0.196871,null,null
0.0938555,null,null,-0.312681,null
0.00216614,null,null,null,-0.000774047
0.994761,0.00798501,null,null,null
-0.336421,null,0.196871,null,null
0.0938555,null,null,-0.312681,null
0.00216614,null,null,null,-0.000774047
0.994742,0.00829854,null,null,null
-0.339281,null,0.226529,null,null
0.122315,null,null,-0.293596,null
-0.000406649,null,null,null,0.0011245
0.994646,0.00861169,null,null,null
-0.367273,null,0.141464,null,null
0.0783998,null,null,-0.348288,null
0.00333459,null,null,null,0.00029644
0.994646,0.00861169,null,null,null
-0.367273,null,0.141464,null,null
0.0783998,null,null,-0.348288,null
0.00333459,null,null,null,0.00029644
0.994646,0.00861169,null,null,null
-0.367273,null,0.141464,null,null
0.0783998,null,null,-0.348288,null
0.00333459,null,null,null,0.00029644
0.994685,0.0054401,null,null,null
-0.365173,null,0.121744,null,null
0.0304794,null,null,-0.304868,null
-0.00255881,null,null,null,-0.00436314
0.994685,0.0054401,null,null,null
-0.365173,null,0.121744,null,null
0.0304794,null,null,-0.304868,null
-0.00255881,null,null,null,-0.00436314
0.994685,0.0054401,null,null,null
-0.365173,null,0.121744,null,null
0.0304794,null,null,-0.304868,null
-0.00255881,null,null,null,-0.00436314
0.994685,0.0054401,null,null,null
-0.365173,null,0.121744,null,null
0.0304794,null,null,-0.304868,null
-0.00255881,null,null,null,-0.00436314
0.994679,0.00602489,null,null,null
-0.392756,null,0.103231,null,null
0.104453,null,null,-0.302309,null
-0.00358899,null,null,null,-0.00367269
0.994679,0.00602489,null,null,null
-0.392756,null,0.103231,null,null
0.104453,null,null,-0.302309,null
-0.00358899,null,null,null,-0.00367269
0.994679,0.00602489,null,null,null
-0.392756,null,0.103231,null,null
0.104453,null,null,-0.302309,null
-0.00358899,null,null,null,-0.00367269
0.994677,0.00797831,null,null,null
-0.354985,null,0.127866,null,null
0.0883125,null,null,-0.351676,null
0.00125986,null,null,null,-0.00248444
0.994677,0.00797831,null,null,null
-0.354985,null,0.127866,null,null
0.0883125,null,null,-0.351676,null
0.00125986,null,null,null,-0.00248444
0.994661,0.00698624,null,null,null
-0.339556,null,0.0876804,null,null
0.058191,null,null,-0.29831,null
0.00118913,null,null,null,-0.00393206
0.994786,0.00786599,null,null,null
-0.404668,null,0.120654,null,null
0.107796,null,null,-0.331352,null
0.000687018,null,null,null,0.00107243
0.994786,0.00786599,null,null,null
-0.404668,null,0.120654,null,null
0.107796,null,null,-0.331352,null
0.000687018,null,null,null,0.00107243
0.994786,0.00786599,null,null,null
-0.404668,null,0.120654,null,null
0.107796,null,null,-0.331352,null
0.000687018,null,null,null,0.00107243
0.99482,0.00509147,null,null,null
-0.341021,null,0.152941,null,null
0.138948,null,null,-0.32415,null
-0.000815707,null,null,null,-0.00170623
0.994784,0.00589169,null,null,null
-0.398791,null,0.167314,null,null
0.127364,null,null,-0.308986,null
-0.00157295,null,null,null,-0.00256541
0.994751,0.00679337,null,null,null
-0.28446,null,0.202614,null,null
0.110633,null,null,-0.262889,null
-0.00123034,null,null,null,-0.00238038
0.994806,0.000695409,null,null,null
-0.265458,null,0.187339,null,null
0.110491,null,null,-0.333204,null
0.00443855,null,null,null,-0.00424435
0.994771,-4.83103e-05,null,null,null
-0.24658,null,0.201319,null,null
0.0823511,null,null,-0.318166,null
0.00353073,null,null,null,-0.0011501
0.994776,0.000425,null,null,null
-0.257578,null,0.207361,null,null
0.0610285,null,null,-0.306074,null
5.72717e-05,null,null,null,-0.00278121
0.994776,0.0025909,null,null,null
-0.225451,null,0.14611,null,null
0.0873536,null,null,-0.269929,null
0.00443415,null,null,null,0.00442455
0.994766,0.00239046,null,null,null
-0.183316,null,0.140049,null,null
0.082217,null,null,-0.225123,null
0.00254947,null,null,null,-0.00118807
0.994641,0.00205784,null,null,null
-0.195249,null,0.150889,null,null
0.0710507,null,null,-0.263501,null
-0.00220936,null,null,null,0.000411494
0.994641,0.00205784,null,null,null
-0.195249,null,0.150889,null,null
0.0710507,null,null,-0.263501,null
-0.00220936,null,null,null,0.000411494
0.994753,0.000115608,null,null,null
-0.197761,null,0.154179,null,null
0.0602764,null,null,-0.268525,null
-0.00221556,null,null,null,0.00169998
0.994753,0.000115608,null,null,null
-0.197761,null,0.154179,null,null
0.0602764,null,null,-0.268525,null
-0.00221556,null,null,null,0.00169998
0.994745,0.00159808,null,null,null
-0.208774,null,0.16954,null,null
0.0155996,null,null,-0.206376,null
-0.000375845,null,null,null,-0.00303261
0.994736,0.000579778,null,null,null
-0.144223,null,0.188537,null,null
0.0581214,null,null,-0.203949,null
-0.000821306,null,null,null,-0.00172927
0.994736,0.000579778,null,null,null
-0.144223,null,0.188537,null,null
0.0581214,null,null,-0.203949,null
-0.000821306,null,null,null,-0.00172927
0.994736,0.000579778,null,null,null
-0.144223,null,0.188537,null,null
0.0581214,null,null,-0.203949,null
-0.000821306,null,null,null,-0.00172927
0.994736,0.000579778,null,null,null
-0.144223,null,0.188537,null,null
0.0581214,null,null,-0.203949,null
-0.000821306,null,null,null,-0.00172927
0.994699,-0.000960626,null,null,null
-0.196573,null,0.174596,null,null
0.0721195,null,null,-0.253866,null
0.00306136,null,null,null,-0.00166591
0.994699,-0.000960626,null,null,null
-0.196573,null,0.174596,null,null
0.0721195,null,null,-0.253866,null
0.00306136,null,null,null,-0.00166591
0.994761,-0.0016713,null,null,null
-0.210294,null,0.195176,null,null
0.132259,null,null,-0.25403,null
0.00130971,null,null,null,-0.0019903
0.994727,-0.00139406,null,null,null
-0.27429,null,0.153511,null,null
0.152922,null,null,-0.216899,null
3.33136e-05,null,null,null,-0.00106335
0.994657,0.000294095,null,null,null
-0.275332,null,0.169684,null,null
0.158903,null,null,-0.220171,null
-0.000881006,null,null,null,0.00179673
0.994719,-0.00106359,null,null,null
-0.253802,null,0.190603,null,null
0.158799,null,null,-0.292505,null
-0.00511626,null,null,null,-0.00121294
0.994719,-0.00106359,null,null,null
-0.253802,null,0.190603,null,null
0.158799,null,null,-0.292505,null
-0.00511626,null,null,null,-0.00121294
0.994679,-0.00124512,null,null,null
-0.202657,null,0.166148,null,null
0.13039,null,null,-0.309109,null
-0.00331386,null,null,null,-0.00233134
0.994679,-0.00124512,null,null,null
-0.202657,null,0.166148,null,null
0.13039,null,null,-0.309109,null
-0.00331386,null,null,null,-0.00233134
0.994645,-0.00162865,null,null,null
-0.175074,null,0.13018,null,null
0.113124,null,null,-0.291895,null
0.000836434,null,null,null,-0.000853253
0.994649,-0.00101173,null,null,null
-0.153752,null,0.141632,null,null
0.077141,null,null,-0.274004,null
-0.001286,null,null,null,0.000742666
0.994649,0.0010526,null,null,null
-0.2134,null,0.114964,null,null
0.105754,null,null,-0.253733,null
-0.00159149,null,null,null,-0.00190724
0.994649,0.0010526,null,null,null
-0.2134,null,0.114964,null,null
0.105754,null,null,-0.253733,null
-0.00159149,null,null,null,-0.00190724
0.994564,-0.000836186,null,null,null
-0.263468,null,0.120036,null,null
0.105404,null,null,-0.279081,null
-0.00297085,null,null,null,-0.00165056
0.994619,-0.00408073,null,null,null
-0.262359,null,0.0742966,null,null
0.0672926,null,null,-0.256731,null
-0.000947154,null,null,null,-0.00057933
0.994592,-0.00389496,null,null,null
-0.296546,null,0.0806451,null,null
0.113639,null,null,-0.235602,null
-0.00381139,null,null,null,0.00265142
0.994592,-0.00389496,null,null,null
-0.296546,null,0.0806451,null,null
0.113639,null,null,-0.235602,null
-0.00381139,null,null,null,0.00265142
0.994592,-0.00389496,null,null,null
-0.296546,null,0.0806451,null,null
0.113639,null,null,-0.235602,null
-0.00381139,null,null,null,0.00265142
0.994589,-0.00499779,null,null,null
-0.275695,null,0.0890029,null,null
0.0728043,null,null,-0.299504,null
-0.00160181,null,null,null,0.000545183
0.994663,-0.00150759,null,null,null
-0.294447,null,0.058637,null,null
0.0998831,null,null,-0.290332,null
0.00165073,null,null,null,0.00126517
0.994663,-0.00150759,null,null,null
-0.294447,null,0.058637,null,null
0.0998831,null,null,-0.290332,null
0.00165073,null,null,null,0.00126517
0.994663,-0.00150759,null,null,null
-0.294447,null,0.058637,null,null
0.0998831,null,null,-0.290332,null
0.00165073,null,null,null,0.00126517
0.994676,-0.00241306,null,null,null
-0.272055,null,0.0452868,null,null
0.0229897,null,null,-0.296226,null
0.00123529,null,null,null,0.000659736
0.99472,-0.00154749,null,null,null
-0.255341,null,0.097557,null,null
0.0514151,null,null,-0.296071,null
0.000155645,null,null,null,-0.00160689
0.994761,-0.00310318,null,null,null
-0.218391,null,0.0669845,null,null
0.0812863,null,null,-0.268008,null
9.42623e-05,null,null,null,-0.00207434
0.994721,-0.00500348,null,null,null
-0.249595,null,0.042789,null,null
0.0897669,null,null,-0.29744,null
0.00318491,null,null,null,-0.0011877
0.994648,-0.00589755,null,null,null
-0.245762,null,0.0522505,null,null
0.0763998,null,null,-0.281732,null
0.0021359,null,null,null,-0.00354321
0.99468,-0.00494409,null,null,null
-0.197089,null,0.0221021,null,null
0.0393214,null,null,-0.294683,null
-0.00526414,null,null,null,0.000608956
0.994696,-0.00842201,null,null,null
-0.270255,null,0.0476791,null,null
0.0588344,null,null,-0.306271,null
-0.000799816,null,null,null,-0.000469806
0.994696,-0.00842201,null,null,null
-0.270255,null,0.0476791,null,null
0.0588344,null,null,-0.306271,null
-0.000799816,null,null,null,-0.000469806
0.994656,-0.00909935,null,null,null
-0.26501,null,0.0590243,null,null
0.120687,null,null,-0.305075,null
-0.00307631,null,null,null,0.000522812
0.994607,-0.00748977,null,null,null
-0.251375,null,0.0805793,null,null
0.162133,null,null,-0.335799,null
-0.00025113,null,null,null,0.00148034
0.994607,-0.00748977,null,null,null
-0.251375,null,0.0805793,null,null
0.162133,null,null,-0.335799,null
-0.00025113,null,null,null,0.00148034
0.994674,-0.00848229,null,null,null
-0.24733,null,0.0919759,null,null
0.199805,null,null,-0.287984,null
0.00313918,null,null,null,0.00623268
0.994613,-0.00927979,null,null,null
-0.253826,null,0.0976496,null,null
0.169794,null,null,-0.254327,null
0.00115224,null,null,null,0.00133506
0.994641,-0.00922096,null,null,null
-0.239748,null,0.083746,null,null
0.166345,null,null,-0.226921,null
0.00218541,null,null,null,0.00211641
0.994625,-0.0115533,null,null,null
-0.256239,null,0.0931175,null,null
0.183025,null,null,-0.212097,null
0.0022822,null,null,null,-0.00226781
0.994574,-0.0116676,null,null,null
-0.268292,null,0.123524,null,null
0.194133,null,null,-0.202316,null
3.12992e-06,null,null,null,0.00309694
0.994574,-0.0116676,null,null,null
-0.268292,null,0.123524,null,null
0.194133,null,null,-0.202316,null
3.12992e-06,null,null,null,0.00309694
0.994595,-0.0109503,null,null,null
-0.24905,null,0.0449314,null,null
0.187888,null,null,-0.199186,null
-0.000242919,null,null,null,0.00209125
0.9946,-0.0124453,null,null,null
-0.272076,null,0.0894646,null,null
0.154145,null,null,-0.22297,null
0.00201753,null,null,null,0.000940587
0.994591,-0.009709,null,null,null
-0.269541,null,0.0988901,null,null
0.188969,null,null,-0.239533,null
0.00115878,null,null,null,0.00129876
0.994568,-0.010414,null,null,null
-0.261804,null,0.123272,null,null
0.169449,null,null,-0.209744,null
0.00581826,null,null,null,0.00369284
0.994531,-0.0111711,null,null,null
-0.264131,null,0.198789,null,null
0.207079,null,null,-0.208189,null
0.00695205,null,null,null,0.00364416
0.994531,-0.0111711,null,null,null
-0.264131,null,0.198789,null,null
0.207079,null,null,-0.208189,null
0.00695205,null,null,null,0.00364416
0.994578,-0.00917078,null,null,null
-0.249791,null,0.205596,null,null
0.248048,null,null,-0.22017,null
0.00537315,null,null,null,0.000864189
0.994578,-0.00917078,null,null,null
-0.249791,null,0.205596,null,null
0.248048,null,null,-0.22017,null
0.00537315,null,null,null,0.000864189
0.994578,-0.00917078,null,null,null
-0.249791,null,0.205596,null,null
0.248048,null,null,-0.22017,null
0.00537315,null,null,null,0.000864189
0.994578,-0.00917078,null,null,null
-0.249791,null,0.205596,null,null
0.248048,null,null,-0.22017,null
0.00537315,null,null,null,0.000864189
0.994576,-0.0136385,null,null,null
-0.23028,null,0.192494,null,null
0.16622,null,null,-0.195686,null
0.00278865,null,null,null,0.000285009
0.994576,-0.0136385,null,null,null
-0.23028,null,0.192494,null,null
0.16622,null,null,-0.195686,null
0.00278865,null,null,null,0.000285009
0.99456,-0.0144569,null,null,null
-0.22164,null,0.201355,null,null
0.167171,null,null,-0.166057,null
0.00656171,null,null,null,-0.00325179
0.99456,-0.0144569,null,null,null
-0.22164,null,0.201355,null,null
0.167171,null,null,-0.166057,null
0.00656171,null,null,null,-0.00325179
0.994522,-0.0145489,null,null,null
-0.208641,null,0.215867,null,null
0.185744,null,null,-0.19633,null
0.00361809,null,null,null,0.00177024
0.994589,-0.0125857,null,null,null
-0.17406,null,0.20316,null,null
0.157736,null,null,-0.190396,null
0.00305836,null,null,null,0.000383544
0.994589,-0.0125857,null,null,null
-0.17406,null,0.20316,null,null
0.157736,null,null,-0.190396,null
0.00305836,null,null,null,0.000383544
0.994627,-0.0133964,null,null,null
-0.174974,null,0.214413,null,null
0.207631,null,null,-0.24983,null
0.00140849,null,null,null,-0.000765012
0.994627,-0.0133964,null,null,null
-0.174974,null,0.214413,null,null
0.207631,null,null,-0.24983,null
0.00140849,null,null,null,-0.000765012
0.994704,-0.00913207,null,null,null
-0.140758,null,0.207597,null,null
0.164607,null,null,-0.211365,null
0.00281834,null,null,null,0.00213652
0.994704,-0.00913207,null,null,null
-0.140758,null,0.207597,null,null
0.164607,null,null,-0.211365,null
0.00281834,null,null,null,0.00213652
0.994704,-0.00652023,null,null,null
-0.158988,null,0.206428,null,null
0.16488,null,null,-0.195188,null
0.00356435,null,null,null,9.98544e-05
0.994653,-0.00707081,null,null,null
-0.175223,null,0.200551,null,null
0.158281,null,null,-0.201423,null
-0.00256574,null,null,null,0.00233829
0.994674,-0.00511203,null,null,null
-0.195758,null,0.24303,null,null
0.165928,null,null,-0.227146,null
-0.00120765,null,null,null,0.000123299
0.994744,-0.00339163,null,null,null
-0.204278,null,0.275711,null,null
0.180783,null,null,-0.266975,null
0.000989406,null,null,null,0.00559211
0.99473,-0.00279604,null,null,null
-0.252435,null,0.28683,null,null
0.18389,null,null,-0.215193,null
-0.00190601,null,null,null,0.00520925
0.994706,-0.00253408,null,null,null
-0.203905,null,0.250919,null,null
0.213804,null,null,-0.241031,null
0.0043035,null,null,null,0.00333607
0.994709,-0.000333336,null,null,null
-0.17914,null,0.255041,null,null
0.240957,null,null,-0.219226,null
0.00320366,null,null,null,0.00647181
0.994699,0.000353134,null,null,null
-0.208764,null,0.271945,null,null
0.244627,null,null,-0.182214,null
0.00754753,null,null,null,0.002574
0.994726,-0.000958822,null,null,null
-0.233637,null,0.277915,null,null
0.255051,null,null,-0.191866,null
0.00330419,null,null,null,0.00303894
0.994803,0.000341794,null,null,null
-0.168234,null,0.262667,null,null
0.288734,null,null,-0.164362,null
0.00119219,null,null,null,-0.00344924
0.994716,0.00274059,null,null,null
-0.195642,null,0.269475,null,null
0.267821,null,null,-0.158971,null
-0.00231796,null,null,null,-0.00415146
0.99474,0.00283441,null,null,null
-0.161244,null,0.244592,null,null
0.238118,null,null,-0.158321,null
0.000187836,null,null,null,-0.00120462
0.99474,0.00283441,null,null,null
-0.161244,null,0.244592,null,null
0.238118,null,null,-0.158321,null
0.000187836,null,null,null,-0.00120462
0.994744,0.00258459,null,null,null
-0.200789,null,0.240444,null,null
0.196895,null,null,-0.138088,null
0.00186106,null,null,null,-0.00211871
0.994777,-0.000522196,null,null,null
-0.195781,null,0.287844,null,null
0.217476,null,null,-0.189341,null
0.00256764,null,null,null,8.64585e-05
0.99475,0.0022366,null,null,null
-0.199054,null,0.274409,null,null
0.168446,null,null,-0.179734,null
-0.00455287,null,null,null,-0.0018633
0.994738,-0.0028232,null,null,null
-0.193497,null,0.232049,null,null
0.167519,null,null,-0.225306,null
-0.00607771,null,null,null,-0.00267358
0.994749,0.000649452,null,null,null
-0.207148,null,0.217374,null,null
0.13421,null,null,-0.229843,null
-0.00799084,null,null,null,-0.00248865
0.994729,-0.00349773,null,null,null
-0.225234,null,0.207424,null,null
0.174011,null,null,-0.207935,null
-0.000655014,null,null,null,0.000594764
0.994785,-0.00219885,null,null,null
-0.228541,null,0.205247,null,null
0.161566,null,null,-0.220629,null
-0.00143999,null,null,null,-0.00124157
0.994785,-0.00219885,null,null,null
-0.228541,null,0.205247,null,null
0.161566,null,null,-0.220629,null
-0.00143999,null,null,null,-0.00124157
0.994785,-0.00219885,null,null,null
-0.228541,null,0.205247,null,null
0.161566,null,null,-0.220629,null
-0.00143999,null,null,null,-0.00124157
0.994785,-0.00219885,null,null,null
-0.228541,null,0.205247,null,null
0.161566,null,null,-0.220629,null
-0.00143999,null,null,null,-0.00124157
0.994785,-0.00219885,null,null,null
-0.228541,null,0.205247,null,null
0.161566,null,null,-0.220629,null
-0.00143999,null,null,null,-0.00124157
0.994706,-0.00374641,null,null,null
-0.21638,null,0.197896,null,null
0.159766,null,null,-0.206131,null
-0.000657244,null,null,null,-0.000248504
0.994706,-0.00374641,null,null,null
-0.21638,null,0.197896,null,null
0.159766,null,null,-0.206131,null
-0.000657244,null,null,null,-0.000248504
0.994677,-0.00767998,null,null,null
-0.252919,null,0.183761,null,null
0.149998,null,null,-0.184321,null
-0.000741234,null,null,null,0.00376699
0.9947,-0.00589471,null,null,null
-0.203385,null,0.136079,null,null
0.148955,null,null,-0.165891,null
0.000998952,null,null,null,-0.00190766
0.9947,-0.00589471,null,null,null
-0.203385,null,0.136079,null,null
0.148955,null,null,-0.165891,null
0.000998952,null,null,null,-0.00190766
0.994633,-0.00583617,null,null,null
-0.237245,null,0.191636,null,null
0.21815,null,null,-0.13787,null
0.00395539,null,null,null,-0.00235844
0.994698,-0.00427652,null,null,null
-0.191387,null,0.16079,null,null
0.168283,null,null,-0.171171,null
0.00036204,null,null,null,-0.003618
0.994663,-0.0049798,null,null,null
-0.2841,null,0.233348,null,null
0.205554,null,null,-0.172434,null
-0.00124718,null,null,null,-0.00154286
0.994663,-0.0049798,null,null,null
-0.2841,null,0.233348,null,null
0.205554,null,null,-0.172434,null
-0.00124718,null,null,null,-0.00154286
0.994611,-0.00509572,null,null,null
-0.275226,null,0.155768,null,null
0.142911,null,null,-0.158748,null
-0.00219712,null,null,null,-0.00435433
0.994695,-0.00166716,null,null,null
-0.290051,null,0.180631,null,null
0.080515,null,null,-0.174583,null
0.00118914,null,null,null,-0.00224114
0.994695,-0.00166716,null,null,null
-0.290051,null,0.180631,null,null
0.080515,null,null,-0.174583,null
0.00118914,null,null,null,-0.00224114
0.994642,-0.00309834,null,null,null
-0.258178,null,0.178606,null,null
0.0502263,null,null,-0.203676,null
-0.00252195,null,null,null,-0.000709925
0.994661,-0.00286555,null,null,null
-0.29646,null,0.215191,null,null
0.0786099,null,null,-0.190249,null
-0.0038481,null,null,null,-0.000872689
0.994661,-0.00286555,null,null,null
-0.29646,null,0.215191,null,null
0.0786099,null,null,-0.190249,null
-0.0038481,null,null,null,-0.000872689
0.994745,-0.00360371,null,null,null
-0.34788,null,0.14236,null,null
0.0229913,null,null,-0.201185,null
0.00122905,null,null,null,-0.00114295
0.994774,-0.00120951,null,null,null
-0.323575,null,0.106286,null,null
0.0398855,null,null,-0.217659,null
-0.00218945,null,null,null,-0.00288146
0.994733,-0.000406154,null,null,null
-0.321518,null,0.144846,null,null
0.0307728,null,null,-0.181144,null
-0.00132163,null,null,null,-0.00494002
0.994675,-0.00200687,null,null,null
-0.360284,null,0.162953,null,null
0.0430645,null,null,-0.26108,null
-0.00283857,null,null,null,0.000619118
0.994675,-0.00200687,null,null,null
-0.360284,null,0.162953,null,null
0.0430645,null,null,-0.26108,null
-0.00283857,null,null,null,0.000619118
0.994689,-0.00315174,null,null,null
-0.340589,null,0.138091,null,null
0.0193775,null,null,-0.211567,null
-0.00105309,null,null,null,-0.00288697
0.994637,-0.00328871,null,null,null
-0.361184,null,0.171551,null,null
-0.0173481,null,null,-0.239885,null
-0.00204985,null,null,null,0.00173159
0.994735,-0.00186422,null,null,null
-0.388116,null,0.184826,null,null
0.00248358,null,null,-0.257845,null
0.00159889,null,null,null,-0.000826784
0.994727,0.00500026,null,null,null
-0.342153,null,0.212842,null,null
-0.0104666,null,null,-0.203071,null
0.000276566,null,null,null,-0.00138135
0.994739,0.00305982,null,null,null
-0.34301,null,0.232249,null,null
-0.00367031,null,null,-0.205251,null
-0.00140043,null,null,null,0.00192515
0.994625,0.00475276,null,null,null
-0.31672,null,0.197217,null,null
0.00561995,null,null,-0.219141,null
-0.00234219,null,null,null,0.0032754
0.994653,0.00213644,null,null,null
-0.327827,null,0.24403,null,null
0.0595258,null,null,-0.23355,null
-0.000285984,null,null,null,0.00523893
0.994653,0.00213644,null,null,null
-0.327827,null,0.24403,null,null
0.0595258,null,null,-0.23355,null
-0.000285984,null,null,null,0.00523893
0.994653,0.00213644,null,null,null
-0.327827,null,0.24403,null,null
0.0595258,null,null,-0.23355,null
-0.000285984,null,null,null,0.00523893
0.994701,-0.000212598,null,null,null
-0.346314,null,0.2347,null,null
0.102769,null,null,-0.190349,null
0.000863753,null,null,null,-0.000716126
0.99474,-0.00145015,null,null,null
-0.317786,null,0.199146,null,null
0.131722,null,null,-0.223761,null
-0.000841809,null,null,null,-0.00601708
0.99474,-0.00145015,null,null,null
-0.317786,null,0.199146,null,null
0.131722,null,null,-0.223761,null
-0.000841809,null,null,null,-0.00601708
0.994734,-0.00177744,null,null,null
-0.357832,null,0.147563,null,null
0.102348,null,null,-0.236261,null
-0.00126669,null,null,null,-0.00503954
0.994722,-0.00308076,null,null,null
-0.324646,null,0.139941,null,null
0.128829,null,null,-0.20421,null
-0.00238697,null,null,null,-0.000383194
0.994722,-0.00308076,null,null,null
-0.324646,null,0.139941,null,null
0.128829,null,null,-0.20421,null
-0.00238697,null,null,null,-0.000383194
0.994733,-0.00635356,null,null,null
-0.334657,null,0.188527,null,null
0.160624,null,null,-0.16439,null
-0.0028818,null,null,null,0.00174326
0.994776,-0.00438864,null,null,null
-0.316271,null,0.175525,null,null
0.200405,null,null,-0.167123,null
0.00188314,null,null,null,0.00125896
0.994772,-0.00408899,null,null,null
-0.234314,null,0.256431,null,null
0.215731,null,null,-0.145874,null
0.000620435,null,null,null,0.00155569
0.99471,-0.00071654,null,null,null
-0.220786,null,0.307086,null,null
0.275675,null,null,-0.115025,null
0.00498512,null,null,null,0.00145341
0.99471,-0.00071654,null,null,null
-0.220786,null,0.307086,null,null
0.275675,null,null,-0.115025,null
0.00498512,null,null,null,0.00145341
0.994745,-0.00312676,null,null,null
-0.2149,null,0.325379,null,null
0.244116,null,null,-0.14759,null
0.00107256,null,null,null,0.00357674
0.994745,-0.00312676,null,null,null
-0.2149,null,0.325379,null,null
0.244116,null,null,-0.14759,null
0.00107256,null,null,null,0.00357674
0.994745,-0.00312676,null,null,null
-0.2149,null,0.325379,null,null
0.244116,null,null,-0.14759,null
0.00107256,null,null,null,0.00357674
0.994745,-0.00312676,null,null,null
-0.2149,null,0.325379,null,null
0.244116,null,null,-0.14759,null
0.00107256,null,null,null,0.00357674
0.994745,-0.00312676,null,null,null
-0.2149,null,0.325379,null,null
0.244116,null,null,-0.14759,null
0.00107256,null,null,null,0.00357674
0.994719,-0.00258964,null,null,null
-0.213383,null,0.334245,null,null
0.166653,null,null,-0.21879,null
-0.00132334,null,null,null,0.00326456
0.994719,-0.00258964,null,null,null
-0.213383,null,0.334245,null,null
0.166653,null,null,-0.21879,null
-0.00132334,null,null,null,0.00326456
0.994719,-0.00258964,null,null,null
-0.213383,null,0.334245,null,null
0.166653,null,null,-0.21879,null
-0.00132334,null,null,null,0.00326456
0.994719,-0.00258964,null,null,null
-0.213383,null,0.334245,null,null
0.166653,null,null,-0.21879,null
-0.00132334,null,null,null,0.00326456
0.994751,-0.00246434,null,null,null
-0.222916,null,0.304561,null,null
0.162159,null,null,-0.261084,null
-0.0027709,null,null,null,0.00308139
0.994676,-0.00479721,null,null,null
-0.248604,null,0.302729,null,null
0.169637,null,null,-0.255468,null
-0.000448934,null,null,null,-0.000431548
0.994676,-0.00479721,null,null,null
-0.248604,null,0.302729,null,null
0.169637,null,null,-0.255468,null
-0.000448934,null,null,null,-0.000431548
0.994646,-0.00372297,null,null,null
-0.236861,null,0.375424,null,null
0.161629,null,null,-0.286704,null
0.00275323,null,null,null,-0.00072978
0.994629,-0.00532626,null,null,null
-0.196916,null,0.331363,null,null
0.178881,null,null,-0.235106,null
-0.00148383,null,null,null,-0.0019883
0.994684,-0.00743707,null,null,null
-0.188124,null,0.378434,null,null
0.211157,null,null,-0.20306,null
-0.00649381,null,null,null,-0.00226834
0.994671,-0.00832216,null,null,null
-0.20187,null,0.422174,null,null
0.189328,null,null,-0.179714,null
-0.00525225,null,null,null,-0.000749411
0.994671,-0.00832216,null,null,null
-0.20187,null,0.422174,null,null
0.189328,null,null,-0.179714,null
-0.00525225,null,null,null,-0.000749411
0.994656,-0.00713869,null,null,null
-0.20325,null,0.37095,null,null
0.183061,null,null,-0.166852,null
-0.00225014,null,null,null,0.00206003
0.994641,-0.00970856,null,null,null
-0.223532,null,0.395239,null,null
0.182131,null,null,-0.184325,null
-0.00142826,null,null,null,0.00529514
0.994602,-0.0114841,null,null,null
-0.194685,null,0.358832,null,null
0.208932,null,null,-0.189067,null
-0.000667171,null,null,null,0.00207116
0.994651,-0.0106042,null,null,null
-0.199406,null,0.295591,null,null
0.288953,null,null,-0.175019,null
0.0019647,null,null,null,0.00242791
0.994557,-0.00793546,null,null,null
-0.204666,null,0.370758,null,null
0.269711,null,null,-0.216308,null
-0.000644927,null,null,null,0.0034686
0.994645,-0.00784316,null,null,null
-0.226516,null,0.408421,null,null
0.223169,null,null,-0.220379,null
0.000211269,null,null,null,0.000856776
0.994645,-0.00784316,null,null,null
-0.226516,null,0.408421,null,null
0.223169,null,null,-0.220379,null
0.000211269,null,null,null,0.000856776
0.994671,-0.00948827,null,null,null
-0.24523,null,0.336315,null,null
0.208885,null,null,-0.214646,null
-0.000446171,null,null,null,-0.00199134
0.994661,-0.0118672,null,null,null
-0.291356,null,0.32705,null,null
0.221006,null,null,-0.162185,null
0.00389506,null,null,null,-0.000798816
0.994661,-0.0118672,null,null,null
-0.291356,null,0.32705,null,null
0.221006,null,null,-0.162185,null
0.00389506,null,null,null,-0.000798816
0.994661,-0.0118672,null,null,null
-0.291356,null,0.32705,null,null
0.221006,null,null,-0.162185,null
0.00389506,null,null,null,-0.000798816
0.994646,-0.0117967,null,null,null
-0.194344,null,0.334296,null,null
0.201471,null,null,-0.0888674,null
-0.00105593,null,null,null,0.000842834
0.994574,-0.0141664,null,null,null
-0.247987,null,0.350725,null,null
0.25515,null,null,-0.0987316,null
-0.00141046,null,null,null,-7.64416e-05
0.994591,-0.0150301,null,null,null
-0.25984,null,0.393232,null,null
0.28444,null,null,-0.080928,null
-0.00195053,null,null,null,0.00398601
0.994591,-0.0150301,null,null,null
-0.25984,null,0.393232,null,null
0.28444,null,null,-0.080928,null
-0.00195053,null,null,null,0.00398601
0.994591,-0.0150301,null,null,null
-0.25984,null,0.393232,null,null
0.28444,null,null,-0.080928,null
-0.00195053,null,null,null,0.00398601
0.994591,-0.0150301,null,null,null
-0.25984,null,0.393232,null,null
0.28444,null,null,-0.080928,null
-0.00195053,null,null,null,0.00398601
0.994586,-0.0158759,null,null,null
-0.24151,null,0.379295,null,null
0.279355,null,null,-0.124475,null
-0.00116116,null,null,null,0.00272528
0.994626,-0.0124057,null,null,null
-0.238816,null,0.348842,null,null
0.188419,null,null,-0.160135,null
0.00202534,null,null,null,-0.0018504
0.994624,-0.0138949,null,null,null
-0.239648,null,0.297604,null,null
0.215414,null,null,-0.127781,null
-0.00549656,null,null,null,-0.00368045
0.994666,-0.00909084,null,null,null
-0.233229,null,0.239932,null,null
0.224929,null,null,-0.129544,null
-0.000592236,null,null,null,-0.00288826
0.994641,-0.00736936,null,null,null
-0.201624,null,0.257443,null,null
0.215061,null,null,-0.0949289,null
-0.00367665,null,null,null,-0.00126949
0.994614,-0.00599804,null,null,null
-0.209211,null,0.251159,null,null
0.158585,null,null,-0.129661,null
-0.00417149,null,null,null,0.000612189
0.994657,-0.00513121,null,null,null
-0.225114,null,0.21918,null,null
0.205223,null,null,-0.11603,null
0.000631594,null,null,null,0.0030934
0.994656,-0.00531749,null,null,null
-0.268068,null,0.212566,null,null
0.162246,null,null,-0.0838431,null
-0.00182218,null,null,null,-0.00084198
0.994656,-0.00531749,null,null,null
-0.268068,null,0.212566,null,null
0.162246,null,null,-0.0838431,null
-0.00182218,null,null,null,-0.00084198
0.99463,-0.00779427,null,null,null
-0.276851,null,0.224625,null,null
0.198485,null,null,-0.119335,null
-0.00104432,null,null,null,-0.000467735
0.994592,-0.00820026,null,null,null
-0.297471,null,0.221389,null,null
0.177929,null,null,-0.118872,null
0.000183701,null,null,null,0.00305415
0.994631,-0.00991467,null,null,null
-0.297355,null,0.206707,null,null
0.145319,null,null,-0.157435,null
0.0018102,null,null,null,-0.0045163
0.994642,-0.00765717,null,null,null
-0.288813,null,0.210094,null,null
0.130321,null,null,-0.122356,null
0.000201708,null,null,null,0.00212778
0.994591,-0.0074527,null,null,null
-0.301971,null,0.151698,null,null
0.0719409,null,null,-0.0994525,null
0.000903586,null,null,null,-0.00190211
0.994505,-0.00877979,null,null,null
-0.386665,null,0.165674,null,null
0.0976984,null,null,-0.0663254,null
-0.00285959,null,null,null,-0.00129951
0.994505,-0.00877979,null,null,null
-0.386665,null,0.165674,null,null
0.0976984,null,null,-0.0663254,null
-0.00285959,null,null,null,-0.00129951
0.994505,-0.00877979,null,null,null
-0.386665,null,0.165674,null,null
0.0976984,null,null,-0.0663254,null
-0.00285959,null,null,null,-0.00129951
0.994614,-0.00569823,null,null,null
-0.349154,null,0.189195,null,null
0.15345,null,null,-0.0431834,null
0.000285999,null,null,null,-0.00147459
0.994618,-0.00486869,null,null,null
-0.382266,null,0.123115,null,null
0.161366,null,null,-0.0557762,null
-0.000858608,null,null,null,-0.0035241
0.994635,-0.00912026,null,null,null
-0.411127,null,0.0999582,null,null
0.156518,null,null,-0.0318559,null
-0.000755994,null,null,null,0.000669086
0.994657,-0.00634871,null,null,null
-0.412361,null,0.120959,null,null
0.145611,null,null,-0.0318106,null
-0.000707176,null,null,null,-0.00227986
0.99461,-0.0101309,null,null,null
-0.372649,null,0.105882,null,null
0.12881,null,null,-0.00527447,null
-0.000836051,null,null,null,0.0043686
0.994604,-0.0107303,null,null,null
-0.351104,null,0.0973201,null,null
0.169483,null,null,-0.0177794,null
-0.00245799,null,null,null,-0.00380524
0.994653,-0.0130031,null,null,null
-0.323867,null,0.0226976,null,null
0.141533,null,null,-0.0214656,null
-0.00333762,null,null,null,-0.000240942
0.994677,-0.0108226,null,null,null
-0.352507,null,-0.00889095,null,null
0.151702,null,null,0.00212383,null
-0.00679864,null,null,null,4.29773e-05
0.994687,-0.00980474,null,null,null
-0.335688,null,-0.0500729,null,null
0.143101,null,null,0.0336069,null
-0.00406529,null,null,null,0.00358841
0.994687,-0.00980474,null,null,null
-0.335688,null,-0.0500729,null,null
0.143101,null,null,0.0336069,null
-0.00406529,null,null,null,0.00358841
0.994687,-0.00980474,null,null,null
-0.335688,null,-0.0500729,null,null
0.143101,null,null,0.0336069,null
-0.00406529,null,null,null,0.00358841
0.994668,-0.00729642,null,null,null
-0.346084,null,-0.030855,null,null
0.157936,null,null,-0.00242785,null
8.62858e-06,null,null,null,-0.00339614
0.994625,-0.00871573,null,null,null
-0.32749,null,-0.0529753,null,null
0.188265,null,null,-0.0305627,null
-0.00239491,null,null,null,-0.000324624
0.994659,-0.00911325,null,null,null
-0.328255,null,-0.00133405,null,null
0.201635,null,null,-0.036106,null
-0.0045416,null,null,null,0.00136515
0.99464,-0.0070028,null,null,null
-0.304244,null,-0.00883367,null,null
0.173006,null,null,-0.0137965,null
-0.000864057,null,null,null,0.00410474
0.99464,-0.0070028,null,null,null
-0.304244,null,-0.00883367,null,null
0.173006,null,null,-0.0137965,null
-0.000864057,null,null,null,0.00410474
0.994753,-0.00572939,null,null,null
-0.319574,null,0.0621636,null,null
0.153101,null,null,-0.0252059,null
-0.00162099,null,null,null,0.00499347
0.994749,-0.00356003,null,null,null
-0.33753,null,0.0421891,null,null
0.147677,null,null,0.0290161,null
0.00253297,null,null,null,0.00242919
0.994791,-0.00434207,null,null,null
-0.350155,null,0.026773,null,null
0.105722,null,null,0.0312891,null
-0.00166503,null,null,null,0.00119812
0.994699,-0.00123763,null,null,null
-0.359054,null,-0.0242457,null,null
0.156656,null,null,0.0668897,null
-0.000925825,null,null,null,-0.000320179
0.994691,-0.00315081,null,null,null
-0.326705,null,-0.0463698,null,null
0.171079,null,null,0.0902297,null
-0.00269913,null,null,null,-0.00160005
0.994762,-0.00553897,null,null,null
-0.337679,null,-0.0443643,null,null
0.13555,null,null,0.111473,null
-0.000222333,null,null,null,0.00200118
0.994774,-0.00377041,null,null,null
-0.283964,null,-0.0351047,null,null
0.148549,null,null,0.134759,null
-0.00292166,null,null,null,0.0004663
0.994774,-0.00243184,null,null,null
-0.292032,null,-0.0373622,null,null
0.114123,null,null,0.114509,null
-6.85063e-05,null,null,null,0.0018939
0.994788,-0.00149083,null,null,null
-0.363447,null,0.0103511,null,null
0.104902,null,null,0.0914316,null
-0.00299301,null,null,null,0.0032134
0.994788,-0.00149083,null,null,null
-0.363447,null,0.0103511,null,null
0.104902,null,null,0.0914316,null
-0.00299301,null,null,null,0.0032134
0.994794,-0.00132811,null,null,null
-0.400236,null,-0.0110753,null,null
0.125958,null,null,0.0720677,null
-0.0048049,null,null,null,-0.00181512
0.994794,-0.00132811,null,null,null
-0.400236,null,-0.0110753,null,null
0.125958,null,null,0.0720677,null
-0.0048049,null,null,null,-0.00181512
0.994794,-0.00132811,null,null,null
-0.400236,null,-0.0110753,null,null
0.125958,null,null,0.0720677,null
-0.0048049,null,null,null,-0.00181512
0.994746,-0.00358151,null,null,null
-0.415652,null,-0.0552609,null,null
0.172245,null,null,0.0681667,null
-0.000752049,null,null,null,0.00296819
0.994746,-0.00358151,null,null,null
-0.415652,null,-0.0552609,null,null
0.172245,null,null,0.0681667,null
-0.000752049,null,null,null,0.00296819
0.994718,-0.00252608,null,null,null
-0.388841,null,-0.0800419,null,null
0.14538,null,null,0.093024,null
-0.00211441,null,null,null,0.00156782
0.994734,-0.00551564,null,null,null
-0.390363,null,-0.0939725,null,null
0.1247,null,null,0.169335,null
-0.00369027,null,null,null,0.000662801
0.994734,-0.00551564,null,null,null
-0.390363,null,-0.0939725,null,null
0.1247,null,null,0.169335,null
-0.00369027,null,null,null,0.000662801
0.99475,-0.00637359,null,null,null
-0.407511,null,-0.0317371,null,null
0.124507,null,null,0.167371,null
-0.00808531,null,null,null,0.00140719
0.994761,-0.0077767,null,null,null
-0.403757,null,-0.00595734,null,null
0.160493,null,null,0.102023,null
-0.00328421,null,null,null,0.00440961
0.994761,-0.0077767,null,null,null
-0.403757,null,-0.00595734,null,null
0.160493,null,null,0.102023,null
-0.00328421,null,null,null,0.00440961
0.994761,-0.00589536,null,null,null
-0.371901,null,-0.00030491,null,null
0.157078,null,null,0.146718,null
-0.00384534,null,null,null,0.00398595
0.994666,-0.00809415,null,null,null
-0.320701,null,0.00910177,null,null
0.118183,null,null,0.187812,null
0.00263816,null,null,null,0.00253436
0.994666,-0.00809415,null,null,null
-0.320701,null,0.00910177,null,null
0.118183,null,null,0.187812,null
0.00263816,null,null,null,0.00253436
0.994666,-0.00809415,null,null,null
-0.320701,null,0.00910177,null,null
0.118183,null,null,0.187812,null
0.00263816,null,null,null,0.00253436
0.994666,-0.00809415,null,null,null
-0.320701,null,0.00910177,null,null
0.118183,null,null,0.187812,null
0.00263816,null,null,null,0.00253436
0.994666,-0.00809415,null,null,null
-0.320701,null,0.00910177,null,null
0.118183,null,null,0.187812,null
0.00263816,null,null,null,0.00253436
0.994666,-0.00809415,null,null,null
-0.320701,null,0.00910177,null,null
0.118183,null,null,0.187812,null
0.00263816,null,null,null,0.00253436
0.994636,-0.00696369,null,null,null
-0.351294,null,0.0115657,null,null
0.119036,null,null,0.209558,null
0.000770848,null,null,null,0.00448398
0.994636,-0.00696369,null,null,null
-0.351294,null,0.0115657,null,null
0.119036,null,null,0.209558,null
0.000770848,null,null,null,0.00448398
0.994666,-0.00955249,null,null,null
-0.402431,null,0.000873222,null,null
0.15351,null,null,0.180894,null
0.00222511,null,null,null,0.000866356
0.994602,-0.0101706,null,null,null
-0.323135,null,-0.0461219,null,null
0.146489,null,null,0.172331,null
0.00147,null,null,null,0.00371471
0.994634,-0.010865,null,null,null
-0.335971,null,-0.0749566,null,null
0.128956,null,null,0.163415,null
0.00022359,null,null,null,-0.000151446
0.994634,-0.010865,null,null,null
-0.335971,null,-0.0749566,null,null
0.128956,null,null,0.163415,null
0.00022359,null,null,null,-0.000151446
0.994653,-0.00999813,null,null,null
-0.347992,null,-0.141761,null,null
0.172706,null,null,0.0916079,null
4.96136e-05,null,null,null,-0.00285611
0.994653,-0.00999813,null,null,null
-0.347992,null,-0.141761,null,null
0.172706,null,null,0.0916079,null
4.96136e-05,null,null,null,-0.00285611
0.994578,-0.0115876,null,null,null
-0.342367,null,-0.0751786,null,null
0.16673,null,null,0.110786,null
0.00014789,null,null,null,-0.00342374
0.994578,-0.0115876,null,null,null
-0.342367,null,-0.0751786,null,null
0.16673,null,null,0.110786,null
0.00014789,null,null,null,-0.00342374
0.994578,-0.0115876,null,null,null
-0.342367,null,-0.0751786,null,null
0.16673,null,null,0.110786,null
0.00014789,null,null,null,-0.00342374
0.994578,-0.0115876,null,null,null
-0.342367,null,-0.0751786,null,null
0.16673,null,null,0.110786,null
0.00014789,null,null,null,-0.00342374
0.994585,-0.00816043,null,null,null
-0.368371,null,-0.0790656,null,null
0.162637,null,null,0.0538491,null
-0.000606969,null,null,null,-0.0038112
0.994591,-0.0078169,null,null,null
-0.433095,null,-0.0559598,null,null
0.166521,null,null,0.0332175,null
0.00278082,null,null,null,-0.00287781
0.994606,-0.00420716,null,null,null
-0.368648,null,-0.0627466,null,null
0.1176,null,null,0.039809,null
0.00728354,null,null,null,-0.00317016
0.994668,-0.000846938,null,null,null
-0.37559,null,-0.0764713,null,null
0.135074,null,null,0.0505546,null
0.00484652,null,null,null,-0.00442305
0.99474,-0.000943415,null,null,null
-0.393105,null,-0.0938431,null,null
0.181391,null,null,-0.0302166,null
0.0021585,null,null,null,-0.002041
0.99475,0.00045279,null,null,null
-0.447539,null,-0.0819445,null,null
0.143641,null,null,-0.00557735,null
-0.00363606,null,null,null,0.0006896
0.99475,0.00045279,null,null,null
-0.447539,null,-0.0819445,null,null
0.143641,null,null,-0.00557735,null
-0.00363606,null,null,null,0.0006896
0.994744,0.00227699,null,null,null
-0.399108,null,-0.109727,null,null
0.139669,null,null,0.00162936,null
-0.00408639,null,null,null,-0.00165096
0.994744,0.00227699,null,null,null
-0.399108,null,-0.109727,null,null
0.139669,null,null,0.00162936,null
-0.00408639,null,null,null,-0.00165096
0.994744,0.00227699,null,null,null
-0.399108,null,-0.109727,null,null
0.139669,null,null,0.00162936,null
-0.00408639,null,null,null,-0.00165096
0.994744,0.00227699,null,null,null
-0.399108,null,-0.109727,null,null
0.139669,null,null,0.00162936,null
-0.00408639,null,null,null,-0.00165096
0.994677,-0.00274748,null,null,null
-0.415001,null,-0.119129,null,null
0.105788,null,null,-0.0256675,null
-0.00707535,null,null,null,-0.00285881
0.994681,-0.00449701,null,null,null
-0.363986,null,-0.125204,null,null
0.122554,null,null,-0.00721241,null
-0.00300059,null,null,null,-0.0051221
0.99464,-0.00597201,null,null,null
-0.431858,null,-0.114363,null,null
0.156413,null,null,-0.0301056,null
-0.00281814,null,null,null,-0.00103337
0.99464,-0.00597201,null,null,null
-0.431858,null,-0.114363,null,null
0.156413,null,null,-0.0301056,null
-0.00281814,null,null,null,-0.00103337
0.994665,-0.00898489,null,null,null
-0.396435,null,-0.159855,null,null
0.16277,null,null,-0.0180899,null
-0.00479715,null,null,null,0.00381125
0.994657,-0.00834602,null,null,null
-0.432846,null,-0.148285,null,null
0.116914,null,null,-0.071795,null
0.000911065,null,null,null,-0.0012252
0.994657,-0.00834602,null,null,null
-0.432846,null,-0.148285,null,null
0.116914,null,null,-0.071795,null
0.000911065,null,null,null,-0.0012252
0.994654,-0.00938293,null,null,null
-0.415061,null,-0.114849,null,null
0.0795472,null,null,-0.0401512,null
-0.000651201,null,null,null,-0.00118653
0.994635,-0.0074709,null,null,null
-0.387054,null,-0.0830302,null,null
0.149404,null,null,-0.0392715,null
0.000250662,null,null,null,-0.00206521
0.994691,-0.00714126,null,null,null
-0.444232,null,-0.0119468,null,null
0.121599,null,null,-0.0485886,null
-0.00369572,null,null,null,-0.00232841
0.994718,-0.00537919,null,null,null
-0.362476,null,-0.0501609,null,null
0.13711,null,null,-0.0302144,null
-0.00485269,null,null,null,0.000432557
0.994718,-0.00537919,null,null,null
-0.362476,null,-0.0501609,null,null
0.13711,null,null,-0.0302144,null
-0.00485269,null,null,null,0.000432557
0.994718,-0.00537919,null,null,null
-0.362476,null,-0.0501609,null,null
0.13711,null,null,-0.0302144,null
-0.00485269,null,null,null,0.000432557
0.994729,-0.00666107,null,null,null
-0.371419,null,-0.00422791,null,null
0.136541,null,null,-0.0402612,null
0.00166291,null,null,null,0.00310389
0.994684,-0.00549207,null,null,null
-0.359904,null,-0.0447865,null,null
0.136594,null,null,-0.036418,null
-0.00216572,null,null,null,0.00483103
0.994679,-0.00483439,null,null,null
-0.395259,null,-0.0841092,null,null
0.09165,null,null,-0.020226,null
-0.00225886,null,null,null,0.00370226
0.994605,-0.00731706,null,null,null
-0.464351,null,-0.0808767,null,null
0.121843,null,null,-0.0531218,null
0.00102606,null,null,null,-4.47939e-05
0.994591,-0.00640848,null,null,null
-0.347375,null,-0.0201475,null,null
0.0959346,null,null,-0.0141823,null
0.00381105,null,null,null,-0.00395704
0.994691,-0.00937585,null,null,null
-0.367631,null,-0.05111,null,null
0.0980106,null,null,0.024898,null
-0.000306366,null,null,null,0.000701629
0.994663,-0.00676396,null,null,null
-0.379691,null,-0.0232065,null,null
0.103303,null,null,0.0423258,null
-0.000878179,null,null,null,-0.00341151
0.994685,-0.00320662,null,null,null
-0.397241,null,0.0363629,null,null
0.0882491,null,null,0.0192569,null
-0.00239953,null,null,null,-0.00200512
0.994685,-0.00320662,null,null,null
-0.397241,null,0.0363629,null,null
0.0882491,null,null,0.0192569,null
-0.00239953,null,null,null,-0.00200512
0.994666,-0.00215568,null,null,null
-0.365717,null,-0.0012268,null,null
0.100601,null,null,0.00499674,null
-0.00106322,null,null,null,-0.00287879
0.994641,-0.000844168,null,null,null
-0.324593,null,0.0106228,null,null
0.0922785,null,null,0.0159781,null
0.00116457,null,null,null,-0.00299875
0.99464,-0.00160879,null,null,null
-0.296074,null,-0.0747142,null,null
0.0772831,null,null,0.0102999,null
0.0034507,null,null,null,-0.0003789
0.99464,-0.00160879,null,null,null
-0.296074,null,-0.0747142,null,null
0.0772831,null,null,0.0102999,null
0.0034507,null,null,null,-0.0003789
0.9947,-0.00354055,null,null,null
-0.31005,null,-0.109483,null,null
0.130579,null,null,0.0210514,null
0.0042564,null,null,null,0.00482366
0.9947,-0.00354055,null,null,null
-0.31005,null,-0.109483,null,null
0.130579,null,null,0.0210514,null
0.0042564,null,null,null,0.00482366
0.994691,-0.00456034,null,null,null
-0.302654,null,-0.0816893,null,null
0.187848,null,null,0.0388559,null
0.0014247,null,null,null,0.000998156
0.994554,-0.00621341,null,null,null
-0.307868,null,-0.0547974,null,null
0.190488,null,null,0.0219349,null
0.000764631,null,null,null,0.00337634
0.994564,-0.00304589,null,null,null
-0.338097,null,-0.0249529,null,null
0.221589,null,null,0.0528596,null
-0.00260145,null,null,null,0.00331384
0.994564,-0.00304589,null,null,null
-0.338097,null,-0.0249529,null,null
0.221589,null,null,0.0528596,null
-0.00260145,null,null,null,0.00331384
0.994587,-0.00606361,null,null,null
-0.329631,null,-0.0490929,null,null
0.236844,null,null,0.0121279,null
0.000319813,null,null,null,-2.05872e-05
0.99461,-0.0082588,null,null,null
-0.313565,null,-0.0445837,null,null
0.199018,null,null,0.0589344,null
-0.000567431,null,null,null,-0.0013072
0.99461,-0.0082588,null,null,null
-0.313565,null,-0.0445837,null,null
0.199018,null,null,0.0589344,null
-0.000567431,null,null,null,-0.0013072
0.99461,-0.0082588,null,null,null
-0.313565,null,-0.0445837,null,null
0.199018,null,null,0.0589344,null
-0.000567431,null,null,null,-0.0013072
0.994561,-0.00982552,null,null,null
-0.309024,null,-0.0961181,null,null
0.216034,null,null,0.0902918,null
-0.000274345,null,null,null,-0.00441766
0.994561,-0.00982552,null,null,null
-0.309024,null,-0.0961181,null,null
0.216034,null,null,0.0902918,null
-0.000274345,null,null,null,-0.00441766
0.994551,-0.0108407,null,null,null
-0.344807,null,-0.0549159,null,null
0.194229,null,null,0.0786445,null
-0.00157267,null,null,null,-0.00399558
0.994551,-0.0108407,null,null,null
-0.344807,null,-0.0549159,null,null
0.194229,null,null,0.0786445,null
-0.00157267,null,null,null,-0.00399558
0.994551,-0.0108407,null,null,null
-0.344807,null,-0.0549159,null,null
0.194229,null,null,0.0786445,null
-0.00157267,null,null,null,-0.00399558
0.994551,-0.0108407,null,null,null
-0.344807,null,-0.0549159,null,null
0.194229,null,null,0.0786445,null
-0.00157267,null,null,null,-0.00399558
0.994639,-0.0105717,null,null,null
-0.33583,null,-0.133408,null,null
0.152,null,null,0.0660479,null
0.00151422,null,null,null,-0.000819806
0.994639,-0.0105717,null,null,null
-0.33583,null,-0.133408,null,null
0.152,null,null,0.0660479,null
0.00151422,null,null,null,-0.000819806
0.994639,-0.0105717,null,null,null
-0.33583,null,-0.133408,null,null
0.152,null,null,0.0660479,null
0.00151422,null,null,null,-0.000819806
0.994566,-0.0116154,null,null,null
-0.330948,null,-0.135909,null,null
0.196805,null,null,0.0731462,null
-0.000227199,null,null,null,-0.00125106
0.994566,-0.0116154,null,null,null
-0.330948,null,-0.135909,null,null
0.196805,null,null,0.0731462,null
-0.000227199,null,null,null,-0.00125106
0.994551,-0.0136583,null,null,null
-0.321383,null,-0.134361,null,null
0.202434,null,null,0.0873125,null
0.00383299,null,null,null,-0.00182184
0.994551,-0.0136583,null,null,null
-0.321383,null,-0.134361,null,null
0.202434,null,null,0.0873125,null
0.00383299,null,null,null,-0.00182184
0.994565,-0.00968676,null,null,null
-0.392829,null,-0.0971985,null,null
0.172781,null,null,0.0760699,null
0.00650046,null,null,null,-0.000722373
0.994605,-0.00795105,null,null,null
-0.345239,null,-0.0743346,null,null
0.147231,null,null,0.0762395,null
0.00415312,null,null,null,-0.00231954
0.994657,-0.00785586,null,null,null
-0.365731,null,-0.0911024,null,null
0.111666,null,null,0.0255781,null
0.00520063,null,null,null,-0.00381234
0.994698,-0.00582757,null,null,null
-0.401726,null,-0.0811313,null,null
0.14618,null,null,0.0408442,null
0.00439931,null,null,null,-0.000763227
0.99469,-0.00584011,null,null,null
-0.420119,null,-0.0879171,null,null
0.152491,null,null,0.0396685,null
0.003134,null,null,null,0.000453181
0.994598,-0.0054433,null,null,null
-0.376384,null,-0.0891369,null,null
0.173544,null,null,0.0591675,null
0.00302999,null,null,null,0.000958491
0.994684,-0.00470353,null,null,null
-0.397299,null,-0.0588832,null,null
0.181224,null,null,0.0925271,null
0.00104367,null,null,null,-0.000813111
0.994684,-0.00470353,null,null,null
-0.397299,null,-0.0588832,null,null
0.181224,null,null,0.0925271,null
0.00104367,null,null,null,-0.000813111
0.994668,-0.00220677,null,null,null
-0.39089,null,-0.0771817,null,null
0.231806,null,null,0.160305,null
-0.000412829,null,null,null,0.000570066
0.994642,0.00101223,null,null,null
-0.388439,null,-0.137195,null,null
0.229136,null,null,0.13628,null
-0.00152219,null,null,null,0.00311261
0.994677,0.00155191,null,null,null
-0.366177,null,-0.177386,null,null
0.216969,null,null,0.138244,null
0.00179575,null,null,null,0.000320446
0.994677,0.00155191,null,null,null
-0.366177,null,-0.177386,null,null
0.216969,null,null,0.138244,null
0.00179575,null,null,null,0.000320446
0.994712,0.000722754,null,null,null
-0.37222,null,-0.217007,null,null
0.22379,null,null,0.0688074,null
0.000452126,null,null,null,0.00436531
0.994706,0.00270349,null,null,null
-0.351221,null,-0.185075,null,null
0.129119,null,null,0.0501788,null
0.00166944,null,null,null,-0.000440042
0.994722,0.0034042,null,null,null
-0.420177,null,-0.126991,null,null
0.112198,null,null,0.108406,null
0.00247755,null,null,null,0.00300969
0.994745,0.00160281,null,null,null
-0.408596,null,-0.147401,null,null
0.106892,null,null,0.118747,null
-0.00166166,null,null,null,-0.00216032
0.994771,0.00132195,null,null,null
-0.428235,null,-0.151876,null,null
0.0907339,null,null,0.0759003,null
0.00258009,null,null,null,-0.00174704
0.994771,0.00132195,null,null,null
-0.428235,null,-0.151876,null,null
0.0907339,null,null,0.0759003,null
0.00258009,null,null,null,-0.00174704
0.99473,0.00398666,null,null,null
-0.472394,null,-0.120685,null,null
0.0597391,null,null,0.0980728,null
-0.00245666,null,null,null,-0.00298212
0.99473,0.00398666,null,null,null
-0.472394,null,-0.120685,null,null
0.0597391,null,null,0.0980728,null
-0.00245666,null,null,null,-0.00298212
0.99473,0.00398666,null,null,null
-0.472394,null,-0.120685,null,null
0.0597391,null,null,0.0980728,null
-0.00245666,null,null,null,-0.00298212
0.994704,0.00458099,null,null,null
-0.411488,null,-0.0866175,null,null
0.170231,null,null,0.0619095,null
0.00145495,null,null,null,-0.00348061
0.994704,0.00458099,null,null,null
-0.411488,null,-0.0866175,null,null
0.170231,null,null,0.0619095,null
0.00145495,null,null,null,-0.00348061
0.994776,0.00639465,null,null,null
-0.404945,null,-0.0896679,null,null
0.18277,null,null,0.0776636,null
0.00172191,null,null,null,-0.00432043
0.994776,0.00639465,null,null,null
-0.404945,null,-0.0896679,null,null
0.18277,null,null,0.0776636,null
0.00172191,null,null,null,-0.00432043
0.994816,0.00433131,null,null,null
-0.420249,null,-0.0655601,null,null
0.163171,null,null,0.0414304,null
0.00291016,null,null,null,-0.00563285
0.994759,0.00362437,null,null,null
-0.428136,null,-0.0521864,null,null
0.170004,null,null,0.00427605,null
-0.00285621,null,null,null,-0.000924815
0.994754,0.000675946,null,null,null
-0.437079,null,-0.0383192,null,null
0.235357,null,null,-0.0177992,null
-0.00251125,null,null,null,-0.000764736
0.994716,-0.00167409,null,null,null
-0.436462,null,-0.0774111,null,null
0.230343,null,null,-0.00502911,null
0.00140129,null,null,null,0.000344945
0.994716,-0.00167409,null,null,null
-0.436462,null,-0.0774111,null,null
0.230343,null,null,-0.00502911,null
0.00140129,null,null,null,0.000344945
0.994695,0.00122668,null,null,null
-0.390605,null,-0.064083,null,null
0.226678,null,null,-0.00682286,null
0.00419685,null,null,null,0.00141451
0.994665,0.00198669,null,null,null
-0.387695,null,-0.0499209,null,null
0.232325,null,null,-0.0304796,null
-0.00161401,null,null,null,0.00131415
0.99465,0.000289529,null,null,null
-0.377566,null,-0.060158,null,null
0.189403,null,null,0.000957325,null
0.00165214,null,null,null,-0.00260111
0.99465,0.000289529,null,null,null
-0.377566,null,-0.060158,null,null
0.189403,null,null,0.000957325,null
0.00165214,null,null,null,-0.00260111
0.99465,0.000289529,null,null,null
-0.377566,null,-0.060158,null,null
0.189403,null,null,0.000957325,null
0.00165214,null,null,null,-0.00260111
0.99465,0.000289529,null,null,null
-0.377566,null,-0.060158,null,null
0.189403,null,null,0.000957325,null
0.00165214,null,null,null,-0.00260111
0.994642,-0.000983091,null,null,null
-0.391539,null,-0.0541436,null,null
0.203181,null,null,0.0124386,null
0.000624181,null,null,null,-0.00218637
0.99464,-0.00124828,null,null,null
-0.329101,null,-0.0738829,null,null
0.186716,null,null,0.0653732,null
0.00222064,null,null,null,-0.00166879
0.994669,-0.000655277,null,null,null
-0.347552,null,-0.0573291,null,null
0.202873,null,null,0.015089,null
-0.00270376,null,null,null,-0.00251634
0.99464,-0.00604036,null,null,null
-0.330711,null,-0.0587171,null,null
0.154825,null,null,0.0738866,null
0.000323421,null,null,null,-0.00294204
0.99462,-0.00729285,null,null,null
-0.321518,null,-0.0373972,null,null
0.169581,null,null,0.100547,null
0.0013276,null,null,null,-0.00110936
0.99462,-0.00729285,null,null,null
-0.321518,null,-0.0373972,null,null
0.169581,null,null,0.100547,null
0.0013276,null,null,null,-0.00110936
0.994649,-0.00717058,null,null,null
-0.31879,null,-0.0221265,null,null
0.133275,null,null,0.131016,null
0.000326571,null,null,null,0.000123332
0.994596,-0.00742415,null,null,null
-0.358045,null,-0.015534,null,null
0.174059,null,null,0.123944,null
-0.00213364,null,null,null,-0.00290774
0.994698,-0.00610161,null,null,null
-0.359796,null,0.0141338,null,null
0.201265,null,null,0.141698,null
-0.000597591,null,null,null,-0.00142082
0.994721,-0.00306439,null,null,null
-0.385384,null,0.00660794,null,null
0.174999,null,null,0.0819881,null
0.00207726,null,null,null,-0.00130577
0.994721,-0.00306439,null,null,null
-0.385384,null,0.00660794,null,null
0.174999,null,null,0.0819881,null
0.00207726,null,null,null,-0.00130577
0.994721,-0.00306439,null,null,null
-0.385384,null,0.00660794,null,null
0.174999,null,null,0.0819881,null
0.00207726,null,null,null,-0.00130577
0.994735,-0.00364108,null,null,null
-0.368929,null,-0.000944505,null,null
0.163013,null,null,0.0710575,null
-0.000471696,null,null,null,-0.00213791
0.994735,-0.00528367,null,null,null
-0.344216,null,0.0193085,null,null
0.201013,null,null,0.134354,null
-0.00214419,null,null,null,-0.00071507
0.994735,-0.00528367,null,null,null
-0.344216,null,0.0193085,null,null
0.201013,null,null,0.134354,null
-0.00214419,null,null,null,-0.00071507
0.994706,-0.00375196,null,null,null
-0.374389,null,0.017502,null,null
0.188675,null,null,0.165213,null
-0.00556228,null,null,null,-0.00140942
0.994751,-0.00416422,null,null,null
-0.323859,null,0.00912276,null,null
0.186138,null,null,0.169258,null
-0.00200907,null,null,null,-0.00101957
0.994734,-0.00508595,null,null,null
-0.34369,null,0.0426023,null,null
0.187085,null,null,0.164697,null
-0.00397251,null,null,null,-0.00314851
0.994825,-0.00228975,null,null,null
-0.340224,null,0.0613914,null,null
0.246587,null,null,0.088607,null
-0.00116467,null,null,null,0.000234781
0.994771,0.00101405,null,null,null
-0.315074,null,0.107493,null,null
0.219244,null,null,0.092582,null
0.00260751,null,null,null,-0.00342694
0.994784,-0.000999644,null,null,null
-0.294526,null,0.101343,null,null
0.211721,null,null,0.0201095,null
0.000990784,null,null,null,0.00322403
0.994753,0.0016501,null,null,null
-0.31908,null,0.10916,null,null
0.223988,null,null,0.0558734,null
-0.00033221,null,null,null,0.00653707
0.994753,0.0016501,null,null,null
-0.31908,null,0.10916,null,null
0.223988,null,null,0.0558734,null
-0.00033221,null,null,null,0.00653707
0.994715,0.00242808,null,null,null
-0.310245,null,0.0558094,null,null
0.244533,null,null,0.0626358,null
0.00251826,null,null,null,0.00337184
0.994706,0.00564269,null,null,null
-0.37205,null,0.156436,null,null
0.284651,null,null,0.0735531,null
0.00338119,null,null,null,-0.00308971
0.994706,0.00564269,null,null,null
-0.37205,null,0.156436,null,null
0.284651,null,null,0.0735531,null
0.00338119,null,null,null,-0.00308971
0.99469,0.00599085,null,null,null
-0.323711,null,0.190284,null,null
0.284008,null,null,0.0727803,null
0.000550856,null,null,null,0.00072254
0.994672,0.00667155,null,null,null
-0.278225,null,0.148982,null,null
0.297193,null,null,0.0835106,null
-0.000277111,null,null,null,0.000370704
0.994666,0.00925775,null,null,null
-0.293006,null,0.202566,null,null
0.265829,null,null,0.093457,null
-0.00026462,null,null,null,0.00106316
0.994666,0.00925775,null,null,null
-0.293006,null,0.202566,null,null
0.265829,null,null,0.093457,null
-0.00026462,null,null,null,0.00106316
0.994666,0.00925775,null,null,null
-0.293006,null,0.202566,null,null
0.265829,null,null,0.093457,null
-0.00026462,null,null,null,0.00106316
0.994666,0.00925775,null,null,null
-0.293006,null,0.202566,null,null
0.265829,null,null,0.093457,null
-0.00026462,null,null,null,0.00106316
0.994672,0.0124995,null,null,null
-0.321191,null,0.217028,null,null
0.275276,null,null,0.0981234,null
0.00116331,null,null,null,0.000630495
0.994685,0.0090027,null,null,null
-0.352696,null,0.174889,null,null
0.313538,null,null,0.0383387,null
0.00582606,null,null,null,0.00100492
0.994715,0.00715234,null,null,null
-0.302859,null,0.176406,null,null
0.301208,null,null,0.076364,null
0.00121734,null,null,null,-0.00263396
0.994657,0.00792964,null,null,null
-0.304189,null,0.117399,null,null
0.285992,null,null,0.0838554,null
0.00181602,null,null,null,-0.00290813
0.994657,0.00792964,null,null,null
-0.304189,null,0.117399,null,null
0.285992,null,null,0.0838554,null
0.00181602,null,null,null,-0.00290813
0.994672,0.00814526,null,null,null
-0.26276,null,0.035553,null,null
0.31862,null,null,0.112435,null
0.00328321,null,null,null,-0.00220848
0.994672,0.00814526,null,null,null
-0.26276,null,0.035553,null,null
0.31862,null,null,0.112435,null
0.00328321,null,null,null,-0.00220848
0.994672,0.00814526,null,null,null
-0.26276,null,0.035553,null,null
0.31862,null,null,0.112435,null
0.00328321,null,null,null,-0.00220848
0.994672,0.00814526,null,null,null
-0.26276,null,0.035553,null,null
0.31862,null,null,0.112435,null
0.00328321,null,null,null,-0.00220848
0.994684,0.00759965,null,null,null
-0.255294,null,0.0950798,null,null
0.321316,null,null,0.125526,null
-0.00065141,null,null,null,-0.00260286
0.994684,0.00759965,null,null,null
-0.255294,null,0.0950798,null,null
0.321316,null,null,0.125526,null
-0.00065141,null,null,null,-0.00260286
0.994742,0.0101518,null,null,null
-0.227213,null,0.101454,null,null
0.234746,null,null,0.167215,null
-0.00147843,null,null,null,0.00199825
0.994788,0.00693592,null,null,null
-0.258021,null,0.0863187,null,null
0.297198,null,null,0.125774,null
-0.000904122,null,null,null,0.00246071
0.994742,0.00757589,null,null,null
-0.224966,null,0.0806323,null,null
0.295687,null,null,0.094763,null
-0.00257686,null,null,null,0.00155498
0.994742,0.00757589,null,null,null
-0.224966,null,0.0806323,null,null
0.295687,null,null,0.094763,null
-0.00257686,null,null,null,0.00155498
0.994694,0.00622151,null,null,null
-0.222465,null,0.0864236,null,null
0.251644,null,null,0.0799415,null
0.00236047,null,null,null,0.00304444
0.994694,0.00622151,null,null,null
-0.222465,null,0.0864236,null,null
0.251644,null,null,0.0799415,null
0.00236047,null,null,null,0.00304444
0.994701,0.00607774,null,null,null
-0.238813,null,0.096674,null,null
0.247464,null,null,0.0625611,null
-0.00288446,null,null,null,0.00345097
0.994701,0.00607774,null,null,null
-0.238813,null,0.096674,null,null
0.247464,null,null,0.0625611,null
-0.00288446,null,null,null,0.00345097
0.994756,0.00532348,null,null,null
-0.253985,null,0.0824886,null,null
0.180649,null,null,0.0693064,null
0.000601581,null,null,null,0.00696776
0.994724,0.0037458,null,null,null
-0.289577,null,0.106053,null,null
0.184094,null,null,0.0565214,null
0.00320536,null,null,null,0.00505066
0.994724,0.0037458,null,null,null
-0.289577,null,0.106053,null,null
0.184094,null,null,0.0565214,null
0.00320536,null,null,null,0.00505066
0.994724,0.0037458,null,null,null
-0.289577,null,0.106053,null,null
0.184094,null,null,0.0565214,null
0.00320536,null,null,null,0.00505066
0.994744,0.00284386,null,null,null
-0.285055,null,0.15859,null,null
0.182842,null,null,0.0307882,null
0.00386943,null,null,null,0.00514025
0.994744,0.00284386,null,null,null
-0.285055,null,0.15859,null,null
0.182842,null,null,0.0307882,null
0.00386943,null,null,null,0.00514025
0.994799,-0.00192213,null,null,null
-0.262985,null,0.195199,null,null
0.223523,null,null,0.0479904,null
0.00402587,null,null,null,0.00124242
0.994799,-0.00192213,null,null,null
-0.262985,null,0.195199,null,null
0.223523,null,null,0.0479904,null
0.00402587,null,null,null,0.00124242
0.994762,0.00160121,null,null,null
-0.324635,null,0.173055,null,null
0.256365,null,null,0.0425555,null
0.0014435,null,null,null,0.00278631
0.994762,0.00160121,null,null,null
-0.324635,null,0.173055,null,null
0.256365,null,null,0.0425555,null
0.0014435,null,null,null,0.00278631
0.994759,0.003665,null,null,null
-0.327611,null,0.135593,null,null
0.25729,null,null,0.0259473,null
0.000696409,null,null,null,0.00150818
0.994759,0.003665,null,null,null
-0.327611,null,0.135593,null,null
0.25729,null,null,0.0259473,null
0.000696409,null,null,null,0.00150818
0.994759,0.003665,null,null,null
-0.327611,null,0.135593,null,null
0.25729,null,null,0.0259473,null
0.000696409,null,null,null,0.00150818
0.994657,0.0067547,null,null,null
-0.272525,null,0.103097,null,null
0.239228,null,null,-0.0141832,null
0.000426191,null,null,null,0.000957054
0.994636,0.00588959,null,null,null
-0.286604,null,0.0846946,null,null
0.168258,null,null,-0.0400112,null
0.000577371,null,null,null,0.000633785
0.994636,0.00588959,null,null,null
-0.286604,null,0.0846946,null,null
0.168258,null,null,-0.0400112,null
0.000577371,null,null,null,0.000633785
0.994636,0.00588959,null,null,null
-0.286604,null,0.0846946,null,null
0.168258,null,null,-0.0400112,null
0.000577371,null,null,null,0.000633785
0.994648,0.00931684,null,null,null
-0.265525,null,0.127684,null,null
0.159958,null,null,-0.0282744,null
0.000636338,null,null,null,0.00115068
0.99455,0.00965874,null,null,null
-0.254106,null,0.143666,null,null
0.172058,null,null,-0.0150022,null
-0.000331719,null,null,null,0.00375399
0.99455,0.00965874,null,null,null
-0.254106,null,0.143666,null,null
0.172058,null,null,-0.0150022,null
-0.000331719,null,null,null,0.00375399
0.994551,0.0122533,null,null,null
-0.199356,null,0.0621683,null,null
0.168649,null,null,0.016391,null
0.00142026,null,null,null,0.00299321
0.994551,0.0122533,null,null,null
-0.199356,null,0.0621683,null,null
0.168649,null,null,0.016391,null
0.00142026,null,null,null,0.00299321
0.994578,0.0123167,null,null,null
-0.193255,null,0.0774383,null,null
0.218206,null,null,0.0210906,null
0.00100976,null,null,null,-0.000955781
0.994578,0.0123167,null,null,null
-0.193255,null,0.0774383,null,null
0.218206,null,null,0.0210906,null
0.00100976,null,null,null,-0.000955781
0.994611,0.0118885,null,null,null
-0.22323,null,0.0749752,null,null
0.146292,null,null,0.0204219,null
0.000273824,null,null,null,-0.00182146
0.994611,0.0118885,null,null,null
-0.22323,null,0.0749752,null,null
0.146292,null,null,0.0204219,null
0.000273824,null,null,null,-0.00182146
0.994611,0.0118885,null,null,null
-0.22323,null,0.0749752,null,null
0.146292,null,null,0.0204219,null
0.000273824,null,null,null,-0.00182146
0.994625,0.0118844,null,null,null
-0.150443,null,0.104321,null,null
0.160071,null,null,0.00920624,null
-0.00209001,null,null,null,-0.000264566
0.994633,0.0154962,null,null,null
-0.147091,null,0.111489,null,null
0.121231,null,null,-0.0219345,null
-0.00839601,null,null,null,0.000230996
0.994633,0.0154962,null,null,null
-0.147091,null,0.111489,null,null
0.121231,null,null,-0.0219345,null
-0.00839601,null,null,null,0.000230996
0.994575,0.0187196,null,null,null
-0.157059,null,0.0768544,null,null
0.0980106,null,null,0.0026754,null
-0.000295719,null,null,null,0.000262126
0.994459,0.0194096,null,null,null
-0.172717,null,0.0443974,null,null
0.16471,null,null,0.0240786,null
0.000786748,null,null,null,0.00319404
0.99455,0.0163351,null,null,null
-0.128667,null,0.0569812,null,null
0.190599,null,null,-0.0374056,null
0.00169105,null,null,null,0.00125175
0.99455,0.0163351,null,null,null
-0.128667,null,0.0569812,null,null
0.190599,null,null,-0.0374056,null
0.00169105,null,null,null,0.00125175
0.994578,0.012925,null,null,null
-0.107963,null,0.080319,null,null
0.134065,null,null,0.00456374,null
0.00125472,null,null,null,0.00110678
0.994519,0.0172145,null,null,null
-0.0726594,null,0.0742204,null,null
0.0609346,null,null,0.0158282,null
0.0016057,null,null,null,0.000977821
0.994485,0.0182686,null,null,null
-0.0417694,null,0.112963,null,null
0.083569,null,null,0.00661827,null
-0.00106018,null,null,null,-0.00121593
0.994448,0.0174036,null,null,null
-0.0346785,null,0.0891099,null,null
0.0993003,null,null,-0.0137459,null
0.0036812,null,null,null,-0.00230013
0.994516,0.0173821,null,null,null
-0.0210322,null,0.115326,null,null
0.141723,null,null,-0.00553613,null
-0.00173214,null,null,null,0.00248239
0.994494,0.0183434,null,null,null
0.0381725,null,0.13621,null,null
0.146953,null,null,-0.0392853,null
0.000414168,null,null,null,-0.00366006
0.994494,0.0183434,null,null,null
0.0381725,null,0.13621,null,null
0.146953,null,null,-0.0392853,null
0.000414168,null,null,null,-0.00366006
0.994494,0.0183434,null,null,null
0.0381725,null,0.13621,null,null
0.146953,null,null,-0.0392853,null
0.000414168,null,null,null,-0.00366006
0.994494,0.0183434,null,null,null
0.0381725,null,0.13621,null,null
0.146953,null,null,-0.0392853,null
0.000414168,null,null,null,-0.00366006
0.994594,0.016592,null,null,null
0.0721891,null,0.135654,null,null
0.167496,null,null,-0.0333668,null
-0.00121542,null,null,null,0.000415801
0.994642,0.012488,null,null,null
0.0807328,null,0.173565,null,null
0.114805,null,null,-0.0255824,null
-0.00365242,null,null,null,-0.00383471
0.994641,0.0136116,null,null,null
0.0849475,null,0.17653,null,null
0.0932566,null,null,-0.0124042,null
0.000691746,null,null,null,0.0027589
0.994641,0.0136116,null,null,null
0.0849475,null,0.17653,null,null
0.0932566,null,null,-0.0124042,null
0.000691746,null,null,null,0.0027589
0.994641,0.0136116,null,null,null
0.0849475,null,0.17653,null,null
0.0932566,null,null,-0.0124042,null
0.000691746,null,null,null,0.0027589
0.994641,0.0136116,null,null,null
0.0849475,null,0.17653,null,null
0.0932566,null,null,-0.0124042,null
0.000691746,null,null,null,0.0027589
0.994641,0.0136116,null,null,null
0.0849475,null,0.17653,null,null
0.0932566,null,null,-0.0124042,null
0.000691746,null,null,null,0.0027589
0.994641,0.013072,null,null,null
0.0543288,null,0.140687,null,null
0.124924,null,null,0.00144943,null
0.000262762,null,null,null,-0.000951269
0.994636,0.0141169,null,null,null
0.050143,null,0.143355,null,null
0.211363,null,null,-0.0201184,null
0.00532188,null,null,null,-6.79877e-05
0.994636,0.0141169,null,null,null
0.050143,null,0.143355,null,null
0.211363,null,null,-0.0201184,null
0.00532188,null,null,null,-6.79877e-05
0.994627,0.0112636,null,null,null
0.0202739,null,0.114979,null,null
0.214261,null,null,-0.0353661,null
-0.00175695,null,null,null,-0.00151012
0.99462,0.00991766,null,null,null
0.0345316,null,0.112704,null,null
0.180092,null,null,-0.013266,null
0.000475825,null,null,null,-5.30601e-05
0.99462,0.00991766,null,null,null
0.0345316,null,0.112704,null,null
0.180092,null,null,-0.013266,null
0.000475825,null,null,null,-5.30601e-05
0.994569,0.0129801,null,null,null
0.0075253,null,0.166527,null,null
0.196245,null,null,-0.0525953,null
0.00236759,null,null,null,-0.000408875
0.994571,0.0143414,null,null,null
-0.0539395,null,0.120517,null,null
0.176289,null,null,-0.0639902,null
0.000241186,null,null,null,0.000780816
0.994571,0.0143414,null,null,null
-0.0539395,null,0.120517,null,null
0.176289,null,null,-0.0639902,null
0.000241186,null,null,null,0.000780816
0.994596,0.0134794,null,null,null
-0.0246153,null,0.101201,null,null
0.155746,null,null,0.0360173,null
0.00152021,null,null,null,-0.00230429
0.994596,0.0134794,null,null,null
-0.0246153,null,0.101201,null,null
0.155746,null,null,0.0360173,null
0.00152021,null,null,null,-0.00230429
0.994664,0.00980525,null,null,null
-0.0169016,null,0.10748,null,null
0.088208,null,null,0.0720235,null
-0.0031602,null,null,null,-0.000952916
0.994664,0.00980525,null,null,null
-0.0169016,null,0.10748,null,null
0.088208,null,null,0.0720235,null
-0.0031602,null,null,null,-0.000952916
0.994664,0.00980525,null,null,null
-0.0169016,null,0.10748,null,null
0.088208,null,null,0.0720235,null
-0.0031602,null,null,null,-0.000952916
0.994574,0.00998806,null,null,null
-0.0182925,null,0.171939,null,null
0.120536,null,null,0.078223,null
0.00095843,null,null,null,-0.000342837
0.99463,0.0101918,null,null,null
0.00217784,null,0.129796,null,null
0.0662611,null,null,0.121942,null
-7.49175e-05,null,null,null,-0.00465772
0.994636,0.0095621,null,null,null
-0.0632855,null,0.158315,null,null
0.031683,null,null,0.139655,null
-3.90041e-05,null,null,null,-0.0019245
0.994695,0.00884189,null,null,null
-0.0564912,null,0.137981,null,null
0.0647739,null,null,0.0634514,null
0.00336646,null,null,null,-0.0064006
0.994695,0.00884189,null,null,null
-0.0564912,null,0.137981,null,null
0.0647739,null,null,0.0634514,null
0.00336646,null,null,null,-0.0064006
0.994683,0.0100891,null,null,null
-0.0478111,null,0.189914,null,null
0.0569817,null,null,0.0664379,null
0.0020899,null,null,null,0.00172084
0.994683,0.0100891,null,null,null
-0.0478111,null,0.189914,null,null
0.0569817,null,null,0.0664379,null
0.0020899,null,null,null,0.00172084
0.994683,0.0100891,null,null,null
-0.0478111,null,0.189914,null,null
0.0569817,null,null,0.0664379,null
0.0020899,null,null,null,0.00172084
0.994703,0.00999866,null,null,null
-0.0317639,null,0.211296,null,null
0.0901529,null,null,0.0729695,null
-0.000748001,null,null,null,-7.57214e-05
0.994703,0.00999866,null,null,null
-0.0317639,null,0.211296,null,null
0.0901529,null,null,0.0729695,null
-0.000748001,null,null,null,-7.57215e-05
0.994696,0.00664121,null,null,null
0.00673418,null,0.168851,null,null
0.0907778,null,null,0.0336402,null
-0.00197652,null,null,null,0.000371716
0.994641,0.00682354,null,null,null
0.0170686,null,0.151828,null,null
0.0698577,null,null,0.0448197,null
-0.0039782,null,null,null,-0.000141404
0.994641,0.00682354,null,null,null
0.0170686,null,0.151828,null,null
0.0698577,null,null,0.0448197,null
-0.0039782,null,null,null,-0.000141404
0.99457,0.00877727,null,null,null
0.00419855,null,0.132714,null,null
0.0434901,null,null,0.088404,null
-0.00320027,null,null,null,-0.00045882
0.99457,0.00877727,null,null,null
0.00419855,null,0.132714,null,null
0.0434901,null,null,0.088404,null
-0.00320027,null,null,null,-0.00045882
0.994574,0.00568097,null,null,null
0.0145278,null,0.0837723,null,null
0.0553693,null,null,0.127125,null
-0.0006773,null,null,null,-0.0014688
0.99457,0.00062551,null,null,null
-0.0535205,null,0.0930118,null,null
0.0749114,null,null,0.152111,null
-0.00398496,null,null,null,0.00405889
0.994514,0.00286465,null,null,null
-0.0524616,null,0.109381,null,null
0.0301541,null,null,0.164876,null
-0.00144574,null,null,null,-0.000501189
0.994672,0.00313134,null,null,null
-0.0285658,null,0.141886,null,null
0.10314,null,null,0.124609,null
-0.00182956,null,null,null,0.00100491
0.99463,0.00692224,null,null,null
-0.10844,null,0.0949069,null,null
0.106895,null,null,0.110282,null
-0.00150852,null,null,null,0.00366967
0.994622,0.0073294,null,null,null
-0.114726,null,0.11366,null,null
0.134442,null,null,0.0949205,null
0.00274481,null,null,null,0.0045901
0.994576,0.00484943,null,null,null
-0.0537544,null,0.115345,null,null
0.0779477,null,null,0.070606,null
0.00114542,null,null,null,0.00276569
0.994576,0.00484943,null,null,null
-0.0537544,null,0.115345,null,null
0.0779477,null,null,0.070606,null
0.00114542,null,null,null,0.00276569
0.994576,0.00484943,null,null,null
-0.0537544,null,0.115345,null,null
0.0779477,null,null,0.070606,null
0.00114542,null,null,null,0.00276569
0.994576,0.00484943,null,null,null
-0.0537544,null,0.115345,null,null
0.0779477,null,null,0.070606,null
0.00114542,null,null,null,0.00276569
0.994651,0.0052791,null,null,null
-0.0582187,null,0.116632,null,null
0.0816078,null,null,0.101132,null
0.00282248,null,null,null,-0.00194936
0.994642,0.00294826,null,null,null
-0.0987199,null,0.149725,null,null
0.128641,null,null,0.122895,null
0.00100955,null,null,null,-0.000389013
0.994566,0.00382762,null,null,null
-0.06395,null,0.130442,null,null
0.0722032,null,null,0.115221,null
-0.000605687,null,null,null,-0.00032339
0.994615,0.00129808,null,null,null
-0.0699242,null,0.160086,null,null
0.0610708,null,null,0.0635429,null
-0.000450953,null,null,null,-0.0024325
0.994561,-0.00266215,null,null,null
-0.0508895,null,0.157675,null,null
0.09067,null,null,0.0675987,null
0.00113835,null,null,null,-0.00169272
0.994675,-0.00483764,null,null,null
-0.0618514,null,0.138494,null,null
0.0719686,null,null,0.0890679,null
0.0032545,null,null,null,0.00181189
0.994675,-0.00483764,null,null,null
-0.0618514,null,0.138494,null,null
0.0719686,null,null,0.0890679,null
0.0032545,null,null,null,0.00181189
0.994675,-0.00483764,null,null,null
-0.0618514,null,0.138494,null,null
0.0719686,null,null,0.0890679,null
0.0032545,null,null,null,0.00181189
0.994684,-0.00226018,null,null,null
-0.0276022,null,0.163318,null,null
0.000784615,null,null,0.0851522,null
0.000324654,null,null,null,-0.000255596
0.994705,0.000219861,null,null,null
-0.0280542,null,0.126633,null,null
0.004153,null,null,0.0715347,null
0.00357454,null,null,null,-0.00269689
0.994705,0.000219861,null,null,null
-0.0280542,null,0.126633,null,null
0.004153,null,null,0.0715347,null
0.00357454,null,null,null,-0.00269689
0.994705,0.000219861,null,null,null
-0.0280542,null,0.126633,null,null
0.004153,null,null,0.0715347,null
0.00357454,null,null,null,-0.00269689
0.994705,0.000219861,null,null,null
-0.0280542,null,0.126633,null,null
0.004153,null,null,0.0715347,null
0.00357454,null,null,null,-0.00269689
0.994687,0.00167415,null,null,null
-0.0274402,null,0.109114,null,null
0.0216844,null,null,0.103233,null
-0.00239174,null,null,null,0.0010021
0.994687,0.00167415,null,null,null
-0.0274402,null,0.109114,null,null
0.0216844,null,null,0.103233,null
-0.00239174,null,null,null,0.0010021
0.994727,0.00524661,null,null,null
-0.0370314,null,0.0745279,null,null
0.0366703,null,null,0.115093,null
0.000373264,null,null,null,-0.00064606
0.994727,0.00524661,null,null,null
-0.0370314,null,0.0745279,null,null
0.0366703,null,null,0.115093,null
0.000373264,null,null,null,-0.00064606
0.994735,0.00389042,null,null,null
-0.0368132,null,0.126971,null,null
-0.0108095,null,null,0.13532,null
-0.000711452,null,null,null,-0.000668724
0.994735,0.00342,null,null,null
-0.0402406,null,0.16125,null,null
-0.0013472,null,null,0.096312,null
-0.00132766,null,null,null,0.00117822
0.994661,0.00544133,null,null,null
0.00609952,null,0.218002,null,null
-0.0654668,null,null,0.109052,null
-0.00348164,null,null,null,-0.000833651
0.994661,0.00544133,null,null,null
0.00609952,null,0.218002,null,null
-0.0654668,null,null,0.109052,null
-0.00348164,null,null,null,-0.000833651
0.994661,0.00544133,null,null,null
0.00609952,null,0.218002,null,null
-0.0654668,null,null,0.109052,null
-0.00348164,null,null,null,-0.000833651
0.994694,0.00549395,null,null,null
0.0371486,null,0.222997,null,null
-0.0517661,null,null,0.0664493,null
0.00366481,null,null,null,0.000800986
0.994653,0.00645064,null,null,null
0.0400029,null,0.227395,null,null
-0.0971676,null,null,0.14793,null
0.00338837,null,null,null,0.00112019
0.994689,0.00562125,null,null,null
0.059491,null,0.21946,null,null
-0.109065,null,null,0.0835728,null
0.0027907,null,null,null,0.00276214
0.994689,0.00562125,null,null,null
0.059491,null,0.21946,null,null
-0.109065,null,null,0.0835728,null
0.0027907,null,null,null,0.00276214
0.994744,0.00756488,null,null,null
0.0866925,null,0.195357,null,null
-0.1254,null,null,0.0654032,null
-0.0004101,null,null,null,-0.0013524
0.994659,0.00615766,null,null,null
0.0930899,null,0.227057,null,null
-0.154729,null,null,0.119184,null
0.00377401,null,null,null,0.00114667
0.994698,0.00658617,null,null,null
0.0940717,null,0.234496,null,null
-0.123083,null,null,0.119933,null
-0.000823397,null,null,null,-0.0008033
0.994698,0.00658617,null,null,null
0.0940717,null,0.234496,null,null
-0.123083,null,null,0.119933,null
-0.000823397,null,null,null,-0.0008033
0.994734,0.00353904,null,null,null
0.0695166,null,0.194879,null,null
-0.156964,null,null,0.0979291,null
-0.000176291,null,null,null,0.000150969
0.994734,0.00353904,null,null,null
0.0695166,null,0.194879,null,null
-0.156964,null,null,0.0979291,null
-0.000176291,null,null,null,0.000150969
0.994734,0.00353904,null,null,null
0.0695166,null,0.194879,null,null
-0.156964,null,null,0.0979291,null
-0.000176291,null,null,null,0.000150969
0.994734,0.00353904,null,null,null
0.0695166,null,0.194879,null,null
-0.156964,null,null,0.0979291,null
-0.000176291,null,null,null,0.000150969
0.994761,0.00306211,null,null,null
0.0735966,null,0.185046,null,null
-0.196685,null,null,0.097904,null
0.000619125,null,null,null,-0.00145361
0.994761,0.00306211,null,null,null
0.0735966,null,0.185046,null,null
-0.196685,null,null,0.097904,null
0.000619125,null,null,null,-0.00145361
0.994761,0.00306211,null,null,null
0.0735966,null,0.185046,null,null
-0.196685,null,null,0.097904,null
0.000619125,null,null,null,-0.00145361
0.994795,0.00555287,null,null,null
0.0398656,null,0.178888,null,null
-0.212352,null,null,0.0975753,null
0.00254101,null,null,null,-0.000463905
0.994795,0.00555287,null,null,null
0.0398656,null,0.178888,null,null
-0.212352,null,null,0.0975753,null
0.00254101,null,null,null,-0.000463905
0.994718,0.00527915,null,null,null
0.0628355,null,0.156601,null,null
-0.215884,null,null,0.0659051,null
0.00176804,null,null,null,-0.00169121
0.994719,0.0027867,null,null,null
0.0633728,null,0.223805,null,null
-0.248071,null,null,0.0550174,null
-0.00170087,null,null,null,0.000227069
0.994719,0.0027867,null,null,null
0.0633728,null,0.223805,null,null
-0.248071,null,null,0.0550174,null
-0.00170087,null,null,null,0.000227069
0.994727,0.00260776,null,null,null
0.07598,null,0.234519,null,null
-0.215669,null,null,0.0121181,null
-0.000833747,null,null,null,-0.00152553
0.994715,0.00365486,null,null,null
0.110325,null,0.211911,null,null
-0.195251,null,null,0.0250182,null
0.0047489,null,null,null,-0.00257555
0.994686,0.00324939,null,null,null
0.0552799,null,0.219836,null,null
-0.16235,null,null,0.051061,null
0.00553944,null,null,null,-0.000299246
0.994729,0.00184049,null,null,null
0.0882059,null,0.181721,null,null
-0.165912,null,null,0.0317606,null
0.00300838,null,null,null,-0.00282996
0.994674,0.00417496,null,null,null
0.0698412,null,0.231075,null,null
-0.192305,null,null,0.0286052,null
-0.000477455,null,null,null,8.80836e-05
0.99463,0.00331376,null,null,null
0.0273741,null,0.219457,null,null
-0.136281,null,null,0.0549007,null
-0.00174755,null,null,null,0.000698379
0.99463,0.00331376,null,null,null
0.0273741,null,0.219457,null,null
-0.136281,null,null,0.0549007,null
-0.00174755,null,null,null,0.000698379
0.994664,0.00426301,null,null,null
0.0385368,null,0.22556,null,null
-0.176229,null,null,0.0193609,null
0.000619421,null,null,null,-0.000935616
0.994664,0.00426301,null,null,null
0.0385368,null,0.22556,null,null
-0.176229,null,null,0.0193609,null
0.000619421,null,null,null,-0.000935616
0.994676,0.0036491,null,null,null
0.0392982,null,0.234699,null,null
-0.153261,null,null,0.0623241,null
0.00165699,null,null,null,-0.00423116
0.994676,0.0036491,null,null,null
0.0392982,null,0.234699,null,null
-0.153261,null,null,0.0623241,null
0.00165699,null,null,null,-0.00423116
0.994695,0.00253949,null,null,null
-0.063835,null,0.138219,null,null
-0.22714,null,null,0.0537366,null
0.0029691,null,null,null,0.000335589
0.994691,0.00504465,null,null,null
-0.0517215,null,0.169409,null,null
-0.212647,null,null,0.0202265,null
0.0077049,null,null,null,-0.000452579
0.994691,0.00504465,null,null,null
-0.0517215,null,0.169409,null,null
-0.212647,null,null,0.0202265,null
0.0077049,null,null,null,-0.000452579
0.994741,0.00629321,null,null,null
-0.0896655,null,0.144409,null,null
-0.198711,null,null,0.0376459,null
0.00159634,null,null,null,-0.000786235
0.994741,0.00629321,null,null,null
-0.0896655,null,0.144409,null,null
-0.198711,null,null,0.0376459,null
0.00159634,null,null,null,-0.000786235
0.994655,0.0049501,null,null,null
-0.0461374,null,0.11497,null,null
-0.171214,null,null,-0.0040098,null
0.00124488,null,null,null,-0.00226385
0.994655,0.0049501,null,null,null
-0.0461374,null,0.11497,null,null
-0.171214,null,null,-0.0040098,null
0.00124488,null,null,null,-0.00226385
0.994745,0.00628418,null,null,null
-0.0375303,null,0.10071,null,null
-0.137629,null,null,0.0502058,null
0.00125299,null,null,null,-0.000185784
0.99472,0.00666397,null,null,null
-0.029305,null,0.119665,null,null
-0.110327,null,null,0.070073,null
-0.00083114,null,null,null,0.00115759
0.994651,0.00714979,null,null,null
-0.0317016,null,0.10724,null,null
-0.0678344,null,null,0.101414,null
0.00382061,null,null,null,-0.000616321
0.994651,0.00714979,null,null,null
-0.0317016,null,0.10724,null,null
-0.0678344,null,null,0.101414,null
0.00382061,null,null,null,-0.000616321
0.994771,0.0045101,null,null,null
-0.049048,null,0.0468669,null,null
-0.070633,null,null,0.108893,null
0.000151161,null,null,null,-0.00176485
0.994741,0.00629855,null,null,null
-0.0970986,null,-0.00531787,null,null
-0.0951702,null,null,0.0734125,null
-0.00223083,null,null,null,-0.0023454
0.994741,0.00629855,null,null,null
-0.0970986,null,-0.00531787,null,null
-0.0951702,null,null,0.0734125,null
-0.00223083,null,null,null,-0.0023454
0.994741,0.00629855,null,null,null
-0.0970986,null,-0.00531787,null,null
-0.0951702,null,null,0.0734125,null
-0.00223083,null,null,null,-0.0023454
0.994704,0.00579011,null,null,null
-0.0958424,null,0.0328664,null,null
-0.0895804,null,null,0.0565654,null
-0.00175925,null,null,null,-0.00314236
0.994685,0.00689272,null,null,null
-0.1026,null,0.0580326,null,null
-0.0523989,null,null,-0.0442053,null
-0.00291099,null,null,null,-2.65581e-05
0.994685,0.00689272,null,null,null
-0.1026,null,0.0580326,null,null
-0.0523989,null,null,-0.0442053,null
-0.00291099,null,null,null,-2.65581e-05
0.994685,0.00689272,null,null,null
-0.1026,null,0.0580326,null,null
-0.0523989,null,null,-0.0442053,null
-0.00291099,null,null,null,-2.65581e-05
0.994766,0.00284326,null,null,null
-0.113343,null,0.00494586,null,null
-0.119728,null,null,-0.00586279,null
-0.0073396,null,null,null,-0.00187375
0.994715,-0.0016551,null,null,null
-0.112958,null,0.0702761,null,null
-0.107784,null,null,0.000326981,null
-0.00102503,null,null,null,-0.000843748
0.994715,-0.0016551,null,null,null
-0.112958,null,0.0702761,null,null
-0.107784,null,null,0.000326981,null
-0.00102503,null,null,null,-0.000843748
0.994715,-0.0016551,null,null,null
-0.112958,null,0.0702761,null,null
-0.107784,null,null,0.000326981,null
-0.00102503,null,null,null,-0.000843748
0.99475,-0.00375031,null,null,null
-0.14901,null,0.0277731,null,null
-0.142093,null,null,-0.0339038,null
0.000173755,null,null,null,-0.00130828
0.994719,-0.00400709,null,null,null
-0.133426,null,0.0193801,null,null
-0.0388006,null,null,-0.0156854,null
-0.0042499,null,null,null,0.00236982
0.994656,-0.00251925,null,null,null
-0.0928173,null,0.0396889,null,null
-0.0528861,null,null,-0.0337563,null
-0.00392784,null,null,null,0.0011345
0.99471,-0.000142315,null,null,null
-0.0425465,null,0.0321091,null,null
-0.0815809,null,null,-0.0127634,null
0.00301099,null,null,null,0.00120063
0.994705,0.000221075,null,null,null
-0.0255329,null,0.0775256,null,null
-0.0771001,null,null,-0.0296716,null
-0.00013286,null,null,null,-0.00297737
0.994766,0.00260603,null,null,null
-0.0528146,null,0.0230171,null,null
-0.095465,null,null,-0.0408213,null
-0.000811179,null,null,null,0.0035227
0.994766,0.00260603,null,null,null
-0.0528146,null,0.0230171,null,null
-0.095465,null,null,-0.0408213,null
-0.000811179,null,null,null,0.0035227
0.994766,0.00260603,null,null,null
-0.0528146,null,0.0230171,null,null
-0.095465,null,null,-0.0408213,null
-0.000811179,null,null,null,0.0035227
0.994706,0.00449415,null,null,null
-0.120066,null,0.0254849,null,null
-0.116692,null,null,0.0282495,null
-0.00129511,null,null,null,0.00159848
0.994706,0.00449415,null,null,null
-0.120066,null,0.0254849,null,null
-0.116692,null,null,0.0282495,null
-0.00129511,null,null,null,0.00159848
0.994706,0.00449415,null,null,null
-0.120066,null,0.0254849,null,null
-0.116692,null,null,0.0282495,null
-0.00129511,null,null,null,0.00159848
0.994706,0.00449415,null,null,null
-0.120066,null,0.0254849,null,null
-0.116692,null,null,0.0282495,null
-0.00129511,null,null,null,0.00159848
0.994706,0.00449415,null,null,null
-0.120066,null,0.0254849,null,null
-0.116692,null,null,0.0282495,null
-0.00129511,null,null,null,0.00159848
0.99477,0.00208816,null,null,null
-0.101735,null,0.0416376,null,null
-0.12217,null,null,0.0395682,null
0.00208126,null,null,null,2.91378e-05
0.994742,0.0034176,null,null,null
-0.118491,null,0.0386645,null,null
-0.108482,null,null,0.0647951,null
-0.00305919,null,null,null,-0.00284745
0.99477,0.00258965,null,null,null
-0.136374,null,0.0490322,null,null
-0.119214,null,null,0.0447084,null
-0.00289056,null,null,null,-0.00432662
0.99477,0.00258965,null,null,null
-0.136374,null,0.0490322,null,null
-0.119214,null,null,0.0447084,null
-0.00289056,null,null,null,-0.00432662
0.99477,0.00258965,null,null,null
-0.136374,null,0.0490322,null,null
-0.119214,null,null,0.0447084,null
-0.00289056,null,null,null,-0.00432662
0.994694,0.00581499,null,null,null
-0.146054,null,0.0866637,null,null
-0.133014,null,null,0.0269146,null
-0.00163491,null,null,null,-0.0072656
0.994759,0.00354826,null,null,null
-0.144511,null,0.046845,null,null
-0.134446,null,null,0.00691075,null
-0.000834101,null,null,null,-0.00343364
0.994759,0.00354826,null,null,null
-0.144511,null,0.046845,null,null
-0.134446,null,null,0.00691075,null
-0.000834101,null,null,null,-0.00343364
0.994759,0.00354826,null,null,null
-0.144511,null,0.046845,null,null
-0.134446,null,null,0.00691075,null
-0.000834101,null,null,null,-0.00343364
0.994695,0.00246194,null,null,null
-0.13672,null,0.0586047,null,null
-0.167087,null,null,0.0462205,null
0.00347475,null,null,null,-0.00273308
0.994695,0.00246194,null,null,null
-0.13672,null,0.0586047,null,null
-0.167087,null,null,0.0462205,null
0.00347475,null,null,null,-0.00273308
0.994699,-0.000307078,null,null,null
-0.200999,null,0.0330704,null,null
-0.169763,null,null,0.060156,null
0.00280845,null,null,null,0.00220177
0.994699,-0.000307078,null,null,null
-0.200999,null,0.0330704,null,null
-0.169763,null,null,0.060156,null
0.00280845,null,null,null,0.00220177
0.994706,-0.000984355,null,null,null
-0.206675,null,0.0438625,null,null
-0.16555,null,null,0.0777402,null
0.00236768,null,null,null,0.00274413
0.994715,-0.00262303,null,null,null
-0.16847,null,0.0344679,null,null
-0.132894,null,null,0.141813,null
2.9549e-05,null,null,null,-0.00168115
0.994715,-0.00262303,null,null,null
-0.16847,null,0.0344679,null,null
-0.132894,null,null,0.141813,null
2.95489e-05,null,null,null,-0.00168115
0.994729,-0.00010166,null,null,null
-0.141203,null,-0.00245456,null,null
-0.160768,null,null,0.10881,null
-0.000112332,null,null,null,0.00336765
0.994701,0.00331109,null,null,null
-0.15872,null,0.00879511,null,null
-0.175945,null,null,0.0957395,null
0.0027204,null,null,null,0.00150369
0.994663,0.00411151,null,null,null
-0.197623,null,0.0453154,null,null
-0.162997,null,null,0.0158661,null
0.0033787,null,null,null,-0.000626725
0.994698,0.0029563,null,null,null
-0.148023,null,0.0134953,null,null
-0.202614,null,null,0.0235365,null
-0.00274256,null,null,null,-0.00134922
0.994649,0.00414575,null,null,null
-0.126056,null,0.0175811,null,null
-0.147122,null,null,0.0335691,null
0.000702878,null,null,null,-0.000562309
0.994649,0.00414575,null,null,null
-0.126056,null,0.0175811,null,null
-0.147122,null,null,0.0335691,null
0.000702878,null,null,null,-0.000562309
0.994668,0.00542549,null,null,null
-0.161218,null,0.0107217,null,null
-0.144129,null,null,0.085138,null
-0.00172703,null,null,null,-0.000321734
0.994668,0.00542549,null,null,null
-0.161218,null,0.0107217,null,null
-0.144129,null,null,0.085138,null
-0.00172703,null,null,null,-0.000321734
0.994668,0.00542549,null,null,null
-0.161218,null,0.0107217,null,null
-0.144129,null,null,0.085138,null
-0.00172703,null,null,null,-0.000321734
0.994668,0.00542549,null,null,null
-0.161218,null,0.0107217,null,null
-0.144129,null,null,0.085138,null
-0.00172703,null,null,null,-0.000321735
0.994668,0.00542549,null,null,null
-0.161218,null,0.0107217,null,null
-0.144129,null,null,0.085138,null
-0.00172703,null,null,null,-0.000321735
0.99468,0.00648738,null,null,null
-0.124313,null,0.0278629,null,null
-0.151837,null,null,0.0661834,null
-0.00132525,null,null,null,-0.0020627
0.994679,0.00906529,null,null,null
-0.128771,null,0.0392564,null,null
-0.126133,null,null,0.0435071,null
0.00119768,null,null,null,0.000832084
0.994633,0.00856165,null,null,null
-0.0883856,null,-0.0177094,null,null
-0.114791,null,null,-0.0323675,null
-0.000383151,null,null,null,-0.00137659
0.994633,0.00856165,null,null,null
-0.0883856,null,-0.0177094,null,null
-0.114791,null,null,-0.0323675,null
-0.000383151,null,null,null,-0.00137659
0.994599,0.00753046,null,null,null
-0.0710606,null,0.0368695,null,null
-0.103693,null,null,0.00203589,null
0.0043668,null,null,null,0.00221662
0.994599,0.00753046,null,null,null
-0.0710606,null,0.0368695,null,null
-0.103693,null,null,0.00203589,null
0.0043668,null,null,null,0.00221662
0.994599,0.00753046,null,null,null
-0.0710606,null,0.0368695,null,null
-0.103693,null,null,0.00203589,null
0.0043668,null,null,null,0.00221662
0.994639,0.00436989,null,null,null
-0.0946909,null,0.0722788,null,null
-0.0923321,null,null,-0.0197303,null
-0.00350039,null,null,null,0.00105305
0.99462,0.00839669,null,null,null
-0.106462,null,0.0224856,null,null
-0.121398,null,null,0.0226676,null
-0.00561387,null,null,null,0.0023344
0.994564,0.00937895,null,null,null
-0.145652,null,0.04698,null,null
-0.112268,null,null,-0.00166306,null
-0.0047464,null,null,null,0.000881017
0.99464,0.00510529,null,null,null
-0.189615,null,0.0479704,null,null
-0.107511,null,null,0.0361597,null
-0.00152363,null,null,null,-0.00202559
0.994653,0.00360539,null,null,null
-0.157089,null,-0.00368997,null,null
-0.0826618,null,null,0.106743,null
-0.0025697,null,null,null,0.000504839
0.994653,0.00360539,null,null,null
-0.157089,null,-0.00368997,null,null
-0.0826618,null,null,0.106743,null
-0.0025697,null,null,null,0.000504839
0.994653,0.00360539,null,null,null
-0.157089,null,-0.00368997,null,null
-0.0826618,null,null,0.106743,null
-0.0025697,null,null,null,0.000504839
0.994653,0.00360539,null,null,null
-0.157089,null,-0.00368997,null,null
-0.0826618,null,null,0.106743,null
-0.0025697,null,null,null,0.000504839
0.994583,0.00451931,null,null,null
-0.140042,null,0.0249508,null,null
-0.0903863,null,null,0.0822074,null
-0.000544181,null,null,null,0.0033133
0.994681,0.00234129,null,null,null
-0.149791,null,0.0776883,null,null
-0.0390244,null,null,0.0454797,null
-0.00180829,null,null,null,0.00263147
0.994681,0.00234129,null,null,null
-0.149791,null,0.0776883,null,null
-0.0390244,null,null,0.0454797,null
-0.00180829,null,null,null,0.00263147
0.9947,0.00410791,null,null,null
-0.160574,null,0.0647762,null,null
-0.0285959,null,null,0.0711374,null
-0.000303783,null,null,null,0.00116223
0.9947,0.00410791,null,null,null
-0.160574,null,0.0647762,null,null
-0.0285959,null,null,0.0711374,null
-0.000303783,null,null,null,0.00116223
0.9947,0.00410791,null,null,null
-0.160574,null,0.0647762,null,null
-0.0285959,null,null,0.0711374,null
-0.000303783,null,null,null,0.00116223
0.994642,0.00279387,null,null,null
-0.195623,null,0.00145017,null,null
-0.0178902,null,null,0.0648185,null
0.00252548,null,null,null,-0.000858475
0.994634,0.00623586,null,null,null
-0.161146,null,-0.0606811,null,null
-0.0123588,null,null,0.0528135,null
0.00125812,null,null,null,0.00266625
0.994639,0.00381028,null,null,null
-0.163984,null,-0.0417299,null,null
-0.0405792,null,null,0.0693307,null
0.000325733,null,null,null,-0.0048389
0.994639,0.00381028,null,null,null
-0.163984,null,-0.0417299,null,null
-0.0405792,null,null,0.0693307,null
0.000325733,null,null,null,-0.0048389
0.994639,0.00381028,null,null,null
-0.163984,null,-0.0417299,null,null
-0.0405792,null,null,0.0693307,null
0.000325733,null,null,null,-0.0048389
0.994676,0.00726766,null,null,null
-0.127241,null,-0.023465,null,null
-0.0423734,null,null,0.0615094,null
0.000824125,null,null,null,0.00154661
0.994631,0.00873944,null,null,null
-0.147432,null,-0.0283015,null,null
-0.0220392,null,null,0.0786966,null
0.00140695,null,null,null,0.000142445
0.994631,0.00873944,null,null,null
-0.147432,null,-0.0283015,null,null
-0.0220392,null,null,0.0786966,null
0.00140695,null,null,null,0.000142445
0.994563,0.0109795,null,null,null
-0.111906,null,0.091581,null,null
-0.0477793,null,null,0.134321,null
0.000739605,null,null,null,-0.00181085
0.994563,0.0109795,null,null,null
-0.111906,null,0.091581,null,null
-0.0477793,null,null,0.134321,null
0.000739605,null,null,null,-0.00181085
0.994539,0.0121335,null,null,null
-0.112772,null,0.0575501,null,null
-0.0901071,null,null,0.0866665,null
-0.00423004,null,null,null,-0.00117012
0.994575,0.0117534,null,null,null
-0.153564,null,0.000687457,null,null
-0.0920592,null,null,0.142056,null
-0.00071026,null,null,null,-0.00177428
0.9947,0.00911397,null,null,null
-0.157117,null,-0.0131558,null,null
-0.0631745,null,null,0.128269,null
0.00141966,null,null,null,0.00185553
0.9947,0.00911397,null,null,null
-0.157117,null,-0.0131558,null,null
-0.0631745,null,null,0.128269,null
0.00141966,null,null,null,0.00185553
0.9947,0.00911397,null,null,null
-0.157117,null,-0.0131558,null,null
-0.0631745,null,null,0.128269,null
0.00141966,null,null,null,0.00185553
0.9947,0.00911397,null,null,null
-0.157117,null,-0.0131558,null,null
-0.0631745,null,null,0.128269,null
0.00141966,null,null,null,0.00185553
0.994656,0.00950478,null,null,null
-0.143341,null,0.0220146,null,null
-0.0476302,null,null,0.0882166,null
-0.00497555,null,null,null,-0.000284311
0.994656,0.00950478,null,null,null
-0.143341,null,0.0220146,null,null
-0.0476302,null,null,0.0882166,null
-0.00497555,null,null,null,-0.000284311
0.994598,0.0109184,null,null,null
-0.117099,null,0.00171216,null,null
0.00450226,null,null,0.175831,null
0.00290129,null,null,null,-0.000612261
0.99459,0.011406,null,null,null
-0.070285,null,-0.00305664,null,null
0.00320755,null,null,0.167844,null
0.00322261,null,null,null,0.00129131
0.994584,0.0104937,null,null,null
-0.106938,null,-0.020515,null,null
-0.0267629,null,null,0.197259,null
-0.000629726,null,null,null,-0.0010788
0.99462,0.0115844,null,null,null
-0.135233,null,0.0460795,null,null
-0.0631491,null,null,0.119462,null
-0.000486841,null,null,null,-0.000777528
0.99462,0.0115844,null,null,null
-0.135233,null,0.0460795,null,null
-0.0631491,null,null,0.119462,null
-0.000486841,null,null,null,-0.000777528
0.994587,0.0100374,null,null,null
-0.108133,null,0.0882763,null,null
-0.0846018,null,null,0.10733,null
-0.00463883,null,null,null,-0.000897988
0.994587,0.0100374,null,null,null
-0.108133,null,0.0882763,null,null
-0.0846018,null,null,0.10733,null
-0.00463883,null,null,null,-0.000897988
0.994664,0.0100728,null,null,null
-0.103412,null,0.0425007,null,null
-0.102938,null,null,0.123843,null
-0.000310044,null,null,null,-0.002154
0.994664,0.0100728,null,null,null
-0.103412,null,0.0425007,null,null
-0.102938,null,null,0.123843,null
-0.000310044,null,null,null,-0.002154
0.994663,0.00813276,null,null,null
-0.115569,null,0.097115,null,null
-0.0977906,null,null,0.123763,null
-0.00240839,null,null,null,0.00191651
0.994724,0.00528224,null,null,null
-0.118403,null,0.0328174,null,null
-0.0954923,null,null,0.06714,null
-0.000235155,null,null,null,-0.00131473
0.994687,0.00816465,null,null,null
-0.097136,null,0.0369011,null,null
-0.0555026,null,null,0.0754736,null
0.00189233,null,null,null,-0.00148039
0.994687,0.00816465,null,null,null
-0.097136,null,0.0369011,null,null
-0.0555026,null,null,0.0754736,null
0.00189233,null,null,null,-0.00148039
0.994687,0.00816465,null,null,null
-0.097136,null,0.0369011,null,null
-0.0555026,null,null,0.0754736,null
0.00189233,null,null,null,-0.00148039
0.994687,0.00816465,null,null,null
-0.097136,null,0.0369011,null,null
-0.0555026,null,null,0.0754736,null
0.00189233,null,null,null,-0.00148039
0.994699,0.00636758,null,null,null
-0.118672,null,0.094588,null,null
-0.0262379,null,null,0.118327,null
0.000853706,null,null,null,-0.00106389
0.994733,0.00735925,null,null,null
-0.109605,null,0.0815389,null,null
-0.0617486,null,null,0.136656,null
0.00310254,null,null,null,0.00262781
0.994699,0.00800543,null,null,null
-0.0644519,null,0.12318,null,null
-0.0483702,null,null,0.126892,null
0.00522321,null,null,null,0.00333052
0.994699,0.00800543,null,null,null
-0.0644519,null,0.12318,null,null
-0.0483702,null,null,0.126892,null
0.00522321,null,null,null,0.00333052
0.994768,0.00651103,null,null,null
-0.0575667,null,0.154216,null,null
-0.0308344,null,null,0.0889146,null
0.00345746,null,null,null,0.00305229
0.994768,0.00651103,null,null,null
-0.0575667,null,0.154216,null,null
-0.0308344,null,null,0.0889146,null
0.00345746,null,null,null,0.00305229
0.994698,0.00614667,null,null,null
-0.0753219,null,0.0868126,null,null
-0.00946511,null,null,0.0936259,null
0.00430024,null,null,null,0.00505999
0.994703,0.00448983,null,null,null
-0.128359,null,0.0797939,null,null
-0.0311574,null,null,0.136052,null
0.00112341,null,null,null,0.00395268
0.99467,0.00416946,null,null,null
-0.132721,null,0.0321343,null,null
-0.0486577,null,null,0.127481,null
0.00210098,null,null,null,0.00253535
0.994681,0.00374586,null,null,null
-0.087062,null,0.069162,null,null
-0.0263076,null,null,0.10509,null
0.00430941,null,null,null,0.00313381
0.994653,0.00351421,null,null,null
-0.0783065,null,0.0390291,null,null
0.0233631,null,null,0.0932353,null
0.00113331,null,null,null,0.00170163
0.994604,0.00567232,null,null,null
-0.0987751,null,0.0501481,null,null
0.0323655,null,null,0.100393,null
0.00127096,null,null,null,0.00118858
0.994649,0.00529414,null,null,null
-0.0902034,null,0.0492359,null,null
0.00912914,null,null,0.0847341,null
0.00239312,null,null,null,-0.00259426
0.994649,0.00529414,null,null,null
-0.0902034,null,0.0492359,null,null
0.00912914,null,null,0.0847341,null
0.00239312,null,null,null,-0.00259426
0.994707,0.00425643,null,null,null
-0.117382,null,0.0437151,null,null
0.00429518,null,null,0.0541759,null
-0.00184829,null,null,null,0.000827973
0.99471,0.00278871,null,null,null
-0.21563,null,0.0574383,null,null
0.0124693,null,null,0.0840926,null
-0.00245713,null,null,null,-0.00393628
0.99471,0.00278871,null,null,null
-0.21563,null,0.0574383,null,null
0.0124693,null,null,0.0840926,null
-0.00245713,null,null,null,-0.00393628
0.994766,0.00629534,null,null,null
-0.254501,null,0.0543199,null,null
-0.0381026,null,null,0.0490591,null
-0.00345389,null,null,null,-0.00388526
0.994753,0.00559037,null,null,null
-0.237936,null,0.0416001,null,null
0.0365179,null,null,0.0830789,null
0.000770981,null,null,null,-0.00519991
0.994744,0.0034788,null,null,null
-0.2666,null,0.0437367,null,null
0.0249077,null,null,0.0757819,null
0.00362231,null,null,null,-0.00129584
0.994704,0.00462985,null,null,null
-0.239276,null,0.0240567,null,null
0.025137,null,null,0.110763,null
-0.000142726,null,null,null,0.00127764
0.994711,0.00279561,null,null,null
-0.218579,null,0.0450435,null,null
0.0297461,null,null,0.068762,null
0.00286171,null,null,null,0.000944445
0.994701,0.00692809,null,null,null
-0.184694,null,0.0623215,null,null
0.045913,null,null,0.0680842,null
-0.000495657,null,null,null,-0.0045806
0.994701,0.00692809,null,null,null
-0.184694,null,0.0623215,null,null
0.045913,null,null,0.0680842,null
-0.000495657,null,null,null,-0.0045806
0.994701,0.00606272,null,null,null
-0.236666,null,0.0801334,null,null
0.0728276,null,null,0.075399,null
-0.00233265,null,null,null,0.000898328
0.994757,0.00756322,null,null,null
-0.152415,null,0.101372,null,null
0.103077,null,null,0.0644175,null
-0.00501746,null,null,null,-0.00097416
0.994784,0.00617269,null,null,null
-0.108706,null,0.0811426,null,null
0.117846,null,null,0.0725087,null
-0.000357776,null,null,null,-0.00255109
0.994753,0.00766009,null,null,null
-0.215943,null,0.122595,null,null
0.0992005,null,null,0.0573232,null
-0.00231405,null,null,null,-0.00176105
0.994753,0.00766009,null,null,null
-0.215943,null,0.122595,null,null
0.0992005,null,null,0.0573232,null
-0.00231405,null,null,null,-0.00176105
0.994753,0.00766009,null,null,null
-0.215943,null,0.122595,null,null
0.0992005,null,null,0.0573232,null
-0.00231405,null,null,null,-0.00176105
0.99478,0.00895413,null,null,null
-0.175902,null,0.0977821,null,null
0.134717,null,null,0.0528962,null
-0.00106998,null,null,null,-0.00185246
0.99478,0.00895413,null,null,null
-0.175902,null,0.0977821,null,null
0.134717,null,null,0.0528962,null
-0.00106998,null,null,null,-0.00185246
0.994711,0.00893335,null,null,null
-0.18849,null,0.0847128,null,null
0.101238,null,null,0.0323606,null
-0.000826905,null,null,null,-0.00445393
0.994724,0.0088544,null,null,null
-0.229291,null,0.066634,null,null
0.119594,null,null,0.0767275,null
-0.0053008,null,null,null,-0.00201717
0.994724,0.0088544,null,null,null
-0.229291,null,0.066634,null,null
0.119594,null,null,0.0767275,null
-0.0053008,null,null,null,-0.00201717
0.994724,0.0088544,null,null,null
-0.229291,null,0.066634,null,null
0.119594,null,null,0.0767275,null
-0.0053008,null,null,null,-0.00201717
0.994724,0.0088544,null,null,null
-0.229291,null,0.066634,null,null
0.119594,null,null,0.0767275,null
-0.0053008,null,null,null,-0.00201717
0.994649,0.00978446,null,null,null
-0.172432,null,0.0067162,null,null
0.115847,null,null,0.0885741,null
-0.00246686,null,null,null,0.00435593
0.994649,0.00978446,null,null,null
-0.172432,null,0.0067162,null,null
0.115847,null,null,0.0885741,null
-0.00246686,null,null,null,0.00435593
0.994676,0.007569,null,null,null
-0.139332,null,-0.0131291,null,null
0.120729,null,null,0.0553209,null
-0.00286715,null,null,null,0.00256395
0.994676,0.007569,null,null,null
-0.139332,null,-0.0131291,null,null
0.120729,null,null,0.0553209,null
-0.00286715,null,null,null,0.00256395
0.994657,0.00698215,null,null,null
-0.164044,null,-0.00547144,null,null
0.0853585,null,null,0.00954609,null
-0.000634866,null,null,null,9.70361e-05
0.994707,0.00727992,null,null,null
-0.176402,null,-0.0219264,null,null
0.054365,null,null,0.0360028,null
-0.00571525,null,null,null,-0.00309128
0.994707,0.00727992,null,null,null
-0.176402,null,-0.0219264,null,null
0.054365,null,null,0.0360028,null
-0.00571525,null,null,null,-0.00309128
0.994755,0.00278504,null,null,null
-0.191224,null,-0.0657496,null,null
0.0609026,null,null,0.0023779,null
-0.000297364,null,null,null,-0.000976091
0.994783,0.00342985,null,null,null
-0.174556,null,0.00661925,null,null
0.113085,null,null,0.016492,null
0.000829694,null,null,null,6.76234e-05
0.994835,0.00709467,null,null,null
-0.213223,null,0.0558322,null,null
0.121443,null,null,0.0459571,null
-0.00382064,null,null,null,-0.00234704
0.994776,0.00729733,null,null,null
-0.236431,null,0.00676816,null,null
0.146655,null,null,0.00504109,null
-0.00456843,null,null,null,-0.002895
0.994738,0.00705366,null,null,null
-0.249969,null,0.011154,null,null
0.114095,null,null,0.0713405,null
-0.00520875,null,null,null,-0.00130207
0.99479,0.00917914,null,null,null
-0.263753,null,0.034201,null,null
0.100083,null,null,0.00887756,null
-0.0033654,null,null,null,-0.00319747
0.99479,0.00917914,null,null,null
-0.263753,null,0.034201,null,null
0.100083,null,null,0.00887756,null
-0.0033654,null,null,null,-0.00319747
0.994666,0.012438,null,null,null
-0.24124,null,0.0528365,null,null
0.154674,null,null,0.00674019,null
-0.00546622,null,null,null,-2.65045e-05
0.994666,0.012438,null,null,null
-0.24124,null,0.0528365,null,null
0.154674,null,null,0.00674019,null
-0.00546622,null,null,null,-2.65045e-05
0.994686,0.00885913,null,null,null
-0.243405,null,0.0101012,null,null
0.137002,null,null,-0.014541,null
-0.00240765,null,null,null,0.000125808
0.994715,0.0106475,null,null,null
-0.285307,null,0.0351472,null,null
0.0928367,null,null,-0.0451765,null
-0.000223349,null,null,null,-0.00248031
0.994774,0.0118615,null,null,null
-0.317472,null,0.0553991,null,null
0.143932,null,null,-0.0584871,null
-0.00352609,null,null,null,0.00110883
0.99475,0.00749144,null,null,null
-0.287291,null,0.0706314,null,null
0.0706774,null,null,-0.0275661,null
0.00216375,null,null,null,0.000500704
0.994786,0.00982755,null,null,null
-0.314501,null,0.0838877,null,null
0.111668,null,null,-0.0384949,null
0.000490251,null,null,null,0.00252926
0.99476,0.00711677,null,null,null
-0.276591,null,0.114628,null,null
0.0982937,null,null,-0.0589693,null
0.00198681,null,null,null,-0.000847486
0.99476,0.00711677,null,null,null
-0.276591,null,0.114628,null,null
0.0982937,null,null,-0.0589693,null
0.00198681,null,null,null,-0.000847486
0.994745,0.00490245,null,null,null
-0.319433,null,0.056999,null,null
0.13636,null,null,-0.0582577,null
-0.00328972,null,null,null,-0.00153112
0.994829,0.00298387,null,null,null
-0.278399,null,0.0680065,null,null
0.103078,null,null,-0.0251471,null
0.000687964,null,null,null,-0.00102251
0.994742,0.00187019,null,null,null
-0.314321,null,0.0279559,null,null
0.110139,null,null,-0.0174961,null
0.000641696,null,null,null,-0.00626508
0.994742,0.00187019,null,null,null
-0.314321,null,0.0279559,null,null
0.110139,null,null,-0.0174961,null
0.000641696,null,null,null,-0.00626508
0.994718,-0.0018353,null,null,null
-0.31432,null,0.041022,null,null
0.115354,null,null,-0.0678255,null
0.00223369,null,null,null,-0.00287112
0.994718,-0.0018353,null,null,null
-0.31432,null,0.041022,null,null
0.115354,null,null,-0.0678255,null
0.00223369,null,null,null,-0.00287112
0.994776,-0.00366367,null,null,null
-0.349014,null,0.0272249,null,null
0.127541,null,null,-0.0489625,null
-0.000150736,null,null,null,-0.000611166
0.994776,-0.00366367,null,null,null
-0.349014,null,0.0272249,null,null
0.127541,null,null,-0.0489625,null
-0.000150736,null,null,null,-0.000611166
0.994772,-0.00750435,null,null,null
-0.363387,null,-0.00515209,null,null
0.098989,null,null,-0.0516405,null
-0.000576916,null,null,null,0.00293823
0.994772,-0.00750435,null,null,null
-0.363387,null,-0.00515209,null,null
0.098989,null,null,-0.0516405,null
-0.000576916,null,null,null,0.00293823
0.994703,-0.00937199,null,null,null
-0.408121,null,0.0280968,null,null
0.140106,null,null,-0.0552444,null
-0.000514416,null,null,null,0.00229304
0.994703,-0.00937199,null,null,null
-0.408121,null,0.0280968,null,null
0.140106,null,null,-0.0552444,null
-0.000514416,null,null,null,0.00229304
0.994671,-0.01011,null,null,null
-0.418407,null,0.0310136,null,null
0.125691,null,null,-0.0679964,null
-0.00160462,null,null,null,-0.00182995
0.99469,-0.0104202,null,null,null
-0.38051,null,-0.0465972,null,null
0.0720952,null,null,-0.0847291,null
0.00331667,null,null,null,-0.00138823
0.994677,-0.0117873,null,null,null
-0.423638,null,-0.0398572,null,null
0.114195,null,null,-0.0496783,null
-0.00056704,null,null,null,0.00363756
0.994677,-0.0117873,null,null,null
-0.423638,null,-0.0398572,null,null
0.114195,null,null,-0.0496783,null
-0.00056704,null,null,null,0.00363756
0.994719,-0.0100284,null,null,null
-0.433461,null,-0.116494,null,null
0.139254,null,null,-0.0484885,null
-0.000498732,null,null,null,0.00124721
0.994663,-0.01478,null,null,null
-0.386746,null,-0.0878595,null,null
0.0935166,null,null,-0.02788,null
-0.00216803,null,null,null,-0.00268738
0.994683,-0.0140829,null,null,null
-0.395421,null,-0.140308,null,null
0.117646,null,null,-0.0399334,null
0.00117089,null,null,null,-0.00285706
0.99469,-0.0112541,null,null,null
-0.340095,null,-0.148517,null,null
0.10003,null,null,-0.0126195,null
0.00374608,null,null,null,0.000991339
0.99469,-0.0112541,null,null,null
-0.340095,null,-0.148517,null,null
0.10003,null,null,-0.0126195,null
0.00374608,null,null,null,0.000991339
0.994641,-0.00959726,null,null,null
-0.2685,null,-0.182769,null,null
0.0902145,null,null,-0.0303602,null
0.00299609,null,null,null,0.000798041
0.994641,-0.00959726,null,null,null
-0.2685,null,-0.182769,null,null
0.0902145,null,null,-0.0303602,null
0.00299609,null,null,null,0.000798041
0.994641,-0.00959726,null,null,null
-0.2685,null,-0.182769,null,null
0.0902145,null,null,-0.0303602,null
0.00299609,null,null,null,0.000798041
0.994751,-0.00938373,null,null,null
-0.270122,null,-0.166632,null,null
0.0923838,null,null,-0.0574811,null
0.00176542,null,null,null,-0.003581
0.994751,-0.00938373,null,null,null
-0.270122,null,-0.166632,null,null
0.0923838,null,null,-0.0574811,null
0.00176542,null,null,null,-0.003581
0.994751,-0.00938373,null,null,null
-0.270122,null,-0.166632,null,null
0.0923838,null,null,-0.0574811,null
0.00176542,null,null,null,-0.003581
0.994744,-0.00763305,null,null,null
-0.265741,null,-0.218842,null,null
0.0805193,null,null,-0.0493114,null
0.00403114,null,null,null,0.0021588
0.994687,-0.0066922,null,null,null
-0.242466,null,-0.178386,null,null
0.103023,null,null,-0.0867996,null
0.00247058,null,null,null,-0.000809534
0.994726,-0.00560527,null,null,null
-0.272502,null,-0.161691,null,null
0.094583,null,null,-0.0838329,null
0.00231529,null,null,null,-0.000182715
0.994746,-0.00733324,null,null,null
-0.250754,null,-0.175315,null,null
0.0615976,null,null,-0.0714325,null
0.000432327,null,null,null,0.000243549
0.994746,-0.00733324,null,null,null
-0.250754,null,-0.175315,null,null
0.0615976,null,null,-0.0714325,null
0.000432327,null,null,null,0.000243549
0.994754,-0.00346115,null,null,null
-0.274914,null,-0.201509,null,null
0.0398656,null,null,-0.102468,null
0.000641645,null,null,null,-0.00152976
0.994744,-0.00214835,null,null,null
-0.307897,null,-0.196286,null,null
0.0803472,null,null,-0.119315,null
-0.00104573,null,null,null,0.00425483
0.994738,0.000510004,null,null,null
-0.347165,null,-0.221126,null,null
0.0295526,null,null,-0.0760476,null
0.000311309,null,null,null,0.00504644
0.994783,0.0033179,null,null,null
-0.288948,null,-0.18275,null,null
0.00762075,null,null,-0.0568546,null
-0.00336278,null,null,null,0.00375303
0.994715,0.00158724,null,null,null
-0.273915,null,-0.171545,null,null
-0.00115801,null,null,-0.0977486,null
-0.00119381,null,null,null,0.00132845
0.994715,0.00158724,null,null,null
-0.273915,null,-0.171545,null,null
-0.00115801,null,null,-0.0977486,null
-0.00119381,null,null,null,0.00132845
0.994715,0.00158724,null,null,null
-0.273915,null,-0.171545,null,null
-0.00115801,null,null,-0.0977486,null
-0.00119381,null,null,null,0.00132845
0.994669,-0.000288291,null,null,null
-0.302531,null,-0.179147,null,null
0.00927431,null,null,-0.0670976,null
-0.00402479,null,null,null,0.00174511
0.994663,-0.00305943,null,null,null
-0.272816,null,-0.174301,null,null
0.0259175,null,null,-0.0828489,null
0.000532662,null,null,null,-0.000738361
0.994739,-0.00440825,null,null,null
-0.274516,null,-0.224429,null,null
-0.016993,null,null,-0.0560866,null
-0.00167402,null,null,null,0.000470999
0.994729,-0.00515136,null,null,null
-0.23184,null,-0.253656,null,null
0.0400459,null,null,-0.0517369,null
-0.000380635,null,null,null,0.00110049
0.99472,-0.00503469,null,null,null
-0.265064,null,-0.206029,null,null
0.0375402,null,null,-0.0907311,null
-0.0010288,null,null,null,0.00198123
0.994722,-0.00478646,null,null,null
-0.218039,null,-0.23597,null,null
0.0268386,null,null,-0.0820992,null
-0.00116866,null,null,null,0.00338837
0.994722,-0.00478646,null,null,null
-0.218039,null,-0.23597,null,null
0.0268386,null,null,-0.0820992,null
-0.00116866,null,null,null,0.00338837
0.994722,-0.00478646,null,null,null
-0.218039,null,-0.23597,null,null
0.0268386,null,null,-0.0820992,null
-0.00116866,null,null,null,0.00338837
0.994769,-0.00405631,null,null,null
-0.265664,null,-0.263815,null,null
0.0494905,null,null,-0.106098,null
0.000881513,null,null,null,-0.00247724
0.994769,-0.00405631,null,null,null
-0.265664,null,-0.263815,null,null
0.0494905,null,null,-0.106098,null
0.000881513,null,null,null,-0.00247724
0.994776,-0.00438062,null,null,null
-0.211261,null,-0.264436,null,null
-0.0145116,null,null,-0.0854557,null
0.00133036,null,null,null,-0.00192484
0.994777,-0.00735648,null,null,null
-0.20257,null,-0.236405,null,null
0.0114148,null,null,-0.10178,null
0.00404924,null,null,null,-0.000556344
0.994771,-0.00547026,null,null,null
-0.161092,null,-0.20433,null,null
-0.0232516,null,null,-0.111886,null
-0.00267424,null,null,null,-0.00261132
0.994771,-0.00547026,null,null,null
-0.161092,null,-0.20433,null,null
-0.0232516,null,null,-0.111886,null
-0.00267424,null,null,null,-0.00261132
0.994771,-0.00547026,null,null,null
-0.161092,null,-0.20433,null,null
-0.0232516,null,null,-0.111886,null
-0.00267424,null,null,null,-0.00261132
0.994776,-0.00569845,null,null,null
-0.169758,null,-0.233729,null,null
-0.042865,null,null,-0.0795432,null
-0.000742695,null,null,null,-0.00528993
0.99475,-0.00744415,null,null,null
-0.169046,null,-0.21141,null,null
0.0176658,null,null,-0.139234,null
-0.000499799,null,null,null,-0.00377896
0.994676,-0.00864635,null,null,null
-0.149468,null,-0.21438,null,null
0.00923386,null,null,-0.0702037,null
-0.000420164,null,null,null,-0.000193216
0.99461,-0.0124037,null,null,null
-0.184589,null,-0.16407,null,null
0.0228816,null,null,-0.0426846,null
-0.00252831,null,null,null,0.00202218
0.99465,-0.0144543,null,null,null
-0.141406,null,-0.169239,null,null
0.0600714,null,null,-0.034207,null
0.000549532,null,null,null,0.00429869
0.994625,-0.0142365,null,null,null
-0.132179,null,-0.158441,null,null
0.0385965,null,null,-0.0919634,null
-0.00227591,null,null,null,0.00177235
0.994596,-0.0139876,null,null,null
-0.160386,null,-0.183469,null,null
0.0226019,null,null,-0.0526825,null
-0.00147775,null,null,null,0.00106039
0.994596,-0.0139876,null,null,null
-0.160386,null,-0.183469,null,null
0.0226019,null,null,-0.0526825,null
-0.00147775,null,null,null,0.00106039
0.994596,-0.0139876,null,null,null
-0.160386,null,-0.183469,null,null
0.0226019,null,null,-0.0526825,null
-0.00147775,null,null,null,0.00106039
0.994581,-0.0115481,null,null,null
-0.168864,null,-0.204981,null,null
0.0486152,null,null,-0.0440178,null
0.00202535,null,null,null,-0.000908074
0.994659,-0.00788098,null,null,null
-0.17857,null,-0.191561,null,null
0.0491016,null,null,-0.138199,null
-0.00340184,null,null,null,-0.00284352
0.994699,-0.00966123,null,null,null
-0.185752,null,-0.200124,null,null
-0.00536019,null,null,-0.0657591,null
0.000428967,null,null,null,-0.000108828
0.994699,-0.00966123,null,null,null
-0.185752,null,-0.200124,null,null
-0.00536019,null,null,-0.0657591,null
0.000428967,null,null,null,-0.000108828
0.994699,-0.00966123,null,null,null
-0.185752,null,-0.200124,null,null
-0.00536019,null,null,-0.0657591,null
0.000428967,null,null,null,-0.000108828
0.994642,-0.00990117,null,null,null
-0.146049,null,-0.243804,null,null
0.00896865,null,null,-0.0596089,null
0.00124732,null,null,null,-0.00131743
0.994753,-0.00440942,null,null,null
-0.192575,null,-0.218477,null,null
0.0368453,null,null,-0.0297869,null
-0.000676161,null,null,null,0.00335399
0.994753,-0.00440942,null,null,null
-0.192575,null,-0.218477,null,null
0.0368453,null,null,-0.0297869,null
-0.000676161,null,null,null,0.00335399
0.994753,-0.00440942,null,null,null
-0.192575,null,-0.218477,null,null
0.0368453,null,null,-0.0297869,null
-0.000676161,null,null,null,0.00335399
0.994722,-0.00175284,null,null,null
-0.171352,null,-0.204545,null,null
0.0553709,null,null,-0.0570662,null
-0.00126443,null,null,null,-2.09648e-06
0.994756,-0.00152103,null,null,null
-0.190514,null,-0.181031,null,null
0.0967139,null,null,-0.0550969,null
-0.00337689,null,null,null,0.000304274
0.994756,-0.00152103,null,null,null
-0.190514,null,-0.181031,null,null
0.0967139,null,null,-0.0550969,null
-0.00337689,null,null,null,0.000304274
0.994809,-0.00112641,null,null,null
-0.186468,null,-0.152279,null,null
0.0425499,null,null,-0.0146112,null
-0.00349539,null,null,null,-0.00408238
0.994791,-0.00189324,null,null,null
-0.14362,null,-0.241264,null,null
0.0507139,null,null,-0.0611604,null
-0.000371617,null,null,null,-0.000179
0.994791,-0.00189324,null,null,null
-0.14362,null,-0.241264,null,null
0.0507139,null,null,-0.0611604,null
-0.000371617,null,null,null,-0.000179
0.994775,-0.00108862,null,null,null
-0.176593,null,-0.223116,null,null
0.077719,null,null,-0.0415906,null
-0.0018026,null,null,null,-0.00111814
0.994777,-0.000610114,null,null,null
-0.165816,null,-0.16362,null,null
0.0433791,null,null,-0.0591746,null
-0.000639604,null,null,null,-0.0021598
0.994777,-0.000610114,null,null,null
-0.165816,null,-0.16362,null,null
0.0433791,null,null,-0.0591746,null
-0.000639604,null,null,null,-0.0021598
0.994772,-0.00330641,null,null,null
-0.197424,null,-0.127229,null,null
0.0578077,null,null,-0.0636891,null
0.000736939,null,null,null,-0.00424319
0.994684,-0.00463727,null,null,null
-0.183762,null,-0.12687,null,null
0.0868182,null,null,-0.0469825,null
0.00345013,null,null,null,-0.000484634
0.994613,-0.00855161,null,null,null
-0.18504,null,-0.153639,null,null
0.0604525,null,null,-0.00686328,null
-0.000273579,null,null,null,-0.000366457
0.994656,-0.0096318,null,null,null
-0.187807,null,-0.0824457,null,null
0.0726414,null,null,-0.0278242,null
-0.00308769,null,null,null,-0.00235349
0.994656,-0.0096318,null,null,null
-0.187807,null,-0.0824457,null,null
0.0726414,null,null,-0.0278242,null
-0.00308769,null,null,null,-0.00235349
0.994657,-0.00798937,null,null,null
-0.163252,null,-0.0980186,null,null
0.0200085,null,null,-0.0269225,null
0.00269919,null,null,null,-0.00633859
0.994646,-0.0113429,null,null,null
-0.160385,null,-0.129875,null,null
0.00305336,null,null,-0.0303265,null
0.00440124,null,null,null,-0.00201356
0.994646,-0.0113429,null,null,null
-0.160385,null,-0.129875,null,null
0.00305336,null,null,-0.0303265,null
0.00440124,null,null,null,-0.00201356
0.994646,-0.0113429,null,null,null
-0.160385,null,-0.129875,null,null
0.00305336,null,null,-0.0303265,null
0.00440124,null,null,null,-0.00201356
0.994663,-0.00904419,null,null,null
-0.1393,null,-0.135335,null,null
0.0192424,null,null,-0.00186783,null
0.00224422,null,null,null,-0.00436746
0.994665,-0.00802965,null,null,null
-0.144154,null,-0.119261,null,null
0.0622694,null,null,-0.0294046,null
0.00163117,null,null,null,-0.00113634
0.994613,-0.00873969,null,null,null
-0.107543,null,-0.163771,null,null
-0.00864359,null,null,-0.0416199,null
-0.000571499,null,null,null,-0.00278684
0.994651,-0.00688799,null,null,null
-0.115824,null,-0.24442,null,null
-0.0167539,null,null,-0.04603,null
-0.00228534,null,null,null,0.0013961
0.99457,-0.00568175,null,null,null
-0.0702776,null,-0.210609,null,null
0.00473328,null,null,-0.0319707,null
-0.00597561,null,null,null,0.00132146
0.994534,-0.00433322,null,null,null
-0.0281635,null,-0.237791,null,null
0.0294995,null,null,-0.0202083,null
-0.00448154,null,null,null,0.00417181
0.994544,-0.00615726,null,null,null
-0.0299148,null,-0.27519,null,null
0.0184631,null,null,-0.00775245,null
-0.00242731,null,null,null,0.00178802
0.994655,-0.00530115,null,null,null
-0.0439582,null,-0.300955,null,null
-0.00872688,null,null,-0.0188509,null
-0.00579764,null,null,null,0.000200517
0.994606,-0.00292516,null,null,null
-0.0790554,null,-0.359279,null,null
-0.025552,null,null,-0.0133911,null
-0.0028805,null,null,null,0.00496737
0.994689,-0.00124958,null,null,null
-0.0750486,null,-0.34578,null,null
-0.0189948,null,null,-0.00674395,null
-0.0041134,null,null,null,0.00143744
0.99472,0.000548791,null,null,null
-0.0585974,null,-0.274555,null,null
0.0188626,null,null,-0.0251519,null
-0.00220159,null,null,null,-3.09169e-05
0.99472,0.000548791,null,null,null
-0.0585974,null,-0.274555,null,null
0.0188626,null,null,-0.0251519,null
-0.00220159,null,null,null,-3.09169e-05
0.994809,0.000576844,null,null,null
-0.0439791,null,-0.298131,null,null
0.0275685,null,null,-0.0675832,null
-0.00324063,null,null,null,-0.00300971
0.994809,0.000576844,null,null,null
-0.0439791,null,-0.298131,null,null
0.0275685,null,null,-0.0675832,null
-0.00324063,null,null,null,-0.00300971
0.994809,0.000576844,null,null,null
-0.0439791,null,-0.298131,null,null
0.0275685,null,null,-0.0675832,null
-0.00324063,null,null,null,-0.00300971
0.994809,0.000576844,null,null,null
-0.0439791,null,-0.298131,null,null
0.0275685,null,null,-0.0675832,null
-0.00324063,null,null,null,-0.00300971
0.994705,0.00330862,null,null,null
-0.0523865,null,-0.29155,null,null
0.0593349,null,null,-0.036688,null
-0.00043448,null,null,null,-0.00467243
0.994712,0.00570074,null,null,null
-0.0329314,null,-0.263103,null,null
-0.00270682,null,null,-0.0584944,null
0.00342096,null,null,null,-0.00251875
0.994712,0.00570074,null,null,null
-0.0329314,null,-0.263103,null,null
-0.00270682,null,null,-0.0584944,null
0.00342096,null,null,null,-0.00251875
0.994761,0.00215125,null,null,null
-0.0103777,null,-0.327139,null,null
-0.0159199,null,null,-0.0198455,null
-3.67286e-06,null,null,null,-0.00151582
0.994761,0.00215125,null,null,null
-0.0103777,null,-0.327139,null,null
-0.0159199,null,null,-0.0198455,null
-3.67286e-06,null,null,null,-0.00151582
0.99468,-0.000415994,null,null,null
-0.00697806,null,-0.343954,null,null
0.0196212,null,null,0.0118504,null
-0.00426426,null,null,null,-0.00163229
0.99468,-0.000415994,null,null,null
-0.00697806,null,-0.343954,null,null
0.0196212,null,null,0.0118504,null
-0.00426426,null,null,null,-0.00163229
0.994637,-0.000755513,null,null,null
-0.0228165,null,-0.369022,null,null
0.0130171,null,null,0.0350534,null
-0.0035889,null,null,null,0.00183183
0.994756,-0.00216106,null,null,null
-0.0171314,null,-0.351236,null,null
0.101144,null,null,0.0901734,null
-0.0023791,null,null,null,0.00253305
0.994756,-0.00216106,null,null,null
-0.0171314,null,-0.351236,null,null
0.101144,null,null,0.0901734,null
-0.0023791,null,null,null,0.00253305
0.994679,-0.00314153,null,null,null
0.0521564,null,-0.371404,null,null
0.0431358,null,null,0.0696626,null
-0.00064471,null,null,null,-0.00119219
0.994729,-0.0032509,null,null,null
0.0735759,null,-0.382784,null,null
0.0361057,null,null,0.0343605,null
0.0051761,null,null,null,0.00100968
0.99478,-0.00112466,null,null,null
0.0929877,null,-0.357421,null,null
0.120099,null,null,0.0532306,null
0.000697988,null,null,null,0.000293982
0.99478,-0.00112466,null,null,null
0.0929877,null,-0.357421,null,null
0.120099,null,null,0.0532306,null
0.000697988,null,null,null,0.000293982
0.994745,-0.00384492,null,null,null
0.133429,null,-0.375823,null,null
0.102458,null,null,0.0119545,null
0.0030143,null,null,null,0.00414341
0.994738,-0.000977231,null,null,null
0.107556,null,-0.414671,null,null
0.0887457,null,null,0.0217545,null
0.00212793,null,null,null,0.0028596
0.994738,-0.000977231,null,null,null
0.107556,null,-0.414671,null,null
0.0887457,null,null,0.0217545,null
0.00212793,null,null,null,0.0028596
0.994733,-0.00122456,null,null,null
0.0726191,null,-0.413781,null,null
0.0514929,null,null,0.0508535,null
0.00709801,null,null,null,-0.00050633
0.994733,-0.00122456,null,null,null
0.0726191,null,-0.413781,null,null
0.0514929,null,null,0.0508535,null
0.00709801,null,null,null,-0.00050633
0.994733,-0.00122456,null,null,null
0.0726191,null,-0.413781,null,null
0.0514929,null,null,0.0508535,null
0.00709801,null,null,null,-0.00050633
0.994733,-0.00122456,null,null,null
0.0726191,null,-0.413781,null,null
0.0514929,null,null,0.0508535,null
0.00709801,null,null,null,-0.00050633
0.994681,-0.00135048,null,null,null
0.056215,null,-0.385213,null,null
0.0709811,null,null,0.095804,null
0.0021177,null,null,null,0.0023293
0.994639,-0.00309204,null,null,null
-0.0320755,null,-0.358623,null,null
0.0492081,null,null,0.0851531,null
0.00205076,null,null,null,0.000343424
0.994639,-0.00309204,null,null,null
-0.0320755,null,-0.358623,null,null
0.0492081,null,null,0.0851531,null
0.00205076,null,null,null,0.000343424
0.994704,-0.00114104,null,null,null
0.0413074,null,-0.401877,null,null
0.0508535,null,null,0.0252136,null
-0.000459898,null,null,null,0.002381
0.994715,0.00181214,null,null,null
0.00578558,null,-0.369586,null,null
0.0934851,null,null,0.0633553,null
-0.00267928,null,null,null,0.000286552
0.994715,0.00181214,null,null,null
0.00578558,null,-0.369586,null,null
0.0934851,null,null,0.0633553,null
-0.00267928,null,null,null,0.000286552
0.994715,0.00181214,null,null,null
0.00578558,null,-0.369586,null,null
0.0934851,null,null,0.0633553,null
-0.00267928,null,null,null,0.000286552
0.994644,-0.00257413,null,null,null
0.0722071,null,-0.402294,null,null
0.0614343,null,null,0.0687786,null
-0.000213535,null,null,null,8.42294e-05
0.99464,-0.00623981,null,null,null
0.0396104,null,-0.442182,null,null
0.0618716,null,null,-0.0026348,null
-0.0031613,null,null,null,0.00120326
0.994648,-0.00507374,null,null,null
0.026238,null,-0.43694,null,null
0.0692118,null,null,0.0066087,null
-0.00451372,null,null,null,0.00280729
0.994648,-0.00507374,null,null,null
0.026238,null,-0.43694,null,null
0.0692118,null,null,0.0066087,null
-0.00451372,null,null,null,0.00280729
0.994641,-0.0045309,null,null,null
0.0415371,null,-0.43361,null,null
0.072084,null,null,0.00181341,null
-0.00357806,null,null,null,0.000617106
0.994641,-0.0045309,null,null,null
0.0415371,null,-0.43361,null,null
0.072084,null,null,0.00181341,null
-0.00357806,null,null,null,0.000617106
0.994641,-0.0045309,null,null,null
0.0415371,null,-0.43361,null,null
0.072084,null,null,0.00181341,null
-0.00357806,null,null,null,0.000617106
0.994681,-0.00385946,null,null,null
0.057821,null,-0.401235,null,null
0.0611765,null,null,-0.00525912,null
-3.22937e-06,null,null,null,-0.000384881
0.994616,-0.00536976,null,null,null
0.0517572,null,-0.43177,null,null
0.0317261,null,null,0.00241714,null
5.215e-05,null,null,null,-0.00113033
0.994607,-0.0028723,null,null,null
0.0945115,null,-0.381921,null,null
0.0588989,null,null,0.000983933,null
0.000843034,null,null,null,0.00203019
0.994607,-0.0028723,null,null,null
0.0945115,null,-0.381921,null,null
0.0588989,null,null,0.000983934,null
0.000843034,null,null,null,0.00203019
0.994607,-0.0028723,null,null,null
0.0945115,null,-0.381921,null,null
0.0588989,null,null,0.000983934,null
0.000843034,null,null,null,0.00203019
0.994642,-0.000332885,null,null,null
0.104139,null,-0.4248,null,null
0.0154921,null,null,0.000832409,null
0.0035917,null,null,null,0.00329629
0.994719,-0.00177276,null,null,null
0.0887066,null,-0.45447,null,null
0.026365,null,null,0.0103632,null
0.00470949,null,null,null,-0.000436087
0.994719,-0.00177276,null,null,null
0.0887066,null,-0.45447,null,null
0.026365,null,null,0.0103632,null
0.00470949,null,null,null,-0.000436087
0.994719,-0.00177276,null,null,null
0.0887066,null,-0.45447,null,null
0.026365,null,null,0.0103632,null
0.00470949,null,null,null,-0.000436087
0.994659,-0.00240217,null,null,null
0.116764,null,-0.385311,null,null
0.0570432,null,null,-0.00834324,null
0.000971369,null,null,null,0.00175478
0.994659,-0.00240217,null,null,null
0.116764,null,-0.385311,null,null
0.0570432,null,null,-0.00834324,null
0.000971369,null,null,null,0.00175478
0.994566,-0.00792769,null,null,null
0.137212,null,-0.400741,null,null
0.102432,null,null,0.00197095,null
-0.000808751,null,null,null,0.00116508
0.994566,-0.00792769,null,null,null
0.137212,null,-0.400741,null,null
0.102432,null,null,0.00197095,null
-0.000808751,null,null,null,0.00116508
0.994635,-0.0104484,null,null,null
0.146609,null,-0.382191,null,null
0.105549,null,null,0.00660642,null
-0.00173005,null,null,null,0.00169452
0.994591,-0.0135736,null,null,null
0.161131,null,-0.355785,null,null
0.10053,null,null,-0.0220361,null
-0.00298864,null,null,null,0.00782937
0.994591,-0.0135736,null,null,null
0.161131,null,-0.355785,null,null
0.10053,null,null,-0.0220361,null
-0.00298864,null,null,null,0.00782937
0.994604,-0.0157541,null,null,null
0.125262,null,-0.340715,null,null
0.173309,null,null,-0.0537229,null
0.000716055,null,null,null,0.00444224
0.994564,-0.0203724,null,null,null
0.123693,null,-0.324808,null,null
0.202228,null,null,-0.158061,null
0.00598885,null,null,null,0.000853502
0.994564,-0.0203724,null,null,null
0.123693,null,-0.324808,null,null
0.202228,null,null,-0.158061,null
0.00598885,null,null,null,0.000853502
0.994459,-0.0241148,null,null,null
0.111937,null,-0.365815,null,null
0.147223,null,null,-0.127832,null
0.000946247,null,null,null,-0.0026417
0.994476,-0.02151,null,null,null
0.106966,null,-0.330915,null,null
0.105959,null,null,-0.146987,null
0.00114062,null,null,null,-0.000995556
0.994476,-0.02151,null,null,null
0.106966,null,-0.330915,null,null
0.105959,null,null,-0.146987,null
0.00114062,null,null,null,-0.000995556
0.994474,-0.023813,null,null,null
0.0999754,null,-0.319224,null,null
0.0767996,null,null,-0.184006,null
-0.000711644,null,null,null,-0.000128861
0.994421,-0.0241679,null,null,null
0.0904184,null,-0.267898,null,null
0.0861635,null,null,-0.1661,null
0.00107214,null,null,null,0.00148335
0.994459,-0.0267834,null,null,null
0.0913234,null,-0.232734,null,null
0.0892182,null,null,-0.165444,null
-0.000438332,null,null,null,0.00647305
0.99455,-0.0227309,null,null,null
0.0873329,null,-0.246702,null,null
0.110305,null,null,-0.164359,null
0.000641958,null,null,null,-0.000382294
0.99455,-0.0227309,null,null,null
0.0873329,null,-0.246702,null,null
0.110305,null,null,-0.164359,null
0.000641958,null,null,null,-0.000382294
0.99454,-0.0205741,null,null,null
0.109646,null,-0.21735,null,null
0.0943285,null,null,-0.123727,null
0.000110736,null,null,null,-0.00128532
0.994506,-0.0193513,null,null,null
0.147549,null,-0.293218,null,null
0.111267,null,null,-0.146619,null
0.000484136,null,null,null,-0.00062519
0.994506,-0.0193513,null,null,null
0.147549,null,-0.293218,null,null
0.111267,null,null,-0.146619,null
0.000484136,null,null,null,-0.00062519
0.994496,-0.0201601,null,null,null
0.095411,null,-0.305216,null,null
0.106456,null,null,-0.121843,null
0.00265656,null,null,null,0.00248197
0.994415,-0.0217782,null,null,null
0.0979177,null,-0.281234,null,null
0.0771904,null,null,-0.127214,null
0.00181464,null,null,null,-0.000547037
0.994352,-0.0223698,null,null,null
0.096735,null,-0.27232,null,null
0.0795431,null,null,-0.109778,null
0.00210454,null,null,null,0.00191234
0.994429,-0.019691,null,null,null
0.10664,null,-0.282847,null,null
0.0715579,null,null,-0.0903025,null
0.00103233,null,null,null,-0.00137121
0.994429,-0.019691,null,null,null
0.10664,null,-0.282847,null,null
0.0715579,null,null,-0.0903025,null
0.00103233,null,null,null,-0.00137121
0.994429,-0.019691,null,null,null
0.10664,null,-0.282847,null,null
0.0715579,null,null,-0.0903025,null
0.00103233,null,null,null,-0.00137121
0.994429,-0.019691,null,null,null
0.10664,null,-0.282847,null,null
0.0715579,null,null,-0.0903025,null
0.00103233,null,null,null,-0.00137121
0.994501,-0.0193331,null,null,null
0.176242,null,-0.278898,null,null
0.0831464,null,null,-0.067209,null
0.000398076,null,null,null,-0.00141389
0.994475,-0.0193344,null,null,null
0.163648,null,-0.332541,null,null
0.0875634,null,null,-0.0396893,null
-0.000508688,null,null,null,-0.00119698
0.994475,-0.0193344,null,null,null
0.163648,null,-0.332541,null,null
0.0875634,null,null,-0.0396893,null
-0.000508688,null,null,null,-0.00119698
0.994479,-0.0168111,null,null,null
0.108038,null,-0.31033,null,null
0.109229,null,null,-0.0433774,null
-0.000679551,null,null,null,0.000857411
0.994479,-0.0168111,null,null,null
0.108038,null,-0.31033,null,null
0.109229,null,null,-0.0433774,null
-0.000679551,null,null,null,0.000857411
0.994456,-0.0191883,null,null,null
0.111788,null,-0.310758,null,null
0.134051,null,null,-0.0383951,null
-0.000640113,null,null,null,0.00149632
0.994456,-0.0191883,null,null,null
0.111788,null,-0.310758,null,null
0.134051,null,null,-0.0383951,null
-0.000640113,null,null,null,0.00149632
0.994456,-0.0191883,null,null,null
0.111788,null,-0.310758,null,null
0.134051,null,null,-0.0383951,null
-0.000640113,null,null,null,0.00149632
0.99454,-0.0159924,null,null,null
0.0790337,null,-0.251866,null,null
0.156296,null,null,-0.0744464,null
0.000843358,null,null,null,0.0007466
0.994569,-0.0158691,null,null,null
0.0555746,null,-0.301609,null,null
0.139005,null,null,-0.0614954,null
-0.00406621,null,null,null,-0.000421591
0.994505,-0.0184495,null,null,null
0.0469945,null,-0.271425,null,null
0.163203,null,null,-0.0303774,null
-0.000504875,null,null,null,0.00108129
0.994505,-0.0184495,null,null,null
0.0469945,null,-0.271425,null,null
0.163203,null,null,-0.0303774,null
-0.000504875,null,null,null,0.00108129
0.994605,-0.0148258,null,null,null
0.0741877,null,-0.25248,null,null
0.133564,null,null,-0.0287817,null
0.00107473,null,null,null,0.00284261
0.994564,-0.0138135,null,null,null
0.0212324,null,-0.223562,null,null
0.162161,null,null,-0.0155567,null
0.000825325,null,null,null,9.71146e-05
0.994564,-0.0138135,null,null,null
0.0212324,null,-0.223562,null,null
0.162161,null,null,-0.0155567,null
0.000825325,null,null,null,9.71146e-05
0.994661,-0.0110675,null,null,null
0.041281,null,-0.22146,null,null
0.154844,null,null,-0.0641209,null
-0.00101152,null,null,null,-0.000472769
0.994598,-0.0108148,null,null,null
0.0228752,null,-0.273025,null,null
0.185539,null,null,-0.0212172,null
-0.00243445,null,null,null,0.00534638
0.994626,-0.00988823,null,null,null
-0.00855839,null,-0.263534,null,null
0.18782,null,null,-0.0526093,null
-0.0016562,null,null,null,0.00368215
0.994626,-0.00988823,null,null,null
-0.00855839,null,-0.263534,null,null
0.18782,null,null,-0.0526093,null
-0.0016562,null,null,null,0.00368215
0.994626,-0.00988823,null,null,null
-0.00855839,null,-0.263534,null,null
0.18782,null,null,-0.0526093,null
-0.0016562,null,null,null,0.00368215
0.994621,-0.00841804,null,null,null
0.027512,null,-0.205216,null,null
0.159714,null,null,-0.0857052,null
-0.00358932,null,null,null,0.00296636
0.994621,-0.0100852,null,null,null
-0.00150349,null,-0.199584,null,null
0.117436,null,null,-0.0704432,null
-0.00361245,null,null,null,0.00203679
0.994621,-0.0100852,null,null,null
-0.00150349,null,-0.199584,null,null
0.117436,null,null,-0.0704432,null
-0.00361245,null,null,null,0.00203679
0.994679,-0.0079749,null,null,null
0.00508468,null,-0.183576,null,null
0.134206,null,null,-0.0744491,null
8.72514e-05,null,null,null,-0.000155649
0.994706,-0.0088182,null,null,null
-0.0018072,null,-0.219512,null,null
0.148998,null,null,-0.0826193,null
-0.00116197,null,null,null,0.00124908
0.994706,-0.0088182,null,null,null
-0.0018072,null,-0.219512,null,null
0.148998,null,null,-0.0826193,null
-0.00116197,null,null,null,0.00124908
0.994706,-0.0088182,null,null,null
-0.0018072,null,-0.219512,null,null
0.148998,null,null,-0.0826193,null
-0.00116197,null,null,null,0.00124908
0.994706,-0.0088182,null,null,null
-0.0018072,null,-0.219512,null,null
0.148998,null,null,-0.0826193,null
-0.00116197,null,null,null,0.00124908
0.994706,-0.0088182,null,null,null
-0.0018072,null,-0.219512,null,null
0.148998,null,null,-0.0826193,null
-0.00116197,null,null,null,0.00124908
0.994706,-0.0112409,null,null,null
-0.0071685,null,-0.208049,null,null
0.134811,null,null,-0.0774511,null
0.00173221,null,null,null,0.00105598
0.994706,-0.0112409,null,null,null
-0.0071685,null,-0.208049,null,null
0.134811,null,null,-0.0774511,null
0.00173221,null,null,null,0.00105598
0.994674,-0.00995333,null,null,null
-0.0137814,null,-0.205195,null,null
0.15529,null,null,-0.0906064,null
0.0014908,null,null,null,0.00252954
0.994681,-0.00815155,null,null,null
-0.0329641,null,-0.238175,null,null
0.149262,null,null,-0.0845967,null
-0.00184816,null,null,null,-0.000486994
0.994681,-0.00815155,null,null,null
-0.0329641,null,-0.238175,null,null
0.149262,null,null,-0.0845967,null
-0.00184816,null,null,null,-0.000486994
0.994757,-0.0070119,null,null,null
-0.0640095,null,-0.186886,null,null
0.11972,null,null,-0.0888996,null
-0.000963248,null,null,null,-0.000381345
0.994757,-0.0070119,null,null,null
-0.0640095,null,-0.186886,null,null
0.11972,null,null,-0.0888996,null
-0.000963248,null,null,null,-0.000381345
0.994689,-0.00661781,null,null,null
-0.0349606,null,-0.140506,null,null
0.129873,null,null,-0.0594262,null
0.000698454,null,null,null,0.00274751
0.994689,-0.00661781,null,null,null
-0.0349606,null,-0.140506,null,null
0.129873,null,null,-0.0594262,null
0.000698454,null,null,null,0.00274751
0.9947,-0.00754619,null,null,null
-0.0553455,null,-0.184642,null,null
0.0770616,null,null,-0.087265,null
-0.00490309,null,null,null,2.83411e-05
0.994711,-0.00693376,null,null,null
-0.029594,null,-0.18046,null,null
0.0980301,null,null,0.0128074,null
-0.00178912,null,null,null,0.00206412
0.99472,-0.0062244,null,null,null
-0.0592175,null,-0.13469,null,null
0.064178,null,null,-0.0637426,null
-0.00397416,null,null,null,-0.00135827
0.994735,-0.00558883,null,null,null
-0.0456628,null,-0.133794,null,null
0.0676914,null,null,-0.023929,null
-0.0014579,null,null,null,-0.00335471
0.994727,-0.00625449,null,null,null
-0.0512815,null,-0.122018,null,null
0.0707067,null,null,-0.0316944,null
-0.00377527,null,null,null,-0.00250785
0.994676,-0.00786721,null,null,null
-0.0271905,null,-0.134696,null,null
0.0594495,null,null,-0.0632257,null
-0.00232019,null,null,null,-0.000593005
0.994727,-0.00813845,null,null,null
-0.0174164,null,-0.154625,null,null
0.075649,null,null,-0.0662612,null
0.000367515,null,null,null,-0.00207235
0.994727,-0.00813845,null,null,null
-0.0174164,null,-0.154625,null,null
0.075649,null,null,-0.0662612,null
0.000367515,null,null,null,-0.00207235
0.994727,-0.00813845,null,null,null
-0.0174164,null,-0.154625,null,null
0.075649,null,null,-0.0662612,null
0.000367515,null,null,null,-0.00207235
0.994727,-0.00813845,null,null,null
-0.0174164,null,-0.154625,null,null
0.075649,null,null,-0.0662612,null
0.000367515,null,null,null,-0.00207235
0.994756,-0.00951509,null,null,null
-0.0624471,null,-0.205765,null,null
0.0754571,null,null,-0.0723274,null
0.00391447,null,null,null,-0.00414801
0.994735,-0.0107127,null,null,null
-0.0245316,null,-0.23218,null,null
0.104814,null,null,-0.0799175,null
0.00134518,null,null,null,-0.00364884
0.994674,-0.00834465,null,null,null
-0.110687,null,-0.221411,null,null
0.0681349,null,null,-0.10183,null
-7.71085e-06,null,null,null,-0.00073542
0.994674,-0.00834465,null,null,null
-0.110687,null,-0.221411,null,null
0.0681349,null,null,-0.10183,null
-7.71085e-06,null,null,null,-0.00073542
0.994655,-0.00787059,null,null,null
-0.0589934,null,-0.270027,null,null
0.0969969,null,null,-0.13471,null
-0.00109906,null,null,null,-0.00104909
0.994605,-0.00504394,null,null,null
-0.0674346,null,-0.224095,null,null
0.100018,null,null,-0.0837756,null
-0.00353274,null,null,null,-0.000993756
0.994619,-0.00364639,null,null,null
-0.115124,null,-0.213495,null,null
0.115534,null,null,-0.0918875,null
-0.00285624,null,null,null,0.00196648
0.994629,-0.00451124,null,null,null
-0.13048,null,-0.187773,null,null
0.137491,null,null,-0.1315,null
-0.00230162,null,null,null,-0.00211722
0.994624,-0.00641388,null,null,null
-0.110235,null,-0.200476,null,null
0.084943,null,null,-0.129186,null
0.00435085,null,null,null,-0.00189705
0.994605,-0.00707995,null,null,null
-0.0806206,null,-0.216638,null,null
0.0868306,null,null,-0.119948,null
-0.00327838,null,null,null,-0.000197791
0.994579,-0.00667618,null,null,null
-0.126281,null,-0.224614,null,null
0.109103,null,null,-0.206588,null
-0.00506875,null,null,null,-0.000860241
0.994507,-0.00823284,null,null,null
-0.0973013,null,-0.198235,null,null
0.105195,null,null,-0.129669,null
0.0018884,null,null,null,-0.00547557
0.994557,-0.00299047,null,null,null
-0.0778761,null,-0.22696,null,null
0.0855763,null,null,-0.191291,null
-0.00177204,null,null,null,0.00181849
0.994557,-0.00299047,null,null,null
-0.0778761,null,-0.22696,null,null
0.0855763,null,null,-0.191291,null
-0.00177204,null,null,null,0.00181849
0.994557,-0.00299047,null,null,null
-0.0778761,null,-0.22696,null,null
0.0855763,null,null,-0.191291,null
-0.00177204,null,null,null,0.00181849
0.994557,-0.00299047,null,null,null
-0.0778761,null,-0.22696,null,null
0.0855763,null,null,-0.191291,null
-0.00177204,null,null,null,0.00181849
0.994637,-0.0045665,null,null,null
-0.0843821,null,-0.213981,null,null
0.111256,null,null,-0.137563,null
-0.00270806,null,null,null,0.00380124
0.994614,-0.00390841,null,null,null
-0.0847752,null,-0.232162,null,null
0.084233,null,null,-0.0695295,null
-0.003792,null,null,null,0.000733089
0.994695,-0.00333324,null,null,null
-0.0540757,null,-0.189713,null,null
0.145756,null,null,-0.087036,null
-0.00127851,null,null,null,-0.00337671
0.994696,-0.00100146,null,null,null
-0.0715691,null,-0.209176,null,null
0.108526,null,null,-0.0791557,null
-0.00190147,null,null,null,0.00117819
0.994655,0.00255073,null,null,null
-0.0432328,null,-0.18533,null,null
0.122731,null,null,-0.0907236,null
-0.00085969,null,null,null,0.00302994
0.994685,5.09566e-06,null,null,null
-0.053648,null,-0.177017,null,null
0.13887,null,null,-0.121423,null
-0.00115901,null,null,null,-0.000643502
0.99464,-0.00230551,null,null,null
-0.0665743,null,-0.188199,null,null
0.145398,null,null,-0.132319,null
0.000568794,null,null,null,-0.000606025
0.994736,-0.00363639,null,null,null
-0.0724876,null,-0.153295,null,null
0.174754,null,null,-0.166772,null
-0.000105072,null,null,null,-0.000930252
0.994762,-0.00476651,null,null,null
-0.0857047,null,-0.165145,null,null
0.220904,null,null,-0.123739,null
-0.00115256,null,null,null,-0.00350066
0.994762,-0.00476651,null,null,null
-0.0857047,null,-0.165145,null,null
0.220904,null,null,-0.123739,null
-0.00115256,null,null,null,-0.00350066
0.994719,-0.00378113,null,null,null
-0.0761356,null,-0.108828,null,null
0.239171,null,null,-0.0997192,null
0.000126982,null,null,null,-0.00258186
0.994719,-0.00378113,null,null,null
-0.0761356,null,-0.108828,null,null
0.239171,null,null,-0.0997192,null
0.000126982,null,null,null,-0.00258186
0.994719,-0.00378113,null,null,null
-0.0761356,null,-0.108828,null,null
0.239171,null,null,-0.0997192,null
0.000126981,null,null,null,-0.00258186
0.994719,-0.00378113,null,null,null
-0.0761356,null,-0.108828,null,null
0.239171,null,null,-0.0997192,null
0.000126981,null,null,null,-0.00258186
0.99471,-0.00453726,null,null,null
-0.0699801,null,-0.0993579,null,null
0.257084,null,null,-0.177215,null
0.00383524,null,null,null,-0.0021523
0.994719,-0.0028653,null,null,null
-0.119643,null,-0.194806,null,null
0.200618,null,null,-0.220576,null
0.000570645,null,null,null,-0.00296858
0.994719,-0.0028653,null,null,null
-0.119643,null,-0.194806,null,null
0.200618,null,null,-0.220576,null
0.000570645,null,null,null,-0.00296858
0.99466,-0.00540182,null,null,null
-0.0865385,null,-0.170047,null,null
0.252582,null,null,-0.224641,null
0.000621604,null,null,null,-0.00124
0.99466,-0.00540182,null,null,null
-0.0865385,null,-0.170047,null,null
0.252582,null,null,-0.224641,null
0.000621604,null,null,null,-0.00124
0.99466,-0.00540182,null,null,null
-0.0865385,null,-0.170047,null,null
0.252582,null,null,-0.224641,null
0.000621604,null,null,null,-0.00124
0.994669,-0.00197789,null,null,null
-0.0783347,null,-0.14874,null,null
0.219294,null,null,-0.204827,null
0.00150751,null,null,null,-0.00091054
0.994684,-0.000968138,null,null,null
-0.104871,null,-0.187128,null,null
0.266217,null,null,-0.236242,null
0.000282256,null,null,null,0.000219424
0.994677,-0.00368355,null,null,null
-0.0944209,null,-0.160285,null,null
0.242195,null,null,-0.250346,null
0.000634873,null,null,null,0.00277835
0.99463,-0.00475676,null,null,null
-0.096538,null,-0.153621,null,null
0.231997,null,null,-0.231289,null
-0.00133725,null,null,null,0.000575912
0.994649,-0.00206029,null,null,null
-0.139104,null,-0.185628,null,null
0.267269,null,null,-0.221922,null
0.00316496,null,null,null,0.00156875
0.994631,0.0021505,null,null,null
-0.0857429,null,-0.171636,null,null
0.264412,null,null,-0.257441,null
0.00306485,null,null,null,0.00278125
0.994703,0.00106934,null,null,null
-0.0774806,null,-0.179334,null,null
0.282825,null,null,-0.22301,null
0.00137418,null,null,null,0.00175455
0.994703,0.00106934,null,null,null
-0.0774806,null,-0.179334,null,null
0.282825,null,null,-0.22301,null
0.00137418,null,null,null,0.00175455
0.994703,0.00106934,null,null,null
-0.0774806,null,-0.179334,null,null
0.282825,null,null,-0.22301,null
0.00137418,null,null,null,0.00175455
0.994635,0.000938905,null,null,null
-0.0856966,null,-0.179389,null,null
0.281245,null,null,-0.234423,null
0.000550624,null,null,null,0.00461425
0.994635,0.000938905,null,null,null
-0.0856966,null,-0.179389,null,null
0.281245,null,null,-0.234423,null
0.000550624,null,null,null,0.00461425
0.994635,0.000938905,null,null,null
-0.0856966,null,-0.179389,null,null
0.281245,null,null,-0.234423,null
0.000550624,null,null,null,0.00461425
0.994635,0.000938905,null,null,null
-0.0856966,null,-0.179389,null,null
0.281245,null,null,-0.234423,null
0.000550624,null,null,null,0.00461425
0.994635,0.000938905,null,null,null
-0.0856966,null,-0.179389,null,null
0.281245,null,null,-0.234423,null
0.000550624,null,null,null,0.00461425
0.994616,0.00173087,null,null,null
-0.104387,null,-0.177978,null,null
0.305784,null,null,-0.227101,null
-0.000172701,null,null,null,0.0046651
0.994616,0.00173087,null,null,null
-0.104387,null,-0.177978,null,null
0.305784,null,null,-0.227101,null
-0.000172701,null,null,null,0.0046651
0.994616,0.00173087,null,null,null
-0.104387,null,-0.177978,null,null
0.305784,null,null,-0.227101,null
-0.000172701,null,null,null,0.0046651
0.994604,0.000329149,null,null,null
-0.0991782,null,-0.225364,null,null
0.279336,null,null,-0.22576,null
-0.00100651,null,null,null,0.00513829
0.994635,-0.00283041,null,null,null
-0.0598684,null,-0.174766,null,null
0.242066,null,null,-0.174964,null
0.000178869,null,null,null,0.00581296
0.994676,-0.00337185,null,null,null
-0.0835664,null,-0.139288,null,null
0.221844,null,null,-0.209421,null
-0.00100475,null,null,null,0.00529548
0.99468,-0.00448292,null,null,null
-0.0484061,null,-0.0980656,null,null
0.231169,null,null,-0.164953,null
-0.00186744,null,null,null,0.00610085
0.994689,-0.00559319,null,null,null
-0.0496621,null,-0.0943825,null,null
0.193892,null,null,-0.172863,null
-0.00182196,null,null,null,0.00281406
0.994689,-0.00559319,null,null,null
-0.0496621,null,-0.0943825,null,null
0.193892,null,null,-0.172863,null
-0.00182196,null,null,null,0.00281406
0.994606,-0.00828901,null,null,null
-0.0285161,null,-0.0773604,null,null
0.145394,null,null,-0.169224,null
-0.00029731,null,null,null,0.00350921
0.994698,-0.00760746,null,null,null
0.0174408,null,-0.044681,null,null
0.12753,null,null,-0.126529,null
-0.00200109,null,null,null,0.000257161
0.994698,-0.00760746,null,null,null
0.0174408,null,-0.044681,null,null
0.12753,null,null,-0.126529,null
-0.00200109,null,null,null,0.000257161
0.994704,-0.0103856,null,null,null
-0.0275542,null,0.0228968,null,null
0.186049,null,null,-0.0918036,null
-0.000390818,null,null,null,-0.000453085
0.994719,-0.0086943,null,null,null
-0.0455859,null,-0.00263189,null,null
0.193635,null,null,-0.0850381,null
-0.00124794,null,null,null,-0.00334358
0.994719,-0.0086943,null,null,null
-0.0455859,null,-0.00263189,null,null
0.193635,null,null,-0.0850381,null
-0.00124794,null,null,null,-0.00334358
0.994724,-0.0103474,null,null,null
-0.0360484,null,-0.00174565,null,null
0.141522,null,null,-0.068636,null
-0.0024716,null,null,null,-0.000626306
0.994724,-0.0103474,null,null,null
-0.0360484,null,-0.00174565,null,null
0.141522,null,null,-0.068636,null
-0.0024716,null,null,null,-0.000626306
0.99471,-0.00931904,null,null,null
-0.0353538,null,-0.027278,null,null
0.201606,null,null,-0.0569199,null
-0.000806139,null,null,null,0.00146679
0.994766,-0.0101613,null,null,null
-0.0370575,null,-0.0575755,null,null
0.145058,null,null,-0.0129296,null
-0.00152954,null,null,null,-0.000769333
0.994766,-0.0101613,null,null,null
-0.0370575,null,-0.0575755,null,null
0.145058,null,null,-0.0129296,null
-0.00152954,null,null,null,-0.000769333
0.99465,-0.00984166,null,null,null
-0.0760269,null,-0.0704484,null,null
0.166894,null,null,-0.0183894,null
-0.00475277,null,null,null,-0.00146627
0.99465,-0.00984166,null,null,null
-0.0760269,null,-0.0704484,null,null
0.166894,null,null,-0.0183894,null
-0.00475277,null,null,null,-0.00146627
0.994642,-0.0106192,null,null,null
-0.0336629,null,-0.0605118,null,null
0.180906,null,null,-0.0405136,null
0.000636901,null,null,null,-0.00213394
0.994575,-0.0125856,null,null,null
-0.0299288,null,-0.0476036,null,null
0.1741,null,null,-0.0766144,null
-0.00128367,null,null,null,0.000236007
0.994525,-0.0103133,null,null,null
-0.0534024,null,-0.0639415,null,null
0.158282,null,null,-0.0376759,null
-0.000729144,null,null,null,-0.00232305
0.99467,-0.00660035,null,null,null
-0.0570431,null,-0.0180524,null,null
0.1607,null,null,0.0202135,null
-0.000348877,null,null,null,-0.000600988
0.994626,-0.00516554,null,null,null
-0.0602376,null,-0.0188179,null,null
0.192351,null,null,0.041958,null
-0.00144563,null,null,null,0.00528414
0.994585,-0.00414829,null,null,null
-0.0645505,null,-0.0142274,null,null
0.209084,null,null,0.104426,null
0.00187553,null,null,null,0.00194928
0.99466,-0.00596761,null,null,null
-0.0174636,null,-0.0223372,null,null
0.186804,null,null,0.0860226,null
-0.000441599,null,null,null,-0.00123831
0.994618,-0.00627084,null,null,null
-0.0291411,null,-0.0359874,null,null
0.189041,null,null,0.0886693,null
-0.001403,null,null,null,0.000172194
0.994671,-0.00365966,null,null,null
-0.00569091,null,-0.0412993,null,null
0.188191,null,null,0.075949,null
-0.0027039,null,null,null,0.000445085
0.994671,-0.00365966,null,null,null
-0.00569091,null,-0.0412993,null,null
0.188191,null,null,0.075949,null
-0.0027039,null,null,null,0.000445085
0.994696,-0.00170591,null,null,null
-0.0374215,null,-0.0726096,null,null
0.235275,null,null,0.0428608,null
0.000203304,null,null,null,-0.000823895
0.99471,-0.00234271,null,null,null
-0.0252315,null,-0.0641328,null,null
0.26524,null,null,0.057707,null
0.000234215,null,null,null,-0.00342854
0.994719,-0.00284838,null,null,null
-0.0952826,null,-0.114202,null,null
0.155891,null,null,0.104699,null
-0.003201,null,null,null,0.00384751
0.994719,-0.00284838,null,null,null
-0.0952826,null,-0.114202,null,null
0.155891,null,null,0.104699,null
-0.003201,null,null,null,0.00384751
0.994783,0.000121053,null,null,null
-0.0992579,null,-0.136995,null,null
0.151386,null,null,0.0996276,null
-0.0073281,null,null,null,-0.00014585
0.994783,0.000121053,null,null,null
-0.0992579,null,-0.136995,null,null
0.151386,null,null,0.0996276,null
-0.0073281,null,null,null,-0.00014585
0.994642,0.00141955,null,null,null
-0.123048,null,-0.167551,null,null
0.194175,null,null,0.0761933,null
-0.0019772,null,null,null,0.00497506
0.994704,0.00112607,null,null,null
-0.142166,null,-0.123353,null,null
0.17332,null,null,0.0580826,null
0.00201736,null,null,null,0.00298628
0.994704,0.00112607,null,null,null
-0.142166,null,-0.123353,null,null
0.17332,null,null,0.0580826,null
0.00201736,null,null,null,0.00298628
0.994764,0.00229957,null,null,null
-0.0677136,null,-0.141698,null,null
0.124597,null,null,0.0527904,null
0.00194724,null,null,null,0.00137618
0.994764,0.00229957,null,null,null
-0.0677136,null,-0.141698,null,null
0.124597,null,null,0.0527904,null
0.00194724,null,null,null,0.00137618
0.994731,0.00181763,null,null,null
-0.0467905,null,-0.209784,null,null
0.0896505,null,null,0.101964,null
0.00266097,null,null,null,0.00626315
0.994731,0.00181763,null,null,null
-0.0467905,null,-0.209784,null,null
0.0896505,null,null,0.101964,null
0.00266097,null,null,null,0.00626315
0.994703,0.000111338,null,null,null
-0.0900074,null,-0.217479,null,null
0.133772,null,null,0.0394794,null
0.000683667,null,null,null,0.00672589
0.994686,-0.00120978,null,null,null
-0.0476986,null,-0.201926,null,null
0.117598,null,null,0.0224776,null
0.00111379,null,null,null,0.00229311
0.994686,-0.00120978,null,null,null
-0.0476986,null,-0.201926,null,null
0.117598,null,null,0.0224776,null
0.00111379,null,null,null,0.00229311
0.994709,-0.00265028,null,null,null
-0.057371,null,-0.157917,null,null
0.0783005,null,null,0.0471955,null
-0.000353191,null,null,null,0.00449569
0.9947,-0.00102644,null,null,null
-0.0259929,null,-0.164678,null,null
0.121981,null,null,0.0323391,null
-0.00187452,null,null,null,0.00322245
0.994619,0.000193875,null,null,null
-0.0523149,null,-0.161485,null,null
0.172153,null,null,0.0295172,null
0.00154389,null,null,null,0.00311493
0.994712,0.00270623,null,null,null
-0.0640939,null,-0.171058,null,null
0.213599,null,null,0.0462048,null
-0.000723511,null,null,null,0.00186684
0.994684,0.00532113,null,null,null
-0.0566705,null,-0.174761,null,null
0.199339,null,null,0.0186936,null
-0.000905239,null,null,null,0.0056789
0.994571,0.00562128,null,null,null
-0.0532904,null,-0.182421,null,null
0.140261,null,null,0.0484002,null
-0.00157098,null,null,null,-0.000366066
0.994649,0.00662098,null,null,null
-0.0772272,null,-0.164884,null,null
0.227217,null,null,0.0716015,null
0.000959998,null,null,null,0.0028765
0.99469,0.00548745,null,null,null
-0.132309,null,-0.189734,null,null
0.207744,null,null,0.076153,null
0.000847511,null,null,null,0.00164229
0.994666,0.00873683,null,null,null
-0.128044,null,-0.148987,null,null
0.212481,null,null,0.0732969,null
0.00304229,null,null,null,-0.000388594
0.994674,0.0110222,null,null,null
-0.108613,null,-0.161076,null,null
0.202322,null,null,0.0978229,null
0.00403844,null,null,null,0.000845411
0.994585,0.0107767,null,null,null
-0.13058,null,-0.127551,null,null
0.228516,null,null,0.0774804,null
0.00398246,null,null,null,0.00236557
0.994585,0.0107767,null,null,null
-0.13058,null,-0.127551,null,null
0.228516,null,null,0.0774804,null
0.00398246,null,null,null,0.00236557
0.994594,0.00997362,null,null,null
-0.101028,null,-0.17344,null,null
0.206635,null,null,0.067265,null
0.000814556,null,null,null,0.00352731
0.994656,0.00852747,null,null,null
-0.120538,null,-0.153842,null,null
0.23175,null,null,0.109186,null
0.000940318,null,null,null,0.00351085
0.994721,0.00610371,null,null,null
-0.128381,null,-0.145561,null,null
0.23229,null,null,0.0906261,null
0.000332608,null,null,null,-0.00134129
0.994721,0.00610371,null,null,null
-0.128381,null,-0.145561,null,null
0.23229,null,null,0.0906261,null
0.000332608,null,null,null,-0.00134129
0.994721,0.00610371,null,null,null
-0.128381,null,-0.145561,null,null
0.23229,null,null,0.0906261,null
0.000332608,null,null,null,-0.00134129
0.994721,0.00610371,null,null,null
-0.128381,null,-0.145561,null,null
0.23229,null,null,0.0906261,null
0.000332608,null,null,null,-0.00134129
0.9947,0.00358871,null,null,null
-0.161554,null,-0.15088,null,null
0.223543,null,null,0.106071,null
-0.00046826,null,null,null,-0.00263856
0.994715,0.00256791,null,null,null
-0.118648,null,-0.13108,null,null
0.255839,null,null,0.138267,null
0.00215644,null,null,null,-0.00270519
0.994715,0.00256791,null,null,null
-0.118648,null,-0.13108,null,null
0.255839,null,null,0.138267,null
0.00215644,null,null,null,-0.00270519
0.994698,-0.00112009,null,null,null
-0.131559,null,-0.17875,null,null
0.202239,null,null,0.152819,null
0.00249326,null,null,null,-0.00052366
0.994755,0.0027486,null,null,null
-0.160263,null,-0.140845,null,null
0.20593,null,null,0.154502,null
0.00157386,null,null,null,-0.00293481
0.994803,0.00094175,null,null,null
-0.143813,null,-0.134862,null,null
0.197928,null,null,0.135002,null
0.00138116,null,null,null,0.000264953
0.994775,0.00230853,null,null,null
-0.129469,null,-0.127039,null,null
0.211283,null,null,0.176822,null
0.000170459,null,null,null,-0.000481113
0.994768,0.00593164,null,null,null
-0.167279,null,-0.163931,null,null
0.195869,null,null,0.165824,null
0.00332816,null,null,null,0.00188201
0.9947,0.00688876,null,null,null
-0.15498,null,-0.167619,null,null
0.177058,null,null,0.104206,null
0.00182588,null,null,null,0.00212737
0.9947,0.00688876,null,null,null
-0.15498,null,-0.167619,null,null
0.177058,null,null,0.104206,null
0.00182588,null,null,null,0.00212737
0.99469,0.00394382,null,null,null
-0.134919,null,-0.209215,null,null
0.228607,null,null,0.124268,null
0.000843249,null,null,null,0.00287805
0.994671,0.00512034,null,null,null
-0.174594,null,-0.179281,null,null
0.262141,null,null,0.107497,null
0.00265432,null,null,null,0.00488672
0.994651,0.00614419,null,null,null
-0.206301,null,-0.169203,null,null
0.240413,null,null,0.127316,null
0.000490164,null,null,null,0.00191606
0.99468,0.00652985,null,null,null
-0.171145,null,-0.16539,null,null
0.289287,null,null,0.142753,null
0.00114122,null,null,null,-0.000364126
0.994635,0.0067061,null,null,null
-0.166845,null,-0.15721,null,null
0.250507,null,null,0.140436,null
-0.00126334,null,null,null,-0.000649874
0.994635,0.0067061,null,null,null
-0.166845,null,-0.15721,null,null
0.250507,null,null,0.140436,null
-0.00126334,null,null,null,-0.000649874
0.994665,0.00892044,null,null,null
-0.223944,null,-0.122013,null,null
0.183469,null,null,0.166955,null
0.00173049,null,null,null,0.000908834
0.994671,0.00615729,null,null,null
-0.208056,null,-0.0994486,null,null
0.270714,null,null,0.140435,null
-0.00247701,null,null,null,-0.00195704
0.994715,0.00517704,null,null,null
-0.241041,null,-0.151413,null,null
0.22062,null,null,0.100192,null
-0.000381261,null,null,null,-0.000161206
0.994715,0.00517704,null,null,null
-0.241041,null,-0.151413,null,null
0.22062,null,null,0.100192,null
-0.000381261,null,null,null,-0.000161206
0.99474,0.00370703,null,null,null
-0.258876,null,-0.130467,null,null
0.249248,null,null,0.120592,null
-0.00182426,null,null,null,0.00163583
0.994719,0.00313969,null,null,null
-0.201974,null,-0.17681,null,null
0.253836,null,null,0.0966559,null
-0.00237233,null,null,null,-0.00369595
0.994712,0.00592554,null,null,null
-0.161095,null,-0.125032,null,null
0.277605,null,null,0.081045,null
0.00157847,null,null,null,-0.000421983
0.994712,0.00592554,null,null,null
-0.161095,null,-0.125032,null,null
0.277605,null,null,0.081045,null
0.00157847,null,null,null,-0.000421983
0.994712,0.00592554,null,null,null
-0.161095,null,-0.125032,null,null
0.277605,null,null,0.081045,null
0.00157847,null,null,null,-0.000421983
0.994676,0.00682943,null,null,null
-0.236877,null,-0.165191,null,null
0.262335,null,null,0.0605356,null
0.000815595,null,null,null,0.00331354
0.994676,0.00682943,null,null,null
-0.236877,null,-0.165191,null,null
0.262335,null,null,0.0605356,null
0.000815595,null,null,null,0.00331354
0.994676,0.00682943,null,null,null
-0.236877,null,-0.165191,null,null
0.262335,null,null,0.0605356,null
0.000815595,null,null,null,0.00331354
0.994642,0.00574052,null,null,null
-0.267181,null,-0.1472,null,null
0.267531,null,null,0.050125,null
-0.00280972,null,null,null,0.000335901
0.994642,0.00574052,null,null,null
-0.267181,null,-0.1472,null,null
0.267531,null,null,0.050125,null
-0.00280972,null,null,null,0.000335901
0.994616,0.00526207,null,null,null
-0.228174,null,-0.123418,null,null
0.259609,null,null,0.0521035,null
-0.000133942,null,null,null,0.000396679
0.994641,0.00340876,null,null,null
-0.239989,null,-0.150419,null,null
0.266385,null,null,0.0503543,null
-0.000478988,null,null,null,0.00145671
0.994687,0.00431298,null,null,null
-0.210651,null,-0.136389,null,null
0.266035,null,null,0.0463936,null
0.00020261,null,null,null,-0.000753354
0.994711,0.00378322,null,null,null
-0.218897,null,-0.17905,null,null
0.235904,null,null,0.0730194,null
0.00118073,null,null,null,0.00526336
0.994699,0.00701288,null,null,null
-0.229974,null,-0.212231,null,null
0.248418,null,null,0.0569995,null
0.000310364,null,null,null,-0.00112832
0.994744,0.00170467,null,null,null
-0.178994,null,-0.136531,null,null
0.256449,null,null,0.0699794,null
-0.00146294,null,null,null,-0.000817088
0.994669,0.00196904,null,null,null
-0.178542,null,-0.0992299,null,null
0.213456,null,null,0.0502359,null
0.0012524,null,null,null,0.00148431
0.994669,0.00196904,null,null,null
-0.178542,null,-0.0992299,null,null
0.213456,null,null,0.0502359,null
0.0012524,null,null,null,0.00148431
0.994669,0.00196904,null,null,null
-0.178542,null,-0.0992299,null,null
0.213456,null,null,0.0502359,null
0.0012524,null,null,null,0.00148431
0.994705,0.00486244,null,null,null
-0.184465,null,-0.107227,null,null
0.192856,null,null,0.0172356,null
-0.00328355,null,null,null,0.00156025
0.994705,0.00486244,null,null,null
-0.184465,null,-0.107227,null,null
0.192856,null,null,0.0172356,null
-0.00328355,null,null,null,0.00156025
0.9947,-0.000173643,null,null,null
-0.129466,null,-0.0978929,null,null
0.203054,null,null,0.0216138,null
0.000691508,null,null,null,-0.00166104
0.994745,-0.00143731,null,null,null
-0.162829,null,-0.13263,null,null
0.198949,null,null,0.0360403,null
0.00298699,null,null,null,0.000288552
0.994669,0.000758009,null,null,null
-0.191514,null,-0.0818939,null,null
0.246748,null,null,0.00769326,null
-0.00149756,null,null,null,0.000990249
0.994669,0.000758009,null,null,null
-0.191514,null,-0.0818939,null,null
0.246748,null,null,0.00769326,null
-0.00149756,null,null,null,0.000990249
0.994729,-0.0013546,null,null,null
-0.192853,null,-0.0384374,null,null
0.283521,null,null,-0.0107701,null
-0.00211226,null,null,null,-0.00171391
0.994685,-0.00211015,null,null,null
-0.203826,null,-0.0929029,null,null
0.270626,null,null,-0.00686906,null
-0.00164735,null,null,null,-0.00152945
0.994685,-0.00211015,null,null,null
-0.203826,null,-0.0929029,null,null
0.270626,null,null,-0.00686906,null
-0.00164735,null,null,null,-0.00152945
0.994637,-0.00273949,null,null,null
-0.202689,null,-0.135726,null,null
0.306751,null,null,0.0320315,null
-0.000694929,null,null,null,-0.000143469
0.994679,-0.00356649,null,null,null
-0.207164,null,-0.16524,null,null
0.332391,null,null,0.0341598,null
-0.00133279,null,null,null,0.00270171
0.994606,-0.00554066,null,null,null
-0.149496,null,-0.178206,null,null
0.322879,null,null,-0.00883532,null
0.00177072,null,null,null,-0.00168121
0.994675,-0.00923347,null,null,null
-0.196394,null,-0.174081,null,null
0.316443,null,null,0.0446942,null
-0.00165332,null,null,null,-0.00220133
0.994644,-0.0101251,null,null,null
-0.217766,null,-0.12704,null,null
0.293945,null,null,0.0149768,null
0.00396541,null,null,null,-0.00321806
0.994644,-0.0101251,null,null,null
-0.217766,null,-0.12704,null,null
0.293945,null,null,0.0149768,null
0.00396541,null,null,null,-0.00321806
0.994672,-0.00663625,null,null,null
-0.214149,null,-0.0813118,null,null
0.279206,null,null,0.0564341,null
0.0028518,null,null,null,-0.00648934
0.994672,-0.00663625,null,null,null
-0.214149,null,-0.0813118,null,null
0.279206,null,null,0.0564341,null
0.0028518,null,null,null,-0.00648934
0.994616,-0.00531105,null,null,null
-0.184909,null,-0.11332,null,null
0.266661,null,null,0.0827645,null
0.00365592,null,null,null,-0.00214581
0.994616,-0.00531105,null,null,null
-0.184909,null,-0.11332,null,null
0.266661,null,null,0.0827645,null
0.00365592,null,null,null,-0.00214581
0.994629,-0.00805888,null,null,null
-0.238386,null,-0.100156,null,null
0.21618,null,null,0.07173,null
-0.00212764,null,null,null,-0.00106231
0.994646,-0.00573348,null,null,null
-0.274031,null,-0.110774,null,null
0.193291,null,null,0.061004,null
-0.00413824,null,null,null,-0.000147629
0.994646,-0.00573348,null,null,null
-0.274031,null,-0.110774,null,null
0.193291,null,null,0.061004,null
-0.00413824,null,null,null,-0.000147629
0.994646,-0.00573348,null,null,null
-0.274031,null,-0.110774,null,null
0.193291,null,null,0.061004,null
-0.00413824,null,null,null,-0.000147629
0.994646,-0.00573348,null,null,null
-0.274031,null,-0.110774,null,null
0.193291,null,null,0.061004,null
-0.00413824,null,null,null,-0.000147629
0.994646,-0.00573348,null,null,null
-0.274031,null,-0.110774,null,null
0.193291,null,null,0.061004,null
-0.00413824,null,null,null,-0.000147629
0.994646,-0.00573348,null,null,null
-0.274031,null,-0.110774,null,null
0.193291,null,null,0.061004,null
-0.00413824,null,null,null,-0.000147629
0.994646,-0.00573348,null,null,null
-0.274031,null,-0.110774,null,null
0.193291,null,null,0.061004,null
-0.00413824,null,null,null,-0.000147629
0.99465,-0.00814315,null,null,null
-0.250896,null,-0.118468,null,null
0.156995,null,null,0.092333,null
-0.00288453,null,null,null,-0.00105024
0.99465,-0.00814315,null,null,null
-0.250896,null,-0.118468,null,null
0.156995,null,null,0.092333,null
-0.00288453,null,null,null,-0.00105024
0.99465,-0.00814315,null,null,null
-0.250896,null,-0.118468,null,null
0.156995,null,null,0.092333,null
-0.00288453,null,null,null,-0.00105024
0.994719,-0.00809376,null,null,null
-0.23612,null,-0.0976748,null,null
0.20624,null,null,0.0947024,null
-0.00261083,null,null,null,-0.00401054
0.994745,-0.00562251,null,null,null
-0.231708,null,-0.0730403,null,null
0.199212,null,null,0.0969736,null
1.82154e-05,null,null,null,-0.00124918
0.994663,-0.00766696,null,null,null
-0.219998,null,-0.087498,null,null
0.120883,null,null,0.0782634,null
0.000792285,null,null,null,-0.0025678
0.994694,-0.0111178,null,null,null
-0.223653,null,-0.0595681,null,null
0.143574,null,null,0.0347886,null
0.00106218,null,null,null,0.00246371
0.994694,-0.0111178,null,null,null
-0.223653,null,-0.0595681,null,null
0.143574,null,null,0.0347886,null
0.00106218,null,null,null,0.00246371
0.994694,-0.0111178,null,null,null
-0.223653,null,-0.0595681,null,null
0.143574,null,null,0.0347886,null
0.00106218,null,null,null,0.00246371
0.994671,-0.0127306,null,null,null
-0.25144,null,-0.0952655,null,null
0.105458,null,null,0.0812087,null
0.000169426,null,null,null,0.000297144
0.9947,-0.0114089,null,null,null
-0.232706,null,-0.0947682,null,null
0.138721,null,null,0.107901,null
-0.0031421,null,null,null,-0.00215596
0.994663,-0.0122487,null,null,null
-0.230563,null,-0.1197,null,null
0.132458,null,null,0.115538,null
-0.00102479,null,null,null,0.000611949
0.994663,-0.0122487,null,null,null
-0.230563,null,-0.1197,null,null
0.132458,null,null,0.115538,null
-0.00102479,null,null,null,0.000611949
0.994498,-0.0142109,null,null,null
-0.216675,null,-0.125694,null,null
0.141082,null,null,0.0890708,null
-0.00119632,null,null,null,0.00587122
0.994591,-0.0166083,null,null,null
-0.180771,null,-0.168615,null,null
0.105566,null,null,0.0855822,null
-0.00284907,null,null,null,0.00558055
0.994467,-0.0168004,null,null,null
-0.190427,null,-0.132073,null,null
0.0726464,null,null,0.0929071,null
-0.000914264,null,null,null,0.00341318
0.994467,-0.0168004,null,null,null
-0.190427,null,-0.132073,null,null
0.0726464,null,null,0.0929071,null
-0.000914264,null,null,null,0.00341318
0.994456,-0.0166003,null,null,null
-0.191727,null,-0.162844,null,null
0.111893,null,null,0.112752,null
-0.00161721,null,null,null,0.00525342
0.99454,-0.0183744,null,null,null
-0.158365,null,-0.128128,null,null
0.136785,null,null,0.138843,null
-0.00230218,null,null,null,0.00682866
0.994528,-0.019267,null,null,null
-0.143195,null,-0.136506,null,null
0.177761,null,null,0.158096,null
0.00161414,null,null,null,0.00335139
0.994528,-0.019267,null,null,null
-0.143195,null,-0.136506,null,null
0.177761,null,null,0.158096,null
0.00161414,null,null,null,0.00335139
0.994528,-0.019267,null,null,null
-0.143195,null,-0.136506,null,null
0.177761,null,null,0.158096,null
0.00161414,null,null,null,0.00335139
0.994575,-0.0191584,null,null,null
-0.125305,null,-0.138873,null,null
0.226208,null,null,0.195843,null
-0.0046074,null,null,null,-0.00018417
0.994575,-0.0191584,null,null,null
-0.125305,null,-0.138873,null,null
0.226208,null,null,0.195843,null
-0.0046074,null,null,null,-0.00018417
0.994575,-0.0191584,null,null,null
-0.125305,null,-0.138873,null,null
0.226208,null,null,0.195843,null
-0.0046074,null,null,null,-0.00018417
0.994556,-0.0190115,null,null,null
-0.127135,null,-0.112579,null,null
0.200426,null,null,0.197309,null
-0.000392076,null,null,null,0.00244175
0.994515,-0.0195615,null,null,null
-0.15356,null,-0.086244,null,null
0.166272,null,null,0.205597,null
-0.00231915,null,null,null,0.000375761
0.994591,-0.0173574,null,null,null
-0.141779,null,-0.102073,null,null
0.192328,null,null,0.205829,null
0.00222726,null,null,null,0.00135033
0.994607,-0.0149882,null,null,null
-0.18844,null,-0.12532,null,null
0.222548,null,null,0.213416,null
0.00276431,null,null,null,-6.34554e-05
0.994607,-0.0149882,null,null,null
-0.18844,null,-0.12532,null,null
0.222548,null,null,0.213416,null
0.00276431,null,null,null,-6.34554e-05
0.994607,-0.0149882,null,null,null
-0.18844,null,-0.12532,null,null
0.222548,null,null,0.213416,null
0.00276431,null,null,null,-6.34554e-05
0.99458,-0.0142074,null,null,null
-0.141249,null,-0.141501,null,null
0.177579,null,null,0.19675,null
0.00163035,null,null,null,-0.00216061
0.994565,-0.0134457,null,null,null
-0.190614,null,-0.145601,null,null
0.180533,null,null,0.197238,null
-0.00339141,null,null,null,-0.000372614
0.994565,-0.0134457,null,null,null
-0.190614,null,-0.145601,null,null
0.180533,null,null,0.197238,null
-0.00339141,null,null,null,-0.000372614
0.994565,-0.0134457,null,null,null
-0.190614,null,-0.145601,null,null
0.180533,null,null,0.197238,null
-0.00339141,null,null,null,-0.000372614
0.994565,-0.0134457,null,null,null
-0.190614,null,-0.145601,null,null
0.180533,null,null,0.197238,null
-0.00339141,null,null,null,-0.000372614
0.994565,-0.0134457,null,null,null
-0.190614,null,-0.145601,null,null
0.180533,null,null,0.197238,null
-0.00339141,null,null,null,-0.000372614
0.994676,-0.0134106,null,null,null
-0.176742,null,-0.147446,null,null
0.17452,null,null,0.207467,null
-0.00112446,null,null,null,0.00165715
0.994611,-0.0131779,null,null,null
-0.166717,null,-0.08336,null,null
0.161706,null,null,0.197465,null
0.000529938,null,null,null,-0.00116226
0.994556,-0.0138536,null,null,null
-0.196162,null,-0.0803352,null,null
0.188385,null,null,0.162026,null
-0.000728632,null,null,null,-0.00105427
0.994556,-0.0138536,null,null,null
-0.196162,null,-0.0803352,null,null
0.188385,null,null,0.162026,null
-0.000728632,null,null,null,-0.00105427
0.994563,-0.0148898,null,null,null
-0.211047,null,-0.1462,null,null
0.123877,null,null,0.0775982,null
0.00164316,null,null,null,0.00179386
0.994586,-0.0129004,null,null,null
-0.179645,null,-0.0943843,null,null
0.158165,null,null,0.037318,null
-0.00478711,null,null,null,0.00114367
0.9947,-0.0112564,null,null,null
-0.166467,null,-0.12622,null,null
0.14694,null,null,0.0323582,null
-0.0035041,null,null,null,-0.00205198
0.994629,-0.0101427,null,null,null
-0.155289,null,-0.0846061,null,null
0.181996,null,null,0.0770264,null
0.00234838,null,null,null,-0.000826331
0.994629,-0.0101427,null,null,null
-0.155289,null,-0.0846061,null,null
0.181996,null,null,0.0770264,null
0.00234838,null,null,null,-0.000826331
0.994633,-0.00896401,null,null,null
-0.178774,null,-0.127759,null,null
0.14212,null,null,0.0408553,null
-0.000992729,null,null,null,-0.00228566
0.99468,-0.00767566,null,null,null
-0.113833,null,-0.144203,null,null
0.142512,null,null,-0.0121677,null
0.00297634,null,null,null,-0.00567955
0.994641,-0.00676398,null,null,null
-0.148409,null,-0.164329,null,null
0.146031,null,null,0.0307374,null
-5.35496e-05,null,null,null,-0.00143742
0.994709,-0.00728966,null,null,null
-0.127903,null,-0.142137,null,null
0.133713,null,null,-0.00721451,null
-9.40229e-06,null,null,null,0.00472955
0.994709,-0.00728966,null,null,null
-0.127903,null,-0.142137,null,null
0.133713,null,null,-0.00721451,null
-9.40229e-06,null,null,null,0.00472955
0.994748,-0.00429946,null,null,null
-0.157557,null,-0.139865,null,null
0.114243,null,null,0.0358751,null
0.000251156,null,null,null,0.000394805
0.994712,-0.00407645,null,null,null
-0.116274,null,-0.111189,null,null
0.109563,null,null,0.040186,null
0.00204192,null,null,null,0.000892815
0.994712,-0.00407645,null,null,null
-0.116274,null,-0.111189,null,null
0.109563,null,null,0.040186,null
0.00204192,null,null,null,0.000892815
0.994712,-0.00407645,null,null,null
-0.116274,null,-0.111189,null,null
0.109563,null,null,0.040186,null
0.00204192,null,null,null,0.000892815
0.994748,-0.00417333,null,null,null
-0.131694,null,-0.0440191,null,null
0.0829495,null,null,0.0482739,null
-0.00137404,null,null,null,-0.00096524
0.994699,-0.00614421,null,null,null
-0.112128,null,-0.122182,null,null
0.0850749,null,null,0.0482434,null
-0.00145374,null,null,null,-0.000298016
0.994699,-0.00614421,null,null,null
-0.112128,null,-0.122182,null,null
0.0850749,null,null,0.0482434,null
-0.00145374,null,null,null,-0.000298016
0.99463,-0.00691733,null,null,null
-0.104052,null,-0.156535,null,null
0.0666229,null,null,0.0841029,null
0.00128496,null,null,null,-0.00176658
0.994687,-0.00649746,null,null,null
-0.103995,null,-0.18613,null,null
0.069398,null,null,0.0726359,null
0.00227984,null,null,null,-0.00163571
0.994712,-0.00495131,null,null,null
-0.101988,null,-0.217152,null,null
0.0412083,null,null,0.0380574,null
0.000385488,null,null,null,-0.00602849
0.994691,-0.00452759,null,null,null
-0.118469,null,-0.218846,null,null
-0.00292324,null,null,0.0476686,null
0.00013485,null,null,null,0.00119755
0.994684,-0.00299224,null,null,null
-0.150039,null,-0.165651,null,null
-0.00664834,null,null,0.00946529,null
-0.00147551,null,null,null,0.000562361
0.994684,-0.00299224,null,null,null
-0.150039,null,-0.165651,null,null
-0.00664834,null,null,0.00946529,null
-0.00147551,null,null,null,0.000562361
0.994685,-0.00231584,null,null,null
-0.115903,null,-0.165276,null,null
-0.0221364,null,null,0.037697,null
0.000632296,null,null,null,-0.000408049
0.994685,-0.00231584,null,null,null
-0.115903,null,-0.165276,null,null
-0.0221364,null,null,0.037697,null
0.000632296,null,null,null,-0.000408049
0.994661,-0.00526363,null,null,null
-0.037386,null,-0.20169,null,null
-0.0240033,null,null,0.0251672,null
0.00163416,null,null,null,-0.00330975
0.994724,-0.00256779,null,null,null
-0.0789859,null,-0.20786,null,null
0.0108785,null,null,0.0105548,null
0.00397611,null,null,null,-0.000485841
0.9947,0.000164199,null,null,null
0.0350275,null,-0.194593,null,null
0.0294574,null,null,-0.00175727,null
-0.000156994,null,null,null,0.00172328
0.994659,-0.00100504,null,null,null
0.00967289,null,-0.193874,null,null
-0.00296756,null,null,0.0151378,null
-0.00078467,null,null,null,-0.00233215
0.994659,-0.00100504,null,null,null
0.00967289,null,-0.193874,null,null
-0.00296756,null,null,0.0151378,null
-0.00078467,null,null,null,-0.00233215
0.994644,0.0021388,null,null,null
-0.0355279,null,-0.162211,null,null
0.020846,null,null,-0.0135851,null
0.000661395,null,null,null,0.000746746
0.994656,-0.000884786,null,null,null
0.00488141,null,-0.1252,null,null
-0.0069444,null,null,0.00707161,null
-0.00111832,null,null,null,-0.000886196
0.994642,0.00245195,null,null,null
0.0199375,null,-0.132835,null,null
-0.00865687,null,null,0.00605051,null
-0.000490946,null,null,null,0.00076958
0.994642,0.00245195,null,null,null
0.0199375,null,-0.132835,null,null
-0.00865687,null,null,0.00605051,null
-0.000490946,null,null,null,0.00076958
0.994642,0.00245195,null,null,null
0.0199375,null,-0.132835,null,null
-0.00865687,null,null,0.00605051,null
-0.000490946,null,null,null,0.00076958
0.994642,0.00245195,null,null,null
0.0199375,null,-0.132835,null,null
-0.00865687,null,null,0.00605051,null
-0.000490946,null,null,null,0.00076958
0.994642,0.00245195,null,null,null
0.0199375,null,-0.132835,null,null
-0.00865687,null,null,0.00605051,null
-0.000490946,null,null,null,0.00076958
0.994646,0.000807048,null,null,null
0.0213306,null,-0.156985,null,null
-0.02394,null,null,-0.0342519,null
-0.00388038,null,null,null,0.00267604
0.994636,0.00428931,null,null,null
0.0189843,null,-0.111825,null,null
0.00956454,null,null,-0.000316417,null
-0.00279414,null,null,null,-0.00150438
0.994685,0.00595362,null,null,null
0.0385757,null,-0.133477,null,null
0.0144909,null,null,0.032782,null
-0.0020471,null,null,null,0.00162746
0.994685,0.00595362,null,null,null
0.0385757,null,-0.133477,null,null
0.0144909,null,null,0.032782,null
-0.0020471,null,null,null,0.00162746
0.994685,0.00595362,null,null,null
0.0385757,null,-0.133477,null,null
0.0144909,null,null,0.032782,null
-0.0020471,null,null,null,0.00162746
0.994701,0.00626598,null,null,null
0.0715372,null,-0.196789,null,null
0.049287,null,null,-0.00821741,null
-0.00337119,null,null,null,0.00113551
0.994704,0.00728541,null,null,null
0.0505139,null,-0.197061,null,null
0.0190399,null,null,-0.0230541,null
0.000165404,null,null,null,0.00027434
0.994754,0.00564321,null,null,null
0.0577035,null,-0.260445,null,null
0.058704,null,null,-0.011792,null
0.00148512,null,null,null,-0.00325926
0.994776,0.00685306,null,null,null
0.0728741,null,-0.225947,null,null
0.0222129,null,null,-0.0128205,null
-0.0025223,null,null,null,0.00171283
0.994725,0.00517937,null,null,null
0.0483608,null,-0.235989,null,null
0.0313065,null,null,-0.0457406,null
-0.000685771,null,null,null,0.000462899
0.994766,0.00384028,null,null,null
0.0810803,null,-0.23787,null,null
0.021414,null,null,-0.062409,null
-0.000451365,null,null,null,-0.00335811
0.994796,0.00294754,null,null,null
0.0864724,null,-0.205186,null,null
0.0160143,null,null,-0.0267366,null
-0.00057417,null,null,null,-0.00111959
0.99473,0.00161302,null,null,null
0.0728942,null,-0.175134,null,null
-0.0333651,null,null,-0.0413085,null
0.00056454,null,null,null,0.00144321
0.994741,0.000216533,null,null,null
0.0572276,null,-0.190269,null,null
-0.00645914,null,null,0.0139284,null
-0.0057427,null,null,null,0.00149574
0.994676,-0.00164378,null,null,null
0.0262679,null,-0.16662,null,null
0.0307047,null,null,-0.0580268,null
-0.00178241,null,null,null,0.00144925
0.994676,-0.00164378,null,null,null
0.0262679,null,-0.16662,null,null
0.0307047,null,null,-0.0580268,null
-0.00178241,null,null,null,0.00144925
0.994691,0.000927735,null,null,null
0.104313,null,-0.157585,null,null
0.000738231,null,null,-0.0209024,null
-0.00116863,null,null,null,0.0023433
0.994691,0.000927735,null,null,null
0.104313,null,-0.157585,null,null
0.000738231,null,null,-0.0209024,null
-0.00116863,null,null,null,0.0023433
0.994738,0.000588276,null,null,null
0.0906004,null,-0.137433,null,null
-0.00200806,null,null,-0.045146,null
-0.00155619,null,null,null,0.0039917
0.994755,0.00199106,null,null,null
0.121557,null,-0.155493,null,null
0.0132347,null,null,-0.0955045,null
-0.00701314,null,null,null,0.00116819
0.994786,0.00201509,null,null,null
0.194456,null,-0.145924,null,null
0.0132722,null,null,-0.0625021,null
-0.00368199,null,null,null,0.003221
0.994746,0.00172874,null,null,null
0.195614,null,-0.108431,null,null
0.0345389,null,null,-0.0795162,null
-0.0013656,null,null,null,0.00167155
0.994722,0.000729793,null,null,null
0.194112,null,-0.107679,null,null
0.026934,null,null,-0.0943774,null
0.00117931,null,null,null,0.00236314
0.99473,0.00381455,null,null,null
0.191149,null,-0.0801648,null,null
-0.0193485,null,null,-0.13255,null
-0.00101065,null,null,null,0.000100155
0.994754,0.0027777,null,null,null
0.179036,null,-0.099347,null,null
-0.024091,null,null,-0.106149,null
-0.00283796,null,null,null,0.00275509
0.994661,0.00327574,null,null,null
0.162964,null,-0.075621,null,null
0.00179017,null,null,-0.096743,null
-0.00150527,null,null,null,-0.00115896
0.994705,0.000408445,null,null,null
0.178778,null,-0.114587,null,null
0.00501304,null,null,-0.0845608,null
0.00196989,null,null,null,-0.000234934
0.994705,0.000408445,null,null,null
0.178778,null,-0.114587,null,null
0.00501304,null,null,-0.0845608,null
0.00196989,null,null,null,-0.000234934
0.994705,0.000408445,null,null,null
0.178778,null,-0.114587,null,null
0.00501304,null,null,-0.0845608,null
0.00196989,null,null,null,-0.000234934
0.994789,-0.000527722,null,null,null
0.171263,null,-0.11457,null,null
0.0175559,null,null,-0.0446966,null
0.000986244,null,null,null,-0.0010678
0.994771,-0.00210066,null,null,null
0.176096,null,-0.0910688,null,null
-0.00322213,null,null,-0.110108,null
-0.00111437,null,null,null,-0.00366354
0.994726,-0.00185149,null,null,null
0.109462,null,-0.103035,null,null
-0.022077,null,null,-0.0783921,null
0.00110573,null,null,null,-0.00263295
0.994755,-0.00211111,null,null,null
0.0732287,null,-0.137249,null,null
-0.0318338,null,null,-0.0812651,null
-0.000385347,null,null,null,0.000258249
0.994821,-0.00341543,null,null,null
0.11456,null,-0.106129,null,null
-0.0253645,null,null,-0.0983959,null
-0.00181402,null,null,null,9.62759e-05
0.994814,-0.00353339,null,null,null
0.105101,null,-0.098733,null,null
-0.0161315,null,null,-0.121532,null
-0.00261672,null,null,null,-0.00252364
0.994814,-0.00353339,null,null,null
0.105101,null,-0.098733,null,null
-0.0161315,null,null,-0.121532,null
-0.00261672,null,null,null,-0.00252364
0.994885,-0.00362621,null,null,null
0.117134,null,-0.0618319,null,null
-0.0632259,null,null,-0.101979,null
-0.000882731,null,null,null,-0.00226502
0.994885,-0.00362621,null,null,null
0.117134,null,-0.0618319,null,null
-0.0632259,null,null,-0.101979,null
-0.000882731,null,null,null,-0.00226502
0.99478,-0.00464364,null,null,null
0.105604,null,-0.0173936,null,null
-0.0216155,null,null,-0.1114,null
0.00282959,null,null,null,-0.00325383
0.99478,-0.00464364,null,null,null
0.105604,null,-0.0173936,null,null
-0.0216155,null,null,-0.1114,null
0.00282959,null,null,null,-0.00325383
0.99478,-0.0032627,null,null,null
0.104385,null,-0.0839755,null,null
-0.0366936,null,null,-0.0908046,null
-0.000112451,null,null,null,-0.000694923
0.994762,-0.00297196,null,null,null
0.145631,null,-0.10721,null,null
-0.0141192,null,null,-0.078666,null
0.00241339,null,null,null,-0.00120221
0.994762,-0.00297196,null,null,null
0.145631,null,-0.10721,null,null
-0.0141192,null,null,-0.078666,null
0.00241339,null,null,null,-0.00120221
0.994762,-0.00297196,null,null,null
0.145631,null,-0.10721,null,null
-0.0141192,null,null,-0.078666,null
0.00241339,null,null,null,-0.00120221
0.994791,-0.00106049,null,null,null
0.0929011,null,-0.144724,null,null
-0.0346481,null,null,-0.0670387,null
0.000472204,null,null,null,-0.000811614
0.994791,-0.00106049,null,null,null
0.0929011,null,-0.144724,null,null
-0.0346481,null,null,-0.0670387,null
0.000472204,null,null,null,-0.000811614
0.994791,-0.00106049,null,null,null
0.0929011,null,-0.144724,null,null
-0.0346481,null,null,-0.0670387,null
0.000472204,null,null,null,-0.000811614
0.99479,-0.000368538,null,null,null
0.0963295,null,-0.102524,null,null
-0.0231451,null,null,-0.115668,null
0.00199527,null,null,null,0.00169275
0.994704,-0.0019579,null,null,null
0.115885,null,-0.107027,null,null
-0.0583326,null,null,-0.112968,null
0.00327751,null,null,null,0.00232488
0.994704,-0.0019579,null,null,null
0.115885,null,-0.107027,null,null
-0.0583326,null,null,-0.112968,null
0.00327751,null,null,null,0.00232488
0.99463,-0.00407478,null,null,null
0.124683,null,-0.0803907,null,null
-0.0290882,null,null,-0.0854255,null
0.00319118,null,null,null,-0.00065307
0.99463,-0.00407478,null,null,null
0.124683,null,-0.0803907,null,null
-0.0290882,null,null,-0.0854255,null
0.00319118,null,null,null,-0.00065307
0.994679,-6.65674e-05,null,null,null
0.121974,null,-0.0645127,null,null
-0.0416028,null,null,-0.0722069,null
0.00304074,null,null,null,0.0015666
0.994679,-6.65674e-05,null,null,null
0.121974,null,-0.0645127,null,null
-0.0416028,null,null,-0.0722069,null
0.00304074,null,null,null,0.0015666
0.994718,0.000796136,null,null,null
0.160104,null,-0.109956,null,null
0.00772546,null,null,-0.0906884,null
0.0029267,null,null,null,-0.0031258
0.994657,0.00337515,null,null,null
0.0863363,null,-0.127245,null,null
0.0340176,null,null,-0.0688027,null
0.00283134,null,null,null,0.00148679
0.994679,0.00478989,null,null,null
0.0385386,null,-0.118881,null,null
-0.020339,null,null,-0.125667,null
0.00182141,null,null,null,0.00112091
0.994624,0.0077723,null,null,null
-0.0191126,null,-0.127403,null,null
0.00259185,null,null,-0.0820681,null
0.00490139,null,null,null,0.00226111
0.994585,0.010038,null,null,null
0.00149925,null,-0.154699,null,null
-0.0339766,null,null,-0.0969785,null
0.00507574,null,null,null,0.000647484
0.994615,0.0111636,null,null,null
0.0181771,null,-0.133681,null,null
-0.0166332,null,null,-0.0966919,null
0.0047131,null,null,null,-0.000447755
0.994669,0.00875649,null,null,null
-0.00527455,null,-0.158256,null,null
0.0112626,null,null,-0.122388,null
0.000946968,null,null,null,-0.0027398
0.994669,0.00875649,null,null,null
-0.00527455,null,-0.158256,null,null
0.0112626,null,null,-0.122388,null
0.000946968,null,null,null,-0.0027398
0.994669,0.00875649,null,null,null
-0.00527455,null,-0.158256,null,null
0.0112626,null,null,-0.122388,null
0.000946968,null,null,null,-0.0027398
0.994669,0.00875649,null,null,null
-0.00527455,null,-0.158256,null,null
0.0112626,null,null,-0.122388,null
0.000946968,null,null,null,-0.0027398
0.994661,0.00605535,null,null,null
-0.00772076,null,-0.141719,null,null
0.0389756,null,null,-0.134103,null
0.00486066,null,null,null,-0.000857983
0.994696,0.0019149,null,null,null
0.0190065,null,-0.196739,null,null
0.0459791,null,null,-0.114577,null
0.00220419,null,null,null,0.00158631
0.994692,0.00159466,null,null,null
0.0453788,null,-0.168008,null,null
0.0320513,null,null,-0.135162,null
-0.000450124,null,null,null,-0.00204729
0.994692,0.00159466,null,null,null
0.0453788,null,-0.168008,null,null
0.0320513,null,null,-0.135162,null
-0.000450124,null,null,null,-0.00204729
0.994692,0.00159466,null,null,null
0.0453788,null,-0.168008,null,null
0.0320513,null,null,-0.135162,null
-0.000450124,null,null,null,-0.00204729
0.994692,0.00159466,null,null,null
0.0453788,null,-0.168008,null,null
0.0320513,null,null,-0.135162,null
-0.000450124,null,null,null,-0.00204729
0.994791,0.00134994,null,null,null
0.0440909,null,-0.24731,null,null
0.0951564,null,null,-0.192796,null
0.000709231,null,null,null,-0.0038574
0.994791,0.00134994,null,null,null
0.0440909,null,-0.24731,null,null
0.0951564,null,null,-0.192796,null
0.000709231,null,null,null,-0.0038574
0.994791,0.00134994,null,null,null
0.0440909,null,-0.24731,null,null
0.0951564,null,null,-0.192796,null
0.000709231,null,null,null,-0.0038574
0.994738,0.00173623,null,null,null
0.0364369,null,-0.204959,null,null
0.123869,null,null,-0.148695,null
0.000788404,null,null,null,0.00015764
0.994738,0.00173623,null,null,null
0.0364369,null,-0.204959,null,null
0.123869,null,null,-0.148695,null
0.000788404,null,null,null,0.00015764
0.994703,0.00181685,null,null,null
0.0265526,null,-0.231033,null,null
0.138089,null,null,-0.202377,null
0.00409851,null,null,null,0.000405827
0.994589,0.00408193,null,null,null
0.0251213,null,-0.186438,null,null
0.105548,null,null,-0.140453,null
0.000283909,null,null,null,-0.00283511
0.994589,0.00408193,null,null,null
0.0251213,null,-0.186438,null,null
0.105548,null,null,-0.140453,null
0.000283909,null,null,null,-0.00283511
0.994625,0.000978155,null,null,null
0.0106948,null,-0.226408,null,null
0.122486,null,null,-0.197389,null
0.00361827,null,null,null,0.000201146
0.994657,-0.000622196,null,null,null
-0.0417615,null,-0.174214,null,null
0.116264,null,null,-0.16928,null
0.00108079,null,null,null,0.00112282
0.99469,-0.00037623,null,null,null
-0.0685085,null,-0.204083,null,null
0.104593,null,null,-0.171499,null
0.00144274,null,null,null,0.00307524
0.994695,-0.00160144,null,null,null
-0.0824152,null,-0.187048,null,null
0.0690195,null,null,-0.212528,null
0.000319442,null,null,null,0.00169865
0.994609,-0.00132767,null,null,null
-0.0708999,null,-0.185081,null,null
0.14092,null,null,-0.153055,null
0.000460385,null,null,null,-0.000231219
0.99459,-0.00035727,null,null,null
-0.103419,null,-0.214781,null,null
0.110591,null,null,-0.147699,null
-0.0042295,null,null,null,-0.00249032
0.994642,0.00157515,null,null,null
-0.098369,null,-0.182974,null,null
0.177519,null,null,-0.18228,null
-0.00172,null,null,null,-0.000753269
0.994661,0.00293399,null,null,null
-0.126383,null,-0.190641,null,null
0.185805,null,null,-0.138813,null
0.00115536,null,null,null,6.2887e-05
0.994661,0.00293399,null,null,null
-0.126383,null,-0.190641,null,null
0.185805,null,null,-0.138813,null
0.00115536,null,null,null,6.2887e-05
0.994661,0.00293399,null,null,null
-0.126383,null,-0.190641,null,null
0.185805,null,null,-0.138813,null
0.00115536,null,null,null,6.2887e-05
0.994661,0.00293399,null,null,null
-0.126383,null,-0.190641,null,null
0.185805,null,null,-0.138813,null
0.00115536,null,null,null,6.28874e-05
0.994661,0.00293399,null,null,null
-0.126383,null,-0.190641,null,null
0.185805,null,null,-0.138813,null
0.00115536,null,null,null,6.28874e-05
0.994624,0.00289435,null,null,null
-0.119861,null,-0.19808,null,null
0.206239,null,null,-0.125985,null
-0.000858282,null,null,null,-0.000492589
0.994631,0.0050521,null,null,null
-0.118939,null,-0.153058,null,null
0.209147,null,null,-0.114261,null
0.00148805,null,null,null,-0.00163186
0.994694,0.0025226,null,null,null
-0.132384,null,-0.159527,null,null
0.219931,null,null,-0.0800859,null
0.00204234,null,null,null,0.0032215
0.994731,0.00376909,null,null,null
-0.110434,null,-0.139899,null,null
0.200533,null,null,-0.0852704,null
0.000289792,null,null,null,0.00125625
0.994731,0.00376909,null,null,null
-0.110434,null,-0.139899,null,null
0.200533,null,null,-0.0852704,null
0.000289792,null,null,null,0.00125625
0.994731,0.00376909,null,null,null
-0.110434,null,-0.139899,null,null
0.200533,null,null,-0.0852704,null
0.000289792,null,null,null,0.00125625
0.994699,0.00474649,null,null,null
-0.0937899,null,-0.123431,null,null
0.239696,null,null,-0.107574,null
-0.0035646,null,null,null,-0.00101158
0.994703,0.00573838,null,null,null
-0.117247,null,-0.17535,null,null
0.232844,null,null,-0.115778,null
-0.00369599,null,null,null,7.61716e-05
0.994604,0.00657986,null,null,null
-0.0907266,null,-0.188209,null,null
0.212881,null,null,-0.0755235,null
-0.00310616,null,null,null,-0.00078253
0.994604,0.00657986,null,null,null
-0.0907266,null,-0.188209,null,null
0.212881,null,null,-0.0755235,null
-0.00310616,null,null,null,-0.00078253
0.994631,0.00420552,null,null,null
-0.0813709,null,-0.191873,null,null
0.203169,null,null,-0.0824297,null
-0.00588751,null,null,null,0.000355668
0.994685,0.00394145,null,null,null
-0.0932744,null,-0.158996,null,null
0.243523,null,null,-0.0798739,null
-0.000282349,null,null,null,-0.0019855
0.994627,0.00418341,null,null,null
-0.112089,null,-0.191255,null,null
0.223002,null,null,-0.08374,null
-0.00203295,null,null,null,5.93983e-05
0.994627,0.00418341,null,null,null
-0.112089,null,-0.191255,null,null
0.223002,null,null,-0.08374,null
-0.00203295,null,null,null,5.93983e-05
0.994627,0.00418341,null,null,null
-0.112089,null,-0.191255,null,null
0.223002,null,null,-0.08374,null
-0.00203295,null,null,null,5.93983e-05
0.99469,0.00341329,null,null,null
-0.180677,null,-0.191284,null,null
0.2537,null,null,-0.109398,null
-0.000707166,null,null,null,0.000659202
0.994581,0.00924828,null,null,null
-0.218819,null,-0.230304,null,null
0.279021,null,null,-0.10444,null
0.00206235,null,null,null,-0.000436992
0.994581,0.00924828,null,null,null
-0.218819,null,-0.230304,null,null
0.279021,null,null,-0.10444,null
0.00206235,null,null,null,-0.000436992
0.994581,0.00924828,null,null,null
-0.218819,null,-0.230304,null,null
0.279021,null,null,-0.10444,null
0.00206235,null,null,null,-0.000436992
0.994583,0.0102519,null,null,null
-0.202465,null,-0.25106,null,null
0.264423,null,null,-0.0619225,null
0.000274545,null,null,null,-0.00132931
0.994583,0.0102519,null,null,null
-0.202465,null,-0.25106,null,null
0.264423,null,null,-0.0619225,null
0.000274545,null,null,null,-0.00132931
0.994606,0.0136277,null,null,null
-0.205629,null,-0.198149,null,null
0.243881,null,null,-0.0324533,null
0.0017094,null,null,null,-0.00401534
0.994545,0.0132594,null,null,null
-0.214995,null,-0.207467,null,null
0.232966,null,null,-0.0234283,null
-0.00297611,null,null,null,-0.000424473
0.994545,0.0132594,null,null,null
-0.214995,null,-0.207467,null,null
0.232966,null,null,-0.0234283,null
-0.00297611,null,null,null,-0.000424473
0.994545,0.0132594,null,null,null
-0.214995,null,-0.207467,null,null
0.232966,null,null,-0.0234283,null
-0.00297611,null,null,null,-0.000424473
0.994545,0.0132594,null,null,null
-0.214995,null,-0.207467,null,null
0.232966,null,null,-0.0234283,null
-0.00297611,null,null,null,-0.000424473
0.994545,0.0132594,null,null,null
-0.214995,null,-0.207467,null,null
0.232966,null,null,-0.0234283,null
-0.00297611,null,null,null,-0.000424473
0.994616,0.0118389,null,null,null
-0.21042,null,-0.180199,null,null
0.240706,null,null,-0.0517107,null
-0.00170079,null,null,null,-0.0044224
0.994616,0.0118389,null,null,null
-0.21042,null,-0.180199,null,null
0.240706,null,null,-0.0517107,null
-0.00170079,null,null,null,-0.0044224
0.994584,0.0118742,null,null,null
-0.202646,null,-0.14635,null,null
0.227379,null,null,-0.0579905,null
-0.0024505,null,null,null,0.00203006
0.994635,0.00835542,null,null,null
-0.248946,null,-0.195306,null,null
0.263844,null,null,-0.0623078,null
-0.000756039,null,null,null,0.000984043
0.994672,0.0093505,null,null,null
-0.234006,null,-0.198538,null,null
0.252089,null,null,-0.0861013,null
0.000508924,null,null,null,0.00269408
0.994644,0.0104666,null,null,null
-0.21592,null,-0.259769,null,null
0.299561,null,null,-0.109973,null
0.0046157,null,null,null,0.00705898
0.994555,0.0143711,null,null,null
-0.199979,null,-0.228055,null,null
0.262356,null,null,-0.165399,null
0.00169755,null,null,null,0.0052808
0.99451,0.013948,null,null,null
-0.149069,null,-0.260352,null,null
0.272576,null,null,-0.119657,null
0.00174635,null,null,null,0.000811314
0.994507,0.0172899,null,null,null
-0.160326,null,-0.255331,null,null
0.261219,null,null,-0.164536,null
-0.00252418,null,null,null,0.00136983
0.9945,0.0162784,null,null,null
-0.151781,null,-0.285494,null,null
0.219734,null,null,-0.140813,null
-0.000169406,null,null,null,0.00226235
0.9945,0.0162784,null,null,null
-0.151781,null,-0.285494,null,null
0.219734,null,null,-0.140813,null
-0.000169406,null,null,null,0.00226235
0.9945,0.0162784,null,null,null
-0.151781,null,-0.285494,null,null
0.219734,null,null,-0.140813,null
-0.000169406,null,null,null,0.00226235
0.994522,0.0136419,null,null,null
-0.166245,null,-0.266379,null,null
0.225115,null,null,-0.156989,null
-0.00462496,null,null,null,0.00230691
0.994581,0.0130974,null,null,null
-0.164071,null,-0.243182,null,null
0.196011,null,null,-0.15419,null
-0.00116362,null,null,null,0.0016685
0.994581,0.0130974,null,null,null
-0.164071,null,-0.243182,null,null
0.196011,null,null,-0.15419,null
-0.00116362,null,null,null,0.0016685
0.994581,0.0130974,null,null,null
-0.164071,null,-0.243182,null,null
0.196011,null,null,-0.15419,null
-0.00116362,null,null,null,0.0016685
0.994581,0.0130974,null,null,null
-0.164071,null,-0.243182,null,null
0.196011,null,null,-0.15419,null
-0.00116362,null,null,null,0.0016685
0.994581,0.0130974,null,null,null
-0.164071,null,-0.243182,null,null
0.196011,null,null,-0.15419,null
-0.00116362,null,null,null,0.0016685
0.994581,0.0130974,null,null,null
-0.164071,null,-0.243182,null,null
0.196011,null,null,-0.15419,null
-0.00116362,null,null,null,0.0016685
0.994581,0.0130974,null,null,null
-0.164071,null,-0.243182,null,null
0.196011,null,null,-0.15419,null
-0.00116362,null,null,null,0.0016685
0.99461,0.0144943,null,null,null
-0.127506,null,-0.250465,null,null
0.238085,null,null,-0.172225,null
-0.00129314,null,null,null,0.0016982
0.994664,0.0134004,null,null,null
-0.120333,null,-0.222356,null,null
0.203558,null,null,-0.202044,null
-0.00160626,null,null,null,-0.00366773
0.994664,0.0134004,null,null,null
-0.120333,null,-0.222356,null,null
0.203558,null,null,-0.202044,null
-0.00160626,null,null,null,-0.00366773
0.994718,0.0131435,null,null,null
-0.148246,null,-0.209237,null,null
0.234912,null,null,-0.132795,null
-0.00254314,null,null,null,-0.00303195
0.99465,0.0139267,null,null,null
-0.110269,null,-0.19952,null,null
0.234627,null,null,-0.146674,null
0.000753524,null,null,null,-0.000980372
0.994572,0.0133647,null,null,null
-0.115581,null,-0.196343,null,null
0.27575,null,null,-0.110893,null
0.000120467,null,null,null,-0.000927213
0.994625,0.0157129,null,null,null
-0.174356,null,-0.258095,null,null
0.23208,null,null,-0.139132,null
0.0012075,null,null,null,-0.00168033
0.994625,0.0167361,null,null,null
-0.159654,null,-0.259001,null,null
0.179319,null,null,-0.127365,null
0.00136396,null,null,null,-2.20453e-05
0.994625,0.0167361,null,null,null
-0.159654,null,-0.259001,null,null
0.179319,null,null,-0.127365,null
0.00136396,null,null,null,-2.20453e-05
0.99463,0.0116878,null,null,null
-0.18001,null,-0.330956,null,null
0.196544,null,null,-0.093786,null
-0.000317632,null,null,null,0.00115372
0.994641,0.0125885,null,null,null
-0.165314,null,-0.320896,null,null
0.16469,null,null,-0.1042,null
-0.000682269,null,null,null,0.00061399
0.994636,0.0142576,null,null,null
-0.180682,null,-0.272164,null,null
0.168899,null,null,-0.130917,null
-0.00200026,null,null,null,-0.00118981
0.994636,0.0142576,null,null,null
-0.180682,null,-0.272164,null,null
0.168899,null,null,-0.130917,null
-0.00200026,null,null,null,-0.00118981
0.994636,0.0142576,null,null,null
-0.180682,null,-0.272164,null,null
0.168899,null,null,-0.130917,null
-0.00200026,null,null,null,-0.00118981
0.994636,0.0142576,null,null,null
-0.180682,null,-0.272164,null,null
0.168899,null,null,-0.130917,null
-0.00200026,null,null,null,-0.00118981
0.994619,0.00989916,null,null,null
-0.153575,null,-0.263899,null,null
0.202115,null,null,-0.154216,null
-0.00419487,null,null,null,0.00182917
0.994626,0.00791686,null,null,null
-0.199326,null,-0.223044,null,null
0.213031,null,null,-0.147618,null
-0.00264135,null,null,null,0.00278454
0.99466,0.00803279,null,null,null
-0.181877,null,-0.285415,null,null
0.255219,null,null,-0.0934909,null
-0.00249479,null,null,null,0.0015138
0.99466,0.00803279,null,null,null
-0.181877,null,-0.285415,null,null
0.255219,null,null,-0.0934909,null
-0.00249479,null,null,null,0.0015138
0.994659,0.00542567,null,null,null
-0.140491,null,-0.259345,null,null
0.238973,null,null,-0.0929713,null
-0.000575339,null,null,null,-0.00126689
0.994659,0.00542567,null,null,null
-0.140491,null,-0.259345,null,null
0.238973,null,null,-0.0929713,null
-0.000575339,null,null,null,-0.00126689
0.994659,0.00560732,null,null,null
-0.155435,null,-0.268078,null,null
0.245042,null,null,-0.0800996,null
0.000929574,null,null,null,0.000406029
0.994659,0.00560732,null,null,null
-0.155435,null,-0.268078,null,null
0.245042,null,null,-0.0800996,null
0.000929574,null,null,null,0.000406029
0.994707,0.00466644,null,null,null
-0.131172,null,-0.25688,null,null
0.201293,null,null,-0.103775,null
0.00154759,null,null,null,-0.00287604
0.994666,0.00547345,null,null,null
-0.0998805,null,-0.260305,null,null
0.2132,null,null,-0.10635,null
-0.00484079,null,null,null,-0.00381687
0.994695,0.00389368,null,null,null
-0.0726175,null,-0.226901,null,null
0.208067,null,null,-0.147755,null
-0.00139338,null,null,null,-0.00161627
0.994695,0.00389368,null,null,null
-0.0726175,null,-0.226901,null,null
0.208067,null,null,-0.147755,null
-0.00139338,null,null,null,-0.00161627
0.994695,0.00389368,null,null,null
-0.0726175,null,-0.226901,null,null
0.208067,null,null,-0.147755,null
-0.00139338,null,null,null,-0.00161627
0.994727,0.00464322,null,null,null
-0.109419,null,-0.299665,null,null
0.188904,null,null,-0.153266,null
0.0063435,null,null,null,0.000697541
0.994727,0.00464322,null,null,null
-0.109419,null,-0.299665,null,null
0.188904,null,null,-0.153266,null
0.0063435,null,null,null,0.000697541
0.994727,0.00476696,null,null,null
-0.124774,null,-0.328019,null,null
0.162995,null,null,-0.140151,null
0.00318803,null,null,null,0.00150205
0.994727,0.00476696,null,null,null
-0.124774,null,-0.328019,null,null
0.162995,null,null,-0.140151,null
0.00318803,null,null,null,0.00150205
0.994686,0.00573038,null,null,null
-0.121392,null,-0.323543,null,null
0.131789,null,null,-0.159929,null
0.00195259,null,null,null,0.00149717
0.994704,0.00814469,null,null,null
-0.138667,null,-0.341172,null,null
0.0780447,null,null,-0.18615,null
0.0013711,null,null,null,0.00266491
0.994704,0.00814469,null,null,null
-0.138667,null,-0.341172,null,null
0.0780447,null,null,-0.18615,null
0.0013711,null,null,null,0.00266491
0.994704,0.00814469,null,null,null
-0.138667,null,-0.341172,null,null
0.0780447,null,null,-0.18615,null
0.0013711,null,null,null,0.00266491
0.994695,0.00776108,null,null,null
-0.109397,null,-0.28537,null,null
0.116377,null,null,-0.164361,null
0.000417126,null,null,null,0.00345816
0.994715,0.00858976,null,null,null
-0.0910955,null,-0.295915,null,null
0.148465,null,null,-0.15257,null
-0.00386964,null,null,null,0.00212756
0.994744,0.00747061,null,null,null
-0.0637817,null,-0.239481,null,null
0.157883,null,null,-0.196601,null
-0.0002468,null,null,null,0.000996139
0.994744,0.00747061,null,null,null
-0.0637817,null,-0.239481,null,null
0.157883,null,null,-0.196601,null
-0.0002468,null,null,null,0.000996139
0.994744,0.00747061,null,null,null
-0.0637817,null,-0.239481,null,null
0.157883,null,null,-0.196601,null
-0.0002468,null,null,null,0.000996139
0.994657,0.00387792,null,null,null
-0.0683042,null,-0.242695,null,null
0.133035,null,null,-0.181578,null
-0.00205195,null,null,null,-0.00424779
0.994646,0.00610124,null,null,null
-0.0844898,null,-0.239585,null,null
0.183875,null,null,-0.178411,null
-0.00268293,null,null,null,-0.00296281
0.994646,0.00610124,null,null,null
-0.0844898,null,-0.239585,null,null
0.183875,null,null,-0.178411,null
-0.00268293,null,null,null,-0.00296281
0.994711,0.00361503,null,null,null
-0.120241,null,-0.247904,null,null
0.184103,null,null,-0.18348,null
0.00265754,null,null,null,-0.00392822
0.994657,0.0034576,null,null,null
-0.128324,null,-0.201294,null,null
0.190449,null,null,-0.219757,null
0.00182771,null,null,null,-0.00306265
0.994657,0.0034576,null,null,null
-0.128324,null,-0.201294,null,null
0.190449,null,null,-0.219757,null
0.00182771,null,null,null,-0.00306265
0.994607,0.00262855,null,null,null
-0.134595,null,-0.170274,null,null
0.178397,null,null,-0.244141,null
-0.000635142,null,null,null,-0.000488898
0.994607,0.00262855,null,null,null
-0.134595,null,-0.170274,null,null
0.178397,null,null,-0.244141,null
-0.000635142,null,null,null,-0.000488898
0.99465,0.000732589,null,null,null
-0.158149,null,-0.140529,null,null
0.192826,null,null,-0.199881,null
-0.000635212,null,null,null,0.00220734
0.994653,-0.00318207,null,null,null
-0.192023,null,-0.16208,null,null
0.198395,null,null,-0.211165,null
-0.00331854,null,null,null,-0.00179222
0.994625,-0.00202183,null,null,null
-0.189005,null,-0.128988,null,null
0.223694,null,null,-0.239509,null
-0.000578234,null,null,null,-0.0010273
0.994648,-0.00200144,null,null,null
-0.182241,null,-0.0999656,null,null
0.130691,null,null,-0.170989,null
0.00124819,null,null,null,0.000255861
0.994648,-0.00200144,null,null,null
-0.182241,null,-0.0999656,null,null
0.130691,null,null,-0.170989,null
0.00124819,null,null,null,0.000255861
0.994627,-0.00075635,null,null,null
-0.162055,null,-0.113035,null,null
0.0821675,null,null,-0.113135,null
-7.58754e-05,null,null,null,-0.00259307
0.994664,-0.00402641,null,null,null
-0.169923,null,-0.0930999,null,null
0.0822395,null,null,-0.17033,null
-0.000296033,null,null,null,0.00315278
0.994664,-0.00402641,null,null,null
-0.169923,null,-0.0930999,null,null
0.0822395,null,null,-0.17033,null
-0.000296033,null,null,null,0.00315278
0.994664,-0.00402641,null,null,null
-0.169923,null,-0.0930999,null,null
0.0822395,null,null,-0.17033,null
-0.000296033,null,null,null,0.00315278
0.994586,-0.00425393,null,null,null
-0.157119,null,-0.208779,null,null
0.00540384,null,null,-0.160131,null
0.0037447,null,null,null,0.00175541
0.994637,-0.00360755,null,null,null
-0.141918,null,-0.158875,null,null
0.0405273,null,null,-0.178526,null
0.000389837,null,null,null,-0.00247805
0.994568,-0.00526183,null,null,null
-0.138916,null,-0.193329,null,null
0.0536186,null,null,-0.171194,null
0.00185695,null,null,null,-0.00646005
0.994584,-0.0036285,null,null,null
-0.17466,null,-0.201444,null,null
0.0902221,null,null,-0.192511,null
0.0002867,null,null,null,-0.00476312
0.994695,-0.00244711,null,null,null
-0.202006,null,-0.222036,null,null
0.103094,null,null,-0.22012,null
-0.000931182,null,null,null,-0.00354136
0.994695,-0.00244711,null,null,null
-0.202006,null,-0.222036,null,null
0.103094,null,null,-0.22012,null
-0.000931182,null,null,null,-0.00354136
0.994591,-0.000210427,null,null,null
-0.233105,null,-0.198251,null,null
0.0825351,null,null,-0.161078,null
-0.000836014,null,null,null,0.000588744
0.994591,-0.000210427,null,null,null
-0.233105,null,-0.198251,null,null
0.0825351,null,null,-0.161078,null
-0.000836014,null,null,null,0.000588744
0.994591,-0.000210427,null,null,null
-0.233105,null,-0.198251,null,null
0.0825351,null,null,-0.161078,null
-0.000836014,null,null,null,0.000588744
0.994618,0.0036329,null,null,null
-0.197336,null,-0.168456,null,null
0.0839315,null,null,-0.149182,null
-0.00132774,null,null,null,0.00458606
0.994618,0.0036329,null,null,null
-0.197336,null,-0.168456,null,null
0.0839315,null,null,-0.149182,null
-0.00132774,null,null,null,0.00458606
0.994614,0.00236172,null,null,null
-0.147762,null,-0.163672,null,null
0.0470472,null,null,-0.164735,null
-0.00138485,null,null,null,0.00313561
0.994614,0.00236172,null,null,null
-0.147762,null,-0.163672,null,null
0.0470472,null,null,-0.164735,null
-0.00138485,null,null,null,0.00313561
0.994675,0.0035897,null,null,null
-0.113064,null,-0.160174,null,null
0.0149494,null,null,-0.194114,null
0.000549271,null,null,null,0.00104786
0.994651,0.00186835,null,null,null
-0.112127,null,-0.219689,null,null
0.00151561,null,null,-0.180528,null
-0.000581253,null,null,null,-0.00193704
0.994664,0.00106502,null,null,null
-0.13329,null,-0.173439,null,null
0.00357098,null,null,-0.206089,null
6.67504e-05,null,null,null,-0.00191361
0.994679,0.00340455,null,null,null
-0.137893,null,-0.231069,null,null
0.040784,null,null,-0.131125,null
0.00206264,null,null,null,-0.00289018
0.994733,0.00442259,null,null,null
-0.113526,null,-0.2107,null,null
-0.0033391,null,null,-0.141319,null
0.00184056,null,null,null,-0.00242954
0.994676,0.00493401,null,null,null
-0.108284,null,-0.229533,null,null
0.0788435,null,null,-0.149615,null
-0.000290192,null,null,null,-0.000860856
0.994676,0.00493401,null,null,null
-0.108284,null,-0.229533,null,null
0.0788435,null,null,-0.149615,null
-0.000290192,null,null,null,-0.000860856
0.994695,0.00580824,null,null,null
-0.161117,null,-0.221098,null,null
0.0524997,null,null,-0.169979,null
-0.000703463,null,null,null,-0.00357549
0.994668,0.00361519,null,null,null
-0.143193,null,-0.227369,null,null
0.0526564,null,null,-0.2053,null
0.00108737,null,null,null,-0.00367809
0.994655,0.001772,null,null,null
-0.14255,null,-0.222305,null,null
0.0761989,null,null,-0.223884,null
-0.0028097,null,null,null,-0.000703019
0.994703,0.00301514,null,null,null
-0.178509,null,-0.163976,null,null
0.076187,null,null,-0.19283,null
-0.00166535,null,null,null,-0.000973091
0.994703,0.00301514,null,null,null
-0.178509,null,-0.163976,null,null
0.076187,null,null,-0.19283,null
-0.00166535,null,null,null,-0.000973091
0.994701,0.000490827,null,null,null
-0.14512,null,-0.185752,null,null
0.0643311,null,null,-0.180364,null
-0.00366885,null,null,null,-0.00113454
0.994674,0.00191236,null,null,null
-0.176061,null,-0.136069,null,null
0.0983239,null,null,-0.19705,null
0.00198951,null,null,null,0.0022687
0.994729,0.0021235,null,null,null
-0.150399,null,-0.133666,null,null
0.0362955,null,null,-0.186149,null
0.00342894,null,null,null,0.00142925
0.994729,0.0021235,null,null,null
-0.150399,null,-0.133666,null,null
0.0362955,null,null,-0.186149,null
0.00342894,null,null,null,0.00142925
0.994729,0.0021235,null,null,null
-0.150399,null,-0.133666,null,null
0.0362955,null,null,-0.186149,null
0.00342894,null,null,null,0.00142925
0.994741,0.000566209,null,null,null
-0.15262,null,-0.143375,null,null
0.0395764,null,null,-0.22816,null
-0.00472193,null,null,null,0.00130452
0.994707,-0.00402499,null,null,null
-0.148122,null,-0.189771,null,null
0.0789597,null,null,-0.202483,null
-0.00109013,null,null,null,-0.00361909
0.994707,-0.00402499,null,null,null
-0.148122,null,-0.189771,null,null
0.0789597,null,null,-0.202483,null
-0.00109013,null,null,null,-0.00361909
