ReTr(L),ImTr(L)
-0.170113,-1.4479
-0.411267,-3.7655
-0.358035,-3.56163
-0.473181,-3.622
-0.500347,-3.33851
-0.493803,-3.29735
-0.514138,-3.28541
-0.5022,-3.18974
-0.488771,-3.06728
-0.339414,-3.05647
-0.315953,-3.06943
-0.315533,-3.00499
-0.249153,-2.97861
-0.212152,-2.97466
-0.210238,-2.95831
-0.246728,-2.92358
-0.144148,-2.88583
-0.0778949,-2.80152
-0.143839,-2.87083
-0.0513197,-2.82357
-0.113983,-2.79563
-0.0556122,-2.78682
-0.0657964,-2.68676
-0.123743,-2.68182
-0.116862,-2.67062
-0.101801,-2.68969
-0.0907896,-2.74231
-0.0773764,-2.69971
-0.0497882,-2.68381
-0.141297,-2.6691
-0.0954839,-2.61203
0.0291586,-2.50617
-0.00514927,-2.48602
-0.0404255,-2.58721
0.000122796,-2.46435
-0.0128891,-2.39535
-0.0787565,-2.39546
-0.010666,-2.30597
-0.0334065,-2.31233
-0.0939613,-2.25664
-0.055809,-2.2572
-0.0176931,-2.2815
0.0503722,-2.31857
0.0195507,-2.32249
-0.0899915,-2.24009
-0.13762,-2.22125
-0.13762,-2.22125
-0.152478,-2.17052
-0.186878,-2.17931
-0.106569,-2.11662
-0.0996316,-2.08354
-0.0905598,-2.11712
-0.104571,-2.12286
-0.0989912,-2.11416
-0.15539,-2.05447
-0.188726,-1.99587
-0.303677,-2.0044
-0.292566,-1.98715
-0.292566,-1.98715
-0.224004,-1.95724
-0.310308,-1.97665
-0.270182,-1.97985
-0.266572,-1.94519
-0.353903,-1.88887
-0.401315,-1.94788
-0.437912,-1.95105
-0.475768,-2.03033
-0.507703,-2.01768
-0.507703,-2.01768
-0.483421,-1.96596
-0.534264,-2.01809
-0.534264,-2.01809
-0.549886,-2.01687
-0.525295,-2.00722
-0.503709,-1.94353
-0.486166,-1.91567
-0.375845,-1.93797
-0.375845,-1.93797
-0.42583,-1.95669
-0.391124,-1.95051
-0.391124,-1.95051
-0.399444,-1.97999
-0.386924,-2.04204
-0.386924,-2.04204
-0.335242,-2.025
-0.332155,-2.0383
-0.332155,-2.0383
-0.332155,-2.0383
-0.332155,-2.0383
-0.376914,-2.02821
-0.402269,-1.99735
-0.441151,-1.94376
-0.382839,-1.97102
-0.268792,-1.93007
-0.315109,-1.88605
-0.3171,-1.85503
-0.332398,-1.84809
-0.341346,-1.83919
-0.349803,-1.85315
-0.325078,-1.81829
-0.343843,-1.78084
-0.385374,-1.75381
-0.412708,-1.78276
-0.382945,-1.78167
-0.267893,-1.77266
-0.269132,-1.83683
-0.324623,-1.79616
-0.332132,-1.7767
-0.404493,-1.77617
-0.404493,-1.77617
-0.411666,-1.81174
-0.411666,-1.81174
-0.377015,-1.79392
-0.415568,-1.79749
-0.398531,-1.78003
-0.367702,-1.75106
-0.378479,-1.75879
-0.284691,-1.77278
-0.260997,-1.75783
-0.266767,-1.74839
-0.266767,-1.74839
-0.231338,-1.71743
-0.192093,-1.73809
-0.192093,-1.73809
-0.164287,-1.73625
-0.164287,-1.73625
-0.164287,-1.73625
-0.22592,-1.72331
-0.179271,-1.72221
-0.225617,-1.68348
-0.280588,-1.63135
-0.209844,-1.60182
-0.209844,-1.60182
-0.206295,-1.63731
-0.195864,-1.71989
-0.178164,-1.67915
-0.212686,-1.59567
-0.154692,-1.64563
-0.154692,-1.64563
-0.146622,-1.61167
-0.102709,-1.57754
-0.0130928,-1.64034
-0.00993726,-1.64064
-0.0149959,-1.63873
0.0067448,-1.59226
0.0316382,-1.6104
0.116977,-1.59592
0.126403,-1.67027
0.126403,-1.67027
0.0566823,-1.67943
0.0385472,-1.743
0.0917945,-1.73985
0.147902,-1.7
0.154622,-1.69307
0.158505,-1.67767
0.158505,-1.67767
0.122253,-1.63157
0.17463,-1.64507
0.223036,-1.55013
0.244546,-1.55045
0.279315,-1.54843
0.279315,-1.54843
0.253463,-1.56243
0.2838,-1.56179
0.287314,-1.60077
0.326867,-1.6165
0.310077,-1.64122
0.294809,-1.69597
0.285734,-1.73898
0.307869,-1.66438
0.311091,-1.62105
0.341795,-1.59383
0.258295,-1.63528
0.258295,-1.63528
0.236666,-1.58701
0.236666,-1.58701
0.233054,-1.58648
0.232459,-1.52917
0.232459,-1.52917
0.19349,-1.54968
0.232663,-1.55971
0.303314,-1.54066
0.29667,-1.58932
0.28111,-1.56169
0.28111,-1.56169
0.240607,-1.55235
0.29253,-1.53726
0.279808,-1.54618
0.307734,-1.49543
0.211653,-1.53808
0.173692,-1.57807
0.173692,-1.57807
0.173692,-1.57807
0.148169,-1.54064
0.134431,-1.50539
0.131128,-1.53617
0.131128,-1.53617
0.131128,-1.53617
0.0696393,-1.53749
0.0814792,-1.51451
0.069038,-1.54061
-0.0156589,-1.57846
0.00192942,-1.55013
0.00192942,-1.55013
-0.0340089,-1.53443
-0.0364248,-1.56356
-0.00779539,-1.56124
-0.00779539,-1.56124
-0.00709201,-1.58687
-0.00709201,-1.58687
0.015202,-1.55004
0.015202,-1.55004
0.0483335,-1.58119
0.0709652,-1.6003
0.0610185,-1.56767
0.0502774,-1.54913
0.0502774,-1.54913
0.0270933,-1.52658
0.0270933,-1.52658
0.0167728,-1.49052
0.0167728,-1.49052
0.0294455,-1.486
0.0830462,-1.50513
0.100704,-1.47096
0.0757716,-1.49058
0.128781,-1.46133
0.158019,-1.45581
0.22493,-1.42731
0.22493,-1.42731
0.22493,-1.42731
0.290248,-1.38697
0.355494,-1.36471
0.331827,-1.35788
0.363365,-1.34437
0.363365,-1.34437
0.363365,-1.34437
0.362427,-1.38611
0.319059,-1.38939
0.342683,-1.41492
0.342683,-1.41492
0.321981,-1.39782
0.321981,-1.39782
0.332928,-1.40836
0.329699,-1.37064
0.297393,-1.38401
0.28794,-1.36268
0.192574,-1.35974
0.197275,-1.34495
0.197275,-1.34495
0.197275,-1.34495
0.180568,-1.40071
0.218592,-1.40826
0.206281,-1.34284
0.207418,-1.33927
0.194309,-1.39887
0.194309,-1.39887
0.204925,-1.37561
0.204925,-1.37561
0.192094,-1.37682
0.192094,-1.37682
0.192094,-1.37682
0.241443,-1.36648
0.151288,-1.392
0.151288,-1.392
0.151288,-1.392
0.195761,-1.36964
0.222361,-1.35629
0.212946,-1.36708
0.262278,-1.37332
0.269994,-1.33439
0.282899,-1.33513
0.254373,-1.35805
0.307768,-1.3494
0.307768,-1.3494
0.310374,-1.40639
0.310374,-1.40639
0.310058,-1.41633
0.310058,-1.41633
0.31357,-1.38918
0.31357,-1.38918
0.31357,-1.38918
0.282395,-1.43975
0.265794,-1.41606
0.265794,-1.41606
0.305615,-1.4537
0.335271,-1.45597
0.335271,-1.45597
0.335271,-1.45597
0.335271,-1.45597
0.346792,-1.42074
0.346792,-1.42074
0.389459,-1.41615
0.39781,-1.43847
0.424858,-1.46892
0.431027,-1.44899
0.431027,-1.44899
0.434524,-1.47139
0.434524,-1.47139
0.515305,-1.47289
0.499548,-1.43859
0.592694,-1.43016
0.542369,-1.43161
0.582836,-1.40832
0.492547,-1.44878
0.415928,-1.40837
0.415928,-1.40837
0.415928,-1.40837
0.370876,-1.44386
0.327965,-1.47152
0.327541,-1.42733
0.327541,-1.42733
0.327541,-1.42733
0.343969,-1.40566
0.343969,-1.40566
0.343969,-1.40566
0.303588,-1.40185
0.309596,-1.39807
0.303395,-1.40053
0.303395,-1.40053
0.318416,-1.35129
0.352902,-1.32626
0.352902,-1.32626
0.3333,-1.31955
0.3333,-1.31955
0.291019,-1.32955
0.285865,-1.32574
0.274175,-1.3227
0.315917,-1.33247
0.315917,-1.33247
0.290044,-1.30862
0.273164,-1.30194
0.273164,-1.30194
0.264748,-1.28444
0.264748,-1.28444
0.301856,-1.32648
0.301856,-1.32648
0.341056,-1.36484
0.347962,-1.37557
0.370428,-1.35609
0.416082,-1.37991
0.416082,-1.37991
0.405926,-1.3471
0.42241,-1.3561
0.44349,-1.34831
0.420293,-1.33378
0.420293,-1.33378
0.434447,-1.29768
0.434447,-1.29768
0.434447,-1.29768
0.42746,-1.36269
0.42746,-1.36269
0.394141,-1.33444
0.434539,-1.3575
0.455219,-1.36823
0.502089,-1.32224
0.492355,-1.29861
0.448741,-1.29382
0.448741,-1.29382
0.448741,-1.29382
0.460394,-1.33227
0.426504,-1.32328
0.461141,-1.32866
0.540616,-1.34366
0.486224,-1.29257
0.446553,-1.28618
0.469788,-1.32386
0.419494,-1.30378
0.41201,-1.29682
0.326521,-1.31739
0.330557,-1.31435
0.34397,-1.31903
0.328243,-1.301
0.283417,-1.32139
0.283417,-1.32139
0.248684,-1.2943
0.248684,-1.2943
0.266357,-1.28805
0.266357,-1.28805
0.227828,-1.26575
0.26878,-1.29948
0.26878,-1.29948
0.268279,-1.29305
0.287542,-1.32664
0.345971,-1.30774
0.345971,-1.30774
0.345971,-1.30774
0.345971,-1.30774
0.369965,-1.27281
0.369965,-1.27281
0.369965,-1.27281
0.369965,-1.27281
0.425801,-1.22222
0.449431,-1.20949
0.444631,-1.23901
0.444631,-1.23901
0.444631,-1.23901
0.416508,-1.23851
0.416508,-1.23851
0.416508,-1.23851
0.416508,-1.23851
0.455695,-1.23812
0.486169,-1.23962
0.512574,-1.22446
0.512574,-1.22446
0.512574,-1.22446
0.512574,-1.22446
0.55696,-1.19894
0.55696,-1.19894
0.544987,-1.21529
0.522091,-1.21687
0.519268,-1.2057
0.510463,-1.1956
0.4808,-1.24042
0.4808,-1.24042
0.502729,-1.24221
0.529005,-1.22321
0.546794,-1.21649
0.591976,-1.21891
0.591976,-1.21891
0.596287,-1.24504
0.513111,-1.29368
0.546257,-1.24589
0.546257,-1.24589
0.546257,-1.24589
0.538057,-1.24825
0.531342,-1.23447
0.531342,-1.23447
0.516307,-1.23329
0.467369,-1.2542
0.500115,-1.24731
0.543667,-1.27777
0.543667,-1.27777
0.447888,-1.30594
0.447888,-1.30594
0.458004,-1.27645
0.481521,-1.26665
0.530261,-1.27683
0.457212,-1.29349
0.456186,-1.30802
0.456186,-1.30802
0.456186,-1.30802
0.456186,-1.30802
0.456186,-1.30802
0.456186,-1.30802
0.458477,-1.34693
0.43484,-1.33889
0.461371,-1.31755
0.461371,-1.31755
0.469411,-1.31789
0.472298,-1.33891
0.472298,-1.33891
0.472298,-1.33891
0.500931,-1.29699
0.504758,-1.34318
0.504758,-1.34318
0.495123,-1.3668
0.471093,-1.32321
0.471093,-1.32321
0.486539,-1.30121
0.486539,-1.30121
0.454471,-1.32977
0.42617,-1.33257
0.420395,-1.34643
0.457787,-1.32577
0.444143,-1.31988
0.406767,-1.31587
0.437534,-1.3208
0.437534,-1.3208
0.437534,-1.3208
0.449954,-1.37258
0.449954,-1.37258
0.449954,-1.37258
0.455403,-1.31506
0.511057,-1.32753
0.511057,-1.32753
0.534351,-1.32391
0.534351,-1.32391
0.475277,-1.33286
0.50129,-1.3072
0.505732,-1.35848
0.505068,-1.35742
0.505068,-1.35742
0.50468,-1.33932
0.467138,-1.3503
0.471238,-1.3339
0.500794,-1.25892
0.500794,-1.25892
0.500794,-1.25892
0.451931,-1.25971
0.421794,-1.24368
0.415944,-1.24031
0.399314,-1.2123
0.399314,-1.2123
0.416595,-1.21869
0.38967,-1.29028
0.38967,-1.29028
0.430456,-1.32069
0.430456,-1.32069
0.430456,-1.32069
0.430456,-1.32069
0.414844,-1.28721
0.401934,-1.29605
0.367576,-1.34623
0.42323,-1.3219
0.414689,-1.32098
0.35588,-1.31222
0.35588,-1.31222
0.35588,-1.31222
0.335797,-1.35035
0.335797,-1.35035
0.335797,-1.35035
0.335797,-1.35035
0.335797,-1.35035
0.27698,-1.35855
0.27698,-1.35855
0.284358,-1.37199
0.284358,-1.37199
0.339335,-1.43913
0.339335,-1.43913
0.339335,-1.43913
0.339335,-1.43913
0.339335,-1.43913
0.32056,-1.4223
0.32056,-1.4223
0.32056,-1.4223
0.324808,-1.46167
0.323876,-1.48788
0.308079,-1.47179
0.308079,-1.47179
0.302099,-1.49754
0.302099,-1.49754
0.296193,-1.50962
0.289121,-1.53068
0.333372,-1.49056
0.281839,-1.50439
0.281839,-1.50439
0.281839,-1.50439
0.240416,-1.50756
0.266183,-1.4628
0.241925,-1.45716
0.208474,-1.41693
0.208474,-1.41693
0.209581,-1.46805
0.209581,-1.46805
0.209581,-1.46805
0.226931,-1.43883
0.226931,-1.43883
0.232641,-1.45201
0.155846,-1.42787
0.105634,-1.39674
0.105634,-1.39674
0.105634,-1.39674
0.105634,-1.39674
0.105634,-1.39674
0.105634,-1.39674
0.151614,-1.4108
0.136162,-1.38934
0.182589,-1.46333
0.239529,-1.41438
0.245234,-1.38256
0.30176,-1.36221
0.256332,-1.39848
0.233097,-1.38293
0.213566,-1.38042
0.213566,-1.38042
0.213566,-1.38042
0.222224,-1.38639
0.158723,-1.40268
0.158723,-1.40268
0.129764,-1.41953
0.129764,-1.41953
0.15324,-1.45959
0.15324,-1.45959
0.15324,-1.45959
0.13578,-1.45569
0.204126,-1.45796
0.204126,-1.45796
0.335451,-1.42282
0.293654,-1.40686
0.293654,-1.40686
0.269769,-1.42682
0.269769,-1.42682
0.269769,-1.42682
0.259707,-1.47191
0.287384,-1.50982
0.280712,-1.55048
0.295254,-1.4961
0.296003,-1.48
0.330147,-1.51185
0.298055,-1.47651
0.298055,-1.47651
0.298055,-1.47651
0.298055,-1.47651
0.298055,-1.47651
0.307709,-1.47965
0.307709,-1.47965
0.382187,-1.45313
0.359039,-1.45369
0.419206,-1.42881
0.419206,-1.42881
0.419206,-1.42881
0.368983,-1.3848
0.373559,-1.36612
0.356676,-1.39749
0.366654,-1.37831
0.388804,-1.38784
0.426236,-1.37368
0.426236,-1.37368
0.444388,-1.36969
0.382311,-1.38896
0.360641,-1.37613
0.305955,-1.35518
0.299473,-1.31719
0.267852,-1.35441
0.255011,-1.35283
0.255828,-1.34854
0.254459,-1.35081
0.262353,-1.32967
0.271037,-1.30948
0.271037,-1.30948
0.264253,-1.30727
0.264253,-1.30727
0.264253,-1.30727
0.264253,-1.30727
0.218707,-1.31068
0.171895,-1.29823
0.178493,-1.29451
0.178493,-1.29451
0.175982,-1.35739
0.175982,-1.35739
0.117828,-1.36409
0.116214,-1.34278
0.0953742,-1.31975
0.0863423,-1.34341
0.139686,-1.29777
0.139686,-1.29777
0.136647,-1.24751
0.136647,-1.24751
0.136647,-1.24751
0.136647,-1.24751
0.136647,-1.24751
0.185848,-1.30254
0.224724,-1.31876
0.242128,-1.31943
0.264562,-1.34359
0.217485,-1.34776
0.217485,-1.34776
0.217485,-1.34776
0.220733,-1.37289
0.271474,-1.36928
0.335663,-1.34306
0.335663,-1.34306
0.291115,-1.32938
0.29571,-1.28695
0.29571,-1.28695
0.29571,-1.28695
0.261851,-1.33449
0.261313,-1.31214
0.261313,-1.31214
0.184775,-1.30147
0.184775,-1.30147
0.184775,-1.30147
0.16111,-1.28634
0.16111,-1.28634
0.173911,-1.27437
0.177116,-1.25962
0.184167,-1.26949
0.145638,-1.24469
0.159939,-1.22244
0.150961,-1.192
0.165932,-1.24501
0.147746,-1.26631
0.1378,-1.2554
0.1378,-1.2554
0.1378,-1.2554
0.14144,-1.24063
0.159208,-1.23629
0.159208,-1.23629
0.159208,-1.23629
0.159208,-1.23629
0.159208,-1.23629
0.162036,-1.24613
0.205138,-1.24534
0.166989,-1.27825
0.166989,-1.27825
0.177699,-1.28224
0.177699,-1.28224
0.162209,-1.27732
0.132695,-1.27469
0.196218,-1.31435
0.216239,-1.32632
0.216239,-1.32632
0.207707,-1.31861
0.207707,-1.31861
0.224422,-1.31443
0.178518,-1.31859
0.144729,-1.31688
0.144729,-1.31688
0.194147,-1.28174
0.2231,-1.25713
0.212249,-1.25789
0.2093,-1.28973
0.195676,-1.27672
0.217665,-1.29271
0.217665,-1.29271
0.217665,-1.29271
0.16442,-1.21511
0.205842,-1.2459
0.205842,-1.2459
0.157834,-1.22611
0.157834,-1.22611
0.15286,-1.2937
0.15286,-1.2937
0.127969,-1.30112
0.197895,-1.29826
0.176697,-1.27282
0.205252,-1.26841
0.153112,-1.28368
0.153112,-1.28368
0.153112,-1.28368
0.163775,-1.27318
0.163775,-1.27318
0.219666,-1.27473
0.217937,-1.25808
0.217937,-1.25808
0.242367,-1.23167
0.263974,-1.25545
0.263974,-1.25545
0.305947,-1.26854
0.305947,-1.26854
0.277785,-1.26736
0.24186,-1.2718
0.24186,-1.2718
0.222328,-1.22434
0.222328,-1.22434
0.210672,-1.21787
0.197602,-1.28654
0.217345,-1.29627
0.218555,-1.28293
0.221622,-1.27935
0.236991,-1.25282
0.202122,-1.23878
0.241548,-1.21502
0.241548,-1.21502
0.241548,-1.21502
0.241548,-1.21502
0.208245,-1.25361
0.207002,-1.25227
0.207002,-1.25227
0.205708,-1.27654
0.205708,-1.27654
0.219773,-1.29687
0.219773,-1.29687
0.213607,-1.24179
0.213607,-1.24179
0.195234,-1.28392
0.173087,-1.27697
0.182549,-1.28408
0.22479,-1.28264
0.245418,-1.26092
0.233967,-1.30661
0.275039,-1.28723
0.275039,-1.28723
0.275039,-1.28723
0.287879,-1.28144
0.266074,-1.26135
0.29471,-1.25604
0.29471,-1.25604
0.255368,-1.26793
0.271054,-1.2936
0.271054,-1.2936
0.271054,-1.2936
0.271054,-1.2936
0.322609,-1.31569
0.339319,-1.25872
0.339319,-1.25872
0.339319,-1.25872
0.376405,-1.31268
0.39274,-1.28739
0.419279,-1.32462
0.414482,-1.29033
0.45132,-1.28367
0.45132,-1.28367
0.444092,-1.29666
0.44549,-1.30681
0.44549,-1.30681
0.44549,-1.30681
0.440141,-1.34816
0.440141,-1.34816
0.440141,-1.34816
0.440141,-1.34816
0.440141,-1.34816
0.460831,-1.41047
0.460831,-1.41047
0.460831,-1.41047
0.411403,-1.33903
0.429713,-1.39127
0.449025,-1.34861
0.413086,-1.35406
0.41334,-1.34873
0.402641,-1.34049
0.427771,-1.28989
0.409206,-1.29864
0.409206,-1.29864
0.416638,-1.28886
0.416638,-1.28886
0.416638,-1.28886
0.416638,-1.28886
0.416638,-1.28886
0.370232,-1.29941
0.370232,-1.29941
0.352879,-1.25002
0.348084,-1.25198
0.33696,-1.25879
0.33696,-1.25879
0.325125,-1.32225
0.340759,-1.30227
0.340759,-1.30227
0.35456,-1.30389
0.350447,-1.28029
0.350447,-1.28029
0.387546,-1.31751
0.349654,-1.36037
0.349654,-1.36037
0.349654,-1.36037
0.364646,-1.31898
0.34289,-1.31303
0.34289,-1.31303
0.346634,-1.28137
0.325098,-1.28283
0.284177,-1.34419
0.284177,-1.34419
0.222633,-1.33029
0.222633,-1.33029
0.265245,-1.30603
0.257891,-1.33977
0.257891,-1.33977
0.257891,-1.33977
0.275955,-1.3386
0.287037,-1.32917
0.287037,-1.32917
0.339016,-1.33136
0.387306,-1.331
0.395165,-1.28935
0.395165,-1.28935
0.37459,-1.26072
0.37459,-1.26072
0.37459,-1.26072
0.401328,-1.23209
0.401328,-1.23209
0.396468,-1.23285
0.38089,-1.22155
0.429063,-1.20634
0.429063,-1.20634
0.429063,-1.20634
0.410524,-1.22893
0.4077,-1.24114
0.396398,-1.22822
0.382716,-1.2228
0.382614,-1.18168
0.400476,-1.20529
0.337252,-1.20758
0.329443,-1.17633
0.329443,-1.17633
0.334764,-1.21066
0.301698,-1.16448
0.301698,-1.16448
0.301698,-1.16448
0.279074,-1.14303
0.279074,-1.14303
0.296496,-1.16532
0.329008,-1.17619
0.329008,-1.17619
0.329008,-1.17619
0.28565,-1.22111
0.313814,-1.24495
0.313814,-1.24495
0.340262,-1.24778
0.463329,-1.2271
0.463329,-1.2271
0.426797,-1.21089
0.434868,-1.22788
0.432633,-1.19821
0.432633,-1.19821
0.441899,-1.23432
0.416371,-1.25353
0.399522,-1.24303
0.406809,-1.24798
0.416992,-1.26704
0.416992,-1.26704
0.381485,-1.26802
0.381485,-1.26802
0.381485,-1.26802
0.35025,-1.26924
0.35025,-1.26924
0.339073,-1.27462
0.316861,-1.29664
0.351492,-1.25531
0.381771,-1.25068
0.330991,-1.2549
0.330991,-1.2549
0.330991,-1.2549
0.29526,-1.22132
0.301791,-1.19222
0.31812,-1.17927
0.301458,-1.16676
0.317938,-1.15028
0.272214,-1.13842
0.276532,-1.16425
0.235844,-1.14848
0.20218,-1.15369
0.20218,-1.15369
0.20218,-1.15369
0.20218,-1.15369
0.213736,-1.14757
0.17554,-1.17178
0.17554,-1.17178
0.212013,-1.153
0.212013,-1.153
0.212013,-1.153
0.212013,-1.153
0.200294,-1.18979
0.200294,-1.18979
0.200294,-1.18979
0.231191,-1.1813
0.231191,-1.1813
0.231191,-1.1813
0.231191,-1.1813
0.237887,-1.14673
0.237887,-1.14673
0.2235,-1.15552
0.236513,-1.13869
0.236513,-1.13869
0.236513,-1.13869
0.239634,-1.13071
0.239634,-1.13071
0.226237,-1.11961
0.226237,-1.11961
0.226237,-1.11961
0.226237,-1.11961
0.226237,-1.11961
0.170417,-1.13891
0.184759,-1.15328
0.183453,-1.13278
0.149209,-1.11535
0.149209,-1.11535
0.135823,-1.18504
0.131519,-1.16372
0.148491,-1.20036
0.146815,-1.20247
0.146815,-1.20247
0.194825,-1.20053
0.194825,-1.20053
0.168527,-1.21546
0.1166,-1.2134
0.0819068,-1.23572
0.0813888,-1.29076
0.0813888,-1.29076
0.0313709,-1.22929
0.100332,-1.21618
0.0326941,-1.22344
0.0326941,-1.22344
0.0326941,-1.22344
0.0326941,-1.22344
0.0308475,-1.24471
0.0448602,-1.22617
0.0538748,-1.23444
0.0517992,-1.23346
0.0403026,-1.24923
0.0403026,-1.24923
0.0796493,-1.24348
0.0453692,-1.22582
0.0278719,-1.25959
0.00316775,-1.21754
0.0406175,-1.26462
0.0383588,-1.23583
0.0748191,-1.23565
0.0603178,-1.22753
0.0603178,-1.22753
0.0879721,-1.24804
0.0879721,-1.24804
0.0879721,-1.24804
0.0879721,-1.24804
0.0935412,-1.22825
0.0935412,-1.22825
0.0935412,-1.22825
0.114535,-1.26569
0.114535,-1.26569
0.114535,-1.26569
0.114535,-1.26569
0.114535,-1.26569
0.14681,-1.25969
0.14681,-1.25969
0.128935,-1.25158
0.128935,-1.25158
0.128935,-1.25158
0.132238,-1.23706
0.104576,-1.25638
0.085738,-1.25261
0.118048,-1.23504
0.0340887,-1.26277
0.0340887,-1.26277
0.0731339,-1.28187
0.0731339,-1.28187
0.0576625,-1.25543
0.0576625,-1.25543
0.0454213,-1.26329
0.0454213,-1.26329
0.0454213,-1.26329
0.0895184,-1.23366
0.0895184,-1.23366
0.0895184,-1.23366
0.105873,-1.24259
0.105873,-1.24259
0.132718,-1.21539
0.146218,-1.21747
0.140351,-1.18942
0.191451,-1.18287
0.191451,-1.18287
0.191451,-1.18287
0.218805,-1.19717
0.216519,-1.2419
0.251435,-1.20628
0.230422,-1.22543
0.194565,-1.20421
0.192959,-1.22829
0.192959,-1.22829
0.187707,-1.22915
0.189952,-1.25483
0.220148,-1.23586
0.196998,-1.25111
0.263421,-1.21786
0.263421,-1.21786
0.263421,-1.21786
0.263421,-1.21786
0.263421,-1.21786
0.293058,-1.23506
0.294069,-1.28119
0.345449,-1.29365
0.328455,-1.27709
0.32816,-1.28007
0.363834,-1.2817
0.416084,-1.26514
0.45024,-1.20088
0.45024,-1.20088
0.425581,-1.25337
0.421881,-1.2458
0.421881,-1.2458
0.421881,-1.2458
0.379908,-1.28599
0.379908,-1.28599
0.379908,-1.28599
0.330791,-1.36874
0.407494,-1.3358
0.407494,-1.3358
0.311143,-1.37077
0.330717,-1.33916
0.330717,-1.33916
0.359528,-1.35337
0.359528,-1.35337
0.330593,-1.38296
0.330593,-1.38296
0.330593,-1.38296
0.330593,-1.38296
0.377373,-1.32256
0.390642,-1.31303
0.349848,-1.30685
0.349848,-1.30685
0.307249,-1.33829
0.296459,-1.31812
0.248495,-1.38415
0.253596,-1.36625
0.276425,-1.35495
0.246182,-1.38005
0.246182,-1.38005
0.246182,-1.38005
0.246182,-1.38005
0.279556,-1.40038
0.299699,-1.37018
0.299699,-1.37018
0.288407,-1.33164
0.288407,-1.33164
0.288407,-1.33164
0.249917,-1.37705
0.244251,-1.38315
0.244251,-1.38315
0.251305,-1.35394
0.251305,-1.35394
0.251305,-1.35394
0.251305,-1.35394
0.246292,-1.34772
0.228505,-1.34043
0.265593,-1.30082
0.265593,-1.30082
0.275169,-1.2912
0.286482,-1.28948
0.286482,-1.28948
0.262037,-1.31594
0.262037,-1.31594
0.283932,-1.32986
0.295097,-1.3386
0.295097,-1.3386
0.305258,-1.31839
0.305258,-1.31839
0.316498,-1.37139
0.319559,-1.33243
0.319559,-1.33243
0.345912,-1.33494
0.345912,-1.33494
0.301172,-1.30487
0.284068,-1.34331
0.212425,-1.3601
0.220925,-1.40387
0.191371,-1.38088
0.192865,-1.40004
0.228313,-1.37509
0.192231,-1.4166
0.192231,-1.4166
0.192231,-1.4166
0.213911,-1.3914
0.213911,-1.3914
0.147671,-1.37884
0.156749,-1.36014
0.162777,-1.36875
0.169844,-1.351
0.169844,-1.351
0.169844,-1.351
0.195372,-1.32987
0.195372,-1.32987
0.191851,-1.34686
0.171054,-1.27976
0.171054,-1.27976
0.171054,-1.27976
0.15829,-1.34817
0.15829,-1.34817
0.174603,-1.35937
0.174603,-1.35937
0.23828,-1.32388
0.245897,-1.30108
0.233956,-1.31729
0.234359,-1.32095
0.208978,-1.35742
0.182851,-1.2855
0.197518,-1.30618
0.197518,-1.30618
0.205068,-1.35723
0.161039,-1.34688
0.175312,-1.3414
0.175312,-1.3414
0.193023,-1.35276
0.193023,-1.35276
0.168916,-1.34008
0.140292,-1.27068
0.162503,-1.26418
0.197281,-1.28006
0.141109,-1.24192
0.141109,-1.24192
0.141109,-1.24192
0.141109,-1.24192
0.141109,-1.24192
0.141109,-1.24192
0.172359,-1.25371
0.162683,-1.24636
0.173099,-1.26872
0.213097,-1.28077
0.182641,-1.30387
0.182641,-1.30387
0.176842,-1.29771
0.132503,-1.27117
0.132503,-1.27117
0.161928,-1.2852
0.161928,-1.2852
0.186889,-1.26501
0.205117,-1.25859
0.205117,-1.25859
0.235792,-1.21971
0.235792,-1.21971
0.201255,-1.19209
0.201255,-1.19209
0.201255,-1.19209
0.180358,-1.22221
0.177426,-1.26179
0.210383,-1.25436
0.188518,-1.28885
0.197891,-1.30089
0.197891,-1.30089
0.181359,-1.30538
0.144705,-1.2887
0.144705,-1.2887
0.0999917,-1.34406
0.0999917,-1.34406
0.0999917,-1.34406
0.137978,-1.31011
0.134298,-1.3088
0.0541132,-1.30834
0.0382739,-1.32921
0.0192568,-1.27755
-0.0018444,-1.26666
-0.0193265,-1.27647
-0.0753245,-1.27615
-0.0373557,-1.27128
-0.0533584,-1.24884
0.00441636,-1.21906
-0.0540509,-1.28159
-0.0590294,-1.28394
-0.044608,-1.28444
-0.044608,-1.28444
-0.0297917,-1.32677
-0.0321379,-1.31356
-0.0545796,-1.27846
-0.0950932,-1.30703
-0.0950932,-1.30703
-0.058522,-1.28737
-0.00812907,-1.27789
-0.00812907,-1.27789
0.0487139,-1.29156
0.0523067,-1.29762
0.0919633,-1.24071
0.0919633,-1.24071
0.0919633,-1.24071
0.0944824,-1.22251
0.0589148,-1.21322
0.0567606,-1.23566
0.0532853,-1.22856
0.070563,-1.26134
0.070563,-1.26134
0.0225326,-1.25384
0.0576666,-1.23375
0.0576666,-1.23375
0.0718145,-1.26732
0.0718145,-1.26732
0.0718145,-1.26732
0.0718145,-1.26732
0.0698726,-1.24723
0.0698726,-1.24723
0.0449129,-1.27117
0.045882,-1.26822
0.045882,-1.26822
0.0661154,-1.31988
0.0531025,-1.33572
0.0437553,-1.35081
0.0437553,-1.35081
0.100358,-1.36915
0.0731753,-1.35124
0.0731753,-1.35124
0.0731753,-1.35124
0.0742161,-1.35056
0.0742161,-1.35056
0.112001,-1.33973
0.0679116,-1.36862
0.067221,-1.34879
0.067221,-1.34879
0.067221,-1.34879
0.067221,-1.34879
0.067221,-1.34879
0.067221,-1.34879
0.067221,-1.34879
0.100195,-1.33979
0.116392,-1.33488
0.123314,-1.32164
0.160888,-1.34824
0.184483,-1.35387
0.180121,-1.37606
0.180121,-1.37606
0.180121,-1.37606
0.154438,-1.40009
0.19705,-1.35755
0.190149,-1.36982
0.190149,-1.36982
0.238967,-1.37193
0.238967,-1.37193
0.244504,-1.37665
0.216016,-1.38385
0.2319,-1.35197
0.245381,-1.41272
0.220577,-1.42192
0.220577,-1.42192
0.186556,-1.39202
0.225355,-1.42728
0.225355,-1.42728
0.223111,-1.38833
0.223111,-1.38833
0.223111,-1.38833
0.223111,-1.38833
0.33416,-1.40211
0.321191,-1.34621
0.285368,-1.31938
0.335754,-1.27253
0.335754,-1.27253
0.399867,-1.27077
0.399867,-1.27077
0.377824,-1.27523
0.384172,-1.2836
0.384172,-1.2836
0.42762,-1.2541
0.42762,-1.2541
0.42762,-1.2541
0.42762,-1.2541
0.477568,-1.22298
0.448982,-1.24421
0.459194,-1.2381
0.429353,-1.23356
0.423141,-1.24012
0.432851,-1.21942
0.451402,-1.21763
0.451402,-1.21763
0.446841,-1.21952
0.446841,-1.21952
0.387877,-1.2294
0.389249,-1.21178
0.416511,-1.23198
0.416511,-1.23198
0.416511,-1.23198
0.416511,-1.23198
0.416511,-1.23198
0.419602,-1.29136
0.443292,-1.31399
0.451773,-1.28445
0.451773,-1.28445
0.382508,-1.24982
0.382508,-1.24982
0.425442,-1.27874
0.435184,-1.26393
0.435184,-1.26393
0.435184,-1.26393
0.435184,-1.26393
0.435184,-1.26393
0.435184,-1.26393
0.435184,-1.26393
0.411111,-1.2399
0.37287,-1.23356
0.387607,-1.25086
0.389289,-1.23837
0.389289,-1.23837
0.362149,-1.24224
0.335696,-1.24931
0.299208,-1.22984
0.249159,-1.23545
0.21638,-1.26773
0.198931,-1.28404
0.121686,-1.32414
0.121686,-1.32414
0.119702,-1.32496
0.144047,-1.33405
0.164594,-1.31252
0.153731,-1.30791
0.153731,-1.30791
0.136769,-1.28083
0.123697,-1.30518
0.115208,-1.31189
0.104703,-1.30053
0.10523,-1.28167
0.10523,-1.28167
0.0769908,-1.3116
0.0769908,-1.3116
0.0769908,-1.3116
0.0912241,-1.29849
0.0912241,-1.29849
0.101624,-1.27707
0.0700742,-1.26527
0.0700742,-1.26527
0.0721856,-1.24975
0.0896104,-1.2072
0.0896104,-1.2072
0.0962853,-1.19303
0.0977959,-1.19898
0.0967016,-1.21515
0.136486,-1.27039
0.164382,-1.23454
0.1325,-1.29988
0.149341,-1.29355
0.19029,-1.28449
0.19029,-1.28449
0.19029,-1.28449
0.19029,-1.28449
0.2598,-1.30884
0.2598,-1.30884
0.293486,-1.27861
0.291493,-1.28743
0.299986,-1.26313
0.356874,-1.27501
0.375641,-1.2713
0.375641,-1.2713
0.400572,-1.23459
0.400572,-1.23459
0.400572,-1.23459
0.400572,-1.23459
0.428062,-1.23905
0.428062,-1.23905
0.42602,-1.26794
0.436213,-1.26153
0.422653,-1.28063
0.445193,-1.33012
0.428859,-1.28438
0.398793,-1.29593
0.398793,-1.29593
0.398793,-1.29593
0.393103,-1.25742
0.393103,-1.25742
0.415715,-1.2141
0.415715,-1.2141
0.415715,-1.2141
0.372222,-1.21371
0.354414,-1.22918
0.357768,-1.23349
0.357768,-1.23349
0.340463,-1.24624
0.340463,-1.24624
0.340463,-1.24624
0.340463,-1.24624
0.29017,-1.25008
0.273584,-1.24587
0.273584,-1.24587
0.288944,-1.26915
0.306009,-1.27136
0.306009,-1.27136
0.306009,-1.27136
0.307572,-1.29605
0.286574,-1.28966
0.331482,-1.28998
0.331482,-1.28998
0.331482,-1.28998
0.308315,-1.26933
0.256062,-1.28104
0.195049,-1.29274
0.163163,-1.32341
0.163163,-1.32341
0.149034,-1.2901
0.130982,-1.30619
0.130982,-1.30619
0.119352,-1.30487
0.119352,-1.30487
0.157769,-1.28177
0.157769,-1.28177
0.126386,-1.30552
0.117168,-1.3206
0.0804418,-1.34953
0.11293,-1.37397
0.129451,-1.37749
0.168774,-1.37178
0.131583,-1.32893
0.103694,-1.34425
0.149892,-1.2984
0.149892,-1.2984
0.149892,-1.2984
0.149892,-1.2984
0.149892,-1.2984
0.149892,-1.2984
0.149892,-1.2984
0.137224,-1.28537
0.180733,-1.29783
0.194212,-1.27875
0.191632,-1.31214
0.163536,-1.31569
0.163536,-1.31569
0.163536,-1.31569
0.185324,-1.34305
0.137896,-1.38513
0.148208,-1.35782
0.140013,-1.3719
0.124582,-1.40553
0.0677593,-1.44783
0.0844666,-1.39956
0.108868,-1.46271
0.0394614,-1.41564
0.0432524,-1.37908
0.0914163,-1.40484
0.109941,-1.38619
0.123756,-1.38833
0.109335,-1.41003
0.0585828,-1.37994
0.0299791,-1.33899
0.0299791,-1.33899
0.0299791,-1.33899
0.0299791,-1.33899
0.00939361,-1.37007
0.00934474,-1.35548
-0.0244328,-1.34462
0.00952253,-1.33479
-0.055548,-1.38247
-0.0371833,-1.37996
0.0339826,-1.33107
0.0339826,-1.33107
0.0179023,-1.31735
-0.0143901,-1.28855
-0.0237282,-1.30194
-0.00873007,-1.34537
0.0233805,-1.30712
0.0233805,-1.30712
0.0205382,-1.26077
-0.0428048,-1.2447
-0.0428048,-1.2447
-0.0552529,-1.28829
-0.00912502,-1.3327
0.00185805,-1.27653
-0.0489184,-1.32595
-0.0594593,-1.33961
-0.0331502,-1.39526
-0.00128669,-1.4372
0.0420742,-1.40393
0.0420742,-1.40393
0.041363,-1.3738
0.041363,-1.3738
0.0972876,-1.34727
0.0576869,-1.32111
0.0576869,-1.32111
0.0576869,-1.32111
0.0486981,-1.34233
0.000915662,-1.38837
0.0141208,-1.38967
0.0141208,-1.38967
0.0141208,-1.38967
0.0141208,-1.38967
0.0648752,-1.38333
0.0899741,-1.35838
0.0621424,-1.40297
0.0621424,-1.40297
0.0621424,-1.40297
0.0484915,-1.41006
0.00274461,-1.38644
0.0242385,-1.36163
0.0285949,-1.41102
0.00837458,-1.39977
0.00837458,-1.39977
0.00837458,-1.39977
0.00837458,-1.39977
0.0471479,-1.40262
0.0236231,-1.37125
0.0236231,-1.37125
-0.0216383,-1.34931
0.0325729,-1.37665
0.0325729,-1.37665
0.0120664,-1.371
0.0120664,-1.371
0.0223449,-1.385
0.0223449,-1.385
0.0586745,-1.37335
0.036889,-1.33297
0.0716618,-1.34779
0.0716618,-1.34779
0.0716618,-1.34779
0.0716618,-1.34779
0.0716618,-1.34779
0.0881383,-1.32771
0.0881383,-1.32771
0.0648878,-1.36889
0.0503509,-1.36699
-0.00794304,-1.31794
-0.00794304,-1.31794
-0.00794304,-1.31794
-0.00792519,-1.30032
0.0203385,-1.27897
0.0203385,-1.27897
0.0203385,-1.27897
0.0203385,-1.27897
0.0331303,-1.27491
0.0331303,-1.27491
0.0331303,-1.27491
-0.00190697,-1.30386
0.0118084,-1.32466
0.0118084,-1.32466
0.0118084,-1.32466
0.0118084,-1.32466
-0.0294305,-1.3185
-0.0260422,-1.34257
-0.0402628,-1.34788
-0.0639699,-1.33646
-0.0402667,-1.35207
-0.0527019,-1.32712
-0.047549,-1.32423
-0.0189614,-1.31802
-0.0517316,-1.31841
-0.122241,-1.31777
-0.122241,-1.31777
-0.122241,-1.31777
-0.122241,-1.31777
-0.0653023,-1.30909
-0.0559468,-1.35839
-0.0803749,-1.39131
-0.122857,-1.39864
-0.0986027,-1.38018
-0.0986027,-1.38018
-0.0986027,-1.38018
-0.101919,-1.32691
-0.101919,-1.32691
-0.140764,-1.27014
-0.140764,-1.27014
-0.0541321,-1.27045
-0.0611682,-1.25935
-0.0964831,-1.24296
-0.10078,-1.29603
-0.111563,-1.30945
-0.111563,-1.30945
-0.126151,-1.2626
-0.126151,-1.2626
-0.126151,-1.2626
-0.126151,-1.2626
-0.126151,-1.2626
-0.105973,-1.32665
-0.083831,-1.31445
-0.0768478,-1.30197
-0.0768478,-1.30197
-0.0768478,-1.30197
-0.0695299,-1.29756
-0.056482,-1.3203
-0.077777,-1.28418
-0.0445321,-1.26983
-0.0950614,-1.2793
-0.0950614,-1.2793
-0.0799866,-1.28962
-0.107052,-1.30843
-0.107052,-1.30843
-0.107052,-1.30843
-0.107052,-1.30843
-0.0506845,-1.27788
-0.0356921,-1.26696
-0.0356921,-1.26696
-0.0604589,-1.2251
-0.0759488,-1.2038
-0.0759488,-1.2038
-0.0759488,-1.2038
-0.0759488,-1.2038
-0.0759488,-1.2038
-0.0759488,-1.2038
-0.0671632,-1.23556
-0.0671632,-1.23556
-0.0781962,-1.23748
-0.111231,-1.22845
-0.143188,-1.19328
-0.140529,-1.21092
-0.184211,-1.23543
-0.186684,-1.24165
-0.206526,-1.26269
-0.176823,-1.23651
-0.168341,-1.2454
-0.176158,-1.2438
-0.176158,-1.2438
-0.177847,-1.24977
-0.160332,-1.26296
-0.160332,-1.26296
-0.139243,-1.21486
-0.14769,-1.19129
-0.137606,-1.22261
-0.143281,-1.22518
-0.134712,-1.22751
-0.134712,-1.22751
-0.128015,-1.24581
-0.140066,-1.2832
-0.140066,-1.2832
-0.183095,-1.23156
-0.208804,-1.26762
-0.208804,-1.26762
-0.204314,-1.30064
-0.202872,-1.26887
-0.170363,-1.23114
-0.132664,-1.23957
-0.125852,-1.2352
-0.110523,-1.25182
-0.183729,-1.29646
-0.183729,-1.29646
-0.183729,-1.29646
-0.205097,-1.29898
-0.205097,-1.29898
-0.208317,-1.31326
-0.245899,-1.2966
-0.245899,-1.2966
-0.252672,-1.26382
-0.241629,-1.19418
-0.241629,-1.19418
-0.246309,-1.18016
-0.228424,-1.1973
-0.219717,-1.21584
-0.219717,-1.21584
-0.219717,-1.21584
-0.219717,-1.21584
-0.250386,-1.22979
-0.250386,-1.22979
-0.264179,-1.24082
-0.297102,-1.21057
-0.317279,-1.22237
-0.317279,-1.22237
-0.374874,-1.198
-0.382477,-1.21651
-0.382477,-1.21651
-0.428674,-1.21448
-0.423119,-1.14704
-0.489379,-1.15493
-0.489379,-1.15493
-0.53786,-1.12991
-0.53786,-1.12991
-0.534218,-1.13822
-0.534218,-1.13822
-0.534218,-1.13822
-0.534218,-1.13822
-0.549267,-1.1318
-0.581821,-1.15519
-0.58003,-1.15571
-0.599974,-1.1975
-0.577812,-1.17868
-0.577812,-1.17868
-0.577812,-1.17868
-0.59562,-1.18028
-0.59562,-1.18028
-0.608401,-1.17559
-0.629379,-1.21431
-0.57724,-1.22923
-0.593274,-1.1707
-0.593274,-1.1707
-0.60419,-1.19227
-0.620149,-1.19753
-0.618126,-1.19978
-0.618126,-1.19978
-0.547609,-1.22691
-0.547609,-1.22691
-0.541961,-1.2492
-0.474293,-1.25565
-0.474293,-1.25565
-0.555633,-1.24017
-0.598096,-1.23055
-0.579624,-1.26647
-0.582468,-1.28533
-0.5597,-1.26115
-0.530921,-1.2718
-0.530921,-1.2718
-0.47325,-1.24091
-0.47325,-1.24091
-0.425798,-1.26712
-0.400117,-1.27575
-0.381744,-1.26477
-0.332895,-1.26106
-0.332895,-1.26106
-0.362852,-1.25634
-0.362852,-1.25634
-0.346394,-1.29757
-0.346394,-1.29757
-0.379717,-1.25478
-0.379717,-1.25478
-0.379717,-1.25478
-0.379717,-1.25478
-0.379717,-1.25478
-0.379717,-1.25478
-0.4498,-1.27205
-0.447049,-1.25964
-0.44058,-1.25065
-0.533422,-1.2291
-0.533422,-1.2291
-0.533422,-1.2291
-0.566705,-1.23487
-0.566705,-1.23487
-0.581274,-1.21887
-0.581274,-1.21887
-0.581274,-1.21887
-0.596655,-1.14668
-0.612035,-1.19488
-0.612035,-1.19488
-0.612035,-1.19488
-0.612035,-1.19488
-0.606904,-1.18055
-0.624318,-1.12992
-0.624318,-1.12992
-0.624318,-1.12992
-0.624318,-1.12992
-0.666309,-1.12496
-0.696667,-1.12893
-0.696667,-1.12893
-0.703931,-1.07255
-0.703931,-1.07255
-0.682708,-1.03201
-0.695795,-1.06452
-0.695795,-1.06452
-0.695795,-1.06452
-0.695795,-1.06452
-0.636368,-1.10252
-0.613017,-1.07782
-0.650516,-1.08536
-0.61278,-1.046
-0.61278,-1.046
-0.634122,-1.06628
-0.6356,-1.07208
-0.601095,-1.08506
-0.615197,-1.06723
-0.615197,-1.06723
-0.608073,-1.08188
-0.674493,-1.13303
-0.677883,-1.11264
-0.701279,-1.10487
-0.701279,-1.10487
-0.711116,-1.04608
-0.699485,-1.04508
-0.699485,-1.04508
-0.703784,-1.06465
-0.703784,-1.06465
-0.680177,-1.07466
-0.680177,-1.07466
-0.66697,-1.07097
-0.636865,-1.03607
-0.636865,-1.03607
-0.625698,-1.05365
-0.629796,-1.0753
-0.644989,-1.07627
-0.649608,-1.05241
-0.649608,-1.05241
-0.651666,-1.06843
-0.646246,-1.09208
-0.646246,-1.09208
-0.646246,-1.09208
-0.634629,-1.11063
-0.671014,-1.102
-0.647639,-1.13131
-0.647639,-1.13131
-0.647639,-1.13131
-0.650663,-1.12257
-0.650663,-1.12257
-0.639244,-1.09758
-0.655206,-1.06317
-0.657502,-1.03496
-0.656087,-1.05568
-0.685061,-1.05217
-0.685061,-1.05217
-0.715062,-1.07515
-0.729549,-1.09147
-0.729549,-1.09147
-0.71767,-1.09573
-0.71767,-1.09573
-0.742768,-1.09696
-0.705829,-1.08621
-0.705829,-1.08621
-0.731401,-1.05843
-0.757884,-1.09077
-0.758861,-1.1201
-0.758861,-1.1201
-0.758861,-1.1201
-0.758861,-1.1201
-0.758861,-1.1201
-0.722117,-1.0892
-0.723463,-1.13738
-0.784262,-1.12721
-0.808016,-1.13894
-0.830225,-1.18342
-0.830225,-1.18342
-0.843442,-1.12986
-0.865009,-1.14389
-0.831393,-1.13632
-0.804914,-1.1134
-0.804914,-1.1134
-0.804914,-1.1134
-0.804914,-1.1134
-0.804914,-1.1134
-0.748314,-1.1537
-0.692893,-1.15747
-0.689811,-1.19153
-0.675459,-1.15085
-0.675459,-1.15085
-0.675459,-1.15085
-0.701696,-1.1641
-0.749391,-1.15384
-0.740749,-1.14071
-0.740749,-1.14071
-0.745512,-1.08816
-0.745512,-1.08816
-0.684381,-1.10302
-0.704256,-1.15439
-0.688452,-1.14345
-0.678592,-1.1284
-0.717513,-1.14734
-0.684186,-1.16273
-0.626911,-1.12923
-0.65506,-1.1274
-0.662767,-1.05686
-0.645432,-1.08353
-0.708526,-1.05188
-0.708852,-1.05618
-0.701222,-1.08106
-0.701222,-1.08106
-0.701222,-1.08106
-0.701222,-1.08106
-0.736622,-1.12258
-0.711586,-1.1242
-0.728991,-1.08201
-0.728991,-1.08201
-0.728991,-1.08201
-0.728991,-1.08201
-0.68569,-1.1041
-0.740793,-1.06374
-0.722887,-1.09371
-0.722887,-1.09371
-0.722887,-1.09371
-0.722887,-1.09371
-0.722887,-1.09371
-0.722887,-1.09371
-0.74034,-1.07799
-0.74034,-1.07799
-0.738033,-1.04038
-0.738033,-1.04038
-0.738033,-1.04038
-0.738033,-1.04038
-0.706479,-1.07709
-0.737076,-1.10356
-0.727605,-1.07378
-0.740651,-1.03795
-0.742692,-0.998879
-0.735655,-1.01849
-0.775304,-1.03493
-0.784102,-0.973844
-0.782204,-1.01599
-0.720474,-1.04291
-0.70383,-1.0545
-0.663183,-1.04261
-0.656031,-1.02553
-0.684874,-1.02386
-0.704688,-1.05179
-0.754367,-1.07803
-0.743656,-1.04092
-0.743656,-1.04092
-0.709157,-1.03317
-0.709157,-1.03317
-0.709157,-1.03317
-0.709157,-1.03317
-0.709157,-1.03317
-0.709157,-1.03317
-0.709157,-1.03317
-0.738013,-1.03865
-0.738013,-1.03865
-0.68825,-1.03381
-0.68825,-1.03381
-0.741732,-1.04043
-0.733977,-1.05981
-0.76957,-1.06711
-0.732507,-1.11199
-0.700968,-1.1315
-0.688368,-1.10422
-0.688368,-1.10422
-0.676428,-1.16201
-0.687094,-1.13312
-0.687094,-1.13312
-0.700266,-1.15735
-0.700266,-1.15735
-0.700266,-1.15735
-0.641876,-1.18375
-0.630069,-1.16206
-0.643948,-1.20889
-0.643948,-1.20889
-0.648341,-1.21599
-0.648341,-1.21599
-0.672242,-1.23988
-0.68572,-1.22765
-0.68572,-1.22765
-0.68572,-1.22765
-0.66652,-1.2612
-0.662578,-1.23386
-0.656371,-1.2313
-0.678875,-1.24674
-0.685975,-1.23477
-0.693771,-1.28437
-0.693818,-1.27776
-0.728736,-1.2809
-0.728736,-1.2809
-0.741167,-1.27584
-0.741167,-1.27584
-0.710264,-1.28813
-0.727394,-1.25708
-0.727394,-1.25708
-0.784809,-1.23548
-0.75714,-1.21024
-0.75714,-1.21024
-0.75714,-1.21024
-0.752819,-1.25124
-0.752819,-1.25124
-0.714567,-1.28231
-0.680634,-1.27613
-0.760696,-1.3072
-0.760696,-1.3072
-0.777205,-1.26995
-0.777205,-1.26995
-0.718111,-1.23704
-0.748141,-1.27466
-0.748141,-1.27466
-0.732997,-1.204
-0.7121,-1.21879
-0.7121,-1.21879
-0.691321,-1.26944
-0.722878,-1.27487
-0.687205,-1.27093
-0.685646,-1.20137
-0.685646,-1.20137
-0.677662,-1.23737
-0.737185,-1.2296
-0.737185,-1.2296
-0.737185,-1.2296
-0.749342,-1.1917
-0.77209,-1.19381
-0.77209,-1.19381
-0.765345,-1.17928
-0.701362,-1.1698
-0.669294,-1.14054
-0.669294,-1.14054
-0.646506,-1.14186
-0.675514,-1.15513
-0.675514,-1.15513
-0.675514,-1.15513
-0.675514,-1.15513
-0.675514,-1.15513
-0.680293,-1.14394
-0.67753,-1.14938
-0.700587,-1.14069
-0.67391,-1.11204
-0.716512,-1.08545
-0.716512,-1.08545
-0.716512,-1.08545
-0.753415,-1.0683
-0.753415,-1.0683
-0.753415,-1.0683
-0.790031,-1.08415
-0.750674,-1.07907
-0.750674,-1.07907
-0.750674,-1.07907
-0.821588,-1.04994
-0.782366,-1.02226
-0.765977,-1.02154
-0.765608,-0.986788
-0.758131,-0.997651
-0.758131,-0.997651
-0.775483,-0.990318
-0.728076,-1.00455
-0.728076,-1.00455
-0.728076,-1.00455
-0.705623,-0.999248
-0.697899,-1.06726
-0.745685,-1.0658
-0.784448,-1.04824
-0.77183,-1.03543
-0.77183,-1.03543
-0.77183,-1.03543
-0.696236,-1.10179
-0.696236,-1.10179
-0.675241,-1.10342
-0.630367,-1.14372
-0.630367,-1.14372
-0.667627,-1.14048
-0.667627,-1.14048
-0.632914,-1.14146
-0.632914,-1.14146
-0.641925,-1.17683
-0.653828,-1.14154
-0.653828,-1.14154
-0.630131,-1.21303
-0.622538,-1.18459
-0.54955,-1.23036
-0.565975,-1.20436
-0.565975,-1.20436
-0.565975,-1.20436
-0.565975,-1.20436
-0.587634,-1.18694
-0.573616,-1.1811
-0.573616,-1.1811
-0.573616,-1.1811
-0.60393,-1.17948
-0.60393,-1.17948
-0.60393,-1.17948
-0.60393,-1.17948
-0.60393,-1.17948
-0.551815,-1.18369
-0.551815,-1.18369
-0.585672,-1.12123
-0.585672,-1.12123
-0.585672,-1.12123
-0.564638,-1.12964
-0.564638,-1.12964
-0.548854,-1.13327
-0.536833,-1.13353
-0.506606,-1.15192
-0.506606,-1.15192
-0.506606,-1.15192
-0.506606,-1.15192
-0.506606,-1.15192
-0.564472,-1.1596
-0.581629,-1.15193
-0.561541,-1.15747
-0.561541,-1.15747
-0.551087,-1.175
-0.525365,-1.16385
-0.525365,-1.16385
-0.545355,-1.16582
-0.552466,-1.16875
-0.536959,-1.14837
-0.516424,-1.18535
-0.586641,-1.18581
-0.60795,-1.19119
-0.60795,-1.19119
-0.601754,-1.1847
-0.601754,-1.1847
-0.581543,-1.1951
-0.581543,-1.1951
-0.593218,-1.1592
-0.562371,-1.19189
-0.540524,-1.23337
-0.561065,-1.21742
-0.563997,-1.20552
-0.570416,-1.24042
-0.509999,-1.24371
-0.554812,-1.23248
-0.554812,-1.23248
-0.57799,-1.23108
-0.57799,-1.23108
-0.57799,-1.23108
-0.57799,-1.23108
-0.57799,-1.23108
-0.632766,-1.22334
-0.599293,-1.18692
-0.599293,-1.18692
-0.599293,-1.18692
-0.554628,-1.21059
-0.552467,-1.19687
-0.552467,-1.19687
-0.544632,-1.17591
-0.557708,-1.14686
-0.5629,-1.20554
-0.5629,-1.20554
-0.558441,-1.23442
-0.558441,-1.23442
-0.547776,-1.18345
-0.547776,-1.18345
-0.547776,-1.18345
-0.547776,-1.18345
-0.542372,-1.20525
-0.573268,-1.15349
-0.573268,-1.15349
-0.597409,-1.18767
-0.622554,-1.1516
-0.658448,-1.11574
-0.658448,-1.11574
-0.666888,-1.11155
-0.683026,-1.09089
-0.683026,-1.09089
-0.675886,-1.09057
-0.675886,-1.09057
-0.675886,-1.09057
-0.675886,-1.09057
-0.665413,-1.10304
-0.648638,-1.12691
-0.665475,-1.10234
-0.650063,-1.11719
-0.650063,-1.11719
-0.643978,-1.14141
-0.584506,-1.15451
-0.608349,-1.14315
-0.54896,-1.17151
-0.518873,-1.20286
-0.518873,-1.20286
-0.518873,-1.20286
-0.586801,-1.21234
-0.555713,-1.23895
-0.553115,-1.26374
-0.553115,-1.26374
-0.588766,-1.23981
-0.588766,-1.23981
-0.548002,-1.2274
-0.548002,-1.2274
-0.563208,-1.25451
-0.563208,-1.25451
-0.563208,-1.25451
-0.548056,-1.2593
-0.548056,-1.2593
-0.546925,-1.24757
-0.48741,-1.20306
-0.499156,-1.2382
-0.499156,-1.2382
-0.499156,-1.2382
-0.453274,-1.25655
-0.484882,-1.27383
-0.484882,-1.27383
-0.484954,-1.23363
-0.495531,-1.25801
-0.454158,-1.26208
-0.475574,-1.21628
-0.475574,-1.21628
-0.456869,-1.23335
-0.456869,-1.23335
-0.460536,-1.24692
-0.460536,-1.24692
-0.441047,-1.22826
-0.418643,-1.22962
-0.391823,-1.21117
-0.378806,-1.24796
-0.378806,-1.24796
-0.378806,-1.24796
-0.363705,-1.23882
-0.373568,-1.23759
-0.373568,-1.23759
-0.373568,-1.23759
-0.368171,-1.26172
-0.337075,-1.25308
-0.337075,-1.25308
-0.336774,-1.25282
-0.372686,-1.26718
-0.383632,-1.27381
-0.383632,-1.27381
-0.410005,-1.25359
-0.43545,-1.28934
-0.410059,-1.27646
-0.35934,-1.2818
-0.35934,-1.2818
-0.35934,-1.2818
-0.364651,-1.29862
-0.374265,-1.2736
-0.335449,-1.27298
-0.335449,-1.27298
-0.326524,-1.30034
-0.313123,-1.29106
-0.330693,-1.28853
-0.360169,-1.23175
-0.316141,-1.28727
-0.307424,-1.26669
-0.324412,-1.29034
-0.324412,-1.29034
-0.324412,-1.29034
-0.324412,-1.29034
-0.324412,-1.29034
-0.269723,-1.25753
-0.338418,-1.26774
-0.338418,-1.26774
-0.366161,-1.29936
-0.367747,-1.33522
-0.367747,-1.33522
-0.363125,-1.35574
-0.363125,-1.35574
-0.355814,-1.38915
-0.355814,-1.38915
-0.355814,-1.38915
-0.355814,-1.38915
-0.347522,-1.42979
-0.334854,-1.43497
-0.331646,-1.38445
-0.331646,-1.38445
-0.334885,-1.3741
-0.294766,-1.34458
-0.28986,-1.34591
-0.282752,-1.30906
-0.250586,-1.2918
-0.247483,-1.30388
-0.247483,-1.30388
-0.247483,-1.30388
-0.266543,-1.32297
-0.266543,-1.32297
-0.27645,-1.34272
-0.229562,-1.31349
-0.187805,-1.33099
-0.226381,-1.31665
-0.212825,-1.30777
-0.217068,-1.29556
-0.217068,-1.29556
-0.262451,-1.29882
-0.262451,-1.29882
-0.29307,-1.30972
-0.29307,-1.30972
-0.29307,-1.30972
-0.29307,-1.30972
-0.268051,-1.25594
-0.268051,-1.25594
-0.268051,-1.25594
-0.268051,-1.25594
-0.259194,-1.26657
-0.275726,-1.28982
-0.275726,-1.28982
-0.275802,-1.24594
-0.314625,-1.25675
-0.278764,-1.26162
-0.278764,-1.26162
-0.278764,-1.26162
-0.280733,-1.24464
-0.288477,-1.25292
-0.303909,-1.24821
-0.248353,-1.25027
-0.297524,-1.24408
-0.324941,-1.25274
-0.282539,-1.29442
-0.275483,-1.26753
-0.26137,-1.24981
-0.26878,-1.2538
-0.265228,-1.26232
-0.265228,-1.26232
-0.265228,-1.26232
-0.275988,-1.24919
-0.341683,-1.22171
-0.373523,-1.23415
-0.305176,-1.28612
-0.305176,-1.28612
-0.295955,-1.31892
-0.295955,-1.31892
-0.240711,-1.3312
-0.240711,-1.3312
-0.287888,-1.35783
-0.257152,-1.33479
-0.260753,-1.2973
-0.260753,-1.2973
-0.262571,-1.30133
-0.246703,-1.29108
-0.275061,-1.30599
-0.265286,-1.32681
-0.244335,-1.34459
-0.278482,-1.36313
-0.233793,-1.38713
-0.233793,-1.38713
-0.233213,-1.42218
-0.233213,-1.42218
-0.240434,-1.38521
-0.306049,-1.39986
-0.298198,-1.38134
-0.280322,-1.34065
-0.280322,-1.34065
-0.313309,-1.36562
-0.313309,-1.36562
-0.313309,-1.36562
-0.344463,-1.37289
-0.358216,-1.32607
-0.358216,-1.32607
-0.346976,-1.32423
-0.346976,-1.32423
-0.346976,-1.32423
-0.363459,-1.36214
-0.363459,-1.36214
-0.415202,-1.30974
-0.432034,-1.29675
-0.399765,-1.29341
-0.41959,-1.32668
-0.433613,-1.32944
-0.481217,-1.30651
-0.480739,-1.3213
-0.480739,-1.3213
-0.483165,-1.31725
-0.483165,-1.31725
-0.526599,-1.27846
-0.548739,-1.26929
-0.544856,-1.26452
-0.513665,-1.3083
-0.494946,-1.31586
-0.475871,-1.29588
-0.473224,-1.28084
-0.473224,-1.28084
-0.473224,-1.28084
-0.499305,-1.27928
-0.473911,-1.34188
-0.44048,-1.32389
-0.400066,-1.30716
-0.374987,-1.28628
-0.396552,-1.25113
-0.40479,-1.24633
-0.388198,-1.2584
-0.385983,-1.27505
-0.385983,-1.27505
-0.347407,-1.28443
-0.310469,-1.26544
-0.379332,-1.30121
-0.33836,-1.31907
-0.347982,-1.28294
-0.347445,-1.28184
-0.347445,-1.28184
-0.32948,-1.32351
-0.32948,-1.32351
-0.291212,-1.30642
-0.292248,-1.30365
-0.314371,-1.31471
-0.314371,-1.31471
-0.314371,-1.31471
-0.314371,-1.31471
-0.354354,-1.34087
-0.334299,-1.3158
-0.334299,-1.3158
-0.359089,-1.30259
-0.349748,-1.29227
-0.338743,-1.31883
-0.338743,-1.31883
-0.321987,-1.3264
-0.321987,-1.3264
-0.365635,-1.2935
-0.365635,-1.2935
-0.365635,-1.2935
-0.365635,-1.2935
-0.406472,-1.29456
-0.406472,-1.29456
-0.410353,-1.31564
-0.410353,-1.31564
-0.364648,-1.34705
-0.364648,-1.34705
-0.345996,-1.34494
-0.306649,-1.36238
-0.306649,-1.36238
-0.337283,-1.35637
-0.277817,-1.29708
-0.26604,-1.34865
-0.294618,-1.37083
-0.294618,-1.37083
-0.212315,-1.38181
-0.202085,-1.38906
-0.202085,-1.38906
-0.168222,-1.40458
-0.147641,-1.41865
-0.0948204,-1.38034
-0.0817298,-1.35107
-0.0817298,-1.35107
-0.108961,-1.3704
-0.128122,-1.38244
-0.128122,-1.38244
-0.159797,-1.3422
-0.169485,-1.35632
-0.183944,-1.38837
-0.166968,-1.39736
-0.192009,-1.40438
-0.139368,-1.42758
-0.139368,-1.42758
-0.139368,-1.42758
-0.16053,-1.40553
-0.138823,-1.3892
-0.193756,-1.44122
-0.212733,-1.41844
-0.18957,-1.41902
-0.178491,-1.42461
-0.178491,-1.42461
-0.178491,-1.42461
-0.178491,-1.42461
-0.178491,-1.42461
-0.19723,-1.46648
-0.212229,-1.42299
-0.216795,-1.39598
-0.271218,-1.41525
-0.278321,-1.44252
-0.257405,-1.44897
-0.227638,-1.47389
-0.243467,-1.45672
-0.227402,-1.38837
-0.262712,-1.39013
-0.262712,-1.39013
-0.269721,-1.34015
-0.260475,-1.38346
-0.260475,-1.38346
-0.236375,-1.36206
-0.236375,-1.36206
-0.236375,-1.36206
-0.236375,-1.36206
-0.21669,-1.34197
-0.22488,-1.34407
-0.22488,-1.34407
-0.22488,-1.34407
-0.225286,-1.31439
-0.218974,-1.2616
-0.218974,-1.2616
-0.222105,-1.27201
-0.208491,-1.22948
-0.198254,-1.21716
-0.198254,-1.21716
-0.237558,-1.26248
-0.218858,-1.30829
-0.19815,-1.30831
-0.19815,-1.30831
-0.156531,-1.31659
-0.160522,-1.28263
-0.172484,-1.29668
-0.145086,-1.29308
-0.145086,-1.29308
-0.187036,-1.26263
-0.167799,-1.32857
-0.167799,-1.32857
-0.188496,-1.38077
-0.198074,-1.43988
-0.204236,-1.42509
-0.202843,-1.40404
-0.183443,-1.38722
-0.183443,-1.38722
-0.183443,-1.38722
-0.230346,-1.41544
-0.19379,-1.38692
-0.23517,-1.43286
-0.23517,-1.43286
-0.273907,-1.42137
-0.288831,-1.4081
-0.301894,-1.38944
-0.301894,-1.38944
-0.333094,-1.37477
-0.354291,-1.3906
-0.354291,-1.3906
-0.354291,-1.3906
-0.354291,-1.3906
-0.370668,-1.41254
-0.396531,-1.35495
-0.396531,-1.35495
-0.408274,-1.39229
-0.387222,-1.34392
-0.366692,-1.38682
-0.351588,-1.39471
-0.401881,-1.41698
-0.379688,-1.41396
-0.379688,-1.41396
-0.379688,-1.41396
-0.379688,-1.41396
-0.365826,-1.41485
-0.365826,-1.41485
-0.411614,-1.37817
-0.411614,-1.37817
-0.370903,-1.3829
-0.43593,-1.37367
-0.43593,-1.37367
-0.465922,-1.33874
-0.4469,-1.3592
-0.457061,-1.30738
-0.464093,-1.28515
-0.464093,-1.28515
-0.426335,-1.25897
-0.426335,-1.25897
-0.388397,-1.29408
-0.388568,-1.34697
-0.388568,-1.34697
-0.396201,-1.26955
-0.432929,-1.31898
-0.428298,-1.30718
-0.45369,-1.30256
-0.45369,-1.30256
-0.401212,-1.30979
-0.411154,-1.30776
-0.387279,-1.34915
-0.428938,-1.29609
-0.428938,-1.29609
-0.341709,-1.29109
-0.351344,-1.33441
-0.391918,-1.31076
-0.362377,-1.28632
-0.362377,-1.28632
-0.379311,-1.323
-0.404185,-1.27317
-0.404185,-1.27317
-0.376719,-1.23969
-0.370282,-1.2447
-0.370282,-1.2447
-0.411166,-1.20089
-0.38676,-1.19622
-0.38676,-1.19622
-0.38676,-1.19622
-0.374524,-1.22927
-0.40945,-1.28079
-0.375018,-1.27533
-0.372834,-1.2854
-0.372834,-1.2854
-0.438298,-1.25423
-0.444109,-1.25053
-0.462801,-1.26712
-0.427158,-1.2662
-0.408047,-1.29211
-0.379212,-1.28313
-0.379212,-1.28313
-0.424823,-1.28466
-0.418231,-1.27711
-0.462334,-1.28426
-0.462334,-1.28426
-0.456758,-1.29083
-0.420207,-1.28545
-0.393678,-1.26335
-0.393678,-1.26335
-0.336964,-1.26649
-0.309176,-1.28066
-0.309176,-1.28066
-0.278503,-1.31391
-0.284981,-1.25418
-0.284981,-1.25418
-0.302949,-1.23128
-0.328983,-1.25455
-0.328983,-1.25455
-0.328983,-1.25455
-0.328983,-1.25455
-0.301192,-1.29919
-0.359735,-1.32153
-0.344342,-1.30511
-0.346185,-1.31817
-0.346185,-1.31817
-0.324039,-1.35573
-0.307708,-1.35314
-0.307708,-1.35314
-0.274658,-1.35053
-0.274658,-1.35053
-0.274658,-1.35053
-0.329578,-1.31542
-0.317013,-1.34465
-0.372357,-1.37661
-0.39468,-1.3437
-0.39468,-1.3437
-0.39468,-1.3437
-0.416284,-1.2895
-0.398787,-1.29521
-0.443063,-1.29946
-0.491741,-1.31791
-0.491741,-1.31791
-0.527974,-1.27427
-0.527974,-1.27427
-0.527974,-1.27427
-0.551853,-1.29001
-0.586405,-1.30206
-0.562507,-1.28243
-0.562507,-1.28243
-0.562507,-1.28243
-0.562507,-1.28243
-0.595069,-1.27989
-0.612568,-1.2788
-0.61132,-1.31303
-0.61132,-1.31303
-0.560527,-1.32271
-0.560527,-1.32271
-0.573138,-1.29807
-0.574173,-1.31661
-0.574173,-1.31661
-0.572165,-1.29374
-0.572165,-1.29374
-0.61545,-1.2755
-0.61545,-1.2755
-0.641136,-1.2511
-0.652149,-1.25283
-0.656564,-1.23149
-0.680026,-1.23054
-0.699548,-1.25128
-0.699548,-1.25128
-0.699548,-1.25128
-0.731251,-1.20523
-0.735277,-1.22869
-0.788773,-1.23643
-0.801082,-1.22815
-0.785127,-1.25194
-0.818956,-1.20802
-0.761783,-1.25149
-0.681237,-1.25692
-0.681237,-1.25692
-0.701792,-1.28547
-0.710343,-1.30595
-0.684931,-1.22578
-0.679341,-1.25504
-0.679341,-1.25504
-0.679341,-1.25504
-0.71314,-1.22515
-0.750179,-1.19658
-0.758455,-1.19038
-0.758455,-1.19038
-0.758455,-1.19038
-0.758455,-1.19038
-0.758455,-1.19038
-0.729471,-1.23058
-0.729471,-1.23058
-0.766026,-1.2371
-0.746552,-1.22406
-0.701978,-1.24697
-0.774381,-1.2927
-0.718188,-1.27718
-0.758475,-1.26187
-0.758475,-1.26187
-0.758475,-1.26187
-0.758475,-1.26187
-0.816719,-1.25748
-0.79098,-1.32549
-0.782512,-1.32298
-0.782512,-1.32298
-0.809001,-1.29589
-0.805391,-1.29107
-0.805391,-1.29107
-0.805391,-1.29107
-0.775383,-1.31072
-0.776273,-1.33589
-0.80531,-1.26359
-0.773117,-1.28836
-0.773117,-1.28836
-0.829978,-1.2685
-0.829978,-1.2685
-0.852032,-1.31677
-0.852032,-1.31677
-0.828209,-1.36758
-0.84228,-1.29536
-0.866289,-1.27815
-0.861505,-1.29622
-0.865625,-1.29572
-0.882189,-1.28008
-0.882189,-1.28008
-0.864067,-1.27648
-0.811477,-1.28406
-0.811477,-1.28406
-0.811477,-1.28406
-0.807503,-1.2882
-0.784509,-1.29052
-0.773344,-1.17432
-0.790598,-1.22447
-0.860064,-1.22531
-0.82946,-1.2335
-0.82946,-1.2335
-0.77747,-1.20317
-0.777295,-1.24422
-0.777295,-1.24422
-0.777295,-1.24422
-0.777295,-1.24422
-0.749793,-1.22971
-0.749793,-1.22971
-0.749793,-1.22971
-0.756714,-1.20802
-0.76865,-1.20988
-0.76865,-1.20988
-0.749683,-1.17902
-0.734686,-1.20974
-0.730415,-1.14967
-0.700336,-1.15613
-0.66715,-1.12167
-0.66715,-1.12167
-0.66715,-1.12167
-0.657864,-1.13221
-0.700702,-1.18477
-0.732929,-1.13792
-0.725633,-1.13258
-0.725633,-1.13258
-0.725633,-1.13258
-0.725633,-1.13258
-0.72842,-1.15817
-0.72842,-1.15817
-0.72842,-1.15817
-0.72842,-1.15817
-0.734946,-1.13266
-0.725909,-1.14393
-0.709708,-1.18042
-0.709708,-1.18042
-0.709708,-1.18042
-0.650546,-1.14393
-0.68774,-1.15511
-0.68774,-1.15511
-0.648937,-1.16989
-0.661334,-1.16223
-0.661334,-1.16223
-0.657482,-1.19041
-0.639794,-1.19475
-0.639794,-1.19475
-0.633757,-1.23569
-0.649072,-1.19553
-0.649072,-1.19553
-0.658851,-1.1709
-0.648582,-1.137
-0.648582,-1.137
-0.665104,-1.14869
-0.642561,-1.0958
-0.642561,-1.0958
-0.656283,-1.12577
-0.671981,-1.12199
-0.671981,-1.12199
-0.682859,-1.08901
-0.676361,-1.11501
-0.676361,-1.11501
-0.676361,-1.11501
-0.644341,-1.15759
-0.644341,-1.15759
-0.644341,-1.15759
-0.644341,-1.15759
-0.644341,-1.15759
-0.675449,-1.18701
-0.675449,-1.18701
-0.667878,-1.15777
-0.676601,-1.17763
-0.686191,-1.14133
-0.686191,-1.14133
-0.727403,-1.14152
-0.720539,-1.13494
-0.697719,-1.11195
-0.752801,-1.08697
-0.760703,-1.05566
-0.760703,-1.05566
-0.760703,-1.05566
-0.760703,-1.05566
-0.760703,-1.05566
-0.77771,-1.0735
-0.792623,-1.08896
-0.792623,-1.08896
-0.705897,-1.11095
-0.710699,-1.08472
-0.719046,-1.09133
-0.752284,-1.12143
-0.752284,-1.12143
-0.745213,-1.12656
-0.788207,-1.1355
-0.752959,-1.12444
-0.757439,-1.11143
-0.739717,-1.07334
-0.745758,-1.08849
-0.749971,-1.10685
-0.749971,-1.10685
-0.749971,-1.10685
-0.728387,-1.19012
-0.730431,-1.15526
-0.736066,-1.14742
-0.732385,-1.17931
-0.742846,-1.19412
-0.742846,-1.19412
-0.709299,-1.18199
-0.726884,-1.1645
-0.74391,-1.16722
-0.722851,-1.17053
-0.722851,-1.17053
-0.670784,-1.18208
-0.670784,-1.18208
-0.670784,-1.18208
-0.701544,-1.18985
-0.701544,-1.18985
-0.679295,-1.21699
-0.684557,-1.21178
-0.684557,-1.21178
-0.694679,-1.23554
-0.694679,-1.23554
-0.694679,-1.23554
-0.693234,-1.22932
-0.693234,-1.22932
-0.726107,-1.21883
-0.660645,-1.2449
-0.682115,-1.2769
-0.687212,-1.25728
-0.696385,-1.26358
-0.696385,-1.26358
-0.702026,-1.28652
-0.71453,-1.27211
-0.71453,-1.27211
-0.653253,-1.29872
-0.645567,-1.29322
-0.645567,-1.29322
-0.620864,-1.26214
-0.608141,-1.251
-0.675162,-1.25194
-0.675162,-1.25194
-0.644738,-1.2895
-0.644738,-1.2895
-0.644738,-1.2895
-0.686544,-1.29651
-0.686544,-1.29651
-0.686544,-1.29651
-0.686544,-1.29651
-0.686544,-1.29651
-0.67192,-1.28026
-0.67192,-1.28026
-0.643258,-1.28627
-0.632568,-1.28209
-0.571731,-1.28802
-0.571731,-1.28802
-0.571731,-1.28802
-0.597842,-1.31192
-0.613289,-1.32288
-0.592705,-1.34991
-0.63081,-1.3238
-0.576516,-1.30102
-0.649946,-1.29537
-0.65242,-1.27271
-0.653887,-1.24597
-0.657943,-1.30134
-0.645283,-1.33181
-0.645283,-1.33181
-0.645283,-1.33181
-0.645283,-1.33181
-0.645283,-1.33181
-0.645283,-1.33181
-0.645283,-1.33181
-0.645283,-1.33181
-0.645283,-1.33181
-0.603063,-1.33941
-0.605676,-1.31764
-0.619277,-1.33578
-0.662802,-1.29611
-0.662802,-1.29611
-0.673267,-1.28126
-0.673267,-1.28126
-0.668023,-1.26192
-0.643698,-1.24701
-0.700429,-1.24183
-0.700429,-1.24183
-0.637287,-1.21834
-0.637287,-1.21834
-0.672083,-1.24026
-0.707497,-1.21565
-0.742935,-1.2201
-0.737738,-1.20656
-0.737738,-1.20656
-0.737738,-1.20656
-0.783996,-1.22089
-0.783996,-1.22089
-0.747022,-1.20845
-0.747022,-1.20845
-0.793844,-1.17518
-0.854425,-1.13653
-0.82498,-1.13414
-0.82498,-1.13414
-0.838539,-1.09583
-0.821066,-1.10196
-0.821066,-1.10196
-0.77988,-1.09353
-0.77988,-1.09353
-0.815566,-1.07671
-0.780032,-1.06898
-0.780032,-1.06898
-0.772839,-1.03544
-0.772839,-1.03544
-0.772839,-1.03544
-0.797934,-1.02225
-0.783914,-1.02361
-0.809939,-1.03649
-0.82779,-1.03679
-0.890736,-1.03418
-0.849577,-1.03345
-0.897945,-1.05812
-0.90067,-1.06002
-0.90067,-1.06002
-0.8696,-1.05712
-0.8696,-1.05712
-0.8696,-1.05712
-0.8696,-1.05712
-0.870748,-1.04864
-0.870748,-1.04864
-0.875141,-1.05079
-0.934446,-1.02352
-0.934446,-1.02352
-0.974244,-1.00317
-0.974244,-1.00317
-0.9984,-1.01432
-0.9984,-1.01432
-0.945545,-0.924833
-0.945545,-0.924833
-0.945545,-0.924833
-0.952346,-0.93822
-0.954151,-0.961024
-0.954151,-0.961024
-0.954151,-0.961024
-0.954151,-0.961024
-0.9704,-0.933135
-0.9704,-0.933135
-0.9704,-0.933135
-0.95851,-0.906779
-0.944948,-0.929642
-1.01533,-0.938787
-1.01533,-0.938787
-1.01533,-0.938787
-1.03366,-0.911738
-1.03366,-0.911738
-1.03366,-0.911738
-1.03366,-0.911738
-0.98916,-0.947261
-1.00607,-0.936481
-1.00607,-0.936481
-0.993584,-0.97802
-0.993584,-0.97802
-0.978847,-0.989907
-0.985775,-1.01412
-0.985775,-1.01412
-0.956019,-1.04369
-0.956019,-1.04369
-0.987845,-1.01261
-0.99703,-1.00118
-0.997474,-1.03434
-0.934727,-1.04896
-0.934727,-1.04896
-0.934727,-1.04896
-0.907688,-1.04777
-0.907688,-1.04777
-0.870091,-1.0245
-0.870091,-1.0245
-0.870091,-1.0245
-0.870091,-1.0245
-0.895974,-1.03713
-0.895974,-1.03713
-0.895974,-1.03713
-0.858076,-1.06877
-0.857641,-1.04502
-0.893255,-1.03491
-0.893255,-1.03491
-0.893255,-1.03491
-0.910261,-1.01578
-0.917396,-1.01103
-0.917396,-1.01103
-0.917396,-1.01103
-0.88855,-1.00621
-0.88855,-1.00621
-0.91461,-0.961436
-0.91461,-0.961436
-0.881964,-0.965973
-0.89884,-0.978245
-0.882592,-0.944584
-0.882592,-0.944584
-0.903201,-0.93057
-0.909118,-0.929667
-0.853298,-0.925356
-0.869788,-0.914926
-0.848122,-0.917835
-0.809607,-0.908912
-0.851963,-0.913084
-0.851963,-0.913084
-0.889303,-0.927565
-0.90926,-0.945512
-0.902562,-0.888482
-0.846177,-0.871057
-0.882193,-0.89934
-0.882193,-0.89934
-0.863054,-0.895444
-0.850584,-0.887257
-0.850584,-0.887257
-0.874276,-0.909605
-0.874276,-0.909605
-0.885115,-0.897935
-0.852374,-0.862171
-0.859444,-0.853684
-0.86022,-0.847042
-0.86022,-0.847042
-0.914072,-0.832149
-0.925367,-0.85909
-0.936541,-0.84612
-1.0073,-0.825094
-1.0073,-0.825094
-1.0073,-0.825094
-0.982736,-0.797151
-0.982736,-0.797151
-0.986528,-0.820358
-1.01929,-0.773719
-1.01442,-0.757463
-1.00924,-0.753076
-0.970697,-0.766464
-0.998312,-0.782764
-1.02621,-0.79554
-0.992939,-0.825585
-0.964405,-0.839321
-1.00412,-0.806317
-1.00412,-0.806317
-1.0008,-0.834351
-1.02661,-0.789721
-1.03745,-0.773649
-1.02849,-0.748168
-1.02849,-0.748168
-1.03794,-0.736825
-1.03794,-0.736825
-1.03794,-0.736825
-1.03794,-0.736825
-1.03366,-0.770468
-1.05377,-0.773134
-1.07208,-0.75529
-1.11332,-0.670967
-1.11332,-0.670967
-1.13037,-0.653899
-1.11968,-0.686756
-1.11968,-0.686756
-1.11968,-0.686756
-1.11968,-0.686756
-1.16076,-0.737769
-1.16076,-0.737769
-1.11947,-0.769072
-1.11947,-0.769072
-1.11947,-0.769072
-1.11996,-0.74626
-1.0993,-0.668102
-1.0993,-0.668102
-1.11593,-0.652897
-1.12542,-0.617812
-1.09253,-0.645764
-1.11464,-0.64139
-1.12315,-0.679452
-1.12315,-0.679452
-1.12315,-0.679452
-1.12315,-0.679452
-1.12315,-0.679452
-1.12315,-0.679452
-1.12315,-0.679452
-1.12183,-0.646534
-1.12183,-0.646534
-1.12183,-0.646534
-1.11246,-0.652316
-1.11246,-0.652316
-1.11246,-0.652316
-1.11246,-0.652316
-1.1012,-0.623012
-1.15659,-0.625521
-1.15659,-0.625521
-1.15659,-0.625521
-1.15659,-0.625521
-1.12076,-0.66001
-1.11191,-0.691492
-1.03976,-0.694859
-1.0861,-0.707781
-1.05953,-0.771554
-1.04585,-0.705814
-1.03569,-0.698932
-1.04042,-0.705093
-1.02183,-0.720748
-1.04208,-0.738076
-1.02906,-0.722835
-1.0452,-0.679306
-1.0452,-0.679306
-1.02577,-0.661339
-1.06052,-0.681301
-1.06052,-0.681301
-1.06052,-0.681301
-1.07931,-0.674385
-1.07931,-0.674385
-1.06025,-0.685142
-1.06025,-0.685142
-1.06025,-0.685142
-1.09488,-0.746623
-1.04564,-0.787366
-1.04564,-0.787366
-1.07837,-0.770103
-1.1154,-0.752261
-1.14475,-0.721333
-1.16017,-0.711051
-1.16017,-0.711051
-1.16017,-0.711051
-1.162,-0.769802
-1.14686,-0.785367
-1.14686,-0.785367
-1.12986,-0.838762
-1.1312,-0.835711
-1.15328,-0.820032
-1.14185,-0.77941
-1.13727,-0.766434
-1.13727,-0.766434
-1.18452,-0.761401
-1.18452,-0.761401
-1.18452,-0.761401
-1.18493,-0.750212
-1.18493,-0.750212
-1.18383,-0.698437
-1.24412,-0.63344
-1.24412,-0.63344
-1.2242,-0.650384
-1.22987,-0.652968
-1.25361,-0.645228
-1.25361,-0.645228
-1.32129,-0.624045
-1.32813,-0.546288
-1.32902,-0.568321
-1.35171,-0.536448
-1.33392,-0.477888
-1.31576,-0.483097
-1.31576,-0.483097
-1.2936,-0.476896
-1.31536,-0.514662
-1.28919,-0.558991
-1.27429,-0.594275
-1.27372,-0.553256
-1.29474,-0.518248
-1.29474,-0.518248
-1.25616,-0.528412
-1.19665,-0.552812
-1.19665,-0.552812
-1.19665,-0.552812
-1.19665,-0.552812
-1.20729,-0.56258
-1.25615,-0.533872
-1.21796,-0.505161
-1.21796,-0.505161
-1.23768,-0.502358
-1.23343,-0.452935
-1.23343,-0.452935
-1.23343,-0.452935
-1.26228,-0.393678
-1.26211,-0.404713
-1.28761,-0.444856
-1.2669,-0.43652
-1.23327,-0.450434
-1.22008,-0.482451
-1.22008,-0.482451
-1.21101,-0.533801
-1.2113,-0.48431
-1.2113,-0.48431
-1.22024,-0.481484
-1.22016,-0.462225
-1.22016,-0.462225
-1.22016,-0.462225
-1.21335,-0.467749
-1.21335,-0.467749
-1.21335,-0.467749
-1.21037,-0.507429
-1.21037,-0.507429
-1.21037,-0.507429
-1.19611,-0.501349
-1.19611,-0.501349
-1.19855,-0.529429
-1.19855,-0.529429
-1.20132,-0.616189
-1.20132,-0.616189
-1.1854,-0.616068
-1.17701,-0.705355
-1.17555,-0.723382
-1.23737,-0.726653
-1.23737,-0.726653
-1.23737,-0.726653
-1.24041,-0.722224
-1.22348,-0.720751
-1.20074,-0.775313
-1.20074,-0.775313
-1.20074,-0.775313
-1.23699,-0.74228
-1.24567,-0.786245
-1.17601,-0.753554
-1.17601,-0.753554
-1.14149,-0.763924
-1.14149,-0.763924
-1.14716,-0.759608
-1.1383,-0.802544
-1.1383,-0.802544
-1.1383,-0.802544
-1.1383,-0.802544
-1.11619,-0.820384
-1.1016,-0.812265
-1.13219,-0.84369
-1.13725,-0.835342
-1.10425,-0.833384
-1.07945,-0.847544
-1.12376,-0.836532
-1.11028,-0.909584
-1.12505,-0.86661
-1.13124,-0.853098
-1.08378,-0.851812
-1.08378,-0.851812
-1.06575,-0.867178
-1.06575,-0.867178
-1.10239,-0.883314
-1.03612,-0.897406
-1.03612,-0.897406
-0.994033,-0.907424
-0.994033,-0.907424
-0.994033,-0.907424
-0.994033,-0.907424
-0.994033,-0.907424
-0.994033,-0.907424
-1.00895,-0.900257
-1.04354,-0.873158
-1.04501,-0.810912
-1.04501,-0.810912
-1.04707,-0.839209
-1.06749,-0.843363
-1.09535,-0.785797
-1.0664,-0.816875
-1.06979,-0.83936
-1.12506,-0.789774
-1.12506,-0.789774
-1.10337,-0.84021
-1.14125,-0.85988
-1.14125,-0.85988
-1.14125,-0.85988
-1.10869,-0.858376
-1.08817,-0.853502
-1.07515,-0.852204
-1.07515,-0.852204
-1.10764,-0.84274
-1.08176,-0.909534
-1.11322,-0.874018
-1.11322,-0.874018
-1.11322,-0.874018
-1.11312,-0.886376
-1.14095,-0.835301
-1.14095,-0.835301
-1.16024,-0.821525
-1.16024,-0.821525
-1.1229,-0.836017
-1.1229,-0.836017
-1.11524,-0.819172
-1.14367,-0.767942
-1.14367,-0.767942
-1.19323,-0.791572
-1.15406,-0.771804
-1.16482,-0.779057
-1.14872,-0.771677
-1.14872,-0.771677
-1.14872,-0.771677
-1.13813,-0.758179
-1.13813,-0.758179
-1.11949,-0.75566
-1.11949,-0.75566
-1.11949,-0.75566
-1.11949,-0.75566
-1.12216,-0.772822
-1.07796,-0.823175
-1.10668,-0.824159
-1.10668,-0.824159
-1.1321,-0.792432
-1.1321,-0.792432
-1.12312,-0.858013
-1.12312,-0.858013
-1.08454,-0.815762
-1.08454,-0.815762
-1.14452,-0.797732
-1.11075,-0.836821
-1.13578,-0.857058
-1.05849,-0.864742
-1.04573,-0.869447
-1.05876,-0.896731
-1.02821,-0.903752
-1.02821,-0.903752
-1.00497,-0.938184
-1.02652,-0.924912
-1.02522,-0.911966
-1.01384,-0.903087
-0.996732,-0.896658
-1.01293,-0.894333
-1.01293,-0.894333
-1.01293,-0.894333
-1.01293,-0.894333
-1.03237,-0.91785
-1.04017,-0.899845
-1.03661,-0.86898
-1.02872,-0.854374
-1.03519,-0.873763
-1.03519,-0.873763
-0.984705,-0.837627
-0.95883,-0.87818
-0.95883,-0.87818
-0.95883,-0.87818
-0.987287,-0.897621
-0.987287,-0.897621
-0.982034,-0.884991
-1.03488,-0.880173
-1.03488,-0.880173
-1.03403,-0.813526
-1.03403,-0.813526
-1.04866,-0.782632
-1.05819,-0.795483
-1.0928,-0.802058
-1.08167,-0.775609
-1.0908,-0.759036
-1.0908,-0.759036
-1.0561,-0.760456
-1.0561,-0.760456
-1.07338,-0.735666
-1.0828,-0.7098
-1.15213,-0.717238
-1.1583,-0.694362
-1.14581,-0.712542
-1.08846,-0.735356
-1.09626,-0.768505
-1.18562,-0.758433
-1.15784,-0.738527
-1.15784,-0.738527
-1.15784,-0.738527
-1.16429,-0.714584
-1.20962,-0.695683
-1.21017,-0.70368
-1.21017,-0.70368
-1.21771,-0.69345
-1.22727,-0.69513
-1.21021,-0.718085
-1.16695,-0.669613
-1.2364,-0.715843
-1.23391,-0.701536
-1.20754,-0.699595
-1.20754,-0.699595
-1.15562,-0.684393
-1.15562,-0.684393
-1.1568,-0.707648
-1.13502,-0.733219
-1.1856,-0.733802
-1.1856,-0.733802
-1.1856,-0.733802
-1.18233,-0.752199
-1.18233,-0.752199
-1.15122,-0.761857
-1.1457,-0.775511
-1.11987,-0.718191
-1.11987,-0.718191
-1.11987,-0.718191
-1.11182,-0.695617
-1.11182,-0.695617
-1.11336,-0.715889
-1.17045,-0.712648
-1.17045,-0.712648
-1.13438,-0.742864
-1.12498,-0.731925
-1.08367,-0.745834
-1.1306,-0.717624
-1.10313,-0.687428
-1.08195,-0.646516
-1.11983,-0.609051
-1.11983,-0.609051
-1.11983,-0.609051
-1.113,-0.658775
-1.14021,-0.670023
-1.13128,-0.620763
-1.13128,-0.620763
-1.21047,-0.64018
-1.21047,-0.64018
-1.18129,-0.635184
-1.1954,-0.622794
-1.1954,-0.622794
-1.1954,-0.622794
-1.1954,-0.622794
-1.17831,-0.588992
-1.16551,-0.608445
-1.17455,-0.597476
-1.18169,-0.608029
-1.19894,-0.541309
-1.20475,-0.52258
-1.21776,-0.551146
-1.21776,-0.551146
-1.1981,-0.590158
-1.1981,-0.590158
-1.1981,-0.590158
-1.17617,-0.561484
-1.12595,-0.609654
-1.12595,-0.609654
-1.13742,-0.545839
-1.13742,-0.545839
-1.17722,-0.613654
-1.15226,-0.599572
-1.18377,-0.601146
-1.18377,-0.601146
-1.18377,-0.601146
-1.18377,-0.601146
-1.20164,-0.595873
-1.18078,-0.576016
-1.19625,-0.594986
-1.17948,-0.562587
-1.17948,-0.562587
-1.16901,-0.596014
-1.16901,-0.596014
-1.20619,-0.623736
-1.15807,-0.659135
-1.14,-0.635219
-1.14,-0.635219
-1.14,-0.635219
-1.17966,-0.577281
-1.2221,-0.582508
-1.2221,-0.582508
-1.2221,-0.582508
-1.16276,-0.619117
-1.19112,-0.641291
-1.19112,-0.641291
-1.1196,-0.63307
-1.09867,-0.625794
-1.11501,-0.633254
-1.10305,-0.593109
-1.1089,-0.586842
-1.1089,-0.586842
-1.1089,-0.586842
-1.12254,-0.599032
-1.12632,-0.584951
-1.12632,-0.584951
-1.12632,-0.584951
-1.14868,-0.582197
-1.14868,-0.582197
-1.13066,-0.579955
-1.13066,-0.579955
-1.14375,-0.595493
-1.15561,-0.576878
-1.19267,-0.548259
-1.19853,-0.503475
-1.1867,-0.519202
-1.1867,-0.519202
-1.19036,-0.503309
-1.24248,-0.444477
-1.24248,-0.444477
-1.21236,-0.454303
-1.21236,-0.454303
-1.23434,-0.477326
-1.23941,-0.480703
-1.23941,-0.480703
-1.23625,-0.521466
-1.23625,-0.521466
-1.24468,-0.551282
-1.18524,-0.549332
-1.16556,-0.48852
-1.13609,-0.486146
-1.12242,-0.494422
-1.12297,-0.507236
-1.10932,-0.481625
-1.1195,-0.466245
-1.1257,-0.474023
-1.1257,-0.474023
-1.1257,-0.474023
-1.1257,-0.474023
-1.1257,-0.474023
-1.16531,-0.486838
-1.17638,-0.515076
-1.2184,-0.552945
-1.2184,-0.552945
-1.20614,-0.581455
-1.20098,-0.588832
-1.14936,-0.582715
-1.15882,-0.599598
-1.15882,-0.599598
-1.13662,-0.58948
-1.19469,-0.569663
-1.18533,-0.525235
-1.18533,-0.525235
-1.16421,-0.532534
-1.18545,-0.512662
-1.15413,-0.509868
-1.15413,-0.509868
-1.17019,-0.52074
-1.17019,-0.52074
-1.18766,-0.497398
-1.20135,-0.503289
-1.20135,-0.503289
-1.18182,-0.439179
-1.15728,-0.439183
-1.162,-0.449089
-1.162,-0.449089
-1.15185,-0.488636
-1.15701,-0.434896
-1.15811,-0.491372
-1.16769,-0.546258
-1.17161,-0.491122
-1.19446,-0.518679
-1.17209,-0.526968
-1.17209,-0.526968
-1.17209,-0.526968
-1.16669,-0.55566
-1.18707,-0.502948
-1.18707,-0.502948
-1.19574,-0.505988
-1.24456,-0.548203
-1.24456,-0.548203
-1.22258,-0.514841
-1.22258,-0.514841
-1.22258,-0.514841
-1.2306,-0.487884
-1.20927,-0.48378
-1.20892,-0.441417
-1.2091,-0.445171
-1.21932,-0.435761
-1.21932,-0.435761
-1.25763,-0.368648
-1.28328,-0.409473
-1.29492,-0.420573
-1.33025,-0.365232
-1.32092,-0.320318
-1.32092,-0.320318
-1.32092,-0.320318
-1.29091,-0.367019
-1.30568,-0.410281
-1.25325,-0.464883
-1.24375,-0.515199
-1.23651,-0.513659
-1.26046,-0.507153
-1.28116,-0.50257
-1.27457,-0.44373
-1.27485,-0.41353
-1.28514,-0.401486
-1.26929,-0.39449
-1.26929,-0.39449
-1.26929,-0.39449
-1.32672,-0.338975
-1.35041,-0.337412
-1.35041,-0.337412
-1.33595,-0.323839
-1.35769,-0.304396
-1.32429,-0.316345
-1.32429,-0.316345
-1.28296,-0.326665
-1.30369,-0.283727
-1.30369,-0.283727
-1.2751,-0.246762
-1.28287,-0.251156
-1.28287,-0.251156
-1.28287,-0.251156
-1.25767,-0.305855
-1.25767,-0.305855
-1.25767,-0.305855
-1.25767,-0.305855
-1.26781,-0.286401
-1.26781,-0.286401
-1.26781,-0.286401
-1.2415,-0.334565
-1.2415,-0.334565
-1.2269,-0.383906
-1.22683,-0.425264
-1.22683,-0.425264
-1.22683,-0.425264
-1.24383,-0.438312
-1.21817,-0.455779
-1.21669,-0.450845
-1.19269,-0.470319
-1.1852,-0.467068
-1.22923,-0.479701
-1.1787,-0.464724
-1.12976,-0.487997
-1.14359,-0.524808
-1.14359,-0.524808
-1.16401,-0.539717
-1.16401,-0.539717
-1.1298,-0.547661
-1.15209,-0.582341
-1.15209,-0.582341
-1.15209,-0.582341
-1.15209,-0.582341
-1.11245,-0.643033
-1.11245,-0.643033
-1.10448,-0.687978
-1.12137,-0.689741
-1.07971,-0.743869
-1.08779,-0.719327
-1.08779,-0.719327
-1.07074,-0.757359
-1.07074,-0.757359
-1.03925,-0.724588
-1.04189,-0.746097
-1.0261,-0.723733
-1.0261,-0.723733
-1.05619,-0.726291
-1.02365,-0.718477
-0.995983,-0.723196
-0.995983,-0.723196
-0.995983,-0.723196
-1.03803,-0.780805
-1.06586,-0.801897
-1.06586,-0.801897
-1.06586,-0.801897
-1.07977,-0.765035
-1.08051,-0.737772
-1.06313,-0.745027
-1.05345,-0.81595
-1.04048,-0.814875
-1.0588,-0.831418
-1.04379,-0.839478
-1.04379,-0.839478
-1.01942,-0.830923
-1.00238,-0.87933
-1.00238,-0.87933
-0.998599,-0.880136
-0.992211,-0.865486
-1.00064,-0.866244
-0.973344,-0.847789
-0.962731,-0.854584
-0.962731,-0.854584
-0.925987,-0.866639
-0.919051,-0.848346
-0.936093,-0.859083
-0.932343,-0.876335
-0.898465,-0.854888
-0.898465,-0.854888
-0.900784,-0.892271
-0.900784,-0.892271
-0.900784,-0.892271
-0.900784,-0.892271
-0.894825,-0.891855
-0.894825,-0.891855
-0.87182,-0.919391
-0.87182,-0.919391
-0.819008,-0.93443
-0.84451,-0.999116
-0.84451,-0.999116
-0.865356,-0.978255
-0.865356,-0.978255
-0.873202,-0.953126
-0.873202,-0.953126
-0.84861,-0.943495
-0.838446,-0.932727
-0.92391,-0.965401
-0.862714,-0.962808
-0.878917,-0.882581
-0.877334,-0.911172
-0.892444,-0.888847
-0.902395,-0.882044
-0.865396,-0.905552
-0.874311,-0.869487
-0.882786,-0.88813
-0.891579,-0.887135
-0.891579,-0.887135
-0.871844,-0.884031
-0.91632,-0.83894
-0.929848,-0.897639
-0.931062,-0.905096
-0.90325,-0.896175
-0.919517,-0.901748
-0.910061,-0.913311
-0.910061,-0.913311
-0.910061,-0.913311
-0.910061,-0.913311
-0.910061,-0.913311
-0.871033,-0.962724
-0.871033,-0.962724
-0.853174,-0.906091
-0.787218,-0.906768
-0.787218,-0.906768
-0.781741,-0.942949
-0.789876,-0.971214
-0.787594,-0.925982
-0.787594,-0.925982
-0.834306,-0.888594
-0.869056,-0.89872
-0.869056,-0.89872
-0.918544,-0.873155
-0.907902,-0.858735
-0.907902,-0.858735
-0.90776,-0.850911
-0.920809,-0.856308
-0.971704,-0.841103
-0.98499,-0.817369
-0.98499,-0.817369
-1.02787,-0.813261
-1.01349,-0.862193
-1.00785,-0.843324
-1.0305,-0.870756
-1.06237,-0.834719
-1.0578,-0.801734
-1.00445,-0.81002
-1.00445,-0.81002
-1.00445,-0.81002
-1.00772,-0.856107
-1.02949,-0.845769
-1.02949,-0.845769
-1.02163,-0.843887
-1.02071,-0.847114
-1.02071,-0.847114
-0.931116,-0.919911
-0.896113,-0.922677
-0.932111,-0.940606
-0.936623,-0.924327
-0.936623,-0.924327
-0.922824,-0.916529
-0.922824,-0.916529
-0.922824,-0.916529
-0.922824,-0.916529
-0.922824,-0.916529
-0.964296,-0.911145
-0.964296,-0.911145
-0.964296,-0.911145
-0.964296,-0.911145
-0.897288,-0.916283
-0.923713,-0.976717
-0.923713,-0.976717
-0.945917,-1.0014
-0.940822,-1.02441
-0.953124,-0.993522
-0.913481,-0.958337
-0.913481,-0.958337
-0.892539,-0.978962
-0.879064,-1.00977
-0.905045,-0.975222
-0.906829,-0.975962
-0.89249,-0.939392
-0.864305,-0.969307
-0.864305,-0.969307
-0.873224,-0.973589
-0.844249,-0.994559
-0.844249,-0.994559
-0.844249,-0.994559
-0.82597,-0.978031
-0.83129,-0.995465
-0.825183,-0.957879
-0.825183,-0.957879
-0.825183,-0.957879
-0.825183,-0.957879
-0.808985,-0.910106
-0.777748,-0.935054
-0.766364,-0.899202
-0.728339,-0.864369
-0.719168,-0.874934
-0.774678,-0.871792
-0.774465,-0.866326
-0.807083,-0.911691
-0.807083,-0.911691
-0.810548,-0.899759
-0.856027,-0.877885
-0.817969,-0.866685
-0.806111,-0.896823
-0.839506,-0.878256
-0.854045,-0.902518
-0.854045,-0.902518
-0.854045,-0.902518
-0.82466,-0.895896
-0.818093,-0.978532
-0.782972,-1.00985
-0.787926,-0.997002
-0.760886,-1.05098
-0.6912,-1.08157
-0.686576,-1.08256
-0.640662,-1.05767
-0.65267,-1.08768
-0.65267,-1.08768
-0.65267,-1.08768
-0.635698,-1.10721
-0.611172,-1.10664
-0.650816,-1.07979
-0.723531,-1.13428
-0.723531,-1.13428
-0.686384,-1.09626
-0.705481,-1.05453
-0.73511,-1.00148
-0.745854,-0.95301
-0.745198,-0.944041
-0.755823,-0.969924
-0.792071,-0.95381
-0.750898,-0.961349
-0.795765,-0.947166
-0.795765,-0.947166
-0.781,-0.955593
-0.781,-0.955593
-0.781,-0.955593
-0.771938,-0.986506
-0.771938,-0.986506
-0.744406,-1.0137
-0.744023,-1.00904
-0.744023,-1.00904
-0.748907,-1.041
-0.741911,-1.0557
-0.741911,-1.0557
-0.760076,-1.03999
-0.726679,-1.04668
-0.726679,-1.04668
-0.726679,-1.04668
-0.726679,-1.04668
-0.726679,-1.04668
-0.726679,-1.04668
-0.713272,-1.05414
-0.713272,-1.05414
-0.764491,-1.03062
-0.733998,-1.04046
-0.726236,-1.04762
-0.726236,-1.04762
-0.683516,-1.07427
-0.683516,-1.07427
-0.684691,-1.0537
-0.684691,-1.0537
-0.684691,-1.0537
-0.684691,-1.0537
-0.715134,-1.03785
-0.702079,-1.019
-0.716674,-0.986666
-0.708112,-1.03238
-0.733349,-0.982179
-0.746076,-1.04951
-0.746076,-1.04951
-0.726626,-1.06367
-0.726626,-1.06367
-0.726626,-1.06367
-0.726626,-1.06367
-0.757052,-1.07793
-0.75912,-1.08619
-0.777442,-1.0522
-0.777442,-1.0522
-0.818456,-1.06407
-0.850665,-1.05431
-0.850665,-1.05431
-0.845367,-1.0158
-0.849525,-1.00582
-0.85306,-1.01126
-0.867421,-0.990214
-0.867421,-0.990214
-0.867421,-0.990214
-0.917716,-0.951905
-0.944173,-0.901553
-0.948167,-0.933439
-0.962436,-0.93073
-0.952506,-0.981483
-0.975681,-0.956297
-0.986605,-0.940813
-1.05149,-0.946618
-1.05149,-0.946618
-0.99969,-0.924332
-0.996827,-0.905283
-0.948453,-0.935394
-0.948453,-0.935394
-0.934986,-0.971275
-0.934986,-0.971275
-0.89922,-0.992927
-0.935226,-0.960879
-0.961849,-0.998279
-0.961849,-0.998279
-0.929715,-1.04695
-0.881316,-1.04961
-0.881316,-1.04961
-0.881316,-1.04961
-0.93383,-1.05158
-0.93383,-1.05158
-0.971978,-1.04525
-0.971978,-1.04525
-0.971978,-1.04525
-0.971978,-1.04525
-0.995169,-1.07371
-0.995169,-1.07371
-0.995169,-1.07371
-1.01607,-1.05887
-1.01607,-1.05887
-1.00932,-1.03286
-1.00932,-1.03286
-0.997793,-1.02094
-1.02365,-1.00134
-1.0184,-1.0136
-1.02303,-1.02694
-1.03096,-1.01099
-1.05431,-1.02508
-1.04468,-0.996289
-1.04468,-0.996289
-1.09846,-0.938312
-1.08568,-1.01173
-1.05005,-0.973127
-1.05005,-0.973127
-1.05029,-0.982485
-1.05159,-0.918212
-1.02896,-0.883943
-1.05913,-0.90651
-1.12565,-0.969685
-1.12565,-0.969685
-1.08601,-0.925998
-1.08601,-0.925998
-1.08601,-0.925998
-1.11458,-0.917425
-1.11458,-0.917425
-1.15998,-0.927862
-1.15998,-0.927862
-1.16753,-0.923369
-1.1967,-0.876354
-1.19681,-0.856576
-1.20338,-0.886709
-1.20338,-0.886709
-1.16934,-0.930628
-1.16391,-0.955481
-1.12714,-0.941645
-1.12714,-0.941645
-1.12714,-0.941645
-1.12714,-0.941645
-1.14036,-0.885734
-1.1743,-0.864056
-1.1973,-0.935211
-1.1976,-0.866187
-1.18027,-0.879459
-1.18027,-0.879459
-1.16085,-0.909354
-1.15863,-0.886818
-1.1491,-0.871841
-1.10696,-0.846898
-1.10696,-0.846898
-1.10696,-0.846898
-1.18614,-0.824532
-1.19063,-0.788322
-1.19063,-0.788322
-1.1619,-0.761754
-1.16964,-0.812198
-1.14295,-0.7743
-1.16695,-0.770734
-1.12446,-0.770739
-1.10715,-0.802283
-1.09203,-0.759409
-1.09203,-0.759409
-1.12001,-0.733269
-1.12168,-0.785555
-1.12168,-0.785555
-1.11445,-0.747485
-1.16698,-0.727114
-1.16581,-0.746875
-1.16581,-0.746875
-1.16581,-0.746875
-1.16581,-0.746875
-1.17255,-0.726638
-1.18145,-0.705866
-1.15801,-0.65448
-1.18678,-0.710299
-1.18678,-0.710299
-1.18917,-0.776547
-1.18917,-0.776547
-1.18917,-0.776547
-1.18917,-0.776547
-1.18527,-0.735622
-1.18527,-0.735622
-1.18674,-0.712056
-1.19598,-0.707652
-1.2169,-0.694115
-1.2169,-0.694115
-1.20271,-0.75941
-1.20271,-0.75941
-1.25254,-0.718599
-1.25254,-0.718599
-1.20411,-0.699028
-1.19736,-0.690435
-1.19736,-0.690435
-1.19736,-0.690435
-1.22203,-0.687595
-1.22203,-0.687595
-1.22093,-0.734444
-1.22093,-0.734444
-1.20152,-0.736043
-1.20152,-0.736043
-1.21473,-0.741749
-1.21473,-0.741749
-1.21473,-0.741749
-1.23734,-0.716672
-1.20469,-0.773375
-1.20469,-0.773375
-1.20469,-0.773375
-1.22012,-0.797155
-1.24813,-0.802742
-1.24813,-0.802742
-1.24707,-0.788033
-1.24707,-0.788033
-1.22287,-0.753096
-1.22287,-0.753096
-1.22724,-0.798677
-1.22724,-0.798677
-1.22724,-0.798677
-1.24441,-0.752986
-1.16441,-0.756369
-1.16441,-0.756369
-1.1549,-0.78132
-1.13041,-0.80503
-1.08683,-0.836582
-1.08683,-0.836582
-1.08988,-0.822517
-1.08272,-0.793143
-1.02918,-0.796823
-1.02641,-0.832977
-0.967923,-0.830873
-0.975431,-0.826235
-0.975431,-0.826235
-0.975431,-0.826235
-0.975431,-0.826235
-0.968955,-0.846445
-1.00417,-0.826999
-1.01036,-0.814453
-1.01036,-0.814453
-1.01036,-0.814453
-1.01036,-0.814453
-1.01036,-0.814453
-0.990651,-0.795834
-1.02579,-0.816912
-1.02579,-0.816912
-1.01481,-0.835208
-0.9854,-0.822451
-0.9854,-0.822451
-0.983956,-0.832394
-1.00277,-0.828156
-1.00277,-0.828156
-0.987154,-0.82319
-0.987154,-0.82319
-0.950273,-0.810788
-0.950273,-0.810788
-0.950273,-0.810788
-0.940621,-0.836956
-0.947396,-0.786534
-0.937488,-0.765421
-0.957681,-0.758206
-0.957681,-0.758206
-0.929559,-0.783938
-0.929559,-0.783938
-0.929559,-0.783938
-0.900713,-0.794085
-0.900713,-0.794085
-0.927313,-0.829516
-0.905473,-0.848029
-0.905473,-0.848029
-0.878895,-0.849871
-0.878895,-0.849871
-0.899614,-0.860436
-0.88164,-0.856751
-0.878035,-0.843334
-0.893859,-0.776053
-0.919584,-0.788346
-0.889506,-0.772316
-0.934082,-0.765554
-0.934082,-0.765554
-0.934082,-0.765554
-0.934082,-0.765554
-0.94784,-0.758511
-0.952841,-0.74817
-0.934517,-0.753596
-0.987712,-0.74621
-1.00036,-0.70522
-1.01287,-0.702859
-1.01287,-0.702859
-1.01287,-0.702859
-1.02967,-0.719569
-1.05911,-0.721934
-1.05911,-0.721934
-1.05911,-0.721934
-1.05911,-0.721934
-1.0665,-0.70691
-1.0665,-0.70691
-1.07598,-0.733502
-1.07598,-0.733502
-1.03679,-0.723053
-1.05135,-0.719608
-1.08321,-0.71873
-1.08321,-0.71873
-1.08321,-0.71873
-1.0637,-0.747958
-1.05931,-0.757663
-1.05508,-0.774572
-1.05508,-0.774572
-1.07357,-0.805673
-1.11016,-0.79657
-1.11693,-0.798785
-1.11693,-0.798785
-1.08756,-0.812916
-1.08756,-0.812916
-1.08756,-0.812916
-1.08756,-0.812916
-1.1174,-0.817191
-1.1174,-0.817191
-1.1174,-0.817191
-1.1226,-0.758043
-1.1226,-0.758043
-1.15001,-0.762978
-1.14049,-0.727477
-1.14049,-0.727477
-1.11588,-0.776066
-1.09578,-0.754208
-1.12853,-0.75176
-1.1665,-0.721634
-1.18719,-0.735563
-1.18755,-0.710315
-1.18755,-0.710315
-1.19318,-0.747223
-1.19318,-0.747223
-1.17685,-0.694308
-1.17685,-0.694308
-1.21561,-0.74115
-1.16856,-0.777801
-1.16856,-0.777801
-1.21321,-0.854517
-1.21321,-0.854517
-1.21718,-0.838077
-1.21718,-0.838077
-1.17156,-0.826586
-1.21923,-0.798225
-1.20426,-0.784368
-1.20426,-0.784368
-1.16341,-0.796999
-1.21488,-0.754329
-1.21488,-0.754329
-1.21488,-0.754329
-1.22935,-0.759674
-1.23782,-0.777759
-1.23782,-0.777759
-1.23782,-0.777759
-1.23775,-0.705727
-1.24388,-0.691844
-1.24388,-0.691844
-1.24388,-0.691844
-1.26964,-0.709416
-1.23905,-0.719284
-1.18502,-0.7494
-1.22289,-0.70897
-1.21176,-0.721431
-1.13736,-0.720727
-1.13736,-0.720727
-1.13736,-0.720727
-1.16747,-0.730445
-1.16747,-0.730445
-1.16747,-0.730445
-1.16747,-0.730445
-1.16747,-0.730445
-1.16083,-0.727056
-1.15826,-0.746571
-1.21767,-0.749404
-1.21767,-0.749404
-1.21767,-0.749404
-1.19108,-0.716365
-1.17934,-0.758635
-1.17934,-0.758635
-1.17934,-0.758635
-1.18482,-0.738187
-1.18482,-0.738187
-1.20486,-0.755372
-1.20486,-0.755372
-1.22248,-0.736235
-1.19738,-0.717012
-1.19738,-0.717012
-1.18784,-0.673766
-1.15711,-0.689231
-1.1894,-0.699038
-1.1946,-0.728111
-1.13935,-0.749697
-1.13935,-0.749697
-1.11411,-0.723951
-1.11411,-0.723951
-1.11411,-0.723951
-1.11411,-0.723951
-1.11411,-0.723951
-1.10447,-0.692065
-1.09749,-0.677032
-1.08232,-0.68271
-1.08232,-0.68271
-1.14083,-0.689345
-1.14083,-0.689345
-1.14083,-0.689345
-1.18387,-0.675278
-1.17514,-0.649576
-1.16923,-0.653414
-1.17202,-0.659306
-1.19417,-0.635439
-1.19417,-0.635439
-1.19417,-0.635439
-1.19417,-0.635439
-1.1817,-0.585554
-1.17518,-0.582016
-1.17518,-0.582016
-1.18823,-0.588864
-1.18823,-0.588864
-1.18823,-0.588864
-1.18414,-0.592062
-1.15276,-0.615087
-1.18296,-0.641768
-1.18296,-0.641768
-1.18296,-0.641768
-1.14502,-0.679958
-1.13959,-0.694391
-1.13959,-0.694391
-1.18023,-0.684727
-1.18023,-0.684727
-1.18282,-0.691941
-1.20564,-0.69984
-1.15827,-0.689188
-1.15827,-0.689188
-1.15827,-0.689188
-1.15827,-0.689188
-1.17044,-0.68801
-1.17044,-0.68801
-1.1642,-0.713279
-1.20445,-0.717384
-1.17681,-0.678832
-1.12952,-0.703738
-1.12952,-0.703738
-1.13053,-0.745033
-1.13053,-0.745033
-1.14758,-0.803904
-1.14758,-0.803904
-1.14965,-0.78694
-1.15217,-0.77361
-1.11603,-0.767433
-1.11603,-0.767433
-1.11603,-0.767433
-1.11603,-0.767433
-1.14846,-0.751977
-1.13942,-0.752841
-1.09954,-0.741517
-1.09954,-0.741517
-1.08025,-0.780466
-1.08025,-0.780466
-1.08165,-0.856679
-1.08562,-0.823951
-1.09032,-0.781572
-1.11451,-0.759198
-1.14656,-0.767468
-1.17969,-0.834799
-1.16345,-0.763912
-1.16345,-0.763912
-1.19145,-0.757663
-1.20861,-0.776418
-1.20861,-0.776418
-1.22673,-0.705323
-1.17361,-0.716529
-1.1423,-0.731646
-1.19787,-0.756414
-1.14362,-0.748331
-1.15557,-0.708233
-1.15557,-0.708233
-1.10548,-0.766092
-1.09865,-0.766469
-1.09762,-0.734394
-1.1278,-0.726577
-1.1278,-0.726577
-1.1278,-0.726577
-1.16092,-0.711248
-1.16092,-0.711248
-1.18799,-0.694251
-1.18495,-0.703482
-1.18495,-0.703482
-1.18495,-0.703482
-1.18495,-0.703482
-1.23242,-0.688174
-1.23242,-0.688174
-1.24593,-0.643545
-1.24593,-0.643545
-1.20364,-0.622388
-1.23156,-0.632645
-1.23156,-0.632645
-1.22933,-0.584371
-1.23501,-0.613975
-1.25799,-0.575338
-1.22817,-0.540697
-1.23298,-0.566064
-1.30797,-0.546865
-1.30797,-0.546865
-1.26773,-0.555429
-1.26773,-0.555429
-1.29447,-0.557504
-1.29383,-0.562457
-1.30993,-0.568755
-1.23583,-0.560664
-1.19807,-0.551328
-1.18293,-0.580336
-1.18293,-0.580336
-1.1786,-0.553766
-1.18947,-0.558333
-1.1887,-0.553046
-1.1887,-0.553046
-1.19045,-0.55634
-1.19045,-0.55634
-1.17582,-0.567803
-1.17582,-0.567803
-1.1766,-0.562971
-1.1766,-0.562971
-1.21955,-0.504242
-1.21955,-0.504242
-1.16759,-0.514564
-1.24017,-0.532862
-1.21902,-0.515941
-1.21902,-0.515941
-1.19583,-0.544981
-1.20698,-0.531726
-1.20038,-0.547488
-1.22062,-0.524383
-1.22062,-0.524383
-1.16864,-0.503674
-1.16864,-0.503674
-1.16864,-0.503674
-1.18672,-0.549
-1.18672,-0.549
-1.18672,-0.549
-1.19159,-0.5638
-1.18016,-0.5736
-1.17736,-0.5531
-1.20108,-0.548845
-1.20108,-0.548845
-1.1759,-0.524862
-1.21014,-0.533116
-1.16385,-0.536854
-1.1999,-0.567311
-1.18717,-0.592363
-1.18717,-0.592363
-1.18717,-0.592363
-1.1674,-0.595706
-1.17416,-0.65872
-1.18876,-0.602184
-1.21633,-0.592954
-1.22246,-0.605705
-1.21972,-0.550123
-1.21972,-0.550123
-1.21972,-0.550123
-1.21457,-0.573682
-1.21457,-0.573682
-1.19844,-0.549934
-1.22393,-0.539196
-1.18842,-0.521765
-1.18842,-0.521765
-1.18842,-0.521765
-1.16228,-0.576666
-1.16958,-0.571961
-1.17345,-0.638995
-1.18601,-0.548591
-1.17824,-0.569865
-1.16608,-0.596383
-1.14633,-0.59876
-1.14633,-0.59876
-1.14633,-0.59876
-1.20796,-0.56613
-1.20317,-0.562547
-1.20528,-0.582651
-1.20528,-0.582651
-1.20528,-0.582651
-1.24265,-0.586914
-1.24725,-0.594487
-1.24725,-0.594487
-1.24725,-0.594487
-1.20173,-0.573419
-1.19568,-0.587181
-1.19568,-0.587181
-1.19502,-0.555138
-1.18864,-0.559797
-1.18864,-0.559797
-1.20981,-0.553036
-1.2365,-0.580443
-1.2365,-0.580443
-1.22353,-0.577896
-1.20589,-0.592716
-1.22548,-0.551112
-1.26414,-0.53417
-1.26414,-0.53417
-1.21573,-0.5212
-1.20208,-0.541036
-1.20208,-0.541036
-1.20208,-0.541036
-1.24562,-0.490024
-1.25377,-0.491168
-1.24024,-0.470066
-1.20223,-0.480833
-1.23202,-0.458915
-1.25128,-0.471418
-1.21586,-0.432772
-1.23164,-0.420126
-1.19221,-0.458083
-1.21754,-0.454708
-1.23743,-0.508239
-1.23743,-0.508239
-1.21432,-0.526316
-1.21432,-0.526316
-1.21432,-0.526316
-1.21432,-0.526316
-1.22284,-0.52315
-1.22181,-0.535302
-1.22181,-0.535302
-1.19097,-0.554345
-1.19097,-0.554345
-1.206,-0.491297
-1.206,-0.491297
-1.19106,-0.475548
-1.22744,-0.472728
-1.22744,-0.472728
-1.23422,-0.476407
-1.27845,-0.471065
-1.24266,-0.459961
-1.24266,-0.459961
-1.26519,-0.487346
-1.26997,-0.490863
-1.26997,-0.490863
-1.27713,-0.484757
-1.27713,-0.484757
-1.27713,-0.484757
-1.27713,-0.484757
-1.30209,-0.431995
-1.30419,-0.463329
-1.30419,-0.463329
-1.30416,-0.432409
-1.2785,-0.450571
-1.2785,-0.450571
-1.2785,-0.450571
-1.23111,-0.426545
-1.26252,-0.414061
-1.24945,-0.421262
-1.24945,-0.421262
-1.28561,-0.400762
-1.28561,-0.400762
-1.28561,-0.400762
-1.32646,-0.379528
-1.30771,-0.351324
-1.32747,-0.374629
-1.32747,-0.374629
-1.32747,-0.374629
-1.28447,-0.345421
-1.26773,-0.341723
-1.26773,-0.341723
-1.26773,-0.341723
-1.26266,-0.410861
-1.26266,-0.410861
-1.25806,-0.397637
-1.25806,-0.397637
-1.31198,-0.358819
-1.34764,-0.395225
-1.34764,-0.395225
-1.34036,-0.375504
-1.28442,-0.383093
-1.28442,-0.383093
-1.29133,-0.374271
-1.24741,-0.425246
-1.24741,-0.425246
-1.24497,-0.487276
-1.26054,-0.495628
-1.26931,-0.433254
-1.23877,-0.472383
-1.23877,-0.472383
-1.28273,-0.479164
-1.24508,-0.517469
-1.24508,-0.517469
-1.2513,-0.497116
-1.25952,-0.448618
-1.20342,-0.465812
-1.24669,-0.445778
-1.24669,-0.445778
-1.24669,-0.445778
-1.24669,-0.445778
-1.214,-0.469268
-1.22047,-0.461686
-1.22047,-0.461686
-1.21261,-0.422631
-1.21261,-0.422631
-1.25519,-0.39263
-1.25519,-0.39263
-1.25519,-0.39263
-1.25404,-0.422997
-1.23715,-0.406066
-1.27784,-0.339518
-1.27784,-0.339518
-1.24842,-0.33338
-1.24131,-0.331748
-1.24131,-0.331748
-1.26994,-0.291312
-1.2691,-0.274631
-1.25502,-0.209734
-1.25502,-0.209734
-1.25502,-0.209734
-1.24254,-0.168214
-1.22026,-0.168796
-1.22026,-0.168796
-1.21854,-0.159693
-1.24468,-0.134368
-1.24468,-0.134368
-1.24468,-0.134368
-1.24468,-0.134368
-1.24468,-0.134368
-1.23565,-0.141869
-1.23565,-0.141869
-1.25028,-0.112304
-1.27069,-0.0612936
-1.27069,-0.0612936
-1.26961,-0.0378831
-1.26961,-0.0378831
-1.28871,0.0101001
-1.28871,0.0101001
-1.29432,0.0411778
-1.28318,0.047404
-1.29698,0.0602799
-1.28674,-0.00886194
-1.26448,-0.0215918
-1.32054,-0.0289307
-1.25878,-0.017731
-1.25878,-0.017731
-1.25878,-0.017731
-1.25878,-0.017731
-1.29151,-0.0322597
-1.32286,0.0164887
-1.35197,-0.0121344
-1.35197,-0.0121344
-1.32888,0.0431462
-1.32286,0.0908271
-1.31635,0.0910368
-1.36202,0.0858337
-1.34013,0.0473192
-1.34165,0.127608
-1.3587,0.076388
-1.37013,0.136285
-1.35768,0.157087
-1.35768,0.157087
-1.35768,0.157087
-1.35768,0.157087
-1.3522,0.189548
-1.37979,0.166397
-1.38999,0.171214
-1.36588,0.166866
-1.32708,0.178441
-1.27877,0.14538
-1.27425,0.195469
-1.26072,0.23201
-1.26977,0.208583
-1.26977,0.208583
-1.24364,0.217982
-1.24364,0.217982
-1.24364,0.217982
-1.24364,0.217982
-1.25779,0.196738
-1.24076,0.27957
-1.24076,0.27957
-1.23678,0.282428
-1.23678,0.282428
-1.23678,0.282428
-1.29993,0.291812
-1.31278,0.282449
-1.32489,0.320372
-1.32205,0.330151
-1.40122,0.310409
-1.35375,0.290075
-1.32457,0.30624
-1.32457,0.30624
-1.32457,0.30624
-1.2851,0.343387
-1.2851,0.343387
-1.2851,0.343387
-1.2851,0.343387
-1.2851,0.343387
-1.25143,0.311751
-1.25143,0.311751
-1.25143,0.311751
-1.25502,0.310689
-1.21651,0.316755
-1.16853,0.366607
-1.15686,0.318445
-1.17616,0.303066
-1.17616,0.303066
-1.19036,0.327676
-1.158,0.321517
-1.158,0.321517
-1.17856,0.290134
-1.22262,0.29826
-1.22262,0.29826
-1.22975,0.259168
-1.22975,0.259168
-1.23498,0.256141
-1.21555,0.287094
-1.21555,0.287094
-1.22502,0.269137
-1.22502,0.269137
-1.2111,0.218929
-1.23639,0.216407
-1.22613,0.256003
-1.29005,0.23236
-1.26088,0.242328
-1.29077,0.229325
-1.32028,0.285552
-1.31205,0.257892
-1.33168,0.279134
-1.33168,0.279134
-1.31679,0.268149
-1.30948,0.310841
-1.32628,0.263073
-1.32628,0.263073
-1.29978,0.298917
-1.29978,0.298917
-1.28798,0.405806
-1.28318,0.433332
-1.28318,0.433332
-1.32724,0.422192
-1.32724,0.422192
-1.27919,0.417473
-1.27919,0.417473
-1.29863,0.389108
-1.30795,0.363885
-1.30795,0.363885
-1.29579,0.399891
-1.31667,0.418374
-1.27914,0.401115
-1.2528,0.403192
-1.2449,0.449844
-1.24941,0.463512
-1.24622,0.432058
-1.23063,0.453314
-1.22193,0.481083
-1.17154,0.463648
-1.19738,0.499029
-1.19738,0.499029
-1.20242,0.488013
-1.20929,0.489575
-1.22615,0.476239
-1.22615,0.476239
-1.22615,0.476239
-1.22615,0.476239
-1.21819,0.553608
-1.24368,0.538709
-1.24368,0.538709
-1.26304,0.468236
-1.265,0.453087
-1.26378,0.422592
-1.29173,0.455211
-1.23755,0.430202
-1.20669,0.467706
-1.20669,0.467706
-1.22184,0.461854
-1.2312,0.438557
-1.20709,0.419853
-1.16194,0.45966
-1.18318,0.493781
-1.18318,0.493781
-1.1801,0.499962
-1.16718,0.510253
-1.17641,0.511054
-1.17641,0.511054
-1.22942,0.50599
-1.23164,0.518769
-1.23678,0.446909
-1.23678,0.446909
-1.23678,0.446909
-1.24782,0.446668
-1.24782,0.446668
-1.24782,0.446668
-1.28171,0.513815
-1.28171,0.513815
-1.31125,0.506449
-1.29419,0.473433
-1.27614,0.442911
-1.32672,0.454025
-1.35029,0.440742
-1.25726,0.402121
-1.27845,0.355241
-1.27845,0.355241
-1.27845,0.355241
-1.2735,0.360758
-1.2735,0.360758
-1.22597,0.405615
-1.19863,0.387552
-1.23332,0.353761
-1.23332,0.353761
-1.26097,0.365102
-1.2946,0.319987
-1.2946,0.319987
-1.31215,0.339201
-1.28744,0.355279
-1.31888,0.389317
-1.31472,0.411006
-1.33023,0.404139
-1.33023,0.404139
-1.34047,0.423835
-1.34047,0.423835
-1.33338,0.402399
-1.33338,0.402399
-1.3467,0.477743
-1.32391,0.487036
-1.32391,0.487036
-1.32391,0.487036
-1.32391,0.487036
-1.32391,0.487036
-1.32391,0.487036
-1.32391,0.487036
-1.32152,0.495092
-1.32152,0.495092
-1.32152,0.495092
-1.2831,0.499081
-1.25178,0.588254
-1.22711,0.580015
-1.19699,0.655212
-1.19699,0.655212
-1.19699,0.655212
-1.23391,0.657743
-1.22903,0.67321
-1.20653,0.672204
-1.20653,0.672204
-1.2058,0.652991
-1.21928,0.688007
-1.22168,0.690409
-1.22168,0.690409
-1.18809,0.68088
-1.1296,0.710827
-1.13763,0.68071
-1.13763,0.68071
-1.13763,0.68071
-1.11615,0.73977
-1.11615,0.73977
-1.11615,0.73977
-1.07907,0.76517
-1.13296,0.768045
-1.10764,0.755291
-1.07005,0.800255
-1.07005,0.800255
-1.07005,0.800255
-1.03175,0.806676
-1.05568,0.805369
-1.05568,0.805369
-1.05568,0.805369
-1.05568,0.805369
-1.05568,0.805369
-1.08996,0.78468
-1.11262,0.770047
-1.06061,0.765676
-1.06061,0.765676
-1.0956,0.764105
-1.0782,0.736735
-1.04269,0.720902
-0.990582,0.742277
-0.990582,0.742277
-1.01898,0.707203
-1.01009,0.669826
-1.03313,0.723607
-1.0574,0.718769
-1.0574,0.718769
-1.07195,0.714422
-1.08915,0.672413
-1.08915,0.672413
-1.08915,0.672413
-1.0817,0.688801
-1.01563,0.710631
-1.01563,0.710631
-1.03727,0.718198
-1.02136,0.733895
-1.05502,0.741689
-1.09039,0.729653
-1.13365,0.693449
-1.13365,0.693449
-1.08365,0.697284
-1.08365,0.697284
-1.10702,0.7172
-1.06255,0.71394
-1.0836,0.750949
-1.08574,0.736083
-1.08574,0.736083
-1.072,0.734035
-1.09339,0.684694
-1.05631,0.688184
-1.05631,0.688184
-1.05631,0.688184
-1.05631,0.688184
-1.05631,0.688184
-1.11596,0.697479
-1.12699,0.67962
-1.06995,0.714389
-1.06995,0.714389
-1.06995,0.714389
-1.09172,0.693347
-1.0722,0.719395
-1.09916,0.703145
-1.13007,0.745601
-1.14908,0.727146
-1.13397,0.680436
-1.16513,0.665563
-1.17236,0.647584
-1.18128,0.63745
-1.16254,0.610383
-1.16254,0.610383
-1.17639,0.635012
-1.17639,0.635012
-1.20011,0.584856
-1.15991,0.563389
-1.15983,0.572132
-1.18717,0.555141
-1.17514,0.565251
-1.2701,0.560138
-1.1957,0.550453
-1.24354,0.535747
-1.23924,0.531694
-1.23924,0.531694
-1.23924,0.531694
-1.28646,0.555608
-1.27199,0.546534
-1.23468,0.558816
-1.27141,0.575608
-1.24664,0.540453
-1.25784,0.584928
-1.25784,0.584928
-1.2463,0.614341
-1.2463,0.614341
-1.23349,0.57264
-1.23349,0.57264
-1.23045,0.483604
-1.18811,0.536449
-1.18811,0.536449
-1.18811,0.536449
-1.20289,0.526687
-1.20289,0.526687
-1.20289,0.526687
-1.18818,0.477897
-1.1867,0.469062
-1.1867,0.469062
-1.20414,0.480704
-1.20414,0.480704
-1.21501,0.480396
-1.21501,0.480396
-1.19947,0.478604
-1.1944,0.47362
-1.18252,0.486445
-1.19564,0.478472
-1.18485,0.480779
-1.15555,0.52163
-1.20219,0.500327
-1.20219,0.500327
-1.20219,0.500327
-1.20219,0.500327
-1.20251,0.486252
-1.20932,0.482049
-1.21609,0.475045
-1.21609,0.475045
-1.21609,0.475045
-1.21609,0.475045
-1.25887,0.485838
-1.25887,0.485838
-1.25887,0.485838
-1.25084,0.504362
-1.25084,0.504362
-1.25368,0.491657
-1.17945,0.499859
-1.17945,0.499859
-1.21725,0.515454
-1.16231,0.516497
-1.19259,0.567676
-1.15485,0.580439
-1.16509,0.590715
-1.18884,0.608798
-1.19712,0.591862
-1.2177,0.592274
-1.2177,0.592274
-1.2177,0.592274
-1.2177,0.592274
-1.2177,0.592274
-1.19378,0.547665
-1.14972,0.56759
-1.17796,0.554153
-1.15393,0.54293
-1.15393,0.54293
-1.15393,0.54293
-1.151,0.568801
-1.16668,0.602638
-1.19215,0.687456
-1.19215,0.687456
-1.16874,0.700864
-1.14531,0.689493
-1.15588,0.706205
-1.15588,0.706205
-1.15588,0.706205
-1.13158,0.690372
-1.13421,0.653073
-1.13421,0.653073
-1.13421,0.653073
-1.11855,0.670552
-1.11855,0.670552
-1.09276,0.685489
-1.11104,0.638922
-1.11104,0.638922
-1.11104,0.638922
-1.11104,0.638922
-1.11104,0.638922
-1.12396,0.647962
-1.12396,0.647962
-1.11358,0.596453
-1.09952,0.563265
-1.12288,0.564261
-1.1049,0.534097
-1.09041,0.561439
-1.05851,0.598027
-1.07614,0.570216
-1.06665,0.554679
-1.06665,0.554679
-1.06665,0.554679
-1.03453,0.552994
-0.981335,0.559612
-0.981335,0.559612
-0.981335,0.559612
-0.981335,0.559612
-0.981335,0.559612
-0.981335,0.559612
-0.981335,0.559612
-0.986859,0.577009
-1.03129,0.568116
-1.03129,0.568116
-1.03994,0.588967
-1.064,0.571275
-1.03394,0.575457
-1.06858,0.563801
-1.02844,0.535865
-1.02844,0.535865
-1.04644,0.538556
-1.01763,0.521392
-1.08387,0.496553
-1.08387,0.496553
-1.08387,0.496553
-1.08387,0.496553
-1.10448,0.484502
-1.13254,0.455266
-1.16401,0.460014
-1.16401,0.460014
-1.13773,0.41729
-1.13773,0.41729
-1.17452,0.39877
-1.17452,0.39877
-1.159,0.414639
-1.17323,0.43486
-1.18569,0.480324
-1.18569,0.480324
-1.18569,0.480324
-1.18386,0.42744
-1.18386,0.42744
-1.19053,0.388595
-1.19053,0.388595
-1.19828,0.362827
-1.18902,0.388945
-1.18902,0.388945
-1.18902,0.388945
-1.19422,0.412828
-1.19495,0.373749
-1.24156,0.373573
-1.24156,0.373573
-1.24156,0.373573
-1.23856,0.401663
-1.23076,0.375472
-1.23076,0.375472
-1.21408,0.367178
-1.22636,0.36534
-1.22636,0.36534
-1.24421,0.333635
-1.24421,0.333635
-1.26305,0.324056
-1.28495,0.350177
-1.29033,0.360164
-1.25514,0.383218
-1.25514,0.383218
-1.27338,0.398144
-1.26569,0.343845
-1.26569,0.343845
-1.26569,0.343845
-1.27578,0.380005
-1.2745,0.347248
-1.25597,0.345581
-1.25561,0.384244
-1.28617,0.427011
-1.28617,0.427011
-1.28373,0.356816
-1.28373,0.356816
-1.28373,0.356816
-1.32119,0.311767
-1.32119,0.311767
-1.35374,0.282535
-1.35374,0.282535
-1.32553,0.297329
-1.28806,0.311706
-1.29113,0.34297
-1.28984,0.364901
-1.29424,0.355518
-1.29287,0.371184
-1.29287,0.371184
-1.28796,0.385973
-1.27622,0.371857
-1.27501,0.357887
-1.28313,0.377141
-1.28313,0.377141
-1.29628,0.347515
-1.30623,0.326875
-1.29112,0.281143
-1.29112,0.281143
-1.29112,0.281143
-1.28163,0.325771
-1.30192,0.326651
-1.30192,0.326651
-1.30192,0.326651
-1.30192,0.326651
-1.30192,0.326651
-1.29477,0.311877
-1.29477,0.311877
-1.29477,0.311877
-1.29477,0.311877
-1.25412,0.368946
-1.25412,0.368946
-1.23166,0.411087
-1.25362,0.375168
-1.25362,0.375168
-1.2209,0.323399
-1.25967,0.280449
-1.24831,0.237479
-1.28364,0.238737
-1.28364,0.238737
-1.27095,0.287969
-1.28949,0.280586
-1.2989,0.254217
-1.29282,0.244553
-1.25433,0.242406
-1.24181,0.288846
-1.19509,0.287733
-1.19509,0.287733
-1.19509,0.287733
-1.17524,0.320632
-1.17524,0.320632
-1.17524,0.320632
-1.16244,0.368979
-1.16244,0.368979
-1.16244,0.368979
-1.16244,0.368979
-1.16244,0.368979
-1.19854,0.426501
-1.18974,0.425071
-1.18974,0.425071
-1.18974,0.425071
-1.18974,0.425071
-1.18974,0.425071
-1.19207,0.472554
-1.19207,0.472554
-1.17516,0.446669
-1.22925,0.452193
-1.17156,0.441497
-1.17156,0.441497
-1.2241,0.435033
-1.22932,0.417263
-1.25753,0.430868
-1.25753,0.430868
-1.28543,0.43513
-1.28779,0.461449
-1.28511,0.478598
-1.27618,0.498914
-1.27618,0.498914
-1.29117,0.460589
-1.26796,0.419755
-1.26796,0.419755
-1.26189,0.499635
-1.26189,0.499635
-1.2319,0.517132
-1.25229,0.536131
-1.25229,0.536131
-1.20239,0.504636
-1.20239,0.504636
-1.20239,0.504636
-1.16997,0.53538
-1.16997,0.53538
-1.14594,0.582629
-1.16828,0.535049
-1.16828,0.535049
-1.16195,0.593401
-1.16195,0.593401
-1.17149,0.565947
-1.13647,0.55799
-1.13514,0.619618
-1.14536,0.566861
-1.14536,0.566861
-1.14536,0.566861
-1.14536,0.566861
-1.15887,0.53184
-1.18119,0.573077
-1.18119,0.573077
-1.17608,0.556525
-1.19914,0.580412
-1.21048,0.571312
-1.22968,0.580957
-1.22968,0.580957
-1.22968,0.580957
-1.19543,0.575999
-1.18418,0.563865
-1.23455,0.567694
-1.23985,0.571364
-1.22726,0.549042
-1.20851,0.549065
-1.20851,0.549065
-1.16353,0.540422
-1.16353,0.540422
-1.16353,0.540422
-1.16353,0.540422
-1.16353,0.540422
-1.1776,0.579224
-1.1776,0.579224
-1.1776,0.579224
-1.17668,0.51398
-1.18581,0.46693
-1.20133,0.500894
-1.19163,0.495099
-1.19163,0.495099
-1.18809,0.520922
-1.18342,0.508565
-1.18342,0.508565
-1.18342,0.508565
-1.18081,0.493507
-1.18638,0.532907
-1.16803,0.498978
-1.16732,0.583843
-1.19077,0.545373
-1.19941,0.535232
-1.19358,0.551006
-1.20822,0.601984
-1.16397,0.571805
-1.18104,0.575697
-1.18104,0.575697
-1.18104,0.575697
-1.13494,0.584934
-1.13373,0.604374
-1.11916,0.586184
-1.1446,0.617773
-1.12934,0.591905
-1.12934,0.591905
-1.14618,0.54662
-1.10203,0.534443
-1.10203,0.534443
-1.13316,0.562326
-1.13316,0.562326
-1.1394,0.543996
-1.1394,0.543996
-1.18212,0.50218
-1.19878,0.507156
-1.19878,0.507156
-1.14824,0.508666
-1.16176,0.48691
-1.11926,0.506293
-1.11926,0.506293
-1.12769,0.52072
-1.12769,0.52072
-1.12769,0.52072
-1.12731,0.547687
-1.14236,0.520194
-1.14236,0.520194
-1.14348,0.553984
-1.14348,0.553984
-1.14348,0.553984
-1.14925,0.573886
-1.12855,0.553521
-1.13567,0.547726
-1.09667,0.566323
-1.09667,0.566323
-1.09053,0.552115
-1.09053,0.552115
-1.08729,0.52713
-1.07006,0.518844
-1.07663,0.598461
-1.06957,0.58981
-1.06957,0.58981
-1.11818,0.600505
-1.07393,0.620962
-1.07393,0.620962
-1.05865,0.63714
-1.07187,0.601449
-1.07187,0.601449
-1.07187,0.601449
-1.07187,0.601449
-1.07187,0.601449
-1.07187,0.601449
-1.08181,0.589487
-1.08181,0.589487
-1.08181,0.589487
-1.06906,0.603699
-1.08206,0.587481
-1.08206,0.587481
-1.09964,0.566014
-1.09964,0.566014
-1.09964,0.566014
-1.09964,0.566014
-1.12423,0.545826
-1.10357,0.570594
-1.10357,0.570594
-1.06636,0.596747
-1.06037,0.581016
-1.06037,0.581016
-1.05582,0.62597
-1.05404,0.652382
-1.05404,0.652382
-1.05227,0.614574
-1.04997,0.592907
-1.0768,0.580552
-1.06482,0.587762
-1.06114,0.573073
-1.06114,0.573073
-1.06114,0.573073
-1.07763,0.577303
-1.07763,0.577303
-1.08963,0.568178
-1.07937,0.578765
-1.137,0.572952
-1.12384,0.546301
-1.12384,0.546301
-1.12384,0.546301
-1.09775,0.545991
-1.09775,0.545991
-1.11891,0.545005
-1.11725,0.578627
-1.13848,0.583931
-1.12774,0.58707
-1.14065,0.583062
-1.1393,0.583822
-1.18025,0.542747
-1.18215,0.503068
-1.21106,0.466667
-1.20523,0.487603
-1.20523,0.487603
-1.20523,0.487603
-1.19786,0.560488
-1.19786,0.560488
-1.18359,0.559938
-1.15832,0.558116
-1.15832,0.558116
-1.14545,0.532459
-1.13521,0.570401
-1.14052,0.530012
-1.14052,0.530012
-1.14052,0.530012
-1.14052,0.530012
-1.15226,0.535133
-1.10753,0.574585
-1.10753,0.574585
-1.09579,0.572379
-1.11259,0.568502
-1.13793,0.535633
-1.13793,0.535633
-1.13793,0.535633
-1.11681,0.518254
-1.11681,0.518254
-1.08326,0.556818
-1.08475,0.563504
-1.08532,0.558621
-1.08532,0.558621
-1.10932,0.543534
-1.0916,0.535921
-1.0961,0.49239
-1.0961,0.49239
-1.12023,0.545676
-1.09077,0.529077
-1.08744,0.55108
-1.08744,0.55108
-1.08744,0.55108
-1.08593,0.51844
-1.08593,0.51844
-1.08593,0.51844
-1.08593,0.51844
-1.08593,0.51844
-1.08593,0.51844
-1.12449,0.558464
-1.13123,0.550327
-1.1531,0.546974
-1.1531,0.546974
-1.1531,0.546974
-1.1531,0.546974
-1.12103,0.560945
-1.10383,0.638934
-1.08931,0.658678
-1.0502,0.60687
-1.0502,0.60687
-1.05392,0.644277
-1.07742,0.613722
-1.06643,0.620076
-1.06643,0.620076
-1.06643,0.620076
-1.07954,0.617954
-1.07954,0.617954
-1.10594,0.548168
-1.14565,0.590125
-1.14565,0.590125
-1.14565,0.590125
-1.15049,0.541394
-1.13425,0.53189
-1.13425,0.53189
-1.16996,0.540811
-1.18194,0.531492
-1.1778,0.547949
-1.17884,0.509218
-1.17884,0.509218
-1.17884,0.509218
-1.17884,0.509218
-1.17884,0.509218
-1.16354,0.494439
-1.16354,0.494439
-1.16354,0.494439
-1.20136,0.517956
-1.20136,0.517956
-1.20136,0.517956
-1.19907,0.483316
-1.19907,0.483316
-1.19193,0.460625
-1.19193,0.460625
-1.19193,0.460625
-1.19193,0.460625
-1.18261,0.502172
-1.18261,0.502172
-1.18261,0.502172
-1.21076,0.455029
-1.21731,0.474534
-1.21731,0.474534
-1.21731,0.474534
-1.27477,0.501049
-1.22288,0.557422
-1.22288,0.557422
-1.22288,0.557422
-1.24473,0.507466
-1.25566,0.457605
-1.22935,0.488515
-1.19438,0.487223
-1.19438,0.487223
-1.13249,0.484551
-1.13894,0.532113
-1.13766,0.567549
-1.1393,0.547797
-1.07824,0.552194
-1.04659,0.579889
-1.04659,0.579889
-1.04659,0.579889
-1.05903,0.584567
-1.06571,0.615114
-1.0836,0.563654
-1.07557,0.639769
-1.07557,0.639769
-1.07557,0.639769
-1.07557,0.639769
-1.07557,0.639769
-1.09963,0.656478
-1.09963,0.656478
-1.08022,0.597663
-1.14626,0.563635
-1.14626,0.563635
-1.10155,0.531111
-1.115,0.559778
-1.115,0.559778
-1.09876,0.560799
-1.12174,0.520967
-1.12174,0.520967
-1.10848,0.53362
-1.104,0.513551
-1.10927,0.485779
-1.10927,0.485779
-1.11374,0.500335
-1.11374,0.500335
-1.11374,0.500335
-1.12812,0.493717
-1.11796,0.517923
-1.11796,0.517923
-1.11796,0.517923
-1.14916,0.481945
-1.14916,0.481945
-1.14916,0.481945
-1.14642,0.482225
-1.13264,0.52194
-1.14924,0.541826
-1.14924,0.541826
-1.14924,0.541826
-1.14924,0.541826
-1.15711,0.51648
-1.15711,0.51648
-1.15711,0.51648
-1.15711,0.51648
-1.15807,0.576715
-1.15807,0.576715
-1.13875,0.569327
-1.10779,0.606691
-1.16567,0.61509
-1.16567,0.61509
-1.17142,0.616687
-1.17142,0.616687
-1.14987,0.561503
-1.18023,0.537281
-1.14649,0.531578
-1.14981,0.55708
-1.14289,0.559267
-1.14289,0.559267
-1.16497,0.560001
-1.16497,0.560001
-1.2045,0.50998
-1.20206,0.489897
-1.16203,0.488079
-1.16203,0.488079
-1.16203,0.488079
-1.1886,0.492862
-1.25692,0.47154
-1.25692,0.47154
-1.26472,0.515135
-1.18354,0.574492
-1.21733,0.550198
-1.21733,0.550198
-1.22443,0.528116
-1.2287,0.56803
-1.1684,0.601447
-1.1684,0.601447
-1.17561,0.594393
-1.14179,0.637041
-1.16118,0.651534
-1.16118,0.651534
-1.15387,0.6705
-1.15387,0.6705
-1.15387,0.6705
-1.22451,0.590053
-1.22451,0.590053
-1.21354,0.581879
-1.21354,0.581879
-1.21535,0.619124
-1.21535,0.619124
-1.21387,0.629776
-1.21387,0.629776
-1.21051,0.645139
-1.17363,0.656431
-1.17363,0.656431
-1.20349,0.637468
-1.17697,0.682933
-1.17206,0.670274
-1.17206,0.670274
-1.23219,0.736446
-1.24159,0.703596
-1.27497,0.669255
-1.27497,0.669255
-1.27497,0.669255
-1.27497,0.669255
-1.27497,0.669255
-1.25233,0.741117
-1.26979,0.738508
-1.25636,0.716917
-1.25636,0.716917
-1.25636,0.716917
-1.22405,0.737266
-1.2711,0.682875
-1.2711,0.682875
-1.25491,0.682878
-1.25491,0.682878
-1.25491,0.682878
-1.21887,0.630691
-1.21887,0.630691
-1.21887,0.630691
-1.23961,0.701689
-1.23961,0.701689
-1.19009,0.68444
-1.19009,0.68444
-1.19928,0.695025
-1.19928,0.695025
-1.20096,0.664758
-1.25933,0.693468
-1.25468,0.721539
-1.24687,0.703785
-1.25406,0.701427
-1.26228,0.681227
-1.29676,0.71007
-1.29676,0.71007
-1.26269,0.651235
-1.2997,0.645707
-1.2997,0.645707
-1.27502,0.644193
-1.25841,0.621576
-1.23353,0.617101
-1.23353,0.617101
-1.21705,0.571689
-1.17489,0.574225
-1.17489,0.574225
-1.17199,0.542941
-1.1837,0.567907
-1.1837,0.567907
-1.179,0.622764
-1.18358,0.614416
-1.16349,0.60867
-1.16967,0.636843
-1.12764,0.678504
-1.12764,0.678504
-1.12764,0.678504
-1.12764,0.678504
-1.12764,0.678504
-1.14123,0.720601
-1.17547,0.690861
-1.17547,0.690861
-1.16014,0.673432
-1.17732,0.71289
-1.17732,0.71289
-1.17732,0.71289
-1.17732,0.71289
-1.15856,0.755722
-1.15968,0.760993
-1.15968,0.760993
-1.16615,0.722247
-1.16278,0.738752
-1.16278,0.738752
-1.17189,0.749908
-1.17189,0.749908
-1.151,0.763865
-1.15998,0.774747
-1.13259,0.809841
-1.13259,0.809841
-1.14163,0.83243
-1.14163,0.83243
-1.16195,0.812243
-1.20724,0.856669
-1.17197,0.863798
-1.18296,0.828789
-1.18296,0.828789
-1.18296,0.828789
-1.20043,0.783565
-1.22713,0.734711
-1.18714,0.742842
-1.16673,0.753336
-1.16673,0.753336
-1.14665,0.770099
-1.20686,0.744595
-1.2133,0.778914
-1.21207,0.727442
-1.20073,0.678798
-1.20073,0.678798
-1.21839,0.683048
-1.21839,0.683048
-1.21839,0.683048
-1.21839,0.683048
-1.21401,0.661818
-1.21401,0.661818
-1.19257,0.607264
-1.19899,0.595918
-1.18421,0.539366
-1.18629,0.59715
-1.15832,0.532511
-1.19801,0.511124
-1.19801,0.511124
-1.21602,0.505651
-1.21602,0.505651
-1.18723,0.467582
-1.18168,0.461421
-1.18841,0.490085
-1.18841,0.490085
-1.18841,0.490085
-1.16745,0.44323
-1.16745,0.44323
-1.16745,0.44323
-1.15181,0.458371
-1.20947,0.468217
-1.21848,0.500902
-1.21848,0.500902
-1.21848,0.500902
-1.18962,0.49272
-1.18962,0.49272
-1.1594,0.470637
-1.15815,0.39462
-1.15815,0.39462
-1.18026,0.421976
-1.15698,0.409695
-1.15698,0.409695
-1.15698,0.409695
-1.15698,0.409695
-1.15698,0.409695
-1.20526,0.436172
-1.16947,0.440768
-1.16758,0.480751
-1.15407,0.447676
-1.15407,0.447676
-1.15407,0.447676
-1.15407,0.447676
-1.18567,0.43931
-1.18567,0.43931
-1.24408,0.431045
-1.24558,0.386068
-1.21048,0.383833
-1.21048,0.383833
-1.18643,0.303578
-1.18643,0.303578
-1.18643,0.303578
-1.1824,0.295955
-1.20263,0.29387
-1.19069,0.288869
-1.18857,0.301018
-1.19729,0.311746
-1.19972,0.363047
-1.26413,0.365257
-1.26413,0.365257
-1.25891,0.395273
-1.25891,0.395273
-1.25891,0.395273
-1.25891,0.395273
-1.24699,0.356769
-1.2947,0.357242
-1.2947,0.357242
-1.29153,0.369855
-1.30067,0.323883
-1.30344,0.286204
-1.2869,0.26781
-1.2869,0.26781
-1.2869,0.26781
-1.31208,0.250432
-1.31208,0.250432
-1.31677,0.207215
-1.26066,0.217124
-1.26066,0.217124
-1.28258,0.203409
-1.3023,0.246595
-1.30788,0.280794
-1.32069,0.298615
-1.31121,0.32156
-1.27423,0.354555
-1.25866,0.407043
-1.25866,0.407043
-1.22765,0.41852
-1.22765,0.41852
-1.22765,0.41852
-1.22765,0.41852
-1.2204,0.439854
-1.2204,0.439854
-1.2204,0.439854
-1.23695,0.429902
-1.24028,0.437224
-1.26811,0.4624
-1.22336,0.517212
-1.24857,0.570333
-1.23196,0.531436
-1.26448,0.505019
-1.29926,0.512368
-1.24548,0.489365
-1.24548,0.489365
-1.24548,0.489365
-1.25775,0.535627
-1.25775,0.535627
-1.25567,0.539707
-1.25567,0.539707
-1.25053,0.536459
-1.24793,0.528072
-1.2415,0.544638
-1.23187,0.532909
-1.23187,0.532909
-1.24425,0.555159
-1.24425,0.555159
-1.24425,0.555159
-1.24425,0.555159
-1.27612,0.501262
-1.27612,0.501262
-1.27612,0.501262
-1.2762,0.495882
-1.30128,0.53034
-1.2799,0.51286
-1.2799,0.51286
-1.30403,0.475702
-1.28466,0.529301
-1.28373,0.496552
-1.28373,0.496552
-1.27429,0.466178
-1.26142,0.510313
-1.25452,0.546137
-1.25452,0.546137
-1.25452,0.546137
-1.25452,0.546137
-1.23268,0.577883
-1.2401,0.566257
-1.24908,0.563629
-1.24908,0.563629
-1.24908,0.563629
-1.2828,0.509037
-1.30809,0.534684
-1.30809,0.534684
-1.31462,0.498311
-1.30838,0.456658
-1.37725,0.507384
-1.39661,0.498397
-1.3561,0.482547
-1.33165,0.497338
-1.33165,0.497338
-1.33165,0.497338
-1.33165,0.497338
-1.33165,0.497338
-1.25896,0.49489
-1.25896,0.49489
-1.27544,0.479477
-1.29647,0.493076
-1.29647,0.493076
-1.2964,0.497664
-1.2964,0.497664
-1.26351,0.516815
-1.24475,0.507841
-1.22466,0.492355
-1.22466,0.492355
-1.23371,0.484579
-1.23371,0.484579
-1.25953,0.448445
-1.25497,0.397773
-1.29255,0.431325
-1.29255,0.431325
-1.30504,0.388102
-1.32018,0.383665
-1.30339,0.389402
-1.30339,0.389402
-1.28795,0.432203
-1.2888,0.45888
-1.25114,0.502624
-1.25114,0.502624
-1.25114,0.502624
-1.24653,0.555004
-1.28542,0.545003
-1.28542,0.545003
-1.26031,0.528064
-1.20728,0.558915
-1.20728,0.558915
-1.20728,0.558915
-1.21602,0.503232
-1.21602,0.503232
-1.21602,0.503232
-1.23771,0.488783
-1.13845,0.559386
-1.1781,0.533805
-1.20386,0.458025
-1.23495,0.506172
-1.23495,0.506172
-1.19868,0.524663
-1.20152,0.479879
-1.20152,0.479879
-1.22358,0.489027
-1.19158,0.435903
-1.22288,0.439848
-1.17808,0.448469
-1.19554,0.466808
-1.19554,0.466808
-1.17491,0.509405
-1.19992,0.515671
-1.18209,0.533478
-1.18637,0.60878
-1.1881,0.591785
-1.1882,0.565261
-1.1882,0.565261
-1.1882,0.565261
-1.1882,0.565261
-1.19632,0.581261
-1.20674,0.545096
-1.20674,0.545096
-1.19957,0.551307
-1.19562,0.53664
-1.16543,0.606762
-1.17441,0.594783
-1.15097,0.551358
-1.13894,0.626808
-1.13894,0.626808
-1.13894,0.626808
-1.13894,0.626808
-1.13894,0.626808
-1.13894,0.626808
-1.13894,0.626808
-1.15133,0.668154
-1.09817,0.648595
-1.0525,0.672763
-1.06193,0.683872
-1.06193,0.683872
-1.07145,0.691072
-1.08556,0.7045
-1.08556,0.7045
-1.05379,0.740141
-1.05379,0.740141
-1.05379,0.740141
-1.05379,0.740141
-1.05379,0.740141
-1.04471,0.762279
-1.04471,0.762279
-1.04471,0.762279
-1.0748,0.736754
-1.0748,0.736754
-1.0748,0.736754
-1.072,0.730921
-1.08855,0.749557
-1.08855,0.749557
-1.0805,0.748247
-1.11101,0.737222
-1.11101,0.737222
-1.11101,0.737222
-1.1063,0.692999
-1.1063,0.692999
-1.10346,0.698299
-1.11977,0.69031
-1.12262,0.744075
-1.10472,0.745814
-1.06351,0.735264
-1.08688,0.758656
-1.04068,0.763823
-1.06931,0.783316
-1.09036,0.744407
-1.09036,0.744407
-1.15289,0.677319
-1.16561,0.723824
-1.15263,0.683603
-1.15263,0.683603
-1.15263,0.683603
-1.18448,0.712634
-1.18448,0.712634
-1.15984,0.691075
-1.18723,0.679428
-1.19656,0.687019
-1.17107,0.705542
-1.11458,0.721483
-1.11458,0.721483
-1.11458,0.721483
-1.12976,0.691848
-1.14242,0.645591
-1.14242,0.645591
-1.14242,0.645591
-1.14482,0.658843
-1.14482,0.658843
-1.14482,0.658843
-1.14482,0.658843
-1.14482,0.658843
-1.14482,0.658843
-1.14482,0.658843
-1.12831,0.701362
-1.1291,0.661818
-1.0988,0.611281
-1.12797,0.52581
-1.08526,0.525009
-1.08526,0.525009
-1.12291,0.539074
-1.17036,0.495712
-1.12418,0.513851
-1.12418,0.513851
-1.12418,0.513851
-1.12418,0.513851
-1.09514,0.572032
-1.08994,0.532088
-1.08994,0.532088
-1.07893,0.584344
-1.07573,0.581777
-1.07573,0.581777
-1.07573,0.581777
-1.07979,0.563332
-1.07979,0.563332
-1.05604,0.582229
-1.09778,0.573294
-1.1068,0.565544
-1.1068,0.565544
-1.10686,0.556932
-1.09916,0.549094
-1.09916,0.549094
-1.09916,0.549094
-1.12201,0.571583
-1.08561,0.519601
-1.08561,0.519601
-1.14349,0.502133
-1.11513,0.528939
-1.13784,0.550764
-1.10169,0.560128
-1.10314,0.533156
-1.13701,0.525365
-1.15565,0.495453
-1.21606,0.526675
-1.17846,0.523528
-1.19377,0.564486
-1.22075,0.583963
-1.22075,0.583963
-1.20994,0.610406
-1.20994,0.610406
-1.20994,0.610406
-1.20994,0.610406
-1.18605,0.617237
-1.18605,0.617237
-1.18214,0.65099
-1.18214,0.65099
-1.18063,0.674521
-1.18063,0.674521
-1.22443,0.652739
-1.22443,0.652739
-1.17562,0.679847
-1.22336,0.591835
-1.22336,0.591835
-1.25683,0.586054
-1.24468,0.537291
-1.25012,0.536594
-1.25012,0.536594
-1.25012,0.536594
-1.26705,0.554756
-1.27586,0.51536
-1.3157,0.488962
-1.3157,0.488962
-1.36475,0.42121
-1.36475,0.42121
-1.3905,0.385128
-1.3905,0.385128
-1.35479,0.390604
-1.35479,0.390604
-1.34958,0.39642
-1.32957,0.410145
-1.32957,0.410145
-1.32957,0.410145
-1.28354,0.422461
-1.28354,0.422461
-1.2811,0.42375
-1.26669,0.405925
-1.26669,0.405925
-1.30847,0.388524
-1.30847,0.388524
-1.29157,0.36698
-1.29157,0.36698
-1.30991,0.386019
-1.30991,0.386019
-1.30991,0.386019
-1.30439,0.357106
-1.28339,0.3417
-1.28339,0.3417
-1.2756,0.377473
-1.2756,0.377473
-1.29113,0.413891
-1.32206,0.392571
-1.29962,0.424891
-1.29962,0.424891
-1.36053,0.416299
-1.36897,0.408104
-1.33714,0.350528
-1.33714,0.350528
-1.32103,0.402367
-1.29472,0.385397
-1.31001,0.329801
-1.27449,0.263144
-1.27196,0.325019
-1.26052,0.381625
-1.26052,0.381625
-1.22119,0.480163
-1.22119,0.480163
-1.22119,0.480163
-1.19016,0.513734
-1.18469,0.496487
-1.17947,0.563533
-1.16203,0.603958
-1.16203,0.603958
-1.16203,0.603958
-1.16203,0.603958
-1.18552,0.630912
-1.15505,0.590848
-1.19627,0.544577
-1.2179,0.539029
-1.2179,0.539029
-1.2179,0.539029
-1.18535,0.551842
-1.25142,0.512752
-1.24368,0.51437
-1.24368,0.51437
-1.25578,0.546644
-1.213,0.569206
-1.213,0.569206
-1.19075,0.610597
-1.19075,0.610597
-1.16534,0.636313
-1.16534,0.636313
-1.15728,0.639801
-1.15728,0.639801
-1.23204,0.6399
-1.24269,0.622076
-1.24269,0.622076
-1.24269,0.622076
-1.24269,0.622076
-1.24702,0.611138
-1.25126,0.572491
-1.29859,0.565169
-1.29041,0.527835
-1.25363,0.533048
-1.26091,0.53085
-1.26091,0.53085
-1.25825,0.562275
-1.25825,0.562275
-1.26016,0.565273
-1.26016,0.565273
-1.21193,0.491977
-1.21193,0.491977
-1.21193,0.491977
-1.24099,0.525852
-1.24099,0.525852
-1.24099,0.525852
-1.26348,0.550465
-1.24738,0.584658
-1.22934,0.543962
-1.22934,0.543962
-1.16975,0.514507
-1.16975,0.514507
-1.17861,0.54053
-1.16814,0.519224
-1.14112,0.545201
-1.18918,0.492112
-1.19981,0.496311
-1.2041,0.503145
-1.18535,0.54723
-1.19058,0.542606
-1.19058,0.542606
-1.19058,0.542606
-1.19872,0.538233
-1.24026,0.535407
-1.24026,0.535407
-1.24026,0.535407
-1.27587,0.522706
-1.2253,0.544076
-1.23127,0.55957
-1.22699,0.541244
-1.22699,0.541244
-1.22699,0.541244
-1.23125,0.562834
-1.27232,0.543685
-1.2652,0.489579
-1.2652,0.489579
-1.2652,0.489579
-1.2652,0.489579
-1.2652,0.489579
-1.2457,0.465784
-1.25833,0.501693
-1.23394,0.573081
-1.16547,0.542049
-1.16547,0.542049
-1.21408,0.554505
-1.22558,0.499456
-1.18043,0.484065
-1.17619,0.521805
-1.17619,0.521805
-1.1785,0.591799
-1.15822,0.592378
-1.1926,0.580899
-1.17973,0.58661
-1.18109,0.524382
-1.18109,0.524382
-1.18109,0.524382
-1.25619,0.499796
-1.22903,0.502812
-1.25934,0.521778
-1.25934,0.521778
-1.25934,0.521778
-1.20497,0.546515
-1.20078,0.552266
-1.20725,0.595351
-1.21467,0.636433
-1.23992,0.600998
-1.23992,0.600998
-1.2124,0.58817
-1.2124,0.58817
-1.21361,0.577622
-1.21361,0.577622
-1.22557,0.595547
-1.18363,0.589643
-1.18363,0.589643
-1.18363,0.589643
-1.1882,0.583129
-1.13538,0.618363
-1.13179,0.628718
-1.10999,0.631139
-1.10999,0.631139
-1.12226,0.585277
-1.12226,0.585277
-1.20881,0.534365
-1.15644,0.512462
-1.16805,0.494858
-1.15028,0.504601
-1.19099,0.508735
-1.19099,0.508735
-1.19099,0.508735
-1.19099,0.508735
-1.19099,0.508735
-1.19099,0.508735
-1.15862,0.498239
-1.14171,0.523172
-1.14171,0.523172
-1.14171,0.523172
-1.14205,0.553402
-1.14205,0.553402
-1.14205,0.553402
-1.1434,0.501871
-1.1434,0.501871
-1.12923,0.501929
-1.12923,0.501929
-1.13271,0.539149
-1.13271,0.539149
-1.13271,0.539149
-1.13271,0.539149
-1.13271,0.539149
-1.13271,0.539149
-1.14002,0.561207
-1.15709,0.555629
-1.10872,0.5509
-1.09517,0.573071
-1.09308,0.530898
-1.09189,0.510342
-1.11675,0.511887
-1.11675,0.511887
-1.16838,0.489709
-1.18469,0.476394
-1.18469,0.476394
-1.17849,0.48817
-1.23064,0.459081
-1.23064,0.459081
-1.24524,0.486349
-1.24228,0.427215
-1.24228,0.427215
-1.24228,0.427215
-1.25388,0.372882
-1.25031,0.429578
-1.23797,0.430012
-1.23797,0.430012
-1.23481,0.451131
-1.23481,0.451131
-1.24097,0.425805
-1.25887,0.457874
-1.25887,0.457874
-1.25887,0.457874
-1.25341,0.397645
-1.25341,0.397645
-1.27405,0.400191
-1.24727,0.409195
-1.24727,0.409195
-1.24727,0.409195
-1.22144,0.380247
-1.22144,0.380247
-1.24186,0.324846
-1.24186,0.324846
-1.24186,0.324846
-1.24186,0.324846
-1.23001,0.339849
-1.23001,0.339849
-1.20066,0.278189
-1.22423,0.28375
-1.23146,0.242468
-1.25944,0.25146
-1.25944,0.25146
-1.239,0.192685
-1.25167,0.143167
-1.25167,0.143167
-1.21765,0.134976
-1.19329,0.147911
-1.24106,0.169225
-1.24106,0.169225
-1.24106,0.169225
-1.2205,0.186389
-1.19956,0.175646
-1.18016,0.227741
-1.18779,0.211402
-1.18779,0.211402
-1.20803,0.239959
-1.2113,0.249845
-1.21874,0.220759
-1.29911,0.161705
-1.29911,0.161705
-1.26902,0.150366
-1.24672,0.125636
-1.2819,0.14815
-1.2819,0.14815
-1.27295,0.143037
-1.28748,0.095347
-1.2884,0.15817
-1.2884,0.15817
-1.28383,0.0948077
-1.25672,0.0493345
-1.25672,0.0493345
-1.25779,0.0621289
-1.23699,0.0528001
-1.23699,0.0528001
-1.22488,0.0236824
-1.22488,0.0236824
-1.26217,0.0383929
-1.23927,-0.0637106
-1.23729,-0.0549537
-1.23729,-0.0549537
-1.26726,-0.0770349
-1.26726,-0.0770349
-1.27096,-0.0137062
-1.2488,-0.00536642
-1.2488,-0.00536642
-1.26222,-0.0193713
-1.26222,-0.0193713
-1.26222,-0.0193713
-1.25269,-0.0223935
-1.25269,-0.0223935
-1.23818,0.022695
-1.25348,0.0186655
-1.24167,0.014707
-1.24167,0.014707
-1.24167,0.014707
-1.29344,-0.0430011
-1.33619,-0.0801271
-1.31835,-0.0991946
-1.32112,-0.0920978
-1.30579,-0.10093
-1.30259,-0.070976
-1.35065,-0.0978997
-1.34643,-0.0959218
-1.30642,-0.104662
-1.29102,-0.0760868
-1.29102,-0.0760868
-1.29102,-0.0760868
-1.31397,-0.0753389
-1.31397,-0.0753389
-1.34035,-0.0673427
-1.2709,-0.0807629
-1.29641,-0.0771842
-1.32841,-0.10629
-1.32841,-0.10629
-1.30268,-0.0787517
-1.31074,-0.042642
-1.31074,-0.042642
-1.31074,-0.042642
-1.33437,-0.00460792
-1.33437,-0.00460792
-1.29606,-0.0129509
-1.28864,-0.0591996
-1.2936,-0.077744
-1.2936,-0.077744
-1.25149,-0.0303765
-1.30831,-0.00536389
-1.2924,-0.0170755
-1.2924,-0.0170755
-1.2924,-0.0170755
-1.31791,-0.026825
-1.31406,-0.00430046
-1.31406,-0.00430046
-1.31406,-0.00430046
-1.31406,-0.00430046
-1.32138,-0.0359137
-1.29228,0.00225496
-1.31962,-0.0146083
-1.37017,-0.0451522
-1.34252,-0.0220067
-1.32805,-0.0278885
-1.33793,-0.00465814
-1.33793,-0.00465814
-1.33793,-0.00465814
-1.3431,-0.0227061
-1.3431,-0.0227061
-1.3431,-0.0227061
-1.33835,-0.0082733
-1.33835,-0.0082733
-1.28576,-0.0008886
-1.28576,-0.0008886
-1.28576,-0.0008886
-1.32192,0.0348025
-1.33071,0.068024
-1.31124,0.0874082
-1.31124,0.0874082
-1.31124,0.0874082
-1.30512,0.0673137
-1.30394,0.105829
-1.30394,0.105829
-1.27719,0.0983797
-1.27719,0.0983797
-1.25332,0.119736
-1.21763,0.124213
-1.24042,0.126731
-1.24042,0.126731
-1.22302,0.105771
-1.24209,0.165329
-1.25565,0.112869
-1.25565,0.112869
-1.24903,0.124813
-1.2377,0.119329
-1.26233,0.108946
-1.26233,0.108946
-1.26233,0.108946
-1.26233,0.108946
-1.26233,0.108946
-1.26233,0.108946
-1.26233,0.108946
-1.314,0.102021
-1.31378,0.153515
-1.31378,0.153515
-1.31378,0.153515
-1.28454,0.133733
-1.29065,0.116792
-1.29065,0.116792
-1.29602,0.138243
-1.28556,0.177777
-1.26554,0.192021
-1.26202,0.207953
-1.28208,0.141616
-1.26921,0.187398
-1.28192,0.201765
-1.26211,0.206606
-1.2545,0.239172
-1.27482,0.257249
-1.28046,0.222272
-1.27119,0.211896
-1.241,0.168934
-1.20255,0.144314
-1.20169,0.125145
-1.20169,0.125145
-1.20169,0.125145
-1.14406,0.184122
-1.14708,0.21273
-1.18824,0.217103
-1.18824,0.217103
-1.16202,0.228291
-1.16202,0.228291
-1.16202,0.228291
-1.16202,0.228291
-1.19248,0.211301
-1.19248,0.211301
-1.19248,0.211301
-1.19248,0.211301
-1.21561,0.18104
-1.22585,0.207443
-1.26769,0.229983
-1.20527,0.248603
-1.20527,0.248603
-1.20527,0.248603
-1.20534,0.235176
-1.17804,0.256304
-1.23456,0.25258
-1.22911,0.250929
-1.21444,0.26392
-1.21444,0.26392
-1.25158,0.269135
-1.20733,0.288297
-1.20733,0.288297
-1.20733,0.288297
-1.20733,0.288297
-1.24157,0.351718
-1.24157,0.351718
-1.27222,0.38719
-1.26549,0.350742
-1.25683,0.29162
-1.2248,0.319995
-1.19167,0.329483
-1.19167,0.329483
-1.19167,0.329483
-1.18792,0.292381
-1.18792,0.292381
-1.18792,0.292381
-1.18273,0.266807
-1.17514,0.285234
-1.16023,0.277426
-1.13948,0.311297
-1.13948,0.311297
-1.14551,0.33751
-1.1577,0.345002
-1.17418,0.337403
-1.17418,0.337403
-1.13959,0.335442
-1.13959,0.335442
-1.13959,0.335442
-1.18147,0.296365
-1.18147,0.296365
-1.24807,0.260939
-1.24807,0.260939
-1.24807,0.260939
-1.24807,0.260939
-1.24807,0.260939
-1.27295,0.260102
-1.27268,0.290547
-1.27268,0.290547
-1.2405,0.319731
-1.3097,0.386985
-1.3097,0.386985
-1.2876,0.377639
-1.27459,0.421251
-1.26391,0.426368
-1.26391,0.426368
-1.2527,0.448925
-1.25943,0.493493
-1.23197,0.463238
-1.23197,0.463238
-1.20615,0.389962
-1.22229,0.361696
-1.21274,0.34497
-1.21274,0.34497
-1.21274,0.34497
-1.23032,0.378052
-1.23032,0.378052
-1.23032,0.378052
-1.2396,0.366114
-1.22324,0.323779
-1.23347,0.310322
-1.23347,0.310322
-1.26285,0.269714
-1.31825,0.293593
-1.3104,0.261283
-1.32715,0.334421
-1.27542,0.332411
-1.29842,0.349416
-1.25725,0.367362
-1.25725,0.367362
-1.25725,0.367362
-1.26494,0.319024
-1.27651,0.29309
-1.25987,0.308191
-1.25987,0.308191
-1.28053,0.305534
-1.28053,0.305534
-1.28053,0.305534
-1.31754,0.302597
-1.31754,0.302597
-1.29681,0.368492
-1.23658,0.355512
-1.25921,0.404249
-1.25921,0.404249
-1.25067,0.391194
-1.26087,0.395787
-1.27846,0.382156
-1.27846,0.382156
-1.27846,0.382156
-1.26721,0.401608
-1.26721,0.401608
-1.30956,0.3717
-1.29232,0.345745
-1.26642,0.317271
-1.26642,0.317271
-1.29111,0.341014
-1.28532,0.334578
-1.28532,0.334578
-1.28532,0.334578
-1.22822,0.362564
-1.26178,0.345697
-1.25407,0.316441
-1.25407,0.316441
-1.25407,0.316441
-1.23749,0.294016
-1.23341,0.335837
-1.20374,0.317367
-1.19843,0.32651
-1.19843,0.32651
-1.19843,0.32651
-1.19843,0.32651
-1.19843,0.32651
-1.19843,0.32651
-1.19843,0.32651
-1.19843,0.32651
-1.19058,0.317285
-1.19058,0.317285
-1.195,0.285455
-1.195,0.285455
-1.23595,0.304424
-1.23595,0.304424
-1.23595,0.304424
-1.23595,0.304424
-1.23595,0.304424
-1.23759,0.34789
-1.2308,0.332788
-1.25475,0.360723
-1.2953,0.315314
-1.27317,0.283663
-1.19898,0.298272
-1.19898,0.298272
-1.1819,0.289818
-1.1819,0.289818
-1.1819,0.289818
-1.23404,0.281358
-1.2459,0.259719
-1.27189,0.2682
-1.27189,0.2682
-1.27189,0.2682
-1.2564,0.259406
-1.29211,0.227976
-1.29211,0.227976
-1.27674,0.220244
-1.26624,0.216331
-1.2564,0.203318
-1.23835,0.131875
-1.30747,0.179928
-1.30769,0.1838
-1.32688,0.194257
-1.32688,0.194257
-1.32688,0.194257
-1.32688,0.194257
-1.31272,0.292373
-1.31272,0.292373
-1.31272,0.292373
-1.31272,0.292373
-1.33531,0.30218
-1.28067,0.242652
-1.28067,0.242652
-1.29409,0.272572
-1.29409,0.272572
-1.32337,0.303537
-1.3345,0.295218
-1.34322,0.284025
-1.34322,0.284025
-1.30505,0.268319
