MDTU,S_B
1,0.857168
2,1.00345
3,0.995036
4,0.996747
5,0.996252
6,0.99598
7,0.996414
8,0.99681
9,0.997161
10,0.997044
11,0.996734
12,0.997115
13,0.997296
14,0.997235
15,0.998208
16,0.996459
17,0.998395
18,0.997099
19,0.99671
20,0.997417
21,0.996769
22,0.997456
23,0.997409
24,0.998146
25,0.997094
26,0.997544
27,0.998077
28,0.997305
29,0.997485
30,0.997358
31,0.998235
32,0.997928
33,0.997523
34,0.997677
35,0.99792
36,0.997167
37,0.999085
38,0.997873
39,0.99854
40,0.998383
