t,eps_f,eps_g
10,0.00657895,0.000411184
20,0.00657895,0.000411184
30,0.0131579,0.000822368
40,0.0131579,0.000822368
