MDTU,|det-1|^2,1-Re(det),Im(det)
1,0.225871,0.048499,1.59516e-05
2,0.225871,0.048499,1.59516e-05
3,15.6952,-2.99222,0.000221277
4,11.2181,-2.52585,-1.02555e-05
5,13.324,-2.82494,-6.12571e-05
6,12.2484,-2.72324,0.000137733
7,12.0895,-2.73356,-0.000240312
8,11.1481,-2.61411,3.17337e-05
9,11.1481,-2.61411,3.17337e-05
10,11.8741,-2.72112,-0.000194024
11,11.2477,-2.59634,-0.000284346
12,10.7611,-2.55934,-0.000278021
13,10.7649,-2.56303,-0.000167805
14,9.71261,-2.44153,-0.000160565
15,9.14683,-2.37835,-0.000204407
16,9.42652,-2.41796,-0.000587762
17,8.53502,-2.27993,-2.55102e-05
18,8.45181,-2.28367,-0.000141364
19,8.49105,-2.29155,-0.00022949
20,7.73233,-2.19112,-0.000122946
21,7.35237,-2.10175,0.000193334
22,7.31394,-2.07036,2.95025e-05
23,7.50184,-2.11105,-9.01096e-05
24,7.1611,-2.05143,9.82815e-05
25,7.27049,-2.08124,-8.08589e-05
26,7.09016,-2.04621,-0.000208763
27,6.83488,-1.97429,-0.000355867
28,6.83032,-1.95401,-1.69967e-05
29,6.36897,-1.8975,-0.000219999
30,6.07562,-1.8501,-0.000100934
31,6.19987,-1.83646,-0.000278184
32,5.6788,-1.78459,-0.000195908
33,5.29,-1.75409,-0.000178299
34,5.71252,-1.8049,-0.00026276
35,5.10719,-1.7175,0.000311741
36,4.976,-1.69903,6.7046e-05
37,4.84282,-1.62023,1.52101e-05
38,4.27893,-1.56736,3.74173e-05
39,4.27893,-1.56736,3.74173e-05
40,4.09297,-1.54332,2.94455e-05
41,4.08763,-1.53328,-0.000110814
42,4.03151,-1.51664,3.23203e-05
43,3.67421,-1.46248,-5.04383e-06
44,3.60295,-1.4091,-6.46794e-05
45,3.59558,-1.40528,8.61817e-05
46,3.25496,-1.3362,-3.59868e-05
47,3.1768,-1.35073,3.45171e-05
48,3.1768,-1.35073,3.45171e-05
49,3.18425,-1.32398,2.83066e-05
50,3.09884,-1.2741,0.000205291
51,3.09884,-1.2741,0.000205291
52,2.82079,-1.18801,-8.55146e-05
53,2.76938,-1.20003,-5.01986e-05
54,2.72336,-1.22112,-6.29248e-05
55,2.86749,-1.28311,-0.000101142
56,2.54922,-1.20101,0.000113498
57,2.54922,-1.20101,0.000113498
58,2.42769,-1.17337,-0.000113935
59,2.34579,-1.16932,-7.6613e-05
60,2.29464,-1.14615,-7.18208e-05
61,2.11191,-1.06509,-0.000260596
62,2.08784,-1.08325,-4.52435e-05
63,2.08784,-1.08325,-4.52435e-05
64,2.19426,-1.09715,-8.50888e-05
65,2.04629,-1.04849,4.8652e-05
66,2.16479,-1.09355,-1.00015e-05
67,2.22187,-1.09002,0.000136445
68,2.25955,-1.11011,-3.60707e-05
69,2.21416,-1.10332,9.20621e-05
70,2.21384,-1.08101,-3.92437e-05
71,2.21384,-1.08101,-3.92437e-05
72,2.21384,-1.08101,-3.92437e-05
73,2.14647,-1.05805,1.37458e-05
74,1.97342,-1.01664,-3.80508e-05
75,1.84157,-0.97299,1.11215e-05
76,1.84157,-0.97299,1.11215e-05
77,1.67281,-0.93384,-7.77084e-05
78,1.65256,-0.92667,-0.00034832
79,1.60981,-0.90176,-9.94713e-05
80,1.60981,-0.90176,-9.94713e-05
81,1.60981,-0.90176,-9.94714e-05
82,1.57483,-0.88748,2.58249e-06
83,1.47877,-0.85605,7.9133e-05
84,1.45161,-0.82594,6.02518e-05
85,1.3773,-0.81149,0.000146368
86,1.49987,-0.81339,0.000269136
87,1.49987,-0.81339,0.000269136
88,1.33923,-0.76857,5.30916e-05
89,1.32028,-0.80322,2.90274e-05
90,1.35093,-0.83719,-6.43092e-05
91,1.41831,-0.82178,-0.000115974
92,1.25868,-0.75261,-4.31813e-05
93,1.25868,-0.75261,-4.31813e-05
94,1.34007,-0.76558,-5.1948e-05
95,1.32451,-0.74958,0.000162226
96,1.31445,-0.70848,-8.68807e-05
97,1.26315,-0.70741,-0.000133181
98,1.21567,-0.70406,-3.71789e-05
99,1.21567,-0.70406,-3.71789e-05
100,1.21963,-0.73291,9.87853e-05
101,1.22662,-0.73604,0.000256161
102,1.24195,-0.72252,1.56201e-05
103,1.37226,-0.77032,1.11299e-06
104,1.36412,-0.77233,2.98574e-05
105,1.48093,-0.80774,0.000131859
106,1.48093,-0.80774,0.000131859
107,1.45718,-0.78787,-8.94579e-05
108,1.3062,-0.7379,7.18093e-05
109,1.27693,-0.7238,-0.000145593
110,1.25881,-0.70164,-5.74781e-05
111,1.10457,-0.65352,0.000131606
112,1.10457,-0.65352,0.000131606
113,1.10457,-0.65352,0.000131606
114,1.10457,-0.65352,0.000131606
115,1.11585,-0.65419,5.61627e-05
116,1.11602,-0.65805,7.49726e-05
117,1.09748,-0.64824,9.96137e-05
118,1.09748,-0.64824,9.96137e-05
119,1.12415,-0.66238,0.000286209
120,1.12415,-0.66238,0.000286209
121,1.05063,-0.62533,1.56748e-05
122,1.19982,-0.68833,9.4752e-05
123,1.15158,-0.6668,5.38189e-05
124,1.03878,-0.62449,0.00026363
125,1.04048,-0.61047,7.9238e-05
126,1.02969,-0.61306,-0.000140973
127,1.02695,-0.62473,-0.000169518
128,0.9598,-0.61647,-0.000182435
129,0.92283,-0.5859,-0.000156139
130,0.889451,-0.59912,9.33845e-05
131,0.889451,-0.59912,9.33844e-05
132,0.965598,-0.61199,4.07718e-06
133,1.05312,-0.6552,-0.000180612
134,1.12731,-0.67896,0.000103256
135,1.09148,-0.66322,1.92142e-05
136,1.07035,-0.66081,4.81939e-05
137,0.882491,-0.58795,7.6475e-06
138,0.882491,-0.58795,7.6475e-06
139,0.762487,-0.54675,6.02246e-05
140,0.800591,-0.56801,-1.9673e-05
141,0.803711,-0.56583,3.52166e-05
142,0.855066,-0.58077,-2.47351e-05
143,0.847594,-0.57093,9.74034e-06
144,0.898968,-0.57331,-0.000185903
145,0.883275,-0.55425,7.51887e-05
146,0.805279,-0.51124,8.08296e-05
147,0.914442,-0.53198,4.15056e-05
148,0.914442,-0.53198,4.15056e-05
149,0.896872,-0.51814,-6.86272e-05
150,0.896872,-0.51814,-6.86272e-05
151,0.807472,-0.50996,9.44677e-05
152,0.874346,-0.54189,4.81869e-05
153,0.947593,-0.57804,6.60613e-06
154,0.947593,-0.57804,6.60613e-06
155,0.829858,-0.52795,-0.000129885
156,0.86263,-0.51923,-0.00014816
157,0.86263,-0.51923,-0.00014816
158,0.86263,-0.51923,-0.00014816
159,0.802303,-0.51609,-8.44028e-05
160,0.852227,-0.54255,-0.000103151
161,0.846138,-0.5365,2.72256e-05
162,0.84788,-0.51301,-6.68309e-05
163,0.804578,-0.49778,2.00268e-05
164,0.949417,-0.52567,-5.82308e-05
165,0.949417,-0.52567,-5.82308e-05
166,0.934426,-0.53569,1.61358e-05
167,0.934426,-0.53569,1.61358e-05
168,0.941199,-0.54716,7.75553e-05
169,0.881674,-0.52659,0.000154232
170,0.881674,-0.52659,0.000154232
171,0.890719,-0.51561,4.56572e-05
172,0.890719,-0.51561,4.56572e-05
173,0.831875,-0.50869,0.000117563
174,0.831875,-0.50869,0.000117563
175,0.799382,-0.50693,2.00144e-05
176,0.869715,-0.52553,0.000297462
177,0.869715,-0.52553,0.000297462
178,0.869715,-0.52553,0.000297462
179,0.838518,-0.51222,-5.49782e-05
180,0.845652,-0.50805,-2.236e-05
181,0.789158,-0.47117,4.28449e-05
182,0.836918,-0.50707,-3.36331e-05
183,0.889898,-0.52506,4.79208e-05
184,0.891116,-0.52022,-9.92788e-05
185,0.811618,-0.49236,-2.83421e-05
186,0.679685,-0.44828,-2.83673e-05
187,0.679685,-0.44828,-2.83673e-05
188,0.655774,-0.42549,3.37579e-05
189,0.646853,-0.39299,-0.000106072
190,0.646853,-0.39299,-0.000106072
191,0.646853,-0.39299,-0.000106072
192,0.69467,-0.43482,-3.14724e-05
193,0.620123,-0.41251,-3.7668e-05
194,0.660432,-0.44017,3.14768e-05
195,0.606191,-0.4195,-5.91895e-06
196,0.575981,-0.40237,-8.28181e-05
197,0.575981,-0.40237,-8.28181e-05
198,0.575981,-0.40237,-8.28181e-05
199,0.567802,-0.37696,-0.000119384
200,0.532341,-0.36322,-0.000251568
201,0.55417,-0.37945,-0.000105217
202,0.55417,-0.37945,-0.000105217
203,0.646861,-0.41376,-8.80233e-05
204,0.646861,-0.41376,-8.80233e-05
205,0.646484,-0.41783,-0.000150186
206,0.610505,-0.40503,2.70722e-05
207,0.648227,-0.40661,-9.90806e-05
208,0.640826,-0.40651,9.70554e-06
209,0.551828,-0.36564,-4.10039e-05
210,0.564214,-0.35191,7.18763e-05
211,0.562897,-0.3746,5.68778e-05
212,0.570657,-0.38655,0.000186661
213,0.526068,-0.35866,2.85325e-05
214,0.541287,-0.36083,1.21424e-05
215,0.541287,-0.36083,1.21424e-05
216,0.536664,-0.37424,-3.64665e-05
217,0.535761,-0.34416,0.000112445
218,0.535761,-0.34416,0.000112445
219,0.569391,-0.36903,4.38649e-05
220,0.569391,-0.36903,4.38649e-05
221,0.56662,-0.36224,-0.000229182
222,0.56662,-0.36224,-0.000229182
223,0.549945,-0.37489,-0.000213334
224,0.517617,-0.35769,-0.000125514
225,0.560106,-0.36374,-3.83305e-05
226,0.580403,-0.39098,0.000184759
227,0.600984,-0.36894,0.000124802
228,0.570615,-0.35792,1.12427e-05
229,0.570615,-0.35792,1.12427e-05
230,0.500448,-0.334,4.16236e-05
231,0.535844,-0.35292,6.15579e-05
232,0.574762,-0.37694,-0.000119402
233,0.574762,-0.37694,-0.000119402
234,0.548805,-0.36917,6.41934e-05
235,0.548805,-0.36917,6.41934e-05
236,0.597864,-0.36421,1.17159e-06
237,0.585395,-0.35903,-4.43318e-05
238,0.64832,-0.38415,2.34939e-05
239,0.605214,-0.36932,4.13981e-05
240,0.593091,-0.36662,2.28564e-05
241,0.623694,-0.36179,-0.00010025
242,0.59393,-0.35551,3.09523e-05
243,0.59393,-0.35551,3.09523e-05
244,0.59393,-0.35551,3.09523e-05
245,0.59393,-0.35551,3.09523e-05
246,0.59393,-0.35551,3.09523e-05
247,0.583889,-0.35115,-2.82094e-05
248,0.583889,-0.35115,-2.82094e-05
249,0.583889,-0.35115,-2.82094e-05
250,0.583889,-0.35115,-2.82094e-05
251,0.558926,-0.34013,5.66388e-05
252,0.529156,-0.3301,0.000101605
253,0.495478,-0.31636,4.18776e-05
254,0.521176,-0.32128,0.000143084
255,0.548516,-0.34118,0.000175109
256,0.529913,-0.31752,8.03173e-05
257,0.551183,-0.33069,9.34153e-06
258,0.551183,-0.33069,9.34153e-06
259,0.544031,-0.32238,-7.11396e-05
260,0.615955,-0.35589,0.000119404
261,0.615955,-0.35589,0.000119404
262,0.576719,-0.34498,1.31664e-05
263,0.586458,-0.35255,0.000110291
264,0.449272,-0.30097,-7.22e-05
265,0.457023,-0.29193,7.89402e-05
266,0.457023,-0.29193,7.89402e-05
267,0.454048,-0.29219,-3.44553e-05
268,0.427758,-0.26961,1.75977e-06
269,0.427758,-0.26961,1.75977e-06
270,0.446782,-0.27248,-8.06002e-05
271,0.446782,-0.27248,-8.06002e-05
272,0.446782,-0.27248,-8.06002e-05
273,0.446782,-0.27248,-8.06002e-05
274,0.41552,-0.24174,6.40762e-05
275,0.42036,-0.25085,4.88929e-05
276,0.42052,-0.27242,6.02951e-05
277,0.430061,-0.28666,1.78188e-05
278,0.430455,-0.29025,0.000100472
279,0.430455,-0.29025,0.000100472
280,0.442542,-0.29496,4.96707e-05
281,0.405802,-0.26913,0.000102068
282,0.405802,-0.26913,0.000102068
283,0.410396,-0.2778,6.61541e-06
284,0.397987,-0.26864,8.1304e-05
285,0.414913,-0.2726,9.78411e-05
286,0.371421,-0.24181,4.60536e-06
287,0.371421,-0.24181,4.60536e-06
288,0.367047,-0.24438,6.6274e-05
289,0.406358,-0.26358,-7.33236e-05
290,0.391647,-0.25115,-1.10002e-07
291,0.414672,-0.25539,1.15134e-05
292,0.419812,-0.25465,-0.000107914
293,0.458384,-0.26293,4.75965e-06
294,0.458384,-0.26293,4.75965e-06
295,0.41189,-0.23399,3.08894e-05
296,0.420438,-0.21985,0.000238324
297,0.410426,-0.22961,4.16614e-05
298,0.391362,-0.20753,2.11948e-05
299,0.377606,-0.19841,-8.74537e-06
300,0.377606,-0.19841,-8.74537e-06
301,0.445652,-0.22439,-7.92115e-05
302,0.40078,-0.19759,6.77557e-05
303,0.40078,-0.19759,6.77557e-05
304,0.405126,-0.20417,-2.92145e-05
305,0.389597,-0.19408,0.000101646
306,0.398473,-0.20555,8.36184e-05
307,0.398682,-0.18644,3.96041e-05
308,0.398682,-0.18644,3.96041e-05
309,0.382031,-0.19173,-0.000151313
310,0.382031,-0.19173,-0.000151313
311,0.352574,-0.18558,-5.6952e-05
312,0.313819,-0.15432,-4.29202e-06
313,0.322797,-0.14796,-9.3584e-05
314,0.322797,-0.14796,-9.3584e-05
315,0.377893,-0.19253,-6.87892e-05
316,0.374563,-0.18564,2.93996e-05
317,0.329702,-0.15637,-0.000140474
318,0.329702,-0.15637,-0.000140474
319,0.386957,-0.18596,-7.08649e-05
320,0.390785,-0.19764,-0.000171102
321,0.421077,-0.1964,-2.94672e-05
322,0.421077,-0.1964,-2.94672e-05
323,0.421077,-0.1964,-2.94672e-05
324,0.418153,-0.20364,0.000167364
325,0.374361,-0.1605,4.24929e-05
326,0.343586,-0.16933,5.61367e-05
327,0.343586,-0.16933,5.61367e-05
328,0.321226,-0.14736,8.03519e-05
329,0.321226,-0.14736,8.03519e-05
330,0.310682,-0.11866,-7.90438e-05
331,0.310682,-0.11866,-7.90438e-05
332,0.285706,-0.1125,5.04697e-05
333,0.287442,-0.10702,2.57478e-05
334,0.287442,-0.10702,2.57478e-05
335,0.287442,-0.10702,2.57478e-05
336,0.287442,-0.10702,2.57478e-05
337,0.302363,-0.15403,-2.58637e-05
338,0.32428,-0.1631,-4.57631e-05
339,0.275533,-0.12756,-8.80827e-05
340,0.255777,-0.13581,5.52807e-05
341,0.278997,-0.14228,0.000144515
342,0.26404,-0.12866,0.000106841
343,0.26404,-0.12866,0.000106841
344,0.26404,-0.12866,0.000106841
345,0.251603,-0.12643,2.44331e-05
346,0.249773,-0.13873,-6.06043e-05
347,0.249773,-0.13873,-6.06043e-05
348,0.285402,-0.15899,-3.38625e-06
349,0.285402,-0.15899,-3.38625e-06
350,0.287802,-0.12851,3.80501e-05
351,0.276672,-0.13101,-3.21152e-05
352,0.245517,-0.12385,6.10577e-05
353,0.245517,-0.12385,6.10577e-05
354,0.242759,-0.12487,-4.63111e-05
355,0.242759,-0.12487,-4.63111e-05
356,0.282337,-0.17379,-7.04279e-05
357,0.275246,-0.15833,2.5441e-05
358,0.300159,-0.16015,3.02436e-05
359,0.285985,-0.15061,-4.3803e-06
360,0.285985,-0.15061,-4.3803e-06
361,0.273961,-0.12633,-5.22272e-05
362,0.315098,-0.15583,9.1292e-05
363,0.331198,-0.16449,6.89404e-05
364,0.331198,-0.16449,6.89404e-05
365,0.331198,-0.16449,6.89404e-05
366,0.348729,-0.16551,1.83075e-05
367,0.292961,-0.13711,2.03212e-05
368,0.318159,-0.13895,4.03898e-05
369,0.340605,-0.14383,0.000133018
370,0.389955,-0.15955,-9.6844e-05
371,0.358839,-0.13039,-2.9566e-05
372,0.360756,-0.13614,-5.29216e-05
373,0.339761,-0.12261,3.98919e-05
374,0.332182,-0.08323,9.60385e-05
375,0.332182,-0.08323,9.60385e-05
376,0.320639,-0.10657,0.000166958
377,0.320639,-0.10657,0.000166958
378,0.319104,-0.09906,-0.000119924
379,0.296898,-0.0899,-2.14346e-05
380,0.281863,-0.09513,3.63567e-05
381,0.281863,-0.09513,3.63567e-05
382,0.281863,-0.09513,3.63567e-05
383,0.281099,-0.10145,-1.53096e-06
384,0.301916,-0.10867,6.57546e-05
385,0.300667,-0.11981,-1.16875e-05
386,0.308628,-0.12511,0.000151613
387,0.308628,-0.12511,0.000151613
388,0.305821,-0.10269,1.40465e-05
389,0.286455,-0.10285,0.000161864
390,0.293395,-0.11726,7.34322e-05
391,0.293395,-0.11726,7.34321e-05
392,0.270029,-0.09706,0.000125678
393,0.270029,-0.09706,0.000125678
394,0.270029,-0.09706,0.000125678
395,0.276843,-0.13574,-1.17308e-05
396,0.264605,-0.11022,0.000297991
397,0.252282,-0.10552,0.000146022
398,0.282086,-0.09524,-4.38946e-07
399,0.316948,-0.12438,-9.33785e-05
400,0.316948,-0.12438,-9.33785e-05
401,0.316795,-0.13162,-8.5012e-05
402,0.338396,-0.16135,-2.03086e-06
403,0.358103,-0.16628,-8.20044e-05
404,0.350739,-0.15193,7.42255e-05
405,0.354021,-0.17875,-8.8541e-05
406,0.311098,-0.14428,-9.88364e-05
407,0.32066,-0.15681,2.92151e-06
408,0.32066,-0.15681,2.92151e-06
409,0.316664,-0.16315,7.33774e-05
410,0.340463,-0.17221,-7.4751e-05
411,0.340463,-0.17221,-7.4751e-05
412,0.343026,-0.16473,7.56393e-06
413,0.299813,-0.12729,0.000134687
414,0.274468,-0.10367,-3.98769e-05
415,0.291469,-0.11234,-8.6746e-05
416,0.316996,-0.12209,2.16709e-06
417,0.316996,-0.12209,2.16709e-06
418,0.300363,-0.10202,0.000126418
419,0.311549,-0.10104,-2.02782e-05
420,0.290982,-0.06173,-9.58818e-05
421,0.325031,-0.10231,-9.49428e-05
422,0.325031,-0.10231,-9.49428e-05
423,0.301257,-0.0915,2.89193e-05
424,0.357883,-0.13427,5.93122e-05
425,0.340904,-0.10218,-2.76208e-05
426,0.354998,-0.11662,-2.19784e-05
427,0.321682,-0.10352,1.19457e-05
428,0.321682,-0.10352,1.19457e-05
429,0.315062,-0.0862,0.000106485
430,0.303656,-0.07728,-8.38113e-06
431,0.303656,-0.07728,-8.38114e-06
432,0.2992,-0.07011,0.000110398
433,0.2992,-0.07011,0.000110398
434,0.2992,-0.07011,0.000110398
435,0.305843,-0.06346,0.00012205
436,0.305843,-0.06346,0.00012205
437,0.330513,-0.079,2.93441e-07
438,0.358227,-0.10066,-6.15183e-05
439,0.329255,-0.08952,-4.01124e-05
440,0.335755,-0.08718,-1.56064e-05
441,0.346871,-0.09477,9.65524e-06
442,0.333373,-0.09999,2.01733e-05
443,0.333841,-0.1082,5.06951e-05
444,0.333841,-0.1082,5.06951e-05
445,0.29603,-0.06522,8.70267e-05
446,0.299179,-0.06389,-0.000121736
447,0.265245,-0.04833,-5.64771e-05
448,0.265245,-0.04833,-5.64771e-05
449,0.265245,-0.04833,-5.64771e-05
450,0.265245,-0.04833,-5.64771e-05
451,0.275476,-0.05291,-7.21775e-05
452,0.303767,-0.07261,3.66382e-05
453,0.267367,-0.05766,4.77371e-06
454,0.219268,-0.00587,1.86611e-05
455,0.246726,-0.0296,2.81021e-05
456,0.246726,-0.0296,2.81021e-05
457,0.240811,-0.02585,-4.80025e-05
458,0.223163,-0.00287,2.41363e-06
459,0.230977,-0.03429,-2.97693e-07
460,0.24075,-0.03072,2.71014e-05
461,0.218492,-0.00576,6.00217e-05
462,0.218492,-0.00576,6.00217e-05
463,0.218492,-0.00576,6.00217e-05
464,0.218492,-0.00576,6.00217e-05
465,0.20293,-0.00305,3.00626e-05
466,0.20293,-0.00305,3.00626e-05
467,0.216706,-0.02491,-2.34577e-05
468,0.216706,-0.02491,-2.34577e-05
469,0.210416,-0.02186,3.18654e-05
470,0.210416,-0.02186,3.18654e-05
471,0.210416,-0.02186,3.18654e-05
472,0.245114,-0.01808,-7.49039e-05
473,0.248659,-0.02064,6.01974e-05
474,0.248659,-0.02064,6.01974e-05
475,0.241291,0.005091,-6.73502e-05
476,0.242443,0.02129,-0.000120642
477,0.242443,0.02129,-0.000120642
478,0.227355,0.011664,-0.000129916
479,0.213885,0.018284,-0.000120172
480,0.213885,0.018284,-0.000120172
481,0.221419,0.00056,-6.95877e-05
482,0.211428,0.00563,7.88264e-05
483,0.216954,-0.00104,0.000111123
484,0.201951,0.035618,3.43727e-05
485,0.200453,0.02338,3.77178e-05
486,0.194513,0.034057,-3.35145e-05
487,0.231359,0.020726,4.05031e-05
488,0.226487,0.025797,-4.33789e-05
489,0.226487,0.025797,-4.33789e-05
490,0.226711,0.034539,-6.71106e-05
491,0.24453,0.001336,-2.53135e-06
492,0.24453,0.001336,-2.53135e-06
493,0.260697,-0.02907,-2.58907e-05
494,0.262565,-0.01553,1.60672e-05
495,0.262565,-0.01553,1.60672e-05
496,0.262565,-0.01553,1.60672e-05
497,0.275996,-0.03316,-6.60896e-05
498,0.250246,-0.01319,-0.000104055
499,0.255094,-0.01391,-0.000132171
500,0.255094,-0.01391,-0.000132171
501,0.220259,-0.00128,-0.000173403
502,0.203129,0.008211,9.43232e-05
503,0.219173,0.015967,9.74468e-05
504,0.215832,0.001535,6.31691e-05
505,0.217268,0.016851,-1.86253e-05
506,0.210369,0.004414,3.0355e-06
507,0.198093,0.004303,7.82576e-05
508,0.198093,0.004303,7.82576e-05
509,0.198093,0.004303,7.82576e-05
510,0.198093,0.004303,7.82576e-05
511,0.198093,0.004303,7.82576e-05
512,0.198093,0.004303,7.82576e-05
513,0.198093,0.004303,7.82576e-05
514,0.221663,-0.01959,6.32601e-05
515,0.221663,-0.01959,6.32601e-05
516,0.221663,-0.01959,6.32601e-05
517,0.195258,-0.00339,-2.66382e-05
518,0.195258,-0.00339,-2.66382e-05
519,0.208929,-0.01079,-8.68787e-05
520,0.218036,0.013683,1.57418e-05
521,0.218036,0.013683,1.57418e-05
522,0.20864,0.017564,-2.73272e-06
523,0.20864,0.017564,-2.73272e-06
524,0.215169,-0.00109,3.36688e-05
525,0.212427,-0.01899,-7.46417e-06
526,0.221928,-0.0018,-8.73509e-05
527,0.213686,-0.01133,-6.16951e-05
528,0.213686,-0.01133,-6.16951e-05
529,0.192338,0.029927,-0.000171722
530,0.191116,0.008763,-0.000117336
531,0.213911,0.001594,-3.82317e-07
532,0.213911,0.001594,-3.82317e-07
533,0.238741,-0.02041,-1.78006e-05
534,0.223319,-0.01295,-0.000116885
535,0.233826,-0.01696,-3.56298e-05
536,0.233826,-0.01696,-3.56298e-05
537,0.23234,-0.01203,-7.72678e-05
538,0.210277,-0.01459,4.70332e-05
539,0.201487,-0.01526,-2.54649e-05
540,0.201487,-0.01526,-2.54649e-05
541,0.201487,-0.01526,-2.54649e-05
542,0.201487,-0.01526,-2.54649e-05
543,0.216389,-0.01469,7.04862e-05
544,0.216389,-0.01469,7.04862e-05
545,0.216389,-0.01469,7.04862e-05
546,0.238458,-0.02795,-2.86183e-05
547,0.25523,-0.00651,-1.18589e-05
548,0.267393,-0.0062,0.000122365
549,0.267393,-0.0062,0.000122365
550,0.267393,-0.0062,0.000122365
551,0.271199,-0.02916,-5.99867e-05
552,0.284387,-0.03177,-1.6701e-05
553,0.266857,-0.0295,6.23451e-05
554,0.261608,-0.03173,-0.000136636
555,0.255889,-0.02068,-0.000160238
556,0.255889,-0.02068,-0.000160238
557,0.252693,-0.02408,-0.000128187
558,0.269305,-0.01362,-6.31819e-05
559,0.260194,-0.00151,-2.7877e-05
560,0.302018,-0.03206,-0.000104892
561,0.302018,-0.03206,-0.000104892
562,0.279788,-0.02099,-9.29068e-05
563,0.265349,-0.0298,-6.65891e-05
564,0.275642,-0.04655,4.34256e-05
565,0.27962,-0.05589,-1.56771e-05
566,0.27962,-0.05589,-1.56771e-05
567,0.228766,-0.02903,-1.15111e-05
568,0.228766,-0.02903,-1.15111e-05
569,0.248765,-0.03332,-3.46465e-05
570,0.231134,-0.04632,3.4713e-05
571,0.245988,-0.0478,4.97546e-05
572,0.245988,-0.0478,4.97546e-05
573,0.218063,-0.03103,-1.24607e-05
574,0.218063,-0.03103,-1.24607e-05
575,0.199575,-0.03883,3.52629e-05
576,0.209496,-0.04388,0.000108229
577,0.229581,-0.04945,0.000115367
578,0.229581,-0.04945,0.000115367
579,0.208628,-0.02273,7.55407e-05
580,0.208628,-0.02273,7.55407e-05
581,0.193037,-0.02393,1.557e-05
582,0.180492,-0.00237,-4.8124e-05
583,0.208106,-0.00062,-2.82198e-05
584,0.208106,-0.00062,-2.82198e-05
585,0.208106,-0.00062,-2.82198e-05
586,0.208106,-0.00062,-2.82198e-05
587,0.208106,-0.00062,-2.82198e-05
588,0.218419,-0.01673,2.95298e-05
589,0.187662,0.010617,0.000157358
590,0.207541,-0.01567,0.000118581
591,0.207541,-0.01567,0.000118581
592,0.207541,-0.01567,0.000118581
593,0.217402,-0.01994,7.0064e-06
594,0.198352,0.00193,0.000105734
595,0.198352,0.00193,0.000105734
596,0.191541,0.013849,0.000162305
597,0.191541,0.013849,0.000162305
598,0.191541,0.013849,0.000162305
599,0.169633,0.029528,-1.33873e-05
600,0.169633,0.029528,-1.33873e-05
601,0.169633,0.029528,-1.33873e-05
602,0.169633,0.029528,-1.33873e-05
603,0.169633,0.029528,-1.33873e-05
604,0.162967,0.021707,-1.50632e-05
605,0.162967,0.021707,-1.50632e-05
606,0.154249,0.060879,4.88297e-05
607,0.154249,0.060879,4.88297e-05
608,0.147096,0.065872,2.21606e-05
609,0.148809,0.055829,-9.04529e-05
610,0.176432,0.075496,1.84723e-05
611,0.176412,0.050729,-1.41071e-05
612,0.175595,0.057409,-5.52379e-05
613,0.175595,0.057409,-5.52379e-05
614,0.175595,0.057409,-5.52379e-05
615,0.175595,0.057409,-5.52379e-05
616,0.1754,0.073687,1.21961e-05
617,0.183644,0.059245,-3.75771e-05
618,0.183644,0.059245,-3.75771e-05
619,0.183644,0.059245,-3.75771e-05
620,0.190995,0.033926,-0.000112254
621,0.212541,0.017201,-5.88729e-05
622,0.212541,0.017201,-5.88729e-05
623,0.228372,0.013825,0.00012842
624,0.228372,0.013825,0.00012842
625,0.239967,-0.00035,3.22075e-05
626,0.242712,0.008104,-6.18611e-05
627,0.242712,0.008104,-6.18611e-05
628,0.242712,0.008104,-6.18611e-05
629,0.231579,0.02659,6.65399e-05
630,0.23477,0.046464,7.13761e-05
631,0.23477,0.046464,7.13762e-05
632,0.23477,0.046464,7.13762e-05
633,0.23477,0.046464,7.13762e-05
634,0.23477,0.046464,7.13762e-05
635,0.23477,0.046464,7.13762e-05
636,0.23477,0.046464,7.13762e-05
637,0.238958,0.045271,-2.04658e-05
638,0.227367,0.041664,-1.97099e-05
639,0.25795,0.023831,2.82779e-06
640,0.267947,0.024311,2.12959e-05
641,0.287556,0.004796,-2.77563e-05
642,0.27906,0.017194,2.46416e-05
643,0.27906,0.017194,2.46416e-05
644,0.282548,0.007011,-2.89197e-05
645,0.282548,0.007011,-2.89197e-05
646,0.269871,0.000218,-0.00010504
647,0.259962,-0.004,-7.97871e-05
648,0.259962,-0.004,-7.97871e-05
649,0.259962,-0.004,-7.97871e-05
650,0.259962,-0.004,-7.97871e-05
651,0.243472,0.001633,-9.38863e-05
652,0.233546,0.017581,-6.58983e-06
653,0.228933,0.011132,0.000126826
654,0.220082,0.038002,7.25488e-05
655,0.210216,0.043552,3.67124e-06
656,0.208695,0.03649,2.11921e-05
657,0.211072,0.040099,5.6574e-05
658,0.211072,0.040099,5.6574e-05
659,0.211072,0.040099,5.6574e-05
660,0.211072,0.040099,5.6574e-05
661,0.206924,0.03021,-6.06769e-05
662,0.20874,0.032942,1.72909e-05
663,0.227614,0.036991,9.28736e-05
664,0.220186,0.054843,4.13565e-05
665,0.222412,0.038371,5.74241e-05
666,0.217157,0.053886,-2.61394e-05
667,0.226039,0.039605,8.45839e-05
668,0.205002,0.068791,1.87733e-05
669,0.203123,0.065768,8.17381e-05
670,0.223183,0.041105,5.94393e-05
671,0.228366,0.03145,1.76475e-05
672,0.245397,0.015283,9.79115e-05
673,0.251137,0.017815,9.38647e-05
674,0.240447,0.032906,-1.05866e-05
675,0.254357,0.000363,-0.000136303
676,0.235904,0.028731,-5.41362e-05
677,0.257198,-0.0042,-1.0077e-05
678,0.251559,-0.02841,-8.93357e-05
679,0.251559,-0.02841,-8.93357e-05
680,0.239273,-0.00597,5.83803e-05
681,0.25569,-0.01565,7.54921e-05
682,0.274287,-0.02004,8.21093e-05
683,0.274287,-0.02004,8.21093e-05
684,0.274287,-0.02004,8.21093e-05
685,0.274287,-0.02004,8.21093e-05
686,0.274287,-0.02004,8.21093e-05
687,0.266326,-0.03562,6.30439e-05
688,0.240665,-0.00913,7.53583e-05
689,0.270141,-0.02389,6.28127e-05
690,0.240085,0.011217,-4.67855e-05
691,0.240085,0.011217,-4.67855e-05
692,0.254188,-0.00649,-7.65663e-05
693,0.243081,-0.00282,8.655e-07
694,0.243081,-0.00282,8.655e-07
695,0.237373,0.004346,4.69633e-05
696,0.237373,0.004346,4.69633e-05
697,0.231768,-0.00493,-8.27126e-05
698,0.231768,-0.00493,-8.27126e-05
699,0.231768,-0.00493,-8.27126e-05
700,0.274875,-0.04926,-2.07061e-06
701,0.274875,-0.04926,-2.0706e-06
702,0.263281,-0.03208,8.72361e-05
703,0.271128,-0.01954,1.84957e-06
704,0.259725,0.009385,-1.47687e-05
705,0.259725,0.009385,-1.47687e-05
706,0.237757,0.009071,-5.71504e-05
707,0.22693,0.017116,1.97943e-05
708,0.217093,0.015805,8.41147e-05
709,0.213808,0.01736,-8.46514e-05
710,0.201234,0.037089,-4.49034e-05
711,0.208561,-0.02758,4.41755e-05
712,0.208561,-0.02758,4.41755e-05
713,0.219633,-0.01559,1.27195e-05
714,0.204565,-0.00467,2.94508e-05
715,0.197446,0.018227,2.80871e-05
716,0.211556,0.011577,-2.55184e-07
717,0.220202,-0.00085,-1.69581e-05
718,0.220202,-0.00085,-1.69581e-05
719,0.220202,-0.00085,-1.69581e-05
720,0.211467,0.023623,3.09878e-05
721,0.222803,-0.00608,-3.83477e-05
722,0.218649,0.007475,-0.000118709
723,0.183592,0.029015,-7.7402e-05
724,0.183592,0.029015,-7.7402e-05
725,0.183592,0.029015,-7.7402e-05
726,0.189366,0.056248,3.6817e-05
727,0.189366,0.056248,3.6817e-05
728,0.189366,0.056248,3.6817e-05
729,0.197534,0.055865,7.51325e-05
730,0.190084,0.074115,-0.000102018
731,0.190084,0.074115,-0.000102018
732,0.1753,0.084863,-2.32636e-05
733,0.178294,0.06996,-2.32615e-06
734,0.168799,0.085083,7.32932e-05
735,0.175429,0.079066,0.000130444
736,0.198624,0.057467,-2.22556e-05
737,0.210115,0.045963,5.0083e-05
738,0.238443,0.026683,-0.000140649
739,0.247727,0.008824,1.70027e-05
740,0.247727,0.008824,1.70027e-05
741,0.264502,0.005916,0.000161698
742,0.267832,0.004879,-0.00016172
743,0.234566,0.051462,-5.26586e-05
744,0.245409,0.040263,4.79989e-05
745,0.274684,-0.00563,6.23684e-05
746,0.248648,0.012743,3.70383e-05
747,0.248648,0.012743,3.70383e-05
748,0.248143,0.005178,-4.11747e-05
749,0.24218,0.018737,0.000150439
750,0.219009,0.043776,7.15596e-05
751,0.240247,0.048528,1.37025e-05
752,0.235513,0.03477,-1.7298e-05
753,0.257063,0.035548,-3.81139e-05
754,0.257063,0.035548,-3.81139e-05
755,0.257063,0.035548,-3.81139e-05
756,0.257063,0.035548,-3.81139e-05
757,0.268467,0.022548,-8.27693e-05
758,0.265476,0.018627,-8.42141e-05
759,0.249865,0.015422,-2.48202e-05
760,0.249865,0.015422,-2.48202e-05
761,0.249865,0.015422,-2.48201e-05
762,0.247578,0.012595,3.27309e-06
763,0.251989,0.01517,-5.15671e-06
764,0.246956,0.024625,2.48877e-05
765,0.239503,0.033592,-0.000136444
766,0.252521,0.031956,0.000128735
767,0.246799,0.041479,8.77072e-05
768,0.228855,0.074475,9.04235e-05
769,0.242244,0.04916,-8.0272e-06
770,0.242244,0.04916,-8.0272e-06
771,0.236703,0.033837,-3.2514e-05
772,0.252648,0.007012,-3.03611e-05
773,0.252648,0.007012,-3.03611e-05
774,0.252648,0.007012,-3.03611e-05
775,0.252648,0.007012,-3.03611e-05
776,0.252648,0.007012,-3.03611e-05
777,0.252648,0.007012,-3.03611e-05
778,0.248297,0.011978,-0.000113099
779,0.253365,-0.00446,8.34505e-05
780,0.231792,0.01655,-4.80353e-05
781,0.221999,0.033917,1.84184e-05
782,0.215168,0.051712,5.51045e-05
783,0.244702,0.030279,-4.32782e-05
784,0.244702,0.030279,-4.32782e-05
785,0.224825,0.051441,-7.98342e-05
786,0.218725,0.046017,-6.7026e-05
787,0.22645,0.039018,-7.62659e-05
788,0.22645,0.039018,-7.62659e-05
789,0.22645,0.039018,-7.62659e-05
790,0.22645,0.039018,-7.62659e-05
791,0.235364,0.031939,-1.00309e-05
792,0.235364,0.031939,-1.00309e-05
793,0.213405,0.067315,-3.65521e-05
794,0.246033,0.052921,0.000106717
795,0.246033,0.052921,0.000106717
796,0.249601,0.036722,-0.000132303
797,0.249601,0.036722,-0.000132303
798,0.25695,0.036257,1.2342e-05
799,0.245807,0.028536,-4.06568e-06
800,0.244097,0.021098,-4.1908e-05
801,0.244097,0.021098,-4.19079e-05
802,0.264122,-0.0197,-8.63027e-05
803,0.264122,-0.0197,-8.63027e-05
804,0.278951,-0.015,-1.14813e-05
805,0.284125,0.00034,-0.000123234
806,0.270909,0.025901,6.38146e-05
807,0.277848,0.014844,0.000158126
808,0.282269,0.011865,0.000138294
809,0.281896,0.011464,0.000193711
810,0.270953,0.034515,0.000133756
811,0.284828,0.026302,0.000111786
812,0.284828,0.026302,0.000111786
813,0.250645,0.047918,0.000153991
814,0.277119,0.003992,1.69436e-05
815,0.277119,0.003992,1.69436e-05
816,0.236631,0.021388,-2.11827e-05
817,0.23838,0.004637,3.67483e-05
818,0.23838,0.004637,3.67483e-05
819,0.236682,0.013781,3.02694e-05
820,0.248381,0.011742,5.30435e-05
821,0.248381,0.011742,5.30435e-05
822,0.260054,-0.00175,4.09788e-05
823,0.260054,-0.00175,4.09788e-05
824,0.258444,0.005091,-4.8055e-06
825,0.214886,0.017992,4.73504e-05
826,0.214886,0.017992,4.73504e-05
827,0.197024,0.057665,6.06102e-05
828,0.197024,0.057665,6.06102e-05
829,0.192661,0.080331,-5.97178e-05
830,0.193003,0.076496,-4.111e-05
831,0.195589,0.060886,1.54422e-05
832,0.19431,0.035434,-1.53521e-05
833,0.211359,0.032177,8.84633e-05
834,0.249599,0.001482,0.000141917
835,0.2143,0.026367,0.000143514
836,0.229639,0.001872,7.15457e-05
837,0.229639,0.001872,7.15457e-05
838,0.232621,0.004967,8.29191e-05
839,0.232621,0.004967,8.29191e-05
840,0.238181,0.021382,4.96837e-05
841,0.238181,0.021382,4.96837e-05
842,0.228967,0.025315,4.49859e-06
843,0.228967,0.025315,4.49859e-06
844,0.202916,0.014308,-3.69031e-05
845,0.217919,0.010756,1.13978e-05
846,0.222509,0.006665,2.82919e-05
847,0.23475,0.009325,5.92635e-05
848,0.23475,0.009325,5.92635e-05
849,0.234686,0.008993,-4.42034e-05
850,0.214531,0.040146,3.88812e-05
851,0.225152,0.038673,-2.8042e-06
852,0.219324,0.019981,-6.4435e-05
853,0.219324,0.019981,-6.4435e-05
854,0.212818,0.029871,-2.86831e-05
855,0.21119,0.018562,-2.50688e-05
856,0.21119,0.018562,-2.50688e-05
857,0.21119,0.018562,-2.50688e-05
858,0.21119,0.018562,-2.50688e-05
859,0.213793,0.023793,9.0481e-05
860,0.191286,0.039169,7.3076e-05
861,0.191286,0.039169,7.3076e-05
862,0.191286,0.039169,7.3076e-05
863,0.209592,0.039913,-4.86292e-06
864,0.17982,0.069507,2.15825e-05
865,0.17982,0.069507,2.15825e-05
866,0.19004,0.053671,0.000123121
867,0.183577,0.07018,-5.78965e-05
868,0.183577,0.07018,-5.78965e-05
869,0.170858,0.079782,6.67182e-05
870,0.170858,0.079782,6.67182e-05
871,0.170858,0.079782,6.67182e-05
872,0.170858,0.079782,6.67182e-05
873,0.170858,0.079782,6.67182e-05
874,0.166086,0.066673,2.18086e-05
875,0.155025,0.071216,-1.07479e-05
876,0.157509,0.075181,2.92655e-05
877,0.15492,0.087721,4.13454e-05
878,0.15492,0.087721,4.13454e-05
879,0.15492,0.087721,4.13454e-05
880,0.150323,0.091175,4.86781e-05
881,0.157705,0.068185,-7.43074e-05
882,0.157705,0.068185,-7.43074e-05
883,0.157705,0.068185,-7.43074e-05
884,0.157705,0.068185,-7.43074e-05
885,0.161189,0.054937,-3.12905e-05
886,0.134826,0.03818,-9.33794e-05
887,0.130833,0.05427,-8.59955e-05
888,0.130875,0.046906,-0.000118795
889,0.129416,0.04625,-7.47835e-05
890,0.129416,0.04625,-7.47835e-05
891,0.144017,0.044014,1.75247e-05
892,0.135555,0.050729,1.37215e-05
893,0.135555,0.050729,1.37215e-05
894,0.153849,0.024049,5.51989e-05
895,0.153849,0.024049,5.51989e-05
896,0.15583,0.048467,4.62169e-06
897,0.146803,0.062101,-5.205e-05
898,0.143428,0.068195,-5.82154e-05
899,0.152527,0.043363,-7.66529e-05
900,0.152527,0.043363,-7.66529e-05
901,0.152527,0.043363,-7.66528e-05
902,0.145223,0.064229,-6.01426e-05
903,0.145223,0.064229,-6.01426e-05
904,0.143115,0.068723,4.32685e-07
905,0.155815,0.05649,0.000108465
906,0.171884,0.054244,1.38444e-05
907,0.171884,0.054244,1.38444e-05
908,0.171884,0.054244,1.38444e-05
909,0.184595,0.030704,2.14556e-05
910,0.166208,0.050556,-8.7514e-06
911,0.175488,0.067518,-0.000103715
912,0.162005,0.085971,8.82593e-06
913,0.162005,0.085971,8.82593e-06
914,0.162005,0.085971,8.82593e-06
915,0.183476,0.055567,-7.6496e-05
916,0.162991,0.069794,4.31024e-05
917,0.171915,0.066712,4.65705e-05
918,0.176743,0.099872,-2.76991e-06
919,0.170419,0.091573,-3.1912e-05
920,0.170419,0.091573,-3.1912e-05
921,0.171956,0.110244,-2.15817e-05
922,0.187679,0.099187,-3.75445e-05
923,0.187679,0.099187,-3.75445e-05
924,0.188707,0.078339,7.31673e-05
925,0.188707,0.078339,7.31673e-05
926,0.188707,0.078339,7.31673e-05
927,0.168443,0.055789,2.1652e-05
928,0.168443,0.055789,2.1652e-05
929,0.168443,0.055789,2.1652e-05
930,0.174545,0.065468,9.24269e-05
931,0.173519,0.061958,0.000102133
932,0.151446,0.087961,5.78085e-06
933,0.151446,0.087961,5.78085e-06
934,0.154967,0.086587,-1.02274e-05
935,0.154967,0.086587,-1.02274e-05
936,0.154967,0.086587,-1.02274e-05
937,0.146747,0.065022,-2.04375e-05
938,0.141262,0.047661,6.33433e-05
939,0.134696,0.057164,0.000100983
940,0.129351,0.053442,0.000161111
941,0.149519,0.072146,0.00013336
942,0.145604,0.10636,7.00843e-05
943,0.145604,0.10636,7.00843e-05
944,0.145604,0.10636,7.00843e-05
945,0.154652,0.098767,6.45872e-05
946,0.154652,0.098767,6.45872e-05
947,0.142113,0.084763,-3.81497e-05
948,0.13547,0.094995,-5.56578e-05
949,0.170464,0.070714,-1.25542e-05
950,0.185911,0.064247,8.25601e-05
951,0.165223,0.079981,9.81245e-05
952,0.165223,0.079981,9.81245e-05
953,0.165223,0.079981,9.81245e-05
954,0.165223,0.079981,9.81245e-05
955,0.165223,0.079981,9.81245e-05
956,0.165223,0.079981,9.81245e-05
957,0.165223,0.079981,9.81245e-05
958,0.159053,0.071257,-7.93723e-05
959,0.165166,0.085667,8.66128e-06
960,0.16249,0.085914,-2.19827e-05
961,0.166222,0.079788,-5.21309e-05
962,0.161043,0.063562,-3.19669e-06
963,0.161043,0.063562,-3.19669e-06
964,0.161043,0.063562,-3.19669e-06
965,0.167198,0.071669,-9.58546e-05
966,0.167198,0.071669,-9.58546e-05
967,0.167198,0.071669,-9.58546e-05
968,0.167198,0.071669,-9.58546e-05
969,0.167198,0.071669,-9.58546e-05
970,0.167198,0.071669,-9.58546e-05
971,0.15128,0.100674,-5.97155e-05
972,0.15128,0.100674,-5.97155e-05
973,0.15128,0.100674,-5.97155e-05
974,0.148992,0.09404,-4.68669e-05
975,0.168299,0.080338,5.40517e-05
976,0.168299,0.080338,5.40517e-05
977,0.168299,0.080338,5.40517e-05
978,0.183893,0.076774,-1.05217e-06
979,0.193893,0.089123,-3.50572e-05
980,0.193893,0.089123,-3.50572e-05
981,0.193893,0.089123,-3.50572e-05
982,0.191851,0.093441,-5.7859e-05
983,0.189794,0.10106,6.90339e-05
984,0.189794,0.10106,6.90339e-05
985,0.189794,0.10106,6.90339e-05
986,0.17523,0.108277,5.7782e-05
987,0.17523,0.108277,5.7782e-05
988,0.17523,0.108277,5.7782e-05
989,0.17523,0.108277,5.7782e-05
990,0.17523,0.108277,5.7782e-05
991,0.196259,0.086197,0.000101381
992,0.194687,0.104214,5.23316e-05
993,0.186426,0.078439,8.56e-05
994,0.186426,0.078439,8.56e-05
995,0.201183,0.064106,-5.25423e-05
996,0.171915,0.120201,8.1692e-06
997,0.169891,0.125205,5.15565e-05
998,0.173769,0.112303,4.80119e-06
999,0.173769,0.112303,4.80119e-06
1000,0.173769,0.112303,4.80119e-06
1001,0.175333,0.089936,6.97432e-06
1002,0.178535,0.085675,-1.80252e-05
1003,0.203105,0.03882,-9.27304e-06
1004,0.203105,0.03882,-9.27304e-06
1005,0.192724,0.047891,1.39646e-05
1006,0.192724,0.047891,1.39646e-05
1007,0.189504,0.052519,-2.4473e-05
1008,0.190697,0.059917,1.23175e-05
1009,0.190697,0.059917,1.23175e-05
1010,0.190697,0.059917,1.23175e-05
1011,0.190697,0.059917,1.23175e-05
1012,0.190697,0.059917,1.23175e-05
1013,0.176737,0.072624,5.86009e-05
1014,0.176737,0.072624,5.86009e-05
1015,0.174954,0.091714,7.12622e-05
1016,0.17073,0.103138,-7.98737e-05
1017,0.178605,0.096334,-6.46157e-05
1018,0.177451,0.105227,-6.48762e-05
1019,0.177451,0.105227,-6.48762e-05
1020,0.172101,0.11349,-4.94818e-05
1021,0.174962,0.128203,-5.50019e-05
1022,0.174962,0.128203,-5.50019e-05
1023,0.174962,0.128203,-5.50019e-05
1024,0.16495,0.136184,2.17938e-05
1025,0.150743,0.141331,-3.5417e-05
1026,0.173076,0.129351,2.37513e-05
1027,0.182713,0.113977,-6.22196e-05
1028,0.191062,0.123258,6.06366e-05
1029,0.191062,0.123258,6.06366e-05
1030,0.191062,0.123258,6.06366e-05
1031,0.190148,0.119865,3.43378e-05
1032,0.17643,0.135503,6.76521e-05
1033,0.17643,0.135503,6.76521e-05
1034,0.17643,0.135503,6.76521e-05
1035,0.177758,0.157068,2.74848e-05
1036,0.17792,0.162582,-2.1746e-05
1037,0.17792,0.162582,-2.1746e-05
1038,0.177537,0.161675,4.44001e-05
1039,0.175557,0.152631,-2.97051e-05
1040,0.178228,0.129436,2.51301e-05
1041,0.193535,0.127831,8.15251e-05
1042,0.194991,0.136405,-2.12976e-05
1043,0.194991,0.136405,-2.12976e-05
1044,0.18779,0.121379,0.00010189
1045,0.18779,0.121379,0.00010189
1046,0.209154,0.117612,-6.57071e-05
1047,0.209154,0.117612,-6.57071e-05
1048,0.197272,0.13196,-7.5687e-07
1049,0.197272,0.13196,-7.5687e-07
1050,0.197272,0.13196,-7.5687e-07
1051,0.198038,0.13155,-9.02699e-05
1052,0.182328,0.137409,-3.34232e-06
1053,0.187903,0.157782,-5.46207e-05
1054,0.185521,0.159511,8.9578e-06
1055,0.18575,0.146673,2.2187e-05
1056,0.181912,0.159177,-6.3506e-05
1057,0.19424,0.1458,8.07913e-05
1058,0.191049,0.139448,-1.72263e-06
1059,0.191049,0.139448,-1.72263e-06
1060,0.191049,0.139448,-1.72263e-06
1061,0.187163,0.125236,-3.78813e-05
1062,0.187163,0.125236,-3.78813e-05
1063,0.187219,0.103925,-3.64812e-05
1064,0.196005,0.093535,1.62421e-05
1065,0.194673,0.066141,8.22885e-06
1066,0.194673,0.066141,8.22885e-06
1067,0.194673,0.066141,8.22885e-06
1068,0.194673,0.066141,8.22885e-06
1069,0.21683,0.044225,-3.20422e-07
1070,0.190972,0.047967,2.96707e-05
1071,0.186462,0.054721,8.73748e-05
1072,0.178426,0.058866,7.03862e-05
1073,0.178426,0.058866,7.03862e-05
1074,0.203963,0.034476,0.000164915
1075,0.216916,0.046746,6.14424e-05
1076,0.201288,0.05286,7.32476e-05
1077,0.205609,0.076153,3.10226e-05
1078,0.191955,0.077,-1.27651e-05
1079,0.191955,0.077,-1.27651e-05
1080,0.191955,0.077,-1.27651e-05
1081,0.191955,0.077,-1.27651e-05
1082,0.196817,0.067463,3.21841e-05
1083,0.196817,0.067463,3.21841e-05
1084,0.189299,0.099772,1.39483e-05
1085,0.205515,0.099993,-1.60934e-05
1086,0.205515,0.099993,-1.60934e-05
1087,0.205515,0.099993,-1.60934e-05
1088,0.20557,0.109105,-9.51397e-06
1089,0.227587,0.099498,2.20987e-05
1090,0.213248,0.088663,1.16442e-06
1091,0.213248,0.088663,1.1644e-06
1092,0.209331,0.086256,-6.20112e-05
1093,0.225615,0.070508,-3.94261e-05
1094,0.227459,0.079353,-3.12921e-05
1095,0.227459,0.079353,-3.12921e-05
1096,0.227459,0.079353,-3.12921e-05
1097,0.240795,0.08252,8.61202e-05
1098,0.25018,0.082059,2.85088e-05
1099,0.244991,0.074435,1.92056e-05
1100,0.228948,0.099138,0.000100163
1101,0.228948,0.099138,0.000100163
1102,0.233873,0.114039,-1.37945e-05
1103,0.242622,0.087611,-4.31204e-05
1104,0.242622,0.087611,-4.31204e-05
1105,0.254922,0.067895,-3.00149e-05
1106,0.24252,0.074068,-0.000107776
1107,0.24252,0.074068,-0.000107776
1108,0.248636,0.052265,3.60685e-05
1109,0.265805,0.075143,-8.05165e-06
1110,0.265805,0.075143,-8.05165e-06
1111,0.265805,0.075143,-8.05167e-06
1112,0.239669,0.077091,-4.99933e-05
1113,0.241289,0.063705,5.97813e-05
1114,0.222648,0.059235,6.52843e-05
1115,0.207346,0.051484,0.000210079
1116,0.207346,0.051484,0.000210079
1117,0.207346,0.051484,0.000210079
1118,0.207346,0.051484,0.000210079
1119,0.200133,0.073358,1.03891e-05
1120,0.22974,0.043769,9.65022e-05
1121,0.22974,0.043769,9.65021e-05
1122,0.22974,0.043769,9.65021e-05
1123,0.215406,0.065739,6.8369e-05
1124,0.218185,0.065804,-1.07861e-05
1125,0.218185,0.065804,-1.07861e-05
1126,0.22919,0.059002,-5.60566e-05
1127,0.232453,0.037121,-2.54119e-06
1128,0.236683,0.05532,2.22628e-05
1129,0.236683,0.05532,2.22628e-05
1130,0.22744,0.072597,-6.45024e-05
1131,0.230137,0.097426,2.18515e-05
1132,0.230137,0.097426,2.18515e-05
1133,0.238151,0.068239,-4.62519e-05
1134,0.238151,0.068239,-4.62519e-05
1135,0.233564,0.056062,0.000171568
1136,0.24045,0.03622,-3.14318e-05
1137,0.24804,0.015849,-6.41417e-05
1138,0.24804,0.015849,-6.41417e-05
1139,0.241606,0.028904,-2.46704e-05
1140,0.221266,0.041483,2.31868e-06
1141,0.227192,0.054947,-5.02952e-05
1142,0.227192,0.054947,-5.02952e-05
1143,0.227227,0.051185,-3.45969e-05
1144,0.231897,0.061313,-3.47986e-05
1145,0.259965,0.060935,6.8438e-05
1146,0.259965,0.060935,6.8438e-05
1147,0.234705,0.056302,-1.95737e-05
1148,0.227184,0.068321,8.5138e-05
1149,0.227184,0.068321,8.5138e-05
1150,0.248635,0.072939,-3.21548e-06
1151,0.248635,0.072939,-3.21551e-06
1152,0.226523,0.074989,3.80986e-05
1153,0.226523,0.074989,3.80986e-05
1154,0.225791,0.04181,-1.93799e-05
1155,0.214268,0.039947,-2.48565e-05
1156,0.204517,0.041828,-2.83485e-05
1157,0.23316,0.044942,4.65101e-05
1158,0.213011,0.0508,6.81609e-05
1159,0.206844,0.03983,0.000132148
1160,0.206844,0.03983,0.000132148
1161,0.205728,0.050649,-1.28391e-05
1162,0.205728,0.050649,-1.28391e-05
1163,0.210307,0.05845,2.04706e-05
1164,0.229659,0.047319,-2.65307e-05
1165,0.205952,0.069299,-0.000144368
1166,0.200236,0.087046,4.0537e-05
1167,0.200236,0.087046,4.0537e-05
1168,0.200236,0.087046,4.0537e-05
1169,0.193609,0.07343,-0.000101366
1170,0.188398,0.077085,-0.000101773
1171,0.177653,0.060993,-0.000147122
1172,0.177859,0.081447,-0.000124504
1173,0.177859,0.081447,-0.000124504
1174,0.18051,0.075407,-3.1485e-05
1175,0.18051,0.075407,-3.1485e-05
1176,0.162492,0.077249,-0.000119341
1177,0.169775,0.073855,-6.38353e-05
1178,0.171668,0.08516,-8.28725e-05
1179,0.192753,0.059267,0.000107219
1180,0.192753,0.059267,0.000107219
1181,0.192753,0.059267,0.000107219
1182,0.197918,0.036507,9.27957e-05
1183,0.201697,0.050682,6.98909e-05
1184,0.209637,0.060875,-7.96965e-05
1185,0.195423,0.04669,-0.000110264
1186,0.201376,0.044244,-4.11798e-05
1187,0.203957,0.050944,3.63199e-06
1188,0.203957,0.050944,3.63199e-06
1189,0.184278,0.051782,-8.2543e-05
1190,0.184278,0.051782,-8.2543e-05
1191,0.184278,0.051782,-8.2543e-05
1192,0.184278,0.051782,-8.2543e-05
1193,0.193244,0.055524,1.41357e-05
1194,0.179409,0.045141,9.692e-05
1195,0.17359,0.070122,9.03435e-06
1196,0.17359,0.070122,9.03435e-06
1197,0.183872,0.065417,5.39977e-05
1198,0.183872,0.065417,5.39977e-05
1199,0.183872,0.065417,5.39977e-05
1200,0.176084,0.084557,1.92684e-05
1201,0.160723,0.079448,-0.000104663
1202,0.160723,0.079448,-0.000104663
1203,0.173314,0.07554,-2.89434e-05
1204,0.166363,0.070171,-4.01137e-05
1205,0.161,0.061964,-8.77697e-06
1206,0.161,0.061964,-8.77697e-06
1207,0.159729,0.068878,-4.19832e-05
1208,0.168893,0.04682,2.86857e-05
1209,0.167936,0.051338,-1.59559e-05
1210,0.167936,0.051338,-1.59559e-05
1211,0.175675,0.056342,3.6304e-06
1212,0.175675,0.056342,3.6304e-06
1213,0.171745,0.06818,-4.97561e-05
1214,0.171745,0.06818,-4.97561e-05
1215,0.171745,0.06818,-4.97561e-05
1216,0.171745,0.06818,-4.97561e-05
1217,0.171745,0.06818,-4.97561e-05
1218,0.164569,0.057299,0.000113113
1219,0.164569,0.057299,0.000113113
1220,0.172091,0.077328,-5.38659e-06
1221,0.195993,0.062228,-3.76921e-05
1222,0.213725,0.069009,-5.16243e-05
1223,0.210626,0.06653,7.69072e-05
1224,0.212144,0.057349,6.27418e-05
1225,0.212144,0.057349,6.27418e-05
1226,0.199442,0.060736,9.88398e-06
1227,0.199442,0.060736,9.88398e-06
1228,0.199442,0.060736,9.88398e-06
1229,0.191422,0.079517,2.62933e-05
1230,0.199371,0.063521,0.000103763
1231,0.199371,0.063521,0.000103763
1232,0.199371,0.063521,0.000103763
1233,0.185232,0.055417,0.000107819
1234,0.189446,0.033213,0.000121695
1235,0.189446,0.033213,0.000121695
1236,0.185002,0.03554,8.17357e-05
1237,0.172843,0.050118,2.87661e-05
1238,0.172843,0.050118,2.87661e-05
1239,0.172843,0.050118,2.87661e-05
1240,0.172843,0.050118,2.87661e-05
1241,0.194899,0.0275,4.37611e-05
1242,0.194899,0.0275,4.37611e-05
1243,0.185587,0.059655,0.00011441
1244,0.176056,0.092026,1.50408e-05
1245,0.161487,0.103418,-8.20585e-06
1246,0.179134,0.096673,-3.25678e-05
1247,0.165733,0.079769,6.30781e-05
1248,0.165733,0.079769,6.30781e-05
1249,0.165733,0.079769,6.30781e-05
1250,0.168979,0.070169,9.42173e-05
1251,0.168979,0.070169,9.42173e-05
1252,0.178401,0.082647,1.68282e-05
1253,0.181504,0.082889,4.25839e-05
1254,0.175555,0.091127,-1.40209e-05
1255,0.175555,0.091127,-1.40209e-05
1256,0.180043,0.079165,-8.57291e-05
1257,0.175816,0.075566,-6.96595e-05
1258,0.178283,0.061968,4.43142e-05
1259,0.178283,0.061968,4.43142e-05
1260,0.171278,0.065992,-3.81331e-05
1261,0.177554,0.069898,-6.06145e-05
1262,0.168234,0.104639,5.03439e-05
1263,0.152487,0.093202,4.48779e-05
1264,0.154648,0.10927,-2.93656e-05
1265,0.154648,0.10927,-2.93656e-05
1266,0.158481,0.09802,-5.61957e-05
1267,0.158481,0.09802,-5.61957e-05
1268,0.175394,0.084208,-4.76429e-05
1269,0.180328,0.093588,-5.85076e-05
1270,0.163835,0.116442,2.19339e-05
1271,0.163835,0.116442,2.19338e-05
1272,0.163835,0.116442,2.19338e-05
1273,0.172972,0.106062,9.55832e-05
1274,0.182937,0.095365,5.3129e-05
1275,0.174352,0.123428,2.8308e-05
1276,0.174352,0.123428,2.8308e-05
1277,0.176835,0.113359,-2.9879e-05
1278,0.185595,0.119294,3.31294e-05
1279,0.185595,0.119294,3.31294e-05
1280,0.185595,0.119294,3.31294e-05
1281,0.206629,0.07922,-0.000161916
1282,0.187859,0.079996,-4.58458e-05
1283,0.187859,0.079996,-4.58458e-05
1284,0.1969,0.070199,-2.91578e-05
1285,0.165556,0.078657,5.16635e-05
1286,0.177748,0.091007,0.000113545
1287,0.198261,0.078726,-3.20596e-05
1288,0.198261,0.078726,-3.20596e-05
1289,0.200947,0.074688,-9.93233e-05
1290,0.197059,0.062611,-1.04049e-05
1291,0.202871,0.074915,1.12376e-05
1292,0.189464,0.093268,-4.85525e-05
1293,0.182795,0.091214,-6.35064e-05
1294,0.192724,0.092496,-2.36222e-05
1295,0.192724,0.092496,-2.36222e-05
1296,0.226637,0.070326,1.53716e-05
1297,0.226637,0.070326,1.53716e-05
1298,0.217191,0.073371,2.6574e-05
1299,0.217191,0.073371,2.6574e-05
1300,0.217191,0.073371,2.6574e-05
1301,0.212472,0.09084,-6.23568e-05
1302,0.209649,0.073906,-8.91493e-05
1303,0.194239,0.067607,5.68578e-05
1304,0.187355,0.075458,1.40053e-06
1305,0.187355,0.075458,1.40053e-06
1306,0.187355,0.075458,1.40053e-06
1307,0.202689,0.051899,3.30457e-05
1308,0.192196,0.074671,9.68258e-05
1309,0.199555,0.083764,8.66639e-05
1310,0.199555,0.083764,8.66639e-05
1311,0.194272,0.101086,-2.9566e-06
1312,0.205915,0.078223,-0.000185994
1313,0.184078,0.0793,2.77172e-05
1314,0.184078,0.0793,2.77172e-05
1315,0.178023,0.066234,-0.00014582
1316,0.178023,0.066234,-0.00014582
1317,0.178023,0.066234,-0.00014582
1318,0.178023,0.066234,-0.00014582
1319,0.166243,0.053205,-4.23591e-05
1320,0.165301,0.059789,-6.45946e-05
1321,0.165301,0.059789,-6.45945e-05
1322,0.167907,0.080523,-8.49655e-05
1323,0.16717,0.07747,-9.59241e-05
1324,0.174845,0.084498,4.05512e-05
1325,0.175474,0.09454,2.4578e-05
1326,0.175474,0.09454,2.4578e-05
1327,0.177206,0.09889,2.83262e-07
1328,0.177206,0.09889,2.83262e-07
1329,0.177206,0.09889,2.83262e-07
1330,0.177206,0.09889,2.83262e-07
1331,0.165689,0.121161,-9.75082e-06
1332,0.169383,0.118362,-4.05998e-05
1333,0.169383,0.118362,-4.05998e-05
1334,0.180445,0.132203,-1.46934e-05
1335,0.187542,0.157777,1.96023e-05
1336,0.197201,0.116896,0.000130746
1337,0.185164,0.115057,1.90635e-05
1338,0.185863,0.102794,-5.70849e-05
1339,0.185863,0.102794,-5.70849e-05
1340,0.185863,0.102794,-5.70849e-05
1341,0.193746,0.107322,0.000108971
1342,0.193029,0.116771,0.000144547
1343,0.184679,0.116279,0.000112667
1344,0.206222,0.109058,4.15168e-05
1345,0.206222,0.109058,4.15168e-05
1346,0.19828,0.10138,-4.62561e-05
1347,0.19828,0.10138,-4.62561e-05
1348,0.19828,0.10138,-4.62561e-05
1349,0.203483,0.095281,-0.000112991
1350,0.208754,0.097946,-6.84639e-05
1351,0.210169,0.092095,6.58429e-07
1352,0.206306,0.086057,-7.21638e-05
1353,0.221332,0.048475,-0.00014499
1354,0.202707,0.074874,-1.14967e-05
1355,0.187259,0.097557,-3.41531e-05
1356,0.194485,0.111088,3.65549e-05
1357,0.194485,0.111088,3.65549e-05
1358,0.203754,0.105076,-8.56481e-05
1359,0.203754,0.105076,-8.56481e-05
1360,0.203754,0.105076,-8.56481e-05
1361,0.199521,0.104509,5.90197e-05
1362,0.199521,0.104509,5.90197e-05
1363,0.199521,0.104509,5.90197e-05
1364,0.197047,0.101092,8.97891e-06
1365,0.197047,0.101092,8.97891e-06
1366,0.197047,0.101092,8.97891e-06
1367,0.177224,0.079468,-6.20575e-05
1368,0.171515,0.076873,-7.00968e-05
1369,0.174623,0.070702,-0.000155943
1370,0.187781,0.060722,-0.000137291
1371,0.214616,0.053541,1.72635e-05
1372,0.203969,0.055841,-2.32397e-05
1373,0.203969,0.055841,-2.32397e-05
1374,0.203969,0.055841,-2.32397e-05
1375,0.214854,0.033341,8.30815e-07
1376,0.215998,0.049984,-3.26346e-05
1377,0.207751,0.0484,-4.62099e-05
1378,0.213786,0.064775,4.31935e-05
1379,0.196742,0.10596,-4.00056e-05
1380,0.195117,0.091663,-9.17908e-06
1381,0.195117,0.091663,-9.17907e-06
1382,0.195117,0.091663,-9.17907e-06
1383,0.191125,0.085861,-4.59418e-05
1384,0.190094,0.092292,-4.96673e-05
1385,0.186844,0.091895,-8.96803e-06
1386,0.186844,0.091895,-8.96803e-06
1387,0.204824,0.079229,2.81929e-05
1388,0.203596,0.083695,-3.25684e-05
1389,0.203596,0.083695,-3.25684e-05
1390,0.203596,0.083695,-3.25684e-05
1391,0.202746,0.074925,-4.604e-05
1392,0.202746,0.074925,-4.604e-05
1393,0.181314,0.105965,7.99399e-05
1394,0.179432,0.136596,-2.87694e-05
1395,0.174755,0.140343,-0.000114344
1396,0.178031,0.147362,5.27223e-05
1397,0.177544,0.144291,-8.06466e-05
1398,0.182259,0.151718,-1.00084e-05
1399,0.182259,0.151718,-1.00084e-05
1400,0.198317,0.124218,3.26831e-05
1401,0.198317,0.124218,3.26831e-05
1402,0.21867,0.112053,1.45133e-05
1403,0.21867,0.112053,1.45133e-05
1404,0.214433,0.109411,-0.000158656
1405,0.198859,0.122151,3.72681e-05
1406,0.198859,0.122151,3.72681e-05
1407,0.198859,0.122151,3.72681e-05
1408,0.198859,0.122151,3.72681e-05
1409,0.198859,0.122151,3.72681e-05
1410,0.207138,0.155828,-7.30398e-05
1411,0.207138,0.155828,-7.30398e-05
1412,0.207138,0.155828,-7.30398e-05
1413,0.204271,0.171473,-1.65979e-05
1414,0.211803,0.174967,1.67912e-05
1415,0.211803,0.174967,1.67912e-05
1416,0.211803,0.174967,1.67912e-05
1417,0.211803,0.174967,1.67912e-05
1418,0.209725,0.158699,-7.77634e-05
1419,0.209725,0.158699,-7.77634e-05
1420,0.209725,0.158699,-7.77634e-05
1421,0.201952,0.169706,4.45532e-05
1422,0.197406,0.165452,-7.42478e-05
1423,0.197406,0.165452,-7.42478e-05
1424,0.202913,0.182872,8.35165e-05
1425,0.202913,0.182872,8.35165e-05
1426,0.201363,0.165294,-2.79108e-05
1427,0.209819,0.173407,-2.86715e-05
1428,0.209819,0.173407,-2.86715e-05
1429,0.212765,0.180862,4.45054e-05
1430,0.212765,0.180862,4.45054e-05
1431,0.212765,0.180862,4.45054e-05
1432,0.212765,0.180862,4.45054e-05
1433,0.218001,0.184612,2.17787e-05
1434,0.218001,0.184612,2.17787e-05
1435,0.228577,0.191221,-1.38225e-05
1436,0.231495,0.195539,-3.73656e-06
1437,0.229168,0.197551,-1.11687e-06
1438,0.229168,0.197551,-1.11687e-06
1439,0.229168,0.197551,-1.11687e-06
1440,0.232691,0.174379,-7.81238e-05
1441,0.222092,0.180888,6.04861e-05
1442,0.222092,0.180888,6.04861e-05
1443,0.222092,0.180888,6.04861e-05
1444,0.222092,0.180888,6.04861e-05
1445,0.222092,0.180888,6.04861e-05
1446,0.222092,0.180888,6.04861e-05
1447,0.217351,0.182565,-6.28621e-05
1448,0.227153,0.176901,3.79443e-05
1449,0.227153,0.176901,3.79443e-05
1450,0.221629,0.167089,6.21199e-05
1451,0.223747,0.161588,4.07008e-05
1452,0.223747,0.161588,4.07008e-05
1453,0.214983,0.167474,-7.44636e-06
1454,0.208108,0.169048,-3.06531e-05
1455,0.208108,0.169048,-3.06531e-05
1456,0.208108,0.169048,-3.06531e-05
1457,0.208108,0.169048,-3.06531e-05
1458,0.226198,0.175229,-6.39199e-05
1459,0.220291,0.145132,-3.75813e-05
1460,0.207643,0.135941,-1.30527e-05
1461,0.207643,0.135941,-1.30527e-05
1462,0.207643,0.135941,-1.30527e-05
1463,0.207643,0.135941,-1.30527e-05
1464,0.226337,0.140651,-7.68872e-05
1465,0.2308,0.141041,3.18841e-05
1466,0.224167,0.116353,-1.71522e-05
1467,0.224167,0.116353,-1.71522e-05
1468,0.209239,0.122757,-2.97985e-05
1469,0.191195,0.132718,-6.23727e-06
1470,0.199368,0.114524,6.31783e-05
1471,0.188121,0.13421,-0.000140113
1472,0.188121,0.13421,-0.000140113
1473,0.186805,0.139385,-0.000164168
1474,0.186805,0.139385,-0.000164168
1475,0.211181,0.129232,-0.000127449
1476,0.221408,0.120143,-0.000137051
1477,0.221408,0.120143,-0.000137051
1478,0.221408,0.120143,-0.000137051
1479,0.221408,0.120143,-0.000137051
1480,0.225285,0.128161,-5.72679e-05
1481,0.216976,0.121751,-4.75485e-05
1482,0.219422,0.145473,-2.2646e-05
1483,0.219061,0.149608,-8.91985e-05
1484,0.219061,0.149608,-8.91985e-05
1485,0.213066,0.14573,9.13327e-05
1486,0.213066,0.14573,9.13327e-05
1487,0.215993,0.14185,6.08714e-05
1488,0.219114,0.144668,5.79389e-05
1489,0.210236,0.132696,-7.55073e-06
1490,0.221643,0.124351,-2.16785e-05
1491,0.221643,0.124351,-2.16786e-05
1492,0.221643,0.124351,-2.16786e-05
1493,0.221643,0.124351,-2.16786e-05
1494,0.205224,0.142048,1.75291e-06
1495,0.205224,0.142048,1.75291e-06
1496,0.195422,0.131992,-3.71533e-05
1497,0.195422,0.131992,-3.71533e-05
1498,0.195422,0.131992,-3.71533e-05
1499,0.200032,0.115826,3.95019e-05
1500,0.200032,0.115826,3.95019e-05
1501,0.193684,0.11544,-4.82208e-05
1502,0.18315,0.142648,-9.9556e-05
1503,0.18315,0.142648,-9.9556e-05
1504,0.18315,0.142648,-9.9556e-05
1505,0.18315,0.142648,-9.9556e-05
1506,0.15581,0.132515,-0.000125583
1507,0.15581,0.132515,-0.000125583
1508,0.15196,0.142095,-8.99977e-05
1509,0.15196,0.142095,-8.99977e-05
1510,0.157162,0.142836,-8.82954e-05
1511,0.157162,0.142836,-8.82954e-05
1512,0.161042,0.15117,-6.62936e-05
1513,0.161042,0.15117,-6.62936e-05
1514,0.166678,0.142605,-0.000149087
1515,0.167382,0.132162,3.55611e-06
1516,0.167382,0.132162,3.55611e-06
1517,0.180023,0.155891,1.67223e-05
1518,0.156158,0.175336,-1.02079e-05
1519,0.158243,0.189596,-9.88143e-05
1520,0.158243,0.189596,-9.88143e-05
1521,0.164614,0.185567,-7.63594e-05
1522,0.173126,0.161496,-8.24712e-05
1523,0.181412,0.125053,1.52051e-05
1524,0.179045,0.096749,-2.54461e-05
1525,0.179045,0.096749,-2.54461e-05
1526,0.179045,0.096749,-2.54461e-05
1527,0.162355,0.100145,-7.71111e-05
1528,0.169508,0.109543,5.16386e-06
1529,0.15668,0.125673,-7.17596e-06
1530,0.150114,0.118783,-1.31677e-05
1531,0.150114,0.118783,-1.31677e-05
1532,0.150114,0.118783,-1.31677e-05
1533,0.143632,0.125338,-3.73669e-05
1534,0.137932,0.138226,-7.74869e-05
1535,0.137932,0.138226,-7.74869e-05
1536,0.1403,0.124648,-4.5359e-05
1537,0.1403,0.124648,-4.5359e-05
1538,0.144116,0.132267,7.19307e-05
1539,0.132564,0.100571,-4.02343e-05
1540,0.124615,0.099615,-2.24727e-05
1541,0.132402,0.100614,-8.7558e-05
1542,0.130114,0.128084,4.34741e-05
1543,0.127507,0.124945,-5.07378e-05
1544,0.130977,0.123196,-4.68648e-05
1545,0.130977,0.123196,-4.68648e-05
1546,0.123545,0.103612,1.54456e-05
1547,0.119708,0.085413,4.52259e-05
1548,0.132703,0.084149,7.20039e-05
1549,0.132703,0.084149,7.20039e-05
1550,0.132703,0.084149,7.20039e-05
1551,0.132703,0.084149,7.2004e-05
1552,0.130347,0.090327,-1.02723e-05
1553,0.138002,0.1039,-4.19444e-06
1554,0.138002,0.1039,-4.19444e-06
1555,0.136681,0.122818,-5.80008e-05
1556,0.136681,0.122818,-5.80008e-05
1557,0.136681,0.122818,-5.80008e-05
1558,0.144405,0.100858,-7.53242e-05
1559,0.144405,0.100858,-7.53242e-05
1560,0.148228,0.100842,-9.35283e-05
1561,0.148228,0.100842,-9.35283e-05
1562,0.147052,0.107111,-0.000135144
1563,0.147052,0.107111,-0.000135144
1564,0.152562,0.096886,-0.000110664
1565,0.153193,0.077143,-4.94433e-05
1566,0.153193,0.077143,-4.94433e-05
1567,0.153193,0.077143,-4.94433e-05
1568,0.184391,0.059801,-5.04327e-05
1569,0.179372,0.074005,-9.45004e-05
1570,0.177449,0.051143,4.6563e-05
1571,0.158756,0.091957,1.02419e-05
1572,0.176004,0.099057,-8.34563e-05
1573,0.176004,0.099057,-8.34563e-05
1574,0.176004,0.099057,-8.34563e-05
1575,0.187945,0.123737,2.98173e-05
1576,0.184966,0.107564,3.9694e-05
1577,0.184966,0.107564,3.9694e-05
1578,0.194834,0.100262,4.53993e-06
1579,0.186639,0.072758,8.44103e-05
1580,0.186639,0.072758,8.44103e-05
1581,0.181123,0.077993,1.62198e-05
1582,0.182719,0.069246,1.84813e-05
1583,0.182719,0.069246,1.84813e-05
1584,0.17728,0.064309,1.57012e-05
1585,0.171346,0.068054,-5.77671e-05
1586,0.171346,0.068054,-5.77671e-05
1587,0.197695,0.044143,5.77673e-05
1588,0.181259,0.047119,-3.28054e-05
1589,0.181417,0.070184,-3.68187e-06
1590,0.168587,0.078069,8.87708e-05
1591,0.182077,0.078455,-3.76254e-05
1592,0.185563,0.064619,8.77972e-05
1593,0.182799,0.060736,7.72718e-05
1594,0.176385,0.047277,5.73802e-05
1595,0.176385,0.047277,5.73802e-05
1596,0.16099,0.064466,-3.15942e-05
1597,0.192296,0.045024,9.53159e-05
1598,0.214673,0.033851,-5.22928e-05
1599,0.214673,0.033851,-5.22928e-05
1600,0.22693,0.0188,4.13964e-06
1601,0.22693,0.0188,4.13966e-06
1602,0.206185,0.028023,3.61778e-05
1603,0.197926,0.026356,0.000109437
1604,0.197926,0.026356,0.000109437
1605,0.199593,0.018387,4.696e-05
1606,0.188999,0.044247,0.000141701
1607,0.185897,0.016248,3.02897e-05
1608,0.210666,0.008001,-1.47449e-05
1609,0.207138,-0.00654,-7.22281e-06
1610,0.207138,-0.00654,-7.22281e-06
1611,0.214968,-0.0037,-2.06767e-05
1612,0.213184,-0.00495,1.89077e-05
1613,0.21855,-0.03231,-0.000145039
1614,0.21855,-0.03231,-0.000145039
1615,0.21855,-0.03231,-0.000145039
1616,0.21855,-0.03231,-0.000145039
1617,0.219343,-0.03158,-2.78516e-05
1618,0.22538,-0.03578,-9.96544e-06
1619,0.22538,-0.03578,-9.96544e-06
1620,0.205587,-0.0217,-9.14787e-05
1621,0.213795,-0.0002,2.63754e-05
1622,0.214015,0.008472,-4.79139e-05
1623,0.214015,0.008472,-4.79139e-05
1624,0.214015,0.008472,-4.79139e-05
1625,0.219601,-0.01154,4.53339e-06
1626,0.219601,-0.01154,4.53339e-06
1627,0.204626,0.00209,-4.81806e-05
1628,0.200895,0.028946,-6.29615e-05
1629,0.218821,0.023869,4.26517e-05
1630,0.218821,0.023869,4.26517e-05
1631,0.213962,0.027684,3.675e-05
1632,0.205532,0.014843,-1.21701e-05
1633,0.205532,0.014843,-1.21701e-05
1634,0.194198,0.007848,-7.78327e-06
1635,0.194198,0.007848,-7.78327e-06
1636,0.178692,0.026588,-3.69145e-05
1637,0.191093,0.028203,-8.60626e-05
1638,0.191093,0.028203,-8.60626e-05
1639,0.200717,0.019451,3.85049e-05
1640,0.178016,0.014675,-6.85842e-05
1641,0.178014,0.014855,-9.2537e-05
1642,0.174417,0.003947,4.09368e-05
1643,0.174417,0.003947,4.09368e-05
1644,0.174417,0.003947,4.09368e-05
1645,0.174417,0.003947,4.09368e-05
1646,0.174417,0.003947,4.09368e-05
1647,0.173758,0.009161,5.98408e-05
1648,0.173758,0.009161,5.98408e-05
1649,0.19622,0.029537,4.59563e-06
1650,0.19622,0.029537,4.59563e-06
1651,0.193015,0.010104,6.68747e-05
1652,0.188916,0.015495,-6.31206e-05
1653,0.188916,0.015495,-6.31206e-05
1654,0.188916,0.015495,-6.31206e-05
1655,0.20025,0.006302,1.76167e-05
1656,0.20025,0.006302,1.76167e-05
1657,0.196974,0.02578,2.51865e-05
1658,0.192261,0.030996,5.8497e-06
1659,0.192354,0.025312,-4.17117e-07
1660,0.192354,0.025312,-4.17117e-07
1661,0.192354,0.025312,-4.17118e-07
1662,0.186999,0.05079,9.13318e-05
1663,0.187267,0.044867,-3.17914e-05
1664,0.179934,0.055406,1.94196e-05
1665,0.195523,0.043368,-3.9622e-05
1666,0.195523,0.043368,-3.9622e-05
1667,0.1869,0.05111,3.29087e-06
1668,0.201731,0.04727,2.59455e-05
1669,0.207841,0.032224,-3.57334e-05
1670,0.194347,0.019913,-1.18136e-05
1671,0.191664,0.001004,1.57924e-05
1672,0.181247,0.039075,6.46214e-05
1673,0.214431,0.028733,-1.5641e-05
1674,0.214431,0.028733,-1.5641e-05
1675,0.236989,0.028635,-6.63827e-05
1676,0.236989,0.028635,-6.63827e-05
1677,0.236989,0.028635,-6.63827e-05
1678,0.253427,0.01972,-0.000154404
1679,0.250648,0.01061,1.88319e-05
1680,0.236552,-0.00348,-1.45472e-06
1681,0.236552,-0.00348,-1.4547e-06
1682,0.239677,-0.0194,-1.38155e-05
1683,0.212884,-0.01196,-6.5695e-05
1684,0.212474,-0.04735,1.74627e-05
1685,0.215712,-0.06912,2.30863e-06
1686,0.215712,-0.06912,2.30863e-06
1687,0.208642,-0.07337,-3.212e-05
1688,0.222637,-0.06039,7.93916e-05
1689,0.192268,-0.0387,-0.000135908
1690,0.237586,-0.06525,-9.91841e-05
1691,0.233782,-0.074,1.47809e-05
1692,0.248875,-0.07321,8.98634e-05
1693,0.229089,-0.04859,0.000188275
1694,0.251446,-0.05112,6.58856e-05
1695,0.23015,-0.02102,9.89751e-05
1696,0.251065,-0.05941,9.32252e-05
1697,0.230599,-0.05028,7.52284e-05
1698,0.203309,-0.01813,6.80715e-05
1699,0.203309,-0.01813,6.80715e-05
1700,0.231537,-0.03057,-7.40457e-05
1701,0.214171,-0.00896,-0.000137551
1702,0.208944,0.006235,3.51528e-05
1703,0.199656,0.041306,6.10372e-05
1704,0.199656,0.041306,6.10372e-05
1705,0.205679,0.032029,-2.08342e-05
1706,0.211638,0.020674,-4.2796e-05
1707,0.198069,0.015753,-7.30578e-05
1708,0.200508,0.008038,1.55917e-05
1709,0.218531,-0.01183,4.51915e-05
1710,0.219102,-0.03316,5.99439e-05
1711,0.194309,-0.0158,-4.21049e-05
1712,0.199061,-0.02536,-2.4945e-05
1713,0.199061,-0.02536,-2.4945e-05
1714,0.199061,-0.02536,-2.4945e-05
1715,0.20214,0.001071,2.69151e-05
1716,0.193262,0.015696,-8.5246e-06
1717,0.193262,0.015696,-8.5246e-06
1718,0.193262,0.015696,-8.5246e-06
1719,0.193262,0.015696,-8.5246e-06
1720,0.188504,0.008723,-4.21955e-05
1721,0.188504,0.008723,-4.21955e-05
1722,0.190458,0.01629,3.2519e-05
1723,0.190458,0.01629,3.2519e-05
1724,0.190458,0.01629,3.2519e-05
1725,0.190458,0.01629,3.2519e-05
1726,0.190458,0.01629,3.2519e-05
1727,0.191053,0.017163,9.45328e-05
1728,0.191053,0.017163,9.45328e-05
1729,0.215068,0.015784,-4.44556e-05
1730,0.213364,0.015586,-5.20978e-06
1731,0.207202,0.018733,-1.79062e-05
1732,0.201848,0.011771,-4.72881e-05
1733,0.201848,0.011771,-4.72881e-05
1734,0.215141,0.010055,-5.94737e-05
1735,0.215141,0.010055,-5.94737e-05
1736,0.234916,-0.01172,2.61242e-05
1737,0.231271,0.012536,0.000108497
1738,0.231271,0.012536,0.000108497
1739,0.250884,-0.01781,5.67319e-05
1740,0.250884,-0.01781,5.67319e-05
1741,0.250884,-0.01781,5.67319e-05
1742,0.251252,-0.01766,5.27782e-05
1743,0.281534,-0.03219,-0.000154282
1744,0.281534,-0.03219,-0.000154282
1745,0.290176,-0.05901,-4.9441e-05
1746,0.314518,-0.09127,2.0324e-05
1747,0.314518,-0.09127,2.0324e-05
1748,0.287059,-0.0778,-8.5543e-05
1749,0.278351,-0.0689,9.81228e-05
1750,0.275174,-0.04982,-4.52574e-06
1751,0.275174,-0.04982,-4.52571e-06
1752,0.269679,-0.04399,4.00538e-05
1753,0.242943,-0.05014,6.08258e-05
1754,0.242943,-0.05014,6.08258e-05
1755,0.242943,-0.05014,6.08258e-05
1756,0.256304,-0.08916,1.54263e-05
1757,0.256304,-0.08916,1.54263e-05
1758,0.230715,-0.05584,-3.24731e-05
1759,0.240057,-0.07391,1.17343e-05
1760,0.232654,-0.08586,2.08545e-05
1761,0.243683,-0.07692,-1.62215e-05
1762,0.233568,-0.07759,1.30955e-05
1763,0.237608,-0.09543,4.73006e-05
1764,0.212834,-0.06398,-5.03916e-05
1765,0.212834,-0.06398,-5.03916e-05
1766,0.209949,-0.05599,4.41296e-05
1767,0.24799,-0.07252,-9.64938e-05
1768,0.221214,-0.04119,5.44306e-05
1769,0.228728,-0.032,-8.00443e-06
1770,0.228728,-0.032,-8.00443e-06
1771,0.228728,-0.032,-8.00439e-06
1772,0.227678,-0.03631,1.49744e-05
1773,0.208077,-0.02521,6.04678e-05
1774,0.208744,-0.03392,1.58663e-05
1775,0.187944,-0.00853,0.000108854
1776,0.197464,-0.03377,4.15566e-05
1777,0.206276,-0.05062,6.21642e-05
1778,0.21458,-0.02325,-9.73631e-05
1779,0.21412,-0.05077,-2.84677e-05
1780,0.21412,-0.05077,-2.84677e-05
1781,0.23313,-0.04088,2.78605e-05
1782,0.228483,-0.02201,-0.000144598
1783,0.228483,-0.02201,-0.000144598
1784,0.208451,0.000246,7.73205e-06
1785,0.208451,0.000246,7.73205e-06
1786,0.222798,0.014293,3.49276e-05
1787,0.222798,0.014293,3.49276e-05
1788,0.213502,0.001917,5.83517e-05
1789,0.213502,0.001917,5.83517e-05
1790,0.213502,0.001917,5.83517e-05
1791,0.213502,0.001917,5.83517e-05
1792,0.223622,-0.01763,8.89245e-06
1793,0.223622,-0.01763,8.89245e-06
1794,0.230125,0.00176,-5.85111e-05
1795,0.227518,-0.00697,6.23056e-05
1796,0.221458,-0.02374,0.000175127
1797,0.207145,-0.01556,9.42165e-05
1798,0.18731,0.011574,-0.000154145
1799,0.177313,0.030934,-1.60684e-05
1800,0.193284,0.023593,-0.000180101
1801,0.180867,0.033453,-0.000124622
1802,0.172588,0.029169,-2.38372e-05
1803,0.172588,0.029169,-2.38372e-05
1804,0.154606,0.043504,-3.69569e-05
1805,0.154606,0.043504,-3.69569e-05
1806,0.177254,0.036816,-7.17904e-05
1807,0.17697,0.038441,-5.57565e-05
1808,0.212,-0.00884,-9.44549e-05
1809,0.212,-0.00884,-9.44549e-05
1810,0.214774,-0.01774,-1.58263e-05
1811,0.214774,-0.01774,-1.58263e-05
1812,0.19426,-0.01043,4.46811e-05
1813,0.176879,0.010447,-5.44838e-06
1814,0.185085,-0.00992,-0.000140085
1815,0.19419,-0.02008,0.000137998
1816,0.19419,-0.02008,0.000137998
1817,0.187678,-0.05169,-0.000103283
1818,0.195431,-0.04466,-3.51146e-05
1819,0.174477,-0.02153,-0.000133024
1820,0.174477,-0.02153,-0.000133024
1821,0.169337,-0.04033,-3.48966e-05
1822,0.161873,-0.02808,1.2681e-05
1823,0.143063,-0.01493,7.85825e-05
1824,0.143063,-0.01493,7.85825e-05
1825,0.150951,-0.03095,7.77562e-07
1826,0.167482,-0.04475,-4.1954e-05
1827,0.160502,-0.04393,1.9917e-06
1828,0.158127,-0.02549,-2.79665e-06
1829,0.158127,-0.02549,-2.79665e-06
1830,0.158127,-0.02549,-2.79665e-06
1831,0.161549,-0.04904,-1.63087e-05
1832,0.161549,-0.04904,-1.63087e-05
1833,0.161549,-0.04904,-1.63087e-05
1834,0.170937,-0.0529,8.97037e-05
1835,0.189073,-0.05746,0.000116889
1836,0.202754,-0.05845,0.000170803
1837,0.202754,-0.05845,0.000170803
1838,0.199871,-0.0273,-3.07034e-05
1839,0.19405,-0.03123,-0.000121407
1840,0.19405,-0.03123,-0.000121407
1841,0.195389,-0.01487,-4.09195e-05
1842,0.188457,-0.00577,-2.65889e-05
1843,0.188457,-0.00577,-2.65889e-05
1844,0.188457,-0.00577,-2.65889e-05
1845,0.183419,-0.01123,-6.33449e-05
1846,0.183419,-0.01123,-6.33449e-05
1847,0.183419,-0.01123,-6.33449e-05
1848,0.193865,0.0137,8.87665e-05
1849,0.197307,0.019562,3.24266e-05
1850,0.212919,-0.01988,0.000107646
1851,0.212919,-0.01988,0.000107647
1852,0.209973,-0.0157,7.92172e-05
1853,0.20342,0.008552,-6.37222e-05
1854,0.20342,0.008552,-6.37222e-05
1855,0.213805,0.008654,3.0056e-05
1856,0.213805,0.008654,3.0056e-05
1857,0.205525,-0.00999,5.73927e-05
1858,0.19356,-0.01022,3.50052e-05
1859,0.19356,-0.01022,3.50052e-05
1860,0.19356,-0.01022,3.50052e-05
1861,0.210799,-0.01495,0.000166503
1862,0.231708,-0.04395,8.90192e-05
1863,0.224851,-0.05934,9.6576e-08
1864,0.214523,-0.03883,8.83588e-05
1865,0.214523,-0.03883,8.83588e-05
1866,0.214523,-0.03883,8.83588e-05
1867,0.217862,-0.0619,0.00011925
1868,0.188616,-0.04075,2.56258e-05
1869,0.187578,-0.02666,-7.13714e-05
1870,0.197606,-0.01038,-1.1784e-05
1871,0.214737,-0.02279,0.000129716
1872,0.22124,-0.03675,1.12926e-05
1873,0.216796,-0.04081,3.89258e-05
1874,0.234607,-0.02912,5.07599e-05
1875,0.234607,-0.02912,5.07599e-05
1876,0.234607,-0.02912,5.07599e-05
1877,0.214138,0.015696,-5.71588e-05
1878,0.214138,0.015696,-5.71588e-05
1879,0.195612,0.034266,-0.000100284
1880,0.18806,0.043656,-9.97168e-05
1881,0.188288,0.038427,-2.66295e-05
1882,0.229744,0.013034,6.3408e-05
1883,0.232376,0.003493,6.49452e-05
1884,0.234984,0.002495,3.88323e-05
1885,0.221398,-0.00604,0.000108165
1886,0.221376,0.013257,-5.93567e-05
1887,0.221376,0.013257,-5.93567e-05
1888,0.221376,0.013257,-5.93567e-05
1889,0.221376,0.013257,-5.93567e-05
1890,0.203486,0.018901,-2.95548e-05
1891,0.203486,0.018901,-2.95548e-05
1892,0.203486,0.018901,-2.95548e-05
1893,0.203486,0.018901,-2.95548e-05
1894,0.190219,0.043277,-5.73699e-05
1895,0.207228,0.010583,-1.20687e-05
1896,0.205003,0.027453,-7.38931e-05
1897,0.205003,0.027453,-7.38931e-05
1898,0.205003,0.027453,-7.38931e-05
1899,0.191853,0.036257,-4.76928e-05
1900,0.190742,0.053555,-5.29692e-06
1901,0.190742,0.053555,-5.29692e-06
1902,0.199658,0.053555,3.4202e-05
1903,0.199658,0.053555,3.4202e-05
1904,0.190563,0.059373,7.84338e-05
1905,0.178996,0.088629,6.94866e-05
1906,0.185396,0.075108,5.9243e-05
1907,0.178146,0.096642,-7.06071e-05
1908,0.164968,0.088673,-3.56745e-05
1909,0.155392,0.097014,-3.11688e-05
1910,0.174198,0.114954,7.17355e-05
1911,0.189974,0.119577,-8.10327e-05
1912,0.189974,0.119577,-8.10327e-05
1913,0.166883,0.117544,1.71917e-05
1914,0.166883,0.117544,1.71917e-05
1915,0.188825,0.109554,-0.000133698
1916,0.186645,0.096668,-8.45811e-05
1917,0.186645,0.096668,-8.45811e-05
1918,0.189475,0.104802,-3.75182e-05
1919,0.180277,0.119437,-2.43138e-05
1920,0.180277,0.119437,-2.43138e-05
1921,0.180277,0.119437,-2.43138e-05
1922,0.178727,0.091493,6.01183e-05
1923,0.178727,0.091493,6.01183e-05
1924,0.178727,0.091493,6.01183e-05
1925,0.18022,0.089278,7.62002e-06
1926,0.185014,0.090062,-9.18459e-05
1927,0.185014,0.090062,-9.18459e-05
1928,0.173589,0.10063,0.000123941
1929,0.173589,0.10063,0.000123941
1930,0.173589,0.10063,0.000123941
1931,0.169237,0.112841,1.03349e-05
1932,0.169237,0.112841,1.03349e-05
1933,0.175803,0.09743,2.93534e-05
1934,0.175803,0.09743,2.93534e-05
1935,0.175803,0.09743,2.93534e-05
1936,0.165863,0.090179,-2.67397e-05
1937,0.169789,0.084398,-1.74873e-05
1938,0.169789,0.084398,-1.74873e-05
1939,0.169789,0.084398,-1.74873e-05
1940,0.173179,0.093191,-0.000106608
1941,0.173179,0.093191,-0.000106608
1942,0.178789,0.073024,2.68141e-05
1943,0.178789,0.073024,2.68141e-05
1944,0.196569,0.056522,-7.66032e-05
1945,0.196569,0.056522,-7.66032e-05
1946,0.184662,0.062797,-3.99787e-05
1947,0.170338,0.098282,3.41581e-05
1948,0.170338,0.098282,3.41581e-05
1949,0.19454,0.085428,-2.29674e-05
1950,0.197136,0.075613,-9.43621e-05
1951,0.184489,0.112302,5.05777e-05
1952,0.19402,0.084885,5.509e-05
1953,0.19402,0.084885,5.509e-05
1954,0.196455,0.079697,-1.18811e-05
1955,0.185479,0.080217,6.80757e-05
1956,0.181934,0.102229,0.00011702
1957,0.1822,0.111169,1.6009e-05
1958,0.1822,0.111169,1.6009e-05
1959,0.1822,0.111169,1.6009e-05
1960,0.178895,0.087495,1.70089e-05
1961,0.178895,0.087495,1.70089e-05
1962,0.176557,0.073036,8.26602e-05
1963,0.176557,0.073036,8.26602e-05
1964,0.17502,0.09054,-3.41426e-05
1965,0.162293,0.104009,-1.82548e-05
1966,0.162293,0.104009,-1.82548e-05
1967,0.162293,0.104009,-1.82548e-05
1968,0.178804,0.070021,-2.78428e-05
1969,0.178804,0.070021,-2.78428e-05
1970,0.170977,0.078774,8.84221e-05
1971,0.170977,0.078774,8.84221e-05
1972,0.161943,0.076067,-6.75727e-05
1973,0.163547,0.087295,6.49192e-06
1974,0.15868,0.098524,-6.10259e-05
1975,0.15868,0.098524,-6.10259e-05
1976,0.172403,0.065199,-1.60862e-05
1977,0.176077,0.077129,-5.62883e-05
1978,0.169123,0.079807,3.88373e-05
1979,0.169123,0.079807,3.88373e-05
1980,0.173486,0.059221,-3.48152e-06
1981,0.173486,0.059221,-3.48151e-06
1982,0.173486,0.059221,-3.48151e-06
1983,0.161186,0.090316,1.47397e-05
1984,0.160458,0.095589,8.0798e-07
1985,0.167597,0.081259,-6.68619e-05
1986,0.161594,0.078005,-0.000123349
1987,0.15934,0.064068,5.71405e-07
1988,0.172623,0.094631,-0.000123842
1989,0.172623,0.094631,-0.000123842
1990,0.172623,0.094631,-0.000123842
1991,0.172623,0.094631,-0.000123842
1992,0.184522,0.085095,-7.37696e-06
1993,0.198903,0.060663,-0.000170521
1994,0.198903,0.060663,-0.000170521
1995,0.216201,0.057795,-1.14178e-05
1996,0.226095,0.040182,-4.62196e-05
1997,0.210323,0.050448,-9.77536e-05
1998,0.210323,0.050448,-9.77536e-05
1999,0.207043,0.054377,-1.17795e-05
2000,0.207043,0.054377,-1.17795e-05
2001,0.207043,0.054377,-1.17795e-05
2002,0.207043,0.054377,-1.17795e-05
2003,0.207043,0.054377,-1.17795e-05
2004,0.22079,0.031649,-6.90929e-05
2005,0.220616,0.033881,9.98963e-05
2006,0.203957,0.040876,0.00012443
2007,0.189009,0.055459,7.48263e-05
2008,0.194076,0.052734,-1.0707e-05
2009,0.199637,0.054137,8.94394e-06
2010,0.232645,0.024518,-5.35056e-05
2011,0.227984,-0.00157,-7.82244e-06
2012,0.227984,-0.00157,-7.82244e-06
2013,0.220464,0.023217,3.40401e-05
2014,0.220464,0.023217,3.40401e-05
2015,0.22365,0.038203,7.64231e-05
2016,0.227299,0.060099,-3.90424e-05
2017,0.227299,0.060099,-3.90424e-05
2018,0.227299,0.060099,-3.90424e-05
2019,0.224026,0.05542,5.25651e-05
2020,0.222119,0.051154,-8.12781e-05
2021,0.219083,0.037949,-3.87814e-05
2022,0.219083,0.037949,-3.87814e-05
2023,0.22825,0.044146,5.80205e-05
2024,0.214718,0.047885,-3.45161e-05
2025,0.214718,0.047885,-3.45161e-05
2026,0.203754,0.069484,-9.25641e-06
2027,0.200968,0.08339,-0.000107725
2028,0.198156,0.087812,-3.41805e-05
2029,0.198156,0.087812,-3.41805e-05
2030,0.201773,0.074969,-1.66953e-05
2031,0.196459,0.086749,1.60106e-05
2032,0.191424,0.080002,2.20549e-05
2033,0.205062,0.093476,-8.03001e-05
2034,0.205062,0.093476,-8.03001e-05
2035,0.205062,0.093476,-8.03001e-05
2036,0.202914,0.10913,0.000100225
2037,0.200219,0.128764,2.64254e-05
2038,0.195732,0.132318,2.48278e-05
2039,0.196792,0.131763,-4.56796e-05
2040,0.193801,0.117494,5.15898e-06
2041,0.214542,0.107128,6.23248e-05
2042,0.214542,0.107128,6.23248e-05
2043,0.214542,0.107128,6.23248e-05
2044,0.214542,0.107128,6.23248e-05
2045,0.214542,0.107128,6.23248e-05
2046,0.225121,0.097008,6.39465e-05
2047,0.225121,0.097008,6.39465e-05
2048,0.216123,0.105666,6.31217e-05
2049,0.20412,0.108511,-3.5602e-05
2050,0.202979,0.081047,9.96194e-06
2051,0.19879,0.072648,-3.33105e-05
2052,0.19879,0.072648,-3.33105e-05
2053,0.180158,0.099768,1.12522e-05
2054,0.188061,0.092909,2.42257e-05
2055,0.17638,0.094826,-3.84701e-05
2056,0.168776,0.099732,-7.52961e-05
2057,0.167501,0.0852,1.91718e-05
2058,0.15232,0.10952,-4.4217e-05
2059,0.166766,0.137585,7.09079e-05
2060,0.174727,0.139827,-7.22093e-05
2061,0.189007,0.123919,-3.86067e-05
2062,0.189007,0.123919,-3.86067e-05
2063,0.189007,0.123919,-3.86067e-05
2064,0.185536,0.119177,0.000105577
2065,0.173862,0.138327,5.27026e-05
2066,0.173862,0.138327,5.27026e-05
2067,0.173862,0.138327,5.27026e-05
2068,0.173862,0.138327,5.27026e-05
2069,0.173862,0.138327,5.27026e-05
2070,0.173862,0.138327,5.27026e-05
2071,0.173862,0.138327,5.27026e-05
2072,0.173862,0.138327,5.27026e-05
2073,0.182942,0.157841,-4.36461e-05
2074,0.182942,0.157841,-4.36461e-05
2075,0.186812,0.148226,1.67218e-05
2076,0.194811,0.15414,2.6972e-05
2077,0.18532,0.15315,9.93686e-05
2078,0.191058,0.109764,5.14937e-05
2079,0.185441,0.082427,0.000126945
2080,0.185876,0.089155,-2.20948e-05
2081,0.208172,0.059951,0.000108887
2082,0.204028,0.077197,8.33032e-06
2083,0.204028,0.077197,8.33032e-06
2084,0.211059,0.085246,3.03005e-05
2085,0.211059,0.085246,3.03005e-05
2086,0.183985,0.07945,-3.4401e-05
2087,0.183985,0.07945,-3.4401e-05
2088,0.168354,0.091268,-4.93496e-05
2089,0.167411,0.101981,-8.06753e-05
2090,0.167411,0.101981,-8.06753e-05
2091,0.175343,0.109343,4.64152e-05
2092,0.163543,0.114443,5.64819e-05
2093,0.169513,0.097924,0.000114986
2094,0.193285,0.065539,8.90351e-05
2095,0.193285,0.065539,8.90351e-05
2096,0.196466,0.050646,0.000102886
2097,0.207822,0.029921,-2.69991e-06
2098,0.207822,0.029921,-2.69991e-06
2099,0.207822,0.029921,-2.69991e-06
2100,0.207822,0.029921,-2.69991e-06
2101,0.207822,0.029921,-2.69995e-06
2102,0.195336,0.038097,7.70333e-05
2103,0.189306,0.041537,0.000134794
2104,0.194394,0.024546,8.22323e-05
2105,0.194394,0.024546,8.22323e-05
2106,0.187727,0.034577,1.11248e-05
2107,0.187727,0.034577,1.11248e-05
2108,0.17879,0.022927,8.67244e-05
2109,0.17879,0.022927,8.67244e-05
2110,0.17879,0.022927,8.67244e-05
2111,0.17879,0.022927,8.67244e-05
2112,0.17879,0.022927,8.67244e-05
2113,0.164926,0.052766,8.47487e-05
2114,0.164926,0.052766,8.47487e-05
2115,0.164926,0.052766,8.47487e-05
2116,0.1632,0.077458,9.90684e-05
2117,0.154046,0.098781,6.07623e-05
2118,0.154046,0.098781,6.07623e-05
2119,0.153576,0.104977,2.44259e-05
2120,0.153576,0.104977,2.44259e-05
2121,0.153576,0.104977,2.44259e-05
2122,0.153576,0.104977,2.44259e-05
2123,0.153576,0.104977,2.44259e-05
2124,0.153576,0.104977,2.44259e-05
2125,0.143517,0.118423,4.30223e-06
2126,0.136723,0.107384,2.62693e-05
2127,0.13554,0.110459,-5.74101e-05
2128,0.137808,0.114943,1.95459e-05
2129,0.146887,0.094291,3.2259e-05
2130,0.14577,0.08948,-9.16263e-05
2131,0.14233,0.085863,-8.25574e-05
2132,0.142898,0.081768,7.33517e-05
2133,0.161051,0.078075,4.15034e-06
2134,0.157729,0.072451,5.96595e-05
2135,0.160236,0.088363,-5.02878e-05
2136,0.151156,0.098118,0.000100701
2137,0.14858,0.086041,4.40683e-05
2138,0.160732,0.089986,7.64741e-05
2139,0.165416,0.075704,-4.32756e-05
2140,0.177088,0.041732,3.50283e-05
2141,0.172379,0.076559,9.63481e-05
2142,0.176541,0.073613,6.11975e-05
2143,0.176541,0.073613,6.11975e-05
2144,0.179904,0.069856,-5.48968e-05
2145,0.157725,0.117122,-4.74118e-05
2146,0.163858,0.149315,6.42919e-05
2147,0.161337,0.148115,2.11575e-05
2148,0.156022,0.132243,2.04306e-05
2149,0.165317,0.140506,-3.59841e-05
2150,0.163837,0.125731,-4.66297e-05
2151,0.163837,0.125731,-4.66297e-05
2152,0.163837,0.125731,-4.66297e-05
2153,0.163837,0.125731,-4.66297e-05
2154,0.164787,0.127127,-1.89751e-05
2155,0.150941,0.137971,4.4583e-05
2156,0.152939,0.132344,-2.93859e-05
2157,0.152939,0.132344,-2.93859e-05
2158,0.14557,0.12988,1.94453e-05
2159,0.14557,0.12988,1.94453e-05
2160,0.160221,0.118922,-6.57701e-05
2161,0.150343,0.150231,-4.92751e-05
2162,0.150343,0.150231,-4.92751e-05
2163,0.158088,0.140835,8.28501e-06
2164,0.158088,0.140835,8.28501e-06
2165,0.158088,0.140835,8.28501e-06
2166,0.164416,0.168557,7.33173e-08
2167,0.164416,0.168557,7.33173e-08
2168,0.178588,0.158474,1.77494e-05
2169,0.178588,0.158474,1.77494e-05
2170,0.178588,0.158474,1.77494e-05
2171,0.191277,0.156365,7.77883e-05
2172,0.184846,0.154728,8.06484e-06
2173,0.184846,0.154728,8.06484e-06
2174,0.199747,0.137781,3.78894e-05
2175,0.199747,0.137781,3.78894e-05
2176,0.199747,0.137781,3.78894e-05
2177,0.185197,0.14933,-3.86297e-05
2178,0.185197,0.14933,-3.86297e-05
2179,0.185197,0.14933,-3.86297e-05
2180,0.185197,0.14933,-3.86297e-05
2181,0.185197,0.14933,-3.86296e-05
2182,0.185197,0.14933,-3.86296e-05
2183,0.185197,0.14933,-3.86296e-05
2184,0.193919,0.132028,-6.21226e-05
2185,0.185261,0.167288,4.91308e-05
2186,0.185261,0.167288,4.91308e-05
2187,0.173642,0.151712,-3.23459e-05
2188,0.177921,0.138048,-4.84329e-06
2189,0.177631,0.147722,-6.534e-05
2190,0.177382,0.154022,0.000126307
2191,0.177382,0.154022,0.000126307
2192,0.176075,0.149323,4.68831e-05
2193,0.176075,0.149323,4.68831e-05
2194,0.189545,0.141248,8.53347e-06
2195,0.185799,0.146652,-2.00753e-05
2196,0.196458,0.153953,-9.28455e-06
2197,0.199369,0.135973,-3.04886e-05
2198,0.199369,0.135973,-3.04886e-05
2199,0.210051,0.145457,-2.07398e-05
2200,0.208288,0.142407,2.67602e-05
2201,0.208288,0.142407,2.67602e-05
2202,0.208288,0.142407,2.67602e-05
2203,0.208288,0.142407,2.67602e-05
2204,0.216364,0.12847,3.63189e-05
2205,0.226582,0.109825,-1.74542e-05
2206,0.231305,0.099465,-4.37084e-05
2207,0.220978,0.103824,-1.21769e-05
2208,0.209992,0.111924,7.54089e-05
2209,0.209992,0.111924,7.54089e-05
2210,0.225286,0.103324,6.77136e-05
2211,0.229319,0.115873,8.96511e-05
2212,0.229319,0.115873,8.96511e-05
2213,0.222053,0.116205,7.12325e-05
2214,0.231708,0.11048,7.22042e-05
2215,0.235641,0.099199,9.15767e-06
2216,0.239195,0.085136,5.00367e-05
2217,0.22771,0.103127,1.96229e-05
2218,0.212961,0.122187,2.17173e-05
2219,0.212961,0.122187,2.17173e-05
2220,0.208356,0.143656,-5.40877e-05
2221,0.208356,0.143656,-5.40877e-05
2222,0.221444,0.129094,-0.000120679
2223,0.22796,0.132718,-6.93248e-05
2224,0.22796,0.132718,-6.93248e-05
2225,0.22796,0.132718,-6.93248e-05
2226,0.22796,0.132718,-6.93248e-05
2227,0.221587,0.125919,5.22874e-05
2228,0.20707,0.125892,1.36866e-05
2229,0.20707,0.125892,1.36866e-05
2230,0.211493,0.10063,-1.81895e-05
2231,0.211417,0.122263,7.10907e-07
2232,0.187934,0.131641,5.38059e-05
2233,0.164888,0.128149,9.94545e-05
2234,0.162768,0.135602,-9.39758e-05
2235,0.163823,0.130619,5.80116e-06
2236,0.16119,0.133473,4.38383e-05
2237,0.16119,0.133473,4.38383e-05
2238,0.156022,0.127423,0.000113942
2239,0.152854,0.15663,-9.21147e-05
2240,0.152854,0.15663,-9.21147e-05
2241,0.16415,0.152751,3.0013e-05
2242,0.16415,0.152751,3.0013e-05
2243,0.16415,0.152751,3.0013e-05
2244,0.16415,0.152751,3.0013e-05
2245,0.16415,0.152751,3.0013e-05
2246,0.16415,0.152751,3.0013e-05
2247,0.16415,0.152751,3.0013e-05
2248,0.176067,0.169102,8.94354e-05
2249,0.176067,0.169102,8.94354e-05
2250,0.178825,0.168591,0.000118484
2251,0.181645,0.15874,-6.14235e-06
2252,0.181645,0.15874,-6.14235e-06
2253,0.181645,0.15874,-6.14235e-06
2254,0.187523,0.168056,4.28747e-05
2255,0.187523,0.168056,4.28747e-05
2256,0.193763,0.14643,-4.17857e-07
2257,0.193763,0.14643,-4.17857e-07
2258,0.201318,0.147735,7.32373e-05
2259,0.227068,0.144427,1.97656e-05
2260,0.230481,0.154512,-2.96106e-05
2261,0.219963,0.146668,-5.04766e-06
2262,0.197869,0.165394,1.51541e-05
2263,0.197988,0.151725,0.000140793
2264,0.19461,0.156819,0.000125872
2265,0.199634,0.165447,0.000130872
2266,0.199634,0.165447,0.000130872
2267,0.215837,0.125463,3.72227e-05
2268,0.220809,0.112383,9.59729e-05
2269,0.220809,0.112383,9.59729e-05
2270,0.240745,0.097115,-7.88172e-05
2271,0.240745,0.097115,-7.88172e-05
2272,0.240745,0.097115,-7.88172e-05
2273,0.250273,0.095108,-6.50903e-05
2274,0.243264,0.09831,-3.54256e-05
2275,0.231589,0.111884,1.79411e-05
2276,0.21691,0.128083,-9.8991e-05
2277,0.21691,0.128083,-9.8991e-05
2278,0.224477,0.118774,4.31958e-05
2279,0.219529,0.122295,3.43764e-05
2280,0.219529,0.122295,3.43764e-05
2281,0.219167,0.131408,0.00017925
2282,0.219167,0.131408,0.00017925
2283,0.227024,0.127532,3.79595e-05
2284,0.230102,0.121899,-1.90379e-05
2285,0.230102,0.121899,-1.90379e-05
2286,0.219966,0.102127,9.027e-05
2287,0.219966,0.102127,9.027e-05
2288,0.232012,0.100566,6.04251e-05
2289,0.232012,0.100566,6.04251e-05
2290,0.227559,0.092518,0.000148647
2291,0.198431,0.119265,-2.0716e-05
2292,0.198431,0.119265,-2.0716e-05
2293,0.206902,0.12332,7.53259e-05
2294,0.206902,0.12332,7.53259e-05
2295,0.206902,0.12332,7.53259e-05
2296,0.206902,0.12332,7.53259e-05
2297,0.215154,0.120659,3.79169e-05
2298,0.20108,0.095027,0.000121453
2299,0.213341,0.106918,0.000128637
2300,0.213341,0.106918,0.000128637
2301,0.225472,0.090132,5.32942e-05
2302,0.217157,0.117107,-5.54936e-05
2303,0.217157,0.117107,-5.54936e-05
2304,0.217157,0.117107,-5.54936e-05
2305,0.217157,0.117107,-5.54936e-05
2306,0.217825,0.135407,-9.20047e-05
2307,0.224725,0.115069,4.21085e-05
2308,0.224725,0.115069,4.21085e-05
2309,0.224725,0.115069,4.21085e-05
2310,0.224725,0.115069,4.21085e-05
2311,0.23107,0.126269,-0.000117465
2312,0.23107,0.126269,-0.000117465
2313,0.248729,0.090742,-7.18274e-05
2314,0.248729,0.090742,-7.18274e-05
2315,0.248729,0.090742,-7.18274e-05
2316,0.24107,0.091583,7.90473e-05
2317,0.21601,0.071356,-3.34123e-05
2318,0.216476,0.061548,9.73335e-06
2319,0.214004,0.02207,5.40329e-05
2320,0.207062,0.05116,0.000157504
2321,0.214147,0.047096,-3.82883e-05
2322,0.214147,0.047096,-3.82883e-05
2323,0.225725,0.050869,-4.97948e-05
2324,0.225725,0.050869,-4.97948e-05
2325,0.225725,0.050869,-4.97948e-05
2326,0.220787,0.067619,-1.40169e-06
2327,0.226965,0.07895,-4.16549e-05
2328,0.222133,0.07149,-1.22275e-05
2329,0.224666,0.062864,-3.33963e-05
2330,0.223341,0.055908,-4.55883e-05
2331,0.215106,0.053117,4.8738e-05
2332,0.215106,0.053117,4.8738e-05
2333,0.249606,0.006036,-7.53858e-05
2334,0.227999,0.000106,7.78963e-05
2335,0.233207,0.002643,-6.29997e-05
2336,0.207457,0.021989,-9.01816e-05
2337,0.196599,0.055007,-1.94397e-05
2338,0.193908,0.074606,1.86722e-05
2339,0.200224,0.06467,-7.52815e-05
2340,0.209111,0.04127,3.27739e-05
2341,0.20135,0.051567,-3.75834e-05
2342,0.202309,0.048741,-3.67398e-05
2343,0.20865,0.024087,4.89079e-06
2344,0.20865,0.024087,4.89079e-06
2345,0.195495,0.041205,6.13307e-05
2346,0.215966,0.036188,3.53269e-05
2347,0.215966,0.036188,3.53269e-05
2348,0.208155,0.043374,-5.11131e-05
2349,0.208155,0.043374,-5.11131e-05
2350,0.19925,0.053125,9.79031e-05
2351,0.19925,0.053125,9.79031e-05
2352,0.19925,0.053125,9.79031e-05
2353,0.19925,0.053125,9.79031e-05
2354,0.19925,0.053125,9.79031e-05
2355,0.187532,0.056647,8.52842e-05
2356,0.18433,0.082607,5.93261e-05
2357,0.18433,0.082607,5.93261e-05
2358,0.176915,0.087455,-1.03535e-05
2359,0.176915,0.087455,-1.03535e-05
2360,0.176915,0.087455,-1.03535e-05
2361,0.177074,0.079808,4.57576e-05
2362,0.167167,0.077365,-9.89234e-05
2363,0.167913,0.078251,2.86617e-05
2364,0.1645,0.076479,5.60345e-05
2365,0.1645,0.076479,5.60345e-05
2366,0.165725,0.079394,4.37977e-05
2367,0.168888,0.065544,-0.000160753
2368,0.160185,0.100244,2.8344e-05
2369,0.160185,0.100244,2.8344e-05
2370,0.160185,0.100244,2.8344e-05
2371,0.160185,0.100244,2.83439e-05
2372,0.16918,0.102761,6.22575e-05
2373,0.171486,0.106908,3.81823e-05
2374,0.164486,0.089449,4.51954e-05
2375,0.162975,0.049132,3.93556e-06
2376,0.148627,0.090261,1.43e-05
2377,0.167719,0.06955,-5.16499e-05
2378,0.153388,0.088054,2.32806e-05
2379,0.158962,0.094926,8.28835e-05
2380,0.163813,0.091871,-4.72001e-05
2381,0.153412,0.08535,1.50831e-05
2382,0.15583,0.111391,-3.00637e-05
2383,0.162759,0.109567,3.99343e-05
2384,0.160058,0.102333,-6.21598e-06
2385,0.160058,0.102333,-6.21598e-06
2386,0.157258,0.099248,-9.3512e-05
2387,0.157258,0.099248,-9.3512e-05
2388,0.156464,0.119521,-0.000144757
2389,0.156464,0.119521,-0.000144757
2390,0.156464,0.119521,-0.000144757
2391,0.156464,0.119521,-0.000144757
2392,0.154528,0.141125,-4.34429e-05
2393,0.161128,0.142363,-6.4934e-06
2394,0.16414,0.15678,3.15605e-05
2395,0.16414,0.15678,3.15605e-05
2396,0.16414,0.15678,3.15605e-05
2397,0.164036,0.166074,4.57466e-05
2398,0.164036,0.166074,4.57466e-05
2399,0.175022,0.166173,0.000120735
2400,0.175022,0.166173,0.000120735
2401,0.175022,0.166173,0.000120735
2402,0.178169,0.182142,0.000184256
2403,0.178169,0.182142,0.000184256
2404,0.175823,0.176333,1.27619e-05
2405,0.175126,0.162612,-2.57873e-05
2406,0.179354,0.152163,1.00626e-05
2407,0.173563,0.158471,8.44848e-05
2408,0.16768,0.171176,5.92267e-05
2409,0.16781,0.159659,4.28585e-05
2410,0.16781,0.159659,4.28585e-05
2411,0.173244,0.165536,2.42592e-05
2412,0.175158,0.149617,3.4468e-05
2413,0.175158,0.149617,3.4468e-05
2414,0.171499,0.134533,-1.18548e-05
2415,0.171483,0.142985,-5.14265e-05
2416,0.171483,0.142985,-5.14265e-05
2417,0.167397,0.130065,3.05124e-05
2418,0.164665,0.132528,-5.06064e-05
2419,0.15939,0.126214,-1.87593e-05
2420,0.168924,0.111724,6.33838e-05
2421,0.173313,0.131573,0.000109689
2422,0.1731,0.126498,-4.27136e-05
2423,0.1731,0.126498,-4.27136e-05
2424,0.168465,0.126716,8.79234e-06
2425,0.170996,0.100122,3.38703e-05
2426,0.183374,0.10268,-5.41595e-06
2427,0.187728,0.096104,6.10533e-05
2428,0.187728,0.096104,6.10533e-05
2429,0.187728,0.096104,6.10533e-05
2430,0.196041,0.109514,-5.09289e-06
2431,0.196041,0.109514,-5.09288e-06
2432,0.198952,0.10775,-1.17986e-06
2433,0.188699,0.114063,6.82391e-05
2434,0.189138,0.12975,4.90002e-05
2435,0.188848,0.140732,6.00769e-05
2436,0.180238,0.145232,6.41353e-06
2437,0.180238,0.145232,6.41353e-06
2438,0.180238,0.145232,6.41353e-06
2439,0.169911,0.15118,7.03079e-05
2440,0.178419,0.140131,0.000102144
2441,0.178419,0.140131,0.000102144
2442,0.194102,0.131511,-8.03318e-06
2443,0.194102,0.131511,-8.03318e-06
2444,0.174181,0.143639,-4.5291e-05
2445,0.176996,0.133922,2.23358e-05
2446,0.193787,0.111237,9.34976e-05
2447,0.190099,0.120761,-3.91335e-05
2448,0.190099,0.120761,-3.91335e-05
2449,0.189898,0.112465,-2.04079e-05
2450,0.192449,0.118029,8.61532e-05
2451,0.202646,0.11272,8.18432e-06
2452,0.194827,0.115218,2.40421e-05
2453,0.194827,0.115218,2.40421e-05
2454,0.198616,0.094911,0.000149917
2455,0.215953,0.079833,-1.69906e-05
2456,0.215953,0.079833,-1.69906e-05
2457,0.215664,0.045623,2.57656e-05
2458,0.227744,0.041194,8.74079e-05
2459,0.227744,0.041194,8.74079e-05
2460,0.227744,0.041194,8.74079e-05
2461,0.227744,0.041194,8.74079e-05
2462,0.232677,0.053509,6.48062e-05
2463,0.203498,0.079602,1.17186e-05
2464,0.203498,0.079602,1.17186e-05
2465,0.189884,0.08561,7.83517e-05
2466,0.19848,0.064346,1.63207e-05
2467,0.191826,0.074341,9.31629e-05
2468,0.182333,0.087607,-1.34818e-05
2469,0.198229,0.058235,9.61921e-05
2470,0.192721,0.072457,8.34028e-06
2471,0.205047,0.046061,3.94129e-05
2472,0.198532,0.076353,7.32523e-05
2473,0.198532,0.076353,7.32523e-05
2474,0.218887,0.05238,-3.38644e-05
2475,0.195832,0.070484,1.62427e-05
2476,0.213959,0.061427,0.000109343
2477,0.209762,0.054646,2.72301e-05
2478,0.214674,0.05457,-6.80074e-05
2479,0.202462,0.064483,-3.14959e-05
2480,0.202462,0.064483,-3.14959e-05
2481,0.20463,0.075759,4.68811e-05
2482,0.20463,0.075759,4.68811e-05
2483,0.1961,0.085574,4.31578e-05
2484,0.1961,0.085574,4.31578e-05
2485,0.1961,0.085574,4.31578e-05
2486,0.1961,0.085574,4.31578e-05
2487,0.185719,0.080418,3.30946e-05
2488,0.18631,0.077499,5.92881e-05
2489,0.187908,0.092989,5.26327e-05
2490,0.187908,0.092989,5.26327e-05
2491,0.185782,0.096912,5.11308e-05
2492,0.191743,0.089667,0.000108787
2493,0.191743,0.089667,0.000108787
2494,0.191743,0.089667,0.000108787
2495,0.184029,0.116858,4.0525e-05
2496,0.184029,0.116858,4.0525e-05
2497,0.183759,0.115523,5.52273e-06
2498,0.19247,0.119509,-2.07654e-05
2499,0.190613,0.115108,7.52396e-05
2500,0.198254,0.115081,-4.5914e-05
2501,0.198254,0.115081,-4.5914e-05
2502,0.198254,0.115081,-4.5914e-05
2503,0.198254,0.115081,-4.5914e-05
2504,0.20917,0.118423,-2.82241e-05
2505,0.20917,0.118423,-2.82241e-05
2506,0.210944,0.092753,-4.06424e-05
2507,0.210944,0.092753,-4.06424e-05
2508,0.210944,0.092753,-4.06424e-05
2509,0.202758,0.108785,-9.64994e-05
2510,0.198943,0.093128,-6.36302e-06
2511,0.198021,0.07517,-5.78256e-05
2512,0.197153,0.058088,-5.34992e-05
2513,0.182918,0.077004,-8.42037e-05
2514,0.18147,0.080947,-0.000161195
2515,0.189909,0.070401,3.19646e-05
2516,0.189073,0.089537,3.48889e-05
2517,0.189073,0.089537,3.48889e-05
2518,0.195414,0.081638,-4.45332e-05
2519,0.194019,0.084915,0.000114
2520,0.22781,0.066578,-1.61537e-05
2521,0.215715,0.076499,-9.0575e-05
2522,0.212856,0.062116,6.92275e-06
2523,0.217884,0.052023,9.41446e-05
2524,0.221379,0.040637,0.000163969
2525,0.208818,0.064915,8.67665e-05
2526,0.208818,0.064915,8.67665e-05
2527,0.202094,0.069607,3.9538e-05
2528,0.192969,0.078421,8.55755e-05
2529,0.192969,0.078421,8.55755e-05
2530,0.189688,0.079524,7.99584e-05
2531,0.183312,0.073003,0.000108308
2532,0.183312,0.073003,0.000108308
2533,0.183312,0.073003,0.000108308
2534,0.183312,0.073003,0.000108308
2535,0.181264,0.091188,-3.65985e-05
2536,0.181264,0.091188,-3.65985e-05
2537,0.181264,0.091188,-3.65985e-05
2538,0.181264,0.091188,-3.65985e-05
2539,0.181264,0.091188,-3.65985e-05
2540,0.181264,0.091188,-3.65985e-05
2541,0.18626,0.105484,-3.94006e-05
2542,0.192367,0.091852,2.25858e-05
2543,0.205271,0.091358,-1.24927e-05
2544,0.206362,0.109222,3.20871e-05
2545,0.205173,0.093496,0.000116344
2546,0.184015,0.096662,8.20015e-05
2547,0.188398,0.080659,8.91873e-06
2548,0.188398,0.080659,8.91873e-06
2549,0.188398,0.080659,8.91873e-06
2550,0.219439,0.069716,3.41215e-05
2551,0.219439,0.069716,3.41215e-05
2552,0.219439,0.069716,3.41215e-05
2553,0.212803,0.092127,-3.91479e-05
2554,0.212803,0.092127,-3.91479e-05
2555,0.212803,0.092127,-3.91479e-05
2556,0.212803,0.092127,-3.91479e-05
2557,0.22608,0.079769,8.37071e-06
2558,0.222853,0.096013,-3.38384e-05
2559,0.222853,0.096013,-3.38384e-05
2560,0.218896,0.105931,-6.7289e-05
2561,0.218896,0.105931,-6.72889e-05
2562,0.202944,0.10249,4.50084e-05
2563,0.202944,0.10249,4.50084e-05
2564,0.183639,0.126852,-1.32226e-06
2565,0.183639,0.126852,-1.32226e-06
2566,0.200713,0.136243,3.93724e-05
2567,0.200713,0.136243,3.93724e-05
2568,0.216289,0.138475,1.06326e-05
2569,0.216289,0.138475,1.06326e-05
2570,0.215706,0.162533,-7.42178e-05
2571,0.215706,0.162533,-7.42178e-05
2572,0.211305,0.152098,-9.28239e-06
2573,0.212428,0.133778,6.71373e-05
2574,0.195281,0.181634,0.000108117
2575,0.19461,0.172381,4.42983e-06
2576,0.206714,0.158044,-4.62768e-05
2577,0.206714,0.158044,-4.62768e-05
2578,0.211589,0.139686,-8.83266e-05
2579,0.219443,0.142691,3.97439e-05
2580,0.211045,0.136912,-6.73681e-06
2581,0.211045,0.136912,-6.73682e-06
2582,0.189991,0.151427,-1.28419e-05
2583,0.185712,0.160351,-1.23065e-05
2584,0.193282,0.166205,7.07336e-05
2585,0.184546,0.17091,6.07712e-05
2586,0.190861,0.166537,-3.34585e-05
2587,0.196375,0.151689,-5.53006e-05
2588,0.190757,0.159604,-2.74104e-05
2589,0.202877,0.161491,8.4746e-05
2590,0.205249,0.148976,-5.2573e-05
2591,0.188809,0.165927,-2.06342e-05
2592,0.188809,0.165927,-2.06342e-05
2593,0.188809,0.165927,-2.06342e-05
2594,0.184558,0.172216,-2.59295e-06
2595,0.184082,0.154885,2.25063e-05
2596,0.196168,0.16108,-4.41641e-06
2597,0.194212,0.164519,1.8016e-05
2598,0.194212,0.164519,1.8016e-05
2599,0.199417,0.174229,4.41911e-06
2600,0.199417,0.174229,4.41911e-06
2601,0.200802,0.137753,-5.37754e-05
2602,0.195618,0.116791,-3.87803e-05
2603,0.195618,0.116791,-3.87803e-05
2604,0.195618,0.116791,-3.87803e-05
2605,0.183265,0.098784,-3.61552e-05
2606,0.197958,0.077269,-1.94227e-05
2607,0.176764,0.121959,5.67267e-05
2608,0.176764,0.121959,5.67267e-05
2609,0.176764,0.121959,5.67267e-05
2610,0.189053,0.126492,-0.000120677
2611,0.189053,0.126492,-0.000120676
2612,0.189053,0.126492,-0.000120676
2613,0.183854,0.134224,-7.83048e-06
2614,0.183854,0.134224,-7.83048e-06
2615,0.198512,0.108603,8.58654e-06
2616,0.198512,0.108603,8.58654e-06
2617,0.192962,0.121323,1.90521e-05
2618,0.186441,0.121963,6.45328e-05
2619,0.193385,0.136868,9.25975e-05
2620,0.193385,0.136868,9.25975e-05
2621,0.1904,0.147312,4.99941e-05
2622,0.184097,0.137773,-2.35611e-07
2623,0.176443,0.151704,-0.000117191
2624,0.170513,0.164678,-8.31253e-06
2625,0.170228,0.128698,-9.75561e-06
2626,0.170228,0.128698,-9.75561e-06
2627,0.170228,0.128698,-9.75561e-06
2628,0.17846,0.132332,3.0054e-05
2629,0.17968,0.132703,3.45628e-05
2630,0.199778,0.109816,2.49292e-05
2631,0.191794,0.106713,2.78225e-06
2632,0.191794,0.106713,2.78225e-06
2633,0.219146,0.082603,1.35522e-05
2634,0.219146,0.082603,1.35522e-05
2635,0.194407,0.0887,6.72328e-05
2636,0.194407,0.0887,6.72328e-05
2637,0.214997,0.089487,7.60405e-05
2638,0.207436,0.067945,7.7938e-05
2639,0.210367,0.060283,1.6004e-05
2640,0.208941,0.070184,-3.91204e-06
2641,0.184893,0.103627,2.40057e-05
2642,0.184893,0.103627,2.40057e-05
2643,0.184893,0.103627,2.40057e-05
2644,0.173556,0.094102,9.01688e-05
2645,0.173556,0.094102,9.01688e-05
2646,0.173556,0.094102,9.01688e-05
2647,0.182921,0.098661,-3.57935e-05
2648,0.181848,0.103558,-3.82904e-05
2649,0.159938,0.128212,-4.65368e-05
2650,0.159938,0.128212,-4.65368e-05
2651,0.162767,0.116518,5.45022e-06
2652,0.166715,0.088181,0.00012586
2653,0.166715,0.088181,0.00012586
2654,0.159823,0.109802,0.000102588
2655,0.159823,0.109802,0.000102588
2656,0.159823,0.109802,0.000102588
2657,0.159823,0.109802,0.000102588
2658,0.159823,0.109802,0.000102588
2659,0.177515,0.09338,0.000199803
2660,0.180081,0.081638,-1.74116e-06
2661,0.180081,0.081638,-1.74116e-06
2662,0.180081,0.081638,-1.74116e-06
2663,0.176589,0.082706,-3.67755e-05
2664,0.176939,0.094882,9.564e-05
2665,0.189186,0.067266,6.45577e-06
2666,0.189186,0.067266,6.45577e-06
2667,0.189186,0.067266,6.45577e-06
2668,0.220035,0.055023,2.78269e-05
2669,0.220035,0.055023,2.78269e-05
2670,0.214081,0.069524,6.42354e-05
2671,0.213374,0.079528,3.51535e-05
2672,0.213374,0.079528,3.51535e-05
2673,0.202514,0.095096,8.07844e-05
2674,0.19781,0.077094,5.31694e-05
2675,0.19781,0.077094,5.31694e-05
2676,0.201095,0.071367,5.01477e-05
2677,0.20233,0.069269,-5.89278e-05
2678,0.198472,0.068184,-4.56366e-05
2679,0.205315,0.059732,2.77113e-05
2680,0.193663,0.074513,-6.94726e-05
2681,0.177509,0.07859,7.09467e-05
2682,0.191974,0.080378,-9.33527e-05
2683,0.221929,0.041566,-0.000127275
2684,0.20201,0.048799,-0.00016263
2685,0.211683,0.050685,-7.82018e-05
2686,0.19572,0.083072,8.88218e-06
2687,0.195824,0.083021,-1.56841e-05
2688,0.195824,0.083021,-1.56841e-05
2689,0.195824,0.083021,-1.56841e-05
2690,0.195824,0.083021,-1.56841e-05
2691,0.195824,0.083021,-1.56841e-05
2692,0.195824,0.083021,-1.56841e-05
2693,0.195824,0.083021,-1.56841e-05
2694,0.195027,0.09734,-1.87053e-05
2695,0.195027,0.09734,-1.87053e-05
2696,0.195027,0.09734,-1.87053e-05
2697,0.184593,0.122502,8.85492e-05
2698,0.184593,0.122502,8.85492e-05
2699,0.184593,0.122502,8.85492e-05
2700,0.184593,0.122502,8.85492e-05
2701,0.169062,0.130414,-6.5838e-05
2702,0.169062,0.130414,-6.5838e-05
2703,0.174674,0.114685,0.000109128
2704,0.174674,0.114685,0.000109128
2705,0.180951,0.12004,4.0534e-05
2706,0.180951,0.12004,4.0534e-05
2707,0.186217,0.093815,3.8275e-05
2708,0.186217,0.093815,3.8275e-05
2709,0.21347,0.071276,-2.02589e-06
2710,0.225995,0.078515,-5.63853e-05
2711,0.207758,0.06284,-3.4559e-05
2712,0.207758,0.06284,-3.4559e-05
2713,0.207758,0.06284,-3.4559e-05
2714,0.197886,0.085534,2.23408e-05
2715,0.209301,0.074335,-6.71105e-05
2716,0.209301,0.074335,-6.71105e-05
2717,0.189559,0.124238,2.50064e-05
2718,0.185097,0.109779,1.36397e-05
2719,0.188188,0.104622,4.09307e-05
2720,0.188188,0.104622,4.09307e-05
2721,0.179688,0.088286,4.19525e-05
2722,0.164996,0.088004,2.58311e-05
2723,0.146311,0.094476,2.4272e-05
2724,0.143962,0.108329,4.25518e-05
2725,0.142086,0.092027,-4.92961e-05
2726,0.15933,0.062113,-0.000100592
2727,0.15933,0.062113,-0.000100592
2728,0.181552,0.046193,1.91323e-05
2729,0.181552,0.046193,1.91323e-05
2730,0.181552,0.046193,1.91323e-05
2731,0.178598,0.053096,3.39777e-06
2732,0.190458,0.05014,5.56026e-05
2733,0.190458,0.05014,5.56026e-05
2734,0.190458,0.05014,5.56026e-05
2735,0.190458,0.05014,5.56026e-05
2736,0.210418,0.039005,-4.23223e-05
2737,0.212785,0.040624,-4.5563e-05
2738,0.188373,0.070313,1.85644e-05
2739,0.188373,0.070313,1.85644e-05
2740,0.19285,0.069054,-7.17553e-05
2741,0.190323,0.081705,-2.99803e-05
2742,0.200332,0.077791,-2.06365e-05
2743,0.200332,0.077791,-2.06365e-05
2744,0.187854,0.08515,6.03716e-06
2745,0.196315,0.091754,-3.92058e-05
2746,0.196315,0.091754,-3.92058e-05
2747,0.196315,0.091754,-3.92058e-05
2748,0.196315,0.091754,-3.92058e-05
2749,0.193454,0.071211,-3.82619e-05
2750,0.18437,0.082959,-3.83544e-05
2751,0.199165,0.101414,2.21114e-05
2752,0.199165,0.101414,2.21114e-05
2753,0.199165,0.101414,2.21114e-05
2754,0.199165,0.101414,2.21114e-05
2755,0.207093,0.079013,-0.000136076
2756,0.207093,0.079013,-0.000136076
2757,0.213431,0.069117,-0.000119234
2758,0.213431,0.069117,-0.000119234
2759,0.213431,0.069117,-0.000119234
2760,0.223193,0.067996,-5.42944e-05
2761,0.235428,0.059279,-8.47013e-05
2762,0.240707,0.051549,2.17596e-05
2763,0.251231,0.044631,3.27786e-05
2764,0.251812,0.021573,-8.38007e-06
2765,0.251812,0.021573,-8.38007e-06
2766,0.251812,0.021573,-8.38007e-06
2767,0.251812,0.021573,-8.38007e-06
2768,0.241281,0.032199,9.74313e-06
2769,0.241281,0.032199,9.74313e-06
2770,0.231336,0.037375,-1.98062e-05
2771,0.2434,0.056248,-8.80576e-05
2772,0.2434,0.056248,-8.80576e-05
2773,0.2434,0.056248,-8.80576e-05
2774,0.210864,0.05754,-2.58834e-05
2775,0.205691,0.054455,-6.47285e-05
2776,0.197843,0.078434,-6.09655e-05
2777,0.197843,0.078434,-6.09655e-05
2778,0.197843,0.078434,-6.09655e-05
2779,0.197843,0.078434,-6.09655e-05
2780,0.197843,0.078434,-6.09655e-05
2781,0.197843,0.078434,-6.09655e-05
2782,0.197843,0.078434,-6.09655e-05
2783,0.197843,0.078434,-6.09655e-05
2784,0.205511,0.04258,-3.42879e-05
2785,0.197385,0.060488,-2.03229e-05
2786,0.200361,0.044041,3.76536e-05
2787,0.18848,0.03759,0.00011731
2788,0.183119,0.069759,0.000142852
2789,0.170933,0.082737,2.6591e-05
2790,0.169125,0.087877,-3.87145e-05
2791,0.169125,0.087877,-3.87145e-05
2792,0.169125,0.087877,-3.87145e-05
2793,0.158822,0.080235,-0.00013825
2794,0.158822,0.080235,-0.00013825
2795,0.158822,0.080235,-0.00013825
2796,0.158822,0.080235,-0.00013825
2797,0.158822,0.080235,-0.00013825
2798,0.158822,0.080235,-0.00013825
2799,0.158822,0.080235,-0.00013825
2800,0.158822,0.080235,-0.00013825
2801,0.158822,0.080235,-0.000138251
2802,0.158822,0.080235,-0.000138251
2803,0.160922,0.082358,-5.50472e-05
2804,0.16523,0.07507,-0.000140791
2805,0.180988,0.07513,-0.000205104
2806,0.174413,0.085051,-5.19148e-05
2807,0.174413,0.085051,-5.19148e-05
2808,0.174413,0.085051,-5.19148e-05
2809,0.174413,0.085051,-5.19148e-05
2810,0.175184,0.105698,-2.59011e-05
2811,0.201093,0.09585,-0.000106605
2812,0.201093,0.09585,-0.000106605
2813,0.201093,0.09585,-0.000106605
2814,0.202412,0.107846,-0.000117515
2815,0.221825,0.111799,-0.000206606
2816,0.221825,0.111799,-0.000206606
2817,0.221825,0.111799,-0.000206606
2818,0.221825,0.111799,-0.000206606
2819,0.221825,0.111799,-0.000206606
2820,0.221825,0.111799,-0.000206606
2821,0.221825,0.111799,-0.000206606
2822,0.221825,0.111799,-0.000206606
2823,0.208898,0.109196,-0.000107732
2824,0.208898,0.109196,-0.000107732
2825,0.202265,0.118839,-6.80395e-05
2826,0.196711,0.110422,-0.000142442
2827,0.209833,0.108261,-0.000134728
2828,0.209833,0.108261,-0.000134728
2829,0.19706,0.115189,-0.000136625
2830,0.221052,0.093337,-0.000159024
2831,0.208968,0.102327,-0.000128438
2832,0.217031,0.071533,-2.15047e-05
2833,0.215778,0.095796,-7.57371e-05
2834,0.201464,0.10139,2.46111e-05
2835,0.201464,0.10139,2.46111e-05
2836,0.201464,0.10139,2.46111e-05
2837,0.208902,0.084656,5.86991e-05
2838,0.210188,0.057871,7.83755e-06
2839,0.210188,0.057871,7.83755e-06
2840,0.210188,0.057871,7.83755e-06
2841,0.194924,0.062199,-0.000145158
2842,0.200921,0.056687,5.78715e-05
2843,0.195984,0.050572,5.58124e-05
2844,0.195984,0.050572,5.58124e-05
2845,0.182294,0.082798,3.78506e-05
2846,0.182294,0.082798,3.78506e-05
2847,0.190195,0.077859,2.82007e-05
2848,0.16343,0.085703,-6.97507e-05
2849,0.179038,0.071348,1.4836e-05
2850,0.179038,0.071348,1.4836e-05
2851,0.179038,0.071348,1.4836e-05
2852,0.179038,0.071348,1.4836e-05
2853,0.200332,0.045334,-8.41347e-05
2854,0.200332,0.045334,-8.41347e-05
2855,0.18437,0.075054,-9.61657e-05
2856,0.19466,0.075246,-9.64115e-05
2857,0.19466,0.075246,-9.64115e-05
2858,0.18715,0.081993,-6.45621e-05
2859,0.207138,0.04914,-4.43922e-05
2860,0.197314,0.069006,8.9752e-06
2861,0.197314,0.069006,8.97521e-06
2862,0.197314,0.069006,8.97521e-06
2863,0.173317,0.091613,1.21086e-05
2864,0.173317,0.091613,1.21086e-05
2865,0.173317,0.091613,1.21086e-05
2866,0.189762,0.060889,4.30916e-05
2867,0.189762,0.060889,4.30916e-05
2868,0.217279,0.034724,1.30673e-05
2869,0.215467,0.023399,-9.01523e-05
2870,0.215467,0.023399,-9.01523e-05
2871,0.188579,0.027583,2.58914e-05
2872,0.193285,0.027584,4.00141e-05
2873,0.21215,0.029415,-4.57974e-05
2874,0.21215,0.029415,-4.57974e-05
2875,0.192393,0.036161,-4.68215e-05
2876,0.184455,0.040219,-9.08349e-05
2877,0.179815,0.031222,-4.00711e-05
2878,0.155493,0.047444,-0.00010677
2879,0.168333,0.028,-0.00018445
2880,0.168333,0.028,-0.00018445
2881,0.164859,0.029232,1.62613e-05
2882,0.164859,0.029232,1.62613e-05
2883,0.151385,0.058867,8.5987e-05
2884,0.151385,0.058867,8.5987e-05
2885,0.151385,0.058867,8.5987e-05
2886,0.151385,0.058867,8.5987e-05
2887,0.151385,0.058867,8.5987e-05
2888,0.144903,0.049202,-5.85216e-05
2889,0.149136,0.062938,7.6723e-05
2890,0.149136,0.062938,7.6723e-05
2891,0.149136,0.062938,7.6723e-05
2892,0.149136,0.062938,7.6723e-05
2893,0.15024,0.070507,2.07786e-05
2894,0.144206,0.074615,8.31884e-06
2895,0.145012,0.082019,-6.16962e-05
2896,0.145012,0.082019,-6.16962e-05
2897,0.145012,0.082019,-6.16962e-05
2898,0.145012,0.082019,-6.16962e-05
2899,0.145012,0.082019,-6.16962e-05
2900,0.145012,0.082019,-6.16962e-05
2901,0.151455,0.076192,6.42475e-05
2902,0.151455,0.076192,6.42475e-05
2903,0.16052,0.064862,4.05616e-05
2904,0.156837,0.054843,2.72677e-05
2905,0.164664,0.090947,-7.11321e-05
2906,0.158249,0.087511,-4.71635e-05
2907,0.157105,0.09361,-0.000115094
2908,0.155736,0.082658,-0.000149911
2909,0.155736,0.082658,-0.000149911
2910,0.149616,0.096502,-0.000101211
2911,0.149616,0.096502,-0.000101211
2912,0.154862,0.105012,-4.49035e-05
2913,0.157856,0.089182,-3.96439e-05
2914,0.160291,0.091932,-8.34669e-05
2915,0.160291,0.091932,-8.34669e-05
2916,0.180441,0.10123,-5.24277e-05
2917,0.180441,0.10123,-5.24277e-05
2918,0.180441,0.10123,-5.24277e-05
2919,0.216733,0.046546,8.14006e-06
2920,0.216733,0.046546,8.14006e-06
2921,0.21784,0.054975,-8.44447e-05
2922,0.21784,0.054975,-8.44447e-05
2923,0.205386,0.057488,-4.11418e-05
2924,0.207622,0.06225,5.58864e-05
2925,0.2295,0.051683,6.05722e-05
2926,0.207603,0.061096,-4.75306e-05
2927,0.213352,0.051744,-9.45912e-05
2928,0.224505,0.053044,-4.65785e-05
2929,0.229257,0.06358,7.52633e-05
2930,0.207153,0.075774,4.05156e-05
2931,0.207153,0.075774,4.05156e-05
2932,0.21601,0.078765,0.000144439
2933,0.220689,0.072858,2.11708e-05
2934,0.200986,0.099333,0.000141684
2935,0.200986,0.099333,0.000141684
2936,0.200651,0.087752,0.000157414
2937,0.191464,0.118498,0.000131072
2938,0.18203,0.090832,-2.68878e-05
2939,0.18203,0.090832,-2.68878e-05
2940,0.171206,0.090654,-7.59903e-05
2941,0.187891,0.086406,-3.85998e-05
2942,0.196096,0.062026,1.89469e-05
2943,0.188861,0.106775,-6.7099e-05
2944,0.16515,0.100432,3.27234e-05
2945,0.16515,0.100432,3.27234e-05
2946,0.162266,0.089342,-1.91497e-05
2947,0.166173,0.09451,7.93961e-05
2948,0.175213,0.074758,4.04651e-05
2949,0.182726,0.077866,7.70052e-05
2950,0.164506,0.080184,-3.34788e-05
2951,0.164506,0.080184,-3.34789e-05
2952,0.164506,0.080184,-3.34789e-05
2953,0.165428,0.052359,4.07663e-07
2954,0.176633,0.058158,-8.24637e-05
2955,0.176633,0.058158,-8.24637e-05
2956,0.176633,0.058158,-8.24637e-05
2957,0.190465,0.050351,6.04301e-06
2958,0.190827,0.067734,-6.88494e-05
2959,0.174229,0.088771,-0.000139876
2960,0.174229,0.088771,-0.000139876
2961,0.1623,0.120736,-3.57522e-05
2962,0.1623,0.120736,-3.57522e-05
2963,0.152034,0.125065,9.71628e-05
2964,0.152034,0.125065,9.71628e-05
2965,0.15129,0.09312,-2.09661e-05
2966,0.146685,0.074932,-3.14756e-05
2967,0.146685,0.074932,-3.14756e-05
2968,0.147937,0.045789,-4.70554e-05
2969,0.151955,0.04489,-3.09036e-05
2970,0.139842,0.058432,1.6184e-05
2971,0.155736,0.035705,0.000161105
2972,0.155736,0.035705,0.000161105
2973,0.155736,0.035705,0.000161105
2974,0.161327,0.055425,7.32867e-05
2975,0.161327,0.055425,7.32867e-05
2976,0.161327,0.055425,7.32867e-05
2977,0.185419,-0.00046,-7.70049e-06
2978,0.168696,0.012437,8.05244e-06
2979,0.171145,0.015641,1.31754e-05
2980,0.155888,0.004459,1.73012e-05
2981,0.161789,0.00955,-2.84239e-05
2982,0.152179,0.022779,-7.77083e-05
2983,0.145673,0.020427,2.06368e-05
2984,0.156742,0.026536,4.50816e-05
2985,0.156742,0.026536,4.50816e-05
2986,0.155178,0.035362,3.45624e-05
2987,0.163914,0.024767,-7.66747e-05
2988,0.140693,0.028353,0.000122094
2989,0.140693,0.028353,0.000122094
2990,0.14357,0.05456,-2.67125e-05
2991,0.14357,0.05456,-2.67124e-05
2992,0.14357,0.05456,-2.67124e-05
2993,0.135367,0.036138,-1.11431e-06
2994,0.135367,0.036138,-1.11431e-06
2995,0.135367,0.036138,-1.11431e-06
2996,0.143795,0.030392,1.48356e-05
2997,0.133898,0.031057,7.49793e-05
2998,0.133898,0.031057,7.49793e-05
2999,0.146423,0.036057,-3.43401e-07
3000,0.146423,0.036057,-3.43401e-07
3001,0.146423,0.036057,-3.43404e-07
3002,0.15119,0.04965,-2.82974e-05
3003,0.160368,0.043665,4.84844e-05
3004,0.151055,0.04471,-1.26019e-06
3005,0.151055,0.04471,-1.26019e-06
3006,0.151055,0.04471,-1.26019e-06
3007,0.151055,0.04471,-1.26019e-06
3008,0.151055,0.04471,-1.26019e-06
3009,0.152393,0.039299,5.70857e-05
3010,0.143791,0.033404,-9.0264e-05
3011,0.140777,0.017504,-7.58741e-05
3012,0.140112,0.043023,-6.12011e-05
3013,0.138687,0.02192,6.31407e-06
3014,0.138687,0.02192,6.31407e-06
3015,0.146625,0.02652,-2.328e-05
3016,0.165049,0.020503,-3.70551e-05
3017,0.143502,0.057399,-4.32834e-05
3018,0.143502,0.057399,-4.32834e-05
3019,0.14936,0.070505,-5.03698e-05
3020,0.14936,0.070505,-5.03698e-05
3021,0.14936,0.070505,-5.03698e-05
3022,0.156873,0.074675,-8.39811e-05
3023,0.149124,0.111029,2.18866e-05
3024,0.149124,0.111029,2.18866e-05
3025,0.139634,0.111353,-4.78504e-07
3026,0.141307,0.126488,-1.27016e-05
3027,0.141202,0.14728,-8.57862e-05
3028,0.141202,0.14728,-8.57862e-05
3029,0.141202,0.14728,-8.57862e-05
3030,0.144626,0.143128,-7.90078e-06
3031,0.131323,0.137696,6.98522e-06
3032,0.132165,0.120847,-3.92806e-05
3033,0.132165,0.120847,-3.92806e-05
3034,0.132165,0.120847,-3.92806e-05
3035,0.13863,0.103915,-7.77471e-05
3036,0.135083,0.094147,-7.04811e-05
3037,0.135084,0.084015,3.11544e-05
3038,0.135084,0.084015,3.11544e-05
3039,0.145089,0.116308,9.31126e-07
3040,0.145089,0.116308,9.31126e-07
3041,0.146243,0.112483,1.06262e-06
3042,0.146243,0.112483,1.06262e-06
3043,0.146243,0.112483,1.06262e-06
3044,0.148517,0.132569,-4.86466e-05
3045,0.148517,0.132569,-4.86466e-05
3046,0.146311,0.117711,4.70055e-05
3047,0.134027,0.119166,5.25337e-05
3048,0.134504,0.099518,2.59146e-05
3049,0.144,0.111681,6.8574e-05
3050,0.147625,0.090973,6.49453e-05
3051,0.152843,0.085296,0.000106115
3052,0.152843,0.085296,0.000106115
3053,0.152843,0.085296,0.000106115
3054,0.143006,0.082997,4.42251e-05
3055,0.138151,0.096775,2.53937e-05
3056,0.130523,0.061545,4.55875e-05
3057,0.139296,0.080856,0.000163878
3058,0.139296,0.080856,0.000163878
3059,0.138095,0.054826,1.47153e-05
3060,0.138095,0.054826,1.47153e-05
3061,0.116058,0.062643,3.50548e-05
3062,0.126688,0.072812,-1.05764e-05
3063,0.12413,0.069151,-5.05365e-05
3064,0.128615,0.083683,1.99228e-06
3065,0.140644,0.073056,-9.93036e-05
3066,0.140644,0.073056,-9.93036e-05
3067,0.1375,0.061422,-2.0124e-05
3068,0.141413,0.082915,-1.1365e-05
3069,0.141413,0.082915,-1.1365e-05
3070,0.141413,0.082915,-1.1365e-05
3071,0.150679,0.06105,-1.3303e-06
3072,0.154254,0.068362,-0.000195477
3073,0.170406,0.068805,-0.000114728
3074,0.167729,0.083974,-2.68694e-05
3075,0.167729,0.083974,-2.68694e-05
3076,0.175864,0.09807,-0.000101848
3077,0.181346,0.084416,2.83907e-05
3078,0.16466,0.075435,-1.67182e-05
3079,0.143005,0.103464,-5.11545e-07
3080,0.147698,0.10997,7.46177e-05
3081,0.136424,0.084046,2.69627e-05
3082,0.141651,0.110224,9.01852e-06
3083,0.141692,0.119151,2.25084e-05
3084,0.143134,0.119838,-0.000112611
3085,0.157477,0.132509,1.29036e-05
3086,0.156787,0.142306,-4.64059e-05
3087,0.162952,0.115031,5.92245e-05
3088,0.171656,0.125646,-1.65446e-05
3089,0.175866,0.117773,0.000135755
3090,0.175866,0.117773,0.000135755
3091,0.175866,0.117773,0.000135755
3092,0.175866,0.117773,0.000135755
3093,0.184996,0.127114,1.42547e-05
3094,0.184996,0.127114,1.42547e-05
3095,0.194371,0.115676,0.000160834
3096,0.194371,0.115676,0.000160834
3097,0.194371,0.115676,0.000160834
3098,0.194371,0.115676,0.000160834
3099,0.192456,0.104159,-0.000102053
3100,0.183882,0.122253,-1.37215e-05
3101,0.18357,0.125082,-5.8455e-05
3102,0.18357,0.125082,-5.8455e-05
3103,0.18357,0.125082,-5.8455e-05
3104,0.180643,0.13934,-4.73561e-05
3105,0.181712,0.123155,3.59452e-05
3106,0.17208,0.100022,-7.24515e-05
3107,0.17208,0.100022,-7.24515e-05
3108,0.17208,0.100022,-7.24515e-05
3109,0.17038,0.121598,6.17401e-06
3110,0.164882,0.111713,-2.68894e-06
3111,0.179426,0.091612,-2.50229e-05
3112,0.166731,0.080279,-0.000107123
3113,0.179494,0.076368,6.27068e-06
3114,0.172175,0.076806,0.000110405
3115,0.185588,0.061804,-0.000110036
3116,0.185588,0.061804,-0.000110036
3117,0.183812,0.085291,2.66219e-05
3118,0.187595,0.079783,-1.494e-05
3119,0.16973,0.099973,3.19834e-05
3120,0.16973,0.099973,3.19834e-05
3121,0.166375,0.087136,1.00327e-07
3122,0.180166,0.094089,-2.32151e-05
3123,0.156751,0.121322,3.3492e-05
3124,0.169306,0.098879,9.07334e-05
3125,0.171759,0.105215,0.000111126
3126,0.171759,0.105215,0.000111126
3127,0.167172,0.090865,-3.59922e-05
3128,0.183821,0.069002,0.000116034
3129,0.178016,0.082806,1.8028e-05
3130,0.178016,0.082806,1.8028e-05
3131,0.181826,0.108918,8.59249e-06
3132,0.186655,0.104166,8.15501e-05
3133,0.190626,0.094912,1.53282e-05
3134,0.190626,0.094912,1.53282e-05
3135,0.181349,0.093821,5.14146e-05
3136,0.193369,0.089048,2.97556e-05
3137,0.219636,0.095968,2.8914e-05
3138,0.205802,0.097928,-4.3666e-05
3139,0.205802,0.097928,-4.3666e-05
3140,0.198964,0.107449,2.38863e-05
3141,0.191426,0.123554,6.67967e-05
3142,0.191426,0.123554,6.67967e-05
3143,0.187625,0.110902,9.8935e-06
3144,0.187625,0.110902,9.8935e-06
3145,0.187625,0.110902,9.8935e-06
3146,0.195942,0.09698,4.462e-05
3147,0.203156,0.079127,6.04929e-05
3148,0.203156,0.079127,6.04929e-05
3149,0.203156,0.079127,6.04929e-05
3150,0.190247,0.087865,-3.73786e-05
3151,0.190247,0.087865,-3.73786e-05
3152,0.188839,0.096612,-0.000118381
3153,0.18468,0.098386,-6.59521e-05
3154,0.18468,0.098386,-6.59521e-05
3155,0.194817,0.084837,-3.65134e-05
3156,0.215986,0.086974,-6.88969e-05
3157,0.223176,0.090511,3.4115e-05
3158,0.223176,0.090511,3.4115e-05
3159,0.214253,0.115839,-0.000134282
3160,0.218512,0.115868,-4.85895e-05
3161,0.218512,0.115868,-4.85895e-05
3162,0.218512,0.115868,-4.85895e-05
3163,0.211272,0.117257,-9.90535e-05
3164,0.211272,0.117257,-9.90535e-05
3165,0.210189,0.124045,-4.48976e-05
3166,0.210189,0.124045,-4.48976e-05
3167,0.210189,0.124045,-4.48976e-05
3168,0.210189,0.124045,-4.48976e-05
3169,0.204961,0.122085,-3.63459e-05
3170,0.204961,0.122085,-3.63459e-05
3171,0.204961,0.122085,-3.63458e-05
3172,0.184094,0.155155,2.23378e-05
3173,0.199218,0.156315,-2.64296e-05
3174,0.199218,0.156315,-2.64296e-05
3175,0.207826,0.160624,-2.65928e-05
3176,0.203256,0.177523,-0.000115049
3177,0.197199,0.152674,4.20486e-06
3178,0.201937,0.16019,-7.59626e-05
3179,0.201937,0.16019,-7.59626e-05
3180,0.191108,0.15899,6.79296e-05
3181,0.191108,0.15899,6.79297e-05
3182,0.206824,0.161026,-2.09134e-05
3183,0.184548,0.173516,-1.31e-05
3184,0.214837,0.15223,-9.69236e-05
3185,0.207484,0.16389,-1.96905e-05
3186,0.20246,0.145928,-1.36685e-05
3187,0.199564,0.153118,5.98472e-07
3188,0.199564,0.153118,5.98472e-07
3189,0.189216,0.1454,3.43879e-05
3190,0.193003,0.149108,4.32948e-05
3191,0.18408,0.151985,2.48878e-05
3192,0.161546,0.171297,-2.09419e-05
3193,0.166363,0.169175,-6.63546e-06
3194,0.161517,0.164324,-5.228e-05
3195,0.161517,0.164324,-5.228e-05
3196,0.166111,0.173108,-1.06993e-05
3197,0.172065,0.1645,-3.03001e-05
3198,0.172065,0.1645,-3.03001e-05
3199,0.172065,0.1645,-3.03001e-05
3200,0.172065,0.1645,-3.03001e-05
3201,0.164322,0.166217,-1.64662e-05
3202,0.164322,0.166217,-1.64662e-05
3203,0.164322,0.166217,-1.64662e-05
3204,0.15666,0.168896,-7.44876e-05
3205,0.157535,0.178195,7.2441e-05
3206,0.14577,0.176392,-1.67368e-05
3207,0.154595,0.180049,-1.39867e-05
3208,0.165851,0.161224,8.36334e-05
3209,0.165851,0.161224,8.36334e-05
3210,0.165851,0.161224,8.36334e-05
3211,0.167818,0.178096,-0.000114361
3212,0.162185,0.163187,-4.54013e-05
3213,0.162185,0.163187,-4.54013e-05
3214,0.156548,0.166078,-6.42784e-05
3215,0.16454,0.166927,-2.94454e-05
3216,0.16454,0.166927,-2.94454e-05
3217,0.154963,0.169673,-5.7496e-05
3218,0.154963,0.169673,-5.7496e-05
3219,0.158571,0.165079,-1.54077e-05
3220,0.153086,0.176604,-2.23645e-05
3221,0.153086,0.176604,-2.23645e-05
3222,0.160235,0.172029,5.72479e-05
3223,0.151318,0.167223,0.000140427
3224,0.162128,0.142502,0.000163242
3225,0.175163,0.127,0.00012694
3226,0.175163,0.127,0.00012694
3227,0.175163,0.127,0.00012694
3228,0.170086,0.13279,6.39947e-05
3229,0.181909,0.121887,4.28292e-05
3230,0.183435,0.119323,-6.14382e-05
3231,0.18407,0.121027,2.8382e-06
3232,0.18407,0.121027,2.8382e-06
3233,0.18407,0.121027,2.8382e-06
3234,0.18407,0.121027,2.8382e-06
3235,0.211895,0.081642,8.76467e-06
3236,0.211895,0.081642,8.76467e-06
3237,0.212772,0.072123,-5.15947e-05
3238,0.230229,0.049442,-2.73113e-05
3239,0.240077,0.028135,-2.44688e-05
3240,0.205658,0.066856,8.59194e-06
3241,0.231699,0.055869,2.02366e-05
3242,0.222259,0.05782,-7.06986e-05
3243,0.21762,0.091944,-5.90658e-05
3244,0.21762,0.091944,-5.90658e-05
3245,0.231857,0.060659,3.18388e-05
3246,0.231857,0.060659,3.18388e-05
3247,0.220627,0.088601,4.34079e-05
3248,0.202987,0.09543,3.65513e-05
3249,0.182639,0.098264,-3.95408e-05
3250,0.182639,0.098264,-3.95408e-05
3251,0.167248,0.106958,7.64636e-05
3252,0.167248,0.106958,7.64636e-05
3253,0.183144,0.115401,9.76193e-05
3254,0.187469,0.108811,0.000145472
3255,0.199168,0.088415,0.000133072
3256,0.199168,0.088415,0.000133072
3257,0.202249,0.079403,0.000102575
3258,0.202249,0.079403,0.000102575
3259,0.202249,0.079403,0.000102575
3260,0.188647,0.099089,0.000148665
3261,0.188647,0.099089,0.000148665
3262,0.188647,0.099089,0.000148665
3263,0.188647,0.099089,0.000148665
3264,0.215275,0.078909,-6.43571e-06
3265,0.215275,0.078909,-6.43571e-06
3266,0.215275,0.078909,-6.43571e-06
3267,0.228973,0.055572,6.48065e-05
3268,0.240124,0.072732,-2.32226e-05
3269,0.220166,0.082127,7.09586e-05
3270,0.220166,0.082127,7.09586e-05
3271,0.203771,0.081206,7.15972e-05
3272,0.191227,0.062403,6.08678e-05
3273,0.17651,0.057192,-5.10009e-05
3274,0.17651,0.057192,-5.10009e-05
3275,0.17651,0.057192,-5.10009e-05
3276,0.177797,0.071831,5.72618e-05
3277,0.178643,0.049112,0.000109481
3278,0.178643,0.049112,0.000109481
3279,0.18064,0.090147,9.16061e-06
3280,0.171342,0.094977,3.14893e-05
3281,0.190804,0.060965,-2.13095e-05
3282,0.207358,0.063067,0.00011027
3283,0.201751,0.0636,-1.1103e-05
3284,0.199375,0.082795,-3.96871e-07
3285,0.200521,0.092377,1.92054e-05
3286,0.194277,0.094389,-8.15344e-05
3287,0.181505,0.100557,-2.45554e-05
3288,0.181505,0.100557,-2.45554e-05
3289,0.17692,0.086544,-4.32358e-05
3290,0.17692,0.086544,-4.32358e-05
3291,0.17692,0.086544,-4.32358e-05
3292,0.172061,0.10879,3.8245e-06
3293,0.180192,0.10173,-9.28422e-05
3294,0.184081,0.094924,-4.38971e-05
3295,0.172281,0.111093,4.88722e-06
3296,0.183087,0.10897,-1.34424e-05
3297,0.19698,0.10291,-3.89611e-05
3298,0.19698,0.10291,-3.89611e-05
3299,0.196872,0.090659,-8.85086e-05
3300,0.198137,0.085369,-6.7129e-05
3301,0.198137,0.085369,-6.7129e-05
3302,0.198137,0.085369,-6.7129e-05
3303,0.205585,0.046489,6.84667e-06
3304,0.207615,0.065478,-6.25031e-05
3305,0.207615,0.065478,-6.25031e-05
3306,0.207615,0.065478,-6.25031e-05
3307,0.214371,0.054508,-9.14616e-05
3308,0.214371,0.054508,-9.14616e-05
3309,0.214797,0.066578,-6.84016e-06
3310,0.214797,0.066578,-6.84016e-06
3311,0.187287,0.058689,4.4464e-05
3312,0.182678,0.064128,0.000158906
3313,0.187722,0.050866,4.78081e-05
3314,0.195577,0.054129,-2.31062e-06
3315,0.203367,0.033344,1.00403e-05
3316,0.222727,0.022617,2.64695e-05
3317,0.222727,0.022617,2.64695e-05
3318,0.221434,0.042731,-7.66542e-05
3319,0.221181,0.053943,0.0001066
3320,0.246674,0.039477,1.58753e-05
3321,0.240208,0.030984,-3.92017e-05
3322,0.223316,0.038626,2.20315e-05
3323,0.194446,0.044111,-0.000189802
3324,0.194446,0.044111,-0.000189802
3325,0.20389,0.025338,-0.000121504
3326,0.211777,0.029354,-7.53946e-05
3327,0.218282,0.001524,-2.34345e-05
3328,0.215078,0.012258,-0.000142407
3329,0.215078,0.012258,-0.000142407
3330,0.215078,0.012258,-0.000142407
3331,0.188968,0.012448,-3.48874e-05
3332,0.215926,0.006789,6.61776e-05
3333,0.207652,0.026253,9.61487e-05
3334,0.215186,0.02409,6.64887e-06
3335,0.214293,0.02323,9.24915e-05
3336,0.208136,0.042246,6.9547e-05
3337,0.208136,0.042246,6.9547e-05
3338,0.203403,0.049596,9.69871e-05
3339,0.203403,0.049596,9.69871e-05
3340,0.208379,0.058836,1.38781e-05
3341,0.208379,0.058836,1.38781e-05
3342,0.208379,0.058836,1.38781e-05
3343,0.204679,0.072687,-3.60699e-05
3344,0.204679,0.072687,-3.60699e-05
3345,0.211071,0.072242,-0.000108184
3346,0.211071,0.072242,-0.000108184
3347,0.211071,0.072242,-0.000108184
3348,0.211071,0.072242,-0.000108184
3349,0.211071,0.072242,-0.000108184
3350,0.212256,0.056895,-8.48813e-05
3351,0.202917,0.052601,-1.24309e-05
3352,0.188965,0.060515,7.71294e-05
3353,0.18337,0.079199,2.40984e-05
3354,0.18337,0.079199,2.40984e-05
3355,0.186608,0.091613,1.45231e-05
3356,0.186608,0.091613,1.45231e-05
3357,0.200304,0.086117,-5.80745e-05
3358,0.200304,0.086117,-5.80745e-05
3359,0.200304,0.086117,-5.80745e-05
3360,0.200304,0.086117,-5.80745e-05
3361,0.200304,0.086117,-5.80745e-05
3362,0.200444,0.060364,-8.38532e-06
3363,0.191412,0.054,-2.86687e-05
3364,0.191412,0.054,-2.86687e-05
3365,0.191412,0.054,-2.86687e-05
3366,0.191412,0.054,-2.86687e-05
3367,0.191412,0.054,-2.86687e-05
3368,0.191412,0.054,-2.86687e-05
3369,0.197068,0.03368,-6.56803e-05
3370,0.174417,0.040883,-6.0546e-07
3371,0.179161,0.031583,-0.000101563
3372,0.174307,0.015207,5.77678e-06
3373,0.170979,0.015559,1.58262e-05
3374,0.170979,0.015559,1.58262e-05
3375,0.170979,0.015559,1.58262e-05
3376,0.176191,-0.0002,-2.61374e-05
3377,0.179084,0.002423,7.18831e-05
3378,0.192421,0.009301,-5.2293e-05
3379,0.206765,-0.00564,5.43984e-05
3380,0.205352,-0.0046,0.000173414
3381,0.190458,0.01438,8.81057e-05
3382,0.190458,0.01438,8.81057e-05
3383,0.211844,0.017398,0.000123375
3384,0.210841,0.042711,0.00010336
3385,0.189797,0.050845,6.81409e-05
3386,0.197628,0.06286,8.54118e-05
3387,0.197628,0.06286,8.54118e-05
3388,0.191884,0.065749,7.85013e-05
3389,0.206281,0.078433,1.29765e-05
3390,0.20991,0.06211,0.000166023
3391,0.20991,0.06211,0.000166023
3392,0.212213,0.055751,0.000149095
3393,0.176499,0.112776,-2.25413e-06
3394,0.176499,0.112776,-2.25413e-06
3395,0.176499,0.112776,-2.25413e-06
3396,0.181781,0.10066,3.89189e-05
3397,0.181781,0.10066,3.89189e-05
3398,0.163774,0.086407,2.1171e-05
3399,0.163774,0.086407,2.1171e-05
3400,0.163774,0.086407,2.1171e-05
3401,0.173298,0.069011,0.00016898
3402,0.169481,0.075257,0.000169467
3403,0.18062,0.065314,0.00010311
3404,0.18062,0.065314,0.00010311
3405,0.194595,0.060046,6.35201e-05
3406,0.212508,0.049233,-1.90273e-05
3407,0.212508,0.049233,-1.90273e-05
3408,0.212508,0.049233,-1.90273e-05
3409,0.212508,0.049233,-1.90273e-05
3410,0.235459,0.01405,-4.63926e-06
3411,0.230097,0.013388,-1.62463e-05
3412,0.230097,0.013388,-1.62463e-05
3413,0.211461,0.012859,-1.9091e-05
3414,0.224185,-0.0019,-4.98353e-05
3415,0.224185,-0.0019,-4.98353e-05
3416,0.194665,0.030592,-4.49857e-05
3417,0.184638,0.038117,-4.93343e-05
3418,0.192599,0.014442,-3.43332e-05
3419,0.18942,0.013747,1.71636e-05
3420,0.191295,0.030889,1.10009e-05
3421,0.191295,0.030889,1.10009e-05
3422,0.191295,0.030889,1.10009e-05
3423,0.172755,0.044667,6.15202e-05
3424,0.171789,0.051614,4.72347e-05
3425,0.142226,0.054966,0.000120893
3426,0.142226,0.054966,0.000120893
3427,0.160958,0.05108,0.000128527
3428,0.174656,0.029836,0.000118954
3429,0.174656,0.029836,0.000118954
3430,0.174656,0.029836,0.000118954
3431,0.174656,0.029836,0.000118954
3432,0.166973,0.021171,3.46763e-05
3433,0.166973,0.021171,3.46763e-05
3434,0.198352,0.000715,-0.000102189
3435,0.173867,0.026043,4.25732e-05
3436,0.183589,0.011767,1.25684e-05
3437,0.198988,0.013478,4.80824e-05
3438,0.155672,0.047358,5.84055e-05
3439,0.174479,0.029027,3.27694e-05
3440,0.143693,0.021354,-5.38983e-05
3441,0.15774,0.022753,0.000129799
3442,0.170737,0.0186,6.31927e-05
3443,0.165663,0.010569,8.31664e-05
3444,0.152755,0.01784,2.46309e-05
3445,0.152755,0.01784,2.46309e-05
3446,0.148396,0.013612,-6.60059e-05
3447,0.172182,0.00085,5.98067e-05
3448,0.154349,0.023041,-0.000127271
3449,0.154349,0.023041,-0.000127271
3450,0.154349,0.023041,-0.000127271
3451,0.139637,0.038124,-5.84935e-05
3452,0.139637,0.038124,-5.84935e-05
3453,0.139637,0.038124,-5.84935e-05
3454,0.151346,0.023836,-0.000116131
3455,0.14043,0.053205,-1.69741e-05
3456,0.14043,0.053205,-1.69741e-05
3457,0.14043,0.053205,-1.69741e-05
3458,0.14043,0.053205,-1.69741e-05
3459,0.130553,0.056955,0.000119746
3460,0.140099,0.050613,4.38398e-05
3461,0.142741,0.043548,4.6698e-05
3462,0.13776,0.035025,-6.46169e-05
3463,0.132476,0.051999,-9.7218e-05
3464,0.129599,0.071379,-0.000126225
3465,0.129599,0.071379,-0.000126225
3466,0.129599,0.071379,-0.000126225
3467,0.14827,0.091295,-6.38951e-05
3468,0.14827,0.091295,-6.38951e-05
3469,0.14827,0.091295,-6.38951e-05
3470,0.150253,0.089311,9.37378e-05
3471,0.150253,0.089311,9.37379e-05
3472,0.153037,0.10054,-1.0696e-05
3473,0.15201,0.105221,4.60607e-05
3474,0.147422,0.09973,5.03887e-05
3475,0.153609,0.097068,1.31891e-05
3476,0.153609,0.097068,1.31891e-05
3477,0.148086,0.094037,8.624e-05
3478,0.148086,0.094037,8.624e-05
3479,0.160603,0.093625,3.2444e-06
3480,0.149873,0.082669,-7.26894e-05
3481,0.162627,0.069588,-6.00073e-05
3482,0.159388,0.088007,-9.96558e-05
3483,0.167455,0.065836,2.944e-05
3484,0.17097,0.06096,-2.79025e-06
3485,0.190062,0.045983,4.75467e-05
3486,0.18757,0.042088,-4.42216e-05
3487,0.195247,0.051751,-5.44079e-05
3488,0.195247,0.051751,-5.44079e-05
3489,0.195247,0.051751,-5.44079e-05
3490,0.209733,0.026631,5.87693e-05
3491,0.209733,0.026631,5.87694e-05
3492,0.178308,0.051327,6.82537e-05
3493,0.174937,0.069518,0.000115071
3494,0.189361,0.043227,0.000132425
3495,0.179839,0.060735,-1.6304e-05
3496,0.179839,0.060735,-1.6304e-05
3497,0.1931,0.01646,9.98252e-05
3498,0.198946,0.006116,3.6151e-05
3499,0.193539,-0.00324,5.72013e-05
3500,0.193539,-0.00324,5.72013e-05
3501,0.192681,-0.00331,5.73952e-05
3502,0.200673,-0.01441,1.88664e-05
3503,0.204325,-0.00298,4.88985e-06
3504,0.196066,0.022226,-2.87783e-05
3505,0.20097,0.028541,-9.20394e-05
3506,0.194206,0.028046,-1.90789e-05
3507,0.191844,0.043888,-0.000138012
3508,0.215902,0.027416,-2.39448e-05
3509,0.188733,0.046623,5.34183e-05
3510,0.188733,0.046623,5.34183e-05
3511,0.219934,0.026602,4.05774e-05
3512,0.241577,0.013689,-2.19594e-05
3513,0.246337,0.014221,-6.22713e-05
3514,0.246337,0.014221,-6.22713e-05
3515,0.242737,0.018942,8.42819e-05
3516,0.242737,0.018942,8.42819e-05
3517,0.242737,0.018942,8.42819e-05
3518,0.229212,0.018023,-2.23389e-05
3519,0.213631,0.020867,-3.93931e-05
3520,0.213631,0.020867,-3.93931e-05
3521,0.225061,-0.00091,-0.000133473
3522,0.225061,-0.00091,-0.000133473
3523,0.225061,-0.00091,-0.000133473
3524,0.249292,-0.02158,-0.000201218
3525,0.252529,-0.03108,-0.000129314
3526,0.261924,-0.01472,-0.000104859
3527,0.261924,-0.01472,-0.000104859
3528,0.261924,-0.01472,-0.000104859
3529,0.261924,-0.01472,-0.000104859
3530,0.261924,-0.01472,-0.000104859
3531,0.261924,-0.01472,-0.000104859
3532,0.242859,-0.01552,-6.20925e-05
3533,0.26912,-0.00498,-2.1792e-05
3534,0.26912,-0.00498,-2.1792e-05
3535,0.26912,-0.00498,-2.1792e-05
3536,0.273999,-0.01346,-3.52629e-05
3537,0.310647,-0.0554,-5.50254e-05
3538,0.310647,-0.0554,-5.50254e-05
3539,0.235387,-0.0134,-5.1206e-05
3540,0.231506,-0.00099,-1.40291e-05
3541,0.233047,-0.01019,-6.53349e-05
3542,0.233047,-0.01019,-6.53349e-05
3543,0.245054,0.00802,-3.89297e-05
3544,0.245054,0.00802,-3.89297e-05
3545,0.252677,-0.00508,-1.34652e-05
3546,0.266808,0.002131,-1.04805e-05
3547,0.27578,-0.01508,-3.8745e-05
3548,0.268697,-0.0258,-9.61189e-06
3549,0.270111,-0.02084,-7.33121e-05
3550,0.270111,-0.02084,-7.33121e-05
3551,0.262828,-0.01817,-5.01123e-05
3552,0.262828,-0.01817,-5.01123e-05
3553,0.273802,-0.01697,-7.86243e-05
3554,0.265783,-0.01295,-7.90464e-06
3555,0.284887,-0.03107,-5.99301e-05
3556,0.255722,-0.0294,5.06104e-05
3557,0.255722,-0.0294,5.06104e-05
3558,0.218617,-0.00102,3.02399e-05
3559,0.213666,0.008294,0.000149506
3560,0.213666,0.008294,0.000149506
3561,0.236373,0.012834,2.59225e-05
3562,0.248353,0.017387,-7.37105e-05
3563,0.248353,0.017387,-7.37105e-05
3564,0.248353,0.017387,-7.37105e-05
3565,0.239183,0.029497,2.30167e-05
3566,0.239183,0.029497,2.30167e-05
3567,0.239183,0.029497,2.30167e-05
3568,0.26086,-0.00488,-5.81012e-05
3569,0.251869,-0.00713,8.59743e-05
3570,0.231571,0.012379,5.99415e-05
3571,0.214026,0.022838,4.54753e-05
3572,0.208244,0.019193,4.91114e-05
3573,0.232858,-0.00934,-2.75768e-05
3574,0.220151,0.012974,6.20352e-05
3575,0.222713,-0.00032,6.51567e-05
3576,0.206964,0.008668,-5.10531e-05
3577,0.25332,-0.02323,-0.000113593
3578,0.25332,-0.02323,-0.000113593
3579,0.23142,-0.01699,-4.42392e-05
3580,0.240718,-0.02019,-0.000125039
3581,0.241857,-0.01871,2.66472e-05
3582,0.241857,-0.01871,2.66472e-05
3583,0.222229,0.009515,3.99408e-05
3584,0.23516,-0.00321,-8.11156e-05
3585,0.23516,-0.00321,-8.11156e-05
3586,0.23516,-0.00321,-8.11156e-05
3587,0.23516,-0.00321,-8.11156e-05
3588,0.23516,-0.00321,-8.11156e-05
3589,0.2325,-0.0121,7.76711e-05
3590,0.215629,-0.00029,2.08728e-05
3591,0.215629,-0.00029,2.08728e-05
3592,0.215629,-0.00029,2.08728e-05
3593,0.223544,0.00391,-1.92582e-05
3594,0.223544,0.00391,-1.92582e-05
3595,0.221901,-0.01415,2.0597e-05
3596,0.199788,0.009091,-3.42804e-05
3597,0.199788,0.009091,-3.42804e-05
3598,0.201413,0.001522,7.98137e-05
3599,0.201413,0.001522,7.98137e-05
3600,0.191216,-0.00859,5.14337e-05
3601,0.191216,-0.00859,5.14337e-05
3602,0.183331,-0.01087,6.07013e-05
3603,0.197598,-0.02261,3.82983e-05
3604,0.197598,-0.02261,3.82983e-05
3605,0.188527,0.005171,-3.28146e-05
3606,0.179529,0.002153,0.000129387
3607,0.199628,0.000162,5.51794e-05
3608,0.18057,-0.01283,-4.57008e-05
3609,0.187752,-0.02865,-0.00010525
3610,0.186794,-0.02434,-0.000118345
3611,0.18185,0.002755,7.70798e-06
3612,0.192038,0.009099,2.29513e-05
3613,0.192038,0.009099,2.29513e-05
3614,0.210769,0.011024,3.48845e-05
3615,0.193525,0.010152,6.86033e-05
3616,0.193525,0.010152,6.86033e-05
3617,0.193525,0.010152,6.86033e-05
3618,0.213874,0.01129,-2.52177e-05
3619,0.20146,0.02992,3.62397e-06
3620,0.20146,0.02992,3.62397e-06
3621,0.20146,0.02992,3.62395e-06
3622,0.178411,0.050095,2.46853e-05
3623,0.178411,0.050095,2.46853e-05
3624,0.172681,0.046806,6.07302e-05
3625,0.185461,0.042084,0.000104183
3626,0.185461,0.042084,0.000104183
3627,0.190095,0.022251,4.07876e-05
3628,0.19369,0.002097,2.10687e-05
3629,0.198924,0.007847,7.49961e-06
3630,0.198924,0.007847,7.49961e-06
3631,0.185989,0.022479,1.48769e-05
3632,0.185989,0.022479,1.48769e-05
3633,0.185989,0.022479,1.48769e-05
3634,0.204052,0.034755,-0.000150405
3635,0.204052,0.034755,-0.000150405
3636,0.196951,0.048886,5.79059e-05
3637,0.193678,0.053591,-6.46158e-05
3638,0.193678,0.053591,-6.46158e-05
3639,0.18528,0.052621,-1.31399e-07
3640,0.199919,0.059707,0.000100983
3641,0.180306,0.05078,4.54609e-05
3642,0.180306,0.05078,4.54609e-05
3643,0.190338,0.046698,-6.7504e-05
3644,0.191496,0.057659,0.000147665
3645,0.177371,0.075475,1.74537e-05
3646,0.170527,0.060076,9.42099e-05
3647,0.170186,0.065211,7.55581e-05
3648,0.170186,0.065211,7.55581e-05
3649,0.163419,0.064302,3.73978e-05
3650,0.163419,0.064302,3.73978e-05
3651,0.15652,0.058407,6.30035e-05
3652,0.15652,0.058407,6.30035e-05
3653,0.15652,0.058407,6.30035e-05
3654,0.161357,0.060822,0.000105458
3655,0.161357,0.060822,0.000105458
3656,0.177406,0.025292,8.38673e-05
3657,0.173415,0.030407,-3.08181e-05
3658,0.171135,0.033942,-6.37108e-05
3659,0.153797,0.013172,0.00010475
3660,0.151716,0.024354,7.61546e-05
3661,0.151716,0.024354,7.61546e-05
3662,0.151716,0.024354,7.61546e-05
3663,0.151716,0.024354,7.61546e-05
3664,0.151716,0.024354,7.61546e-05
3665,0.151716,0.024354,7.61546e-05
3666,0.151716,0.024354,7.61546e-05
3667,0.151716,0.024354,7.61546e-05
3668,0.151716,0.024354,7.61546e-05
3669,0.166293,0.03539,1.26973e-05
3670,0.166293,0.03539,1.26973e-05
3671,0.155968,0.017255,-4.01847e-05
3672,0.155968,0.017255,-4.01847e-05
3673,0.155968,0.017255,-4.01847e-05
3674,0.14853,0.042518,-0.000101819
3675,0.154143,0.034186,-2.40906e-05
3676,0.154143,0.034186,-2.40906e-05
3677,0.150481,0.021517,-4.53263e-05
3678,0.164146,0.007997,-0.000151561
3679,0.164172,0.00796,-2.34602e-05
3680,0.164669,0.007277,6.31261e-06
3681,0.172614,0.003194,0.000143437
3682,0.169908,0.014649,-3.70446e-06
3683,0.166772,0.015097,6.96512e-05
3684,0.177198,-0.01608,-9.51845e-05
3685,0.175963,-0.00832,-0.000151492
3686,0.176885,-0.02029,-9.30959e-05
3687,0.199273,-0.01123,-5.01327e-05
3688,0.205354,-0.02391,7.36583e-05
3689,0.203136,-0.01828,4.77334e-05
3690,0.203136,-0.01828,4.77334e-05
3691,0.203136,-0.01828,4.77334e-05
3692,0.203136,-0.01828,4.77334e-05
3693,0.203136,-0.01828,4.77334e-05
3694,0.203136,-0.01828,4.77334e-05
3695,0.203136,-0.01828,4.77334e-05
3696,0.216495,-0.04043,-5.13056e-05
3697,0.216495,-0.04043,-5.13056e-05
3698,0.191096,-0.01691,6.90247e-05
3699,0.186904,-0.01875,-0.000146354
3700,0.199393,-0.01499,-8.06506e-05
3701,0.19391,-0.01899,-0.000134821
3702,0.207273,-0.02264,7.10789e-06
3703,0.220747,-0.04501,4.46356e-06
3704,0.188387,-0.01123,1.34558e-05
3705,0.186959,-0.00097,7.70632e-05
3706,0.186959,-0.00097,7.70632e-05
3707,0.188583,0.011501,3.29874e-05
3708,0.185975,0.008756,1.0093e-05
3709,0.185975,0.008756,1.0093e-05
3710,0.183867,0.025467,2.28804e-05
3711,0.179996,0.020091,2.92037e-05
3712,0.17184,0.024486,4.23408e-05
3713,0.17184,0.024486,4.23408e-05
3714,0.175827,0.037642,0.000153078
3715,0.175827,0.037642,0.000153078
3716,0.171809,0.039215,4.75949e-05
3717,0.175712,0.036514,-1.89041e-05
3718,0.175712,0.036514,-1.89041e-05
3719,0.170271,0.027976,3.85881e-05
3720,0.165244,0.026377,-6.56584e-05
3721,0.189817,-0.00754,-5.43914e-05
3722,0.189817,-0.00754,-5.43914e-05
3723,0.183997,-0.01886,-8.86601e-05
3724,0.186463,-0.02903,-6.75256e-05
3725,0.162474,-0.00947,2.091e-05
3726,0.162474,-0.00947,2.091e-05
3727,0.187997,-0.00643,0.000114454
3728,0.187997,-0.00643,0.000114454
3729,0.187435,-0.01405,3.08523e-05
3730,0.194832,-0.02948,-4.09947e-06
3731,0.194832,-0.02948,-4.09942e-06
3732,0.183552,-0.01783,-8.47672e-05
3733,0.193784,-0.02407,-2.02876e-05
3734,0.190234,-0.02156,-7.47069e-05
3735,0.190234,-0.02156,-7.47069e-05
3736,0.190234,-0.02156,-7.47069e-05
3737,0.189004,-0.02925,-2.08467e-05
3738,0.189004,-0.02925,-2.08467e-05
3739,0.18503,-0.02817,0.000105088
3740,0.205296,-0.04456,-3.8392e-05
3741,0.196362,-0.03744,-0.000103457
3742,0.207638,-0.05136,-1.73122e-05
3743,0.207638,-0.05136,-1.73122e-05
3744,0.207638,-0.05136,-1.73122e-05
3745,0.223777,-0.04734,1.74996e-05
3746,0.244546,-0.06616,-7.99005e-05
3747,0.244546,-0.06616,-7.99005e-05
3748,0.231522,-0.06349,-0.0001947
3749,0.236388,-0.05559,-2.53436e-05
3750,0.240549,-0.05245,-1.06381e-05
3751,0.240549,-0.05245,-1.06381e-05
3752,0.214169,-0.02785,1.85714e-05
3753,0.235898,-0.03082,-2.19196e-05
3754,0.235898,-0.03082,-2.19196e-05
3755,0.234516,-0.02861,-0.00012261
3756,0.202048,0.000169,-3.77982e-05
3757,0.248193,-0.02863,-0.000149117
3758,0.242989,-0.02041,-0.000125041
3759,0.262247,-0.02382,-6.81501e-05
3760,0.259786,-0.03405,9.54891e-06
3761,0.282749,-0.06966,7.88827e-05
3762,0.282749,-0.06966,7.88827e-05
3763,0.241972,-0.02172,1.28833e-05
3764,0.246714,-0.01604,-5.62297e-05
3765,0.246714,-0.01604,-5.62297e-05
3766,0.225759,-0.00547,-1.27617e-05
3767,0.213426,0.003357,0.00013573
3768,0.218355,-0.00673,6.0199e-05
3769,0.230519,0.016643,0.000128763
3770,0.239619,0.004024,5.67539e-05
3771,0.239619,0.004024,5.67539e-05
3772,0.225387,0.018333,5.36383e-05
3773,0.225872,-0.0024,-4.92856e-06
3774,0.225872,-0.0024,-4.92856e-06
3775,0.225872,-0.0024,-4.92856e-06
3776,0.234743,-0.03721,-4.14273e-05
3777,0.243577,-0.03774,3.52059e-05
3778,0.251266,-0.06476,-3.3588e-05
3779,0.240879,-0.03385,-9.85088e-05
3780,0.216494,-0.02321,4.73424e-05
3781,0.247495,-0.04184,-2.30088e-05
3782,0.247495,-0.04184,-2.30088e-05
3783,0.209207,-0.03163,-5.54253e-05
3784,0.218683,-0.02339,6.72916e-05
3785,0.232771,-0.01733,5.78318e-06
3786,0.232771,-0.01733,5.78318e-06
3787,0.232771,-0.01733,5.78318e-06
3788,0.224283,-0.04058,-8.24284e-05
3789,0.224283,-0.04058,-8.24284e-05
3790,0.212355,-0.03621,6.8672e-06
3791,0.215018,-0.03491,7.6451e-05
3792,0.199119,-0.02284,0.000175481
3793,0.199119,-0.02284,0.000175481
3794,0.200526,-0.02583,2.65357e-05
3795,0.206963,-0.02975,4.12613e-07
3796,0.206963,-0.02975,4.12613e-07
3797,0.206963,-0.02975,4.12613e-07
3798,0.222244,-0.06022,0.000115846
3799,0.222244,-0.06022,0.000115846
3800,0.222244,-0.06022,0.000115846
3801,0.246466,-0.09458,7.93611e-05
3802,0.242543,-0.09336,0.000115084
3803,0.242543,-0.09336,0.000115084
3804,0.266078,-0.08168,6.42523e-05
3805,0.264068,-0.06499,0.00014966
3806,0.264068,-0.06499,0.00014966
3807,0.262157,-0.05885,6.70021e-05
3808,0.236185,-0.05347,0.000162606
3809,0.236185,-0.05347,0.000162606
3810,0.272676,-0.07264,-2.86646e-05
3811,0.27076,-0.06538,3.33088e-05
3812,0.27076,-0.06538,3.33088e-05
3813,0.27076,-0.06538,3.33088e-05
3814,0.277359,-0.06532,0.000168061
3815,0.257514,-0.06646,0.000146912
3816,0.257514,-0.06646,0.000146912
3817,0.26343,-0.06218,3.35268e-05
3818,0.26343,-0.06218,3.35268e-05
3819,0.262378,-0.07304,-1.14454e-05
3820,0.262378,-0.07304,-1.14454e-05
3821,0.2392,-0.04995,-2.21061e-05
3822,0.252083,-0.07144,-9.09463e-06
3823,0.252083,-0.07144,-9.09463e-06
3824,0.255331,-0.06927,-3.69406e-05
3825,0.237637,-0.04797,-7.77867e-05
3826,0.2235,-0.00966,1.87268e-05
3827,0.209388,-0.01254,0.0001069
3828,0.219688,-0.01893,-5.56702e-05
3829,0.230485,-0.01503,8.29121e-05
3830,0.230485,-0.01503,8.29121e-05
3831,0.227754,0.002863,0.00013264
3832,0.227754,0.002863,0.00013264
3833,0.261392,-0.03538,0.00013919
3834,0.281879,-0.04623,-1.1985e-06
3835,0.287742,-0.06094,-2.53585e-05
3836,0.287742,-0.06094,-2.53585e-05
3837,0.287742,-0.06094,-2.53585e-05
3838,0.279996,-0.04729,8.71333e-05
3839,0.272473,-0.04835,-8.46414e-05
3840,0.277379,-0.05602,-0.000115238
3841,0.266321,-0.05942,6.59152e-05
3842,0.266321,-0.05942,6.59152e-05
3843,0.266321,-0.05942,6.59152e-05
3844,0.275353,-0.0625,8.68043e-05
3845,0.267877,-0.0443,3.5714e-05
3846,0.296195,-0.06787,0.000165145
3847,0.293571,-0.07016,0.000155004
3848,0.293571,-0.07016,0.000155004
3849,0.290235,-0.06205,6.4339e-05
3850,0.290235,-0.06205,6.4339e-05
3851,0.237507,-0.03301,-5.35281e-05
3852,0.237507,-0.03301,-5.35281e-05
3853,0.247961,-0.05686,8.08549e-05
3854,0.237751,-0.03284,2.4535e-05
3855,0.267668,-0.05728,-5.6727e-05
3856,0.276349,-0.04044,-3.05798e-05
3857,0.268217,-0.03861,7.02852e-05
3858,0.268217,-0.03861,7.02852e-05
3859,0.245981,-0.00929,4.44815e-05
3860,0.257058,-0.03682,-3.29048e-05
3861,0.257058,-0.03682,-3.29048e-05
3862,0.228278,-0.00437,-3.95705e-05
3863,0.208701,0.000812,3.2731e-05
3864,0.205351,-0.00352,5.31547e-05
3865,0.221292,0.004736,7.19009e-05
3866,0.2395,-0.01823,-3.8096e-05
3867,0.262256,-0.03826,4.26188e-05
3868,0.2236,0.008245,-4.53766e-05
3869,0.233878,-0.00272,4.33618e-06
3870,0.222743,0.00367,-8.31332e-05
3871,0.222743,0.00367,-8.31332e-05
3872,0.268018,-0.00819,-1.95677e-06
3873,0.268018,-0.00819,-1.95677e-06
3874,0.268018,-0.00819,-1.95677e-06
3875,0.268018,-0.00819,-1.95677e-06
3876,0.268018,-0.00819,-1.95677e-06
3877,0.268018,-0.00819,-1.95677e-06
3878,0.268018,-0.00819,-1.95677e-06
3879,0.249615,0.005917,-0.000100998
3880,0.249969,-0.00859,-8.79516e-05
3881,0.249969,-0.00859,-8.79515e-05
3882,0.259725,-0.02279,2.57845e-05
3883,0.273656,-0.03426,-9.18935e-07
3884,0.266761,-0.01675,5.1652e-05
3885,0.269199,-0.01398,-5.38331e-05
3886,0.26818,-0.006,-5.45161e-05
3887,0.26818,-0.006,-5.45161e-05
3888,0.230524,0.015392,-5.2737e-05
3889,0.206746,0.030118,8.22454e-05
3890,0.206746,0.030118,8.22454e-05
3891,0.214344,0.034328,0.000195016
3892,0.214344,0.034328,0.000195016
3893,0.214344,0.034328,0.000195016
3894,0.214344,0.034328,0.000195016
3895,0.214344,0.034328,0.000195016
3896,0.201373,0.041916,0.000129378
3897,0.201373,0.041916,0.000129378
3898,0.195899,0.04145,7.75848e-05
3899,0.195899,0.04145,7.75848e-05
3900,0.198424,0.041536,-3.75585e-05
3901,0.189052,0.032352,0.000135369
3902,0.181414,0.022833,0.000103518
3903,0.181414,0.022833,0.000103518
3904,0.159742,0.047644,8.65084e-05
3905,0.159742,0.047644,8.65084e-05
3906,0.165468,0.042103,0.000104313
3907,0.165468,0.042103,0.000104313
3908,0.147124,0.051587,-2.38622e-05
3909,0.172931,0.041445,0.000109346
3910,0.172931,0.041445,0.000109346
3911,0.172931,0.041445,0.000109346
3912,0.172931,0.041445,0.000109346
3913,0.182478,0.04436,7.74677e-05
3914,0.182478,0.04436,7.74677e-05
3915,0.182478,0.04436,7.74677e-05
3916,0.192224,0.046672,6.60589e-05
3917,0.186596,0.047309,5.79332e-05
3918,0.185093,0.043724,2.95074e-05
3919,0.196539,0.034258,-2.08142e-05
3920,0.196539,0.034258,-2.08142e-05
3921,0.186075,0.039776,5.07492e-05
3922,0.193406,0.03411,-3.64916e-06
3923,0.193406,0.03411,-3.64916e-06
3924,0.193406,0.03411,-3.64916e-06
3925,0.196716,0.046898,7.82675e-05
3926,0.208242,0.049566,0.000129712
3927,0.208242,0.049566,0.000129712
3928,0.202684,0.026826,7.70617e-05
3929,0.202684,0.026826,7.70617e-05
3930,0.184285,0.046773,7.43765e-05
3931,0.176712,0.044578,1.61847e-05
3932,0.170934,0.043099,-9.0237e-05
3933,0.166899,0.065787,-0.000110627
3934,0.17139,0.066453,2.45204e-05
3935,0.181084,0.052154,-2.8408e-05
3936,0.186554,0.048242,-1.79977e-06
3937,0.191472,0.059584,-0.00016332
3938,0.195953,0.028421,5.85726e-05
3939,0.178334,0.051924,9.87308e-06
3940,0.178334,0.051924,9.87308e-06
3941,0.20892,0.038825,-2.73307e-07
3942,0.196311,0.036616,-1.09931e-05
3943,0.196311,0.036616,-1.09931e-05
3944,0.194085,0.052804,3.5603e-05
3945,0.193468,0.027883,-8.49467e-06
3946,0.189104,0.037419,-2.161e-05
3947,0.189104,0.037419,-2.161e-05
3948,0.159966,0.076852,8.52671e-05
3949,0.174944,0.06494,-3.60039e-05
3950,0.184329,0.076458,-0.000105887
3951,0.175525,0.086676,-0.000118388
3952,0.175525,0.086676,-0.000118388
3953,0.19146,0.070379,-0.000103184
3954,0.19146,0.070379,-0.000103184
3955,0.201636,0.053731,3.95862e-05
3956,0.205922,0.053952,3.91869e-05
3957,0.201558,0.056999,1.45872e-05
3958,0.205182,0.065401,-2.90982e-05
3959,0.203815,0.041532,-8.29575e-06
3960,0.209738,0.014129,6.85291e-05
3961,0.209738,0.014129,6.8529e-05
3962,0.184736,0.042706,5.55567e-05
3963,0.184736,0.042706,5.55567e-05
3964,0.196782,0.046636,4.49945e-05
3965,0.196782,0.046636,4.49945e-05
3966,0.196782,0.046636,4.49945e-05
3967,0.202594,0.009688,0.000115184
3968,0.17794,0.044909,4.62093e-05
3969,0.20562,0.032618,-4.74051e-05
3970,0.20562,0.032618,-4.74051e-05
3971,0.20562,0.032618,-4.74052e-05
3972,0.20562,0.032618,-4.74052e-05
3973,0.199939,0.035071,3.64092e-05
3974,0.199939,0.035071,3.64092e-05
3975,0.213426,0.039342,-3.25484e-06
3976,0.213426,0.039342,-3.25484e-06
3977,0.213426,0.039342,-3.25484e-06
3978,0.21011,0.064878,-5.25152e-05
3979,0.200879,0.087116,6.08421e-05
3980,0.200879,0.087116,6.08421e-05
3981,0.201262,0.116455,0.000118679
3982,0.194446,0.126289,0.00011126
3983,0.212072,0.102734,0.00010197
3984,0.2134,0.086251,2.73155e-05
3985,0.219825,0.076644,1.4727e-05
3986,0.219825,0.076644,1.4727e-05
3987,0.226415,0.067259,2.81782e-05
3988,0.2318,0.034518,6.11109e-05
3989,0.198896,0.03221,7.30777e-05
3990,0.195843,0.045324,-4.37384e-06
3991,0.209155,0.020499,0.000104392
3992,0.198093,0.042488,9.20267e-05
3993,0.205767,0.036111,-6.54663e-05
3994,0.205767,0.036111,-6.54663e-05
3995,0.205767,0.036111,-6.54663e-05
3996,0.205767,0.036111,-6.54663e-05
3997,0.210219,0.019216,-1.82686e-05
3998,0.20973,0.025501,-1.34939e-05
3999,0.20973,0.025501,-1.34939e-05
4000,0.224215,0.033088,-0.000114303
4001,0.224661,0.018899,6.24864e-05
4002,0.224661,0.018899,6.24864e-05
4003,0.224661,0.018899,6.24864e-05
4004,0.253373,0.003995,-3.12513e-06
4005,0.253373,0.003995,-3.12513e-06
4006,0.280442,-0.01384,1.19608e-05
4007,0.280442,-0.01384,1.19608e-05
4008,0.280442,-0.01384,1.19608e-05
4009,0.293562,-0.01682,-1.86298e-05
4010,0.293562,-0.01682,-1.86298e-05
4011,0.258329,0.003606,5.88195e-05
4012,0.241095,0.011579,0.000117259
4013,0.249484,-0.02095,1.27442e-05
4014,0.239496,-0.01099,-1.43048e-05
4015,0.219278,-0.00094,2.7838e-05
4016,0.239907,-0.01673,1.28467e-05
4017,0.239907,-0.01673,1.28467e-05
4018,0.246812,-0.02624,1.80605e-05
4019,0.256849,-0.03715,-4.09715e-05
4020,0.256849,-0.03715,-4.09715e-05
4021,0.256849,-0.03715,-4.09716e-05
4022,0.25368,-0.04107,-0.000110318
4023,0.214204,-0.02368,-7.65357e-06
4024,0.200848,-0.00309,-2.20582e-05
4025,0.205634,0.004331,-3.38588e-05
4026,0.205634,0.004331,-3.38588e-05
4027,0.226666,-0.03359,8.26989e-06
4028,0.210681,-0.01672,-0.000122316
4029,0.210681,-0.01672,-0.000122316
4030,0.207517,-0.00597,3.32224e-06
4031,0.193003,-0.00767,0.000101473
4032,0.224084,-0.02167,-6.2508e-05
4033,0.224084,-0.02167,-6.2508e-05
4034,0.218278,-0.04185,7.861e-05
4035,0.235411,-0.04968,5.75999e-05
4036,0.235411,-0.04968,5.75999e-05
4037,0.230036,-0.05269,-5.81694e-05
4038,0.236349,-0.03854,-6.39835e-05
4039,0.265763,-0.06178,2.05354e-05
4040,0.249069,-0.06948,7.55456e-05
4041,0.249069,-0.06948,7.55456e-05
4042,0.245667,-0.04641,6.9107e-05
4043,0.275699,-0.0761,6.39907e-05
4044,0.243902,-0.04035,2.04675e-05
4045,0.259972,-0.05859,2.99259e-05
4046,0.2293,-0.01665,5.11036e-05
4047,0.243057,-0.04312,0.000106172
4048,0.245253,-0.03228,0.000108212
4049,0.245253,-0.03228,0.000108212
4050,0.246783,-0.05503,9.0394e-05
4051,0.231973,-0.05469,7.99254e-05
4052,0.219853,-0.07721,5.80684e-05
4053,0.219853,-0.07721,5.80684e-05
4054,0.233887,-0.07942,-1.57045e-05
4055,0.224953,-0.09358,6.38238e-05
4056,0.230991,-0.11383,-5.29551e-05
4057,0.241843,-0.12781,-6.06503e-05
4058,0.221822,-0.10299,-2.14776e-05
4059,0.230959,-0.09907,5.3487e-05
4060,0.230959,-0.09907,5.3487e-05
4061,0.211886,-0.08441,-4.14178e-05
4062,0.216948,-0.0677,-5.44259e-05
4063,0.216948,-0.0677,-5.44259e-05
4064,0.236003,-0.10329,1.9334e-05
4065,0.236003,-0.10329,1.9334e-05
4066,0.240317,-0.09978,9.6182e-06
4067,0.218871,-0.05695,7.89875e-05
4068,0.218871,-0.05695,7.89875e-05
4069,0.218871,-0.05695,7.89875e-05
4070,0.212277,-0.06707,9.88838e-05
4071,0.189323,-0.02998,1.84728e-05
4072,0.192643,-0.0242,0.000150086
4073,0.197411,-0.03031,-2.92178e-05
4074,0.197411,-0.03031,-2.92178e-05
4075,0.197411,-0.03031,-2.92178e-05
4076,0.21592,-0.05033,-2.69436e-05
4077,0.212651,-0.03915,2.11903e-05
4078,0.212651,-0.03915,2.11903e-05
4079,0.209187,-0.03529,-2.02644e-05
4080,0.226738,-0.07216,-7.63486e-05
4081,0.226738,-0.07216,-7.63486e-05
4082,0.226738,-0.07216,-7.63486e-05
4083,0.233123,-0.07403,3.76475e-05
4084,0.233123,-0.07403,3.76475e-05
4085,0.233123,-0.07403,3.76475e-05
4086,0.262921,-0.10955,-7.93618e-06
4087,0.247862,-0.06934,-7.59e-06
4088,0.234037,-0.08019,7.91313e-05
4089,0.234037,-0.08019,7.91313e-05
4090,0.232444,-0.03961,-5.11723e-05
4091,0.232444,-0.03961,-5.11723e-05
4092,0.232444,-0.03961,-5.11723e-05
4093,0.230634,-0.06744,4.83867e-06
4094,0.232655,-0.08857,-7.13816e-06
4095,0.250319,-0.09559,7.69364e-05
4096,0.244267,-0.09952,3.15889e-05
4097,0.244267,-0.09952,3.15889e-05
4098,0.244267,-0.09952,3.15889e-05
4099,0.245494,-0.10368,3.33344e-05
4100,0.245494,-0.10368,3.33344e-05
4101,0.279649,-0.10959,-6.05766e-06
4102,0.255662,-0.09614,-0.000201304
4103,0.249682,-0.11061,-8.85551e-05
4104,0.26223,-0.1172,0.000173533
4105,0.265419,-0.08565,3.09103e-05
4106,0.265419,-0.08565,3.09103e-05
4107,0.265419,-0.08565,3.09103e-05
4108,0.273535,-0.09503,-7.24141e-05
4109,0.304209,-0.11666,-1.95836e-05
4110,0.291195,-0.12331,-1.91223e-05
4111,0.291195,-0.12331,-1.91223e-05
4112,0.252242,-0.0846,-0.000131338
4113,0.236866,-0.09184,-6.40518e-05
4114,0.210981,-0.08681,-2.99025e-05
4115,0.200031,-0.08019,2.88566e-05
4116,0.200031,-0.08019,2.88566e-05
4117,0.176131,-0.07684,-2.23033e-05
4118,0.199313,-0.09654,-1.8089e-05
4119,0.210174,-0.12526,0.000143727
4120,0.206983,-0.11304,0.000164341
4121,0.184227,-0.08864,2.40572e-05
4122,0.190084,-0.07686,0.000103178
4123,0.190084,-0.07686,0.000103178
4124,0.184447,-0.06827,0.000113059
4125,0.184447,-0.06827,0.000113059
4126,0.181784,-0.07463,-4.80642e-06
4127,0.183588,-0.07851,-1.23789e-05
4128,0.183588,-0.07851,-1.23789e-05
4129,0.183588,-0.07851,-1.23789e-05
4130,0.183588,-0.07851,-1.23789e-05
4131,0.183588,-0.07851,-1.23789e-05
4132,0.199315,-0.0988,-4.78157e-05
4133,0.197719,-0.07478,-3.2607e-05
4134,0.19905,-0.08088,6.82633e-05
4135,0.203945,-0.08979,-1.69931e-05
4136,0.203945,-0.08979,-1.69931e-05
4137,0.221124,-0.11803,1.81226e-05
4138,0.210344,-0.11819,4.53714e-05
4139,0.222491,-0.12795,-2.52274e-05
4140,0.222491,-0.12795,-2.52274e-05
4141,0.222491,-0.12795,-2.52274e-05
4142,0.193676,-0.1267,3.0446e-05
4143,0.215946,-0.13621,6.95964e-05
4144,0.236895,-0.14511,1.81206e-05
4145,0.248256,-0.13254,4.70465e-05
4146,0.247197,-0.13074,9.59228e-05
4147,0.243407,-0.11783,-2.27326e-05
4148,0.244828,-0.12168,1.88791e-05
4149,0.232843,-0.11745,0.000124389
4150,0.221075,-0.12571,8.60371e-05
4151,0.252856,-0.14458,-1.68009e-05
4152,0.252856,-0.14458,-1.68009e-05
4153,0.262915,-0.14235,4.36172e-05
4154,0.262915,-0.14235,4.36172e-05
4155,0.276424,-0.13664,3.05002e-05
4156,0.249399,-0.10523,-3.96428e-05
4157,0.249399,-0.10523,-3.96428e-05
4158,0.249399,-0.10523,-3.96428e-05
4159,0.262187,-0.11521,-9.96729e-05
4160,0.262187,-0.11521,-9.96729e-05
4161,0.28268,-0.09989,-0.000106352
4162,0.271191,-0.11434,-0.000141287
4163,0.2605,-0.07499,0.000117221
4164,0.258728,-0.05425,9.47511e-06
4165,0.25637,-0.03343,4.71401e-05
4166,0.25637,-0.03343,4.71401e-05
4167,0.270139,-0.04206,-5.97445e-05
4168,0.310578,-0.05326,-4.11357e-05
4169,0.323406,-0.03934,-1.40292e-05
4170,0.336661,-0.05851,3.7126e-05
4171,0.329893,-0.07168,3.174e-05
4172,0.320575,-0.06594,-4.08437e-05
4173,0.320575,-0.06594,-4.08437e-05
4174,0.315523,-0.05868,-0.000104877
4175,0.288415,-0.04854,-9.45321e-05
4176,0.254183,-0.03948,-0.000209745
4177,0.263404,-0.06251,1.06011e-05
4178,0.263404,-0.06251,1.06011e-05
4179,0.263404,-0.06251,1.06011e-05
4180,0.236457,-0.05037,-1.95572e-05
4181,0.2343,-0.04914,-0.000116334
4182,0.2343,-0.04914,-0.000116334
4183,0.2343,-0.04914,-0.000116334
4184,0.2343,-0.04914,-0.000116334
4185,0.213903,-0.04767,2.39744e-05
4186,0.213903,-0.04767,2.39744e-05
4187,0.212929,-0.03404,-9.04413e-05
4188,0.212929,-0.03404,-9.04413e-05
4189,0.224364,-0.03317,-7.36521e-05
4190,0.224364,-0.03317,-7.36521e-05
4191,0.202293,-0.02764,-0.000109733
4192,0.202293,-0.02764,-0.000109733
4193,0.202293,-0.02764,-0.000109733
4194,0.202293,-0.02764,-0.000109733
4195,0.202293,-0.02764,-0.000109733
4196,0.198688,-0.01911,-0.000177486
4197,0.200552,-0.02038,-5.56498e-05
4198,0.200552,-0.02038,-5.56498e-05
4199,0.181481,0.004223,-0.000141062
4200,0.205845,0.013322,5.76803e-05
4201,0.19004,-0.0117,6.26863e-05
4202,0.216907,-0.01778,1.48996e-05
4203,0.226297,0.005146,-8.60475e-05
4204,0.226297,0.005146,-8.60475e-05
4205,0.237077,-0.00199,2.23677e-05
4206,0.22118,0.015966,-5.00544e-05
4207,0.239519,0.000899,4.3143e-05
4208,0.231581,0.018435,-9.91202e-05
4209,0.235353,0.00401,-0.000106256
4210,0.2261,0.006971,-8.43011e-06
4211,0.219791,-0.00245,2.27117e-05
4212,0.252581,-0.04541,-2.23341e-05
4213,0.252492,-0.04794,-7.85527e-05
4214,0.252492,-0.04794,-7.85527e-05
4215,0.251093,-0.05683,-4.53654e-05
4216,0.251093,-0.05683,-4.53654e-05
4217,0.238725,-0.04616,-6.56941e-05
4218,0.238725,-0.04616,-6.56941e-05
4219,0.241901,-0.02732,-9.22552e-05
4220,0.241901,-0.02732,-9.22552e-05
4221,0.211229,-0.01827,-5.57711e-05
4222,0.207705,-0.00143,-3.90142e-05
4223,0.242272,0.015148,-2.44605e-05
4224,0.242272,0.015148,-2.44605e-05
4225,0.202892,0.009271,-4.11933e-05
4226,0.206119,0.019708,-3.25725e-06
4227,0.201085,0.01747,4.64546e-06
4228,0.201085,0.01747,4.64546e-06
4229,0.213328,0.028775,7.30527e-05
4230,0.215104,0.019402,-0.000106897
4231,0.202903,0.024488,0.000142683
4232,0.193963,0.00561,2.36567e-05
4233,0.203583,-0.00448,5.33336e-05
4234,0.201173,-0.0113,5.31828e-05
4235,0.193986,0.037461,0.000108431
4236,0.174465,0.051929,7.81858e-05
4237,0.174465,0.051929,7.81858e-05
4238,0.174465,0.051929,7.81858e-05
4239,0.182621,0.03718,0.000117654
4240,0.182621,0.03718,0.000117654
4241,0.192498,0.030942,-5.05556e-06
4242,0.205391,0.031532,-0.000127759
4243,0.193894,0.04166,0.000157925
4244,0.196235,0.043389,-4.29051e-05
4245,0.196235,0.043389,-4.29051e-05
4246,0.189265,0.068275,1.21879e-05
4247,0.189265,0.068275,1.21879e-05
4248,0.204406,0.084336,-2.95311e-05
4249,0.206922,0.062533,-7.28058e-05
4250,0.202382,0.050047,1.40077e-05
