MDTU,link
1,1.12088
2,1.11078
3,1.10957
4,1.10929
5,1.10902
6,1.10884
7,1.10732
8,1.10581
9,1.10609
10,1.10471
11,1.10524
12,1.1025
13,1.10369
14,1.10189
15,1.09731
16,1.09667
17,1.09406
18,1.09256
19,1.09456
20,1.09492
