MDTU,plaq_ss,plaq_st
1,1.16379,1.35292
2,1.1412,1.33086
3,1.13967,1.32642
4,1.14077,1.32324
5,1.14538,1.31534
6,1.14446,1.31562
7,1.14192,1.31087
8,1.14261,1.3018
9,1.14232,1.304
10,1.13943,1.30076
11,1.14183,1.30019
12,1.13671,1.2929
13,1.13781,1.2979
14,1.13316,1.29442
15,1.12517,1.28144
16,1.12751,1.27461
17,1.1237,1.26604
18,1.11986,1.26343
19,1.12223,1.27116
20,1.12299,1.27199
