ReTr(L),ImTr(L)
-0.740583,-0.564621
-0.730633,-0.571596
-0.728071,-0.581984
-0.726191,-0.5885
-0.715806,-0.592512
-0.728129,-0.579911
-0.719267,-0.587994
-0.699991,-0.61424
-0.729441,-0.579969
-0.715219,-0.593781
-0.681634,-0.629517
-0.664426,-0.643397
-0.683731,-0.62838
-0.655502,-0.657256
-0.649262,-0.66639
-0.625783,-0.691615
-0.61417,-0.694905
-0.624966,-0.686307
-0.6271,-0.688184
-0.611208,-0.699257
