ReTr(L),ImTr(L)
-3.03011,-2.33164
-2.88522,-2.27494
-2.83374,-2.25667
-2.78153,-2.23732
-2.5967,-2.16734
-2.65898,-2.13715
-2.57619,-2.13388
-2.40376,-2.13093
-2.53196,-2.03916
-2.47068,-2.06665
-2.32917,-2.19957
-2.22936,-2.19339
-2.346,-2.16629
-2.2358,-2.25298
-2.13219,-2.19215
-1.99101,-2.18658
-1.89773,-2.13486
-1.91894,-2.11871
-1.97752,-2.18936
-1.92769,-2.25748
