MDTU,S_B
1,1.00689
2,0.997148
3,0.998546
4,0.998738
5,0.998439
6,0.999129
7,0.999044
8,0.99826
9,0.99928
10,0.997945
11,0.999268
12,0.997672
13,0.998071
14,0.999185
15,0.99848
16,0.998583
17,0.998883
18,0.998734
19,0.998702
20,0.999343
