MDTU,min_ave,max_ave
1,-0.066833,0.158335
2,-0.0718567,0.15452
3,-0.0727096,0.15375
4,-0.0731194,0.153991
5,-0.0731458,0.154143
6,-0.0732302,0.153982
7,-0.0746887,0.153755
8,-0.0750233,0.152936
9,-0.0749466,0.153161
10,-0.0755592,0.152553
11,-0.075472,0.15287
12,-0.0771284,0.151993
13,-0.0759151,0.15217
14,-0.0773384,0.151526
15,-0.0795381,0.149661
16,-0.0801024,0.149679
17,-0.0809544,0.148376
18,-0.0826047,0.148266
19,-0.0815665,0.149248
20,-0.0813765,0.149453
