MDTU,min_width,max_width
1,0.0460627,0.0365552
2,0.0457866,0.0363493
3,0.0467279,0.0371144
4,0.0463406,0.0362204
5,0.0441714,0.0342282
6,0.0443933,0.0350457
7,0.0449963,0.034786
8,0.0441303,0.0346463
9,0.043746,0.0340622
10,0.0435147,0.0335643
11,0.0420938,0.0334164
12,0.041827,0.0326741
13,0.0413673,0.0323502
14,0.0432645,0.0336688
15,0.0436499,0.0341146
16,0.0424157,0.0334961
17,0.0423749,0.0332889
18,0.0425902,0.0331849
19,0.0410682,0.0321208
20,0.039855,0.0319387
