MDTU,S_F
1,3.39652e-06
2,3.38665e-06
3,3.42128e-06
4,3.48395e-06
5,3.47081e-06
6,3.48867e-06
7,3.48934e-06
8,3.47586e-06
9,3.47566e-06
10,3.48101e-06
11,3.456e-06
12,3.48858e-06
13,3.4573e-06
14,3.49693e-06
15,3.50836e-06
16,3.4944e-06
17,3.54996e-06
18,3.57673e-06
19,3.52711e-06
20,3.45331e-06
