t,eps_f,eps_g
10,0.00625,0.0003125
20,0.00625,0.0003125
