MDTU,link
1,1.08902
2,1.07853
3,1.07814
4,1.0758
5,1.07587
6,1.07666
7,1.0765
8,1.07434
9,1.06875
10,1.06759
11,1.06562
12,1.06369
13,1.06513
14,1.06064
15,1.0605
16,1.06068
17,1.06155
18,1.05908
19,1.05885
20,1.05753
