MDTU,plaq_ss,plaq_st
1,1.04807,1.30372
2,1.03376,1.27011
3,1.03382,1.26723
4,1.03183,1.25818
5,1.03446,1.25473
6,1.03441,1.25898
7,1.03478,1.25783
8,1.03392,1.24784
9,1.02628,1.22991
10,1.02466,1.2262
11,1.02632,1.21407
12,1.01848,1.21503
13,1.01828,1.22278
14,1.00829,1.21353
15,1.01325,1.20597
16,1.0118,1.2094
17,1.01683,1.20639
18,1.01622,1.19496
19,1.01441,1.19642
20,1.01242,1.19235
