ReTr(L),ImTr(L)
-1.33554,2.19362
-1.3169,1.97005
-1.35607,1.9285
-1.29685,1.90818
-1.24413,1.88908
-1.22276,1.93846
-1.23841,1.91743
-1.15186,1.89312
-1.08589,1.83363
-1.13693,1.7761
-1.0521,1.71511
-1.0125,1.78531
-1.02601,1.83218
-0.96283,1.84173
-0.995568,1.73887
-0.972372,1.78442
-0.966882,1.75914
-0.859502,1.73676
-0.913208,1.71093
-0.868153,1.72525
