ReTr(L),ImTr(L)
-0.472705,0.777319
-0.502945,0.750496
-0.52702,0.744847
-0.514711,0.752232
-0.504836,0.759683
-0.48029,0.76983
-0.487248,0.765707
-0.473542,0.773164
-0.461166,0.783464
-0.484457,0.765822
-0.473274,0.771795
-0.449849,0.78602
-0.448707,0.785648
-0.425198,0.799899
-0.450207,0.781611
-0.4365,0.787896
-0.438086,0.798053
-0.400481,0.809884
-0.423849,0.795754
-0.403996,0.810623
