MDTU,S_B
1,1.00346
2,0.993702
3,0.997721
4,0.996192
5,0.997944
6,0.997072
7,0.998295
8,0.998688
9,0.996301
10,0.997707
11,0.997104
12,0.996281
13,0.998852
14,0.996798
15,0.99748
16,0.997345
17,0.997956
18,0.997603
19,0.998132
20,0.999075
