MDTU,min_width,max_width
1,0.0649531,0.0454714
2,0.0619089,0.043366
3,0.0638799,0.0443247
4,0.0618052,0.0433731
5,0.0624724,0.0423813
6,0.0610229,0.042536
7,0.0610453,0.042472
8,0.0596319,0.0412316
9,0.057778,0.0400218
10,0.0577696,0.0397787
11,0.0547638,0.0379747
12,0.0563599,0.038202
13,0.0571629,0.039252
14,0.0578527,0.0395875
15,0.055885,0.0377025
16,0.0563703,0.0385239
17,0.0545925,0.0368824
18,0.052869,0.0361621
19,0.0535591,0.0365537
20,0.0533578,0.0366472
