MDTU,min_ave,max_ave
1,-0.154857,0.189741
2,-0.160778,0.186277
3,-0.160744,0.185734
4,-0.162308,0.185071
5,-0.162593,0.185235
6,-0.162063,0.185583
7,-0.162549,0.185964
8,-0.164818,0.185764
9,-0.166764,0.183219
10,-0.168537,0.183043
11,-0.168956,0.182361
12,-0.171496,0.182264
13,-0.169763,0.18257
14,-0.172897,0.18049
15,-0.174028,0.181153
16,-0.172935,0.180733
17,-0.172458,0.181385
18,-0.175364,0.181315
19,-0.175148,0.180749
20,-0.175838,0.180484
