MDTU,S_F
1,1.66056e-05
2,1.69996e-05
3,1.72591e-05
4,1.71199e-05
5,1.74204e-05
6,1.69741e-05
7,1.70672e-05
8,1.71123e-05
9,1.73392e-05
10,1.74282e-05
11,1.73197e-05
12,1.73698e-05
13,1.69957e-05
14,1.72184e-05
15,1.71971e-05
16,1.71679e-05
17,1.73234e-05
18,1.71917e-05
19,1.7211e-05
20,1.73741e-05
