MDTU,link
1,1.01171
2,1.08352
3,1.08189
4,1.08245
5,1.08117
6,1.0816
7,1.08039
8,1.07939
9,1.07888
10,1.07921
11,1.07888
12,1.07743
13,1.07652
14,1.07851
15,1.07668
16,1.0759
17,1.07403
18,1.07423
19,1.07333
20,1.07362
