MDTU,plaq_ss,plaq_st
1,0.968414,1.05553
2,1.10051,1.22767
3,1.09958,1.22081
4,1.09818,1.22541
5,1.09879,1.21783
6,1.103,1.21412
7,1.10085,1.21072
8,1.09816,1.20933
9,1.097,1.20817
10,1.09698,1.21016
11,1.09768,1.20755
12,1.09894,1.19801
13,1.09405,1.20021
14,1.09936,1.20305
15,1.09614,1.19811
16,1.09236,1.19943
17,1.08853,1.1952
18,1.09019,1.19372
19,1.08854,1.19173
20,1.0949,1.18374
