ReTr(L),ImTr(L)
-0.81312,-0.366395
-0.818685,-0.380786
-0.811497,-0.384557
-0.815758,-0.369759
-0.80456,-0.390814
-0.799116,-0.405451
-0.79304,-0.40716
-0.788936,-0.408866
-0.787326,-0.417013
-0.801346,-0.392951
-0.79555,-0.401176
-0.78567,-0.42698
-0.79803,-0.406863
-0.79037,-0.418665
-0.781185,-0.435531
-0.771317,-0.453621
-0.773373,-0.450383
-0.762935,-0.464044
-0.784889,-0.432824
-0.782781,-0.43358
