ReTr(L),ImTr(L)
-1.35384,-0.611407
-2.27854,-1.05562
-2.19282,-1.04139
-2.26161,-1.0216
-2.15372,-1.04674
-2.09382,-1.04733
-2.04975,-1.05227
-2.02638,-1.07293
-2.01192,-1.07013
-2.06425,-1.02472
-2.0348,-1.02661
-1.91084,-1.03965
-1.99797,-1.02934
-1.97008,-1.03886
-1.92545,-1.06618
-1.93463,-1.11293
-1.91974,-1.09032
-1.87471,-1.1078
-1.91629,-1.03257
-1.80314,-0.98025
