MDTU,S_B
1,0.922768
2,1.00013
3,0.995433
4,0.998068
5,0.997669
6,0.998651
7,0.997968
8,0.998131
9,0.998407
10,0.998686
11,0.998235
12,0.997989
13,0.996629
14,0.998182
15,0.998599
16,0.999047
17,0.998259
18,0.999125
19,0.998679
20,0.998301
