MDTU,min_ave,max_ave
1,-0.15544,0.134132
2,-0.115099,0.163666
3,-0.116122,0.1631
4,-0.116407,0.163356
5,-0.116933,0.162946
6,-0.116716,0.163352
7,-0.116861,0.162794
8,-0.117807,0.162392
9,-0.117795,0.16203
10,-0.117414,0.162087
11,-0.118317,0.162269
12,-0.118814,0.161859
13,-0.119569,0.161663
14,-0.118733,0.162558
15,-0.120275,0.16203
16,-0.120019,0.161487
17,-0.12149,0.160975
18,-0.12123,0.160793
19,-0.121856,0.160609
20,-0.121718,0.160939
