MDTU,min_width,max_width
1,0.0333666,0.0238154
2,0.0423609,0.031291
3,0.0411688,0.0302641
4,0.0430247,0.0315865
5,0.0411313,0.0305608
6,0.0394674,0.0294535
7,0.0387611,0.0291968
8,0.0392824,0.0294391
9,0.0395996,0.0293865
10,0.0391971,0.0289125
11,0.0382574,0.0280642
12,0.0365205,0.0270966
13,0.0368391,0.027796
14,0.0369994,0.0272399
15,0.0371479,0.0278959
16,0.0375882,0.0278179
17,0.03706,0.0273463
18,0.0370411,0.0273893
19,0.037141,0.0272811
20,0.0344765,0.0253877
