MDTU,S_F
1,7.46925e-06
2,7.4212e-06
3,7.44445e-06
4,7.51471e-06
5,7.47166e-06
6,7.48052e-06
7,7.51389e-06
8,7.43531e-06
9,7.47285e-06
10,7.44364e-06
11,7.49694e-06
12,7.45215e-06
13,7.41323e-06
14,7.35269e-06
15,7.31068e-06
16,7.37648e-06
17,7.44235e-06
18,7.40486e-06
19,7.50176e-06
20,7.40993e-06
